time,event,agent_id,task_id,note
0.0,start,0,0,
0.0,refuse,1,1,
0.0,refuse,2,2,
0.0,refuse,3,3,
0.0,start,4,4,
0.0,refuse,5,5,
0.0,start,6,6,
0.0,start,7,7,
15.0,refuse,1,1,
15.0,refuse,2,2,
15.0,refuse,3,3,
15.0,refuse,5,5,
18.022,land,7,7,
18.022,start,7,8,
25.23,land,7,8,
25.23,start,7,9,
30.0,refuse,1,1,
30.0,refuse,2,2,
30.0,refuse,3,3,
30.0,refuse,5,5,
45.0,refuse,1,1,
45.0,refuse,2,2,
45.0,refuse,3,3,
45.0,refuse,5,5,
60.0,refuse,1,1,
60.0,refuse,2,2,
60.0,refuse,3,3,
60.0,refuse,5,5,
75.0,refuse,1,1,
75.0,refuse,2,2,
75.0,refuse,3,3,
75.0,refuse,5,5,
90.0,refuse,1,1,
90.0,refuse,2,2,
90.0,refuse,3,3,
90.0,refuse,5,5,
105.0,refuse,1,1,
105.0,refuse,2,2,
105.0,refuse,3,3,
105.0,refuse,5,5,
120.0,refuse,1,1,
120.0,refuse,2,2,
120.0,refuse,3,3,
120.0,refuse,5,5,
135.0,refuse,1,1,
135.0,refuse,2,2,
135.0,refuse,3,3,
135.0,refuse,5,5,
150.0,refuse,1,1,
150.0,refuse,2,2,
150.0,refuse,3,3,
150.0,refuse,5,5,
165.0,refuse,1,1,
165.0,refuse,2,2,
165.0,refuse,3,3,
165.0,refuse,5,5,
180.0,refuse,1,1,
180.0,refuse,2,2,
180.0,refuse,3,3,
180.0,refuse,5,5,
195.0,refuse,1,1,
195.0,refuse,2,2,
195.0,refuse,3,3,
195.0,refuse,5,5,
210.0,refuse,1,1,
210.0,refuse,2,2,
210.0,refuse,3,3,
210.0,refuse,5,5,
225.0,refuse,1,1,
225.0,refuse,2,2,
225.0,refuse,3,3,
225.0,refuse,5,5,
240.0,refuse,1,1,
240.0,refuse,2,2,
240.0,refuse,3,3,
240.0,refuse,5,5,
251.004,conflict-at-land,6,6,
255.0,refuse,1,1,
255.0,refuse,2,2,
255.0,refuse,3,3,
255.0,refuse,5,5,
266.004,start,6,6,
270.0,refuse,1,1,
270.0,refuse,2,2,
270.0,refuse,3,3,
270.0,refuse,5,5,
285.0,refuse,1,1,
285.0,refuse,2,2,
285.0,refuse,3,3,
285.0,refuse,5,5,
300.0,refuse,1,1,
300.0,refuse,2,2,
300.0,refuse,3,3,
300.0,refuse,5,5,
315.0,refuse,1,1,
315.0,refuse,2,2,
315.0,refuse,3,3,
315.0,refuse,5,5,
330.0,refuse,1,1,
330.0,refuse,2,2,
330.0,refuse,3,3,
330.0,refuse,5,5,
345.0,refuse,1,1,
345.0,refuse,2,2,
345.0,refuse,3,3,
345.0,refuse,5,5,
360.0,refuse,1,1,
360.0,refuse,2,2,
360.0,refuse,3,3,
360.0,refuse,5,5,
375.0,refuse,1,1,
375.0,refuse,2,2,
375.0,refuse,3,3,
375.0,refuse,5,5,
390.0,refuse,1,1,
390.0,refuse,2,2,
390.0,refuse,3,3,
390.0,refuse,5,5,
405.0,refuse,1,1,
405.0,refuse,2,2,
405.0,refuse,3,3,
405.0,refuse,5,5,
418.67,land,4,4,
418.67,start,4,10,
420.0,refuse,1,1,
420.0,refuse,2,2,
420.0,refuse,3,3,
420.0,start,5,5,
435.0,refuse,1,1,
435.0,refuse,2,2,
435.0,refuse,3,3,
450.0,refuse,1,1,
450.0,refuse,2,2,
450.0,refuse,3,3,
461.479,land,5,5,
461.479,start,5,11,
465.0,refuse,1,1,
465.0,refuse,2,2,
465.0,refuse,3,3,
467.864,land,5,11,
467.864,refuse,5,12,
480.0,refuse,1,1,
480.0,refuse,2,2,
480.0,refuse,3,3,
482.864,refuse,5,12,
495.0,refuse,1,1,
495.0,refuse,2,2,
495.0,refuse,3,3,
497.864,refuse,5,12,
510.0,refuse,1,1,
510.0,refuse,2,2,
510.0,refuse,3,3,
512.864,refuse,5,12,
525.0,refuse,1,1,
525.0,refuse,2,2,
525.0,refuse,3,3,
527.864,refuse,5,12,
540.0,refuse,1,1,
540.0,refuse,2,2,
540.0,refuse,3,3,
542.864,refuse,5,12,
555.0,refuse,1,1,
555.0,refuse,2,2,
555.0,refuse,3,3,
557.864,refuse,5,12,
570.0,refuse,1,1,
570.0,refuse,2,2,
570.0,refuse,3,3,
572.864,refuse,5,12,
585.0,refuse,1,1,
585.0,refuse,2,2,
585.0,refuse,3,3,
587.864,refuse,5,12,
600.0,refuse,1,1,
600.0,refuse,2,2,
600.0,refuse,3,3,
602.864,refuse,5,12,
615.0,refuse,1,1,
615.0,refuse,2,2,
615.0,refuse,3,3,
617.864,refuse,5,12,
630.0,refuse,1,1,
630.0,refuse,2,2,
630.0,refuse,3,3,
632.864,refuse,5,12,
642.833,conflict-at-land,6,6,
645.0,refuse,1,1,
645.0,refuse,2,2,
645.0,refuse,3,3,
647.864,refuse,5,12,
657.833,start,6,6,
660.0,refuse,1,1,
660.0,refuse,2,2,
660.0,refuse,3,3,
662.864,refuse,5,12,
675.0,refuse,1,1,
675.0,refuse,2,2,
675.0,refuse,3,3,
677.864,refuse,5,12,
690.0,refuse,1,1,
690.0,refuse,2,2,
690.0,refuse,3,3,
692.864,refuse,5,12,
705.0,refuse,1,1,
705.0,refuse,2,2,
705.0,refuse,3,3,
707.864,refuse,5,12,
720.0,refuse,1,1,
720.0,refuse,2,2,
720.0,refuse,3,3,
722.864,refuse,5,12,
735.0,refuse,1,1,
735.0,refuse,2,2,
735.0,refuse,3,3,
737.864,refuse,5,12,
750.0,refuse,1,1,
750.0,refuse,2,2,
750.0,refuse,3,3,
752.864,refuse,5,12,
765.0,refuse,1,1,
765.0,refuse,2,2,
765.0,refuse,3,3,
767.864,refuse,5,12,
780.0,refuse,1,1,
780.0,refuse,2,2,
780.0,refuse,3,3,
782.864,refuse,5,12,
795.0,refuse,1,1,
795.0,refuse,2,2,
795.0,refuse,3,3,
797.864,refuse,5,12,
810.0,refuse,1,1,
810.0,refuse,2,2,
810.0,refuse,3,3,
812.864,refuse,5,12,
825.0,refuse,1,1,
825.0,refuse,2,2,
825.0,refuse,3,3,
827.864,refuse,5,12,
840.0,refuse,1,1,
840.0,refuse,2,2,
840.0,refuse,3,3,
842.864,refuse,5,12,
852.052,land,0,0,
852.052,start,0,13,
855.0,refuse,1,1,
855.0,start,2,2,
855.0,start,3,3,
856.822,conflict-at-land,0,13,
857.864,start,5,12,
860.617,conflict-at-land,3,3,
868.068,land,5,12,
868.068,start,5,14,
870.0,refuse,1,1,
871.822,refuse,0,13,
875.617,start,3,3,
875.849,conflict-at-land,5,14,
883.235,conflict-at-land,3,3,
885.0,refuse,1,1,
886.822,start,0,13,
890.849,refuse,5,14,
892.981,land,0,13,
892.981,start,0,15,
898.235,start,3,3,
898.783,conflict-at-land,0,15,
900.0,refuse,1,1,
903.4,conflict-at-land,3,3,
905.849,start,5,14,
910.179,land,5,14,
910.179,start,5,16,
913.783,refuse,0,15,
915.0,refuse,1,1,
918.4,start,3,3,
918.776,land,5,16,
918.776,start,5,17,
924.123,land,5,17,
924.123,start,5,18,
924.274,conflict-at-land,3,3,
928.783,start,0,15,
929.691,land,5,18,
929.691,start,5,19,
930.0,refuse,1,1,
936.193,land,0,15,
936.193,start,0,20,
939.274,start,3,3,
944.324,conflict-at-land,3,3,
945.0,refuse,1,1,
959.324,start,3,3,
960.0,refuse,1,1,
963.61,conflict-at-land,3,3,
969.293,conflict-at-land,5,19,
970.008,land,2,2,
970.008,refuse,2,21,
973.5,land,0,20,
973.5,start,0,22,
975.0,start,1,1,
978.61,refuse,3,3,
984.293,start,5,19,
985.008,refuse,2,21,
993.61,refuse,3,3,
1000.008,refuse,2,21,
1008.61,refuse,3,3,
1015.008,refuse,2,21,
1016.496,conflict-at-land,6,6,
1023.533,conflict-at-land,5,19,
1023.61,refuse,3,3,
1030.008,refuse,2,21,
1031.496,start,6,6,
1038.533,start,5,19,
1038.61,refuse,3,3,
1040.632,land,0,22,
1040.632,start,0,23,
1045.008,refuse,2,21,
1053.61,refuse,3,3,
1057.623,conflict-at-land,0,23,
1060.008,refuse,2,21,
1068.61,refuse,3,3,
1072.623,start,0,23,
1075.008,refuse,2,21,
1081.615,conflict-at-land,5,19,
1083.61,refuse,3,3,
1090.008,refuse,2,21,
1096.615,start,5,19,
1098.582,conflict-at-land,0,23,
1098.61,refuse,3,3,
1105.008,refuse,2,21,
1113.582,start,0,23,
1113.61,refuse,3,3,
1120.008,refuse,2,21,
1128.61,refuse,3,3,
1135.008,refuse,2,21,
1137.535,conflict-at-land,0,23,
1142.56,conflict-at-land,5,19,
1143.61,refuse,3,3,
1150.008,refuse,2,21,
1152.535,start,0,23,
1157.56,start,5,19,
1158.61,refuse,3,3,
1165.008,refuse,2,21,
1173.61,refuse,3,3,
1178.659,conflict-at-land,0,23,
1180.008,refuse,2,21,
1188.61,refuse,3,3,
1193.659,start,0,23,
1195.008,refuse,2,21,
1202.711,conflict-at-land,5,19,
1203.61,refuse,3,3,
1210.008,refuse,2,21,
1217.711,start,5,19,
1218.309,conflict-at-land,0,23,
1218.61,refuse,3,3,
1225.008,refuse,2,21,
1233.309,start,0,23,
1233.61,refuse,3,3,
1240.008,refuse,2,21,
1248.61,refuse,3,3,
1253.29,conflict-at-land,5,19,
1255.008,refuse,2,21,
1260.37,conflict-at-land,0,23,
1263.61,refuse,3,3,
1268.29,start,5,19,
1270.008,refuse,2,21,
1275.37,start,0,23,
1278.61,refuse,3,3,
1285.008,refuse,2,21,
1292.101,conflict-at-land,0,23,
1293.61,refuse,3,3,
1300.008,refuse,2,21,
1307.101,start,0,23,
1308.61,refuse,3,3,
1315.008,refuse,2,21,
1318.098,conflict-at-land,5,19,
1323.61,refuse,3,3,
1330.008,refuse,2,21,
1331.301,conflict-at-land,0,23,
1333.098,start,5,19,
1338.61,refuse,3,3,
1345.008,refuse,2,21,
1346.301,start,0,23,
1353.61,refuse,3,3,
1360.008,refuse,2,21,
1366.815,conflict-at-land,0,23,
1368.61,refuse,3,3,
1375.008,refuse,2,21,
1377.133,conflict-at-land,5,19,
1381.815,start,0,23,
1383.61,refuse,3,3,
1390.008,refuse,2,21,
1392.133,start,5,19,
1398.61,refuse,3,3,
1403.197,conflict-at-land,0,23,
1405.008,refuse,2,21,
1413.61,refuse,3,3,
1418.197,start,0,23,
1420.008,refuse,2,21,
1428.61,refuse,3,3,
1430.899,conflict-at-land,5,19,
1435.008,refuse,2,21,
1443.61,refuse,3,3,
1444.55,conflict-at-land,0,23,
1445.899,start,5,19,
1450.008,refuse,2,21,
1458.61,refuse,3,3,
1459.55,start,0,23,
1465.008,refuse,2,21,
1473.61,refuse,3,3,
1475.826,conflict-at-land,6,6,
1480.008,refuse,2,21,
1484.727,conflict-at-land,0,23,
1484.919,conflict-at-land,5,19,
1488.61,refuse,3,3,
1490.826,start,6,6,
1495.008,refuse,2,21,
1498.17,land,1,1,
1498.17,start,1,24,
1499.727,start,0,23,
1499.919,start,5,19,
1503.61,start,3,3,
1509.853,conflict-at-land,3,3,
1510.008,refuse,2,21,
1524.853,start,3,3,
1525.008,refuse,2,21,
1525.764,conflict-at-land,0,23,
1532.367,conflict-at-land,3,3,
1538.006,conflict-at-land,5,19,
1540.008,refuse,2,21,
1540.764,start,0,23,
1547.367,start,3,3,
1553.006,start,5,19,
1553.318,conflict-at-land,3,3,
1555.008,refuse,2,21,
1564.583,conflict-at-land,0,23,
1568.318,start,3,3,
1570.008,refuse,2,21,
1573.687,conflict-at-land,3,3,
1579.583,start,0,23,
1585.008,refuse,2,21,
1585.497,conflict-at-land,5,19,
1588.687,start,3,3,
1593.485,conflict-at-land,3,3,
1600.008,refuse,2,21,
1600.497,start,5,19,
1603.098,conflict-at-land,0,23,
1608.485,start,3,3,
1613.65,conflict-at-land,3,3,
1615.008,refuse,2,21,
1618.098,start,0,23,
1628.65,start,3,3,
1630.008,refuse,2,21,
1633.965,conflict-at-land,3,3,
1644.281,conflict-at-land,0,23,
1645.008,refuse,2,21,
1648.965,start,3,3,
1649.043,conflict-at-land,5,19,
1653.114,land,1,24,
1653.114,start,1,25,
1656.611,conflict-at-land,3,3,
1659.281,start,0,23,
1660.008,refuse,2,21,
1664.043,start,5,19,
1671.611,start,3,3,
1675.008,refuse,2,21,
1678.156,conflict-at-land,3,3,
1680.335,conflict-at-land,0,23,
1690.008,refuse,2,21,
1693.156,start,3,3,
1695.335,start,0,23,
1699.473,conflict-at-land,3,3,
1703.458,conflict-at-land,5,19,
1705.008,refuse,2,21,
1713.964,conflict-at-land,0,23,
1714.473,start,3,3,
1718.458,start,5,19,
1719.421,conflict-at-land,3,3,
1720.008,refuse,2,21,
1728.964,start,0,23,
1734.421,start,3,3,
1735.008,refuse,2,21,
1740.865,conflict-at-land,3,3,
1750.008,refuse,2,21,
1755.434,conflict-at-land,0,23,
1755.865,start,3,3,
1757.736,conflict-at-land,5,19,
1760.336,conflict-at-land,3,3,
1765.008,refuse,2,21,
1770.434,start,0,23,
1772.736,start,5,19,
1775.336,start,3,3,
1780.008,refuse,2,21,
1782.804,conflict-at-land,3,3,
1795.008,refuse,2,21,
1795.471,conflict-at-land,0,23,
1797.804,start,3,3,
1802.693,conflict-at-land,3,3,
1802.851,conflict-at-land,6,6,
1810.008,refuse,2,21,
1810.471,start,0,23,
1817.023,conflict-at-land,5,19,
1817.693,start,3,3,
1817.851,start,6,6,
1822.104,conflict-at-land,3,3,
1825.008,refuse,2,21,
1832.023,start,5,19,
1834.555,conflict-at-land,0,23,
1837.104,start,3,3,
1840.008,refuse,2,21,
1842.12,conflict-at-land,3,3,
1849.555,start,0,23,
1855.008,refuse,2,21,
1857.12,start,3,3,
1861.703,conflict-at-land,3,3,
1865.714,conflict-at-land,5,19,
1870.008,refuse,2,21,
1875.287,conflict-at-land,0,23,
1876.703,start,3,3,
1880.714,start,5,19,
1882.783,conflict-at-land,3,3,
1885.008,refuse,2,21,
1890.287,start,0,23,
1897.783,start,3,3,
1900.008,refuse,2,21,
1902.741,conflict-at-land,3,3,
1908.072,conflict-at-land,0,23,
1915.008,refuse,2,21,
1917.741,start,3,3,
1923.072,start,0,23,
1925.111,conflict-at-land,3,3,
1927.996,conflict-at-land,5,19,
1930.008,refuse,2,21,
1940.111,start,3,3,
1942.996,start,5,19,
1943.1,conflict-at-land,0,23,
1945.008,refuse,2,21,
1946.892,conflict-at-land,3,3,
1958.1,start,0,23,
1960.008,refuse,2,21,
1961.892,start,3,3,
1966.711,conflict-at-land,3,3,
1971.042,conflict-at-land,5,19,
1975.008,refuse,2,21,
1977.366,conflict-at-land,0,23,
1981.711,start,3,3,
1986.042,start,5,19,
1988.333,conflict-at-land,3,3,
1990.008,refuse,2,21,
1992.366,start,0,23,
2003.333,start,3,3,
2005.008,refuse,2,21,
2007.624,conflict-at-land,3,3,
2015.282,conflict-at-land,5,19,
2019.093,conflict-at-land,0,23,
2020.008,refuse,2,21,
2022.624,start,3,3,
2029.45,conflict-at-land,3,3,
2030.282,start,5,19,
2034.093,start,0,23,
2035.008,refuse,2,21,
2044.45,start,3,3,
2050.008,refuse,2,21,
2051.578,conflict-at-land,3,3,
2052.015,conflict-at-land,0,23,
2058.077,conflict-at-land,5,19,
2065.008,refuse,2,21,
2066.578,start,3,3,
2067.015,start,0,23,
2071.344,conflict-at-land,3,3,
2073.077,start,5,19,
2080.008,refuse,2,21,
2084.03,conflict-at-land,0,23,
2086.344,start,3,3,
2091.932,conflict-at-land,3,3,
2095.008,refuse,2,21,
2099.03,start,0,23,
2106.932,start,3,3,
2110.008,refuse,2,21,
2114.274,conflict-at-land,0,23,
2114.696,conflict-at-land,3,3,
2116.558,conflict-at-land,5,19,
2125.008,refuse,2,21,
2129.274,start,0,23,
2129.696,start,3,3,
2131.558,start,5,19,
2134.026,conflict-at-land,3,3,
2140.008,refuse,2,21,
2145.882,conflict-at-land,0,23,
2149.026,start,3,3,
2155.008,refuse,2,21,
2155.441,conflict-at-land,3,3,
2160.882,start,0,23,
2166.912,conflict-at-land,5,19,
2170.008,refuse,2,21,
2170.441,start,3,3,
2175.048,conflict-at-land,3,3,
2181.912,start,5,19,
2184.937,conflict-at-land,0,23,
2185.008,refuse,2,21,
2190.048,start,3,3,
2191.228,conflict-at-land,6,6,
2194.359,conflict-at-land,3,3,
2199.937,start,0,23,
2200.008,refuse,2,21,
2206.228,start,6,6,
2209.359,start,3,3,
2215.008,refuse,2,21,
2216.223,conflict-at-land,3,3,
2217.103,conflict-at-land,5,19,
2220.29,conflict-at-land,0,23,
2230.008,refuse,2,21,
2231.223,start,3,3,
2232.103,start,5,19,
2235.29,start,0,23,
2238.67,conflict-at-land,3,3,
2245.008,refuse,2,21,
2253.67,start,3,3,
2260.008,refuse,2,21,
2260.41,conflict-at-land,3,3,
2260.857,conflict-at-land,0,23,
2275.008,refuse,2,21,
2275.41,start,3,3,
2275.857,start,0,23,
2277.085,conflict-at-land,5,19,
2281.312,conflict-at-land,3,3,
2290.008,refuse,2,21,
2292.085,start,5,19,
2293.398,conflict-at-land,0,23,
2296.312,start,3,3,
2301.65,conflict-at-land,3,3,
2305.008,refuse,2,21,
2308.398,start,0,23,
2316.65,start,3,3,
2320.008,refuse,2,21,
2322.463,conflict-at-land,3,3,
2324.384,conflict-at-land,0,23,
2334.849,conflict-at-land,5,19,
2335.008,refuse,2,21,
2337.463,start,3,3,
2339.384,start,0,23,
2344.812,conflict-at-land,3,3,
2349.849,start,5,19,
2350.008,refuse,2,21,
2355.691,conflict-at-land,0,23,
2359.812,start,3,3,
2365.008,refuse,2,21,
2365.426,conflict-at-land,3,3,
2370.691,start,0,23,
2380.008,refuse,2,21,
2380.426,start,3,3,
2385.144,conflict-at-land,3,3,
2390.837,conflict-at-land,5,19,
2391.878,conflict-at-land,0,23,
2395.008,refuse,2,21,
2400.144,start,3,3,
2405.837,start,5,19,
2406.878,start,0,23,
2407.799,conflict-at-land,3,3,
2410.008,refuse,2,21,
2422.799,start,3,3,
2425.008,refuse,2,21,
2425.112,conflict-at-land,1,25,
2428.51,conflict-at-land,3,3,
2429.214,conflict-at-land,0,23,
2439.199,conflict-at-land,5,19,
2440.008,refuse,2,21,
2440.112,start,1,25,
2443.51,start,3,3,
2444.214,start,0,23,
2449.719,conflict-at-land,3,3,
2454.199,start,5,19,
2455.008,refuse,2,21,
2460.686,conflict-at-land,0,23,
2464.719,start,3,3,
2469.04,conflict-at-land,3,3,
2470.008,refuse,2,21,
2475.686,start,0,23,
2482.828,conflict-at-land,5,19,
2484.04,start,3,3,
2485.008,refuse,2,21,
2488.585,conflict-at-land,3,3,
2492.416,conflict-at-land,0,23,
2497.828,start,5,19,
2500.008,refuse,2,21,
2503.585,start,3,3,
2507.416,start,0,23,
2509.615,conflict-at-land,3,3,
2515.008,refuse,2,21,
2524.615,start,3,3,
2530.008,refuse,2,21,
2532.177,conflict-at-land,3,3,
2534.508,conflict-at-land,0,23,
2539.989,conflict-at-land,5,19,
2545.008,refuse,2,21,
2547.177,start,3,3,
2549.508,start,0,23,
2554.958,conflict-at-land,3,3,
2554.989,start,5,19,
2560.008,refuse,2,21,
2567.137,conflict-at-land,0,23,
2569.958,start,3,3,
2575.008,refuse,2,21,
2575.061,conflict-at-land,3,3,
2582.137,start,0,23,
2590.008,refuse,2,21,
2590.061,start,3,3,
2592.695,conflict-at-land,5,19,
2596.508,conflict-at-land,3,3,
2602.805,conflict-at-land,6,6,
2604.287,conflict-at-land,0,23,
2605.008,refuse,2,21,
2607.695,start,5,19,
2611.508,start,3,3,
2617.805,start,6,6,
2618.262,conflict-at-land,3,3,
2619.287,start,0,23,
2620.008,refuse,2,21,
2633.262,start,3,3,
2635.008,refuse,2,21,
2639.317,conflict-at-land,0,23,
2639.356,conflict-at-land,3,3,
2650.008,refuse,2,21,
2653.72,conflict-at-land,5,19,
2654.317,start,0,23,
2654.356,start,3,3,
2658.684,conflict-at-land,3,3,
2665.008,refuse,2,21,
2668.72,start,5,19,
2669.077,conflict-at-land,0,23,
2673.684,start,3,3,
2678.284,conflict-at-land,3,3,
2680.008,refuse,2,21,
2684.077,start,0,23,
2693.284,start,3,3,
2695.008,refuse,2,21,
2698.351,conflict-at-land,3,3,
2705.584,conflict-at-land,5,19,
2707.897,conflict-at-land,0,23,
2710.008,refuse,2,21,
2713.351,start,3,3,
2717.91,conflict-at-land,3,3,
2720.584,start,5,19,
2722.897,start,0,23,
2725.008,refuse,2,21,
2732.91,start,3,3,
2737.893,conflict-at-land,3,3,
2740.008,refuse,2,21,
2740.514,conflict-at-land,0,23,
2752.137,conflict-at-land,5,19,
2752.893,start,3,3,
2755.008,refuse,2,21,
2755.514,start,0,23,
2758.967,conflict-at-land,3,3,
2767.137,start,5,19,
2770.008,refuse,2,21,
2773.967,start,3,3,
2776.066,conflict-at-land,0,23,
2780.478,conflict-at-land,3,3,
2785.008,refuse,2,21,
2791.066,start,0,23,
2795.478,start,3,3,
2800.008,refuse,2,21,
2801.685,conflict-at-land,5,19,
2802.941,conflict-at-land,3,3,
2808.443,conflict-at-land,0,23,
2815.008,refuse,2,21,
2816.685,start,5,19,
2817.941,start,3,3,
2823.443,start,0,23,
2824.766,conflict-at-land,3,3,
2830.008,refuse,2,21,
2839.766,start,3,3,
2843.608,conflict-at-land,0,23,
2845.008,refuse,2,21,
2845.807,conflict-at-land,3,3,
2858.608,start,0,23,
2860.008,refuse,2,21,
2860.807,start,3,3,
2865.191,conflict-at-land,3,3,
2866.522,conflict-at-land,5,19,
2875.008,refuse,2,21,
2880.191,start,3,3,
2880.629,conflict-at-land,0,23,
2881.522,start,5,19,
2885.896,conflict-at-land,3,3,
2890.008,refuse,2,21,
2895.629,start,0,23,
2900.896,start,3,3,
2905.008,refuse,2,21,
2905.434,conflict-at-land,3,3,
2909.862,conflict-at-land,6,6,
2912.613,conflict-at-land,0,23,
2920.008,refuse,2,21,
2920.434,start,3,3,
2921.108,conflict-at-land,5,19,
2924.862,start,6,6,
2927.523,conflict-at-land,3,3,
2927.613,start,0,23,
2928.445,conflict-at-land,1,25,
2935.008,refuse,2,21,
2936.108,start,5,19,
2942.523,start,3,3,
2943.445,start,1,25,
2948.855,conflict-at-land,0,23,
2948.921,conflict-at-land,3,3,
2950.008,refuse,2,21,
2963.855,start,0,23,
2963.921,start,3,3,
2965.008,refuse,2,21,
2969.461,conflict-at-land,3,3,
2980.008,refuse,2,21,
2984.461,start,3,3,
2984.97,conflict-at-land,5,19,
2988.73,conflict-at-land,3,3,
2990.947,conflict-at-land,0,23,
2995.008,refuse,2,21,
2999.97,start,5,19,
3003.73,start,3,3,
3005.947,start,0,23,
3008.294,conflict-at-land,3,3,
3010.008,refuse,2,21,
3023.294,start,3,3,
3024.502,conflict-at-land,0,23,
3025.008,refuse,2,21,
3030.52,conflict-at-land,3,3,
3039.502,start,0,23,
3040.008,refuse,2,21,
3043.306,conflict-at-land,5,19,
3045.52,start,3,3,
3049.777,conflict-at-land,3,3,
3055.008,refuse,2,21,
3058.306,start,5,19,
3062.676,conflict-at-land,0,23,
3064.777,start,3,3,
3070.008,refuse,2,21,
3070.455,conflict-at-land,3,3,
3077.676,start,0,23,
3085.008,refuse,2,21,
3085.455,start,3,3,
3090.405,conflict-at-land,3,3,
3096.17,conflict-at-land,5,19,
3098.498,conflict-at-land,0,23,
3100.008,refuse,2,21,
3105.405,start,3,3,
3111.17,start,5,19,
3111.725,conflict-at-land,3,3,
3113.498,start,0,23,
3115.008,refuse,2,21,
3126.725,start,3,3,
3130.008,refuse,2,21,
3131.781,conflict-at-land,0,23,
3132.267,conflict-at-land,3,3,
3140.196,conflict-at-land,5,19,
3145.008,refuse,2,21,
3146.781,start,0,23,
3147.267,start,3,3,
3151.743,conflict-at-land,3,3,
3155.196,start,5,19,
3160.008,refuse,2,21,
3166.743,start,3,3,
3171.635,conflict-at-land,3,3,
3173.265,conflict-at-land,0,23,
3175.008,refuse,2,21,
3186.635,start,3,3,
3188.265,start,0,23,
3190.008,refuse,2,21,
3192.893,conflict-at-land,3,3,
3200.163,conflict-at-land,5,19,
3205.008,refuse,2,21,
3207.893,start,3,3,
3207.902,conflict-at-land,0,23,
3213.76,conflict-at-land,3,3,
3215.163,start,5,19,
3220.008,refuse,2,21,
3222.902,start,0,23,
3228.76,start,3,3,
3233.398,conflict-at-land,3,3,
3235.008,refuse,2,21,
3239.403,conflict-at-land,6,6,
3242.579,conflict-at-land,0,23,
3248.398,start,3,3,
3250.008,refuse,2,21,
3253.037,conflict-at-land,3,3,
3254.403,start,6,6,
3257.579,start,0,23,
3260.097,conflict-at-land,5,19,
3265.008,refuse,2,21,
3268.037,start,3,3,
3274.544,conflict-at-land,3,3,
3275.097,start,5,19,
3280.008,refuse,2,21,
3282.99,conflict-at-land,0,23,
3289.544,start,3,3,
3295.008,refuse,2,21,
3296.238,conflict-at-land,3,3,
3297.99,start,0,23,
3310.008,refuse,2,21,
3311.238,start,3,3,
3313.001,conflict-at-land,0,23,
3317.811,conflict-at-land,3,3,
3324.853,conflict-at-land,5,19,
3325.008,refuse,2,21,
3328.001,start,0,23,
3332.811,start,3,3,
3339.616,conflict-at-land,3,3,
3339.853,start,5,19,
3340.008,refuse,2,21,
3352.494,conflict-at-land,0,23,
3354.616,start,3,3,
3355.008,refuse,2,21,
3360.103,conflict-at-land,3,3,
3367.494,start,0,23,
3370.008,refuse,2,21,
3375.103,start,3,3,
3378.805,conflict-at-land,5,19,
3382.178,conflict-at-land,3,3,
3385.008,refuse,2,21,
3387.952,conflict-at-land,0,23,
3393.805,start,5,19,
3397.178,start,3,3,
3400.008,refuse,2,21,
3402.952,start,0,23,
3403.273,conflict-at-land,3,3,
3415.008,refuse,2,21,
3418.273,start,3,3,
3423.67,conflict-at-land,0,23,
3425.91,conflict-at-land,3,3,
3427.398,conflict-at-land,5,19,
3430.008,refuse,2,21,
3438.67,start,0,23,
3440.91,start,3,3,
3442.398,start,5,19,
3445.008,refuse,2,21,
3448.465,conflict-at-land,3,3,
3460.008,refuse,2,21,
3463.465,start,3,3,
3463.504,conflict-at-land,0,23,
3468.734,conflict-at-land,3,3,
3475.008,refuse,2,21,
3478.504,start,0,23,
3483.734,start,3,3,
3489.261,conflict-at-land,5,19,
3489.693,conflict-at-land,3,3,
3490.008,refuse,2,21,
3496.123,conflict-at-land,0,23,
3504.261,start,5,19,
3504.693,start,3,3,
3505.008,refuse,2,21,
3510.323,conflict-at-land,6,6,
3510.433,conflict-at-land,3,3,
3511.123,start,0,23,
3520.008,refuse,2,21,
3525.323,start,6,6,
3525.433,start,3,3,
3531.742,conflict-at-land,3,3,
3534.38,conflict-at-land,0,23,
3535.008,refuse,2,21,
3537.631,conflict-at-land,5,19,
3543.71,conflict-at-land,1,25,
3546.742,start,3,3,
3549.38,start,0,23,
3550.008,refuse,2,21,
3552.631,start,5,19,
3553.886,conflict-at-land,3,3,
3558.71,start,1,25,
3565.008,refuse,2,21,
3565.289,conflict-at-land,0,23,
3568.886,start,3,3,
3573.614,conflict-at-land,3,3,
3580.008,refuse,2,21,
3580.289,start,0,23,
3588.263,conflict-at-land,5,19,
3588.614,start,3,3,
3593.054,conflict-at-land,3,3,
3595.008,refuse,2,21,
3600.24,conflict-at-land,0,23,
3603.263,start,5,19,
3608.054,start,3,3,
3610.008,refuse,2,21,
3615.24,start,0,23,
3615.478,conflict-at-land,3,3,
3625.008,refuse,2,21,
3630.478,start,3,3,
3632.578,conflict-at-land,5,19,
3637.011,conflict-at-land,3,3,
3637.011,abandon,3,3,
3637.011,start,3,26,
3640.008,refuse,2,21,
3642.397,conflict-at-land,0,23,
3647.578,start,5,19,
3655.008,refuse,2,21,
3657.397,start,0,23,
3670.008,refuse,2,21,
3675.017,conflict-at-land,0,23,
3681.814,conflict-at-land,5,19,
3685.008,refuse,2,21,
3690.017,start,0,23,
3695.294,land,3,26,
3695.294,start,3,27,
3696.814,start,5,19,
3700.008,refuse,2,21,
3713.168,conflict-at-land,0,23,
3715.008,refuse,2,21,
3728.168,start,0,23,
3730.008,refuse,2,21,
3734.383,conflict-at-land,5,19,
3745.008,refuse,2,21,
3749.383,start,5,19,
3749.47,conflict-at-land,0,23,
3760.008,refuse,2,21,
3764.47,start,0,23,
3775.008,refuse,2,21,
3779.305,conflict-at-land,5,19,
3785.985,conflict-at-land,0,23,
3790.008,refuse,2,21,
3794.305,start,5,19,
3800.985,start,0,23,
3805.008,refuse,2,21,
3820.008,refuse,2,21,
3825.208,conflict-at-land,0,23,
3835.008,refuse,2,21,
3840.208,start,0,23,
3843.834,conflict-at-land,5,19,
3850.008,refuse,2,21,
3856.12,conflict-at-land,0,23,
3858.834,start,5,19,
3865.008,refuse,2,21,
3871.12,start,0,23,
3880.008,refuse,2,21,
3894.833,conflict-at-land,0,23,
3895.008,refuse,2,21,
3898.22,conflict-at-land,5,19,
3909.833,start,0,23,
3910.008,refuse,2,21,
3913.22,start,5,19,
3925.008,refuse,2,21,
3927.775,conflict-at-land,0,23,
3938.091,conflict-at-land,3,27,
3940.008,refuse,2,21,
3942.775,start,0,23,
3953.091,start,3,27,
3953.216,conflict-at-land,6,6,
3955.008,refuse,2,21,
3961.461,conflict-at-land,5,19,
3963.283,conflict-at-land,0,23,
3968.216,start,6,6,
3970.008,refuse,2,21,
3970.008,abandon,2,21,
3970.008,start,2,28,
3976.461,start,5,19,
3977.791,conflict-at-land,2,28,
3978.283,start,0,23,
3992.791,start,2,28,
3997.512,conflict-at-land,2,28,
4000.208,conflict-at-land,0,23,
4012.512,start,2,28,
4015.208,start,0,23,
4018.3,conflict-at-land,2,28,
4022.078,conflict-at-land,5,19,
4030.278,conflict-at-land,0,23,
4033.3,start,2,28,
4037.078,start,5,19,
4039.643,conflict-at-land,2,28,
4045.278,start,0,23,
4054.643,start,2,28,
4060.679,conflict-at-land,2,28,
4062.252,conflict-at-land,0,23,
4075.679,start,2,28,
4077.252,start,0,23,
4081.616,conflict-at-land,2,28,
4085.013,conflict-at-land,5,19,
4096.616,start,2,28,
4097.054,conflict-at-land,0,23,
4100.013,start,5,19,
4103.374,conflict-at-land,2,28,
4112.054,start,0,23,
4118.374,start,2,28,
4124.275,conflict-at-land,2,28,
4135.642,conflict-at-land,0,23,
4139.275,start,2,28,
4146.938,conflict-at-land,2,28,
4149.231,conflict-at-land,5,19,
4150.642,start,0,23,
4161.938,start,2,28,
4164.231,start,5,19,
4168.822,conflict-at-land,2,28,
4169.509,conflict-at-land,0,23,
4183.822,start,2,28,
4184.509,start,0,23,
4190.764,conflict-at-land,2,28,
4198.795,conflict-at-land,3,27,
4205.764,start,2,28,
4206.94,conflict-at-land,5,19,
4209.945,conflict-at-land,0,23,
4210.774,conflict-at-land,2,28,
4213.795,start,3,27,
4221.94,start,5,19,
4224.945,start,0,23,
4225.774,start,2,28,
4233.492,conflict-at-land,2,28,
4248.049,conflict-at-land,0,23,
4248.492,start,2,28,
4254.977,conflict-at-land,2,28,
4258.663,conflict-at-land,5,19,
4263.049,start,0,23,
4269.977,start,2,28,
4273.663,start,5,19,
4275.85,conflict-at-land,2,28,
4277.895,conflict-at-land,0,23,
4290.55,conflict-at-land,6,6,
4290.85,start,2,28,
4292.895,start,0,23,
4298.229,conflict-at-land,2,28,
4305.55,start,6,6,
4313.229,start,2,28,
4315.786,conflict-at-land,0,23,
4317.491,conflict-at-land,2,28,
4317.614,conflict-at-land,5,19,
4330.786,start,0,23,
4332.491,start,2,28,
4332.614,start,5,19,
4339.317,conflict-at-land,2,28,
4354.317,start,2,28,
4357.371,conflict-at-land,0,23,
4361.776,conflict-at-land,2,28,
4372.371,start,0,23,
4374.105,conflict-at-land,5,19,
4376.776,start,2,28,
4381.338,conflict-at-land,2,28,
4389.105,start,5,19,
4396.338,start,2,28,
4398.218,conflict-at-land,0,23,
4403.299,conflict-at-land,2,28,
4413.218,start,0,23,
4418.299,start,2,28,
4425.178,conflict-at-land,2,28,
4430.432,conflict-at-land,0,23,
4435.491,conflict-at-land,5,19,
4440.178,start,2,28,
4445.432,start,0,23,
4446.489,conflict-at-land,2,28,
4448.728,conflict-at-land,3,27,
4450.491,start,5,19,
4450.882,conflict-at-land,1,25,
4461.489,start,2,28,
4462.545,conflict-at-land,0,23,
4463.728,start,3,27,
4465.882,start,1,25,
4466.185,conflict-at-land,2,28,
4477.545,start,0,23,
4481.185,start,2,28,
4487.423,conflict-at-land,2,28,
4495.441,conflict-at-land,0,23,
4496.609,conflict-at-land,5,19,
4502.423,start,2,28,
4508.305,conflict-at-land,2,28,
4510.441,start,0,23,
4511.609,start,5,19,
4523.305,start,2,28,
4527.724,conflict-at-land,0,23,
4527.767,conflict-at-land,2,28,
4542.724,start,0,23,
4542.767,start,2,28,
4548.714,conflict-at-land,2,28,
4557.462,conflict-at-land,0,23,
4561.531,conflict-at-land,5,19,
4563.714,start,2,28,
4570.928,conflict-at-land,2,28,
4572.462,start,0,23,
4576.531,start,5,19,
4585.928,start,2,28,
4591.874,conflict-at-land,2,28,
4594.427,land,4,10,
4594.427,start,4,29,
4595.458,conflict-at-land,0,23,
4606.874,start,2,28,
4607.686,land,4,29,
4607.686,start,4,30,
4610.458,start,0,23,
4612.28,conflict-at-land,2,28,
4615.427,land,4,30,
4615.427,start,4,31,
4621.491,conflict-at-land,5,19,
4627.28,start,2,28,
4631.495,conflict-at-land,0,23,
4631.767,conflict-at-land,2,28,
4636.491,start,5,19,
4646.495,start,0,23,
4646.767,start,2,28,
4653.668,conflict-at-land,2,28,
4663.383,conflict-at-land,0,23,
4668.668,start,2,28,
4675.692,conflict-at-land,2,28,
4678.383,start,0,23,
4681.433,conflict-at-land,5,19,
4690.692,start,2,28,
4696.433,start,5,19,
4697.322,conflict-at-land,2,28,
4697.487,conflict-at-land,3,27,
4698.18,conflict-at-land,0,23,
4712.322,start,2,28,
4712.408,conflict-at-land,6,6,
4712.487,start,3,27,
4713.18,start,0,23,
4719.632,conflict-at-land,2,28,
4727.408,start,6,6,
4729.928,conflict-at-land,0,23,
4734.632,start,2,28,
4740.505,conflict-at-land,2,28,
4742.159,conflict-at-land,5,19,
4744.928,start,0,23,
4755.505,start,2,28,
4757.159,start,5,19,
4759.742,conflict-at-land,2,28,
4763.343,conflict-at-land,0,23,
4774.742,start,2,28,
4778.343,start,0,23,
4782.423,conflict-at-land,2,28,
4797.423,start,2,28,
4797.503,conflict-at-land,5,19,
4797.66,conflict-at-land,0,23,
4803.56,conflict-at-land,2,28,
4812.503,start,5,19,
4812.66,start,0,23,
4818.56,start,2,28,
4825.894,conflict-at-land,2,28,
4832.94,conflict-at-land,0,23,
4840.894,start,2,28,
4846.204,conflict-at-land,2,28,
4847.94,start,0,23,
4848.749,conflict-at-land,5,19,
4861.204,start,2,28,
4863.749,start,5,19,
4867.146,conflict-at-land,2,28,
4870.818,conflict-at-land,0,23,
4882.146,start,2,28,
4883.509,conflict-at-land,3,27,
4885.818,start,0,23,
4889.639,conflict-at-land,2,28,
4898.509,start,3,27,
4901.485,conflict-at-land,0,23,
4903.652,conflict-at-land,5,19,
4904.639,start,2,28,
4909.934,conflict-at-land,2,28,
4916.485,start,0,23,
4918.652,start,5,19,
4924.934,start,2,28,
4931.486,conflict-at-land,2,28,
4939.328,conflict-at-land,0,23,
4946.486,start,2,28,
4952.101,conflict-at-land,2,28,
4954.328,start,0,23,
4964.574,conflict-at-land,5,19,
4967.101,start,2,28,
4971.635,conflict-at-land,2,28,
4979.574,start,5,19,
4979.621,conflict-at-land,0,23,
4986.635,start,2,28,
4992.243,conflict-at-land,2,28,
4994.621,start,0,23,
5007.243,start,2,28,
5014.507,conflict-at-land,2,28,
5016.005,conflict-at-land,0,23,
5021.694,conflict-at-land,5,19,
5029.507,start,2,28,
5031.005,start,0,23,
5036.579,conflict-at-land,2,28,
5036.694,start,5,19,
5045.125,conflict-at-land,6,6,
5051.579,start,2,28,
5053.628,conflict-at-land,0,23,
5056.618,conflict-at-land,2,28,
5060.125,start,6,6,
5066.833,land,4,31,
5066.833,start,4,32,
5068.628,start,0,23,
5069.351,conflict-at-land,4,32,
5071.203,conflict-at-land,5,19,
5071.618,start,2,28,
5079.266,conflict-at-land,2,28,
5084.351,start,4,32,
5086.203,start,5,19,
5086.652,conflict-at-land,4,32,
5086.825,conflict-at-land,0,23,
5094.266,start,2,28,
5099.831,conflict-at-land,2,28,
5101.652,start,4,32,
5101.825,start,0,23,
5104.409,conflict-at-land,4,32,
5114.831,start,2,28,
5119.309,conflict-at-land,2,28,
5119.409,start,4,32,
5120.536,conflict-at-land,0,23,
5122.332,conflict-at-land,4,32,
5125.841,conflict-at-land,1,25,
5132.658,conflict-at-land,5,19,
5134.309,start,2,28,
5135.536,start,0,23,
5137.332,start,4,32,
5139.109,conflict-at-land,2,28,
5139.957,conflict-at-land,4,32,
5140.841,start,1,25,
5147.658,start,5,19,
5154.109,start,2,28,
5154.957,start,4,32,
5155.806,conflict-at-land,0,23,
5158.209,conflict-at-land,4,32,
5159.9,conflict-at-land,2,28,
5160.131,conflict-at-land,3,27,
5170.806,start,0,23,
5173.209,start,4,32,
5174.9,start,2,28,
5175.131,start,3,27,
5175.896,conflict-at-land,4,32,
5179.458,conflict-at-land,2,28,
5190.896,start,4,32,
5193.337,conflict-at-land,4,32,
5194.458,start,2,28,
5196.527,conflict-at-land,5,19,
5197.219,conflict-at-land,0,23,
5201.101,conflict-at-land,2,28,
5208.337,start,4,32,
5211.11,conflict-at-land,4,32,
5211.527,start,5,19,
5212.219,start,0,23,
5216.101,start,2,28,
5221.14,conflict-at-land,2,28,
5226.11,start,4,32,
5229.665,conflict-at-land,4,32,
5236.14,start,2,28,
5236.937,conflict-at-land,0,23,
5242.619,conflict-at-land,2,28,
5244.665,start,4,32,
5247.16,conflict-at-land,5,19,
5247.486,conflict-at-land,4,32,
5251.937,start,0,23,
5257.619,start,2,28,
5262.16,start,5,19,
5262.486,start,4,32,
5263.051,conflict-at-land,2,28,
5266.253,conflict-at-land,4,32,
5277.014,conflict-at-land,0,23,
5278.051,start,2,28,
5281.253,start,4,32,
5284.06,conflict-at-land,2,28,
5284.594,conflict-at-land,4,32,
5292.014,start,0,23,
5299.06,start,2,28,
5299.594,start,4,32,
5303.046,conflict-at-land,4,32,
5305.933,conflict-at-land,2,28,
5310.019,conflict-at-land,5,19,
5318.046,start,4,32,
5318.668,conflict-at-land,0,23,
5320.933,start,2,28,
5321.711,conflict-at-land,4,32,
5325.019,start,5,19,
5328.501,conflict-at-land,2,28,
5333.668,start,0,23,
5336.711,start,4,32,
5339.336,conflict-at-land,4,32,
5343.501,start,2,28,
5349.942,conflict-at-land,2,28,
5354.336,start,4,32,
5357.643,conflict-at-land,4,32,
5359.684,conflict-at-land,3,27,
5360.705,conflict-at-land,0,23,
5364.942,start,2,28,
5369.951,conflict-at-land,5,19,
5370.465,conflict-at-land,2,28,
5372.643,start,4,32,
5374.684,start,3,27,
5375.454,conflict-at-land,4,32,
5375.705,start,0,23,
5384.951,start,5,19,
5385.465,start,2,28,
5390.454,start,4,32,
5391.381,conflict-at-land,2,28,
5393.412,conflict-at-land,6,6,
5394.163,conflict-at-land,4,32,
5402.472,conflict-at-land,0,23,
5406.381,start,2,28,
5408.412,start,6,6,
5409.163,start,4,32,
5411.252,conflict-at-land,2,28,
5411.492,conflict-at-land,4,32,
5417.472,start,0,23,
5420.535,conflict-at-land,5,19,
5426.252,start,2,28,
5426.492,start,4,32,
5429.238,conflict-at-land,4,32,
5431.715,conflict-at-land,2,28,
5432.525,conflict-at-land,0,23,
5435.535,start,5,19,
5444.238,start,4,32,
5446.715,start,2,28,
5447.525,start,0,23,
5447.928,conflict-at-land,4,32,
5453.657,conflict-at-land,2,28,
5462.928,start,4,32,
5466.005,conflict-at-land,4,32,
5467.724,conflict-at-land,0,23,
5468.657,start,2,28,
5473.709,conflict-at-land,2,28,
5481.005,start,4,32,
5482.724,start,0,23,
5484.308,conflict-at-land,5,19,
5484.605,conflict-at-land,4,32,
5488.709,start,2,28,
5493.934,conflict-at-land,2,28,
5499.308,start,5,19,
5499.605,start,4,32,
5501.976,conflict-at-land,4,32,
5502.337,conflict-at-land,0,23,
5508.934,start,2,28,
5511.673,land,7,9,
5511.673,start,7,33,
5514.273,conflict-at-land,2,28,
5515.44,conflict-at-land,7,33,
5516.976,start,4,32,
5517.337,start,0,23,
5519.247,conflict-at-land,4,32,
5529.273,start,2,28,
5530.44,start,7,33,
5532.992,conflict-at-land,7,33,
5533.829,conflict-at-land,0,23,
5534.208,conflict-at-land,2,28,
5534.247,start,4,32,
5537.104,conflict-at-land,4,32,
5541.533,conflict-at-land,5,19,
5547.992,start,7,33,
5548.829,start,0,23,
5549.208,start,2,28,
5550.542,conflict-at-land,7,33,
5550.949,conflict-at-land,3,27,
5552.104,start,4,32,
5554.296,conflict-at-land,2,28,
5554.636,conflict-at-land,4,32,
5556.533,start,5,19,
5565.542,start,7,33,
5565.949,start,3,27,
5567.846,conflict-at-land,0,23,
5568.248,conflict-at-land,7,33,
5569.296,start,2,28,
5569.636,start,4,32,
5571.847,conflict-at-land,4,32,
5576.26,conflict-at-land,2,28,
5582.846,start,0,23,
5583.248,start,7,33,
5586.847,start,4,32,
5586.879,conflict-at-land,7,33,
5589.721,conflict-at-land,4,32,
5591.26,start,2,28,
5598.121,conflict-at-land,5,19,
5598.263,conflict-at-land,2,28,
5599.361,conflict-at-land,0,23,
5601.879,start,7,33,
5604.218,conflict-at-land,7,33,
5604.721,start,4,32,
5607.762,conflict-at-land,4,32,
5613.121,start,5,19,
5613.263,start,2,28,
5614.361,start,0,23,
5618.68,conflict-at-land,2,28,
5619.218,start,7,33,
5622.417,conflict-at-land,7,33,
5622.762,start,4,32,
5625.572,conflict-at-land,4,32,
5633.68,start,2,28,
5637.417,start,7,33,
5638.74,conflict-at-land,0,23,
5640.223,conflict-at-land,7,33,
5640.572,start,4,32,
5641.471,conflict-at-land,2,28,
5643.525,conflict-at-land,4,32,
5653.74,start,0,23,
5655.223,start,7,33,
5656.471,start,2,28,
5657.893,conflict-at-land,7,33,
5658.525,start,4,32,
5660.203,conflict-at-land,5,19,
5661.701,conflict-at-land,4,32,
5663.686,conflict-at-land,2,28,
5672.893,start,7,33,
5675.203,start,5,19,
5676.052,conflict-at-land,7,33,
5676.246,conflict-at-land,0,23,
5676.701,start,4,32,
5678.686,start,2,28,
5680.574,conflict-at-land,4,32,
5686.447,conflict-at-land,2,28,
5691.052,start,7,33,
5691.246,start,0,23,
5694.665,conflict-at-land,7,33,
5695.574,start,4,32,
5698.415,conflict-at-land,4,32,
5701.447,start,2,28,
5707.536,conflict-at-land,2,28,
5709.665,start,7,33,
5711.674,conflict-at-land,0,23,
5711.848,conflict-at-land,7,33,
5713.415,start,4,32,
5715.105,conflict-at-land,5,19,
5715.71,conflict-at-land,4,32,
5722.536,start,2,28,
5726.674,start,0,23,
5726.848,start,7,33,
5730.105,start,5,19,
5730.319,conflict-at-land,2,28,
5730.636,conflict-at-land,7,33,
5730.71,start,4,32,
5734.457,conflict-at-land,4,32,
5742.989,conflict-at-land,0,23,
5745.319,start,2,28,
5745.636,start,7,33,
5748.286,conflict-at-land,7,33,
5749.457,start,4,32,
5749.797,conflict-at-land,2,28,
5752.993,conflict-at-land,4,32,
5757.989,start,0,23,
5763.286,start,7,33,
5764.797,start,2,28,
5765.577,conflict-at-land,7,33,
5767.993,start,4,32,
5768.233,conflict-at-land,3,27,
5770.259,conflict-at-land,2,28,
5770.405,conflict-at-land,4,32,
5772.8,conflict-at-land,0,23,
5773.311,conflict-at-land,5,19,
5780.577,start,7,33,
5782.941,conflict-at-land,7,33,
5783.233,start,3,27,
5785.259,start,2,28,
5785.405,start,4,32,
5787.8,start,0,23,
5788.311,start,5,19,
5789.253,conflict-at-land,4,32,
5789.79,conflict-at-land,2,28,
5797.941,start,7,33,
5801.659,conflict-at-land,7,33,
5804.253,start,4,32,
5804.79,start,2,28,
5806.788,conflict-at-land,4,32,
5810.682,conflict-at-land,0,23,
5810.724,conflict-at-land,2,28,
5816.659,start,7,33,
5816.776,conflict-at-land,5,19,
5819.765,conflict-at-land,7,33,
5821.788,start,4,32,
5824.138,conflict-at-land,4,32,
5825.682,start,0,23,
5825.724,start,2,28,
5830.141,conflict-at-land,2,28,
5831.776,start,5,19,
5834.765,start,7,33,
5838.518,conflict-at-land,7,33,
5839.138,start,4,32,
5842.717,conflict-at-land,4,32,
5844.941,conflict-at-land,6,6,
5845.141,start,2,28,
5846.71,conflict-at-land,0,23,
5851.223,conflict-at-land,2,28,
5853.518,start,7,33,
5856.845,conflict-at-land,7,33,
5857.717,start,4,32,
5859.941,start,6,6,
5861.393,conflict-at-land,4,32,
5861.71,start,0,23,
5863.746,conflict-at-land,5,19,
5866.223,start,2,28,
5870.897,conflict-at-land,2,28,
5871.845,start,7,33,
5874.155,conflict-at-land,7,33,
5876.393,start,4,32,
5878.688,conflict-at-land,4,32,
5878.746,start,5,19,
5882.61,conflict-at-land,0,23,
5885.897,start,2,28,
5889.155,start,7,33,
5890.289,conflict-at-land,2,28,
5891.643,conflict-at-land,7,33,
5893.688,start,4,32,
5896.471,conflict-at-land,4,32,
5897.61,start,0,23,
5905.289,start,2,28,
5906.643,start,7,33,
5910.37,conflict-at-land,7,33,
5911.002,conflict-at-land,5,19,
5911.471,start,4,32,
5912.58,conflict-at-land,2,28,
5914.862,conflict-at-land,4,32,
5920.156,conflict-at-land,0,23,
5925.37,start,7,33,
5926.002,start,5,19,
5927.58,start,2,28,
5928.383,conflict-at-land,7,33,
5929.862,start,4,32,
5932.152,conflict-at-land,4,32,
5932.367,conflict-at-land,2,28,
5935.156,start,0,23,
5943.383,start,7,33,
5946.612,conflict-at-land,7,33,
5947.152,start,4,32,
5947.367,start,2,28,
5949.631,conflict-at-land,4,32,
5952.925,conflict-at-land,2,28,
5960.16,conflict-at-land,0,23,
5961.612,start,7,33,
5964.247,conflict-at-land,7,33,
5964.631,start,4,32,
5967.506,conflict-at-land,4,32,
5967.925,start,2,28,
5973.665,conflict-at-land,2,28,
5974.76,conflict-at-land,5,19,
5975.16,start,0,23,
5979.247,start,7,33,
5982.506,start,4,32,
5982.783,conflict-at-land,7,33,
5986.067,conflict-at-land,4,32,
5988.665,start,2,28,
5989.76,start,5,19,
5990.484,conflict-at-land,1,25,
5994.877,conflict-at-land,0,23,
5994.89,conflict-at-land,2,28,
5997.783,start,7,33,
6000.395,conflict-at-land,7,33,
6001.067,start,4,32,
6004.544,conflict-at-land,4,32,
6005.484,start,1,25,
6009.877,start,0,23,
6009.89,start,2,28,
6015.395,start,7,33,
6016.621,conflict-at-land,2,28,
6018.753,conflict-at-land,7,33,
6019.544,start,4,32,
6022.829,conflict-at-land,4,32,
6024.54,conflict-at-land,3,27,
6027.464,conflict-at-land,0,23,
6028.123,conflict-at-land,5,19,
6031.621,start,2,28,
6033.753,start,7,33,
6035.931,conflict-at-land,2,28,
6036.846,conflict-at-land,7,33,
6037.829,start,4,32,
6039.54,start,3,27,
6040.293,conflict-at-land,4,32,
6042.464,start,0,23,
6043.123,start,5,19,
6050.931,start,2,28,
6051.846,start,7,33,
6055.282,conflict-at-land,7,33,
6055.293,start,4,32,
6057.382,conflict-at-land,2,28,
6058.658,conflict-at-land,4,32,
6064.469,conflict-at-land,0,23,
6070.282,start,7,33,
6072.382,start,2,28,
6073.238,conflict-at-land,7,33,
6073.658,start,4,32,
6076.754,conflict-at-land,2,28,
6077.148,conflict-at-land,4,32,
6079.469,start,0,23,
6085.518,conflict-at-land,5,19,
6088.238,start,7,33,
6091.754,start,2,28,
6091.841,conflict-at-land,7,33,
6092.148,start,4,32,
6094.316,conflict-at-land,4,32,
6098.108,conflict-at-land,2,28,
6100.518,start,5,19,
6104.54,conflict-at-land,0,23,
6106.841,start,7,33,
6109.136,conflict-at-land,7,33,
6109.316,start,4,32,
6112.561,conflict-at-land,4,32,
6113.108,start,2,28,
6119.267,conflict-at-land,2,28,
6119.54,start,0,23,
6124.136,start,7,33,
6127.561,start,4,32,
6127.957,conflict-at-land,7,33,
6128.062,conflict-at-land,6,6,
6131.421,conflict-at-land,4,32,
6132.402,conflict-at-land,5,19,
6134.267,start,2,28,
6136.59,conflict-at-land,0,23,
6141.704,conflict-at-land,2,28,
6142.957,start,7,33,
6143.062,start,6,6,
6145.892,conflict-at-land,7,33,
6146.421,start,4,32,
6147.402,start,5,19,
6148.897,conflict-at-land,4,32,
6151.59,start,0,23,
6156.704,start,2,28,
6160.892,start,7,33,
6161.903,conflict-at-land,2,28,
6163.897,start,4,32,
6164.616,conflict-at-land,7,33,
6167.021,conflict-at-land,4,32,
6175.121,conflict-at-land,0,23,
6176.903,start,2,28,
6179.616,start,7,33,
6182.021,start,4,32,
6182.464,conflict-at-land,7,33,
6182.588,conflict-at-land,2,28,
6185.418,conflict-at-land,4,32,
6190.121,start,0,23,
6193.986,conflict-at-land,5,19,
6197.464,start,7,33,
6197.588,start,2,28,
6200.418,start,4,32,
6200.751,conflict-at-land,7,33,
6202.228,conflict-at-land,2,28,
6203.782,conflict-at-land,4,32,
6208.986,start,5,19,
6210.559,conflict-at-land,0,23,
6215.751,start,7,33,
6217.228,start,2,28,
6218.377,conflict-at-land,3,27,
6218.782,start,4,32,
6219.49,conflict-at-land,7,33,
6221.482,conflict-at-land,4,32,
6222.2,conflict-at-land,2,28,
6225.559,start,0,23,
6233.377,start,3,27,
6234.49,start,7,33,
6236.482,start,4,32,
6237.2,start,2,28,
6237.536,conflict-at-land,7,33,
6240.245,conflict-at-land,4,32,
6242.124,conflict-at-land,2,28,
6242.656,conflict-at-land,5,19,
6247.038,conflict-at-land,0,23,
6252.536,start,7,33,
6255.245,start,4,32,
6256.025,conflict-at-land,7,33,
6257.124,start,2,28,
6257.656,start,5,19,
6258.593,conflict-at-land,4,32,
6262.038,start,0,23,
6264.154,conflict-at-land,2,28,
6271.025,start,7,33,
6273.593,start,4,32,
6273.748,conflict-at-land,7,33,
6276.545,conflict-at-land,4,32,
6279.154,start,2,28,
6282.465,conflict-at-land,0,23,
6284.271,conflict-at-land,2,28,
6288.748,start,7,33,
6291.192,conflict-at-land,7,33,
6291.545,start,4,32,
6294.502,conflict-at-land,4,32,
6295.432,conflict-at-land,5,19,
6297.465,start,0,23,
6299.271,start,2,28,
6305.16,conflict-at-land,2,28,
6306.192,start,7,33,
6309.323,conflict-at-land,7,33,
6309.502,start,4,32,
6310.432,start,5,19,
6312.159,conflict-at-land,4,32,
6314.586,conflict-at-land,0,23,
6320.16,start,2,28,
6324.323,start,7,33,
6326.539,conflict-at-land,2,28,
6327.159,start,4,32,
6327.972,conflict-at-land,7,33,
6329.586,start,0,23,
6329.659,conflict-at-land,4,32,
6341.539,start,2,28,
6341.72,conflict-at-land,5,19,
6342.972,start,7,33,
6344.659,start,4,32,
6346.665,conflict-at-land,7,33,
6347.987,conflict-at-land,4,32,
6348.11,conflict-at-land,2,28,
6352.043,conflict-at-land,0,23,
6356.72,start,5,19,
6361.665,start,7,33,
6362.987,start,4,32,
6363.11,start,2,28,
6364.138,conflict-at-land,7,33,
6366.593,conflict-at-land,4,32,
6367.043,start,0,23,
6368.387,conflict-at-land,2,28,
6379.138,start,7,33,
6381.593,start,4,32,
6381.902,conflict-at-land,0,23,
6382.804,conflict-at-land,7,33,
6383.387,start,2,28,
6384.049,conflict-at-land,4,32,
6388.714,conflict-at-land,2,28,
6391.223,conflict-at-land,5,19,
6396.902,start,0,23,
6397.804,start,7,33,
6399.049,start,4,32,
6400.365,conflict-at-land,7,33,
6402.453,conflict-at-land,4,32,
6403.714,start,2,28,
6406.223,start,5,19,
6409.148,conflict-at-land,2,28,
6415.365,start,7,33,
6415.621,conflict-at-land,0,23,
6417.453,start,4,32,
6418.22,conflict-at-land,7,33,
6421.053,conflict-at-land,4,32,
6424.148,start,2,28,
6428.414,conflict-at-land,2,28,
6430.621,start,0,23,
6433.22,start,7,33,
6435.557,conflict-at-land,7,33,
6436.053,start,4,32,
6438.239,conflict-at-land,3,27,
6438.424,conflict-at-land,4,32,
6442.339,conflict-at-land,6,6,
6443.414,start,2,28,
6443.832,conflict-at-land,5,19,
6449.799,conflict-at-land,2,28,
6450.557,start,7,33,
6452.626,conflict-at-land,0,23,
6453.239,start,3,27,
6453.334,conflict-at-land,7,33,
6453.424,start,4,32,
6456.583,conflict-at-land,4,32,
6457.339,start,6,6,
6458.832,start,5,19,
6464.799,start,2,28,
6467.626,start,0,23,
6468.334,start,7,33,
6470.783,conflict-at-land,2,28,
6471.583,start,4,32,
6472.082,conflict-at-land,7,33,
6473.955,conflict-at-land,4,32,
6485.783,start,2,28,
6487.082,start,7,33,
6488.955,start,4,32,
6490.919,conflict-at-land,7,33,
6491.06,conflict-at-land,2,28,
6492.416,conflict-at-land,0,23,
6492.722,conflict-at-land,4,32,
6501.228,conflict-at-land,5,19,
6505.919,start,7,33,
6506.06,start,2,28,
6507.416,start,0,23,
6507.722,start,4,32,
6508.384,conflict-at-land,7,33,
6510.886,conflict-at-land,4,32,
6512.793,conflict-at-land,2,28,
6516.228,start,5,19,
6523.384,start,7,33,
6525.886,start,4,32,
6526.427,conflict-at-land,7,33,
6527.793,start,2,28,
6528.409,conflict-at-land,4,32,
6532.76,conflict-at-land,2,28,
6533.133,conflict-at-land,0,23,
6541.427,start,7,33,
6543.409,start,4,32,
6543.639,conflict-at-land,7,33,
6546.707,conflict-at-land,4,32,
6547.76,start,2,28,
6548.133,start,0,23,
6552.458,conflict-at-land,2,28,
6558.639,start,7,33,
6559.96,conflict-at-land,5,19,
6561.443,conflict-at-land,7,33,
6561.707,start,4,32,
6564.592,conflict-at-land,4,32,
6567.458,start,2,28,
6570.663,conflict-at-land,0,23,
6574.96,start,5,19,
6575.152,conflict-at-land,2,28,
6576.443,start,7,33,
6579.397,conflict-at-land,7,33,
6579.592,start,4,32,
6582.376,conflict-at-land,4,32,
6585.663,start,0,23,
6590.152,start,2,28,
6594.397,start,7,33,
6595.159,conflict-at-land,2,28,
6597.376,start,4,32,
6597.456,conflict-at-land,7,33,
6600.947,conflict-at-land,4,32,
6603.073,conflict-at-land,0,23,
6610.159,start,2,28,
6611.428,conflict-at-land,5,19,
6612.456,start,7,33,
6614.684,conflict-at-land,2,28,
6615.06,conflict-at-land,3,27,
6615.947,start,4,32,
6616.258,conflict-at-land,7,33,
6618.073,start,0,23,
6619.261,conflict-at-land,4,32,
6626.428,start,5,19,
6629.684,start,2,28,
6630.06,start,3,27,
6631.258,start,7,33,
6633.451,conflict-at-land,0,23,
6633.54,conflict-at-land,7,33,
6634.261,start,4,32,
6635.33,conflict-at-land,2,28,
6637.28,conflict-at-land,4,32,
6648.451,start,0,23,
6648.54,start,7,33,
6650.33,start,2,28,
6652.048,conflict-at-land,7,33,
6652.28,start,4,32,
6655.648,conflict-at-land,4,32,
6656.621,conflict-at-land,2,28,
6667.048,start,7,33,
6669.702,conflict-at-land,0,23,
6670.273,conflict-at-land,5,19,
6670.471,conflict-at-land,7,33,
6670.648,start,4,32,
6671.621,start,2,28,
6673.146,conflict-at-land,4,32,
6675.91,conflict-at-land,2,28,
6684.702,start,0,23,
6685.273,start,5,19,
6685.471,start,7,33,
6687.826,conflict-at-land,7,33,
6688.146,start,4,32,
6690.825,conflict-at-land,4,32,
6690.91,start,2,28,
6697.046,conflict-at-land,2,28,
6702.826,start,7,33,
6705.432,conflict-at-land,0,23,
6705.825,start,4,32,
6706.034,conflict-at-land,7,33,
6709.089,conflict-at-land,4,32,
6712.046,start,2,28,
6715.6,conflict-at-land,5,19,
6719.64,conflict-at-land,2,28,
6720.432,start,0,23,
6721.034,start,7,33,
6724.089,start,4,32,
6724.138,conflict-at-land,7,33,
6726.345,conflict-at-land,4,32,
6730.6,start,5,19,
6734.64,start,2,28,
6736.418,conflict-at-land,0,23,
6739.138,start,7,33,
6740.414,conflict-at-land,2,28,
6741.345,start,4,32,
6741.491,conflict-at-land,7,33,
6744.004,conflict-at-land,4,32,
6751.418,start,0,23,
6755.414,start,2,28,
6756.491,start,7,33,
6759.004,start,4,32,
6760.291,conflict-at-land,7,33,
6761.318,conflict-at-land,2,28,
6761.743,conflict-at-land,4,32,
6773.578,conflict-at-land,5,19,
6774.441,conflict-at-land,0,23,
6775.291,start,7,33,
6776.318,start,2,28,
6776.743,start,4,32,
6778.003,conflict-at-land,7,33,
6779.934,conflict-at-land,4,32,
6783.839,conflict-at-land,2,28,
6788.578,start,5,19,
6789.441,start,0,23,
6793.003,start,7,33,
6794.934,start,4,32,
6795.757,conflict-at-land,7,33,
6798.739,conflict-at-land,4,32,
6798.839,start,2,28,
6805.328,conflict-at-land,2,28,
6810.757,start,7,33,
6813.739,start,4,32,
6814.022,conflict-at-land,0,23,
6814.306,conflict-at-land,7,33,
6817.452,conflict-at-land,4,32,
6818.383,conflict-at-land,5,19,
6820.328,start,2,28,
6826.362,conflict-at-land,2,28,
6829.022,start,0,23,
6829.306,start,7,33,
6831.452,conflict-at-land,7,33,
6832.452,start,4,32,
6833.383,start,5,19,
6835.165,conflict-at-land,4,32,
6841.362,start,2,28,
6845.591,conflict-at-land,2,28,
6846.452,start,7,33,
6849.762,conflict-at-land,7,33,
6850.165,start,4,32,
6850.989,conflict-at-land,3,27,
6854.063,conflict-at-land,4,32,
6855.909,conflict-at-land,0,23,
6860.591,start,2,28,
6864.762,start,7,33,
6865.989,start,3,27,
6867.367,conflict-at-land,2,28,
6868.414,conflict-at-land,7,33,
6869.063,start,4,32,
6870.909,start,0,23,
6872.136,conflict-at-land,4,32,
6880.287,conflict-at-land,5,19,
6882.367,start,2,28,
6883.414,start,7,33,
6884.368,conflict-at-land,6,6,
6886.269,conflict-at-land,7,33,
6887.136,start,4,32,
6888.134,conflict-at-land,2,28,
6890.659,conflict-at-land,4,32,
6893.179,conflict-at-land,1,25,
6893.291,conflict-at-land,0,23,
6895.287,start,5,19,
6899.368,start,6,6,
6901.269,start,7,33,
6903.134,start,2,28,
6904.437,conflict-at-land,7,33,
6905.659,start,4,32,
6908.179,start,1,25,
6908.291,start,0,23,
6909.248,conflict-at-land,4,32,
6910.814,conflict-at-land,2,28,
6919.437,start,7,33,
6923.164,conflict-at-land,7,33,
6924.248,start,4,32,
6925.814,start,2,28,
6926.392,conflict-at-land,5,19,
6926.42,conflict-at-land,4,32,
6926.705,conflict-at-land,0,23,
6930.902,conflict-at-land,2,28,
6938.164,start,7,33,
6941.392,start,5,19,
6941.42,start,4,32,
6941.683,conflict-at-land,7,33,
6941.705,start,0,23,
6944.245,conflict-at-land,4,32,
6945.902,start,2,28,
6950.501,conflict-at-land,2,28,
6956.683,start,7,33,
6959.245,start,4,32,
6959.857,conflict-at-land,7,33,
6961.467,conflict-at-land,4,32,
6965.501,start,2,28,
6967.86,conflict-at-land,0,23,
6970.541,conflict-at-land,2,28,
6974.857,start,7,33,
6976.467,start,4,32,
6977.299,conflict-at-land,7,33,
6978.578,conflict-at-land,4,32,
6982.86,start,0,23,
6985.541,start,2,28,
6989.628,conflict-at-land,5,19,
6991.542,conflict-at-land,2,28,
6992.299,start,7,33,
6993.578,start,4,32,
6994.905,conflict-at-land,7,33,
6996.851,conflict-at-land,4,32,
7002.667,conflict-at-land,0,23,
7004.628,start,5,19,
7006.542,start,2,28,
7009.905,start,7,33,
7011.851,start,4,32,
7012.604,conflict-at-land,2,28,
7012.955,conflict-at-land,7,33,
7014.677,conflict-at-land,4,32,
7017.667,start,0,23,
7027.604,start,2,28,
7027.955,start,7,33,
7029.371,conflict-at-land,3,27,
7029.677,start,4,32,
7030.823,conflict-at-land,7,33,
7032.26,conflict-at-land,2,28,
7032.604,conflict-at-land,4,32,
7033.154,conflict-at-land,5,19,
7043.894,conflict-at-land,0,23,
7044.371,start,3,27,
7045.823,start,7,33,
7047.26,start,2,28,
7047.604,start,4,32,
7048.154,start,5,19,
7049.676,conflict-at-land,7,33,
7050.634,conflict-at-land,4,32,
7053.519,conflict-at-land,2,28,
7058.894,start,0,23,
7064.676,start,7,33,
7065.634,start,4,32,
7068.488,conflict-at-land,7,33,
7068.519,start,2,28,
7069.172,conflict-at-land,4,32,
7075.05,conflict-at-land,2,28,
7079.106,conflict-at-land,0,23,
7083.488,start,7,33,
7084.172,start,4,32,
7085.75,conflict-at-land,5,19,
7085.88,conflict-at-land,7,33,
7087.342,conflict-at-land,4,32,
7090.05,start,2,28,
7094.106,start,0,23,
7094.71,conflict-at-land,2,28,
7100.75,start,5,19,
7100.88,start,7,33,
7102.342,start,4,32,
7104.25,conflict-at-land,7,33,
7106.202,conflict-at-land,4,32,
7109.71,start,2,28,
7113.228,conflict-at-land,0,23,
7116.207,conflict-at-land,2,28,
7119.25,start,7,33,
7121.202,start,4,32,
7122.375,conflict-at-land,7,33,
7123.753,conflict-at-land,4,32,
7128.228,start,0,23,
7128.589,conflict-at-land,5,19,
7131.207,start,2,28,
7137.078,conflict-at-land,2,28,
7137.375,start,7,33,
7138.753,start,4,32,
7140.236,conflict-at-land,7,33,
7141.338,conflict-at-land,4,32,
7143.589,start,5,19,
7147.998,conflict-at-land,6,6,
7148.502,conflict-at-land,0,23,
7152.078,start,2,28,
7155.236,start,7,33,
7156.338,start,4,32,
7158.981,conflict-at-land,2,28,
7159.051,conflict-at-land,7,33,
7159.916,conflict-at-land,4,32,
7162.998,start,6,6,
7163.502,start,0,23,
7173.981,start,2,28,
7174.051,start,7,33,
7174.916,start,4,32,
7176.022,conflict-at-land,5,19,
7177.663,conflict-at-land,7,33,
7178.553,conflict-at-land,0,23,
7178.767,conflict-at-land,4,32,
7179.269,conflict-at-land,2,28,
7191.022,start,5,19,
7192.663,start,7,33,
7193.553,start,0,23,
7193.767,start,4,32,
7194.269,start,2,28,
7195.787,conflict-at-land,7,33,
7196.312,conflict-at-land,4,32,
7201.033,conflict-at-land,2,28,
7210.787,start,7,33,
7211.312,start,4,32,
7213.544,conflict-at-land,7,33,
7214.936,conflict-at-land,4,32,
7216.033,start,2,28,
7216.902,conflict-at-land,0,23,
7221.895,conflict-at-land,2,28,
7228.544,start,7,33,
7229.936,start,4,32,
7231.142,conflict-at-land,5,19,
7231.838,conflict-at-land,7,33,
7231.902,start,0,23,
7233.037,conflict-at-land,4,32,
7236.895,start,2,28,
7242.754,conflict-at-land,2,28,
7246.142,start,5,19,
7246.658,conflict-at-land,3,27,
7246.838,start,7,33,
7248.037,start,4,32,
7250.297,conflict-at-land,7,33,
7250.893,conflict-at-land,4,32,
7253.339,conflict-at-land,0,23,
7257.754,start,2,28,
7261.658,start,3,27,
7263.773,conflict-at-land,2,28,
7265.297,start,7,33,
7265.893,start,4,32,
7268.339,start,0,23,
7268.741,conflict-at-land,7,33,
7269.168,conflict-at-land,4,32,
7278.773,start,2,28,
7283.395,conflict-at-land,2,28,
7283.741,start,7,33,
7284.168,start,4,32,
7286.918,conflict-at-land,7,33,
7287.392,conflict-at-land,4,32,
7295.12,conflict-at-land,0,23,
7295.724,conflict-at-land,5,19,
7298.395,start,2,28,
7301.918,start,7,33,
7302.392,start,4,32,
7304.232,conflict-at-land,2,28,
7305.752,conflict-at-land,7,33,
7306.233,conflict-at-land,4,32,
7310.12,start,0,23,
7310.724,start,5,19,
7319.232,start,2,28,
7320.752,start,7,33,
7321.233,start,4,32,
7323.986,conflict-at-land,4,32,
7324.105,conflict-at-land,7,33,
7326.188,conflict-at-land,2,28,
7329.741,conflict-at-land,0,23,
7338.986,start,4,32,
7339.105,start,7,33,
7341.188,start,2,28,
7341.832,conflict-at-land,7,33,
7342.523,conflict-at-land,4,32,
7344.741,start,0,23,
7345.917,conflict-at-land,2,28,
7352.445,conflict-at-land,5,19,
7356.832,start,7,33,
7357.523,start,4,32,
7360.101,conflict-at-land,7,33,
7360.359,conflict-at-land,4,32,
7360.917,start,2,28,
7366.913,conflict-at-land,2,28,
7367.445,start,5,19,
7367.815,conflict-at-land,0,23,
7375.101,start,7,33,
7375.359,start,4,32,
7378.191,conflict-at-land,4,32,
7378.656,conflict-at-land,7,33,
7381.913,start,2,28,
7382.815,start,0,23,
7389.395,conflict-at-land,2,28,
7393.191,start,4,32,
7393.656,start,7,33,
7396.02,conflict-at-land,4,32,
7396.92,conflict-at-land,7,33,
7404.395,start,2,28,
7404.701,conflict-at-land,0,23,
7411.02,start,4,32,
7411.416,conflict-at-land,2,28,
7411.92,start,7,33,
7414.733,conflict-at-land,4,32,
7415.226,conflict-at-land,7,33,
7417.862,conflict-at-land,5,19,
7419.701,start,0,23,
7426.416,start,2,28,
7429.733,start,4,32,
7430.226,start,7,33,
7431.906,conflict-at-land,4,32,
7432.059,conflict-at-land,2,28,
7432.862,start,5,19,
7433.145,conflict-at-land,7,33,
7442.811,conflict-at-land,0,23,
7446.906,start,4,32,
7447.059,start,2,28,
7448.145,start,7,33,
7450.702,conflict-at-land,4,32,
7451.334,conflict-at-land,7,33,
7452.564,conflict-at-land,2,28,
7457.811,start,0,23,
7462.837,conflict-at-land,5,19,
7465.702,start,4,32,
7466.334,start,7,33,
7467.564,start,2,28,
7468.123,conflict-at-land,4,32,
7469.934,conflict-at-land,7,33,
7472.936,conflict-at-land,2,28,
7477.837,start,5,19,
7481.748,conflict-at-land,0,23,
7483.123,start,4,32,
7484.934,start,7,33,
7486.303,conflict-at-land,4,32,
7487.759,conflict-at-land,7,33,
7487.936,start,2,28,
7495.445,conflict-at-land,2,28,
7496.748,start,0,23,
7501.303,start,4,32,
7502.759,start,7,33,
7503.573,conflict-at-land,4,32,
7504.892,conflict-at-land,7,33,
7507.02,conflict-at-land,5,19,
7510.445,start,2,28,
7514.754,conflict-at-land,2,28,
7517.051,conflict-at-land,0,23,
7518.573,start,4,32,
7519.892,start,7,33,
7521.561,conflict-at-land,4,32,
7522.02,start,5,19,
7523.277,conflict-at-land,7,33,
7529.754,start,2,28,
7529.939,conflict-at-land,6,6,
7532.051,start,0,23,
7532.935,conflict-at-land,3,27,
7535.142,conflict-at-land,2,28,
7536.561,start,4,32,
7538.277,start,7,33,
7540.277,conflict-at-land,4,32,
7542.124,conflict-at-land,7,33,
7544.939,start,6,6,
7547.935,start,3,27,
7550.142,start,2,28,
7550.519,conflict-at-land,5,19,
7552.779,conflict-at-land,0,23,
7555.277,start,4,32,
7556.412,conflict-at-land,2,28,
7557.124,start,7,33,
7557.778,conflict-at-land,4,32,
7560.326,conflict-at-land,7,33,
7565.519,start,5,19,
7567.779,start,0,23,
7571.412,start,2,28,
7572.778,start,4,32,
7575.326,start,7,33,
7575.901,conflict-at-land,4,32,
7578.601,conflict-at-land,2,28,
7578.734,conflict-at-land,7,33,
7586.3,conflict-at-land,0,23,
7590.901,start,4,32,
7593.601,start,2,28,
7593.734,start,7,33,
7593.839,conflict-at-land,4,32,
7596.702,conflict-at-land,5,19,
7596.74,conflict-at-land,7,33,
7598.807,conflict-at-land,2,28,
7601.3,start,0,23,
7608.839,start,4,32,
7611.374,conflict-at-land,4,32,
7611.702,start,5,19,
7611.74,start,7,33,
7613.807,start,2,28,
7615.606,conflict-at-land,7,33,
7618.659,conflict-at-land,2,28,
7623.222,conflict-at-land,0,23,
7626.374,start,4,32,
7628.91,conflict-at-land,4,32,
7630.606,start,7,33,
7633.659,start,2,28,
7634.167,conflict-at-land,7,33,
7638.222,start,0,23,
7640.458,conflict-at-land,2,28,
7643.91,start,4,32,
7647.064,conflict-at-land,4,32,
7649.167,start,7,33,
7651.695,conflict-at-land,7,33,
7655.458,start,2,28,
7655.756,conflict-at-land,0,23,
7658.785,conflict-at-land,5,19,
7662.064,start,4,32,
7662.764,conflict-at-land,2,28,
7665.222,conflict-at-land,4,32,
7666.556,conflict-at-land,1,25,
7666.695,start,7,33,
7669.715,conflict-at-land,7,33,
7670.756,start,0,23,
7673.785,start,5,19,
7677.764,start,2,28,
7680.222,start,4,32,
7681.556,start,1,25,
7682.973,conflict-at-land,4,32,
7683.666,conflict-at-land,2,28,
7684.715,start,7,33,
7687.172,conflict-at-land,7,33,
7687.493,conflict-at-land,0,23,
7697.973,start,4,32,
7698.666,start,2,28,
7701.333,conflict-at-land,4,32,
7702.172,start,7,33,
7702.493,start,0,23,
7705.791,conflict-at-land,7,33,
7706.196,conflict-at-land,2,28,
7710.579,conflict-at-land,5,19,
7716.333,start,4,32,
7719.857,conflict-at-land,4,32,
7720.791,start,7,33,
7721.196,start,2,28,
7723.131,conflict-at-land,7,33,
7724.944,conflict-at-land,0,23,
7725.579,start,5,19,
7726.152,conflict-at-land,2,28,
7734.857,start,4,32,
7736.96,conflict-at-land,4,32,
7738.131,start,7,33,
7739.944,start,0,23,
7740.382,conflict-at-land,7,33,
7741.152,start,2,28,
7746.061,conflict-at-land,2,28,
7751.96,start,4,32,
7754.392,conflict-at-land,4,32,
7755.382,start,7,33,
7758.194,conflict-at-land,7,33,
7761.061,start,2,28,
7764.457,conflict-at-land,0,23,
7768.274,conflict-at-land,2,28,
7769.346,conflict-at-land,5,19,
7769.392,start,4,32,
7771.511,conflict-at-land,4,32,
7773.194,start,7,33,
7776.873,conflict-at-land,7,33,
7779.457,start,0,23,
7783.274,start,2,28,
7784.346,start,5,19,
7785.184,conflict-at-land,3,27,
7786.511,start,4,32,
7788.83,conflict-at-land,4,32,
7789.529,conflict-at-land,2,28,
7791.873,start,7,33,
7795.698,conflict-at-land,7,33,
7797.998,conflict-at-land,0,23,
7800.184,start,3,27,
7803.83,start,4,32,
7804.529,start,2,28,
7807.379,conflict-at-land,4,32,
7810.698,start,7,33,
7811.894,conflict-at-land,2,28,
7812.998,start,0,23,
7813.615,conflict-at-land,7,33,
7822.379,start,4,32,
7822.705,conflict-at-land,5,19,
7824.592,conflict-at-land,4,32,
7826.894,start,2,28,
7828.615,start,7,33,
7831.586,conflict-at-land,7,33,
7831.626,conflict-at-land,2,28,
7837.705,start,5,19,
7839.592,start,4,32,
7839.797,conflict-at-land,0,23,
7843.146,conflict-at-land,4,32,
7846.586,start,7,33,
7846.626,start,2,28,
7849.634,conflict-at-land,7,33,
7853.702,conflict-at-land,2,28,
7854.797,start,0,23,
7858.146,start,4,32,
7860.295,conflict-at-land,4,32,
7864.634,start,7,33,
7866.754,conflict-at-land,5,19,
7868.337,conflict-at-land,7,33,
7868.702,start,2,28,
7873.106,conflict-at-land,0,23,
7873.652,conflict-at-land,2,28,
7875.295,start,4,32,
7878.146,conflict-at-land,4,32,
7881.754,start,5,19,
7883.337,start,7,33,
7886.493,conflict-at-land,7,33,
7888.106,start,0,23,
7888.652,start,2,28,
7893.146,start,4,32,
7893.565,conflict-at-land,2,28,
7895.316,conflict-at-land,4,32,
7901.493,start,7,33,
7904.201,conflict-at-land,7,33,
7908.565,start,2,28,
7908.652,conflict-at-land,0,23,
7910.316,start,4,32,
7911.994,conflict-at-land,5,19,
7912.694,conflict-at-land,4,32,
7915.586,conflict-at-land,2,28,
7919.201,start,7,33,
7921.712,conflict-at-land,7,33,
7923.652,start,0,23,
7926.994,start,5,19,
7927.694,start,4,32,
7930.586,start,2,28,
7931.241,conflict-at-land,4,32,
7936.712,start,7,33,
7937.108,conflict-at-land,2,28,
7940.342,conflict-at-land,7,33,
7946.147,conflict-at-land,0,23,
7946.241,start,4,32,
7948.621,conflict-at-land,4,32,
7952.108,start,2,28,
7955.342,start,7,33,
7957.493,conflict-at-land,7,33,
7959.627,conflict-at-land,2,28,
7961.147,start,0,23,
7963.621,start,4,32,
7963.909,conflict-at-land,6,6,
7965.908,conflict-at-land,4,32,
7969.155,conflict-at-land,5,19,
7972.493,start,7,33,
7974.627,start,2,28,
7975.989,conflict-at-land,7,33,
7976.59,conflict-at-land,3,27,
7977.346,conflict-at-land,0,23,
7978.909,start,6,6,
7980.644,conflict-at-land,2,28,
7980.908,start,4,32,
7984.155,start,5,19,
7984.762,conflict-at-land,4,32,
7990.989,start,7,33,
7991.59,start,3,27,
7992.346,start,0,23,
7994.194,conflict-at-land,7,33,
7995.644,start,2,28,
7999.762,start,4,32,
8002.215,conflict-at-land,4,32,
8002.481,conflict-at-land,2,28,
8009.194,start,7,33,
8012.29,conflict-at-land,7,33,
8017.215,start,4,32,
8017.481,start,2,28,
8019.106,conflict-at-land,0,23,
8019.352,conflict-at-land,4,32,
8021.744,conflict-at-land,2,28,
8027.29,start,7,33,
8030.539,conflict-at-land,7,33,
8033.737,conflict-at-land,5,19,
8034.106,start,0,23,
8034.352,start,4,32,
8036.744,start,2,28,
8038.002,conflict-at-land,4,32,
8043.655,conflict-at-land,2,28,
8045.539,start,7,33,
8047.886,conflict-at-land,7,33,
8048.737,start,5,19,
8053.002,start,4,32,
8056.868,conflict-at-land,4,32,
8057.87,conflict-at-land,0,23,
8058.655,start,2,28,
8062.886,start,7,33,
8065.292,conflict-at-land,2,28,
8065.851,conflict-at-land,7,33,
8071.868,start,4,32,
8072.87,start,0,23,
8074.499,conflict-at-land,4,32,
8080.292,start,2,28,
8080.851,start,7,33,
8084.682,conflict-at-land,7,33,
8086.743,conflict-at-land,2,28,
8088.373,conflict-at-land,0,23,
8089.499,start,4,32,
8091.806,conflict-at-land,4,32,
8093.306,conflict-at-land,5,19,
8099.682,start,7,33,
8101.743,start,2,28,
8103.26,conflict-at-land,7,33,
8103.373,start,0,23,
8106.806,start,4,32,
8108.306,start,5,19,
8109.175,conflict-at-land,2,28,
8110.428,conflict-at-land,4,32,
8118.26,start,7,33,
8120.901,conflict-at-land,7,33,
8122.511,conflict-at-land,0,23,
8124.175,start,2,28,
8125.428,start,4,32,
8129.111,conflict-at-land,4,32,
8130.414,conflict-at-land,2,28,
8135.901,start,7,33,
8137.511,start,0,23,
8138.965,conflict-at-land,7,33,
8139.251,conflict-at-land,5,19,
8144.111,start,4,32,
8145.414,start,2,28,
8147.885,conflict-at-land,4,32,
8151.672,conflict-at-land,2,28,
8153.336,conflict-at-land,0,23,
8153.965,start,7,33,
8154.251,start,5,19,
8157.467,conflict-at-land,7,33,
8162.885,start,4,32,
8165.588,conflict-at-land,4,32,
8166.672,start,2,28,
8168.336,start,0,23,
8171.197,conflict-at-land,2,28,
8171.197,abandon,2,28,
8171.197,start,2,34,
8172.467,start,7,33,
8175.307,conflict-at-land,7,33,
8179.857,land,2,34,
8179.857,start,2,35,
8180.588,start,4,32,
8184.188,conflict-at-land,4,32,
8185.389,conflict-at-land,0,23,
8186.421,land,2,35,
8186.421,start,2,36,
8186.928,conflict-at-land,5,19,
8190.307,start,7,33,
8191.057,conflict-at-land,3,27,
8191.824,land,2,36,
8191.824,start,2,37,
8194.073,conflict-at-land,7,33,
8198.376,land,2,37,
8198.376,start,2,38,
8199.188,start,4,32,
8200.389,start,0,23,
8201.621,conflict-at-land,4,32,
8201.928,start,5,19,
8203.817,conflict-at-land,2,38,
8206.057,start,3,27,
8209.073,start,7,33,
8212.405,conflict-at-land,7,33,
8216.621,start,4,32,
8218.817,start,2,38,
8219.401,conflict-at-land,4,32,
8224.533,conflict-at-land,2,38,
8227.135,conflict-at-land,0,23,
8227.405,start,7,33,
8230.883,conflict-at-land,7,33,
8234.401,start,4,32,
8236.603,conflict-at-land,1,25,
8236.903,conflict-at-land,4,32,
8239.533,start,2,38,
8242.135,start,0,23,
8244.597,conflict-at-land,5,19,
8244.699,conflict-at-land,2,38,
8245.883,start,7,33,
8249.612,conflict-at-land,7,33,
8251.603,start,1,25,
8251.903,start,4,32,
8255.504,conflict-at-land,4,32,
8259.597,start,5,19,
8259.699,start,2,38,
8263.643,conflict-at-land,0,23,
8263.643,abandon,0,23,
8263.643,start,0,39,
8264.537,conflict-at-land,2,38,
8264.612,start,7,33,
8267.83,conflict-at-land,7,33,
8270.504,start,4,32,
8273.881,conflict-at-land,4,32,
8276.807,conflict-at-land,0,39,
8279.537,start,2,38,
8282.83,start,7,33,
8285.494,conflict-at-land,7,33,
8285.671,conflict-at-land,2,38,
8288.881,start,4,32,
8291.807,start,0,39,
8291.886,conflict-at-land,4,32,
8300.494,start,7,33,
8300.671,start,2,38,
8301.919,conflict-at-land,0,39,
8303.414,conflict-at-land,7,33,
8303.757,conflict-at-land,5,19,
8306.333,conflict-at-land,2,38,
8306.886,start,4,32,
8309.178,conflict-at-land,4,32,
8316.919,start,0,39,
8318.414,start,7,33,
8318.757,start,5,19,
8321.134,conflict-at-land,7,33,
8321.333,start,2,38,
8324.178,start,4,32,
8326.99,conflict-at-land,0,39,
8327.561,conflict-at-land,2,38,
8327.622,conflict-at-land,4,32,
8336.134,start,7,33,
8338.7,conflict-at-land,7,33,
8341.99,start,0,39,
8342.561,start,2,38,
8342.622,start,4,32,
8345.13,conflict-at-land,4,32,
8347.977,conflict-at-land,2,38,
8353.7,start,7,33,
8354.384,conflict-at-land,0,39,
8355.268,conflict-at-land,5,19,
8356.052,conflict-at-land,7,33,
8360.13,start,4,32,
8362.977,start,2,38,
8363.958,conflict-at-land,4,32,
8365.003,conflict-at-land,3,27,
8369.384,start,0,39,
8370.268,start,5,19,
8370.533,conflict-at-land,2,38,
8371.052,start,7,33,
8373.424,conflict-at-land,7,33,
8378.958,start,4,32,
8380.003,start,3,27,
8381.246,conflict-at-land,4,32,
8383.766,conflict-at-land,0,39,
8385.533,start,2,38,
8388.424,start,7,33,
8390.537,conflict-at-land,7,33,
8391.267,conflict-at-land,2,38,
8396.246,start,4,32,
8398.766,start,0,39,
8399.106,conflict-at-land,4,32,
8401.583,conflict-at-land,5,19,
8405.537,start,7,33,
8406.267,start,2,38,
8407.383,conflict-at-land,6,6,
8409.138,conflict-at-land,7,33,
8411.151,conflict-at-land,2,38,
8412.128,conflict-at-land,0,39,
8414.106,start,4,32,
8416.209,conflict-at-land,4,32,
8416.583,start,5,19,
8422.383,start,6,6,
8424.138,start,7,33,
8426.151,start,2,38,
8426.803,conflict-at-land,7,33,
8427.128,start,0,39,
8430.908,conflict-at-land,2,38,
8431.209,start,4,32,
8433.788,conflict-at-land,4,32,
8437.46,conflict-at-land,0,39,
8441.803,start,7,33,
8444.365,conflict-at-land,7,33,
8445.908,start,2,38,
8448.788,start,4,32,
8450.946,conflict-at-land,2,38,
8451.819,conflict-at-land,4,32,
8452.46,start,0,39,
8459.365,start,7,33,
8462.021,conflict-at-land,7,33,
8462.484,conflict-at-land,5,19,
8465.946,start,2,38,
8466.716,conflict-at-land,0,39,
8466.819,start,4,32,
8469.79,conflict-at-land,4,32,
8471.645,conflict-at-land,2,38,
8477.021,start,7,33,
8477.484,start,5,19,
8480.638,conflict-at-land,7,33,
8481.716,start,0,39,
8484.79,start,4,32,
8486.645,start,2,38,
8487.202,conflict-at-land,4,32,
8493.744,conflict-at-land,2,38,
8495.638,start,7,33,
8497.211,conflict-at-land,0,39,
8498.268,conflict-at-land,7,33,
8502.202,start,4,32,
8505.339,conflict-at-land,4,32,
8508.744,start,2,38,
8512.211,start,0,39,
8513.268,start,7,33,
8514.842,conflict-at-land,2,38,
8515.947,conflict-at-land,7,33,
8520.339,start,4,32,
8522.569,conflict-at-land,4,32,
8522.72,conflict-at-land,5,19,
8524.749,conflict-at-land,0,39,
8529.842,start,2,38,
8530.947,start,7,33,
8534.07,conflict-at-land,2,38,
8534.717,conflict-at-land,7,33,
8537.569,start,4,32,
8537.72,start,5,19,
8539.749,start,0,39,
8541.265,conflict-at-land,4,32,
8548.795,conflict-at-land,0,39,
8549.07,start,2,38,
8549.717,start,7,33,
8552.72,conflict-at-land,7,33,
8556.265,start,4,32,
8556.287,conflict-at-land,2,38,
8559.211,conflict-at-land,4,32,
8563.795,start,0,39,
8567.72,start,7,33,
8570.103,conflict-at-land,7,33,
8571.287,start,2,38,
8572.783,conflict-at-land,3,27,
8574.211,start,4,32,
8575.785,conflict-at-land,5,19,
8576.274,conflict-at-land,2,38,
8576.796,conflict-at-land,0,39,
8577.778,conflict-at-land,4,32,
8585.103,start,7,33,
8587.783,start,3,27,
8588.526,conflict-at-land,7,33,
8590.785,start,5,19,
8591.274,start,2,38,
8591.796,start,0,39,
8592.778,start,4,32,
8595.791,conflict-at-land,4,32,
8598.972,conflict-at-land,2,38,
8603.526,start,7,33,
8606.597,conflict-at-land,0,39,
8607.231,conflict-at-land,7,33,
8610.791,start,4,32,
8613.184,conflict-at-land,4,32,
8613.972,start,2,38,
8618.426,conflict-at-land,2,38,
8621.597,start,0,39,
8622.231,start,7,33,
8624.586,conflict-at-land,7,33,
8628.184,start,4,32,
8628.225,conflict-at-land,5,19,
8631.212,conflict-at-land,4,32,
8633.426,start,2,38,
8635.858,conflict-at-land,0,39,
8639.586,start,7,33,
8640.279,conflict-at-land,2,38,
8642.909,conflict-at-land,7,33,
8643.225,start,5,19,
8646.212,start,4,32,
8649.728,conflict-at-land,4,32,
8650.858,start,0,39,
8655.279,start,2,38,
8657.909,start,7,33,
8659.565,conflict-at-land,0,39,
8661.502,conflict-at-land,2,38,
8661.625,conflict-at-land,7,33,
8664.728,start,4,32,
8667.812,conflict-at-land,4,32,
8667.812,abandon,4,32,
8667.812,start,4,40,
8673.101,conflict-at-land,4,40,
8674.565,start,0,39,
8675.675,conflict-at-land,5,19,
8676.502,start,2,38,
8676.625,start,7,33,
8680.149,conflict-at-land,7,33,
8683.318,conflict-at-land,2,38,
8688.101,start,4,40,
8690.145,conflict-at-land,0,39,
8690.675,start,5,19,
8695.149,start,7,33,
8695.527,conflict-at-land,4,40,
8698.283,conflict-at-land,7,33,
8698.318,start,2,38,
8705.145,start,0,39,
8705.486,conflict-at-land,2,38,
8710.527,start,4,40,
8713.283,start,7,33,
8715.645,conflict-at-land,4,40,
8715.883,conflict-at-land,7,33,
8717.159,conflict-at-land,0,39,
8720.486,start,2,38,
8725.629,conflict-at-land,2,38,
8730.645,start,4,40,
8730.883,start,7,33,
8732.159,start,0,39,
8734.099,conflict-at-land,7,33,
8734.937,conflict-at-land,4,40,
8739.795,conflict-at-land,6,6,
8739.854,conflict-at-land,5,19,
8740.629,start,2,38,
8743.441,conflict-at-land,0,39,
8748.106,conflict-at-land,2,38,
8749.099,start,7,33,
8749.937,start,4,40,
8751.291,conflict-at-land,7,33,
8754.795,start,6,6,
8754.854,start,5,19,
8756.956,conflict-at-land,4,40,
8758.441,start,0,39,
8763.106,start,2,38,
8766.291,start,7,33,
8767.996,conflict-at-land,1,25,
8768.947,conflict-at-land,0,39,
8769.554,conflict-at-land,7,33,
8770.752,conflict-at-land,2,38,
8771.956,start,4,40,
8777.839,conflict-at-land,4,40,
8782.996,start,1,25,
8783.947,start,0,39,
8784.554,start,7,33,
8785.752,start,2,38,
8787.315,conflict-at-land,7,33,
8789.732,conflict-at-land,5,19,
8792.69,conflict-at-land,0,39,
8792.839,start,4,40,
8793.459,conflict-at-land,2,38,
8798.639,conflict-at-land,4,40,
8802.315,start,7,33,
8804.732,start,5,19,
8805.631,conflict-at-land,7,33,
8807.69,start,0,39,
8808.459,start,2,38,
8813.639,start,4,40,
8813.814,conflict-at-land,2,38,
8816.433,conflict-at-land,0,39,
8819.343,conflict-at-land,4,40,
8820.631,start,7,33,
8823.138,conflict-at-land,7,33,
8828.814,start,2,38,
8831.433,start,0,39,
8834.343,start,4,40,
8834.393,conflict-at-land,2,38,
8838.138,start,7,33,
8839.028,conflict-at-land,4,40,
8841.488,conflict-at-land,7,33,
8844.74,conflict-at-land,0,39,
8849.393,start,2,38,
8852.634,conflict-at-land,5,19,
8854.028,start,4,40,
8854.661,conflict-at-land,2,38,
8856.488,start,7,33,
8858.9,conflict-at-land,7,33,
8859.74,start,0,39,
8860.594,conflict-at-land,4,40,
8867.634,start,5,19,
8869.661,start,2,38,
8870.349,conflict-at-land,3,27,
8873.823,conflict-at-land,0,39,
8873.9,start,7,33,
8875.594,start,4,40,
8876.857,conflict-at-land,2,38,
8877.742,conflict-at-land,7,33,
8881.887,conflict-at-land,4,40,
8885.349,start,3,27,
8888.823,start,0,39,
8891.857,start,2,38,
8892.742,start,7,33,
8896.016,conflict-at-land,7,33,
8896.887,start,4,40,
8899.571,conflict-at-land,2,38,
8899.859,conflict-at-land,0,39,
8903.818,conflict-at-land,4,40,
8904.744,conflict-at-land,5,19,
8911.016,start,7,33,
8913.973,conflict-at-land,7,33,
8914.571,start,2,38,
8914.859,start,0,39,
8918.818,start,4,40,
8919.744,start,5,19,
8922.156,conflict-at-land,2,38,
8925.223,conflict-at-land,4,40,
8928.973,start,7,33,
8929.789,conflict-at-land,0,39,
8931.259,conflict-at-land,7,33,
8937.156,start,2,38,
8940.223,start,4,40,
8941.383,conflict-at-land,2,38,
8944.789,start,0,39,
8945.163,conflict-at-land,4,40,
8946.259,start,7,33,
8949.884,conflict-at-land,7,33,
8956.383,start,2,38,
8958.378,conflict-at-land,0,39,
8960.163,start,4,40,
8960.843,conflict-at-land,5,19,
8963.354,conflict-at-land,2,38,
8964.884,start,7,33,
8967.039,conflict-at-land,7,33,
8967.556,conflict-at-land,4,40,
8973.378,start,0,39,
8975.843,start,5,19,
8978.354,start,2,38,
8981.984,conflict-at-land,0,39,
8982.039,start,7,33,
8982.556,start,4,40,
8982.619,conflict-at-land,2,38,
8985.193,conflict-at-land,7,33,
8990.103,conflict-at-land,4,40,
8996.984,start,0,39,
8997.619,start,2,38,
9000.193,start,7,33,
9002.202,conflict-at-land,2,38,
9003.489,conflict-at-land,7,33,
9005.103,start,4,40,
9009.117,conflict-at-land,5,19,
9011.718,conflict-at-land,4,40,
9011.856,conflict-at-land,0,39,
9017.202,start,2,38,
9018.489,start,7,33,
9021.33,conflict-at-land,7,33,
9023.768,conflict-at-land,2,38,
9024.117,start,5,19,
9026.718,start,4,40,
9026.856,start,0,39,
9034.109,conflict-at-land,4,40,
9034.2,conflict-at-land,6,6,
9036.33,start,7,33,
9038.768,start,2,38,
9039.719,conflict-at-land,7,33,
9041.442,conflict-at-land,3,27,
9041.763,conflict-at-land,0,39,
9044.926,conflict-at-land,2,38,
9049.109,start,4,40,
9049.2,start,6,6,
9053.427,conflict-at-land,4,40,
9054.719,start,7,33,
9056.442,start,3,27,
9056.763,start,0,39,
9056.95,conflict-at-land,5,19,
9057.251,conflict-at-land,7,33,
9059.926,start,2,38,
9066.531,conflict-at-land,2,38,
9066.718,conflict-at-land,0,39,
9068.427,start,4,40,
9071.95,start,5,19,
9072.251,start,7,33,
9075.075,conflict-at-land,4,40,
9075.974,conflict-at-land,7,33,
9081.531,start,2,38,
9081.718,start,0,39,
9085.733,conflict-at-land,2,38,
9090.075,start,4,40,
9090.974,start,7,33,
9094.235,conflict-at-land,7,33,
9096.374,conflict-at-land,4,40,
9096.998,conflict-at-land,0,39,
9100.733,start,2,38,
9103.367,conflict-at-land,5,19,
9105.946,conflict-at-land,2,38,
9109.235,start,7,33,
9111.374,start,4,40,
9111.998,start,0,39,
9112.58,conflict-at-land,7,33,
9118.367,start,5,19,
9118.729,conflict-at-land,4,40,
9120.946,start,2,38,
9121.877,conflict-at-land,0,39,
9127.58,start,7,33,
9127.982,conflict-at-land,2,38,
9130.129,conflict-at-land,7,33,
9130.129,abandon,7,33,
9130.129,start,7,41,
9133.729,start,4,40,
9136.877,start,0,39,
9139.7,conflict-at-land,4,40,
9142.982,refuse,2,38,
9146.622,conflict-at-land,0,39,
9148.448,conflict-at-land,7,41,
9148.751,conflict-at-land,5,19,
9154.7,start,4,40,
9157.982,start,2,38,
9159.668,conflict-at-land,4,40,
9161.622,start,0,39,
9163.204,conflict-at-land,2,38,
9163.448,start,7,41,
9163.751,start,5,19,
9170.63,conflict-at-land,0,39,
9174.668,start,4,40,
9178.204,refuse,2,38,
9181.22,conflict-at-land,4,40,
9185.63,start,0,39,
9192.041,conflict-at-land,7,41,
9193.204,start,2,38,
9196.133,conflict-at-land,0,39,
9196.22,start,4,40,
9200.194,conflict-at-land,2,38,
9203.88,conflict-at-land,4,40,
9204.28,conflict-at-land,5,19,
9207.041,start,7,41,
9211.133,start,0,39,
9215.194,refuse,2,38,
9218.88,start,4,40,
9219.28,start,5,19,
9219.839,conflict-at-land,0,39,
9224.197,conflict-at-land,4,40,
9230.194,refuse,2,38,
9234.839,start,0,39,
9238.235,conflict-at-land,7,41,
9239.197,start,4,40,
9241.633,conflict-at-land,3,27,
9245.194,start,2,38,
9245.764,conflict-at-land,4,40,
9246.657,conflict-at-land,0,39,
9248.675,conflict-at-land,5,19,
9251.584,conflict-at-land,2,38,
9253.235,start,7,41,
9256.633,start,3,27,
9260.764,start,4,40,
9261.657,start,0,39,
9263.675,start,5,19,
9266.584,refuse,2,38,
9267.21,conflict-at-land,4,40,
9275.14,conflict-at-land,7,41,
9277.233,conflict-at-land,0,39,
9281.584,start,2,38,
9282.21,start,4,40,
9286.767,conflict-at-land,4,40,
9288.105,conflict-at-land,2,38,
9290.14,start,7,41,
9292.233,start,0,39,
9300.933,conflict-at-land,5,19,
9301.767,start,4,40,
9303.105,refuse,2,38,
9305.287,conflict-at-land,0,39,
9306.806,conflict-at-land,4,40,
9314.655,conflict-at-land,7,41,
9315.933,start,5,19,
9318.105,start,2,38,
9320.287,start,0,39,
9321.806,start,4,40,
9322.782,conflict-at-land,2,38,
9328.191,conflict-at-land,4,40,
9329.655,start,7,41,
9332.01,conflict-at-land,0,39,
9337.782,refuse,2,38,
9339.846,conflict-at-land,1,25,
9343.191,start,4,40,
9345.362,conflict-at-land,6,6,
9347.01,start,0,39,
9347.936,conflict-at-land,4,40,
9352.782,refuse,2,38,
9353.365,conflict-at-land,7,41,
9354.846,start,1,25,
9356.779,conflict-at-land,0,39,
9357.84,conflict-at-land,5,19,
9360.362,start,6,6,
9362.936,start,4,40,
9367.782,start,2,38,
9368.365,refuse,7,41,
9368.695,conflict-at-land,4,40,
9371.779,start,0,39,
9372.704,conflict-at-land,2,38,
9372.84,start,5,19,
9382.613,conflict-at-land,0,39,
9383.365,start,7,41,
9383.695,start,4,40,
9387.704,refuse,2,38,
9390.015,conflict-at-land,4,40,
9397.613,start,0,39,
9402.147,conflict-at-land,7,41,
9402.704,start,2,38,
9405.015,start,4,40,
9407.36,conflict-at-land,5,19,
9408.076,conflict-at-land,2,38,
9409.221,conflict-at-land,4,40,
9409.404,conflict-at-land,0,39,
9417.147,start,7,41,
9422.36,start,5,19,
9423.076,refuse,2,38,
9424.221,start,4,40,
9424.404,start,0,39,
9428.836,conflict-at-land,4,40,
9434.919,conflict-at-land,0,39,
9438.076,refuse,2,38,
9443.836,start,4,40,
9447.107,conflict-at-land,7,41,
9449.919,start,0,39,
9450.721,conflict-at-land,5,19,
9450.877,conflict-at-land,4,40,
9453.076,start,2,38,
9460.009,conflict-at-land,2,38,
9462.107,start,7,41,
9465.062,conflict-at-land,0,39,
9465.721,start,5,19,
9465.877,start,4,40,
9470.194,conflict-at-land,4,40,
9475.009,refuse,2,38,
9480.062,start,0,39,
9481.878,conflict-at-land,7,41,
9485.194,start,4,40,
9489.27,conflict-at-land,0,39,
9489.796,conflict-at-land,4,40,
9490.009,start,2,38,
9496.237,conflict-at-land,2,38,
9496.878,start,7,41,
9504.27,start,0,39,
9504.796,start,4,40,
9511.237,refuse,2,38,
9512.409,conflict-at-land,4,40,
9512.66,conflict-at-land,5,19,
9517.182,conflict-at-land,0,39,
9522.226,conflict-at-land,7,41,
9526.237,start,2,38,
9527.409,start,4,40,
9527.66,start,5,19,
9532.182,start,0,39,
9533.145,conflict-at-land,2,38,
9534.287,conflict-at-land,4,40,
9536.548,conflict-at-land,3,27,
9537.226,start,7,41,
9547.138,conflict-at-land,0,39,
9548.145,refuse,2,38,
9549.287,start,4,40,
9551.548,start,3,27,
9556.469,conflict-at-land,4,40,
9559.007,conflict-at-land,5,19,
9562.138,start,0,39,
9563.145,refuse,2,38,
9567.258,conflict-at-land,7,41,
9571.469,start,4,40,
9574.007,start,5,19,
9575.679,conflict-at-land,0,39,
9577.539,conflict-at-land,4,40,
9578.145,start,2,38,
9582.258,refuse,7,41,
9583.309,conflict-at-land,2,38,
9590.679,start,0,39,
9592.539,start,4,40,
9597.258,start,7,41,
9598.309,refuse,2,38,
9599.643,conflict-at-land,4,40,
9604.644,conflict-at-land,0,39,
9613.309,refuse,2,38,
9613.875,conflict-at-land,5,19,
9614.643,start,4,40,
9619.644,start,0,39,
9619.93,conflict-at-land,4,40,
9625.142,conflict-at-land,7,41,
9628.309,start,2,38,
9628.875,start,5,19,
9632.821,conflict-at-land,2,38,
9633.345,conflict-at-land,0,39,
9634.93,start,4,40,
9639.24,conflict-at-land,4,40,
9640.142,start,7,41,
9647.821,refuse,2,38,
9648.345,start,0,39,
9654.24,start,4,40,
9657.03,conflict-at-land,7,41,
9657.496,conflict-at-land,0,39,
9660.79,conflict-at-land,4,40,
9662.821,start,2,38,
9670.562,conflict-at-land,2,38,
9672.03,start,7,41,
9672.102,conflict-at-land,5,19,
9672.496,start,0,39,
9675.79,start,4,40,
9682.1,conflict-at-land,4,40,
9685.536,conflict-at-land,0,39,
9685.562,refuse,2,38,
9687.102,start,5,19,
9695.563,conflict-at-land,7,41,
9697.1,start,4,40,
9700.536,start,0,39,
9700.562,start,2,38,
9704.791,conflict-at-land,4,40,
9705.956,conflict-at-land,2,38,
9710.563,start,7,41,
9714.824,conflict-at-land,0,39,
9715.46,conflict-at-land,3,27,
9719.791,start,4,40,
9720.956,refuse,2,38,
9727.206,conflict-at-land,4,40,
9728.398,conflict-at-land,7,41,
9729.824,start,0,39,
9730.46,start,3,27,
9733.562,conflict-at-land,6,6,
9734.089,conflict-at-land,5,19,
9735.956,start,2,38,
9740.233,conflict-at-land,0,39,
9742.206,start,4,40,
9743.27,conflict-at-land,2,38,
9743.398,start,7,41,
9747.011,conflict-at-land,4,40,
9748.562,start,6,6,
9749.089,start,5,19,
9755.233,start,0,39,
9758.27,refuse,2,38,
9762.011,start,4,40,
9762.991,conflict-at-land,7,41,
9769.767,conflict-at-land,0,39,
9769.786,conflict-at-land,4,40,
9773.27,start,2,38,
9777.991,refuse,7,41,
9778.453,conflict-at-land,2,38,
9784.767,start,0,39,
9784.786,start,4,40,
9792.129,conflict-at-land,4,40,
9792.991,start,7,41,
9793.453,refuse,2,38,
9796.143,conflict-at-land,5,19,
9797.651,conflict-at-land,0,39,
9807.129,start,4,40,
9808.453,refuse,2,38,
9811.143,start,5,19,
9812.651,start,0,39,
9813.442,conflict-at-land,4,40,
9815.214,conflict-at-land,7,41,
9823.453,start,2,38,
9827.22,conflict-at-land,0,39,
9828.442,start,4,40,
9829.247,conflict-at-land,2,38,
9830.214,start,7,41,
9834.392,conflict-at-land,4,40,
9842.22,start,0,39,
9843.698,conflict-at-land,5,19,
9844.247,refuse,2,38,
9849.392,start,4,40,
9852.917,conflict-at-land,0,39,
9856.46,conflict-at-land,7,41,
9856.519,conflict-at-land,4,40,
9858.698,start,5,19,
9859.247,start,2,38,
9864.993,conflict-at-land,2,38,
9867.917,start,0,39,
9871.46,start,7,41,
9871.519,start,4,40,
9878.274,conflict-at-land,4,40,
9879.993,refuse,2,38,
9881.542,conflict-at-land,0,39,
9893.274,start,4,40,
9894.993,refuse,2,38,
9896.542,start,0,39,
9896.744,conflict-at-land,5,19,
9897.862,conflict-at-land,7,41,
9900.623,conflict-at-land,4,40,
9909.993,start,2,38,
9910.768,conflict-at-land,0,39,
9911.744,start,5,19,
9912.862,refuse,7,41,
9915.623,start,4,40,
9915.661,conflict-at-land,2,38,
9922.933,conflict-at-land,4,40,
9925.768,start,0,39,
9927.862,start,7,41,
9930.661,refuse,2,38,
9934.569,conflict-at-land,0,39,
9937.933,start,4,40,
9944.032,conflict-at-land,4,40,
9945.661,refuse,2,38,
9949.569,start,0,39,
9954.109,conflict-at-land,5,19,
9954.154,conflict-at-land,7,41,
9959.032,start,4,40,
9960.661,start,2,38,
9960.871,conflict-at-land,0,39,
9963.66,conflict-at-land,4,40,
9965.898,conflict-at-land,2,38,
9969.109,start,5,19,
9969.154,start,7,41,
9975.871,start,0,39,
9978.66,start,4,40,
9980.898,refuse,2,38,
9983.447,conflict-at-land,3,27,
9985.576,conflict-at-land,4,40,
9990.308,conflict-at-land,1,25,
9991.375,conflict-at-land,0,39,
9995.898,refuse,2,38,
9998.447,start,3,27,
9998.688,conflict-at-land,7,41,
10000.576,start,4,40,
10005.308,start,1,25,
10006.375,start,0,39,
10007.75,conflict-at-land,4,40,
10010.898,start,2,38,
10013.688,refuse,7,41,
10013.959,conflict-at-land,5,19,
10018.227,conflict-at-land,2,38,
10019.746,conflict-at-land,0,39,
10022.75,start,4,40,
10028.688,start,7,41,
10028.959,start,5,19,
10029.658,conflict-at-land,4,40,
10033.227,refuse,2,38,
10034.746,start,0,39,
10044.658,start,4,40,
10045.953,conflict-at-land,0,39,
10048.227,refuse,2,38,
10049.47,conflict-at-land,7,41,
10050.415,conflict-at-land,4,40,
10060.953,start,0,39,
10063.227,start,2,38,
10064.47,refuse,7,41,
10065.415,start,4,40,
10069.861,conflict-at-land,2,38,
10070.105,conflict-at-land,4,40,
10072.64,conflict-at-land,5,19,
10074.615,conflict-at-land,0,39,
10074.68,conflict-at-land,6,6,
10079.47,start,7,41,
10084.861,refuse,2,38,
10085.105,start,4,40,
10087.64,start,5,19,
10089.52,conflict-at-land,4,40,
10089.615,start,0,39,
10089.68,start,6,6,
10099.861,refuse,2,38,
10103.953,conflict-at-land,0,39,
10104.52,start,4,40,
10105.497,conflict-at-land,7,41,
10109.635,conflict-at-land,4,40,
10114.861,start,2,38,
10118.953,start,0,39,
10119.783,conflict-at-land,5,19,
10120.497,refuse,7,41,
10121.813,conflict-at-land,2,38,
10124.635,start,4,40,
10128.667,conflict-at-land,0,39,
10130.627,conflict-at-land,4,40,
10134.783,start,5,19,
10135.497,start,7,41,
10136.813,refuse,2,38,
10143.667,start,0,39,
10145.627,start,4,40,
10151.813,refuse,2,38,
10151.815,conflict-at-land,4,40,
10153.507,conflict-at-land,7,41,
10155.186,conflict-at-land,0,39,
10166.813,start,2,38,
10166.815,start,4,40,
10168.507,refuse,7,41,
10170.186,start,0,39,
10170.237,conflict-at-land,5,19,
10171.385,conflict-at-land,4,40,
10174.077,conflict-at-land,2,38,
10180.656,conflict-at-land,0,39,
10183.507,start,7,41,
10185.237,start,5,19,
10186.385,start,4,40,
10189.077,refuse,2,38,
10191.544,conflict-at-land,4,40,
10195.656,start,0,39,
10200.366,conflict-at-land,7,41,
10204.077,start,2,38,
10206.544,start,4,40,
10209.961,conflict-at-land,0,39,
10211.518,conflict-at-land,4,40,
10211.656,conflict-at-land,2,38,
10215.366,start,7,41,
10217.418,conflict-at-land,5,19,
10224.961,start,0,39,
10226.518,start,4,40,
10226.656,refuse,2,38,
10232.418,start,5,19,
10232.485,conflict-at-land,4,40,
10237.132,conflict-at-land,0,39,
10239.111,conflict-at-land,7,41,
10241.656,start,2,38,
10247.485,start,4,40,
10249.277,conflict-at-land,2,38,
10251.823,conflict-at-land,4,40,
10252.132,start,0,39,
10254.111,start,7,41,
10263.47,conflict-at-land,0,39,
10264.277,refuse,2,38,
10266.823,start,4,40,
10267.401,conflict-at-land,3,27,
10273.363,conflict-at-land,4,40,
10278.47,start,0,39,
10278.517,conflict-at-land,7,41,
10279.277,start,2,38,
10282.164,conflict-at-land,5,19,
10282.401,start,3,27,
10286.429,conflict-at-land,2,38,
10288.363,start,4,40,
10290.688,conflict-at-land,0,39,
10293.517,start,7,41,
10294.224,conflict-at-land,4,40,
10297.164,start,5,19,
10301.429,refuse,2,38,
10305.688,start,0,39,
10309.224,start,4,40,
10315.339,conflict-at-land,0,39,
10315.643,conflict-at-land,4,40,
10316.429,refuse,2,38,
10322.274,conflict-at-land,7,41,
10328.458,conflict-at-land,5,19,
10330.339,start,0,39,
10330.643,start,4,40,
10331.429,start,2,38,
10336.077,conflict-at-land,2,38,
10336.806,conflict-at-land,4,40,
10337.274,start,7,41,
10339.783,conflict-at-land,0,39,
10343.458,start,5,19,
10351.077,refuse,2,38,
10351.806,start,4,40,
10354.783,start,0,39,
10356.765,conflict-at-land,7,41,
10358.825,conflict-at-land,4,40,
10366.077,start,2,38,
10367.583,conflict-at-land,0,39,
10371.765,refuse,7,41,
10372.467,conflict-at-land,2,38,
10373.825,start,4,40,
10378.58,conflict-at-land,5,19,
10380.285,conflict-at-land,4,40,
10382.583,start,0,39,
10386.765,start,7,41,
10387.467,refuse,2,38,
10393.58,start,5,19,
10393.84,conflict-at-land,0,39,
10395.285,start,4,40,
10401.748,conflict-at-land,4,40,
10402.467,refuse,2,38,
10408.84,start,0,39,
10416.748,start,4,40,
10417.467,refuse,2,38,
10417.622,conflict-at-land,7,41,
10417.724,conflict-at-land,0,39,
10421.848,conflict-at-land,4,40,
10432.467,start,2,38,
10432.622,refuse,7,41,
10432.724,start,0,39,
10434.809,conflict-at-land,5,19,
10436.848,start,4,40,
10438.776,conflict-at-land,2,38,
10443.58,conflict-at-land,4,40,
10447.622,start,7,41,
10448.007,conflict-at-land,0,39,
10448.654,conflict-at-land,3,27,
10449.809,start,5,19,
10453.776,refuse,2,38,
10458.58,start,4,40,
10463.007,start,0,39,
10463.545,conflict-at-land,4,40,
10463.654,start,3,27,
10465.204,conflict-at-land,7,41,
10468.776,start,2,38,
10473.197,conflict-at-land,2,38,
10475.694,conflict-at-land,0,39,
10478.545,start,4,40,
10480.204,start,7,41,
10485.526,conflict-at-land,4,40,
10488.197,refuse,2,38,
10490.694,start,0,39,
10496.011,conflict-at-land,5,19,
10500.526,start,4,40,
10503.197,refuse,2,38,
10503.449,conflict-at-land,0,39,
10504.001,conflict-at-land,7,41,
10507.263,conflict-at-land,4,40,
10511.011,start,5,19,
10516.411,conflict-at-land,6,6,
10518.197,start,2,38,
10518.449,start,0,39,
10519.001,refuse,7,41,
10522.263,start,4,40,
10523.897,conflict-at-land,2,38,
10528.372,conflict-at-land,4,40,
10529.166,conflict-at-land,0,39,
10531.411,start,6,6,
10534.001,start,7,41,
10538.897,refuse,2,38,
10543.372,start,4,40,
10544.166,start,0,39,
10550.491,conflict-at-land,4,40,
10552.207,conflict-at-land,5,19,
10553.897,refuse,2,38,
10554.156,conflict-at-land,1,25,
10554.579,conflict-at-land,7,41,
10555.03,conflict-at-land,0,39,
10565.491,start,4,40,
10567.207,start,5,19,
10568.897,start,2,38,
10569.156,start,1,25,
10569.579,refuse,7,41,
10570.03,start,0,39,
10572.286,conflict-at-land,4,40,
10574.772,conflict-at-land,2,38,
10580.809,conflict-at-land,0,39,
10584.579,start,7,41,
10587.286,start,4,40,
10589.772,refuse,2,38,
10594.541,conflict-at-land,4,40,
10595.809,start,0,39,
10601.431,conflict-at-land,7,41,
10604.772,start,2,38,
10609.541,start,4,40,
10609.605,conflict-at-land,0,39,
10610.408,conflict-at-land,5,19,
10611.63,conflict-at-land,2,38,
10616.431,start,7,41,
10617.053,conflict-at-land,4,40,
10624.605,start,0,39,
10625.408,start,5,19,
10626.63,refuse,2,38,
10632.053,start,4,40,
10636.073,conflict-at-land,0,39,
10639.109,conflict-at-land,7,41,
10639.393,conflict-at-land,4,40,
10641.63,start,2,38,
10642.063,conflict-at-land,3,27,
10646.842,conflict-at-land,2,38,
10651.073,start,0,39,
10654.109,start,7,41,
10654.393,start,4,40,
10657.063,start,3,27,
10659.508,conflict-at-land,4,40,
10661.842,refuse,2,38,
10664.934,conflict-at-land,0,39,
10667.043,conflict-at-land,5,19,
10674.508,start,4,40,
10676.842,refuse,2,38,
10679.292,conflict-at-land,4,40,
10679.934,start,0,39,
10682.043,start,5,19,
10684.691,conflict-at-land,7,41,
10691.842,start,2,38,
10692.98,conflict-at-land,0,39,
10694.292,start,4,40,
10698.824,conflict-at-land,4,40,
10699.456,conflict-at-land,2,38,
10699.691,start,7,41,
10707.98,start,0,39,
10713.824,start,4,40,
10714.401,conflict-at-land,5,19,
10714.456,refuse,2,38,
10718.929,conflict-at-land,0,39,
10721.337,conflict-at-land,4,40,
10729.376,conflict-at-land,7,41,
10729.401,start,5,19,
10729.456,start,2,38,
10733.929,start,0,39,
10734.056,conflict-at-land,2,38,
10736.337,start,4,40,
10741.614,conflict-at-land,4,40,
10744.376,start,7,41,
10747.192,conflict-at-land,0,39,
10749.056,refuse,2,38,
10756.614,start,4,40,
10762.192,start,0,39,
10763.776,conflict-at-land,4,40,
10764.056,refuse,2,38,
10764.633,conflict-at-land,5,19,
10772.437,conflict-at-land,0,39,
10774.711,conflict-at-land,7,41,
10778.776,start,4,40,
10779.056,start,2,38,
10779.633,start,5,19,
10784.74,conflict-at-land,4,40,
10785.237,conflict-at-land,2,38,
10787.437,start,0,39,
10789.711,start,7,41,
10797.738,conflict-at-land,0,39,
10799.74,start,4,40,
10800.237,refuse,2,38,
10805.808,conflict-at-land,4,40,
10812.648,conflict-at-land,3,27,
10812.738,start,0,39,
10814.664,conflict-at-land,7,41,
10815.237,start,2,38,
10820.808,start,4,40,
10821.292,conflict-at-land,6,6,
10821.437,conflict-at-land,2,38,
10825.019,conflict-at-land,5,19,
10825.371,conflict-at-land,0,39,
10826.564,conflict-at-land,4,40,
10827.648,start,3,27,
10829.664,start,7,41,
10836.292,start,6,6,
10836.437,refuse,2,38,
10840.019,start,5,19,
10840.371,start,0,39,
10841.564,start,4,40,
10847.181,conflict-at-land,4,40,
10849.538,conflict-at-land,0,39,
10851.437,refuse,2,38,
10852.153,conflict-at-land,7,41,
10862.181,start,4,40,
10864.538,start,0,39,
10866.437,start,2,38,
10867.153,refuse,7,41,
10869.139,conflict-at-land,4,40,
10870.927,conflict-at-land,2,38,
10877.85,conflict-at-land,0,39,
10879.541,conflict-at-land,5,19,
10882.153,start,7,41,
10884.139,start,4,40,
10885.927,refuse,2,38,
10889.965,conflict-at-land,4,40,
10892.85,start,0,39,
10894.541,start,5,19,
10900.927,refuse,2,38,
10904.904,conflict-at-land,7,41,
10904.965,start,4,40,
10907.336,conflict-at-land,0,39,
10912.464,conflict-at-land,4,40,
10915.927,start,2,38,
10919.904,refuse,7,41,
10922.336,start,0,39,
10923.057,conflict-at-land,2,38,
10927.464,start,4,40,
10928.098,conflict-at-land,5,19,
10930.878,conflict-at-land,0,39,
10933.455,conflict-at-land,4,40,
10934.904,start,7,41,
10938.057,refuse,2,38,
10943.098,start,5,19,
10945.878,start,0,39,
10948.455,start,4,40,
10953.057,refuse,2,38,
10953.381,conflict-at-land,4,40,
10959.375,conflict-at-land,7,41,
10960.668,conflict-at-land,0,39,
10968.057,start,2,38,
10968.381,start,4,40,
10972.613,conflict-at-land,4,40,
10974.375,refuse,7,41,
10975.239,conflict-at-land,2,38,
10975.668,start,0,39,
10985.163,conflict-at-land,5,19,
10987.613,start,4,40,
10989.375,start,7,41,
10990.067,conflict-at-land,0,39,
10990.239,refuse,2,38,
10992.755,conflict-at-land,4,40,
11000.163,start,5,19,
11005.067,start,0,39,
11005.239,refuse,2,38,
11006.552,conflict-at-land,7,41,
11007.755,start,4,40,
11014.323,conflict-at-land,4,40,
11020.239,start,2,38,
11020.458,conflict-at-land,0,39,
11021.552,refuse,7,41,
11027.241,conflict-at-land,2,38,
11029.323,start,4,40,
11031.817,conflict-at-land,3,27,
11034.952,conflict-at-land,4,40,
11035.458,start,0,39,
11036.552,start,7,41,
11042.241,refuse,2,38,
11045.642,conflict-at-land,0,39,
11046.485,conflict-at-land,5,19,
11046.817,start,3,27,
11049.952,start,4,40,
11055.119,conflict-at-land,4,40,
11057.241,refuse,2,38,
11060.642,start,0,39,
11061.485,start,5,19,
11062.921,conflict-at-land,7,41,
11070.119,start,4,40,
11071.746,conflict-at-land,0,39,
11072.241,start,2,38,
11075.272,conflict-at-land,4,40,
11077.921,refuse,7,41,
11079.559,conflict-at-land,2,38,
11086.746,start,0,39,
11090.272,start,4,40,
11092.921,start,7,41,
11094.551,conflict-at-land,4,40,
11094.559,refuse,2,38,
11095.117,conflict-at-land,5,19,
11095.195,conflict-at-land,0,39,
11109.551,start,4,40,
11109.559,refuse,2,38,
11110.117,start,5,19,
11110.195,start,0,39,
11112.371,conflict-at-land,7,41,
11116.576,conflict-at-land,4,40,
11124.048,conflict-at-land,0,39,
11124.559,start,2,38,
11127.371,refuse,7,41,
11131.264,conflict-at-land,2,38,
11131.576,start,4,40,
11138.974,conflict-at-land,4,40,
11139.048,start,0,39,
11142.371,start,7,41,
11146.264,refuse,2,38,
11150.756,conflict-at-land,5,19,
11151.672,conflict-at-land,0,39,
11153.974,start,4,40,
11158.542,conflict-at-land,4,40,
11159.485,conflict-at-land,7,41,
11161.264,start,2,38,
11165.756,start,5,19,
11166.672,start,0,39,
11166.946,conflict-at-land,2,38,
11173.542,start,4,40,
11174.485,start,7,41,
11177.305,conflict-at-land,0,39,
11178.731,conflict-at-land,4,40,
11181.946,refuse,2,38,
11192.305,start,0,39,
11193.731,start,4,40,
11195.827,conflict-at-land,5,19,
11196.946,refuse,2,38,
11200.354,conflict-at-land,4,40,
11205.446,conflict-at-land,7,41,
11207.65,conflict-at-land,0,39,
11210.827,start,5,19,
11211.946,start,2,38,
11215.354,start,4,40,
11217.633,conflict-at-land,2,38,
11219.807,conflict-at-land,4,40,
11220.446,start,7,41,
11222.65,start,0,39,
11232.083,conflict-at-land,0,39,
11232.633,refuse,2,38,
11234.807,start,4,40,
11240.923,conflict-at-land,4,40,
11243.766,conflict-at-land,7,41,
11247.083,start,0,39,
11247.633,start,2,38,
11247.983,conflict-at-land,5,19,
11253.276,conflict-at-land,2,38,
11255.923,start,4,40,
11258.766,start,7,41,
11261.361,conflict-at-land,0,39,
11262.666,conflict-at-land,4,40,
11262.983,start,5,19,
11268.276,refuse,2,38,
11276.361,start,0,39,
11277.666,start,4,40,
11279.738,conflict-at-land,6,6,
11282.719,conflict-at-land,4,40,
11283.276,refuse,2,38,
11287.294,conflict-at-land,7,41,
11287.835,conflict-at-land,0,39,
11294.738,start,6,6,
11297.719,start,4,40,
11298.276,start,2,38,
11302.294,refuse,7,41,
11302.835,start,0,39,
11303.459,conflict-at-land,2,38,
11303.716,conflict-at-land,4,40,
11306.365,conflict-at-land,3,27,
11311.688,conflict-at-land,5,19,
11316.155,conflict-at-land,0,39,
11317.294,start,7,41,
11318.459,refuse,2,38,
11318.716,start,4,40,
11321.365,start,3,27,
11326.456,conflict-at-land,4,40,
11326.688,start,5,19,
11331.155,start,0,39,
11333.459,refuse,2,38,
11341.357,conflict-at-land,0,39,
11341.456,start,4,40,
11346.527,conflict-at-land,7,41,
11346.73,conflict-at-land,4,40,
11348.459,start,2,38,
11353.442,conflict-at-land,2,38,
11356.357,start,0,39,
11360.187,conflict-at-land,5,19,
11361.527,start,7,41,
11361.73,start,4,40,
11366.11,conflict-at-land,4,40,
11368.442,refuse,2,38,
11371.378,conflict-at-land,0,39,
11373.836,conflict-at-land,1,25,
11375.187,start,5,19,
11381.11,start,4,40,
11383.442,refuse,2,38,
11385.977,conflict-at-land,4,40,
11386.378,start,0,39,
11387.46,conflict-at-land,7,41,
11388.836,start,1,25,
11398.442,start,2,38,
11400.977,start,4,40,
11401.75,conflict-at-land,0,39,
11402.46,refuse,7,41,
11404.687,conflict-at-land,5,19,
11405.545,conflict-at-land,2,38,
11405.986,conflict-at-land,4,40,
11416.75,start,0,39,
11417.46,start,7,41,
11419.687,start,5,19,
11420.545,refuse,2,38,
11420.986,start,4,40,
11426.558,conflict-at-land,0,39,
11426.989,conflict-at-land,4,40,
11435.545,refuse,2,38,
11441.558,start,0,39,
11441.989,start,4,40,
11447.404,conflict-at-land,4,40,
11447.829,conflict-at-land,7,41,
11448.753,conflict-at-land,5,19,
11450.545,start,2,38,
11453.769,conflict-at-land,0,39,
11457.467,conflict-at-land,2,38,
11462.404,start,4,40,
11462.829,start,7,41,
11463.753,start,5,19,
11468.769,start,0,39,
11469.68,conflict-at-land,4,40,
11472.467,refuse,2,38,
11480.67,conflict-at-land,0,39,
11482.931,conflict-at-land,7,41,
11484.68,start,4,40,
11487.467,start,2,38,
11490.606,conflict-at-land,4,40,
11493.943,conflict-at-land,2,38,
11495.67,start,0,39,
11497.931,start,7,41,
11498.112,conflict-at-land,5,19,
11505.606,start,4,40,
11508.943,refuse,2,38,
11509.646,conflict-at-land,0,39,
11513.112,start,5,19,
11513.192,conflict-at-land,4,40,
11519.615,conflict-at-land,7,41,
11523.943,start,2,38,
11524.152,conflict-at-land,3,27,
11524.646,start,0,39,
11528.192,start,4,40,
11528.246,conflict-at-land,2,38,
11534.3,conflict-at-land,4,40,
11534.615,start,7,41,
11536.083,conflict-at-land,0,39,
11539.152,start,3,27,
11543.246,refuse,2,38,
11549.3,start,4,40,
11551.083,start,0,39,
11551.09,conflict-at-land,5,19,
11554.05,conflict-at-land,7,41,
11555.647,conflict-at-land,4,40,
11558.246,start,2,38,
11563.228,conflict-at-land,0,39,
11563.47,conflict-at-land,2,38,
11566.09,start,5,19,
11569.05,start,7,41,
11570.647,start,4,40,
11577.157,conflict-at-land,4,40,
11578.228,start,0,39,
11578.47,refuse,2,38,
11589.821,conflict-at-land,7,41,
11591.544,conflict-at-land,0,39,
11592.157,start,4,40,
11593.47,start,2,38,
11596.502,conflict-at-land,5,19,
11597.785,conflict-at-land,2,38,
11598.817,conflict-at-land,4,40,
11604.821,start,7,41,
11606.544,start,0,39,
11611.502,start,5,19,
11612.785,refuse,2,38,
11613.817,start,4,40,
11619.899,conflict-at-land,4,40,
11619.948,conflict-at-land,0,39,
11627.785,refuse,2,38,
11632.824,conflict-at-land,7,41,
11634.899,start,4,40,
11634.948,start,0,39,
11642.173,conflict-at-land,4,40,
11642.785,start,2,38,
11647.824,refuse,7,41,
11649.086,conflict-at-land,2,38,
11650.278,conflict-at-land,0,39,
11654.759,conflict-at-land,5,19,
11657.173,start,4,40,
11662.824,start,7,41,
11662.929,conflict-at-land,4,40,
11664.086,refuse,2,38,
11665.278,start,0,39,
11669.759,start,5,19,
11677.929,start,4,40,
11679.086,refuse,2,38,
11679.446,conflict-at-land,0,39,
11684.923,conflict-at-land,4,40,
11687.42,conflict-at-land,7,41,
11694.086,start,2,38,
11694.446,start,0,39,
11699.398,conflict-at-land,2,38,
11699.923,start,4,40,
11702.42,start,7,41,
11704.972,conflict-at-land,4,40,
11707.18,conflict-at-land,0,39,
11712.899,conflict-at-land,5,19,
11714.398,refuse,2,38,
11716.691,conflict-at-land,6,6,
11719.972,start,4,40,
11722.18,start,0,39,
11724.226,conflict-at-land,4,40,
11727.532,conflict-at-land,7,41,
11727.899,start,5,19,
11729.398,start,2,38,
11731.691,start,6,6,
11734.423,conflict-at-land,0,39,
11736.877,conflict-at-land,2,38,
11739.226,start,4,40,
11742.532,start,7,41,
11746.568,conflict-at-land,4,40,
11749.423,start,0,39,
11751.877,refuse,2,38,
11757.907,conflict-at-land,0,39,
11761.568,start,4,40,
11762.215,conflict-at-land,7,41,
11766.877,start,2,38,
11767.759,conflict-at-land,4,40,
11772.221,conflict-at-land,5,19,
11772.314,conflict-at-land,2,38,
11772.907,start,0,39,
11777.215,start,7,41,
11782.759,start,4,40,
11784.154,conflict-at-land,0,39,
11787.221,start,5,19,
11787.314,refuse,2,38,
11789.679,conflict-at-land,4,40,
11799.154,start,0,39,
11802.314,refuse,2,38,
11802.639,conflict-at-land,7,41,
11804.679,start,4,40,
11808.032,conflict-at-land,3,27,
11809.884,conflict-at-land,0,39,
11810.976,conflict-at-land,4,40,
11817.314,start,2,38,
11817.639,refuse,7,41,
11823.032,start,3,27,
11823.782,conflict-at-land,2,38,
11824.884,start,0,39,
11825.976,start,4,40,
11831.851,conflict-at-land,4,40,
11832.639,start,7,41,
11834.699,conflict-at-land,5,19,
11834.699,abandon,5,19,
11834.699,refuse,5,42,
11837.489,conflict-at-land,0,39,
11838.782,refuse,2,38,
11838.782,abandon,2,38,
11838.782,refuse,2,43,
11846.851,start,4,40,
11849.699,refuse,5,42,
11851.122,conflict-at-land,4,40,
11852.489,start,0,39,
11853.782,refuse,2,43,
11861.094,conflict-at-land,7,41,
11864.699,start,5,42,
11866.122,start,4,40,
11866.549,conflict-at-land,0,39,
11868.782,refuse,2,43,
11869.501,conflict-at-land,5,42,
11870.978,conflict-at-land,4,40,
11876.094,start,7,41,
11881.549,start,0,39,
11883.782,refuse,2,43,
11884.501,refuse,5,42,
11885.978,start,4,40,
11891.411,conflict-at-land,4,40,
11893.223,conflict-at-land,0,39,
11898.782,refuse,2,43,
11899.501,refuse,5,42,
11902.568,conflict-at-land,7,41,
11906.411,start,4,40,
11908.223,start,0,39,
11910.892,conflict-at-land,4,40,
11913.782,start,2,43,
11914.501,refuse,5,42,
11916.993,conflict-at-land,0,39,
11917.568,refuse,7,41,
11924.109,conflict-at-land,2,43,
11925.892,start,4,40,
11929.501,start,5,42,
11930.439,conflict-at-land,4,40,
11931.993,start,0,39,
11932.568,refuse,7,41,
11936.208,conflict-at-land,5,42,
11939.109,start,2,43,
11941.84,conflict-at-land,0,39,
11945.439,start,4,40,
11947.568,refuse,7,41,
11950.25,conflict-at-land,2,43,
11951.155,conflict-at-land,4,40,
11951.208,start,5,42,
11956.84,start,0,39,
11957.945,conflict-at-land,5,42,
11962.568,start,7,41,
11965.25,refuse,2,43,
11966.155,start,4,40,
11971.118,conflict-at-land,0,39,
11971.137,conflict-at-land,4,40,
11972.945,refuse,5,42,
11980.25,refuse,2,43,
11986.118,start,0,39,
11986.137,start,4,40,
11987.945,refuse,5,42,
11988.465,conflict-at-land,7,41,
11992.351,conflict-at-land,4,40,
11995.25,start,2,43,
11995.507,conflict-at-land,0,39,
12002.945,refuse,5,42,
12003.465,refuse,7,41,
12006.287,conflict-at-land,2,43,
12007.351,start,4,40,
12010.507,start,0,39,
12010.812,conflict-at-land,1,25,
12014.161,conflict-at-land,4,40,
12017.945,start,5,42,
12018.465,refuse,7,41,
12020.463,conflict-at-land,0,39,
12021.287,refuse,2,43,
12024.631,conflict-at-land,5,42,
12025.812,start,1,25,
12029.161,start,4,40,
12033.465,start,7,41,
12034.369,conflict-at-land,4,40,
12035.463,start,0,39,
12036.287,refuse,2,43,
12039.631,refuse,5,42,
12049.294,conflict-at-land,0,39,
12049.369,start,4,40,
12051.287,refuse,2,43,
12052.866,conflict-at-land,7,41,
12054.631,start,5,42,
12055.384,conflict-at-land,4,40,
12060.789,conflict-at-land,5,42,
12064.294,start,0,39,
12066.287,start,2,43,
12066.368,conflict-at-land,3,27,
12067.866,refuse,7,41,
12070.384,start,4,40,
12070.636,conflict-at-land,6,6,
12074.881,conflict-at-land,2,43,
12075.789,start,5,42,
12076.547,conflict-at-land,4,40,
12078.687,conflict-at-land,0,39,
12081.172,conflict-at-land,5,42,
12081.368,start,3,27,
12082.866,start,7,41,
12085.636,start,6,6,
12089.881,refuse,2,43,
12091.547,start,4,40,
12093.687,start,0,39,
12096.172,refuse,5,42,
12097.221,conflict-at-land,4,40,
12104.881,refuse,2,43,
12105.211,conflict-at-land,0,39,
12111.172,refuse,5,42,
12111.596,conflict-at-land,7,41,
12112.221,start,4,40,
12116.918,conflict-at-land,4,40,
12119.881,start,2,43,
12120.211,start,0,39,
12126.172,refuse,5,42,
12126.596,refuse,7,41,
12128.638,conflict-at-land,0,39,
12130.513,conflict-at-land,2,43,
12131.918,start,4,40,
12137.919,conflict-at-land,4,40,
12141.172,start,5,42,
12141.596,refuse,7,41,
12143.638,start,0,39,
12145.513,refuse,2,43,
12147.633,conflict-at-land,5,42,
12152.919,start,4,40,
12156.596,start,7,41,
12159.236,conflict-at-land,0,39,
12160.513,refuse,2,43,
12160.572,conflict-at-land,4,40,
12162.633,refuse,5,42,
12174.236,start,0,39,
12175.513,refuse,2,43,
12175.572,start,4,40,
12177.633,refuse,5,42,
12178.177,conflict-at-land,7,41,
12180.148,conflict-at-land,4,40,
12189.571,conflict-at-land,0,39,
12190.513,start,2,43,
12192.633,refuse,5,42,
12193.177,refuse,7,41,
12195.148,start,4,40,
12199.983,conflict-at-land,2,43,
12201.256,conflict-at-land,4,40,
12204.571,start,0,39,
12207.633,start,5,42,
12208.177,refuse,7,41,
12213.971,conflict-at-land,5,42,
12214.983,start,2,43,
12216.256,start,4,40,
12217.887,conflict-at-land,0,39,
12221.924,conflict-at-land,4,40,
12223.177,refuse,7,41,
12223.645,conflict-at-land,2,43,
12228.971,start,5,42,
12232.887,start,0,39,
12234.944,conflict-at-land,5,42,
12236.924,start,4,40,
12238.177,start,7,41,
12238.645,refuse,2,43,
12243.864,conflict-at-land,4,40,
12244.069,conflict-at-land,0,39,
12249.944,refuse,5,42,
12253.645,refuse,2,43,
12258.864,start,4,40,
12259.069,start,0,39,
12263.375,conflict-at-land,4,40,
12264.944,refuse,5,42,
12265.694,conflict-at-land,7,41,
12266.7,conflict-at-land,3,27,
12268.645,start,2,43,
12270.819,conflict-at-land,0,39,
12278.375,start,4,40,
12279.944,refuse,5,42,
12280.694,refuse,7,41,
12281.7,start,3,27,
12282.061,conflict-at-land,2,43,
12285.413,conflict-at-land,4,40,
12285.819,start,0,39,
12294.944,start,5,42,
12295.694,refuse,7,41,
12297.061,refuse,2,43,
12300.413,start,4,40,
12301.256,conflict-at-land,0,39,
12301.807,conflict-at-land,5,42,
12306.03,conflict-at-land,4,40,
12310.694,start,7,41,
12312.061,refuse,2,43,
12316.256,start,0,39,
12316.807,refuse,5,42,
12321.03,start,4,40,
12327.061,refuse,2,43,
12327.381,conflict-at-land,4,40,
12329.065,conflict-at-land,0,39,
12331.807,refuse,5,42,
12339.518,conflict-at-land,7,41,
12342.061,start,2,43,
12342.381,start,4,40,
12344.065,start,0,39,
12346.807,refuse,5,42,
12349.29,conflict-at-land,4,40,
12354.518,refuse,7,41,
12354.735,conflict-at-land,2,43,
12357.568,conflict-at-land,0,39,
12361.807,start,5,42,
12364.29,start,4,40,
12367.657,conflict-at-land,5,42,
12369.518,start,7,41,
12369.735,refuse,2,43,
12371.325,conflict-at-land,4,40,
12372.568,start,0,39,
12374.869,conflict-at-land,6,6,
12382.657,refuse,5,42,
12384.735,refuse,2,43,
12386.302,conflict-at-land,0,39,
12386.325,start,4,40,
12389.869,start,6,6,
12392.382,conflict-at-land,7,41,
12393.816,conflict-at-land,4,40,
12397.657,start,5,42,
12399.735,refuse,2,43,
12401.302,start,0,39,
12402.39,conflict-at-land,5,42,
12407.382,start,7,41,
12408.816,start,4,40,
12413.776,conflict-at-land,4,40,
12414.735,refuse,2,43,
12416.225,conflict-at-land,0,39,
12417.39,refuse,5,42,
12427.245,conflict-at-land,7,41,
12428.776,start,4,40,
12429.735,start,2,43,
12431.225,start,0,39,
12432.39,refuse,5,42,
12433.14,conflict-at-land,4,40,
12441.155,conflict-at-land,2,43,
12442.245,start,7,41,
12442.512,conflict-at-land,0,39,
12447.39,refuse,5,42,
12448.14,start,4,40,
12452.959,conflict-at-land,4,40,
12456.155,refuse,2,43,
12457.512,start,0,39,
12462.39,refuse,5,42,
12467.959,start,4,40,
12468.629,conflict-at-land,0,39,
12470.829,conflict-at-land,7,41,
12471.155,start,2,43,
12474.93,conflict-at-land,4,40,
12477.39,refuse,5,42,
12479.726,conflict-at-land,2,43,
12483.629,start,0,39,
12485.829,start,7,41,
12489.93,start,4,40,
12492.39,refuse,5,42,
12494.726,refuse,2,43,
12495.002,conflict-at-land,0,39,
12496.904,conflict-at-land,4,40,
12504.769,conflict-at-land,7,41,
12507.39,start,5,42,
12509.726,refuse,2,43,
12510.002,start,0,39,
12511.904,start,4,40,
12512.667,conflict-at-land,5,42,
12516.508,conflict-at-land,4,40,
12519.418,conflict-at-land,0,39,
12519.769,start,7,41,
12522.124,conflict-at-land,3,27,
12524.726,refuse,2,43,
12527.667,refuse,5,42,
12531.508,start,4,40,
12534.418,start,0,39,
12537.124,start,3,27,
12538.238,conflict-at-land,4,40,
12539.579,conflict-at-land,7,41,
12539.726,start,2,43,
12542.667,refuse,5,42,
12543.652,conflict-at-land,0,39,
12549.85,conflict-at-land,2,43,
12553.238,start,4,40,
12554.579,start,7,41,
12557.59,conflict-at-land,4,40,
12557.667,refuse,5,42,
12558.652,start,0,39,
12564.85,refuse,2,43,
12572.512,conflict-at-land,0,39,
12572.59,start,4,40,
12572.667,refuse,5,42,
12578.707,conflict-at-land,4,40,
12579.85,refuse,2,43,
12581.904,conflict-at-land,7,41,
12587.512,start,0,39,
12587.667,start,5,42,
12592.008,conflict-at-land,5,42,
12593.707,start,4,40,
12594.85,start,2,43,
12596.904,refuse,7,41,
12598.316,conflict-at-land,0,39,
12600.481,conflict-at-land,4,40,
12604.995,conflict-at-land,2,43,
12607.008,start,5,42,
12611.904,refuse,7,41,
12613.185,conflict-at-land,5,42,
12613.316,start,0,39,
12615.481,start,4,40,
12619.995,start,2,43,
12620.545,conflict-at-land,4,40,
12626.904,refuse,7,41,
12628.185,refuse,5,42,
12628.829,conflict-at-land,0,39,
12633.348,conflict-at-land,2,43,
12635.545,start,4,40,
12641.322,conflict-at-land,4,40,
12641.904,start,7,41,
12643.185,refuse,5,42,
12643.829,start,0,39,
12648.348,refuse,2,43,
12654.381,conflict-at-land,1,25,
12655.143,conflict-at-land,0,39,
12656.322,start,4,40,
12658.185,refuse,5,42,
12663.049,conflict-at-land,4,40,
12663.348,refuse,2,43,
12666.39,conflict-at-land,7,41,
12669.381,start,1,25,
12670.143,start,0,39,
12673.185,start,5,42,
12678.049,start,4,40,
12678.348,refuse,2,43,
12678.776,conflict-at-land,0,39,
12680.336,conflict-at-land,5,42,
12681.39,start,7,41,
12683.108,conflict-at-land,4,40,
12693.348,refuse,2,43,
12693.776,start,0,39,
12695.336,refuse,5,42,
12695.653,conflict-at-land,3,27,
12698.108,start,4,40,
12703.242,conflict-at-land,7,41,
12704.447,conflict-at-land,4,40,
12705.627,conflict-at-land,0,39,
12708.348,start,2,43,
12710.336,refuse,5,42,
12710.653,start,3,27,
12718.242,refuse,7,41,
12719.447,start,4,40,
12720.627,start,0,39,
12722.201,conflict-at-land,2,43,
12725.025,conflict-at-land,4,40,
12725.336,start,5,42,
12731.231,conflict-at-land,5,42,
12733.242,start,7,41,
12733.499,conflict-at-land,0,39,
12737.201,refuse,2,43,
12737.979,conflict-at-land,6,6,
12740.025,start,4,40,
12746.231,refuse,5,42,
12747.091,conflict-at-land,4,40,
12748.499,start,0,39,
12752.201,refuse,2,43,
12752.979,start,6,6,
12753.545,conflict-at-land,7,41,
12761.231,start,5,42,
12762.091,start,4,40,
12763.835,conflict-at-land,0,39,
12766.847,conflict-at-land,4,40,
12767.201,refuse,2,43,
12767.356,conflict-at-land,5,42,
12768.545,start,7,41,
12778.835,start,0,39,
12781.847,start,4,40,
12782.201,refuse,2,43,
12782.356,refuse,5,42,
12787.184,conflict-at-land,4,40,
12792.239,conflict-at-land,7,41,
12792.886,conflict-at-land,0,39,
12797.201,start,2,43,
12797.356,refuse,5,42,
12802.184,start,4,40,
12807.239,refuse,7,41,
12807.886,start,0,39,
12807.997,conflict-at-land,4,40,
12808.751,conflict-at-land,2,43,
12812.356,start,5,42,
12818.513,conflict-at-land,0,39,
12818.775,conflict-at-land,5,42,
12822.239,start,7,41,
12822.997,start,4,40,
12823.751,refuse,2,43,
12830.515,conflict-at-land,4,40,
12833.513,start,0,39,
12833.775,refuse,5,42,
12838.751,refuse,2,43,
12843.306,conflict-at-land,7,41,
12845.515,start,4,40,
12847.949,conflict-at-land,0,39,
12848.775,start,5,42,
12850.822,conflict-at-land,4,40,
12853.214,conflict-at-land,5,42,
12853.751,start,2,43,
12858.306,refuse,7,41,
12862.318,conflict-at-land,2,43,
12862.949,start,0,39,
12865.822,start,4,40,
12868.214,start,5,42,
12871.546,conflict-at-land,4,40,
12871.546,abandon,4,40,
12871.546,refuse,4,44,
12872.847,conflict-at-land,5,42,
12873.306,start,7,41,
12877.207,conflict-at-land,0,39,
12877.318,refuse,2,43,
12879.545,conflict-at-land,3,27,
12886.546,refuse,4,44,
12887.847,refuse,5,42,
12890.791,conflict-at-land,7,41,
12892.207,start,0,39,
12892.318,start,2,43,
12894.545,start,3,27,
12901.546,refuse,4,44,
12902.202,conflict-at-land,2,43,
12902.847,start,5,42,
12905.791,refuse,7,41,
12906.227,conflict-at-land,0,39,
12908.333,conflict-at-land,5,42,
12916.546,start,4,44,
12917.202,refuse,2,43,
12920.791,refuse,7,41,
12921.227,start,0,39,
12923.006,conflict-at-land,4,44,
12923.333,start,5,42,
12929.892,conflict-at-land,5,42,
12932.124,conflict-at-land,0,39,
12932.202,start,2,43,
12935.791,refuse,7,41,
12938.006,refuse,4,44,
12941.617,conflict-at-land,2,43,
12944.892,start,5,42,
12947.124,start,0,39,
12950.054,conflict-at-land,5,42,
12950.791,start,7,41,
12953.006,refuse,4,44,
12956.406,conflict-at-land,0,39,
12956.617,refuse,2,43,
12965.054,refuse,5,42,
12968.006,refuse,4,44,
12968.501,conflict-at-land,7,41,
12971.406,start,0,39,
12971.617,start,2,43,
12980.054,refuse,5,42,
12983.006,refuse,4,44,
12983.501,refuse,7,41,
12983.859,conflict-at-land,0,39,
12987.157,conflict-at-land,2,43,
12995.054,start,5,42,
12998.006,refuse,4,44,
12998.501,refuse,7,41,
12998.859,start,0,39,
12999.278,conflict-at-land,5,42,
13002.157,start,2,43,
13012.625,conflict-at-land,2,43,
13013.006,start,4,44,
13013.501,refuse,7,41,
13013.583,conflict-at-land,0,39,
13014.278,refuse,5,42,
13017.783,conflict-at-land,4,44,
13027.625,start,2,43,
13028.501,refuse,7,41,
13028.583,start,0,39,
13029.278,refuse,5,42,
13032.783,refuse,4,44,
13036.25,conflict-at-land,2,43,
13039.503,conflict-at-land,0,39,
13043.501,start,7,41,
13044.278,refuse,5,42,
13047.783,refuse,4,44,
13051.25,refuse,2,43,
13054.503,start,0,39,
13059.278,refuse,5,42,
13061.542,conflict-at-land,7,41,
13062.783,start,4,44,
13066.25,refuse,2,43,
13066.469,conflict-at-land,0,39,
13068.634,conflict-at-land,4,44,
13074.278,start,5,42,
13076.542,refuse,7,41,
13079.08,conflict-at-land,5,42,
13081.25,start,2,43,
13081.469,start,0,39,
13083.634,refuse,4,44,
13091.542,refuse,7,41,
13094.071,conflict-at-land,0,39,
13094.08,refuse,5,42,
13096.014,conflict-at-land,2,43,
13098.634,start,4,44,
13105.568,conflict-at-land,4,44,
13106.542,start,7,41,
13109.071,start,0,39,
13109.08,refuse,5,42,
13111.014,refuse,2,43,
13120.568,refuse,4,44,
13122.667,conflict-at-land,0,39,
13124.08,refuse,5,42,
13124.778,conflict-at-land,6,6,
13126.014,refuse,2,43,
13126.803,conflict-at-land,7,41,
13135.568,start,4,44,
13137.667,start,0,39,
13139.08,refuse,5,42,
13139.778,start,6,6,
13141.014,refuse,2,43,
13141.803,refuse,7,41,
13142.27,conflict-at-land,4,44,
13151.642,conflict-at-land,0,39,
13154.08,start,5,42,
13156.014,refuse,2,43,
13156.803,refuse,7,41,
13157.27,refuse,4,44,
13161.698,conflict-at-land,5,42,
13166.642,start,0,39,
13168.823,conflict-at-land,3,27,
13171.014,start,2,43,
13171.803,refuse,7,41,
13172.27,refuse,4,44,
13176.698,refuse,5,42,
13178.326,conflict-at-land,0,39,
13179.992,conflict-at-land,2,43,
13183.823,start,3,27,
13186.803,start,7,41,
13187.27,refuse,4,44,
13191.698,refuse,5,42,
13193.326,start,0,39,
13194.992,refuse,2,43,
13202.27,refuse,4,44,
13206.698,refuse,5,42,
13208.007,conflict-at-land,7,41,
13208.176,conflict-at-land,0,39,
13209.992,start,2,43,
13217.27,refuse,4,44,
13219.888,conflict-at-land,2,43,
13221.698,start,5,42,
13223.007,refuse,7,41,
13223.176,start,0,39,
13226.159,conflict-at-land,5,42,
13232.27,start,4,44,
13234.888,refuse,2,43,
13235.272,conflict-at-land,0,39,
13238.007,refuse,7,41,
13238.445,conflict-at-land,4,44,
13241.159,start,5,42,
13247.785,conflict-at-land,5,42,
13249.888,start,2,43,
13250.272,start,0,39,
13253.007,refuse,7,41,
13253.445,refuse,4,44,
13261.277,conflict-at-land,0,39,
13262.785,refuse,5,42,
13262.903,conflict-at-land,2,43,
13268.007,start,7,41,
13268.445,refuse,4,44,
13276.277,start,0,39,
13277.785,refuse,5,42,
13277.903,refuse,2,43,
13283.445,refuse,4,44,
13288.385,conflict-at-land,0,39,
13292.785,refuse,5,42,
13292.903,refuse,2,43,
13295.749,conflict-at-land,7,41,
13298.445,start,4,44,
13303.166,conflict-at-land,4,44,
13303.385,start,0,39,
13307.785,start,5,42,
13307.903,refuse,2,43,
13310.749,refuse,7,41,
13313.253,conflict-at-land,5,42,
13315.99,conflict-at-land,0,39,
13318.166,start,4,44,
13322.903,refuse,2,43,
13324.329,conflict-at-land,4,44,
13325.749,start,7,41,
13328.253,refuse,5,42,
13330.99,start,0,39,
13337.903,refuse,2,43,
13339.329,refuse,4,44,
13341.209,conflict-at-land,0,39,
13343.253,refuse,5,42,
13344.828,conflict-at-land,7,41,
13352.903,start,2,43,
13354.329,refuse,4,44,
13356.209,start,0,39,
13358.253,refuse,5,42,
13359.828,refuse,7,41,
13363.209,conflict-at-land,2,43,
13364.838,conflict-at-land,1,25,
13369.329,start,4,44,
13369.387,conflict-at-land,0,39,
13373.253,refuse,5,42,
13373.614,conflict-at-land,4,44,
13374.828,start,7,41,
13378.209,refuse,2,43,
13379.838,start,1,25,
13384.387,start,0,39,
13388.253,refuse,5,42,
13388.614,refuse,4,44,
13393.209,refuse,2,43,
13397.622,conflict-at-land,7,41,
13399.078,conflict-at-land,0,39,
13403.253,start,5,42,
13403.614,refuse,4,44,
13407.895,conflict-at-land,5,42,
13408.209,start,2,43,
13412.622,refuse,7,41,
13414.078,start,0,39,
13417.257,conflict-at-land,6,6,
13418.614,refuse,4,44,
13420.314,conflict-at-land,2,43,
13422.895,start,5,42,
13427.622,refuse,7,41,
13428.312,conflict-at-land,0,39,
13428.564,conflict-at-land,5,42,
13432.257,start,6,6,
13433.614,start,4,44,
13435.314,refuse,2,43,
13438.729,conflict-at-land,4,44,
13442.622,start,7,41,
13443.312,start,0,39,
13443.564,refuse,5,42,
13450.314,refuse,2,43,
13453.729,refuse,4,44,
13453.91,conflict-at-land,0,39,
13458.265,conflict-at-land,3,27,
13458.564,refuse,5,42,
13465.314,refuse,2,43,
13466.551,conflict-at-land,7,41,
13468.729,start,4,44,
13468.91,start,0,39,
13473.265,start,3,27,
13473.564,refuse,5,42,
13473.943,conflict-at-land,4,44,
13477.817,conflict-at-land,0,39,
13480.314,start,2,43,
13481.551,refuse,7,41,
13488.564,refuse,5,42,
13488.943,refuse,4,44,
13492.817,start,0,39,
13493.424,conflict-at-land,2,43,
13496.551,start,7,41,
13503.564,refuse,5,42,
13503.943,refuse,4,44,
13507.239,conflict-at-land,0,39,
13508.424,refuse,2,43,
13518.564,refuse,5,42,
13518.943,refuse,4,44,
13520.218,conflict-at-land,7,41,
13522.239,start,0,39,
13523.424,start,2,43,
13531.951,conflict-at-land,0,39,
13533.564,refuse,5,42,
13533.943,refuse,4,44,
13535.218,refuse,7,41,
13536.578,conflict-at-land,2,43,
13546.951,start,0,39,
13548.564,start,5,42,
13548.943,refuse,4,44,
13550.218,refuse,7,41,
13551.578,refuse,2,43,
13554.769,conflict-at-land,5,42,
13562.078,conflict-at-land,0,39,
13563.943,start,4,44,
13565.218,refuse,7,41,
13566.578,refuse,2,43,
13569.09,conflict-at-land,4,44,
13569.769,start,5,42,
13575.852,conflict-at-land,5,42,
13577.078,start,0,39,
13580.218,start,7,41,
13581.578,refuse,2,43,
13584.09,refuse,4,44,
13590.852,refuse,5,42,
13591.624,conflict-at-land,0,39,
13596.578,refuse,2,43,
13599.09,refuse,4,44,
13605.852,refuse,5,42,
13606.624,start,0,39,
13608.815,conflict-at-land,7,41,
13611.578,start,2,43,
13614.09,refuse,4,44,
13619.539,conflict-at-land,0,39,
13620.852,refuse,5,42,
13623.815,refuse,7,41,
13625.318,conflict-at-land,2,43,
13629.09,start,4,44,
13633.404,conflict-at-land,4,44,
13634.539,start,0,39,
13635.852,start,5,42,
13638.815,refuse,7,41,
13640.091,conflict-at-land,5,42,
13640.318,start,2,43,
13643.927,conflict-at-land,0,39,
13648.404,refuse,4,44,
13651.961,conflict-at-land,2,43,
13653.815,start,7,41,
13655.091,refuse,5,42,
13658.927,start,0,39,
13663.404,refuse,4,44,
13666.961,refuse,2,43,
13667.453,conflict-at-land,0,39,
13670.091,refuse,5,42,
13677.667,conflict-at-land,7,41,
13678.404,start,4,44,
13681.961,refuse,2,43,
13682.453,start,0,39,
13685.091,refuse,5,42,
13685.555,conflict-at-land,4,44,
13692.667,start,7,41,
13694.793,conflict-at-land,0,39,
13696.961,refuse,2,43,
13700.091,refuse,5,42,
13700.555,refuse,4,44,
13709.793,start,0,39,
13711.961,refuse,2,43,
13715.091,refuse,5,42,
13715.555,refuse,4,44,
13720.0,conflict-at-land,7,41,
13725.148,conflict-at-land,0,39,
13725.148,abandon,0,39,
13725.148,start,0,45,
13726.961,start,2,43,
13728.658,conflict-at-land,3,27,
13730.091,refuse,5,42,
13730.555,refuse,4,44,
13735.0,refuse,7,41,
13740.738,conflict-at-land,2,43,
13743.658,start,3,27,
13745.091,start,5,42,
13745.555,refuse,4,44,
13750.0,refuse,7,41,
13751.181,conflict-at-land,5,42,
13755.738,start,2,43,
13760.555,refuse,4,44,
13765.0,refuse,7,41,
13766.181,refuse,5,42,
13769.667,conflict-at-land,2,43,
13775.555,start,4,44,
13780.0,refuse,7,41,
13781.181,refuse,5,42,
13782.573,conflict-at-land,4,44,
13784.667,start,2,43,
13795.0,refuse,7,41,
13795.216,conflict-at-land,2,43,
13796.181,start,5,42,
13797.573,refuse,4,44,
13803.279,conflict-at-land,5,42,
13810.0,start,7,41,
13810.216,refuse,2,43,
13812.573,refuse,4,44,
13818.279,refuse,5,42,
13825.216,refuse,2,43,
13827.573,refuse,4,44,
13828.948,conflict-at-land,7,41,
13833.279,start,5,42,
13839.395,conflict-at-land,5,42,
13840.216,start,2,43,
13842.573,refuse,4,44,
13843.948,refuse,7,41,
13854.395,refuse,5,42,
13855.242,conflict-at-land,2,43,
13857.573,start,4,44,
13858.948,refuse,7,41,
13862.559,conflict-at-land,4,44,
13867.66,conflict-at-land,0,45,
13867.839,conflict-at-land,6,6,
13869.395,start,5,42,
13870.242,refuse,2,43,
13873.948,refuse,7,41,
13876.802,conflict-at-land,5,42,
13877.559,start,4,44,
13882.66,start,0,45,
13882.839,start,6,6,
13883.501,conflict-at-land,4,44,
13885.242,start,2,43,
13888.948,refuse,7,41,
13891.802,refuse,5,42,
13894.011,conflict-at-land,2,43,
13898.501,start,4,44,
13903.605,conflict-at-land,4,44,
13903.948,start,7,41,
13906.802,refuse,5,42,
13909.011,refuse,2,43,
13918.605,refuse,4,44,
13921.802,refuse,5,42,
13924.011,refuse,2,43,
13929.324,conflict-at-land,7,41,
13933.605,start,4,44,
13936.802,refuse,5,42,
13939.011,refuse,2,43,
13941.018,conflict-at-land,4,44,
13944.324,start,7,41,
13951.802,refuse,5,42,
13954.011,refuse,2,43,
13956.018,refuse,4,44,
13966.802,refuse,5,42,
13969.011,refuse,2,43,
13969.254,conflict-at-land,7,41,
13971.018,start,4,44,
13977.098,conflict-at-land,4,44,
13980.822,conflict-at-land,3,27,
13981.802,start,5,42,
13984.011,refuse,2,43,
13984.254,refuse,7,41,
13987.37,conflict-at-land,5,42,
13992.098,start,4,44,
13995.822,start,3,27,
13998.101,conflict-at-land,4,44,
13999.011,start,2,43,
13999.254,refuse,7,41,
14002.37,refuse,5,42,
14013.101,refuse,4,44,
14013.653,conflict-at-land,2,43,
14014.254,start,7,41,
14017.37,refuse,5,42,
14022.607,conflict-at-land,0,45,
14026.346,conflict-at-land,1,25,
14028.101,refuse,4,44,
14028.653,refuse,2,43,
14032.37,refuse,5,42,
14036.041,conflict-at-land,7,41,
14037.607,start,0,45,
14041.346,start,1,25,
14043.101,start,4,44,
14043.653,refuse,2,43,
14047.37,refuse,5,42,
14048.213,conflict-at-land,4,44,
14051.041,start,7,41,
14058.653,refuse,2,43,
14062.37,refuse,5,42,
14063.213,refuse,4,44,
14068.632,conflict-at-land,7,41,
14073.653,start,2,43,
14077.37,refuse,5,42,
14078.213,refuse,4,44,
14083.632,refuse,7,41,
14084.967,conflict-at-land,2,43,
14092.37,start,5,42,
14093.213,refuse,4,44,
14098.632,refuse,7,41,
14098.762,conflict-at-land,5,42,
14099.967,start,2,43,
14108.213,refuse,4,44,
14112.033,conflict-at-land,2,43,
14113.632,start,7,41,
14113.762,refuse,5,42,
14123.213,refuse,4,44,
14127.033,refuse,2,43,
14128.762,refuse,5,42,
14136.885,conflict-at-land,7,41,
14138.213,start,4,44,
14142.033,refuse,2,43,
14143.762,refuse,5,42,
14145.184,conflict-at-land,4,44,
14151.885,start,7,41,
14153.304,conflict-at-land,6,6,
14157.033,refuse,2,43,
14158.762,refuse,5,42,
14160.184,refuse,4,44,
14168.304,start,6,6,
14172.033,refuse,2,43,
14173.439,conflict-at-land,0,45,
14173.762,refuse,5,42,
14175.184,refuse,4,44,
14175.212,conflict-at-land,7,41,
14187.033,start,2,43,
14188.439,start,0,45,
14188.762,refuse,5,42,
14190.184,refuse,4,44,
14190.212,refuse,7,41,
14199.435,conflict-at-land,2,43,
14203.762,start,5,42,
14205.184,refuse,4,44,
14205.212,refuse,7,41,
14209.161,conflict-at-land,5,42,
14214.435,start,2,43,
14220.184,refuse,4,44,
14220.212,refuse,7,41,
14224.161,refuse,5,42,
14226.018,conflict-at-land,2,43,
14235.184,start,4,44,
14235.212,refuse,7,41,
14239.161,refuse,5,42,
14241.018,refuse,2,43,
14242.148,conflict-at-land,4,44,
14242.912,conflict-at-land,3,27,
14250.212,start,7,41,
14254.161,refuse,5,42,
14256.018,refuse,2,43,
14257.148,refuse,4,44,
14257.912,start,3,27,
14269.161,refuse,5,42,
14271.018,refuse,2,43,
14271.274,conflict-at-land,7,41,
14272.148,start,4,44,
14277.516,conflict-at-land,4,44,
14284.161,start,5,42,
14286.018,refuse,2,43,
14286.274,refuse,7,41,
14288.914,conflict-at-land,5,42,
14292.516,start,4,44,
14298.681,conflict-at-land,4,44,
14301.018,start,2,43,
14301.274,refuse,7,41,
14303.914,refuse,5,42,
14313.455,conflict-at-land,2,43,
14313.681,start,4,44,
14316.274,refuse,7,41,
14318.914,refuse,5,42,
14318.98,conflict-at-land,4,44,
14328.455,start,2,43,
14331.274,refuse,7,41,
14333.914,refuse,5,42,
14333.98,refuse,4,44,
14338.822,conflict-at-land,2,43,
14344.632,conflict-at-land,0,45,
14346.274,start,7,41,
14348.914,refuse,5,42,
14348.98,refuse,4,44,
14353.822,refuse,2,43,
14359.632,start,0,45,
14363.914,refuse,5,42,
14363.98,refuse,4,44,
14368.822,refuse,2,43,
14377.439,conflict-at-land,7,41,
14378.914,start,5,42,
14378.98,refuse,4,44,
14383.822,refuse,2,43,
14385.671,conflict-at-land,5,42,
14392.439,start,7,41,
14393.98,refuse,4,44,
14398.822,refuse,2,43,
14400.671,refuse,5,42,
14408.98,refuse,4,44,
14413.822,refuse,2,43,
14415.286,conflict-at-land,7,41,
14415.671,start,5,42,
14421.851,conflict-at-land,5,42,
14423.98,start,4,44,
14428.822,refuse,2,43,
14429.21,conflict-at-land,4,44,
14430.286,start,7,41,
14436.851,refuse,5,42,
14443.822,refuse,2,43,
14444.21,refuse,4,44,
14449.519,conflict-at-land,7,41,
14451.851,start,5,42,
14458.822,refuse,2,43,
14459.05,conflict-at-land,5,42,
14459.21,start,4,44,
14464.519,refuse,7,41,
14465.864,conflict-at-land,4,44,
14473.822,start,2,43,
14474.05,refuse,5,42,
14479.519,refuse,7,41,
14480.864,refuse,4,44,
14482.925,conflict-at-land,0,45,
14484.412,conflict-at-land,2,43,
14489.05,start,5,42,
14494.519,refuse,7,41,
14494.712,conflict-at-land,5,42,
14495.864,start,4,44,
14497.925,start,0,45,
14499.412,refuse,2,43,
14502.079,conflict-at-land,4,44,
14509.519,start,7,41,
14509.712,refuse,5,42,
14514.412,refuse,2,43,
14515.623,conflict-at-land,3,27,
14517.079,refuse,4,44,
14524.712,refuse,5,42,
14529.412,refuse,2,43,
14530.623,start,3,27,
14532.079,refuse,4,44,
14535.173,conflict-at-land,7,41,
14539.712,start,5,42,
14544.412,refuse,2,43,
14546.378,conflict-at-land,5,42,
14547.079,start,4,44,
14549.507,conflict-at-land,6,6,
14550.173,refuse,7,41,
14552.957,conflict-at-land,4,44,
14559.412,start,2,43,
14561.378,refuse,5,42,
14564.507,start,6,6,
14565.173,refuse,7,41,
14567.957,refuse,4,44,
14568.68,conflict-at-land,2,43,
14576.378,start,5,42,
14580.173,refuse,7,41,
14582.672,conflict-at-land,5,42,
14582.957,start,4,44,
14583.68,refuse,2,43,
14588.819,conflict-at-land,0,45,
14589.668,conflict-at-land,4,44,
14595.173,start,7,41,
14597.672,refuse,5,42,
14598.68,refuse,2,43,
14603.819,start,0,45,
14604.668,refuse,4,44,
14612.672,refuse,5,42,
14613.68,refuse,2,43,
14619.668,refuse,4,44,
14624.682,conflict-at-land,7,41,
14627.672,start,5,42,
14628.68,refuse,2,43,
14632.25,conflict-at-land,5,42,
14634.668,start,4,44,
14639.682,refuse,7,41,
14639.682,abandon,7,41,
14639.682,refuse,7,46,
14642.357,conflict-at-land,4,44,
14643.68,start,2,43,
14647.25,refuse,5,42,
14654.682,refuse,7,46,
14655.928,conflict-at-land,2,43,
14657.357,start,4,44,
14662.25,refuse,5,42,
14664.752,conflict-at-land,4,44,
14665.177,conflict-at-land,1,25,
14669.682,refuse,7,46,
14670.928,start,2,43,
14677.25,refuse,5,42,
14679.752,refuse,4,44,
14680.177,start,1,25,
14683.679,conflict-at-land,2,43,
14684.682,refuse,7,46,
14692.25,start,5,42,
14694.752,refuse,4,44,
14698.616,conflict-at-land,5,42,
14698.679,start,2,43,
14699.682,refuse,7,46,
14709.752,refuse,4,44,
14709.785,conflict-at-land,0,45,
14712.306,conflict-at-land,2,43,
14713.616,start,5,42,
14714.682,start,7,46,
14720.099,conflict-at-land,5,42,
14722.312,conflict-at-land,7,46,
14724.752,start,4,44,
14724.785,start,0,45,
14727.306,refuse,2,43,
14731.656,conflict-at-land,4,44,
14735.099,start,5,42,
14737.312,refuse,7,46,
14740.797,conflict-at-land,5,42,
14742.306,start,2,43,
14746.656,refuse,4,44,
14752.19,conflict-at-land,2,43,
14752.312,refuse,7,46,
14755.797,start,5,42,
14760.722,conflict-at-land,5,42,
14761.656,start,4,44,
14767.19,refuse,2,43,
14767.312,refuse,7,46,
14767.498,conflict-at-land,4,44,
14775.722,start,5,42,
14781.925,conflict-at-land,5,42,
14782.19,start,2,43,
14782.312,refuse,7,46,
14782.498,refuse,4,44,
14795.553,conflict-at-land,2,43,
14796.925,start,5,42,
14797.312,refuse,7,46,
14797.498,refuse,4,44,
14802.799,conflict-at-land,5,42,
14810.553,start,2,43,
14812.312,refuse,7,46,
14812.498,refuse,4,44,
14814.663,conflict-at-land,3,27,
14817.799,refuse,5,42,
14825.9,conflict-at-land,2,43,
14827.312,refuse,7,46,
14827.498,start,4,44,
14829.663,start,3,27,
14832.799,refuse,5,42,
14833.158,conflict-at-land,4,44,
14840.9,start,2,43,
14842.312,refuse,7,46,
14847.799,refuse,5,42,
14848.158,refuse,4,44,
14853.098,conflict-at-land,2,43,
14857.312,refuse,7,46,
14862.799,start,5,42,
14863.158,refuse,4,44,
14868.098,refuse,2,43,
14869.366,conflict-at-land,5,42,
14872.312,refuse,7,46,
14878.158,start,4,44,
14882.756,conflict-at-land,0,45,
14883.098,refuse,2,43,
14883.229,conflict-at-land,4,44,
14884.366,start,5,42,
14887.312,start,7,46,
14891.238,conflict-at-land,5,42,
14892.22,conflict-at-land,7,46,
14897.756,start,0,45,
14898.098,start,2,43,
14898.229,refuse,4,44,
14906.238,refuse,5,42,
14907.22,refuse,7,46,
14909.708,conflict-at-land,2,43,
14913.229,start,4,44,
14914.495,conflict-at-land,6,6,
14920.858,conflict-at-land,4,44,
14921.238,start,5,42,
14922.22,refuse,7,46,
14924.708,refuse,2,43,
14927.647,conflict-at-land,5,42,
14929.495,start,6,6,
14935.858,start,4,44,
14937.22,refuse,7,46,
14939.708,refuse,2,43,
14940.798,conflict-at-land,4,44,
14942.647,start,5,42,
14950.019,conflict-at-land,5,42,
14952.22,refuse,7,46,
14954.708,start,2,43,
14955.798,refuse,4,44,
14965.019,refuse,5,42,
14967.22,refuse,7,46,
14970.238,conflict-at-land,2,43,
14970.798,start,4,44,
14975.537,conflict-at-land,4,44,
14980.019,start,5,42,
14982.22,refuse,7,46,
14984.082,conflict-at-land,3,27,
14985.238,refuse,2,43,
14986.304,conflict-at-land,5,42,
14990.537,start,4,44,
14995.315,conflict-at-land,4,44,
14997.22,refuse,7,46,
14999.082,start,3,27,
15000.238,start,2,43,
15001.304,refuse,5,42,
15010.315,refuse,4,44,
15012.22,refuse,7,46,
15014.864,conflict-at-land,2,43,
15016.304,start,5,42,
15023.786,conflict-at-land,5,42,
15025.315,start,4,44,
15027.22,refuse,7,46,
15029.864,refuse,2,43,
15032.28,conflict-at-land,4,44,
15038.786,start,5,42,
15042.22,refuse,7,46,
15044.382,conflict-at-land,5,42,
15044.864,start,2,43,
15047.28,refuse,4,44,
15050.568,conflict-at-land,0,45,
15057.22,start,7,46,
15057.812,conflict-at-land,2,43,
15059.382,start,5,42,
15061.631,conflict-at-land,7,46,
15062.28,refuse,4,44,
15063.964,conflict-at-land,5,42,
15065.568,start,0,45,
15072.812,start,2,43,
15076.631,refuse,7,46,
15077.28,refuse,4,44,
15078.964,refuse,5,42,
15086.547,conflict-at-land,2,43,
15091.631,refuse,7,46,
15092.28,start,4,44,
15093.964,refuse,5,42,
15097.538,conflict-at-land,4,44,
15101.547,start,2,43,
15106.631,refuse,7,46,
15108.964,refuse,5,42,
15110.043,conflict-at-land,2,43,
15112.538,start,4,44,
15116.901,conflict-at-land,4,44,
15121.631,refuse,7,46,
15123.964,start,5,42,
15125.043,refuse,2,43,
15129.352,conflict-at-land,5,42,
15131.901,start,4,44,
15136.631,refuse,7,46,
15137.44,conflict-at-land,4,44,
15140.043,start,2,43,
15144.352,refuse,5,42,
15151.631,refuse,7,46,
15152.44,refuse,4,44,
15154.969,conflict-at-land,2,43,
15159.352,start,5,42,
15166.036,conflict-at-land,5,42,
15166.631,refuse,7,46,
15167.44,start,4,44,
15169.969,refuse,2,43,
15174.816,conflict-at-land,4,44,
15181.036,start,5,42,
15181.631,refuse,7,46,
15184.969,refuse,2,43,
15187.956,conflict-at-land,5,42,
15189.816,start,4,44,
15192.643,conflict-at-land,0,45,
15196.538,conflict-at-land,4,44,
15196.631,start,7,46,
15199.969,start,2,43,
15202.956,refuse,5,42,
15203.579,conflict-at-land,7,46,
15207.643,start,0,45,
15209.965,conflict-at-land,2,43,
15211.538,start,4,44,
15217.829,conflict-at-land,4,44,
15217.956,start,5,42,
15218.579,refuse,7,46,
15224.475,conflict-at-land,5,42,
15224.965,start,2,43,
15232.829,refuse,4,44,
15233.579,refuse,7,46,
15236.935,conflict-at-land,2,43,
15239.475,start,5,42,
15245.287,conflict-at-land,5,42,
15245.287,abandon,5,42,
15245.287,refuse,5,47,
15247.829,start,4,44,
15248.579,refuse,7,46,
15251.935,refuse,2,43,
15255.067,conflict-at-land,4,44,
15260.287,refuse,5,47,
15263.579,refuse,7,46,
15266.935,start,2,43,
15268.071,conflict-at-land,3,27,
15270.067,refuse,4,44,
15275.287,refuse,5,47,
15278.579,refuse,7,46,
15281.093,conflict-at-land,2,43,
15283.071,start,3,27,
15285.067,start,4,44,
15290.287,refuse,5,47,
15292.361,conflict-at-land,4,44,
15293.579,refuse,7,46,
15296.093,start,2,43,
15305.287,refuse,5,47,
15307.361,refuse,4,44,
15308.379,conflict-at-land,2,43,
15308.579,refuse,7,46,
15317.426,conflict-at-land,6,6,
15320.287,refuse,5,47,
15322.361,start,4,44,
15323.379,refuse,2,43,
15323.579,refuse,7,46,
15326.786,conflict-at-land,4,44,
15332.426,start,6,6,
15335.287,refuse,5,47,
15338.379,start,2,43,
15338.579,refuse,7,46,
15341.786,refuse,4,44,
15349.701,conflict-at-land,0,45,
15350.287,start,5,47,
15353.116,conflict-at-land,2,43,
15353.579,refuse,7,46,
15356.049,conflict-at-land,5,47,
15356.786,start,4,44,
15362.532,conflict-at-land,4,44,
15364.701,start,0,45,
15368.116,start,2,43,
15368.579,refuse,7,46,
15371.049,refuse,5,47,
15377.532,refuse,4,44,
15377.913,conflict-at-land,2,43,
15383.579,refuse,7,46,
15386.049,refuse,5,47,
15392.532,start,4,44,
15392.913,refuse,2,43,
15398.579,refuse,7,46,
15398.657,conflict-at-land,4,44,
15401.049,refuse,5,47,
15407.913,start,2,43,
15413.579,refuse,7,46,
15413.657,refuse,4,44,
15416.049,refuse,5,47,
15419.462,conflict-at-land,2,43,
15428.579,refuse,7,46,
15428.657,start,4,44,
15431.049,refuse,5,47,
15434.462,refuse,2,43,
15435.209,conflict-at-land,4,44,
15443.579,refuse,7,46,
15446.049,refuse,5,47,
15449.462,start,2,43,
15450.209,refuse,4,44,
15458.579,refuse,7,46,
15461.049,refuse,5,47,
15461.716,conflict-at-land,3,27,
15462.599,conflict-at-land,2,43,
15465.209,start,4,44,
15470.107,conflict-at-land,4,44,
15470.762,conflict-at-land,0,45,
15473.579,start,7,46,
15476.049,refuse,5,47,
15476.716,start,3,27,
15477.599,start,2,43,
15480.552,conflict-at-land,7,46,
15485.107,refuse,4,44,
15485.762,start,0,45,
15488.931,conflict-at-land,2,43,
15491.049,refuse,5,47,
15495.552,refuse,7,46,
15500.107,start,4,44,
15503.931,refuse,2,43,
15506.049,refuse,5,47,
15506.505,conflict-at-land,4,44,
15510.552,refuse,7,46,
15518.931,start,2,43,
15521.049,refuse,5,47,
15521.505,refuse,4,44,
15525.552,refuse,7,46,
15532.225,conflict-at-land,2,43,
15532.603,conflict-at-land,1,25,
15536.049,refuse,5,47,
15536.505,start,4,44,
15540.552,refuse,7,46,
15543.521,conflict-at-land,4,44,
15547.225,start,2,43,
15547.603,start,1,25,
15551.049,refuse,5,47,
15555.552,refuse,7,46,
15558.521,refuse,4,44,
15561.535,conflict-at-land,2,43,
15566.049,refuse,5,47,
15570.552,refuse,7,46,
15573.521,start,4,44,
15576.535,refuse,2,43,
15579.687,conflict-at-land,4,44,
15581.049,refuse,5,47,
15585.483,conflict-at-land,0,45,
15585.552,start,7,46,
15591.535,start,2,43,
15591.964,conflict-at-land,7,46,
15594.687,refuse,4,44,
15596.049,start,5,47,
15600.285,conflict-at-land,5,47,
15600.483,start,0,45,
15602.735,conflict-at-land,2,43,
15606.964,refuse,7,46,
15609.687,start,4,44,
15615.285,refuse,5,47,
15617.125,conflict-at-land,4,44,
15617.735,start,2,43,
15621.964,refuse,7,46,
15629.547,conflict-at-land,2,43,
15630.285,refuse,5,47,
15632.125,start,4,44,
15636.964,refuse,7,46,
15639.643,conflict-at-land,4,44,
15644.547,start,2,43,
15645.285,refuse,5,47,
15651.964,refuse,7,46,
15653.32,conflict-at-land,2,43,
15654.643,start,4,44,
15660.285,refuse,5,47,
15660.945,conflict-at-land,4,44,
15666.964,refuse,7,46,
15668.32,start,2,43,
15675.285,refuse,5,47,
15675.945,refuse,4,44,
15679.575,conflict-at-land,2,43,
15681.964,refuse,7,46,
15689.267,conflict-at-land,3,27,
15690.285,refuse,5,47,
15690.945,start,4,44,
15694.575,refuse,2,43,
15696.964,refuse,7,46,
15697.445,conflict-at-land,4,44,
15704.267,start,3,27,
15705.285,refuse,5,47,
15709.575,start,2,43,
15711.964,refuse,7,46,
15712.445,refuse,4,44,
15720.285,refuse,5,47,
15723.151,conflict-at-land,2,43,
15726.964,refuse,7,46,
15727.445,start,4,44,
15732.375,conflict-at-land,4,44,
15733.902,conflict-at-land,6,6,
15735.285,refuse,5,47,
15738.151,start,2,43,
15740.373,conflict-at-land,0,45,
15741.964,start,7,46,
15747.375,refuse,4,44,
15747.647,conflict-at-land,7,46,
15748.615,conflict-at-land,2,43,
15748.615,abandon,2,43,
15748.615,start,2,48,
15748.902,start,6,6,
15750.285,start,5,47,
15755.373,refuse,0,45,
15757.171,land,2,48,
15757.171,start,2,49,
15757.879,conflict-at-land,5,47,
15762.375,start,4,44,
15762.647,start,7,46,
15767.309,conflict-at-land,7,46,
15768.595,conflict-at-land,4,44,
15770.373,start,0,45,
15772.879,refuse,5,47,
15782.309,refuse,7,46,
15783.595,start,4,44,
15787.879,refuse,5,47,
15790.535,conflict-at-land,4,44,
15797.309,refuse,7,46,
15802.879,refuse,5,47,
15805.535,start,4,44,
15812.265,conflict-at-land,4,44,
15812.309,refuse,7,46,
15817.669,conflict-at-land,2,49,
15817.879,refuse,5,47,
15827.265,start,4,44,
15827.309,refuse,7,46,
15832.669,start,2,49,
15832.879,refuse,5,47,
15834.91,conflict-at-land,4,44,
15842.309,refuse,7,46,
15847.879,refuse,5,47,
15849.91,start,4,44,
15855.447,conflict-at-land,4,44,
15857.309,refuse,7,46,
15862.879,refuse,5,47,
15870.447,start,4,44,
15872.309,refuse,7,46,
15877.782,conflict-at-land,4,44,
15877.879,refuse,5,47,
15887.309,refuse,7,46,
15892.782,start,4,44,
15892.879,refuse,5,47,
15895.692,conflict-at-land,0,45,
15896.141,conflict-at-land,2,49,
15900.508,conflict-at-land,4,44,
15902.309,start,7,46,
15904.915,conflict-at-land,3,27,
15907.879,refuse,5,47,
15910.005,conflict-at-land,7,46,
15910.692,start,0,45,
15911.141,start,2,49,
15915.508,start,4,44,
15919.915,start,3,27,
15920.279,conflict-at-land,4,44,
15922.879,refuse,5,47,
15925.005,refuse,7,46,
15935.279,start,4,44,
15937.879,refuse,5,47,
15940.005,refuse,7,46,
15942.274,conflict-at-land,4,44,
15952.879,refuse,5,47,
15955.005,refuse,7,46,
15957.274,start,4,44,
15964.619,conflict-at-land,4,44,
15967.879,refuse,5,47,
15970.005,refuse,7,46,
15977.488,conflict-at-land,2,49,
15979.619,start,4,44,
15982.879,refuse,5,47,
15985.005,refuse,7,46,
15985.949,conflict-at-land,4,44,
15992.488,start,2,49,
15997.879,refuse,5,47,
16000.005,refuse,7,46,
16000.949,start,4,44,
16005.255,conflict-at-land,0,45,
16006.898,conflict-at-land,4,44,
16012.879,start,5,47,
16015.005,refuse,7,46,
16018.188,conflict-at-land,5,47,
16020.255,start,0,45,
16021.898,start,4,44,
16026.836,conflict-at-land,4,44,
16030.005,refuse,7,46,
16033.188,refuse,5,47,
16041.836,start,4,44,
16045.005,refuse,7,46,
16046.012,conflict-at-land,2,49,
16048.188,refuse,5,47,
16049.454,conflict-at-land,4,44,
16060.005,refuse,7,46,
16061.012,start,2,49,
16063.188,refuse,5,47,
16064.454,start,4,44,
16069.32,conflict-at-land,4,44,
16073.763,conflict-at-land,6,6,
16075.005,refuse,7,46,
16078.188,refuse,5,47,
16084.32,start,4,44,
16088.763,start,6,6,
16090.005,refuse,7,46,
16091.568,conflict-at-land,4,44,
16093.188,refuse,5,47,
16105.005,refuse,7,46,
16106.568,start,4,44,
16108.188,refuse,5,47,
16108.193,conflict-at-land,3,27,
16113.378,conflict-at-land,4,44,
16120.005,refuse,7,46,
16123.188,refuse,5,47,
16123.193,start,3,27,
16125.933,conflict-at-land,0,45,
16128.378,start,4,44,
16134.492,conflict-at-land,4,44,
16135.005,start,7,46,
16136.576,conflict-at-land,2,49,
16138.188,refuse,5,47,
16140.933,refuse,0,45,
16142.14,conflict-at-land,7,46,
16149.492,start,4,44,
16151.576,start,2,49,
16153.188,start,5,47,
16155.933,refuse,0,45,
16156.216,conflict-at-land,4,44,
16157.14,refuse,7,46,
16157.587,conflict-at-land,5,47,
16170.933,start,0,45,
16171.216,start,4,44,
16172.14,refuse,7,46,
16172.475,conflict-at-land,1,25,
16172.587,refuse,5,47,
16176.75,conflict-at-land,4,44,
16187.14,refuse,7,46,
16187.475,start,1,25,
16187.587,refuse,5,47,
16191.75,start,4,44,
16199.5,conflict-at-land,4,44,
16202.14,refuse,7,46,
16202.587,refuse,5,47,
16214.5,start,4,44,
16217.14,refuse,7,46,
16217.587,refuse,5,47,
16222.185,conflict-at-land,4,44,
16227.181,conflict-at-land,2,49,
16232.14,refuse,7,46,
16232.587,refuse,5,47,
16237.185,start,4,44,
16242.181,start,2,49,
16244.38,conflict-at-land,4,44,
16247.14,refuse,7,46,
16247.587,refuse,5,47,
16259.38,start,4,44,
16262.14,refuse,7,46,
16262.587,refuse,5,47,
16266.367,conflict-at-land,4,44,
16277.14,refuse,7,46,
16277.587,refuse,5,47,
16281.367,start,4,44,
16281.461,conflict-at-land,0,45,
16288.623,conflict-at-land,4,44,
16292.14,start,7,46,
16292.587,refuse,5,47,
16296.461,refuse,0,45,
16297.11,conflict-at-land,7,46,
16303.623,start,4,44,
16307.587,start,5,47,
16307.833,conflict-at-land,2,49,
16309.995,conflict-at-land,3,27,
16310.079,conflict-at-land,4,44,
16311.461,refuse,0,45,
16312.11,refuse,7,46,
16315.328,conflict-at-land,5,47,
16322.833,start,2,49,
16324.995,start,3,27,
16325.079,start,4,44,
16326.461,start,0,45,
16327.11,refuse,7,46,
16330.328,refuse,5,47,
16330.603,conflict-at-land,4,44,
16342.11,refuse,7,46,
16345.328,refuse,5,47,
16345.603,start,4,44,
16351.471,conflict-at-land,4,44,
16357.11,refuse,7,46,
16360.328,refuse,5,47,
16366.471,start,4,44,
16370.819,conflict-at-land,2,49,
16371.168,conflict-at-land,4,44,
16372.11,refuse,7,46,
16375.328,refuse,5,47,
16385.819,start,2,49,
16386.168,start,4,44,
16387.11,refuse,7,46,
16390.328,refuse,5,47,
16392.695,conflict-at-land,4,44,
16402.11,refuse,7,46,
16405.328,refuse,5,47,
16407.695,start,4,44,
16413.857,conflict-at-land,4,44,
16417.11,refuse,7,46,
16420.328,refuse,5,47,
16428.857,start,4,44,
16432.11,refuse,7,46,
16433.155,conflict-at-land,4,44,
16435.328,refuse,5,47,
16441.298,conflict-at-land,2,49,
16447.11,refuse,7,46,
16448.155,start,4,44,
16450.328,refuse,5,47,
16455.291,conflict-at-land,4,44,
16456.298,start,2,49,
16462.11,refuse,7,46,
16465.328,refuse,5,47,
16470.291,start,4,44,
16474.619,conflict-at-land,4,44,
16474.619,abandon,4,44,
16474.619,start,4,50,
16475.598,conflict-at-land,0,45,
16477.11,start,7,46,
16480.328,refuse,5,47,
16481.765,conflict-at-land,6,6,
16483.725,conflict-at-land,7,46,
16490.598,start,0,45,
16495.328,refuse,5,47,
16496.765,start,6,6,
16498.725,refuse,7,46,
16508.526,conflict-at-land,2,49,
16510.328,refuse,5,47,
16513.725,refuse,7,46,
16523.526,start,2,49,
16525.328,refuse,5,47,
16528.725,refuse,7,46,
16536.801,conflict-at-land,3,27,
16540.328,refuse,5,47,
16543.725,refuse,7,46,
16551.801,start,3,27,
16555.25,conflict-at-land,4,50,
16555.328,refuse,5,47,
16558.725,refuse,7,46,
16566.271,conflict-at-land,2,49,
16570.25,start,4,50,
16570.328,refuse,5,47,
16573.725,refuse,7,46,
16581.271,start,2,49,
16585.328,refuse,5,47,
16588.725,refuse,7,46,
16600.328,refuse,5,47,
16603.725,refuse,7,46,
16615.328,refuse,5,47,
16618.725,refuse,7,46,
16621.505,conflict-at-land,0,45,
16623.667,conflict-at-land,2,49,
16630.328,start,5,47,
16633.725,refuse,7,46,
16636.505,refuse,0,45,
16636.544,conflict-at-land,5,47,
16638.667,start,2,49,
16645.629,conflict-at-land,4,50,
16648.725,start,7,46,
16651.505,refuse,0,45,
16651.544,refuse,5,47,
16654.628,conflict-at-land,7,46,
16660.629,start,4,50,
16666.505,start,0,45,
16666.544,refuse,5,47,
16669.628,refuse,7,46,
16681.544,refuse,5,47,
16683.683,conflict-at-land,2,49,
16684.628,refuse,7,46,
16696.544,refuse,5,47,
16698.683,start,2,49,
16699.628,refuse,7,46,
16711.544,refuse,5,47,
16714.628,refuse,7,46,
16726.544,refuse,5,47,
16729.628,refuse,7,46,
16741.544,refuse,5,47,
16744.628,refuse,7,46,
16745.063,conflict-at-land,4,50,
16755.028,conflict-at-land,6,6,
16755.311,conflict-at-land,2,49,
16756.544,refuse,5,47,
16759.628,refuse,7,46,
16760.063,start,4,50,
16769.231,conflict-at-land,0,45,
16770.028,start,6,6,
16770.311,start,2,49,
16771.544,start,5,47,
16774.628,refuse,7,46,
16775.946,conflict-at-land,5,47,
16784.231,start,0,45,
16789.628,refuse,7,46,
16790.946,refuse,5,47,
16800.242,conflict-at-land,3,27,
16804.628,refuse,7,46,
16805.946,refuse,5,47,
16815.242,start,3,27,
16819.628,refuse,7,46,
16820.946,refuse,5,47,
16834.628,refuse,7,46,
16834.657,conflict-at-land,2,49,
16835.946,refuse,5,47,
16839.454,conflict-at-land,1,25,
16844.943,conflict-at-land,4,50,
16849.628,refuse,7,46,
16849.657,start,2,49,
16850.946,refuse,5,47,
16854.454,start,1,25,
16859.943,start,4,50,
16864.628,refuse,7,46,
16865.946,refuse,5,47,
16879.628,refuse,7,46,
16880.946,refuse,5,47,
16894.628,refuse,7,46,
16895.946,refuse,5,47,
16907.225,conflict-at-land,2,49,
16909.628,refuse,7,46,
16910.946,refuse,5,47,
16922.225,start,2,49,
16922.29,conflict-at-land,0,45,
16924.628,start,7,46,
16925.946,refuse,5,47,
16931.701,conflict-at-land,7,46,
16937.29,start,0,45,
16940.946,refuse,5,47,
16946.701,refuse,7,46,
16947.446,conflict-at-land,4,50,
16955.946,refuse,5,47,
16961.701,refuse,7,46,
16962.446,start,4,50,
16970.875,conflict-at-land,2,49,
16970.946,refuse,5,47,
16976.701,refuse,7,46,
16985.875,start,2,49,
16985.946,refuse,5,47,
16991.701,refuse,7,46,
16999.575,conflict-at-land,3,27,
17000.946,refuse,5,47,
17006.701,refuse,7,46,
17014.575,start,3,27,
17015.946,refuse,5,47,
17021.701,refuse,7,46,
17030.946,refuse,5,47,
17036.701,refuse,7,46,
17037.247,conflict-at-land,4,50,
17037.953,conflict-at-land,2,49,
17045.946,refuse,5,47,
17051.701,refuse,7,46,
17052.247,start,4,50,
17052.752,conflict-at-land,0,45,
17052.953,start,2,49,
17060.946,start,5,47,
17065.889,conflict-at-land,5,47,
17066.013,conflict-at-land,6,6,
17066.701,start,7,46,
17067.752,refuse,0,45,
17073.79,conflict-at-land,7,46,
17080.889,start,5,47,
17081.013,start,6,6,
17082.752,refuse,0,45,
17085.467,conflict-at-land,5,47,
17088.79,start,7,46,
17093.404,conflict-at-land,7,46,
17097.752,start,0,45,
17100.467,refuse,5,47,
17108.404,refuse,7,46,
17108.979,conflict-at-land,2,49,
17115.467,refuse,5,47,
17123.404,refuse,7,46,
17123.979,start,2,49,
17130.467,refuse,5,47,
17138.404,refuse,7,46,
17145.467,refuse,5,47,
17149.13,conflict-at-land,4,50,
17153.404,refuse,7,46,
17160.467,refuse,5,47,
17164.13,start,4,50,
17168.404,refuse,7,46,
17175.467,refuse,5,47,
17183.404,refuse,7,46,
17186.398,conflict-at-land,0,45,
17190.467,start,5,47,
17190.711,conflict-at-land,3,27,
17197.018,conflict-at-land,5,47,
17198.404,start,7,46,
17201.387,conflict-at-land,2,49,
17201.398,refuse,0,45,
17203.134,conflict-at-land,7,46,
17205.711,start,3,27,
17212.018,start,5,47,
17216.387,start,2,49,
17216.398,refuse,0,45,
17216.432,conflict-at-land,5,47,
17218.134,start,7,46,
17222.362,conflict-at-land,7,46,
17231.398,start,0,45,
17231.432,refuse,5,47,
17237.362,refuse,7,46,
17238.618,conflict-at-land,4,50,
17246.432,refuse,5,47,
17252.362,refuse,7,46,
17253.618,start,4,50,
17261.432,refuse,5,47,
17267.362,refuse,7,46,
17276.432,refuse,5,47,
17282.362,refuse,7,46,
17288.726,conflict-at-land,2,49,
17291.432,refuse,5,47,
17297.362,refuse,7,46,
17303.726,start,2,49,
17306.432,refuse,5,47,
17312.362,refuse,7,46,
17321.432,refuse,5,47,
17327.362,refuse,7,46,
17336.432,refuse,5,47,
17342.362,refuse,7,46,
17349.381,conflict-at-land,4,50,
17351.432,refuse,5,47,
17352.87,conflict-at-land,2,49,
17357.362,refuse,7,46,
17364.381,start,4,50,
17366.432,refuse,5,47,
17367.87,start,2,49,
17372.362,refuse,7,46,
17381.432,refuse,5,47,
17386.858,conflict-at-land,0,45,
17387.362,start,7,46,
17391.653,conflict-at-land,7,46,
17396.432,start,5,47,
17401.858,refuse,0,45,
17402.344,conflict-at-land,5,47,
17405.183,conflict-at-land,6,6,
17406.653,start,7,46,
17406.916,conflict-at-land,3,27,
17412.746,conflict-at-land,7,46,
17416.287,conflict-at-land,2,49,
17416.858,start,0,45,
17417.344,refuse,5,47,
17420.183,start,6,6,
17421.916,start,3,27,
17427.746,refuse,7,46,
17429.808,conflict-at-land,4,50,
17431.287,start,2,49,
17432.344,refuse,5,47,
17442.746,refuse,7,46,
17444.808,start,4,50,
17447.344,refuse,5,47,
17457.746,refuse,7,46,
17462.344,refuse,5,47,
17472.746,refuse,7,46,
17477.344,refuse,5,47,
17487.746,refuse,7,46,
17488.733,conflict-at-land,2,49,
17492.344,refuse,5,47,
17502.746,refuse,7,46,
17503.733,start,2,49,
17504.496,conflict-at-land,4,50,
17507.344,refuse,5,47,
17517.746,refuse,7,46,
17519.496,start,4,50,
17522.344,refuse,5,47,
17532.746,refuse,7,46,
17537.344,refuse,5,47,
17546.942,conflict-at-land,2,49,
17547.746,refuse,7,46,
17552.344,refuse,5,47,
17561.942,start,2,49,
17562.746,refuse,7,46,
17567.344,refuse,5,47,
17568.131,conflict-at-land,0,45,
17577.746,start,7,46,
17582.239,conflict-at-land,7,46,
17582.344,start,5,47,
17583.131,refuse,0,45,
17589.441,conflict-at-land,4,50,
17590.049,conflict-at-land,5,47,
17597.239,start,7,46,
17598.131,refuse,0,45,
17598.134,conflict-at-land,3,27,
17604.441,start,4,50,
17604.467,conflict-at-land,7,46,
17605.049,start,5,47,
17611.392,conflict-at-land,5,47,
17613.131,start,0,45,
17613.134,start,3,27,
17619.467,refuse,7,46,
17626.392,refuse,5,47,
17633.904,conflict-at-land,2,49,
17634.467,refuse,7,46,
17641.392,refuse,5,47,
17648.904,start,2,49,
17649.467,refuse,7,46,
17656.392,refuse,5,47,
17664.467,refuse,7,46,
17671.392,refuse,5,47,
17679.467,refuse,7,46,
17686.392,refuse,5,47,
17694.467,refuse,7,46,
17696.254,conflict-at-land,2,49,
17701.392,refuse,5,47,
17701.675,conflict-at-land,4,50,
17709.467,refuse,7,46,
17711.254,start,2,49,
17716.392,refuse,5,47,
17716.675,start,4,50,
17721.974,conflict-at-land,0,45,
17724.467,start,7,46,
17730.599,conflict-at-land,7,46,
17731.392,start,5,47,
17736.974,refuse,0,45,
17738.346,conflict-at-land,5,47,
17745.142,conflict-at-land,1,25,
17745.599,start,7,46,
17750.444,conflict-at-land,7,46,
17751.974,start,0,45,
17753.346,refuse,5,47,
17758.589,conflict-at-land,6,6,
17760.142,start,1,25,
17765.444,refuse,7,46,
17768.346,refuse,5,47,
17772.062,conflict-at-land,2,49,
17773.589,start,6,6,
17780.444,refuse,7,46,
17780.444,abandon,7,46,
17780.444,refuse,7,51,
17783.346,refuse,5,47,
17787.062,start,2,49,
17795.444,refuse,7,51,
17798.346,refuse,5,47,
17806.621,conflict-at-land,4,50,
17810.444,refuse,7,51,
17813.346,refuse,5,47,
17821.621,start,4,50,
17825.444,refuse,7,51,
17828.346,refuse,5,47,
17840.444,refuse,7,51,
17843.346,refuse,5,47,
17850.41,conflict-at-land,2,49,
17855.444,refuse,7,51,
17858.346,refuse,5,47,
17865.41,start,2,49,
17867.652,conflict-at-land,3,27,
17870.444,refuse,7,51,
17873.346,refuse,5,47,
17882.652,start,3,27,
17885.444,refuse,7,51,
17888.346,refuse,5,47,
17900.444,refuse,7,51,
17901.66,conflict-at-land,0,45,
17903.346,start,5,47,
17910.325,conflict-at-land,5,47,
17911.725,conflict-at-land,2,49,
17915.408,conflict-at-land,4,50,
17915.444,start,7,51,
17916.66,refuse,0,45,
17920.534,conflict-at-land,7,51,
17925.325,start,5,47,
17926.725,start,2,49,
17930.408,start,4,50,
17930.941,conflict-at-land,5,47,
17931.66,start,0,45,
17935.534,refuse,7,51,
17945.941,refuse,5,47,
17950.534,refuse,7,51,
17960.941,refuse,5,47,
17965.534,refuse,7,51,
17975.221,conflict-at-land,2,49,
17975.941,refuse,5,47,
17980.534,refuse,7,51,
17990.221,start,2,49,
17990.941,refuse,5,47,
17995.534,refuse,7,51,
18005.941,refuse,5,47,
18010.534,refuse,7,51,
18020.941,refuse,5,47,
18025.534,refuse,7,51,
18027.482,conflict-at-land,4,50,
18035.941,refuse,5,47,
18040.534,refuse,7,51,
18042.482,start,4,50,
18045.867,conflict-at-land,2,49,
18050.941,refuse,5,47,
18055.534,refuse,7,51,
18060.867,start,2,49,
18065.941,refuse,5,47,
18070.534,refuse,7,51,
18072.679,conflict-at-land,3,27,
18075.859,conflict-at-land,0,45,
18080.941,start,5,47,
18081.336,conflict-at-land,6,6,
18085.534,refuse,7,51,
18086.295,conflict-at-land,5,47,
18087.679,start,3,27,
18090.859,start,0,45,
18096.336,start,6,6,
18100.534,refuse,7,51,
18101.295,refuse,5,47,
18115.534,refuse,7,51,
18116.295,refuse,5,47,
18130.534,refuse,7,51,
18131.295,refuse,5,47,
18134.761,conflict-at-land,2,49,
18139.731,conflict-at-land,4,50,
18145.534,refuse,7,51,
18146.295,refuse,5,47,
18149.761,start,2,49,
18154.731,start,4,50,
18160.534,refuse,7,51,
18161.295,refuse,5,47,
18175.534,refuse,7,51,
18176.295,refuse,5,47,
18190.534,refuse,7,51,
18191.295,refuse,5,47,
18201.29,conflict-at-land,2,49,
18205.534,refuse,7,51,
18206.295,refuse,5,47,
18207.62,conflict-at-land,4,50,
18216.29,start,2,49,
18220.534,refuse,7,51,
18221.295,refuse,5,47,
18222.62,start,4,50,
18229.85,conflict-at-land,0,45,
18235.534,start,7,51,
18236.295,refuse,5,47,
18242.186,conflict-at-land,7,51,
18244.85,start,0,45,
18250.85,conflict-at-land,3,27,
18251.295,refuse,5,47,
18257.186,refuse,7,51,
18265.85,start,3,27,
18266.295,refuse,5,47,
18268.599,conflict-at-land,2,49,
18272.186,refuse,7,51,
18281.295,refuse,5,47,
18283.599,start,2,49,
18287.186,refuse,7,51,
18296.295,refuse,5,47,
18302.186,refuse,7,51,
18303.17,conflict-at-land,1,25,
18311.295,refuse,5,47,
18317.075,conflict-at-land,4,50,
18317.186,refuse,7,51,
18318.17,start,1,25,
18326.295,refuse,5,47,
18332.075,start,4,50,
18332.186,refuse,7,51,
18335.32,conflict-at-land,2,49,
18341.295,refuse,5,47,
18347.186,refuse,7,51,
18350.32,start,2,49,
18356.295,refuse,5,47,
18356.295,abandon,5,47,
18356.295,refuse,5,52,
18362.186,refuse,7,51,
18371.295,refuse,5,52,
18377.186,refuse,7,51,
18380.307,conflict-at-land,0,45,
18386.295,start,5,52,
18392.186,refuse,7,51,
18395.307,refuse,0,45,
18399.095,land,5,52,
18399.095,start,5,53,
18405.825,conflict-at-land,4,50,
18407.186,start,7,51,
18410.307,refuse,0,45,
18414.525,conflict-at-land,7,51,
18420.825,start,4,50,
18425.307,start,0,45,
18425.693,conflict-at-land,2,49,
18429.525,refuse,7,51,
18440.693,start,2,49,
18444.525,refuse,7,51,
18459.525,refuse,7,51,
18466.302,conflict-at-land,6,6,
18474.525,refuse,7,51,
18481.302,start,6,6,
18489.525,refuse,7,51,
18504.525,refuse,7,51,
18510.757,conflict-at-land,3,27,
18516.686,conflict-at-land,2,49,
18517.488,conflict-at-land,4,50,
18519.525,refuse,7,51,
18525.757,start,3,27,
18531.686,start,2,49,
18532.488,start,4,50,
18534.525,refuse,7,51,
18549.525,refuse,7,51,
18564.12,conflict-at-land,0,45,
18564.525,start,7,51,
18571.947,conflict-at-land,7,51,
18579.12,start,0,45,
18583.053,conflict-at-land,2,49,
18586.947,refuse,7,51,
18598.053,start,2,49,
18601.65,conflict-at-land,4,50,
18601.947,refuse,7,51,
18616.65,start,4,50,
18616.947,refuse,7,51,
18631.947,refuse,7,51,
18646.947,refuse,7,51,
18648.908,conflict-at-land,2,49,
18661.947,refuse,7,51,
18663.908,start,2,49,
18673.259,conflict-at-land,4,50,
18676.947,refuse,7,51,
18688.259,start,4,50,
18689.347,conflict-at-land,0,45,
18691.947,start,7,51,
18697.672,conflict-at-land,7,51,
18704.347,start,0,45,
18712.672,refuse,7,51,
18718.407,conflict-at-land,5,53,
18720.506,conflict-at-land,3,27,
18727.672,refuse,7,51,
18731.822,conflict-at-land,2,49,
18733.407,start,5,53,
18735.506,start,3,27,
18742.672,refuse,7,51,
18746.822,start,2,49,
18757.672,refuse,7,51,
18772.672,refuse,7,51,
18782.723,conflict-at-land,4,50,
18787.672,refuse,7,51,
18797.723,start,4,50,
18801.771,conflict-at-land,0,45,
18802.672,start,7,51,
18803.475,conflict-at-land,2,49,
18805.326,conflict-at-land,6,6,
18808.218,conflict-at-land,7,51,
18816.771,start,0,45,
18818.475,start,2,49,
18820.326,start,6,6,
18823.218,refuse,7,51,
18838.218,refuse,7,51,
18853.218,refuse,7,51,
18868.218,refuse,7,51,
18871.517,conflict-at-land,4,50,
18883.218,refuse,7,51,
18884.259,conflict-at-land,2,49,
18886.517,start,4,50,
18898.218,refuse,7,51,
18899.259,start,2,49,
18913.218,refuse,7,51,
18928.218,refuse,7,51,
18942.384,conflict-at-land,0,45,
18943.218,start,7,51,
18949.625,conflict-at-land,7,51,
18954.033,conflict-at-land,4,50,
18957.384,start,0,45,
18964.625,refuse,7,51,
18969.033,start,4,50,
18975.925,conflict-at-land,2,49,
18979.625,refuse,7,51,
18990.925,start,2,49,
18994.625,refuse,7,51,
19000.308,conflict-at-land,3,27,
19009.625,refuse,7,51,
19015.308,start,3,27,
19024.625,refuse,7,51,
19039.625,refuse,7,51,
19041.532,conflict-at-land,2,49,
19054.625,refuse,7,51,
19056.532,start,2,49,
19059.489,conflict-at-land,4,50,
19066.8,conflict-at-land,5,53,
19069.625,refuse,7,51,
19074.489,start,4,50,
19077.315,conflict-at-land,0,45,
19081.8,start,5,53,
19084.625,start,7,51,
19090.732,conflict-at-land,7,51,
19092.315,start,0,45,
19105.732,refuse,7,51,
19120.732,refuse,7,51,
19131.342,conflict-at-land,2,49,
19135.732,refuse,7,51,
19146.342,start,2,49,
19150.732,refuse,7,51,
19161.687,conflict-at-land,1,25,
19164.531,conflict-at-land,4,50,
19165.732,refuse,7,51,
19176.687,start,1,25,
19179.531,start,4,50,
19180.732,refuse,7,51,
19195.732,refuse,7,51,
19210.732,refuse,7,51,
19216.448,conflict-at-land,2,49,
19225.732,refuse,7,51,
19226.02,conflict-at-land,0,45,
19231.448,start,2,49,
19240.537,conflict-at-land,3,27,
19240.732,start,7,51,
19241.02,refuse,0,45,
19246.689,conflict-at-land,7,51,
19249.507,conflict-at-land,6,6,
19255.537,start,3,27,
19256.02,start,0,45,
19261.689,refuse,7,51,
19264.507,start,6,6,
19275.455,conflict-at-land,4,50,
19276.689,refuse,7,51,
19290.455,start,4,50,
19291.689,refuse,7,51,
19302.263,conflict-at-land,2,49,
19306.689,refuse,7,51,
19317.263,start,2,49,
19321.689,refuse,7,51,
19336.689,refuse,7,51,
19351.689,refuse,7,51,
19355.277,conflict-at-land,4,50,
19366.689,refuse,7,51,
19370.277,start,4,50,
19381.689,refuse,7,51,
19390.864,conflict-at-land,2,49,
19396.689,refuse,7,51,
19405.864,start,2,49,
19411.689,refuse,7,51,
19411.996,conflict-at-land,0,45,
19424.906,conflict-at-land,4,50,
19426.689,start,7,51,
19426.996,refuse,0,45,
19431.962,conflict-at-land,7,51,
19432.124,conflict-at-land,5,53,
19439.906,start,4,50,
19441.996,start,0,45,
19446.962,refuse,7,51,
19447.124,start,5,53,
19461.962,refuse,7,51,
19472.991,conflict-at-land,2,49,
19476.962,refuse,7,51,
19487.494,conflict-at-land,3,27,
19487.991,start,2,49,
19491.962,refuse,7,51,
19502.494,start,3,27,
19503.407,conflict-at-land,4,50,
19506.706,conflict-at-land,6,6,
19506.962,refuse,7,51,
19518.407,start,4,50,
19521.706,start,6,6,
19521.962,refuse,7,51,
19531.769,conflict-at-land,0,45,
19536.962,start,7,51,
19541.714,conflict-at-land,7,51,
19543.175,conflict-at-land,2,49,
19546.769,start,0,45,
19556.714,refuse,7,51,
19558.175,start,2,49,
19571.714,refuse,7,51,
19586.714,refuse,7,51,
19601.714,refuse,7,51,
19607.481,conflict-at-land,4,50,
19616.714,refuse,7,51,
19622.481,start,4,50,
19631.714,refuse,7,51,
19633.547,conflict-at-land,2,49,
19646.714,refuse,7,51,
19648.547,start,2,49,
19661.714,refuse,7,51,
19671.571,conflict-at-land,0,45,
19676.714,start,7,51,
19681.708,conflict-at-land,7,51,
19685.551,conflict-at-land,4,50,
19686.571,start,0,45,
19696.708,refuse,7,51,
19697.938,conflict-at-land,5,53,
19700.551,start,4,50,
19711.708,refuse,7,51,
19712.938,start,5,53,
19715.663,conflict-at-land,2,49,
19726.708,refuse,7,51,
19730.663,start,2,49,
19741.601,conflict-at-land,3,27,
19741.708,refuse,7,51,
19756.601,start,3,27,
19756.708,refuse,7,51,
19758.755,conflict-at-land,1,25,
19771.708,refuse,7,51,
19773.755,start,1,25,
19777.489,conflict-at-land,4,50,
19786.708,refuse,7,51,
19792.041,conflict-at-land,2,49,
19792.489,start,4,50,
19794.976,conflict-at-land,0,45,
19801.708,start,7,51,
19807.041,start,2,49,
19808.545,conflict-at-land,7,51,
19809.976,start,0,45,
19823.545,refuse,7,51,
19838.545,refuse,7,51,
19847.358,conflict-at-land,4,50,
19853.545,refuse,7,51,
19862.358,start,4,50,
19868.545,refuse,7,51,
19869.124,conflict-at-land,2,49,
19883.545,refuse,7,51,
19884.029,conflict-at-land,6,6,
19884.124,start,2,49,
19898.545,refuse,7,51,
19899.029,start,6,6,
19913.545,refuse,7,51,
19920.692,conflict-at-land,0,45,
19928.545,start,7,51,
19934.856,conflict-at-land,7,51,
19935.122,conflict-at-land,3,27,
19935.692,start,0,45,
19938.968,conflict-at-land,2,49,
19943.077,conflict-at-land,4,50,
19949.856,refuse,7,51,
19950.122,start,3,27,
19953.968,start,2,49,
19958.077,start,4,50,
19964.856,refuse,7,51,
19979.856,refuse,7,51,
19994.856,refuse,7,51,
20009.856,refuse,7,51,
20024.856,refuse,7,51,
20030.661,conflict-at-land,2,49,
20039.856,refuse,7,51,
20045.661,start,2,49,
20048.773,conflict-at-land,4,50,
20054.856,refuse,7,51,
20058.445,conflict-at-land,5,53,
20063.773,start,4,50,
20069.856,refuse,7,51,
20073.445,start,5,53,
20080.806,conflict-at-land,0,45,
20084.856,start,7,51,
20092.103,conflict-at-land,7,51,
20094.446,conflict-at-land,2,49,
20095.806,start,0,45,
20107.103,refuse,7,51,
20109.446,start,2,49,
20122.103,refuse,7,51,
20128.64,conflict-at-land,3,27,
20137.103,refuse,7,51,
20143.64,start,3,27,
20152.103,refuse,7,51,
20157.254,conflict-at-land,4,50,
20167.103,refuse,7,51,
20172.254,start,4,50,
20182.103,refuse,7,51,
20182.469,conflict-at-land,2,49,
20197.103,refuse,7,51,
20197.469,start,2,49,
20197.645,conflict-at-land,0,45,
20212.103,start,7,51,
20212.645,refuse,0,45,
20219.02,conflict-at-land,7,51,
20227.645,start,0,45,
20234.02,refuse,7,51,
20239.33,conflict-at-land,6,6,
20249.02,refuse,7,51,
20249.918,conflict-at-land,4,50,
20254.33,start,6,6,
20263.932,conflict-at-land,2,49,
20264.02,refuse,7,51,
20264.918,start,4,50,
20278.932,start,2,49,
20279.02,refuse,7,51,
20294.02,refuse,7,51,
20309.02,refuse,7,51,
20321.327,conflict-at-land,5,53,
20324.02,refuse,7,51,
20336.327,start,5,53,
20339.02,refuse,7,51,
20352.065,conflict-at-land,4,50,
20353.455,conflict-at-land,2,49,
20354.02,refuse,7,51,
20360.658,conflict-at-land,0,45,
20367.065,start,4,50,
20368.455,start,2,49,
20369.02,start,7,51,
20374.833,conflict-at-land,7,51,
20375.658,start,0,45,
20389.833,refuse,7,51,
20404.833,refuse,7,51,
20410.551,conflict-at-land,3,27,
20419.833,refuse,7,51,
20423.467,conflict-at-land,2,49,
20425.551,start,3,27,
20434.833,refuse,7,51,
20438.467,start,2,49,
20449.833,refuse,7,51,
20458.239,conflict-at-land,4,50,
20464.833,refuse,7,51,
20473.239,start,4,50,
20479.833,refuse,7,51,
20491.36,conflict-at-land,1,25,
20494.833,refuse,7,51,
20506.36,start,1,25,
20508.868,conflict-at-land,2,49,
20509.833,refuse,7,51,
20511.946,conflict-at-land,0,45,
20523.868,start,2,49,
20524.833,start,7,51,
20526.946,refuse,0,45,
20532.207,conflict-at-land,7,51,
20541.946,start,0,45,
20547.207,refuse,7,51,
20561.558,conflict-at-land,4,50,
20562.207,refuse,7,51,
20562.513,conflict-at-land,6,6,
20576.558,start,4,50,
20577.207,refuse,7,51,
20577.513,start,6,6,
20580.295,conflict-at-land,2,49,
20592.207,refuse,7,51,
20595.295,start,2,49,
20607.207,refuse,7,51,
20620.667,conflict-at-land,3,27,
20622.207,refuse,7,51,
20630.524,conflict-at-land,5,53,
20630.676,conflict-at-land,4,50,
20635.667,start,3,27,
20637.207,refuse,7,51,
20643.87,conflict-at-land,2,49,
20645.524,start,5,53,
20645.676,start,4,50,
20652.207,refuse,7,51,
20658.87,start,2,49,
20666.115,conflict-at-land,0,45,
20667.207,start,7,51,
20671.468,conflict-at-land,7,51,
20681.115,start,0,45,
20686.468,refuse,7,51,
20701.468,refuse,7,51,
20716.468,refuse,7,51,
20727.674,conflict-at-land,2,49,
20731.468,refuse,7,51,
20732.601,conflict-at-land,4,50,
20742.674,start,2,49,
20746.468,refuse,7,51,
20747.601,start,4,50,
20761.468,refuse,7,51,
20776.468,refuse,7,51,
20785.535,conflict-at-land,0,45,
20788.812,conflict-at-land,2,49,
20791.468,start,7,51,
20796.438,conflict-at-land,7,51,
20800.535,start,0,45,
20803.812,start,2,49,
20811.438,refuse,7,51,
20826.438,refuse,7,51,
20841.438,refuse,7,51,
20844.232,conflict-at-land,4,50,
20850.479,conflict-at-land,3,27,
20856.438,refuse,7,51,
20859.232,start,4,50,
20865.479,start,3,27,
20871.438,refuse,7,51,
20871.483,conflict-at-land,2,49,
20886.438,refuse,7,51,
20886.483,start,2,49,
20898.489,conflict-at-land,0,45,
20901.438,start,7,51,
20908.841,conflict-at-land,7,51,
20908.841,abandon,7,51,
20908.841,start,7,54,
20913.489,start,0,45,
20918.381,conflict-at-land,7,54,
20933.381,start,7,54,
20944.195,conflict-at-land,7,54,
20946.884,conflict-at-land,4,50,
20947.637,conflict-at-land,2,49,
20959.195,start,7,54,
20961.884,start,4,50,
20962.637,start,2,49,
20965.531,conflict-at-land,7,54,
20980.531,start,7,54,
20982.821,conflict-at-land,6,6,
20990.219,conflict-at-land,7,54,
20997.821,start,6,6,
21002.347,conflict-at-land,0,45,
21003.249,conflict-at-land,5,53,
21005.219,start,7,54,
21016.173,conflict-at-land,7,54,
21017.347,start,0,45,
21018.249,start,5,53,
21025.533,conflict-at-land,2,49,
21031.173,start,7,54,
21037.79,conflict-at-land,7,54,
21040.533,start,2,49,
21052.79,start,7,54,
21059.106,conflict-at-land,4,50,
21063.638,conflict-at-land,7,54,
21072.089,conflict-at-land,1,25,
21074.106,start,4,50,
21078.638,start,7,54,
21087.089,start,1,25,
21089.301,conflict-at-land,7,54,
21104.301,start,7,54,
21106.785,conflict-at-land,2,49,
21112.963,conflict-at-land,3,27,
21113.601,conflict-at-land,7,54,
21121.785,start,2,49,
21127.963,start,3,27,
21128.601,start,7,54,
21130.139,conflict-at-land,0,45,
21137.021,conflict-at-land,7,54,
21145.139,start,0,45,
21152.021,start,7,54,
21154.29,conflict-at-land,4,50,
21162.315,conflict-at-land,7,54,
21169.29,start,4,50,
21177.315,start,7,54,
21187.552,conflict-at-land,7,54,
21193.748,conflict-at-land,2,49,
21202.552,start,7,54,
21208.748,start,2,49,
21212.478,conflict-at-land,7,54,
21227.478,start,7,54,
21234.999,conflict-at-land,7,54,
21249.999,start,7,54,
21260.479,conflict-at-land,7,54,
21262.768,conflict-at-land,4,50,
21273.679,conflict-at-land,2,49,
21275.479,start,7,54,
21277.768,start,4,50,
21286.009,conflict-at-land,6,6,
21286.196,conflict-at-land,7,54,
21288.679,start,2,49,
21290.566,conflict-at-land,0,45,
21301.009,start,6,6,
21301.196,start,7,54,
21305.53,conflict-at-land,3,27,
21305.566,start,0,45,
21311.461,conflict-at-land,7,54,
21319.228,conflict-at-land,5,53,
21320.53,start,3,27,
21326.461,start,7,54,
21334.228,start,5,53,
21337.748,conflict-at-land,7,54,
21340.705,conflict-at-land,4,50,
21344.166,conflict-at-land,2,49,
21352.748,start,7,54,
21355.705,start,4,50,
21359.166,start,2,49,
21361.254,conflict-at-land,7,54,
21376.254,start,7,54,
21383.377,conflict-at-land,7,54,
21397.205,conflict-at-land,0,45,
21398.377,start,7,54,
21401.31,conflict-at-land,2,49,
21409.477,conflict-at-land,7,54,
21412.205,start,0,45,
21415.742,conflict-at-land,4,50,
21416.31,start,2,49,
21424.477,start,7,54,
21430.742,start,4,50,
21431.747,conflict-at-land,7,54,
21446.747,start,7,54,
21454.273,conflict-at-land,7,54,
21469.273,start,7,54,
21479.377,conflict-at-land,7,54,
21488.915,conflict-at-land,2,49,
21490.141,conflict-at-land,3,27,
21494.377,start,7,54,
21503.915,start,2,49,
21504.513,conflict-at-land,0,45,
21504.837,conflict-at-land,7,54,
21505.141,start,3,27,
21519.359,conflict-at-land,4,50,
21519.513,start,0,45,
21519.837,start,7,54,
21527.459,conflict-at-land,7,54,
21534.359,start,4,50,
21542.459,start,7,54,
21551.243,conflict-at-land,7,54,
21564.576,conflict-at-land,2,49,
21566.243,start,7,54,
21575.636,conflict-at-land,7,54,
21579.576,start,2,49,
21590.636,start,7,54,
21599.286,conflict-at-land,7,54,
21614.286,start,7,54,
21625.445,conflict-at-land,7,54,
21629.076,conflict-at-land,6,6,
21630.535,conflict-at-land,4,50,
21633.136,conflict-at-land,2,49,
21640.445,start,7,54,
21642.21,conflict-at-land,0,45,
21644.076,start,6,6,
21645.535,start,4,50,
21648.136,start,2,49,
21651.539,conflict-at-land,7,54,
21657.21,start,0,45,
21666.539,start,7,54,
21668.625,conflict-at-land,5,53,
21674.401,conflict-at-land,7,54,
21683.625,start,5,53,
21689.401,start,7,54,
21690.12,conflict-at-land,3,27,
21700.223,conflict-at-land,7,54,
21705.12,start,3,27,
21715.223,start,7,54,
21725.79,conflict-at-land,2,49,
21725.803,conflict-at-land,7,54,
21740.679,conflict-at-land,4,50,
21740.79,start,2,49,
21740.803,start,7,54,
21744.407,conflict-at-land,0,45,
21748.189,conflict-at-land,7,54,
21755.679,start,4,50,
21759.407,start,0,45,
21763.189,start,7,54,
21770.835,conflict-at-land,7,54,
21785.835,start,7,54,
21789.732,conflict-at-land,2,49,
21793.159,conflict-at-land,7,54,
21802.767,conflict-at-land,1,25,
21804.732,start,2,49,
21808.159,start,7,54,
21815.856,conflict-at-land,7,54,
21817.767,start,1,25,
21822.777,conflict-at-land,4,50,
21830.856,start,7,54,
21837.777,start,4,50,
21839.733,conflict-at-land,7,54,
21854.733,start,7,54,
21863.702,conflict-at-land,7,54,
21874.894,conflict-at-land,2,49,
21877.479,conflict-at-land,3,27,
21878.702,start,7,54,
21886.23,conflict-at-land,7,54,
21889.894,start,2,49,
21892.479,start,3,27,
21900.97,conflict-at-land,5,53,
21901.23,start,7,54,
21908.751,conflict-at-land,7,54,
21911.421,conflict-at-land,0,45,
21915.97,start,5,53,
21922.083,conflict-at-land,4,50,
21923.751,start,7,54,
21926.421,start,0,45,
21933.173,conflict-at-land,7,54,
21936.554,conflict-at-land,2,49,
21937.083,start,4,50,
21948.173,start,7,54,
21951.554,start,2,49,
21956.218,conflict-at-land,7,54,
21971.218,start,7,54,
21979.982,conflict-at-land,7,54,
21994.982,start,7,54,
22005.877,conflict-at-land,4,50,
22005.881,conflict-at-land,2,49,
22006.224,conflict-at-land,7,54,
22020.877,start,4,50,
22020.881,start,2,49,
22021.224,start,7,54,
22029.223,conflict-at-land,7,54,
22044.223,start,7,54,
22052.359,conflict-at-land,7,54,
22053.689,conflict-at-land,6,6,
22067.359,start,7,54,
22068.689,start,6,6,
22076.1,conflict-at-land,7,54,
22082.468,conflict-at-land,0,45,
22082.68,conflict-at-land,2,49,
22091.1,start,7,54,
22097.468,start,0,45,
22097.68,start,2,49,
22099.388,conflict-at-land,4,50,
22102.273,conflict-at-land,7,54,
22114.388,start,4,50,
22117.273,start,7,54,
22125.209,conflict-at-land,7,54,
22140.209,start,7,54,
22147.499,conflict-at-land,2,49,
22148.272,conflict-at-land,7,54,
22156.245,conflict-at-land,3,27,
22161.439,conflict-at-land,5,53,
22162.499,start,2,49,
22163.272,start,7,54,
22170.118,conflict-at-land,7,54,
22171.245,start,3,27,
22176.439,start,5,53,
22185.118,start,7,54,
22192.056,conflict-at-land,7,54,
22207.056,start,7,54,
22208.905,conflict-at-land,4,50,
22218.581,conflict-at-land,7,54,
22221.503,conflict-at-land,2,49,
22223.905,start,4,50,
22233.581,start,7,54,
22236.503,start,2,49,
22241.237,conflict-at-land,7,54,
22243.702,conflict-at-land,0,45,
22256.237,start,7,54,
22258.702,start,0,45,
22263.056,conflict-at-land,7,54,
22278.056,start,7,54,
22288.472,conflict-at-land,7,54,
22294.806,conflict-at-land,4,50,
22297.988,conflict-at-land,2,49,
22303.472,start,7,54,
22309.806,start,4,50,
22311.386,conflict-at-land,7,54,
22312.988,start,2,49,
22326.386,start,7,54,
22336.749,conflict-at-land,7,54,
22351.749,start,7,54,
22361.933,conflict-at-land,7,54,
22365.161,conflict-at-land,2,49,
22369.444,conflict-at-land,0,45,
22376.933,start,7,54,
22380.161,start,2,49,
22384.444,start,0,45,
22386.347,conflict-at-land,7,54,
22392.371,conflict-at-land,3,27,
22395.574,conflict-at-land,4,50,
22401.347,start,7,54,
22407.371,start,3,27,
22408.208,conflict-at-land,7,54,
22410.574,start,4,50,
22423.208,start,7,54,
22434.065,conflict-at-land,7,54,
22438.761,conflict-at-land,2,49,
22449.065,start,7,54,
22453.761,start,2,49,
22455.978,conflict-at-land,7,54,
22470.978,start,7,54,
22473.317,conflict-at-land,6,6,
22478.588,conflict-at-land,4,50,
22479.085,conflict-at-land,7,54,
22487.182,conflict-at-land,0,45,
22488.317,start,6,6,
22493.588,start,4,50,
22494.085,start,7,54,
22498.895,conflict-at-land,2,49,
22502.182,start,0,45,
22503.798,conflict-at-land,7,54,
22513.895,start,2,49,
22518.798,start,7,54,
22528.691,conflict-at-land,7,54,
22537.655,conflict-at-land,1,25,
22541.658,conflict-at-land,5,53,
22543.691,start,7,54,
22550.618,conflict-at-land,7,54,
22552.655,start,1,25,
22556.658,start,5,53,
22558.729,conflict-at-land,2,49,
22565.618,start,7,54,
22573.729,start,2,49,
22576.793,conflict-at-land,7,54,
22579.295,conflict-at-land,4,50,
22591.793,start,7,54,
22594.295,start,4,50,
22600.576,conflict-at-land,7,54,
22607.178,conflict-at-land,0,45,
22615.576,start,7,54,
22622.178,start,0,45,
22622.448,conflict-at-land,7,54,
22627.896,conflict-at-land,3,27,
22631.502,conflict-at-land,2,49,
22637.448,start,7,54,
22642.896,start,3,27,
22646.502,start,2,49,
22646.957,conflict-at-land,7,54,
22661.957,start,7,54,
22669.775,conflict-at-land,7,54,
22675.577,conflict-at-land,4,50,
22684.775,start,7,54,
22690.577,start,4,50,
22690.97,conflict-at-land,2,49,
22691.886,conflict-at-land,7,54,
22705.97,start,2,49,
22706.886,start,7,54,
22718.208,conflict-at-land,7,54,
22733.208,start,7,54,
22742.039,conflict-at-land,7,54,
22757.039,start,7,54,
22757.742,conflict-at-land,4,50,
22761.759,conflict-at-land,2,49,
22766.38,conflict-at-land,7,54,
22771.087,conflict-at-land,0,45,
22772.742,start,4,50,
22776.759,start,2,49,
22781.38,start,7,54,
22786.087,start,0,45,
22788.054,conflict-at-land,7,54,
22803.054,start,7,54,
22811.981,conflict-at-land,7,54,
22826.981,start,7,54,
22833.583,conflict-at-land,2,49,
22834.388,conflict-at-land,7,54,
22840.161,conflict-at-land,6,6,
22844.188,conflict-at-land,4,50,
22848.583,start,2,49,
22849.388,start,7,54,
22855.161,start,6,6,
22855.796,conflict-at-land,7,54,
22859.188,start,4,50,
22866.166,conflict-at-land,5,53,
22870.796,start,7,54,
22881.166,start,5,53,
22881.611,conflict-at-land,7,54,
22886.862,conflict-at-land,3,27,
22896.611,start,7,54,
22901.862,start,3,27,
22903.628,conflict-at-land,7,54,
22917.727,conflict-at-land,2,49,
22918.628,start,7,54,
22922.238,conflict-at-land,0,45,
22926.098,conflict-at-land,7,54,
22932.727,start,2,49,
22936.014,conflict-at-land,4,50,
22937.238,start,0,45,
22941.098,start,7,54,
22951.014,start,4,50,
22951.111,conflict-at-land,7,54,
22966.111,start,7,54,
22975.44,conflict-at-land,7,54,
22990.44,start,7,54,
22994.523,conflict-at-land,2,49,
22998.63,conflict-at-land,7,54,
23009.523,start,2,49,
23013.63,start,7,54,
23022.055,conflict-at-land,7,54,
23024.04,conflict-at-land,0,45,
23037.055,start,7,54,
23039.04,start,0,45,
23039.276,conflict-at-land,4,50,
23048.575,conflict-at-land,7,54,
23054.276,start,4,50,
23063.575,start,7,54,
23074.22,conflict-at-land,7,54,
23075.847,conflict-at-land,2,49,
23089.22,start,7,54,
23090.847,start,2,49,
23096.843,conflict-at-land,7,54,
23111.843,start,7,54,
23118.34,conflict-at-land,3,27,
23121.752,conflict-at-land,7,54,
23126.3,conflict-at-land,4,50,
23133.34,start,3,27,
23136.752,start,7,54,
23141.3,start,4,50,
23146.522,conflict-at-land,7,54,
23161.522,start,7,54,
23166.281,conflict-at-land,2,49,
23169.17,conflict-at-land,5,53,
23171.32,conflict-at-land,7,54,
23181.281,start,2,49,
23184.17,start,5,53,
23186.32,start,7,54,
23191.89,conflict-at-land,0,45,
23197.691,conflict-at-land,7,54,
23206.89,start,0,45,
23210.894,conflict-at-land,4,50,
23212.691,start,7,54,
23221.733,conflict-at-land,7,54,
23225.894,start,4,50,
23227.463,conflict-at-land,2,49,
23236.733,start,7,54,
23242.463,start,2,49,
23243.661,conflict-at-land,7,54,
23258.661,start,7,54,
23267.143,conflict-at-land,7,54,
23275.904,conflict-at-land,6,6,
23282.143,start,7,54,
23286.716,conflict-at-land,3,27,
23289.406,conflict-at-land,2,49,
23290.362,conflict-at-land,7,54,
23290.904,start,6,6,
23301.716,start,3,27,
23304.406,start,2,49,
23305.362,start,7,54,
23308.751,conflict-at-land,4,50,
23313.216,conflict-at-land,7,54,
23323.751,start,4,50,
23328.216,start,7,54,
23335.103,conflict-at-land,0,45,
23338.555,conflict-at-land,7,54,
23349.368,conflict-at-land,2,49,
23350.103,start,0,45,
23353.555,start,7,54,
23357.229,conflict-at-land,1,25,
23360.124,conflict-at-land,7,54,
23364.368,start,2,49,
23372.229,start,1,25,
23375.124,start,7,54,
23382.548,conflict-at-land,7,54,
23397.548,start,7,54,
23405.216,conflict-at-land,7,54,
23412.917,conflict-at-land,4,50,
23420.216,start,7,54,
23427.917,start,4,50,
23430.168,conflict-at-land,2,49,
23431.855,conflict-at-land,7,54,
23445.168,start,2,49,
23445.277,conflict-at-land,5,53,
23446.855,start,7,54,
23453.689,conflict-at-land,7,54,
23460.277,start,5,53,
23468.689,start,7,54,
23479.248,conflict-at-land,7,54,
23482.766,conflict-at-land,0,45,
23494.248,start,7,54,
23496.17,conflict-at-land,4,50,
23497.766,start,0,45,
23498.39,conflict-at-land,2,49,
23502.401,conflict-at-land,7,54,
23511.17,start,4,50,
23513.39,start,2,49,
23517.401,start,7,54,
23524.295,conflict-at-land,7,54,
23527.201,conflict-at-land,3,27,
23539.295,start,7,54,
23542.201,start,3,27,
23550.09,conflict-at-land,7,54,
23561.098,conflict-at-land,2,49,
23565.09,start,7,54,
23568.847,conflict-at-land,4,50,
23573.927,conflict-at-land,7,54,
23576.098,start,2,49,
23583.847,start,4,50,
23588.927,start,7,54,
23598.947,conflict-at-land,7,54,
23613.947,start,7,54,
23615.008,conflict-at-land,0,45,
23621.464,conflict-at-land,7,54,
23626.631,conflict-at-land,6,6,
23630.008,start,0,45,
23636.464,start,7,54,
23638.729,conflict-at-land,2,49,
23641.631,start,6,6,
23646.679,conflict-at-land,7,54,
23653.729,start,2,49,
23653.954,conflict-at-land,4,50,
23661.679,start,7,54,
23668.954,start,4,50,
23670.495,conflict-at-land,7,54,
23685.495,start,7,54,
23694.416,conflict-at-land,7,54,
23709.416,start,7,54,
23720.4,conflict-at-land,7,54,
23721.455,conflict-at-land,4,50,
23731.536,conflict-at-land,2,49,
23734.159,conflict-at-land,5,53,
23735.4,start,7,54,
23736.455,start,4,50,
23741.868,conflict-at-land,0,45,
23742.661,conflict-at-land,7,54,
23746.536,start,2,49,
23749.159,start,5,53,
23756.868,start,0,45,
23757.661,start,7,54,
23767.845,conflict-at-land,7,54,
23782.845,start,7,54,
23789.585,conflict-at-land,7,54,
23804.585,start,7,54,
23807.091,conflict-at-land,3,27,
23808.594,conflict-at-land,2,49,
23808.822,conflict-at-land,4,50,
23814.706,conflict-at-land,7,54,
23822.091,start,3,27,
23823.594,start,2,49,
23823.822,start,4,50,
23829.706,start,7,54,
23837.498,conflict-at-land,7,54,
23844.048,conflict-at-land,0,45,
23852.498,start,7,54,
23859.048,start,0,45,
23861.348,conflict-at-land,7,54,
23876.348,start,7,54,
23877.36,conflict-at-land,4,50,
23884.989,conflict-at-land,7,54,
23888.466,conflict-at-land,2,49,
23891.445,conflict-at-land,1,25,
23892.36,start,4,50,
23899.989,start,7,54,
23903.466,start,2,49,
23906.445,start,1,25,
23910.321,conflict-at-land,7,54,
23925.321,start,7,54,
23934.963,conflict-at-land,7,54,
23949.963,start,7,54,
23951.894,conflict-at-land,6,6,
23956.005,conflict-at-land,4,50,
23960.41,conflict-at-land,7,54,
23966.894,start,6,6,
23971.005,start,4,50,
23971.89,conflict-at-land,2,49,
23975.41,start,7,54,
23981.912,conflict-at-land,7,54,
23986.89,start,2,49,
23996.912,start,7,54,
24006.582,conflict-at-land,7,54,
24011.393,conflict-at-land,0,45,
24021.582,start,7,54,
24026.393,start,0,45,
24032.239,conflict-at-land,4,50,
24032.579,conflict-at-land,7,54,
24047.239,start,4,50,
24047.579,start,7,54,
24055.35,conflict-at-land,7,54,
24058.414,conflict-at-land,2,49,
24070.35,start,7,54,
24073.414,start,2,49,
24081.242,conflict-at-land,7,54,
24096.242,start,7,54,
24098.719,conflict-at-land,3,27,
24102.938,conflict-at-land,5,53,
24105.222,conflict-at-land,4,50,
24106.788,conflict-at-land,7,54,
24113.719,start,3,27,
24117.938,start,5,53,
24120.222,start,4,50,
24121.788,start,7,54,
24128.486,conflict-at-land,7,54,
24135.387,conflict-at-land,2,49,
24143.486,start,7,54,
24150.387,start,2,49,
24151.011,conflict-at-land,7,54,
24166.011,start,7,54,
24174.747,conflict-at-land,0,45,
24177.256,conflict-at-land,7,54,
24184.004,conflict-at-land,4,50,
24189.747,start,0,45,
24192.256,start,7,54,
24199.004,start,4,50,
24201.208,conflict-at-land,7,54,
24206.37,conflict-at-land,2,49,
24216.208,start,7,54,
24221.37,start,2,49,
24227.654,conflict-at-land,7,54,
24242.654,start,7,54,
24251.184,conflict-at-land,7,54,
24266.184,start,7,54,
24270.673,conflict-at-land,4,50,
24272.962,conflict-at-land,7,54,
24285.673,start,4,50,
24287.732,conflict-at-land,2,49,
24287.962,start,7,54,
24291.91,conflict-at-land,0,45,
24294.93,conflict-at-land,7,54,
24302.732,start,2,49,
24306.91,start,0,45,
24309.93,start,7,54,
24317.192,conflict-at-land,7,54,
24322.119,conflict-at-land,5,53,
24332.192,start,7,54,
24337.119,start,5,53,
24338.661,conflict-at-land,7,54,
24350.177,conflict-at-land,4,50,
24353.661,start,7,54,
24363.179,conflict-at-land,7,54,
24365.177,start,4,50,
24378.179,start,7,54,
24380.452,conflict-at-land,2,49,
24386.166,conflict-at-land,3,27,
24386.999,conflict-at-land,6,6,
24387.625,conflict-at-land,7,54,
24395.452,start,2,49,
24401.166,start,3,27,
24401.999,start,6,6,
24402.625,start,7,54,
24412.1,conflict-at-land,7,54,
24414.818,conflict-at-land,0,45,
24427.1,start,7,54,
24429.818,start,0,45,
24438.68,conflict-at-land,7,54,
24440.144,conflict-at-land,4,50,
24453.68,start,7,54,
24455.144,start,4,50,
24461.156,conflict-at-land,7,54,
24463.388,conflict-at-land,2,49,
24476.156,start,7,54,
24478.388,start,2,49,
24486.286,conflict-at-land,7,54,
24501.286,start,7,54,
24509.194,conflict-at-land,7,54,
24517.814,conflict-at-land,4,50,
24524.194,start,7,54,
24532.814,start,4,50,
24534.947,conflict-at-land,7,54,
24546.534,conflict-at-land,0,45,
24549.375,conflict-at-land,2,49,
24549.947,start,7,54,
24558.306,conflict-at-land,7,54,
24561.534,start,0,45,
24564.375,start,2,49,
24565.479,conflict-at-land,5,53,
24573.306,start,7,54,
24579.623,conflict-at-land,3,27,
24580.479,start,5,53,
24580.976,conflict-at-land,7,54,
24594.623,start,3,27,
24595.976,start,7,54,
24604.974,conflict-at-land,7,54,
24619.974,start,7,54,
24627.236,conflict-at-land,4,50,
24628.703,conflict-at-land,7,54,
24639.655,conflict-at-land,2,49,
24642.236,start,4,50,
24643.703,start,7,54,
24651.929,conflict-at-land,7,54,
24654.634,conflict-at-land,0,45,
24654.655,start,2,49,
24666.929,start,7,54,
24669.634,start,0,45,
24675.854,conflict-at-land,7,54,
24690.854,start,7,54,
24698.046,conflict-at-land,4,50,
24699.833,conflict-at-land,2,49,
24700.438,conflict-at-land,7,54,
24713.046,start,4,50,
24714.833,start,2,49,
24715.438,start,7,54,
24726.162,conflict-at-land,7,54,
24741.162,start,7,54,
24750.787,conflict-at-land,7,54,
24764.04,conflict-at-land,6,6,
24764.127,conflict-at-land,0,45,
24765.787,start,7,54,
24776.377,conflict-at-land,7,54,
24779.04,start,6,6,
24779.127,start,0,45,
24789.767,conflict-at-land,4,50,
24789.983,conflict-at-land,2,49,
24791.377,start,7,54,
24792.63,conflict-at-land,1,25,
24799.929,conflict-at-land,3,27,
24801.029,conflict-at-land,7,54,
24804.767,start,4,50,
24804.983,start,2,49,
24807.63,start,1,25,
24814.929,start,3,27,
24816.029,start,7,54,
24822.402,conflict-at-land,7,54,
24837.402,start,7,54,
24848.741,conflict-at-land,7,54,
24863.741,start,7,54,
24872.671,conflict-at-land,7,54,
24878.441,conflict-at-land,2,49,
24887.671,start,7,54,
24893.441,start,2,49,
24894.616,conflict-at-land,4,50,
24896.694,conflict-at-land,7,54,
24909.616,start,4,50,
24911.694,start,7,54,
24920.998,conflict-at-land,7,54,
24925.147,conflict-at-land,0,45,
24935.998,start,7,54,
24940.147,start,0,45,
24943.837,conflict-at-land,2,49,
24944.244,conflict-at-land,7,54,
24953.303,conflict-at-land,5,53,
24958.837,start,2,49,
24959.244,start,7,54,
24966.409,conflict-at-land,7,54,
24968.303,start,5,53,
24976.468,conflict-at-land,4,50,
24981.409,start,7,54,
24988.203,conflict-at-land,7,54,
24991.468,start,4,50,
25003.203,start,7,54,
25013.125,conflict-at-land,2,49,
25013.623,conflict-at-land,7,54,
25026.812,conflict-at-land,0,45,
25028.125,start,2,49,
25028.623,start,7,54,
25038.887,conflict-at-land,7,54,
25041.812,start,0,45,
25053.887,start,7,54,
25063.528,conflict-at-land,7,54,
25076.382,conflict-at-land,4,50,
25078.528,start,7,54,
25086.759,conflict-at-land,3,27,
25089.665,conflict-at-land,7,54,
25091.382,start,4,50,
25100.104,conflict-at-land,6,6,
25101.759,start,3,27,
25104.665,start,7,54,
25106.092,conflict-at-land,2,49,
25115.104,start,6,6,
25116.178,conflict-at-land,7,54,
25121.092,start,2,49,
25131.178,start,7,54,
25139.055,conflict-at-land,7,54,
25154.055,start,7,54,
25163.719,conflict-at-land,7,54,
25177.857,conflict-at-land,2,49,
25178.719,start,7,54,
25181.629,conflict-at-land,0,45,
25181.813,conflict-at-land,4,50,
25188.012,conflict-at-land,7,54,
25192.857,start,2,49,
25196.629,start,0,45,
25196.813,start,4,50,
25203.012,start,7,54,
25214.016,conflict-at-land,7,54,
25229.016,start,7,54,
25235.978,conflict-at-land,7,54,
25246.059,conflict-at-land,2,49,
25250.978,start,7,54,
25257.668,conflict-at-land,7,54,
25261.059,start,2,49,
25268.116,conflict-at-land,4,50,
25272.668,start,7,54,
25281.919,conflict-at-land,7,54,
25283.116,start,4,50,
25296.919,start,7,54,
25305.624,conflict-at-land,7,54,
25317.624,conflict-at-land,0,45,
25320.624,start,7,54,
25321.227,conflict-at-land,2,49,
25321.534,conflict-at-land,3,27,
25327.621,conflict-at-land,7,54,
25332.624,start,0,45,
25336.227,start,2,49,
25336.534,start,3,27,
25337.022,conflict-at-land,4,50,
25341.415,conflict-at-land,5,53,
25342.621,start,7,54,
25350.04,conflict-at-land,7,54,
25352.022,start,4,50,
25356.415,start,5,53,
25365.04,start,7,54,
25375.568,conflict-at-land,7,54,
25390.568,start,7,54,
25399.65,conflict-at-land,7,54,
25406.083,conflict-at-land,2,49,
25414.65,start,7,54,
25421.083,start,2,49,
25423.706,conflict-at-land,7,54,
25426.474,conflict-at-land,4,50,
25432.96,conflict-at-land,0,45,
25438.706,start,7,54,
25441.474,start,4,50,
25447.921,conflict-at-land,7,54,
25447.96,start,0,45,
25462.921,start,7,54,
25469.892,conflict-at-land,7,54,
25472.6,conflict-at-land,6,6,
25484.892,start,7,54,
25487.6,start,6,6,
25492.231,conflict-at-land,2,49,
25492.306,conflict-at-land,3,27,
25496.164,conflict-at-land,7,54,
25507.231,start,2,49,
25507.306,start,3,27,
25511.164,start,7,54,
25520.134,conflict-at-land,7,54,
25529.258,conflict-at-land,4,50,
25535.134,start,7,54,
25543.399,conflict-at-land,7,54,
25544.258,start,4,50,
25558.399,start,7,54,
25564.877,conflict-at-land,1,25,
25566.485,conflict-at-land,0,45,
25567.07,conflict-at-land,7,54,
25569.787,conflict-at-land,2,49,
25579.877,start,1,25,
25581.485,start,0,45,
25582.07,start,7,54,
25584.787,start,2,49,
25590.771,conflict-at-land,7,54,
25599.473,conflict-at-land,4,50,
25605.771,start,7,54,
25614.014,conflict-at-land,7,54,
25614.473,start,4,50,
25629.014,start,7,54,
25629.334,conflict-at-land,2,49,
25636.784,conflict-at-land,7,54,
25644.334,start,2,49,
25651.784,start,7,54,
25659.69,conflict-at-land,7,54,
25674.69,start,7,54,
25681.399,conflict-at-land,7,54,
25687.008,conflict-at-land,4,50,
25696.399,start,7,54,
25699.987,conflict-at-land,5,53,
25702.008,start,4,50,
25702.892,conflict-at-land,7,54,
25702.892,abandon,7,54,
25702.892,start,7,55,
25707.393,conflict-at-land,0,45,
25711.525,conflict-at-land,7,55,
25714.987,start,5,53,
25720.593,conflict-at-land,2,49,
25722.393,start,0,45,
25726.525,start,7,55,
25735.593,start,2,49,
25737.815,conflict-at-land,7,55,
25749.318,conflict-at-land,3,27,
25752.815,start,7,55,
25757.403,conflict-at-land,4,50,
25762.912,conflict-at-land,7,55,
25764.318,start,3,27,
25770.736,conflict-at-land,6,6,
25772.403,start,4,50,
25777.912,start,7,55,
25785.736,start,6,6,
25786.566,conflict-at-land,7,55,
25786.911,conflict-at-land,2,49,
25801.566,start,7,55,
25801.911,start,2,49,
25810.228,conflict-at-land,7,55,
25825.228,start,7,55,
25832.159,conflict-at-land,7,55,
25832.742,conflict-at-land,4,50,
25841.692,conflict-at-land,0,45,
25847.159,start,7,55,
25847.636,conflict-at-land,2,49,
25847.742,start,4,50,
25855.933,conflict-at-land,7,55,
25856.692,start,0,45,
25862.636,start,2,49,
25870.933,start,7,55,
25878.761,conflict-at-land,7,55,
25893.761,start,7,55,
25905.256,conflict-at-land,7,55,
25910.223,conflict-at-land,2,49,
25917.017,conflict-at-land,4,50,
25920.256,start,7,55,
25921.395,conflict-at-land,5,53,
25925.223,start,2,49,
25931.764,conflict-at-land,7,55,
25932.017,start,4,50,
25936.395,start,5,53,
25946.764,start,7,55,
25956.512,conflict-at-land,0,45,
25957.852,conflict-at-land,7,55,
25971.512,start,0,45,
25972.852,start,7,55,
25978.342,conflict-at-land,2,49,
25984.5,conflict-at-land,7,55,
25985.661,conflict-at-land,4,50,
25988.013,conflict-at-land,3,27,
25993.342,start,2,49,
25999.5,start,7,55,
26000.661,start,4,50,
26003.013,start,3,27,
26007.259,conflict-at-land,7,55,
26022.259,start,7,55,
26028.797,conflict-at-land,6,6,
26031.438,conflict-at-land,7,55,
26043.797,start,6,6,
26046.438,start,7,55,
26050.473,conflict-at-land,2,49,
26054.811,conflict-at-land,7,55,
26056.629,conflict-at-land,4,50,
26065.473,start,2,49,
26069.811,start,7,55,
26071.629,start,4,50,
26075.429,conflict-at-land,0,45,
26078.798,conflict-at-land,7,55,
26090.429,start,0,45,
26093.226,conflict-at-land,1,25,
26093.798,start,7,55,
26104.744,conflict-at-land,7,55,
26108.226,start,1,25,
26119.744,start,7,55,
26127.804,conflict-at-land,4,50,
26128.167,conflict-at-land,7,55,
26133.468,conflict-at-land,2,49,
26142.804,start,4,50,
26143.167,start,7,55,
26148.468,start,2,49,
26154.737,conflict-at-land,7,55,
26169.737,start,7,55,
26180.078,conflict-at-land,7,55,
26183.157,conflict-at-land,0,45,
26193.607,conflict-at-land,3,27,
26195.078,start,7,55,
26198.157,start,0,45,
26204.704,conflict-at-land,7,55,
26208.607,start,3,27,
26209.193,conflict-at-land,2,49,
26219.704,start,7,55,
26221.519,conflict-at-land,5,53,
26224.193,start,2,49,
26226.285,conflict-at-land,4,50,
26227.176,conflict-at-land,7,55,
26236.519,start,5,53,
26241.285,start,4,50,
26242.176,start,7,55,
26251.666,conflict-at-land,7,55,
26266.666,start,7,55,
26275.439,conflict-at-land,7,55,
26285.688,conflict-at-land,2,49,
26290.439,start,7,55,
26298.793,conflict-at-land,7,55,
26300.688,start,2,49,
26300.689,conflict-at-land,4,50,
26313.793,start,7,55,
26315.689,start,4,50,
26322.07,conflict-at-land,7,55,
26337.07,start,7,55,
26342.556,conflict-at-land,6,6,
26343.304,conflict-at-land,0,45,
26348.692,conflict-at-land,7,55,
26357.556,start,6,6,
26358.304,start,0,45,
26360.226,conflict-at-land,2,49,
26363.692,start,7,55,
26370.015,conflict-at-land,7,55,
26375.226,start,2,49,
26384.613,conflict-at-land,4,50,
26385.015,start,7,55,
26395.687,conflict-at-land,7,55,
26399.613,start,4,50,
26410.687,start,7,55,
26420.678,conflict-at-land,7,55,
26424.033,conflict-at-land,3,27,
26427.753,conflict-at-land,2,49,
26435.678,start,7,55,
26439.033,start,3,27,
26442.753,start,2,49,
26446.914,conflict-at-land,7,55,
26461.914,start,7,55,
26472.88,conflict-at-land,7,55,
26474.79,conflict-at-land,4,50,
26479.417,conflict-at-land,0,45,
26487.88,start,7,55,
26489.79,start,4,50,
26494.417,start,0,45,
26495.293,conflict-at-land,7,55,
26510.293,start,7,55,
26518.935,conflict-at-land,2,49,
26520.035,conflict-at-land,7,55,
26533.935,start,2,49,
26535.035,start,7,55,
26545.257,conflict-at-land,7,55,
26545.994,conflict-at-land,5,53,
26560.257,start,7,55,
26560.994,start,5,53,
26570.532,conflict-at-land,4,50,
26571.339,conflict-at-land,7,55,
26582.168,conflict-at-land,0,45,
26585.532,start,4,50,
26586.339,start,7,55,
26593.902,conflict-at-land,7,55,
26597.168,start,0,45,
26608.429,conflict-at-land,2,49,
26608.902,start,7,55,
26615.677,conflict-at-land,7,55,
26623.429,start,2,49,
26630.677,start,7,55,
26641.17,conflict-at-land,7,55,
26656.17,start,7,55,
26660.28,conflict-at-land,1,25,
26662.76,conflict-at-land,6,6,
26663.03,conflict-at-land,7,55,
26670.169,conflict-at-land,2,49,
26672.931,conflict-at-land,4,50,
26675.28,start,1,25,
26677.76,start,6,6,
26678.03,start,7,55,
26683.173,conflict-at-land,3,27,
26685.169,start,2,49,
26687.931,start,4,50,
26688.889,conflict-at-land,7,55,
26698.173,start,3,27,
26703.889,start,7,55,
26704.071,conflict-at-land,0,45,
26713.776,conflict-at-land,7,55,
26719.071,start,0,45,
26728.776,start,7,55,
26735.203,conflict-at-land,7,55,
26742.31,conflict-at-land,4,50,
26750.203,start,7,55,
26757.31,start,4,50,
26759.198,conflict-at-land,7,55,
26762.014,conflict-at-land,2,49,
26774.198,start,7,55,
26777.014,start,2,49,
26783.318,conflict-at-land,7,55,
26798.318,start,7,55,
26807.548,conflict-at-land,7,55,
26822.548,start,7,55,
26824.743,conflict-at-land,2,49,
26828.986,conflict-at-land,7,55,
26839.262,conflict-at-land,0,45,
26839.743,start,2,49,
26841.48,conflict-at-land,4,50,
26843.986,start,7,55,
26852.096,conflict-at-land,7,55,
26854.262,start,0,45,
26856.48,start,4,50,
26861.386,conflict-at-land,5,53,
26867.096,start,7,55,
26874.793,conflict-at-land,7,55,
26876.386,start,5,53,
26888.085,conflict-at-land,2,49,
26889.793,start,7,55,
26896.64,conflict-at-land,7,55,
26903.085,start,2,49,
26911.64,start,7,55,
26921.972,conflict-at-land,7,55,
26925.666,conflict-at-land,4,50,
26927.187,conflict-at-land,3,27,
26936.972,start,7,55,
26940.666,start,4,50,
26942.187,start,3,27,
26944.994,conflict-at-land,7,55,
26950.876,conflict-at-land,2,49,
26959.994,start,7,55,
26965.876,start,2,49,
26969.016,conflict-at-land,7,55,
26971.7,conflict-at-land,6,6,
26975.873,conflict-at-land,0,45,
26984.016,start,7,55,
26986.7,start,6,6,
26990.873,start,0,45,
26992.369,conflict-at-land,7,55,
27007.369,start,7,55,
27017.047,conflict-at-land,7,55,
27030.708,conflict-at-land,2,49,
27031.911,conflict-at-land,4,50,
27032.047,start,7,55,
27040.34,conflict-at-land,7,55,
27045.708,start,2,49,
27046.911,start,4,50,
27055.34,start,7,55,
27065.714,conflict-at-land,7,55,
27080.714,start,7,55,
27092.155,conflict-at-land,7,55,
27099.66,conflict-at-land,4,50,
27107.155,start,7,55,
27114.66,start,4,50,
27114.686,conflict-at-land,7,55,
27120.721,conflict-at-land,2,49,
27129.686,start,7,55,
27135.721,start,2,49,
27136.567,conflict-at-land,7,55,
27148.704,conflict-at-land,0,45,
27151.567,start,7,55,
27162.96,conflict-at-land,7,55,
27163.704,start,0,45,
27177.96,start,7,55,
27185.278,conflict-at-land,7,55,
27191.97,conflict-at-land,2,49,
27195.831,conflict-at-land,4,50,
27200.278,start,7,55,
27206.7,conflict-at-land,3,27,
27206.97,start,2,49,
27207.418,conflict-at-land,7,55,
27210.831,start,4,50,
27221.7,start,3,27,
27222.418,start,7,55,
27232.007,conflict-at-land,7,55,
27239.671,conflict-at-land,5,53,
27247.007,start,7,55,
27254.568,conflict-at-land,2,49,
27254.671,start,5,53,
27256.072,conflict-at-land,7,55,
27256.218,conflict-at-land,0,45,
27269.568,start,2,49,
27271.072,start,7,55,
27271.218,start,0,45,
27273.429,conflict-at-land,4,50,
27282.637,conflict-at-land,7,55,
27288.429,start,4,50,
27297.637,start,7,55,
27308.829,conflict-at-land,7,55,
27323.829,start,7,55,
27331.802,conflict-at-land,7,55,
27335.263,conflict-at-land,2,49,
27346.802,start,7,55,
27350.263,start,2,49,
27358.077,conflict-at-land,7,55,
27364.838,conflict-at-land,4,50,
27373.077,start,7,55,
27379.686,conflict-at-land,6,6,
27379.838,start,4,50,
27381.826,conflict-at-land,7,55,
27382.387,conflict-at-land,0,45,
27394.686,start,6,6,
27396.826,start,7,55,
27397.387,start,0,45,
27405.026,conflict-at-land,7,55,
27405.913,conflict-at-land,2,49,
27420.026,start,7,55,
27420.913,start,2,49,
27430.911,conflict-at-land,7,55,
27445.911,start,7,55,
27450.288,conflict-at-land,4,50,
27452.527,conflict-at-land,7,55,
27465.288,start,4,50,
27467.527,start,7,55,
27474.583,conflict-at-land,1,25,
27477.343,conflict-at-land,7,55,
27483.158,conflict-at-land,2,49,
27489.583,start,1,25,
27492.343,start,7,55,
27498.158,start,2,49,
27500.041,conflict-at-land,7,55,
27500.71,conflict-at-land,3,27,
27515.041,start,7,55,
27515.71,start,3,27,
27524.187,conflict-at-land,7,55,
27535.625,conflict-at-land,0,45,
27539.187,start,7,55,
27542.354,conflict-at-land,2,49,
27544.153,conflict-at-land,4,50,
27549.943,conflict-at-land,7,55,
27550.625,start,0,45,
27557.354,start,2,49,
27559.153,start,4,50,
27564.943,start,7,55,
27573.68,conflict-at-land,7,55,
27588.68,start,7,55,
27595.445,conflict-at-land,5,53,
27597.3,conflict-at-land,7,55,
27601.727,conflict-at-land,2,49,
27610.445,start,5,53,
27612.3,start,7,55,
27616.727,start,2,49,
27623.263,conflict-at-land,7,55,
27638.263,start,7,55,
27645.979,conflict-at-land,4,50,
27649.65,conflict-at-land,7,55,
27658.461,conflict-at-land,6,6,
27660.979,start,4,50,
27662.075,conflict-at-land,2,49,
27664.65,start,7,55,
27673.29,conflict-at-land,7,55,
27673.461,start,6,6,
27677.075,start,2,49,
27688.29,start,7,55,
27698.281,conflict-at-land,7,55,
27700.006,conflict-at-land,0,45,
27702.328,conflict-at-land,3,27,
27713.281,start,7,55,
27715.006,start,0,45,
27717.328,start,3,27,
27722.466,conflict-at-land,7,55,
27737.466,start,7,55,
27747.919,conflict-at-land,2,49,
27748.032,conflict-at-land,7,55,
27754.818,conflict-at-land,4,50,
27762.919,start,2,49,
27763.032,start,7,55,
27769.818,start,4,50,
27771.619,conflict-at-land,7,55,
27786.619,start,7,55,
27792.924,conflict-at-land,7,55,
27807.924,start,7,55,
27813.434,conflict-at-land,2,49,
27818.037,conflict-at-land,7,55,
27828.434,start,2,49,
27833.037,start,7,55,
27834.327,conflict-at-land,4,50,
27840.631,conflict-at-land,7,55,
27849.327,start,4,50,
27853.914,conflict-at-land,0,45,
27855.631,start,7,55,
27865.859,conflict-at-land,7,55,
27868.914,start,0,45,
27880.859,start,7,55,
27890.322,conflict-at-land,7,55,
27891.219,conflict-at-land,5,53,
27892.283,conflict-at-land,2,49,
27905.322,start,7,55,
27906.219,start,5,53,
27907.283,start,2,49,
27913.266,conflict-at-land,7,55,
27928.266,start,7,55,
27937.448,conflict-at-land,7,55,
27938.409,conflict-at-land,4,50,
27946.362,conflict-at-land,3,27,
27952.448,start,7,55,
27953.409,start,4,50,
27958.517,conflict-at-land,2,49,
27961.362,start,3,27,
27963.141,conflict-at-land,7,55,
27973.517,start,2,49,
27978.141,start,7,55,
27986.935,conflict-at-land,7,55,
28001.935,start,7,55,
28010.35,conflict-at-land,7,55,
28011.429,conflict-at-land,0,45,
28025.35,start,7,55,
28026.429,start,0,45,
28028.835,conflict-at-land,4,50,
28033.144,conflict-at-land,7,55,
28043.835,start,4,50,
28045.192,conflict-at-land,2,49,
28048.144,start,7,55,
28058.93,conflict-at-land,7,55,
28060.192,start,2,49,
28073.93,start,7,55,
28080.638,conflict-at-land,7,55,
28095.638,start,7,55,
28100.187,conflict-at-land,4,50,
28102.681,conflict-at-land,7,55,
28111.001,conflict-at-land,2,49,
28112.956,conflict-at-land,6,6,
28115.187,start,4,50,
28117.681,start,7,55,
28125.772,conflict-at-land,7,55,
28126.001,start,2,49,
28127.956,start,6,6,
28140.772,start,7,55,
28146.923,conflict-at-land,0,45,
28148.246,conflict-at-land,7,55,
28161.923,start,0,45,
28163.246,start,7,55,
28172.288,conflict-at-land,7,55,
28183.379,conflict-at-land,4,50,
28187.288,start,7,55,
28190.266,conflict-at-land,2,49,
28196.361,conflict-at-land,7,55,
28198.379,start,4,50,
28205.266,start,2,49,
28211.361,start,7,55,
28221.507,conflict-at-land,5,53,
28222.97,conflict-at-land,7,55,
28225.959,conflict-at-land,1,25,
28228.061,conflict-at-land,3,27,
28236.507,start,5,53,
28237.97,start,7,55,
28240.959,start,1,25,
28243.061,start,3,27,
28248.067,conflict-at-land,7,55,
28263.067,start,7,55,
28266.935,conflict-at-land,2,49,
28268.049,conflict-at-land,4,50,
28271.507,conflict-at-land,7,55,
28281.935,start,2,49,
28283.049,start,4,50,
28283.137,conflict-at-land,0,45,
28286.507,start,7,55,
28296.64,conflict-at-land,7,55,
28298.137,start,0,45,
28311.64,start,7,55,
28318.216,conflict-at-land,7,55,
28333.216,start,7,55,
28343.217,conflict-at-land,7,55,
28352.783,conflict-at-land,2,49,
28358.217,start,7,55,
28367.783,start,2,49,
28368.259,conflict-at-land,7,55,
28380.134,conflict-at-land,4,50,
28383.259,start,7,55,
28393.719,conflict-at-land,7,55,
28395.134,start,4,50,
28408.719,start,7,55,
28415.475,conflict-at-land,2,49,
28419.976,conflict-at-land,7,55,
28430.475,start,2,49,
28434.976,start,7,55,
28436.59,conflict-at-land,6,6,
28439.243,conflict-at-land,0,45,
28442.255,conflict-at-land,7,55,
28451.59,start,6,6,
28454.243,start,0,45,
28457.255,start,7,55,
28466.269,conflict-at-land,7,55,
28481.269,start,7,55,
28484.601,conflict-at-land,4,50,
28487.329,conflict-at-land,2,49,
28489.977,conflict-at-land,3,27,
28492.859,conflict-at-land,7,55,
28499.601,start,4,50,
28499.991,conflict-at-land,5,53,
28502.329,start,2,49,
28504.977,start,3,27,
28507.859,start,7,55,
28514.991,start,5,53,
28518.31,conflict-at-land,7,55,
28533.31,start,7,55,
28541.152,conflict-at-land,7,55,
28541.289,conflict-at-land,0,45,
28556.152,start,7,55,
28556.289,start,0,45,
28563.168,conflict-at-land,2,49,
28566.849,conflict-at-land,7,55,
28568.767,conflict-at-land,4,50,
28578.168,start,2,49,
28581.849,start,7,55,
28583.767,start,4,50,
28592.01,conflict-at-land,7,55,
28607.01,start,7,55,
28617.14,conflict-at-land,7,55,
28632.14,start,7,55,
28640.855,conflict-at-land,2,49,
28641.535,conflict-at-land,7,55,
28642.354,conflict-at-land,4,50,
28655.855,start,2,49,
28656.535,start,7,55,
28657.354,start,4,50,
28664.588,conflict-at-land,7,55,
28675.504,conflict-at-land,3,27,
28679.588,start,7,55,
28686.39,conflict-at-land,7,55,
28690.504,start,3,27,
28693.725,conflict-at-land,0,45,
28701.39,start,7,55,
28708.725,start,0,45,
28710.256,conflict-at-land,7,55,
28720.272,conflict-at-land,2,49,
28725.256,start,7,55,
28730.139,conflict-at-land,4,50,
28732.491,conflict-at-land,6,6,
28734.214,conflict-at-land,7,55,
28735.272,start,2,49,
28745.139,start,4,50,
28747.491,start,6,6,
28749.214,start,7,55,
28756.374,conflict-at-land,7,55,
28771.374,start,7,55,
28777.957,conflict-at-land,5,53,
28781.171,conflict-at-land,7,55,
28792.957,start,5,53,
28796.171,start,7,55,
28799.293,conflict-at-land,2,49,
28806.709,conflict-at-land,7,55,
28814.293,start,2,49,
28821.709,start,7,55,
28822.325,conflict-at-land,4,50,
28829.401,conflict-at-land,7,55,
28836.477,conflict-at-land,0,45,
28837.325,start,4,50,
28844.401,start,7,55,
28851.477,start,0,45,
28854.083,conflict-at-land,7,55,
28862.513,conflict-at-land,2,49,
28869.083,start,7,55,
28877.513,start,2,49,
28879.793,conflict-at-land,7,55,
28894.793,start,7,55,
28899.681,conflict-at-land,1,25,
28902.499,conflict-at-land,7,55,
28903.938,conflict-at-land,3,27,
28914.681,start,1,25,
28917.499,start,7,55,
28918.938,start,3,27,
28921.549,conflict-at-land,4,50,
28924.953,conflict-at-land,7,55,
28935.464,conflict-at-land,2,49,
28936.549,start,4,50,
28939.953,start,7,55,
28950.156,conflict-at-land,7,55,
28950.464,start,2,49,
28961.431,conflict-at-land,0,45,
28965.156,start,7,55,
28971.977,conflict-at-land,7,55,
28976.431,start,0,45,
28986.977,start,7,55,
28997.984,conflict-at-land,7,55,
29012.984,start,7,55,
29013.215,conflict-at-land,2,49,
29023.765,conflict-at-land,7,55,
29028.215,start,2,49,
29032.552,conflict-at-land,4,50,
29038.765,start,7,55,
29045.488,conflict-at-land,7,55,
29047.552,start,4,50,
29060.488,start,7,55,
29069.412,conflict-at-land,7,55,
29084.412,start,7,55,
29093.961,conflict-at-land,7,55,
29096.367,conflict-at-land,2,49,
29108.961,start,7,55,
29111.367,start,2,49,
29114.316,conflict-at-land,4,50,
29116.4,conflict-at-land,7,55,
29123.167,conflict-at-land,5,53,
29129.316,start,4,50,
29131.4,start,7,55,
29132.397,conflict-at-land,0,45,
29138.167,start,5,53,
29141.612,conflict-at-land,7,55,
29147.397,start,0,45,
29156.612,start,7,55,
29163.961,conflict-at-land,7,55,
29170.215,conflict-at-land,3,27,
29178.961,start,7,55,
29185.174,conflict-at-land,2,49,
29185.215,start,3,27,
29188.396,conflict-at-land,7,55,
29191.323,conflict-at-land,6,6,
29200.174,start,2,49,
29203.396,start,7,55,
29203.97,conflict-at-land,4,50,
29206.323,start,6,6,
29209.886,conflict-at-land,7,55,
29218.97,start,4,50,
29224.886,start,7,55,
29233.263,conflict-at-land,7,55,
29243.194,conflict-at-land,2,49,
29248.263,start,7,55,
29252.36,conflict-at-land,0,45,
29257.092,conflict-at-land,7,55,
29258.194,start,2,49,
29267.36,start,0,45,
29272.092,start,7,55,
29280.214,conflict-at-land,7,55,
29295.214,start,7,55,
29303.602,conflict-at-land,7,55,
29309.326,conflict-at-land,4,50,
29318.602,start,7,55,
29320.759,conflict-at-land,2,49,
29324.326,start,4,50,
29326.31,conflict-at-land,7,55,
29335.759,start,2,49,
29341.31,start,7,55,
29348.215,conflict-at-land,7,55,
29354.373,conflict-at-land,3,27,
29363.215,start,7,55,
29369.373,start,3,27,
29370.046,conflict-at-land,7,55,
29376.22,conflict-at-land,0,45,
29385.046,start,7,55,
29391.22,start,0,45,
29393.952,conflict-at-land,7,55,
29397.749,conflict-at-land,2,49,
29408.258,conflict-at-land,4,50,
29408.952,start,7,55,
29412.749,start,2,49,
29419.135,conflict-at-land,7,55,
29423.258,start,4,50,
29434.135,start,7,55,
29443.732,conflict-at-land,7,55,
29458.732,start,7,55,
29467.561,conflict-at-land,7,55,
29475.826,conflict-at-land,2,49,
29482.561,start,7,55,
29487.239,conflict-at-land,4,50,
29490.826,start,2,49,
29492.659,conflict-at-land,5,53,
29492.902,conflict-at-land,7,55,
29502.239,start,4,50,
29507.659,start,5,53,
29507.902,start,7,55,
29519.501,conflict-at-land,7,55,
29534.501,start,7,55,
29540.674,conflict-at-land,0,45,
29542.015,conflict-at-land,2,49,
29542.879,conflict-at-land,7,55,
29555.674,start,0,45,
29557.015,start,2,49,
29557.879,start,7,55,
29568.315,conflict-at-land,7,55,
29583.315,start,7,55,
29588.549,conflict-at-land,1,25,
29593.142,conflict-at-land,7,55,
29599.154,conflict-at-land,4,50,
29603.549,start,1,25,
29606.156,conflict-at-land,6,6,
29608.142,start,7,55,
29614.154,start,4,50,
29615.112,conflict-at-land,2,49,
29615.654,conflict-at-land,7,55,
29620.669,conflict-at-land,3,27,
29621.156,start,6,6,
29630.112,start,2,49,
29630.654,start,7,55,
29635.669,start,3,27,
29640.04,conflict-at-land,7,55,
29655.04,start,7,55,
29656.1,conflict-at-land,0,45,
29666.248,conflict-at-land,7,55,
29671.1,start,0,45,
29674.599,conflict-at-land,2,49,
29681.248,start,7,55,
29689.599,start,2,49,
29691.386,conflict-at-land,7,55,
29706.386,start,7,55,
29709.911,conflict-at-land,4,50,
29716.138,conflict-at-land,7,55,
29724.911,start,4,50,
29731.138,start,7,55,
29735.55,conflict-at-land,2,49,
29737.553,conflict-at-land,7,55,
29750.55,start,2,49,
29752.553,start,7,55,
29761.115,conflict-at-land,7,55,
29765.743,conflict-at-land,0,45,
29776.115,start,7,55,
29780.743,start,0,45,
29786.234,conflict-at-land,7,55,
29798.837,conflict-at-land,2,49,
29801.234,start,7,55,
29801.796,conflict-at-land,4,50,
29809.03,conflict-at-land,7,55,
29813.837,start,2,49,
29816.796,start,4,50,
29824.03,start,7,55,
29832.787,conflict-at-land,7,55,
29847.787,start,7,55,
29857.307,conflict-at-land,7,55,
29865.799,conflict-at-land,2,49,
29872.307,start,7,55,
29873.163,conflict-at-land,5,53,
29880.799,start,2,49,
29883.204,conflict-at-land,7,55,
29888.163,start,5,53,
29891.041,conflict-at-land,3,27,
29898.204,start,7,55,
29900.306,conflict-at-land,4,50,
29906.041,start,3,27,
29906.467,conflict-at-land,7,55,
29915.306,start,4,50,
29921.467,start,7,55,
29931.356,conflict-at-land,7,55,
29939.722,conflict-at-land,0,45,
29946.356,start,7,55,
29949.869,conflict-at-land,2,49,
29954.722,start,0,45,
29955.282,conflict-at-land,7,55,
29964.869,start,2,49,
29970.138,conflict-at-land,6,6,
29970.282,start,7,55,
29980.959,conflict-at-land,7,55,
29985.138,start,6,6,
29994.864,conflict-at-land,4,50,
29995.959,start,7,55,
30004.534,conflict-at-land,7,55,
30009.864,start,4,50,
30015.302,conflict-at-land,2,49,
30019.534,start,7,55,
30030.302,start,2,49,
30030.313,conflict-at-land,7,55,
30045.313,start,7,55,
30055.04,conflict-at-land,7,55,
30064.594,conflict-at-land,4,50,
30070.04,start,7,55,
30078.118,conflict-at-land,7,55,
30079.594,start,4,50,
30089.855,conflict-at-land,1,25,
30092.664,conflict-at-land,2,49,
30093.118,start,7,55,
30094.73,conflict-at-land,0,45,
30102.304,conflict-at-land,7,55,
30104.855,start,1,25,
30107.664,start,2,49,
30109.73,start,0,45,
30117.304,start,7,55,
30123.782,conflict-at-land,7,55,
30134.859,conflict-at-land,4,50,
30138.782,start,7,55,
30149.704,conflict-at-land,7,55,
30149.859,start,4,50,
30150.179,conflict-at-land,3,27,
30156.603,conflict-at-land,2,49,
30164.022,conflict-at-land,5,53,
30164.704,start,7,55,
30165.179,start,3,27,
30171.553,conflict-at-land,7,55,
30171.603,start,2,49,
30179.022,start,5,53,
30186.553,start,7,55,
30195.198,conflict-at-land,7,55,
30210.198,start,7,55,
30220.902,conflict-at-land,7,55,
30235.902,start,7,55,
30242.529,conflict-at-land,7,55,
30243.451,conflict-at-land,4,50,
30247.408,conflict-at-land,2,49,
30256.067,conflict-at-land,0,45,
30257.529,start,7,55,
30258.451,start,4,50,
30262.408,start,2,49,
30268.234,conflict-at-land,7,55,
30271.067,start,0,45,
30283.234,start,7,55,
30291.98,conflict-at-land,7,55,
30306.98,start,7,55,
30307.125,conflict-at-land,6,6,
30311.493,conflict-at-land,4,50,
30317.105,conflict-at-land,7,55,
30322.125,start,6,6,
30326.493,start,4,50,
30326.968,conflict-at-land,2,49,
30332.105,start,7,55,
30339.832,conflict-at-land,7,55,
30341.968,start,2,49,
30354.832,start,7,55,
30360.576,conflict-at-land,0,45,
30362.672,conflict-at-land,7,55,
30375.576,start,0,45,
30377.672,start,7,55,
30385.244,conflict-at-land,7,55,
30387.333,conflict-at-land,2,49,
30395.283,conflict-at-land,4,50,
30400.244,start,7,55,
30402.333,start,2,49,
30407.166,conflict-at-land,7,55,
30410.283,start,4,50,
30422.166,start,7,55,
30429.011,conflict-at-land,7,55,
30441.668,conflict-at-land,5,53,
30443.325,conflict-at-land,3,27,
30444.011,start,7,55,
30451.317,conflict-at-land,2,49,
30454.221,conflict-at-land,7,55,
30456.668,start,5,53,
30458.325,start,3,27,
30466.317,start,2,49,
30469.221,start,7,55,
30477.414,conflict-at-land,0,45,
30479.401,conflict-at-land,7,55,
30481.093,conflict-at-land,4,50,
30492.414,start,0,45,
30494.401,start,7,55,
30496.093,start,4,50,
30502.632,conflict-at-land,7,55,
30517.632,start,7,55,
30524.138,conflict-at-land,7,55,
30524.138,abandon,7,55,
30524.138,start,7,56,
30527.768,conflict-at-land,7,56,
30528.552,conflict-at-land,2,49,
30542.768,start,7,56,
30543.552,start,2,49,
30546.164,conflict-at-land,7,56,
30561.164,start,7,56,
30563.89,conflict-at-land,7,56,
30578.89,start,7,56,
30579.223,conflict-at-land,4,50,
30581.282,conflict-at-land,7,56,
30594.223,start,4,50,
30596.282,start,7,56,
30598.706,conflict-at-land,7,56,
30613.706,start,7,56,
30617.385,conflict-at-land,7,56,
30618.815,conflict-at-land,2,49,
30632.385,start,7,56,
30632.774,conflict-at-land,0,45,
30633.815,start,2,49,
30635.08,conflict-at-land,7,56,
30647.774,start,0,45,
30650.08,start,7,56,
30652.7,conflict-at-land,7,56,
30667.7,start,7,56,
30671.252,conflict-at-land,7,56,
30671.779,conflict-at-land,6,6,
30679.669,conflict-at-land,4,50,
30686.252,start,7,56,
30686.779,start,6,6,
30688.489,conflict-at-land,7,56,
30694.669,start,4,50,
30703.489,start,7,56,
30706.604,conflict-at-land,7,56,
30706.821,conflict-at-land,2,49,
30708.979,conflict-at-land,5,53,
30713.688,conflict-at-land,3,27,
30721.604,start,7,56,
30721.821,start,2,49,
30723.979,start,5,53,
30724.023,conflict-at-land,7,56,
30728.688,start,3,27,
30739.023,start,7,56,
30739.36,conflict-at-land,0,45,
30741.328,conflict-at-land,7,56,
30754.36,start,0,45,
30756.328,start,7,56,
30758.621,conflict-at-land,7,56,
30764.863,conflict-at-land,4,50,
30772.551,conflict-at-land,2,49,
30772.551,abandon,2,49,
30772.551,refuse,2,57,
30773.621,start,7,56,
30776.076,conflict-at-land,7,56,
30779.863,start,4,50,
30787.551,refuse,2,57,
30791.076,start,7,56,
30794.122,conflict-at-land,7,56,
30796.562,conflict-at-land,1,25,
30802.551,refuse,2,57,
30809.122,start,7,56,
30811.562,start,1,25,
30811.782,conflict-at-land,7,56,
30817.551,refuse,2,57,
30826.782,start,7,56,
30829.025,conflict-at-land,7,56,
30832.551,refuse,2,57,
30844.025,start,7,56,
30845.086,conflict-at-land,4,50,
30846.539,conflict-at-land,0,45,
30847.022,conflict-at-land,7,56,
30847.551,start,2,57,
30860.086,start,4,50,
30861.539,refuse,0,45,
30862.022,start,7,56,
30864.981,conflict-at-land,7,56,
30876.539,refuse,0,45,
30879.981,start,7,56,
30883.071,conflict-at-land,2,57,
30883.214,conflict-at-land,7,56,
30891.539,start,0,45,
30898.071,refuse,2,57,
30898.214,start,7,56,
30900.827,conflict-at-land,7,56,
30913.071,refuse,2,57,
30915.827,start,7,56,
30919.47,conflict-at-land,7,56,
30928.071,refuse,2,57,
30934.47,start,7,56,
30936.612,conflict-at-land,7,56,
30943.071,refuse,2,57,
30948.16,conflict-at-land,4,50,
30951.612,start,7,56,
30954.688,conflict-at-land,7,56,
30958.071,refuse,2,57,
30963.16,start,4,50,
30969.688,start,7,56,
30973.071,refuse,2,57,
30973.447,conflict-at-land,7,56,
30976.993,conflict-at-land,3,27,
30988.071,refuse,2,57,
30988.447,start,7,56,
30988.884,conflict-at-land,0,45,
30990.891,conflict-at-land,7,56,
30991.993,start,3,27,
31003.071,start,2,57,
31003.884,refuse,0,45,
31005.891,start,7,56,
31008.225,conflict-at-land,7,56,
31018.884,refuse,0,45,
31023.225,start,7,56,
31026.787,conflict-at-land,7,56,
31033.884,refuse,0,45,
31035.418,conflict-at-land,2,57,
31041.787,start,7,56,
31044.846,conflict-at-land,7,56,
31048.884,start,0,45,
31050.418,refuse,2,57,
31056.953,conflict-at-land,4,50,
31059.846,start,7,56,
31062.17,conflict-at-land,7,56,
31065.418,refuse,2,57,
31071.953,start,4,50,
31075.512,conflict-at-land,6,6,
31077.17,start,7,56,
31077.171,conflict-at-land,5,53,
31079.834,conflict-at-land,7,56,
31080.418,refuse,2,57,
31090.512,start,6,6,
31092.171,start,5,53,
31094.834,start,7,56,
31095.418,refuse,2,57,
31098.329,conflict-at-land,7,56,
31110.418,refuse,2,57,
31113.329,start,7,56,
31117.073,conflict-at-land,7,56,
31125.418,refuse,2,57,
31132.073,start,7,56,
31135.484,conflict-at-land,7,56,
31140.418,refuse,2,57,
31150.484,start,7,56,
31153.769,conflict-at-land,7,56,
31155.418,refuse,2,57,
31162.371,conflict-at-land,4,50,
31168.769,start,7,56,
31170.418,refuse,2,57,
31171.637,conflict-at-land,7,56,
31177.371,start,4,50,
31185.418,refuse,2,57,
31186.637,start,7,56,
31189.417,conflict-at-land,7,56,
31200.418,refuse,2,57,
31204.417,start,7,56,
31206.647,conflict-at-land,7,56,
31207.641,conflict-at-land,0,45,
31215.418,start,2,57,
31221.647,start,7,56,
31222.641,refuse,0,45,
31224.188,conflict-at-land,7,56,
31237.641,refuse,0,45,
31239.188,start,7,56,
31241.292,conflict-at-land,2,57,
31242.932,conflict-at-land,7,56,
31243.609,conflict-at-land,4,50,
31252.641,start,0,45,
31256.292,refuse,2,57,
31257.932,start,7,56,
31258.609,start,4,50,
31260.535,conflict-at-land,7,56,
31271.292,refuse,2,57,
31275.535,start,7,56,
31276.227,conflict-at-land,3,27,
31277.896,conflict-at-land,7,56,
31286.292,refuse,2,57,
31291.227,start,3,27,
31292.896,start,7,56,
31295.197,conflict-at-land,7,56,
31301.292,refuse,2,57,
31310.197,start,7,56,
31313.332,conflict-at-land,7,56,
31316.292,refuse,2,57,
31321.268,conflict-at-land,5,53,
31328.332,start,7,56,
31331.292,refuse,2,57,
31332.204,conflict-at-land,7,56,
31336.268,start,5,53,
31337.844,conflict-at-land,6,6,
31346.292,refuse,2,57,
31347.204,start,7,56,
31350.534,conflict-at-land,7,56,
31352.844,start,6,6,
31353.896,conflict-at-land,4,50,
31361.292,refuse,2,57,
31365.534,start,7,56,
31368.896,start,4,50,
31369.132,conflict-at-land,7,56,
31376.292,refuse,2,57,
31384.132,start,7,56,
31387.836,conflict-at-land,7,56,
31391.292,refuse,2,57,
31402.836,start,7,56,
31405.952,conflict-at-land,0,45,
31406.238,conflict-at-land,7,56,
31406.292,start,2,57,
31420.952,refuse,0,45,
31421.238,start,7,56,
31423.764,conflict-at-land,7,56,
31435.952,refuse,0,45,
31438.764,start,7,56,
31442.285,conflict-at-land,7,56,
31443.525,conflict-at-land,2,57,
31443.657,conflict-at-land,4,50,
31450.952,start,0,45,
31457.285,start,7,56,
31458.525,refuse,2,57,
31458.657,start,4,50,
31459.496,conflict-at-land,7,56,
31473.525,refuse,2,57,
31474.496,start,7,56,
31477.841,conflict-at-land,7,56,
31488.525,refuse,2,57,
31492.841,start,7,56,
31496.396,conflict-at-land,7,56,
31503.525,refuse,2,57,
31511.396,start,7,56,
31514.952,conflict-at-land,7,56,
31518.525,refuse,2,57,
31529.952,start,7,56,
31531.185,conflict-at-land,4,50,
31531.245,conflict-at-land,3,27,
31532.623,conflict-at-land,7,56,
31533.525,refuse,2,57,
31546.185,start,4,50,
31546.245,start,3,27,
31547.623,start,7,56,
31548.525,refuse,2,57,
31551.473,conflict-at-land,7,56,
31563.525,refuse,2,57,
31566.473,start,7,56,
31568.786,conflict-at-land,7,56,
31578.525,refuse,2,57,
31583.786,start,7,56,
31585.914,conflict-at-land,7,56,
31593.525,refuse,2,57,
31600.914,start,7,56,
31604.557,conflict-at-land,7,56,
31607.336,conflict-at-land,0,45,
31608.525,start,2,57,
31619.557,start,7,56,
31619.852,conflict-at-land,4,50,
31621.808,conflict-at-land,7,56,
31622.336,refuse,0,45,
31632.334,conflict-at-land,2,57,
31634.852,start,4,50,
31636.808,start,7,56,
31637.336,start,0,45,
31638.926,conflict-at-land,7,56,
31647.334,refuse,2,57,
31653.926,start,7,56,
31656.075,conflict-at-land,7,56,
31662.334,refuse,2,57,
31665.063,conflict-at-land,5,53,
31671.075,start,7,56,
31673.308,conflict-at-land,7,56,
31677.334,refuse,2,57,
31680.063,start,5,53,
31680.72,conflict-at-land,1,25,
31688.308,start,7,56,
31691.116,conflict-at-land,7,56,
31692.334,refuse,2,57,
31695.72,start,1,25,
31703.772,conflict-at-land,4,50,
31706.116,start,7,56,
31707.334,refuse,2,57,
31709.772,conflict-at-land,7,56,
31718.772,start,4,50,
31722.334,refuse,2,57,
31724.772,start,7,56,
31727.73,conflict-at-land,6,6,
31728.567,conflict-at-land,7,56,
31737.334,refuse,2,57,
31742.73,start,6,6,
31743.567,start,7,56,
31746.333,conflict-at-land,7,56,
31752.334,refuse,2,57,
31761.333,start,7,56,
31763.871,conflict-at-land,7,56,
31767.334,refuse,2,57,
31772.195,conflict-at-land,4,50,
31778.871,start,7,56,
31781.278,conflict-at-land,7,56,
31782.334,refuse,2,57,
31787.195,start,4,50,
31791.312,conflict-at-land,0,45,
31796.278,start,7,56,
31797.334,start,2,57,
31797.502,conflict-at-land,3,27,
31799.822,conflict-at-land,7,56,
31806.312,refuse,0,45,
31812.502,start,3,27,
31814.822,start,7,56,
31818.526,conflict-at-land,7,56,
31821.312,refuse,0,45,
31826.847,conflict-at-land,2,57,
31833.526,start,7,56,
31836.312,start,0,45,
31836.329,conflict-at-land,7,56,
31841.847,refuse,2,57,
31843.251,conflict-at-land,4,50,
31851.329,start,7,56,
31853.678,conflict-at-land,7,56,
31856.847,refuse,2,57,
31858.251,start,4,50,
31868.678,start,7,56,
31870.887,conflict-at-land,7,56,
31871.847,refuse,2,57,
31885.887,start,7,56,
31886.847,refuse,2,57,
31889.18,conflict-at-land,7,56,
31901.847,refuse,2,57,
31904.18,start,7,56,
31906.942,conflict-at-land,7,56,
31916.847,refuse,2,57,
31921.942,start,7,56,
31925.265,conflict-at-land,7,56,
31926.941,conflict-at-land,4,50,
31931.847,refuse,2,57,
31933.45,conflict-at-land,0,45,
31940.265,start,7,56,
31941.941,start,4,50,
31943.157,conflict-at-land,7,56,
31946.847,start,2,57,
31948.45,refuse,0,45,
31958.157,start,7,56,
31961.605,conflict-at-land,7,56,
31963.45,refuse,0,45,
31967.931,conflict-at-land,5,53,
31976.605,start,7,56,
31978.45,refuse,0,45,
31979.758,conflict-at-land,7,56,
31982.931,start,5,53,
31989.59,conflict-at-land,2,57,
31993.45,start,0,45,
31994.758,start,7,56,
31996.057,conflict-at-land,6,6,
31997.11,conflict-at-land,4,50,
31997.816,conflict-at-land,7,56,
32004.59,refuse,2,57,
32010.912,conflict-at-land,3,27,
32011.057,start,6,6,
32012.11,start,4,50,
32012.816,start,7,56,
32016.116,conflict-at-land,7,56,
32019.59,refuse,2,57,
32025.912,start,3,27,
32031.116,start,7,56,
32034.59,refuse,2,57,
32034.665,conflict-at-land,7,56,
32049.59,refuse,2,57,
32049.665,start,7,56,
32052.954,conflict-at-land,7,56,
32064.59,refuse,2,57,
32067.294,conflict-at-land,4,50,
32067.954,start,7,56,
32070.405,conflict-at-land,7,56,
32079.59,refuse,2,57,
32082.294,start,4,50,
32085.405,start,7,56,
32088.734,conflict-at-land,7,56,
32094.59,refuse,2,57,
32103.734,start,7,56,
32106.276,conflict-at-land,7,56,
32109.59,refuse,2,57,
32121.276,start,7,56,
32124.59,refuse,2,57,
32125.003,conflict-at-land,7,56,
32127.306,conflict-at-land,0,45,
32139.59,start,2,57,
32140.003,start,7,56,
32142.219,conflict-at-land,7,56,
32142.306,refuse,0,45,
32157.219,start,7,56,
32157.306,refuse,0,45,
32160.169,conflict-at-land,7,56,
32163.108,conflict-at-land,4,50,
32168.338,conflict-at-land,2,57,
32172.306,start,0,45,
32175.169,start,7,56,
32178.108,start,4,50,
32178.533,conflict-at-land,7,56,
32183.338,refuse,2,57,
32193.533,start,7,56,
32196.351,conflict-at-land,7,56,
32198.338,refuse,2,57,
32208.501,conflict-at-land,5,53,
32211.351,start,7,56,
32213.338,refuse,2,57,
32215.056,conflict-at-land,7,56,
32223.501,start,5,53,
32228.338,refuse,2,57,
32230.056,start,7,56,
32232.964,conflict-at-land,7,56,
32242.308,conflict-at-land,4,50,
32243.338,refuse,2,57,
32247.964,start,7,56,
32250.941,conflict-at-land,7,56,
32257.308,start,4,50,
32258.338,refuse,2,57,
32265.941,start,7,56,
32269.255,conflict-at-land,7,56,
32273.338,refuse,2,57,
32284.255,start,7,56,
32287.957,conflict-at-land,7,56,
32288.338,refuse,2,57,
32302.957,start,7,56,
32303.338,refuse,2,57,
32304.018,conflict-at-land,3,27,
32305.665,conflict-at-land,7,56,
32318.338,refuse,2,57,
32319.018,start,3,27,
32320.665,start,7,56,
32322.206,conflict-at-land,4,50,
32323.663,conflict-at-land,7,56,
32325.354,conflict-at-land,0,45,
32333.338,start,2,57,
32337.206,start,4,50,
32338.663,start,7,56,
32340.354,refuse,0,45,
32341.905,conflict-at-land,7,56,
32355.354,refuse,0,45,
32356.905,start,7,56,
32359.318,conflict-at-land,7,56,
32370.136,conflict-at-land,2,57,
32370.354,start,0,45,
32374.318,start,7,56,
32376.504,conflict-at-land,7,56,
32385.136,refuse,2,57,
32391.504,start,7,56,
32393.98,conflict-at-land,7,56,
32396.193,conflict-at-land,6,6,
32400.136,refuse,2,57,
32408.98,start,7,56,
32411.193,start,6,6,
32411.28,conflict-at-land,7,56,
32415.136,refuse,2,57,
32422.52,conflict-at-land,4,50,
32426.28,start,7,56,
32429.205,conflict-at-land,7,56,
32430.136,refuse,2,57,
32437.52,start,4,50,
32444.205,start,7,56,
32445.136,refuse,2,57,
32446.612,conflict-at-land,7,56,
32460.136,refuse,2,57,
32461.612,start,7,56,
32463.869,conflict-at-land,7,56,
32475.136,refuse,2,57,
32478.869,start,7,56,
32480.99,conflict-at-land,7,56,
32485.789,conflict-at-land,1,25,
32490.136,refuse,2,57,
32495.99,start,7,56,
32498.644,conflict-at-land,7,56,
32500.789,start,1,25,
32505.136,refuse,2,57,
32513.644,start,7,56,
32516.39,conflict-at-land,7,56,
32520.136,refuse,2,57,
32527.748,conflict-at-land,0,45,
32531.39,start,7,56,
32533.996,conflict-at-land,4,50,
32534.424,conflict-at-land,7,56,
32535.136,start,2,57,
32542.748,refuse,0,45,
32548.996,start,4,50,
32549.424,start,7,56,
32552.839,conflict-at-land,7,56,
32557.748,refuse,0,45,
32564.033,conflict-at-land,2,57,
32567.839,start,7,56,
32569.941,conflict-at-land,7,56,
32572.748,start,0,45,
32579.033,refuse,2,57,
32580.41,conflict-at-land,3,27,
32584.941,start,7,56,
32587.086,conflict-at-land,5,53,
32588.736,conflict-at-land,7,56,
32594.033,refuse,2,57,
32595.41,start,3,27,
32602.086,start,5,53,
32603.736,start,7,56,
32606.996,conflict-at-land,7,56,
32609.033,refuse,2,57,
32614.249,conflict-at-land,4,50,
32621.996,start,7,56,
32624.033,refuse,2,57,
32624.618,conflict-at-land,7,56,
32629.249,start,4,50,
32639.033,refuse,2,57,
32639.618,start,7,56,
32643.247,conflict-at-land,7,56,
32654.033,refuse,2,57,
32658.247,start,7,56,
32660.352,conflict-at-land,7,56,
32669.033,refuse,2,57,
32675.352,start,7,56,
32677.869,conflict-at-land,7,56,
32684.033,refuse,2,57,
32690.428,conflict-at-land,4,50,
32692.869,start,7,56,
32695.828,conflict-at-land,7,56,
32699.033,refuse,2,57,
32699.909,conflict-at-land,0,45,
32705.428,start,4,50,
32710.828,start,7,56,
32713.005,conflict-at-land,7,56,
32714.033,start,2,57,
32714.909,refuse,0,45,
32728.005,start,7,56,
32729.909,refuse,0,45,
32731.552,conflict-at-land,7,56,
32744.909,refuse,0,45,
32746.552,start,7,56,
32749.599,conflict-at-land,7,56,
32754.38,conflict-at-land,2,57,
32759.909,start,0,45,
32760.82,conflict-at-land,4,50,
32764.599,start,7,56,
32768.182,conflict-at-land,7,56,
32769.38,refuse,2,57,
32775.82,start,4,50,
32783.182,start,7,56,
32784.38,refuse,2,57,
32785.942,conflict-at-land,7,56,
32788.911,conflict-at-land,6,6,
32789.992,conflict-at-land,3,27,
32799.38,refuse,2,57,
32800.942,start,7,56,
32803.911,start,6,6,
32804.357,conflict-at-land,7,56,
32804.992,start,3,27,
32814.38,refuse,2,57,
32819.357,start,7,56,
32821.798,conflict-at-land,7,56,
32829.38,refuse,2,57,
32836.798,start,7,56,
32838.899,conflict-at-land,7,56,
32844.38,refuse,2,57,
32853.899,start,7,56,
32857.432,conflict-at-land,7,56,
32859.38,refuse,2,57,
32861.4,conflict-at-land,4,50,
32872.432,start,7,56,
32874.38,refuse,2,57,
32875.929,conflict-at-land,7,56,
32876.4,start,4,50,
32888.256,conflict-at-land,5,53,
32889.38,refuse,2,57,
32890.929,start,7,56,
32893.778,conflict-at-land,7,56,
32903.256,start,5,53,
32904.38,refuse,2,57,
32908.778,start,7,56,
32911.956,conflict-at-land,7,56,
32916.449,conflict-at-land,0,45,
32919.38,start,2,57,
32926.956,start,7,56,
32929.865,conflict-at-land,7,56,
32931.449,refuse,0,45,
32944.865,start,7,56,
32946.449,refuse,0,45,
32947.163,conflict-at-land,7,56,
32947.837,conflict-at-land,2,57,
32961.449,start,0,45,
32962.163,start,7,56,
32962.837,refuse,2,57,
32965.537,conflict-at-land,7,56,
32966.782,conflict-at-land,4,50,
32977.837,refuse,2,57,
32980.537,start,7,56,
32981.782,start,4,50,
32982.714,conflict-at-land,7,56,
32992.837,refuse,2,57,
32997.714,start,7,56,
33001.087,conflict-at-land,7,56,
33003.994,conflict-at-land,3,27,
33007.837,refuse,2,57,
33016.087,start,7,56,
33018.29,conflict-at-land,7,56,
33018.994,start,3,27,
33022.837,refuse,2,57,
33033.29,start,7,56,
33037.173,conflict-at-land,7,56,
33037.837,refuse,2,57,
33052.173,start,7,56,
33052.837,refuse,2,57,
33055.151,conflict-at-land,7,56,
33065.98,conflict-at-land,4,50,
33067.837,refuse,2,57,
33070.151,start,7,56,
33072.918,conflict-at-land,7,56,
33080.98,start,4,50,
33082.837,refuse,2,57,
33087.918,start,7,56,
33091.395,conflict-at-land,7,56,
33097.837,refuse,2,57,
33106.395,start,7,56,
33108.165,conflict-at-land,0,45,
33109.803,conflict-at-land,7,56,
33112.837,start,2,57,
33114.103,conflict-at-land,6,6,
33123.165,refuse,0,45,
33124.803,start,7,56,
33127.025,conflict-at-land,7,56,
33129.103,start,6,6,
33133.654,conflict-at-land,4,50,
33138.165,refuse,0,45,
33140.16,conflict-at-land,2,57,
33142.025,start,7,56,
33145.558,conflict-at-land,7,56,
33148.654,start,4,50,
33153.165,start,0,45,
33155.16,refuse,2,57,
33160.558,start,7,56,
33163.893,conflict-at-land,7,56,
33170.16,refuse,2,57,
33178.893,start,7,56,
33181.321,conflict-at-land,7,56,
33185.16,refuse,2,57,
33196.321,start,7,56,
33199.464,conflict-at-land,7,56,
33200.16,refuse,2,57,
33214.464,start,7,56,
33215.16,refuse,2,57,
33215.608,conflict-at-land,4,50,
33216.827,conflict-at-land,7,56,
33226.007,conflict-at-land,5,53,
33230.16,refuse,2,57,
33230.608,start,4,50,
33231.827,start,7,56,
33234.786,conflict-at-land,7,56,
33241.007,start,5,53,
33245.16,refuse,2,57,
33249.786,start,7,56,
33252.666,conflict-at-land,7,56,
33260.16,refuse,2,57,
33267.666,start,7,56,
33270.488,conflict-at-land,7,56,
33275.16,refuse,2,57,
33283.117,conflict-at-land,0,45,
33285.488,start,7,56,
33288.382,conflict-at-land,7,56,
33290.16,start,2,57,
33298.117,refuse,0,45,
33301.629,conflict-at-land,3,27,
33303.382,start,7,56,
33306.892,conflict-at-land,7,56,
33313.117,refuse,0,45,
33316.629,start,3,27,
33316.638,conflict-at-land,1,25,
33319.178,conflict-at-land,4,50,
33321.892,start,7,56,
33321.998,conflict-at-land,2,57,
33324.019,conflict-at-land,7,56,
33328.117,start,0,45,
33331.638,start,1,25,
33334.178,start,4,50,
33336.998,refuse,2,57,
33339.019,start,7,56,
33341.734,conflict-at-land,7,56,
33351.998,refuse,2,57,
33356.734,start,7,56,
33359.686,conflict-at-land,7,56,
33366.998,refuse,2,57,
33374.686,start,7,56,
33377.205,conflict-at-land,7,56,
33381.998,refuse,2,57,
33392.205,start,7,56,
33393.531,conflict-at-land,4,50,
33395.946,conflict-at-land,7,56,
33396.998,refuse,2,57,
33408.531,start,4,50,
33410.946,start,7,56,
33411.998,refuse,2,57,
33414.693,conflict-at-land,7,56,
33426.998,refuse,2,57,
33429.693,start,7,56,
33432.295,conflict-at-land,7,56,
33441.998,refuse,2,57,
33447.295,start,7,56,
33449.42,conflict-at-land,7,56,
33451.268,conflict-at-land,6,6,
33456.998,refuse,2,57,
33462.091,conflict-at-land,0,45,
33464.42,start,7,56,
33466.268,start,6,6,
33468.03,conflict-at-land,7,56,
33471.998,start,2,57,
33474.836,conflict-at-land,4,50,
33477.091,refuse,0,45,
33483.03,start,7,56,
33486.245,conflict-at-land,7,56,
33489.836,start,4,50,
33492.091,refuse,0,45,
33495.767,conflict-at-land,2,57,
33501.245,start,7,56,
33504.068,conflict-at-land,7,56,
33507.091,start,0,45,
33509.37,conflict-at-land,3,27,
33510.767,refuse,2,57,
33519.068,start,7,56,
33522.955,conflict-at-land,7,56,
33524.37,start,3,27,
33525.767,refuse,2,57,
33537.955,start,7,56,
33540.767,refuse,2,57,
33541.172,conflict-at-land,7,56,
33555.767,refuse,2,57,
33556.172,start,7,56,
33560.051,conflict-at-land,7,56,
33570.767,refuse,2,57,
33575.051,start,7,56,
33577.634,conflict-at-land,4,50,
33577.676,conflict-at-land,7,56,
33585.767,refuse,2,57,
33592.634,start,4,50,
33592.676,start,7,56,
33594.946,conflict-at-land,7,56,
33597.788,conflict-at-land,5,53,
33600.767,refuse,2,57,
33609.946,start,7,56,
33612.788,start,5,53,
33613.261,conflict-at-land,7,56,
33615.767,refuse,2,57,
33628.261,start,7,56,
33630.767,refuse,2,57,
33631.707,conflict-at-land,7,56,
33643.685,conflict-at-land,0,45,
33645.767,start,2,57,
33646.707,start,7,56,
33650.081,conflict-at-land,7,56,
33658.685,refuse,0,45,
33665.081,start,7,56,
33667.37,conflict-at-land,7,56,
33673.685,refuse,0,45,
33679.164,conflict-at-land,2,57,
33682.37,start,7,56,
33682.683,conflict-at-land,4,50,
33686.027,conflict-at-land,7,56,
33688.685,start,0,45,
33694.164,refuse,2,57,
33697.683,start,4,50,
33701.027,start,7,56,
33704.497,conflict-at-land,7,56,
33709.164,refuse,2,57,
33713.745,conflict-at-land,3,27,
33719.497,start,7,56,
33722.503,conflict-at-land,7,56,
33724.164,refuse,2,57,
33728.745,start,3,27,
33737.503,start,7,56,
33739.164,refuse,2,57,
33740.899,conflict-at-land,7,56,
33754.164,refuse,2,57,
33755.899,start,7,56,
33758.457,conflict-at-land,7,56,
33769.164,refuse,2,57,
33773.457,start,7,56,
33775.719,conflict-at-land,7,56,
33781.193,conflict-at-land,4,50,
33784.164,refuse,2,57,
33787.793,conflict-at-land,6,6,
33790.719,start,7,56,
33794.125,conflict-at-land,7,56,
33796.193,start,4,50,
33799.164,refuse,2,57,
33802.793,start,6,6,
33809.125,start,7,56,
33811.802,conflict-at-land,7,56,
33813.838,conflict-at-land,0,45,
33814.164,start,2,57,
33826.802,start,7,56,
33828.838,refuse,0,45,
33830.613,conflict-at-land,7,56,
33843.838,refuse,0,45,
33845.613,start,7,56,
33848.821,conflict-at-land,7,56,
33850.654,conflict-at-land,2,57,
33858.838,start,0,45,
33863.821,start,7,56,
33865.654,refuse,2,57,
33866.819,conflict-at-land,7,56,
33874.932,conflict-at-land,1,25,
33880.654,refuse,2,57,
33881.819,start,7,56,
33884.791,conflict-at-land,7,56,
33889.222,conflict-at-land,4,50,
33889.932,start,1,25,
33895.654,refuse,2,57,
33899.791,start,7,56,
33903.047,conflict-at-land,7,56,
33904.222,start,4,50,
33906.552,conflict-at-land,5,53,
33910.654,refuse,2,57,
33918.047,start,7,56,
33920.901,conflict-at-land,7,56,
33921.552,start,5,53,
33925.654,refuse,2,57,
33935.901,start,7,56,
33938.213,conflict-at-land,7,56,
33940.654,refuse,2,57,
33950.726,conflict-at-land,0,45,
33953.213,start,7,56,
33955.654,start,2,57,
33956.95,conflict-at-land,7,56,
33965.726,refuse,0,45,
33971.95,start,7,56,
33974.656,conflict-at-land,7,56,
33980.726,refuse,0,45,
33982.214,conflict-at-land,4,50,
33985.678,conflict-at-land,2,57,
33989.656,start,7,56,
33993.348,conflict-at-land,7,56,
33995.604,conflict-at-land,3,27,
33995.726,start,0,45,
33997.214,start,4,50,
34000.678,refuse,2,57,
34008.348,start,7,56,
34010.604,start,3,27,
34011.864,conflict-at-land,7,56,
34015.678,refuse,2,57,
34026.864,start,7,56,
34030.678,refuse,2,57,
34030.699,conflict-at-land,7,56,
34045.678,refuse,2,57,
34045.699,start,7,56,
34049.05,conflict-at-land,7,56,
34060.678,refuse,2,57,
34064.05,start,7,56,
34066.262,conflict-at-land,7,56,
34075.678,refuse,2,57,
34081.262,start,7,56,
34084.365,conflict-at-land,7,56,
34090.678,refuse,2,57,
34094.224,conflict-at-land,4,50,
34099.365,start,7,56,
34102.331,conflict-at-land,7,56,
34105.678,refuse,2,57,
34109.224,start,4,50,
34111.085,conflict-at-land,6,6,
34117.331,start,7,56,
34120.678,refuse,2,57,
34121.194,conflict-at-land,7,56,
34121.194,abandon,7,56,
34121.194,start,7,58,
34124.687,conflict-at-land,0,45,
34124.687,abandon,0,45,
34124.687,start,0,59,
34125.06,land,7,58,
34125.06,refuse,7,60,
34126.085,start,6,6,
34131.477,conflict-at-land,0,59,
34135.678,start,2,57,
34140.06,refuse,7,60,
34146.477,start,0,59,
34152.293,conflict-at-land,0,59,
34155.06,refuse,7,60,
34158.85,conflict-at-land,2,57,
34167.293,start,0,59,
34170.06,refuse,7,60,
34173.172,conflict-at-land,0,59,
34173.85,start,2,57,
34185.06,refuse,7,60,
34185.726,conflict-at-land,4,50,
34188.172,start,0,59,
34195.689,conflict-at-land,0,59,
34200.06,start,7,60,
34200.726,refuse,4,50,
34201.658,conflict-at-land,2,57,
34204.361,conflict-at-land,7,60,
34210.689,start,0,59,
34215.726,start,4,50,
34216.658,start,2,57,
34217.911,conflict-at-land,0,59,
34219.361,refuse,7,60,
34228.41,conflict-at-land,5,53,
34232.911,start,0,59,
34234.361,refuse,7,60,
34237.208,conflict-at-land,0,59,
34243.41,start,5,53,
34246.45,conflict-at-land,2,57,
34249.361,refuse,7,60,
34252.208,start,0,59,
34256.776,conflict-at-land,0,59,
34261.45,start,2,57,
34261.792,conflict-at-land,3,27,
34264.361,refuse,7,60,
34271.776,start,0,59,
34276.792,start,3,27,
34277.856,conflict-at-land,0,59,
34279.361,refuse,7,60,
34292.856,start,0,59,
34294.361,refuse,7,60,
34299.628,conflict-at-land,0,59,
34303.392,conflict-at-land,2,57,
34309.361,refuse,7,60,
34312.791,conflict-at-land,4,50,
34314.628,start,0,59,
34318.392,start,2,57,
34320.685,conflict-at-land,0,59,
34324.361,start,7,60,
34327.791,refuse,4,50,
34329.328,conflict-at-land,7,60,
34335.685,start,0,59,
34342.791,start,4,50,
34343.362,conflict-at-land,0,59,
34344.328,refuse,7,60,
34352.454,conflict-at-land,2,57,
34358.362,start,0,59,
34359.328,refuse,7,60,
34365.753,conflict-at-land,0,59,
34367.454,start,2,57,
34374.328,refuse,7,60,
34380.753,start,0,59,
34388.333,conflict-at-land,0,59,
34389.328,refuse,7,60,
34403.333,start,0,59,
34404.328,refuse,7,60,
34406.904,conflict-at-land,2,57,
34408.372,conflict-at-land,0,59,
34419.328,refuse,7,60,
34421.904,start,2,57,
34423.372,start,0,59,
34429.017,conflict-at-land,0,59,
34434.328,refuse,7,60,
34434.736,conflict-at-land,4,50,
34444.017,start,0,59,
34448.955,conflict-at-land,0,59,
34449.328,start,7,60,
34449.736,refuse,4,50,
34453.694,conflict-at-land,1,25,
34454.87,conflict-at-land,3,27,
34456.096,conflict-at-land,7,60,
34460.353,conflict-at-land,2,57,
34463.955,start,0,59,
34464.736,start,4,50,
34468.694,start,1,25,
34469.87,start,3,27,
34469.989,conflict-at-land,0,59,
34471.096,refuse,7,60,
34475.353,start,2,57,
34484.989,start,0,59,
34486.096,refuse,7,60,
34491.936,conflict-at-land,0,59,
34501.096,refuse,7,60,
34506.936,start,0,59,
34509.961,conflict-at-land,2,57,
34513.893,conflict-at-land,0,59,
34516.096,refuse,7,60,
34519.806,conflict-at-land,5,53,
34524.961,start,2,57,
34528.559,conflict-at-land,4,50,
34528.559,abandon,4,50,
34528.559,start,4,61,
34528.893,start,0,59,
34531.096,start,7,60,
34533.91,conflict-at-land,0,59,
34534.051,land,4,61,
34534.051,refuse,4,62,
34534.806,start,5,53,
34534.917,conflict-at-land,6,6,
34538.724,conflict-at-land,7,60,
34548.91,start,0,59,
34549.051,refuse,4,62,
34549.917,start,6,6,
34553.643,conflict-at-land,2,57,
34553.724,start,7,60,
34553.937,conflict-at-land,0,59,
34559.789,conflict-at-land,7,60,
34564.051,start,4,62,
34568.643,refuse,2,57,
34568.658,conflict-at-land,4,62,
34568.937,start,0,59,
34574.789,start,7,60,
34575.445,conflict-at-land,0,59,
34581.34,conflict-at-land,7,60,
34583.643,start,2,57,
34583.658,refuse,4,62,
34590.445,start,0,59,
34595.696,conflict-at-land,0,59,
34596.34,start,7,60,
34598.658,refuse,4,62,
34602.968,conflict-at-land,7,60,
34610.696,start,0,59,
34610.94,conflict-at-land,2,57,
34613.658,start,4,62,
34617.968,start,7,60,
34618.291,conflict-at-land,0,59,
34618.305,conflict-at-land,4,62,
34624.768,conflict-at-land,7,60,
34625.94,start,2,57,
34633.291,start,0,59,
34633.305,refuse,4,62,
34639.768,start,7,60,
34640.157,conflict-at-land,0,59,
34647.537,conflict-at-land,7,60,
34648.305,refuse,4,62,
34655.157,start,0,59,
34660.272,conflict-at-land,0,59,
34662.537,start,7,60,
34663.305,refuse,4,62,
34666.225,conflict-at-land,2,57,
34667.422,conflict-at-land,7,60,
34675.272,start,0,59,
34676.168,conflict-at-land,3,27,
34678.305,start,4,62,
34681.225,refuse,2,57,
34682.422,start,7,60,
34682.956,conflict-at-land,0,59,
34684.151,conflict-at-land,4,62,
34689.089,conflict-at-land,7,60,
34691.168,start,3,27,
34696.225,start,2,57,
34697.956,start,0,59,
34699.151,refuse,4,62,
34702.238,conflict-at-land,0,59,
34704.089,start,7,60,
34708.53,conflict-at-land,7,60,
34714.151,refuse,4,62,
34717.238,start,0,59,
34721.752,conflict-at-land,0,59,
34723.53,start,7,60,
34729.151,refuse,4,62,
34730.793,conflict-at-land,2,57,
34730.842,conflict-at-land,7,60,
34736.752,start,0,59,
34741.222,conflict-at-land,0,59,
34744.151,start,4,62,
34745.793,refuse,2,57,
34745.793,abandon,2,57,
34745.793,start,2,63,
34745.842,start,7,60,
34748.13,land,2,63,
34748.13,start,2,64,
34749.69,conflict-at-land,4,62,
34752.331,conflict-at-land,7,60,
34756.222,start,0,59,
34763.305,conflict-at-land,0,59,
34764.69,start,4,62,
34767.331,start,7,60,
34771.558,conflict-at-land,4,62,
34774.295,conflict-at-land,7,60,
34778.305,start,0,59,
34783.193,conflict-at-land,0,59,
34786.558,start,4,62,
34789.295,start,7,60,
34792.369,conflict-at-land,4,62,
34796.981,conflict-at-land,7,60,
34798.193,start,0,59,
34803.955,conflict-at-land,0,59,
34807.369,start,4,62,
34811.981,start,7,60,
34814.54,conflict-at-land,4,62,
34818.149,conflict-at-land,7,60,
34818.955,start,0,59,
34824.285,conflict-at-land,0,59,
34829.54,start,4,62,
34833.149,start,7,60,
34837.059,conflict-at-land,4,62,
34837.56,conflict-at-land,7,60,
34839.285,start,0,59,
34845.799,conflict-at-land,0,59,
34852.059,start,4,62,
34852.56,start,7,60,
34859.002,conflict-at-land,4,62,
34859.746,conflict-at-land,7,60,
34860.799,start,0,59,
34864.677,conflict-at-land,6,6,
34865.214,conflict-at-land,0,59,
34874.002,start,4,62,
34874.746,start,7,60,
34879.677,start,6,6,
34880.071,conflict-at-land,7,60,
34880.214,start,0,59,
34880.413,conflict-at-land,4,62,
34884.586,conflict-at-land,0,59,
34895.071,start,7,60,
34895.413,start,4,62,
34899.586,start,0,59,
34900.961,conflict-at-land,7,60,
34901.375,conflict-at-land,4,62,
34904.763,conflict-at-land,0,59,
34905.97,conflict-at-land,5,53,
34914.324,conflict-at-land,3,27,
34915.961,start,7,60,
34916.375,start,4,62,
34919.763,start,0,59,
34920.97,start,5,53,
34921.172,conflict-at-land,7,60,
34923.225,conflict-at-land,4,62,
34926.022,conflict-at-land,0,59,
34929.324,start,3,27,
34936.172,start,7,60,
34938.225,start,4,62,
34941.022,start,0,59,
34942.618,conflict-at-land,7,60,
34944.582,conflict-at-land,4,62,
34947.673,conflict-at-land,0,59,
34957.618,start,7,60,
34959.582,start,4,62,
34962.673,start,0,59,
34965.182,conflict-at-land,7,60,
34967.299,conflict-at-land,4,62,
34967.366,conflict-at-land,0,59,
34980.182,start,7,60,
34982.299,start,4,62,
34982.366,start,0,59,
34986.114,conflict-at-land,7,60,
34987.018,conflict-at-land,0,59,
34988.557,conflict-at-land,4,62,
35001.114,start,7,60,
35002.018,start,0,59,
35003.557,start,4,62,
35006.267,conflict-at-land,7,60,
35006.857,conflict-at-land,0,59,
35009.186,conflict-at-land,4,62,
35021.267,start,7,60,
35021.857,start,0,59,
35024.186,start,4,62,
35026.344,conflict-at-land,0,59,
35026.672,conflict-at-land,7,60,
35030.912,conflict-at-land,4,62,
35041.344,start,0,59,
35041.672,start,7,60,
35045.912,start,4,62,
35046.689,conflict-at-land,7,60,
35048.252,conflict-at-land,0,59,
35050.69,conflict-at-land,4,62,
35061.689,start,7,60,
35063.252,start,0,59,
35065.134,land,2,64,
35065.134,start,2,65,
35065.69,start,4,62,
35067.047,conflict-at-land,7,60,
35067.445,land,2,65,
35067.445,start,2,66,
35070.076,conflict-at-land,0,59,
35072.427,conflict-at-land,4,62,
35082.047,start,7,60,
35085.076,start,0,59,
35087.187,conflict-at-land,7,60,
35087.427,start,4,62,
35090.102,conflict-at-land,0,59,
35093.746,conflict-at-land,4,62,
35102.187,start,7,60,
35105.102,start,0,59,
35108.746,start,4,62,
35109.423,conflict-at-land,7,60,
35110.009,conflict-at-land,0,59,
35113.159,conflict-at-land,4,62,
35124.423,start,7,60,
35125.009,start,0,59,
35128.159,start,4,62,
35130.147,conflict-at-land,7,60,
35130.656,conflict-at-land,0,59,
35132.812,conflict-at-land,4,62,
35142.317,conflict-at-land,3,27,
35145.147,start,7,60,
35145.656,start,0,59,
35147.812,start,4,62,
35150.087,conflict-at-land,0,59,
35152.238,conflict-at-land,7,60,
35154.384,conflict-at-land,4,62,
35157.317,start,3,27,
35165.087,start,0,59,
35165.202,conflict-at-land,1,25,
35167.238,start,7,60,
35169.384,start,4,62,
35169.687,conflict-at-land,0,59,
35172.81,conflict-at-land,7,60,
35175.009,conflict-at-land,4,62,
35180.202,start,1,25,
35184.687,start,0,59,
35187.81,start,7,60,
35189.323,conflict-at-land,5,53,
35190.009,start,4,62,
35191.167,conflict-at-land,0,59,
35193.692,conflict-at-land,7,60,
35195.337,conflict-at-land,4,62,
35204.323,start,5,53,
35206.167,start,0,59,
35208.692,start,7,60,
35210.337,start,4,62,
35212.52,conflict-at-land,0,59,
35215.943,conflict-at-land,7,60,
35217.575,conflict-at-land,4,62,
35227.52,start,0,59,
35230.943,start,7,60,
35232.575,start,4,62,
35232.611,conflict-at-land,0,59,
35237.581,conflict-at-land,7,60,
35238.02,conflict-at-land,4,62,
35247.611,start,0,59,
35252.581,start,7,60,
35253.02,start,4,62,
35254.124,conflict-at-land,0,59,
35255.104,conflict-at-land,6,6,
35257.015,conflict-at-land,7,60,
35259.973,conflict-at-land,4,62,
35269.124,start,0,59,
35270.104,start,6,6,
35272.015,start,7,60,
35274.833,conflict-at-land,0,59,
35274.973,start,4,62,
35279.399,conflict-at-land,7,60,
35279.636,conflict-at-land,4,62,
35289.833,start,0,59,
35294.399,start,7,60,
35294.636,start,4,62,
35297.055,conflict-at-land,0,59,
35299.657,conflict-at-land,4,62,
35302.038,conflict-at-land,7,60,
35312.055,start,0,59,
35314.657,start,4,62,
35317.038,start,7,60,
35318.614,conflict-at-land,0,59,
35321.391,conflict-at-land,7,60,
35321.981,conflict-at-land,4,62,
35333.614,start,0,59,
35336.391,start,7,60,
35336.981,start,4,62,
35340.196,conflict-at-land,0,59,
35341.7,conflict-at-land,7,60,
35342.905,conflict-at-land,4,62,
35345.532,conflict-at-land,3,27,
35355.196,start,0,59,
35356.7,start,7,60,
35357.905,start,4,62,
35360.026,conflict-at-land,0,59,
35360.532,start,3,27,
35362.339,conflict-at-land,7,60,
35365.322,conflict-at-land,4,62,
35375.026,start,0,59,
35377.339,start,7,60,
35380.322,start,4,62,
35380.702,conflict-at-land,0,59,
35382.025,conflict-at-land,7,60,
35385.853,conflict-at-land,4,62,
35395.702,start,0,59,
35397.025,start,7,60,
35400.63,conflict-at-land,0,59,
35400.853,start,4,62,
35402.509,conflict-at-land,7,60,
35406.545,conflict-at-land,4,62,
35415.63,start,0,59,
35417.509,start,7,60,
35421.545,start,4,62,
35421.729,conflict-at-land,0,59,
35423.946,conflict-at-land,7,60,
35427.975,conflict-at-land,4,62,
35436.729,start,0,59,
35438.946,start,7,60,
35440.079,conflict-at-land,5,53,
35440.991,conflict-at-land,0,59,
35442.975,start,4,62,
35444.904,conflict-at-land,7,60,
35450.75,conflict-at-land,4,62,
35455.079,start,5,53,
35455.991,start,0,59,
35459.904,start,7,60,
35462.519,conflict-at-land,0,59,
35465.75,start,4,62,
35466.583,conflict-at-land,7,60,
35471.135,conflict-at-land,4,62,
35477.519,start,0,59,
35481.583,start,7,60,
35481.834,conflict-at-land,0,59,
35486.135,start,4,62,
35486.634,conflict-at-land,7,60,
35493.701,conflict-at-land,4,62,
35496.834,start,0,59,
35501.634,start,7,60,
35502.453,conflict-at-land,0,59,
35507.563,conflict-at-land,7,60,
35508.701,start,4,62,
35513.974,conflict-at-land,4,62,
35517.453,start,0,59,
35521.73,conflict-at-land,0,59,
35522.563,start,7,60,
35528.741,conflict-at-land,7,60,
35528.974,start,4,62,
35533.463,conflict-at-land,4,62,
35536.73,start,0,59,
35543.741,start,7,60,
35543.836,conflict-at-land,0,59,
35548.463,start,4,62,
35550.005,conflict-at-land,7,60,
35550.047,conflict-at-land,3,27,
35553.082,conflict-at-land,4,62,
35558.836,start,0,59,
35563.825,conflict-at-land,0,59,
35565.005,start,7,60,
35565.047,start,3,27,
35568.082,start,4,62,
35569.391,conflict-at-land,7,60,
35573.332,conflict-at-land,4,62,
35578.825,start,0,59,
35584.391,start,7,60,
35584.405,conflict-at-land,0,59,
35588.332,start,4,62,
35590.027,conflict-at-land,7,60,
35592.723,conflict-at-land,4,62,
35599.405,start,0,59,
35605.027,start,7,60,
35606.993,conflict-at-land,0,59,
35607.723,start,4,62,
35610.683,conflict-at-land,7,60,
35615.5,conflict-at-land,4,62,
35621.993,start,0,59,
35625.683,start,7,60,
35626.858,conflict-at-land,0,59,
35630.5,start,4,62,
35632.306,conflict-at-land,7,60,
35637.804,conflict-at-land,4,62,
35641.858,start,0,59,
35647.306,start,7,60,
35647.483,conflict-at-land,0,59,
35652.804,start,4,62,
35654.192,conflict-at-land,7,60,
35657.958,conflict-at-land,4,62,
35662.483,start,0,59,
35663.111,conflict-at-land,6,6,
35669.192,start,7,60,
35669.224,conflict-at-land,0,59,
35672.958,start,4,62,
35674.012,conflict-at-land,7,60,
35678.111,start,6,6,
35680.209,conflict-at-land,4,62,
35684.224,start,0,59,
35689.012,start,7,60,
35689.448,conflict-at-land,0,59,
35694.141,conflict-at-land,7,60,
35695.209,start,4,62,
35701.976,conflict-at-land,4,62,
35704.448,start,0,59,
35709.141,start,7,60,
35709.831,conflict-at-land,0,59,
35715.498,conflict-at-land,7,60,
35716.976,start,4,62,
35722.615,conflict-at-land,4,62,
35724.831,start,0,59,
35730.498,start,7,60,
35732.376,conflict-at-land,0,59,
35736.935,conflict-at-land,7,60,
35737.615,start,4,62,
35739.651,conflict-at-land,3,27,
35744.95,conflict-at-land,4,62,
35747.376,start,0,59,
35751.935,start,7,60,
35753.462,conflict-at-land,0,59,
35754.651,start,3,27,
35758.202,conflict-at-land,7,60,
35759.95,start,4,62,
35767.217,conflict-at-land,4,62,
35768.462,start,0,59,
35773.202,start,7,60,
35775.353,conflict-at-land,0,59,
35778.967,conflict-at-land,7,60,
35782.217,start,4,62,
35788.7,conflict-at-land,4,62,
35790.353,start,0,59,
35793.967,start,7,60,
35797.2,conflict-at-land,0,59,
35798.895,conflict-at-land,7,60,
35803.7,start,4,62,
35806.01,conflict-at-land,5,53,
35807.198,conflict-at-land,1,25,
35808.332,conflict-at-land,4,62,
35812.2,start,0,59,
35813.895,start,7,60,
35818.614,conflict-at-land,0,59,
35819.026,conflict-at-land,7,60,
35821.01,start,5,53,
35822.198,start,1,25,
35823.332,start,4,62,
35830.002,conflict-at-land,4,62,
35833.614,start,0,59,
35834.026,start,7,60,
35837.974,conflict-at-land,0,59,
35838.293,conflict-at-land,7,60,
35845.002,start,4,62,
35849.813,conflict-at-land,4,62,
35852.974,start,0,59,
35853.293,start,7,60,
35857.947,conflict-at-land,7,60,
35858.42,conflict-at-land,0,59,
35864.813,start,4,62,
35871.167,conflict-at-land,4,62,
35872.947,start,7,60,
35873.42,start,0,59,
35879.832,conflict-at-land,0,59,
35880.26,conflict-at-land,7,60,
35886.167,start,4,62,
35891.086,conflict-at-land,4,62,
35894.832,start,0,59,
35895.26,start,7,60,
35902.249,conflict-at-land,0,59,
35902.968,conflict-at-land,7,60,
35906.086,start,4,62,
35911.747,conflict-at-land,4,62,
35917.249,start,0,59,
35917.968,start,7,60,
35924.359,conflict-at-land,7,60,
35924.92,conflict-at-land,0,59,
35926.747,start,4,62,
35930.959,conflict-at-land,4,62,
35939.359,start,7,60,
35939.92,start,0,59,
35943.677,conflict-at-land,7,60,
35944.701,conflict-at-land,0,59,
35945.959,start,4,62,
35953.672,conflict-at-land,4,62,
35958.677,start,7,60,
35959.701,start,0,59,
35963.569,conflict-at-land,7,60,
35967.112,conflict-at-land,0,59,
35968.672,start,4,62,
35975.509,conflict-at-land,4,62,
35978.569,start,7,60,
35982.112,start,0,59,
35986.121,conflict-at-land,7,60,
35988.631,conflict-at-land,0,59,
35990.509,start,4,62,
35995.586,conflict-at-land,4,62,
36001.121,start,7,60,
36003.631,start,0,59,
36007.943,conflict-at-land,0,59,
36008.141,conflict-at-land,7,60,
36010.586,start,4,62,
36013.704,conflict-at-land,3,27,
36016.015,conflict-at-land,4,62,
36022.943,start,0,59,
36023.141,start,7,60,
36028.393,conflict-at-land,0,59,
36028.704,start,3,27,
36030.148,conflict-at-land,7,60,
36031.015,start,4,62,
36035.721,conflict-at-land,4,62,
36043.393,start,0,59,
36045.148,start,7,60,
36048.058,conflict-at-land,0,59,
36050.025,conflict-at-land,7,60,
36050.721,start,4,62,
36056.351,conflict-at-land,4,62,
36063.058,start,0,59,
36065.025,start,7,60,
36069.152,conflict-at-land,0,59,
36069.229,conflict-at-land,7,60,
36071.351,start,4,62,
36079.047,conflict-at-land,4,62,
36084.152,start,0,59,
36084.229,start,7,60,
36089.376,conflict-at-land,7,60,
36090.512,conflict-at-land,0,59,
36094.047,start,4,62,
36100.442,conflict-at-land,4,62,
36104.376,start,7,60,
36105.512,start,0,59,
36107.391,conflict-at-land,6,6,
36110.237,conflict-at-land,0,59,
36112.168,conflict-at-land,7,60,
36115.442,start,4,62,
36119.903,conflict-at-land,4,62,
36122.391,start,6,6,
36125.237,start,0,59,
36127.168,start,7,60,
36131.522,conflict-at-land,0,59,
36134.652,conflict-at-land,7,60,
36134.903,start,4,62,
36141.052,conflict-at-land,4,62,
36146.522,start,0,59,
36149.013,conflict-at-land,5,53,
36149.652,start,7,60,
36151.1,conflict-at-land,0,59,
36156.052,start,4,62,
36156.35,conflict-at-land,7,60,
36163.655,conflict-at-land,4,62,
36164.013,start,5,53,
36166.1,start,0,59,
36171.016,conflict-at-land,0,59,
36171.35,start,7,60,
36177.66,conflict-at-land,7,60,
36178.655,start,4,62,
36185.072,conflict-at-land,4,62,
36186.016,start,0,59,
36192.538,conflict-at-land,0,59,
36192.66,start,7,60,
36198.01,conflict-at-land,7,60,
36200.072,start,4,62,
36206.257,conflict-at-land,4,62,
36207.538,start,0,59,
36213.01,start,7,60,
36213.302,conflict-at-land,0,59,
36219.869,conflict-at-land,7,60,
36221.257,start,4,62,
36225.978,conflict-at-land,4,62,
36228.302,start,0,59,
36234.869,start,7,60,
36235.059,conflict-at-land,0,59,
36237.249,conflict-at-land,3,27,
36240.978,start,4,62,
36242.407,conflict-at-land,7,60,
36246.701,conflict-at-land,4,62,
36250.059,start,0,59,
36252.249,start,3,27,
36255.194,conflict-at-land,0,59,
36257.407,start,7,60,
36261.701,start,4,62,
36262.771,conflict-at-land,7,60,
36268.133,conflict-at-land,4,62,
36269.894,conflict-at-land,2,66,
36270.194,start,0,59,
36276.269,conflict-at-land,0,59,
36277.771,start,7,60,
36282.604,conflict-at-land,7,60,
36283.133,start,4,62,
36284.894,start,2,66,
36289.001,conflict-at-land,4,62,
36291.269,start,0,59,
36296.263,conflict-at-land,0,59,
36297.604,start,7,60,
36303.113,conflict-at-land,7,60,
36304.001,start,4,62,
36308.975,conflict-at-land,1,25,
36310.7,conflict-at-land,4,62,
36311.263,start,0,59,
36317.065,conflict-at-land,0,59,
36318.113,start,7,60,
36323.169,conflict-at-land,7,60,
36323.975,start,1,25,
36325.7,start,4,62,
36330.6,conflict-at-land,4,62,
36332.065,start,0,59,
36338.169,start,7,60,
36338.424,conflict-at-land,0,59,
36344.657,conflict-at-land,7,60,
36345.6,start,4,62,
36350.624,conflict-at-land,4,62,
36353.424,start,0,59,
36358.743,conflict-at-land,0,59,
36359.657,start,7,60,
36365.624,start,4,62,
36366.275,conflict-at-land,7,60,
36370.187,conflict-at-land,4,62,
36373.743,start,0,59,
36380.139,conflict-at-land,0,59,
36381.275,start,7,60,
36385.187,start,4,62,
36387.336,conflict-at-land,7,60,
36390.41,conflict-at-land,4,62,
36395.139,start,0,59,
36401.365,conflict-at-land,0,59,
36402.336,start,7,60,
36405.41,start,4,62,
36407.013,conflict-at-land,7,60,
36411.314,conflict-at-land,4,62,
36414.234,conflict-at-land,6,6,
36416.365,start,0,59,
36421.873,conflict-at-land,0,59,
36422.013,start,7,60,
36426.314,start,4,62,
36426.873,conflict-at-land,7,60,
36429.234,start,6,6,
36432.019,conflict-at-land,4,62,
36436.873,start,0,59,
36438.849,conflict-at-land,3,27,
36441.873,start,7,60,
36444.092,conflict-at-land,0,59,
36447.019,start,4,62,
36447.918,conflict-at-land,7,60,
36453.849,start,3,27,
36454.12,conflict-at-land,4,62,
36459.092,start,0,59,
36462.918,start,7,60,
36465.035,conflict-at-land,0,59,
36467.919,conflict-at-land,7,60,
36469.12,start,4,62,
36474.362,conflict-at-land,4,62,
36480.035,start,0,59,
36480.895,conflict-at-land,5,53,
36482.919,start,7,60,
36485.687,conflict-at-land,0,59,
36487.511,conflict-at-land,7,60,
36489.362,start,4,62,
36495.667,conflict-at-land,4,62,
36495.895,start,5,53,
36500.687,start,0,59,
36502.511,start,7,60,
36506.827,conflict-at-land,7,60,
36507.305,conflict-at-land,0,59,
36510.667,start,4,62,
36518.141,conflict-at-land,4,62,
36521.827,start,7,60,
36522.305,start,0,59,
36528.399,conflict-at-land,7,60,
36528.491,conflict-at-land,0,59,
36533.141,start,4,62,
36538.422,conflict-at-land,4,62,
36543.399,start,7,60,
36543.491,start,0,59,
36548.439,conflict-at-land,0,59,
36550.179,conflict-at-land,7,60,
36553.422,start,4,62,
36560.993,conflict-at-land,4,62,
36563.439,start,0,59,
36565.179,start,7,60,
36568.318,conflict-at-land,0,59,
36571.159,conflict-at-land,7,60,
36575.993,start,4,62,
36581.252,conflict-at-land,4,62,
36583.318,start,0,59,
36586.159,start,7,60,
36591.018,conflict-at-land,0,59,
36591.206,conflict-at-land,7,60,
36596.252,start,4,62,
36602.585,conflict-at-land,4,62,
36606.018,start,0,59,
36606.206,start,7,60,
36610.506,conflict-at-land,0,59,
36613.683,conflict-at-land,7,60,
36617.585,start,4,62,
36625.14,conflict-at-land,4,62,
36625.506,start,0,59,
36628.683,start,7,60,
36632.213,conflict-at-land,0,59,
36633.215,conflict-at-land,7,60,
36640.14,start,4,62,
36645.344,conflict-at-land,4,62,
36647.213,start,0,59,
36648.215,start,7,60,
36651.901,conflict-at-land,0,59,
36653.892,conflict-at-land,7,60,
36660.344,start,4,62,
36666.901,start,0,59,
36667.648,conflict-at-land,4,62,
36668.892,start,7,60,
36671.352,conflict-at-land,0,59,
36673.43,conflict-at-land,7,60,
36682.648,start,4,62,
36686.352,start,0,59,
36688.182,conflict-at-land,4,62,
36688.43,start,7,60,
36692.339,conflict-at-land,0,59,
36693.403,conflict-at-land,7,60,
36700.978,conflict-at-land,3,27,
36703.182,start,4,62,
36707.339,start,0,59,
36708.403,start,7,60,
36709.01,conflict-at-land,4,62,
36714.28,conflict-at-land,7,60,
36714.44,conflict-at-land,0,59,
36715.978,start,3,27,
36724.01,start,4,62,
36729.28,start,7,60,
36729.44,start,0,59,
36730.813,conflict-at-land,4,62,
36735.241,conflict-at-land,0,59,
36735.982,conflict-at-land,7,60,
36745.813,start,4,62,
36750.241,start,0,59,
36750.982,start,7,60,
36753.09,conflict-at-land,4,62,
36757.153,conflict-at-land,0,59,
36757.792,conflict-at-land,7,60,
36768.09,start,4,62,
36772.153,start,0,59,
36772.792,start,7,60,
36774.32,conflict-at-land,4,62,
36777.014,conflict-at-land,0,59,
36779.645,conflict-at-land,7,60,
36783.333,conflict-at-land,5,53,
36789.32,start,4,62,
36792.014,start,0,59,
36794.645,start,7,60,
36796.212,conflict-at-land,4,62,
36798.333,start,5,53,
36798.422,conflict-at-land,0,59,
36800.984,conflict-at-land,7,60,
36811.212,start,4,62,
36813.422,start,0,59,
36815.928,conflict-at-land,1,25,
36815.984,start,7,60,
36817.923,conflict-at-land,4,62,
36818.548,conflict-at-land,0,59,
36821.863,conflict-at-land,7,60,
36830.928,start,1,25,
36832.923,start,4,62,
36833.548,start,0,59,
36836.863,start,7,60,
36840.193,conflict-at-land,0,59,
36840.408,conflict-at-land,4,62,
36841.096,conflict-at-land,7,60,
36854.696,conflict-at-land,6,6,
36855.193,start,0,59,
36855.408,start,4,62,
36856.096,start,7,60,
36859.823,conflict-at-land,4,62,
36861.016,conflict-at-land,0,59,
36863.516,conflict-at-land,7,60,
36869.696,start,6,6,
36874.823,start,4,62,
36876.016,start,0,59,
36878.516,start,7,60,
36881.703,conflict-at-land,4,62,
36882.37,conflict-at-land,0,59,
36883.168,conflict-at-land,7,60,
36896.703,start,4,62,
36897.37,start,0,59,
36898.168,start,7,60,
36902.824,conflict-at-land,4,62,
36903.099,conflict-at-land,7,60,
36904.495,conflict-at-land,0,59,
36917.824,start,4,62,
36918.099,start,7,60,
36919.495,start,0,59,
36921.616,conflict-at-land,3,27,
36922.759,conflict-at-land,7,60,
36924.668,conflict-at-land,0,59,
36924.747,conflict-at-land,4,62,
36936.616,start,3,27,
36937.759,start,7,60,
36939.668,start,0,59,
36939.747,start,4,62,
36942.158,conflict-at-land,7,60,
36945.206,conflict-at-land,0,59,
36945.817,conflict-at-land,4,62,
36957.158,start,7,60,
36960.206,start,0,59,
36960.817,start,4,62,
36963.253,conflict-at-land,7,60,
36967.638,conflict-at-land,0,59,
36967.856,conflict-at-land,4,62,
36978.253,start,7,60,
36982.638,start,0,59,
36982.856,start,4,62,
36983.351,conflict-at-land,7,60,
36989.103,conflict-at-land,4,62,
36990.077,conflict-at-land,0,59,
36998.351,start,7,60,
37004.103,start,4,62,
37005.077,start,0,59,
37005.443,conflict-at-land,7,60,
37008.658,conflict-at-land,4,62,
37010.761,conflict-at-land,0,59,
37020.443,start,7,60,
37023.658,start,4,62,
37025.761,start,0,59,
37025.881,conflict-at-land,7,60,
37029.678,conflict-at-land,4,62,
37033.184,conflict-at-land,0,59,
37040.881,start,7,60,
37044.678,start,4,62,
37045.316,conflict-at-land,7,60,
37048.184,start,0,59,
37049.944,conflict-at-land,4,62,
37052.805,conflict-at-land,0,59,
37060.316,start,7,60,
37064.944,start,4,62,
37067.233,conflict-at-land,7,60,
37067.805,start,0,59,
37070.945,conflict-at-land,4,62,
37073.877,conflict-at-land,0,59,
37079.702,conflict-at-land,2,66,
37082.233,start,7,60,
37085.945,start,4,62,
37088.513,conflict-at-land,7,60,
37088.877,start,0,59,
37090.85,conflict-at-land,4,62,
37094.125,conflict-at-land,5,53,
37094.702,start,2,66,
37095.144,conflict-at-land,0,59,
37103.513,start,7,60,
37105.85,start,4,62,
37109.125,start,5,53,
37110.144,start,0,59,
37110.671,conflict-at-land,7,60,
37110.846,conflict-at-land,4,62,
37116.083,conflict-at-land,0,59,
37125.671,start,7,60,
37125.846,start,4,62,
37130.149,conflict-at-land,7,60,
37131.083,start,0,59,
37132.886,conflict-at-land,4,62,
37136.014,conflict-at-land,0,59,
37145.149,start,7,60,
37147.886,start,4,62,
37149.726,conflict-at-land,3,27,
37151.014,start,0,59,
37151.97,conflict-at-land,7,60,
37152.997,conflict-at-land,4,62,
37157.958,conflict-at-land,0,59,
37164.726,start,3,27,
37166.97,start,7,60,
37167.997,start,4,62,
37171.443,conflict-at-land,7,60,
37172.958,start,0,59,
37173.12,conflict-at-land,4,62,
37179.815,conflict-at-land,0,59,
37186.443,start,7,60,
37188.12,start,4,62,
37191.56,conflict-at-land,7,60,
37193.205,conflict-at-land,4,62,
37194.815,start,0,59,
37200.435,conflict-at-land,0,59,
37206.56,start,7,60,
37208.205,start,4,62,
37213.271,conflict-at-land,7,60,
37215.435,start,0,59,
37215.465,conflict-at-land,4,62,
37221.931,conflict-at-land,0,59,
37228.271,start,7,60,
37230.465,start,4,62,
37233.128,conflict-at-land,7,60,
37236.387,conflict-at-land,4,62,
37236.931,start,0,59,
37241.312,conflict-at-land,0,59,
37243.185,conflict-at-land,6,6,
37248.128,start,7,60,
37251.387,start,4,62,
37254.667,conflict-at-land,7,60,
37256.312,start,0,59,
37258.185,start,6,6,
37258.237,conflict-at-land,4,62,
37261.212,conflict-at-land,0,59,
37269.667,start,7,60,
37273.237,start,4,62,
37276.212,start,0,59,
37276.273,conflict-at-land,7,60,
37280.284,conflict-at-land,4,62,
37283.759,conflict-at-land,0,59,
37291.273,start,7,60,
37295.284,start,4,62,
37295.549,conflict-at-land,7,60,
37298.759,start,0,59,
37302.688,conflict-at-land,4,62,
37305.652,conflict-at-land,0,59,
37310.549,start,7,60,
37315.478,conflict-at-land,7,60,
37317.688,start,4,62,
37320.652,start,0,59,
37322.063,conflict-at-land,4,62,
37327.892,conflict-at-land,0,59,
37330.478,start,7,60,
37334.842,conflict-at-land,7,60,
37337.063,start,4,62,
37342.836,conflict-at-land,4,62,
37342.892,start,0,59,
37348.363,conflict-at-land,0,59,
37349.842,start,7,60,
37356.086,conflict-at-land,7,60,
37357.836,start,4,62,
37362.557,conflict-at-land,4,62,
37363.363,start,0,59,
37369.535,conflict-at-land,0,59,
37371.086,start,7,60,
37377.557,start,4,62,
37377.923,conflict-at-land,7,60,
37383.165,conflict-at-land,4,62,
37384.535,start,0,59,
37388.979,conflict-at-land,0,59,
37392.923,start,7,60,
37395.286,conflict-at-land,5,53,
37398.165,start,4,62,
37399.296,conflict-at-land,7,60,
37403.524,conflict-at-land,4,62,
37403.979,start,0,59,
37410.286,start,5,53,
37411.523,conflict-at-land,0,59,
37414.296,start,7,60,
37418.524,start,4,62,
37419.131,conflict-at-land,7,60,
37424.526,conflict-at-land,4,62,
37426.523,start,0,59,
37432.097,conflict-at-land,0,59,
37434.131,start,7,60,
37438.592,conflict-at-land,7,60,
37439.526,start,4,62,
37442.772,conflict-at-land,3,27,
37445.888,conflict-at-land,4,62,
37447.097,start,0,59,
37452.36,conflict-at-land,0,59,
37453.592,start,7,60,
37457.772,start,3,27,
37460.888,start,4,62,
37461.125,conflict-at-land,7,60,
37465.495,conflict-at-land,4,62,
37467.36,start,0,59,
37473.416,conflict-at-land,0,59,
37476.125,start,7,60,
37480.495,start,4,62,
37483.014,conflict-at-land,7,60,
37488.076,conflict-at-land,4,62,
37488.416,start,0,59,
37495.13,conflict-at-land,0,59,
37498.014,start,7,60,
37503.076,start,4,62,
37503.703,conflict-at-land,6,6,
37505.503,conflict-at-land,7,60,
37509.057,conflict-at-land,4,62,
37510.13,start,0,59,
37517.061,conflict-at-land,0,59,
37518.703,start,6,6,
37520.503,start,7,60,
37524.057,start,4,62,
37526.494,conflict-at-land,7,60,
37531.03,conflict-at-land,4,62,
37532.061,start,0,59,
37536.398,conflict-at-land,0,59,
37541.494,start,7,60,
37546.03,start,4,62,
37548.241,conflict-at-land,7,60,
37551.398,start,0,59,
37551.991,conflict-at-land,4,62,
37558.316,conflict-at-land,0,59,
37563.241,start,7,60,
37566.991,start,4,62,
37569.143,conflict-at-land,7,60,
37571.297,conflict-at-land,4,62,
37573.316,start,0,59,
37579.981,conflict-at-land,0,59,
37584.143,start,7,60,
37586.297,start,4,62,
37588.413,conflict-at-land,7,60,
37592.688,conflict-at-land,4,62,
37594.981,start,0,59,
37602.369,conflict-at-land,0,59,
37603.413,start,7,60,
37607.688,start,4,62,
37609.538,conflict-at-land,7,60,
37613.302,conflict-at-land,4,62,
37617.369,start,0,59,
37624.202,conflict-at-land,0,59,
37624.538,start,7,60,
37628.302,start,4,62,
37629.023,conflict-at-land,3,27,
37629.482,conflict-at-land,7,60,
37635.751,conflict-at-land,4,62,
37639.202,start,0,59,
37643.498,conflict-at-land,0,59,
37644.023,start,3,27,
37644.482,start,7,60,
37648.82,conflict-at-land,7,60,
37650.751,start,4,62,
37658.152,conflict-at-land,4,62,
37658.498,start,0,59,
37663.728,conflict-at-land,5,53,
37663.82,start,7,60,
37664.229,conflict-at-land,0,59,
37669.961,conflict-at-land,7,60,
37673.152,start,4,62,
37678.447,conflict-at-land,4,62,
37678.728,start,5,53,
37679.229,start,0,59,
37684.961,start,7,60,
37686.91,conflict-at-land,0,59,
37688.711,conflict-at-land,1,25,
37689.71,conflict-at-land,7,60,
37693.447,start,4,62,
37699.582,conflict-at-land,4,62,
37701.91,start,0,59,
37703.711,start,1,25,
37704.71,start,7,60,
37706.636,conflict-at-land,0,59,
37709.129,conflict-at-land,7,60,
37714.582,start,4,62,
37719.969,conflict-at-land,4,62,
37721.636,start,0,59,
37724.129,start,7,60,
37726.618,conflict-at-land,0,59,
37730.981,conflict-at-land,7,60,
37734.969,start,4,62,
37739.91,conflict-at-land,4,62,
37741.618,start,0,59,
37745.981,start,7,60,
37749.012,conflict-at-land,0,59,
37753.081,conflict-at-land,7,60,
37754.91,start,4,62,
37759.525,conflict-at-land,4,62,
37764.012,start,0,59,
37768.081,start,7,60,
37771.701,conflict-at-land,0,59,
37774.525,start,4,62,
37775.431,conflict-at-land,7,60,
37781.379,conflict-at-land,4,62,
37786.701,start,0,59,
37790.431,start,7,60,
37793.516,conflict-at-land,0,59,
37795.709,conflict-at-land,7,60,
37796.379,start,4,62,
37801.437,conflict-at-land,4,62,
37808.516,start,0,59,
37810.709,start,7,60,
37813.845,conflict-at-land,0,59,
37816.437,start,4,62,
37818.48,conflict-at-land,7,60,
37823.528,conflict-at-land,4,62,
37828.845,start,0,59,
37833.48,start,7,60,
37833.662,conflict-at-land,0,59,
37838.528,start,4,62,
37838.536,conflict-at-land,7,60,
37842.387,conflict-at-land,6,6,
37845.103,conflict-at-land,4,62,
37848.662,start,0,59,
37853.536,start,7,60,
37854.613,conflict-at-land,0,59,
37857.387,start,6,6,
37858.663,conflict-at-land,7,60,
37860.103,start,4,62,
37865.23,conflict-at-land,4,62,
37869.613,start,0,59,
37873.663,start,7,60,
37874.964,conflict-at-land,0,59,
37878.809,conflict-at-land,7,60,
37880.23,start,4,62,
37885.528,conflict-at-land,4,62,
37889.964,start,0,59,
37893.809,start,7,60,
37896.379,conflict-at-land,0,59,
37900.528,start,4,62,
37900.81,conflict-at-land,7,60,
37906.809,conflict-at-land,4,62,
37911.379,start,0,59,
37915.81,start,7,60,
37916.016,conflict-at-land,3,27,
37916.758,conflict-at-land,0,59,
37920.613,conflict-at-land,7,60,
37921.809,start,4,62,
37926.269,conflict-at-land,4,62,
37931.016,start,3,27,
37931.758,start,0,59,
37935.613,start,7,60,
37936.698,conflict-at-land,0,59,
37941.269,start,4,62,
37942.076,conflict-at-land,7,60,
37946.728,conflict-at-land,4,62,
37951.698,start,0,59,
37956.242,conflict-at-land,0,59,
37957.076,start,7,60,
37961.728,start,4,62,
37963.697,conflict-at-land,7,60,
37968.03,conflict-at-land,4,62,
37971.242,start,0,59,
37975.586,conflict-at-land,0,59,
37978.697,start,7,60,
37983.03,start,4,62,
37985.25,conflict-at-land,7,60,
37990.532,conflict-at-land,4,62,
37990.586,start,0,59,
37996.111,conflict-at-land,0,59,
38000.25,start,7,60,
38005.532,start,4,62,
38006.067,conflict-at-land,7,60,
38007.538,conflict-at-land,5,53,
38011.111,start,0,59,
38013.179,conflict-at-land,4,62,
38017.913,conflict-at-land,0,59,
38021.067,start,7,60,
38022.538,start,5,53,
38028.179,start,4,62,
38028.365,conflict-at-land,7,60,
38032.913,start,0,59,
38035.229,conflict-at-land,4,62,
38038.282,conflict-at-land,0,59,
38043.365,start,7,60,
38048.177,conflict-at-land,7,60,
38050.229,start,4,62,
38053.282,start,0,59,
38055.483,conflict-at-land,4,62,
38058.384,conflict-at-land,0,59,
38063.177,start,7,60,
38068.332,conflict-at-land,7,60,
38070.483,start,4,62,
38073.384,start,0,59,
38077.872,conflict-at-land,0,59,
38078.079,conflict-at-land,4,62,
38083.332,start,7,60,
38090.254,conflict-at-land,7,60,
38092.872,start,0,59,
38093.079,start,4,62,
38098.117,conflict-at-land,0,59,
38098.715,conflict-at-land,4,62,
38105.098,conflict-at-land,2,66,
38105.254,start,7,60,
38113.04,conflict-at-land,7,60,
38113.117,start,0,59,
38113.715,start,4,62,
38119.432,conflict-at-land,0,59,
38120.098,start,2,66,
38120.229,conflict-at-land,4,62,
38123.801,conflict-at-land,6,6,
38128.04,start,7,60,
38132.469,conflict-at-land,7,60,
38134.432,start,0,59,
38135.229,start,4,62,
38138.801,start,6,6,
38139.799,conflict-at-land,4,62,
38139.859,conflict-at-land,0,59,
38147.469,start,7,60,
38154.111,conflict-at-land,7,60,
38154.799,start,4,62,
38154.859,start,0,59,
38161.087,conflict-at-land,0,59,
38162.053,conflict-at-land,4,62,
38169.111,start,7,60,
38173.555,conflict-at-land,7,60,
38173.555,abandon,7,60,
38173.555,start,7,67,
38176.087,refuse,0,59,
38177.053,start,4,62,
38179.49,conflict-at-land,7,67,
38184.305,conflict-at-land,4,62,
38191.087,start,0,59,
38194.49,refuse,7,67,
38198.685,conflict-at-land,0,59,
38199.305,start,4,62,
38206.588,conflict-at-land,4,62,
38209.49,start,7,67,
38213.685,refuse,0,59,
38213.848,conflict-at-land,7,67,
38214.956,conflict-at-land,3,27,
38221.588,start,4,62,
38228.685,start,0,59,
38228.848,refuse,7,67,
38229.063,conflict-at-land,4,62,
38229.956,start,3,27,
38234.658,conflict-at-land,0,59,
38243.848,start,7,67,
38244.063,start,4,62,
38248.38,conflict-at-land,7,67,
38249.658,start,0,59,
38251.8,conflict-at-land,4,62,
38256.479,conflict-at-land,0,59,
38263.38,start,7,67,
38266.8,start,4,62,
38269.599,conflict-at-land,7,67,
38271.479,start,0,59,
38273.99,conflict-at-land,4,62,
38277.032,conflict-at-land,0,59,
38284.599,start,7,67,
38288.99,start,4,62,
38290.042,conflict-at-land,7,67,
38292.032,start,0,59,
38294.235,conflict-at-land,4,62,
38296.721,conflict-at-land,0,59,
38296.721,abandon,0,59,
38296.721,start,0,68,
38303.625,conflict-at-land,0,68,
38305.042,start,7,67,
38305.06,conflict-at-land,5,53,
38309.235,start,4,62,
38311.313,conflict-at-land,7,67,
38315.797,conflict-at-land,4,62,
38318.625,start,0,68,
38320.06,start,5,53,
38325.671,conflict-at-land,0,68,
38326.313,start,7,67,
38330.797,start,4,62,
38332.22,conflict-at-land,7,67,
38336.839,conflict-at-land,4,62,
38340.671,start,0,68,
38345.789,conflict-at-land,0,68,
38347.22,start,7,67,
38351.839,start,4,62,
38354.652,conflict-at-land,7,67,
38358.763,conflict-at-land,4,62,
38360.789,start,0,68,
38365.984,conflict-at-land,0,68,
38369.652,start,7,67,
38373.763,start,4,62,
38374.7,conflict-at-land,7,67,
38380.984,start,0,68,
38381.045,conflict-at-land,4,62,
38386.119,conflict-at-land,0,68,
38389.7,start,7,67,
38395.474,conflict-at-land,7,67,
38396.045,start,4,62,
38401.055,conflict-at-land,4,62,
38401.119,start,0,68,
38407.068,conflict-at-land,0,68,
38410.474,start,7,67,
38415.182,conflict-at-land,7,67,
38416.055,start,4,62,
38421.381,conflict-at-land,4,62,
38422.068,start,0,68,
38426.608,conflict-at-land,0,68,
38430.182,start,7,67,
38436.381,start,4,62,
38436.651,conflict-at-land,7,67,
38441.608,start,0,68,
38442.822,conflict-at-land,4,62,
38446.789,conflict-at-land,0,68,
38451.651,start,7,67,
38457.822,start,4,62,
38459.046,conflict-at-land,7,67,
38461.789,start,0,68,
38465.495,conflict-at-land,4,62,
38467.877,conflict-at-land,3,27,
38469.397,conflict-at-land,0,68,
38474.046,start,7,67,
38479.217,conflict-at-land,7,67,
38480.495,start,4,62,
38482.877,start,3,27,
38484.397,start,0,68,
38487.427,conflict-at-land,4,62,
38489.037,conflict-at-land,0,68,
38494.217,start,7,67,
38499.862,conflict-at-land,7,67,
38502.427,start,4,62,
38504.037,start,0,68,
38504.497,conflict-at-land,1,25,
38509.841,conflict-at-land,4,62,
38510.456,conflict-at-land,0,68,
38514.862,start,7,67,
38519.255,conflict-at-land,7,67,
38519.497,start,1,25,
38524.841,start,4,62,
38525.456,start,0,68,
38530.835,conflict-at-land,4,62,
38532.941,conflict-at-land,0,68,
38534.255,start,7,67,
38541.333,conflict-at-land,7,67,
38545.835,start,4,62,
38547.941,start,0,68,
38553.176,conflict-at-land,0,68,
38553.504,conflict-at-land,4,62,
38554.838,conflict-at-land,6,6,
38556.333,start,7,67,
38561.318,conflict-at-land,7,67,
38568.176,start,0,68,
38568.504,start,4,62,
38569.838,start,6,6,
38574.31,conflict-at-land,4,62,
38575.194,conflict-at-land,0,68,
38576.318,start,7,67,
38582.961,conflict-at-land,7,67,
38589.31,start,4,62,
38590.194,start,0,68,
38594.633,conflict-at-land,4,62,
38597.11,conflict-at-land,5,53,
38597.84,conflict-at-land,0,68,
38597.961,start,7,67,
38602.297,conflict-at-land,7,67,
38609.633,start,4,62,
38612.11,start,5,53,
38612.84,start,0,68,
38617.275,conflict-at-land,4,62,
38617.297,refuse,7,67,
38619.224,conflict-at-land,0,68,
38632.275,start,4,62,
38632.297,start,7,67,
38634.224,refuse,0,68,
38636.959,conflict-at-land,4,62,
38637.234,conflict-at-land,7,67,
38649.224,start,0,68,
38651.959,start,4,62,
38652.234,refuse,7,67,
38653.612,conflict-at-land,0,68,
38657.983,conflict-at-land,4,62,
38667.234,start,7,67,
38668.612,refuse,0,68,
38671.663,conflict-at-land,7,67,
38672.983,start,4,62,
38680.155,conflict-at-land,4,62,
38683.612,start,0,68,
38686.663,refuse,7,67,
38689.651,conflict-at-land,0,68,
38695.155,start,4,62,
38701.663,start,7,67,
38702.532,conflict-at-land,4,62,
38702.532,abandon,4,62,
38702.532,refuse,4,69,
38704.651,refuse,0,68,
38707.054,conflict-at-land,7,67,
38717.532,start,4,69,
38719.651,refuse,0,68,
38722.054,refuse,7,67,
38731.388,conflict-at-land,3,27,
38734.651,refuse,0,68,
38737.054,refuse,7,67,
38746.388,start,3,27,
38749.651,refuse,0,68,
38752.054,refuse,7,67,
38761.719,land,4,69,
38761.719,start,4,70,
38764.651,refuse,0,68,
38765.997,land,4,70,
38765.997,start,4,71,
38767.054,refuse,7,67,
38775.156,land,4,71,
38775.156,start,4,72,
38779.651,refuse,0,68,
38781.593,land,4,72,
38781.593,start,4,73,
38782.054,refuse,7,67,
38786.49,land,4,73,
38786.49,start,4,74,
38793.77,land,4,74,
38793.77,start,4,75,
38794.651,refuse,0,68,
38797.054,refuse,7,67,
38804.281,land,4,75,
38804.281,start,4,76,
38809.651,refuse,0,68,
38812.054,refuse,7,67,
38819.512,land,4,76,
38819.512,start,4,77,
38824.651,refuse,0,68,
38825.66,land,4,77,
38825.66,start,4,78,
38827.054,refuse,7,67,
38829.034,land,4,78,
38829.034,start,4,79,
38839.651,refuse,0,68,
38842.054,refuse,7,67,
38854.651,refuse,0,68,
38855.301,land,4,79,
38855.301,start,4,80,
38857.054,refuse,7,67,
38865.301,land,4,80,
38865.301,start,4,81,
38869.651,refuse,0,68,
38871.813,land,4,81,
38871.813,start,4,82,
38872.054,refuse,7,67,
38880.253,land,4,82,
38880.253,start,4,83,
38884.651,refuse,0,68,
38886.627,land,4,83,
38886.627,start,4,84,
38887.054,refuse,7,67,
38892.328,land,4,84,
38892.328,start,4,85,
38899.651,refuse,0,68,
38902.054,refuse,7,67,
38905.26,conflict-at-land,4,85,
38914.651,start,0,68,
38917.054,refuse,7,67,
38919.356,conflict-at-land,0,68,
38920.26,start,4,85,
38932.054,refuse,7,67,
38934.356,refuse,0,68,
38935.042,conflict-at-land,4,85,
38947.054,start,7,67,
38949.356,refuse,0,68,
38950.042,refuse,4,85,
38952.669,conflict-at-land,7,67,
38964.356,start,0,68,
38965.042,refuse,4,85,
38967.669,refuse,7,67,
38968.225,conflict-at-land,3,27,
38971.406,conflict-at-land,0,68,
38973.361,conflict-at-land,5,53,
38980.042,start,4,85,
38982.669,refuse,7,67,
38983.225,start,3,27,
38986.406,refuse,0,68,
38988.361,start,5,53,
38994.773,conflict-at-land,4,85,
38997.669,start,7,67,
38998.3,conflict-at-land,6,6,
39001.406,refuse,0,68,
39003.302,conflict-at-land,7,67,
39009.773,start,4,85,
39013.3,start,6,6,
39016.406,refuse,0,68,
39018.302,refuse,7,67,
39021.98,conflict-at-land,4,85,
39031.406,start,0,68,
39033.302,refuse,7,67,
39035.424,conflict-at-land,1,25,
39036.98,refuse,4,85,
39037.188,conflict-at-land,0,68,
39048.302,start,7,67,
39050.424,start,1,25,
39051.98,refuse,4,85,
39052.188,refuse,0,68,
39053.115,conflict-at-land,7,67,
39066.98,start,4,85,
39067.188,refuse,0,68,
39068.115,refuse,7,67,
39081.687,conflict-at-land,4,85,
39082.188,start,0,68,
39083.115,refuse,7,67,
39089.716,conflict-at-land,0,68,
39096.687,start,4,85,
39098.115,refuse,7,67,
39104.716,refuse,0,68,
39111.456,conflict-at-land,4,85,
39113.115,start,7,67,
39118.415,conflict-at-land,7,67,
39119.716,start,0,68,
39125.304,conflict-at-land,0,68,
39126.456,start,4,85,
39133.415,refuse,7,67,
39136.658,conflict-at-land,4,85,
39140.304,start,0,68,
39147.375,conflict-at-land,0,68,
39148.415,start,7,67,
39151.658,refuse,4,85,
39155.753,conflict-at-land,7,67,
39162.375,start,0,68,
39166.658,refuse,4,85,
39167.889,conflict-at-land,0,68,
39170.753,start,7,67,
39172.743,conflict-at-land,3,27,
39177.122,conflict-at-land,7,67,
39181.658,start,4,85,
39182.889,refuse,0,68,
39187.743,start,3,27,
39190.295,conflict-at-land,4,85,
39192.122,start,7,67,
39197.889,refuse,0,68,
39198.467,conflict-at-land,7,67,
39205.295,start,4,85,
39212.889,refuse,0,68,
39213.467,refuse,7,67,
39215.696,conflict-at-land,4,85,
39223.935,conflict-at-land,5,53,
39227.889,start,0,68,
39228.467,refuse,7,67,
39230.696,refuse,4,85,
39233.423,conflict-at-land,0,68,
39238.935,start,5,53,
39243.467,start,7,67,
39245.696,refuse,4,85,
39248.423,refuse,0,68,
39251.175,conflict-at-land,7,67,
39252.204,conflict-at-land,2,66,
39260.696,start,4,85,
39263.423,refuse,0,68,
39266.175,refuse,7,67,
39267.204,start,2,66,
39274.881,conflict-at-land,4,85,
39278.423,start,0,68,
39281.175,refuse,7,67,
39283.844,conflict-at-land,0,68,
39289.881,start,4,85,
39296.175,refuse,7,67,
39298.844,refuse,0,68,
39299.186,conflict-at-land,4,85,
39311.175,start,7,67,
39313.844,refuse,0,68,
39314.186,refuse,4,85,
39315.871,conflict-at-land,7,67,
39328.844,start,0,68,
39329.186,refuse,4,85,
39330.871,refuse,7,67,
39336.345,conflict-at-land,0,68,
39344.186,start,4,85,
39345.871,refuse,7,67,
39346.682,conflict-at-land,3,27,
39351.345,refuse,0,68,
39356.048,conflict-at-land,4,85,
39360.871,start,7,67,
39361.682,start,3,27,
39365.846,conflict-at-land,7,67,
39366.345,start,0,68,
39371.048,refuse,4,85,
39373.736,conflict-at-land,0,68,
39380.846,start,7,67,
39385.75,conflict-at-land,7,67,
39386.048,start,4,85,
39388.736,refuse,0,68,
39400.229,conflict-at-land,4,85,
39400.75,start,7,67,
39403.736,refuse,0,68,
39405.589,conflict-at-land,7,67,
39415.229,start,4,85,
39418.736,refuse,0,68,
39420.589,refuse,7,67,
39424.404,conflict-at-land,4,85,
39433.736,start,0,68,
39435.589,refuse,7,67,
39438.672,conflict-at-land,0,68,
39439.404,start,4,85,
39450.589,refuse,7,67,
39452.608,conflict-at-land,4,85,
39453.543,conflict-at-land,6,6,
39453.672,start,0,68,
39459.515,conflict-at-land,0,68,
39463.017,conflict-at-land,5,53,
39465.589,start,7,67,
39467.608,refuse,4,85,
39468.543,start,6,6,
39471.15,conflict-at-land,7,67,
39474.515,start,0,68,
39478.017,start,5,53,
39479.428,conflict-at-land,0,68,
39482.608,start,4,85,
39486.15,refuse,7,67,
39494.428,refuse,0,68,
39496.247,conflict-at-land,4,85,
39501.15,start,7,67,
39506.425,conflict-at-land,7,67,
39509.428,start,0,68,
39511.247,refuse,4,85,
39513.736,conflict-at-land,0,68,
39521.425,start,7,67,
39526.247,refuse,4,85,
39526.682,conflict-at-land,7,67,
39528.736,start,0,68,
39534.086,conflict-at-land,0,68,
39541.247,start,4,85,
39541.682,refuse,7,67,
39549.086,refuse,0,68,
39550.04,conflict-at-land,4,85,
39556.682,start,7,67,
39560.96,conflict-at-land,7,67,
39564.086,start,0,68,
39565.04,refuse,4,85,
39570.894,conflict-at-land,0,68,
39575.96,start,7,67,
39580.04,refuse,4,85,
39580.163,conflict-at-land,7,67,
39585.894,start,0,68,
39593.65,conflict-at-land,0,68,
39595.04,start,4,85,
39595.163,refuse,7,67,
39603.58,conflict-at-land,4,85,
39608.65,start,0,68,
39610.163,refuse,7,67,
39614.031,conflict-at-land,0,68,
39618.58,start,4,85,
39625.163,refuse,7,67,
39629.031,refuse,0,68,
39631.093,conflict-at-land,4,85,
39634.918,conflict-at-land,3,27,
39640.163,start,7,67,
39644.031,refuse,0,68,
39646.093,refuse,4,85,
39647.544,conflict-at-land,7,67,
39649.918,start,3,27,
39659.031,start,0,68,
39661.093,refuse,4,85,
39662.544,refuse,7,67,
39664.074,conflict-at-land,0,68,
39676.093,start,4,85,
39677.544,refuse,7,67,
39679.074,refuse,0,68,
39691.583,conflict-at-land,4,85,
39692.544,start,7,67,
39694.074,refuse,0,68,
39699.211,conflict-at-land,7,67,
39706.583,start,4,85,
39709.074,refuse,0,68,
39714.211,refuse,7,67,
39715.834,conflict-at-land,4,85,
39724.074,start,0,68,
39729.211,refuse,7,67,
39730.834,refuse,4,85,
39730.996,conflict-at-land,0,68,
39744.211,start,7,67,
39745.834,refuse,4,85,
39745.996,refuse,0,68,
39748.863,conflict-at-land,7,67,
39760.834,start,4,85,
39760.996,refuse,0,68,
39763.863,refuse,7,67,
39772.387,conflict-at-land,4,85,
39775.996,start,0,68,
39778.863,refuse,7,67,
39782.676,conflict-at-land,0,68,
39787.387,start,4,85,
39793.863,refuse,7,67,
39797.676,refuse,0,68,
39797.875,conflict-at-land,4,85,
39808.863,start,7,67,
39812.676,refuse,0,68,
39812.875,refuse,4,85,
39813.083,conflict-at-land,5,53,
39816.147,conflict-at-land,7,67,
39827.676,start,0,68,
39827.875,refuse,4,85,
39828.083,start,5,53,
39829.635,conflict-at-land,3,27,
39831.147,refuse,7,67,
39832.012,conflict-at-land,0,68,
39842.875,start,4,85,
39844.635,start,3,27,
39846.147,refuse,7,67,
39847.012,refuse,0,68,
39855.993,conflict-at-land,4,85,
39861.147,start,7,67,
39862.012,refuse,0,68,
39862.312,conflict-at-land,1,25,
39863.59,conflict-at-land,6,6,
39867.669,conflict-at-land,7,67,
39870.993,start,4,85,
39877.012,refuse,0,68,
39877.312,start,1,25,
39878.59,start,6,6,
39882.669,refuse,7,67,
39884.041,conflict-at-land,4,85,
39892.012,start,0,68,
39897.552,conflict-at-land,0,68,
39897.669,start,7,67,
39899.041,refuse,4,85,
39904.309,conflict-at-land,7,67,
39912.552,start,0,68,
39914.041,refuse,4,85,
39917.075,conflict-at-land,0,68,
39919.309,start,7,67,
39927.043,conflict-at-land,7,67,
39929.041,start,4,85,
39932.075,refuse,0,68,
39940.997,conflict-at-land,4,85,
39942.043,start,7,67,
39947.075,refuse,0,68,
39947.43,conflict-at-land,7,67,
39955.997,start,4,85,
39962.075,refuse,0,68,
39962.43,refuse,7,67,
39965.889,conflict-at-land,4,85,
39977.075,start,0,68,
39977.43,refuse,7,67,
39980.889,refuse,4,85,
39983.803,conflict-at-land,0,68,
39992.43,start,7,67,
39995.889,refuse,4,85,
39998.803,refuse,0,68,
39999.509,conflict-at-land,7,67,
40010.889,start,4,85,
40013.803,refuse,0,68,
40014.509,refuse,7,67,
40021.687,conflict-at-land,4,85,
40028.803,start,0,68,
40029.509,refuse,7,67,
40034.295,conflict-at-land,0,68,
40036.687,start,4,85,
40044.509,refuse,7,67,
40048.527,conflict-at-land,4,85,
40049.295,start,0,68,
40053.638,conflict-at-land,5,53,
40054.053,conflict-at-land,0,68,
40059.509,start,7,67,
40063.527,refuse,4,85,
40067.021,conflict-at-land,7,67,
40068.638,start,5,53,
40069.053,start,0,68,
40075.799,conflict-at-land,0,68,
40078.527,start,4,85,
40082.021,refuse,7,67,
40090.799,refuse,0,68,
40092.922,conflict-at-land,4,85,
40097.021,start,7,67,
40103.984,conflict-at-land,7,67,
40105.799,start,0,68,
40107.922,refuse,4,85,
40110.229,conflict-at-land,0,68,
40118.984,start,7,67,
40122.922,refuse,4,85,
40123.945,conflict-at-land,7,67,
40125.229,start,0,68,
40127.572,conflict-at-land,3,27,
40129.437,conflict-at-land,0,68,
40137.922,start,4,85,
40138.945,refuse,7,67,
40142.572,start,3,27,
40144.437,refuse,0,68,
40152.052,conflict-at-land,4,85,
40153.945,start,7,67,
40159.437,refuse,0,68,
40161.617,conflict-at-land,7,67,
40167.052,start,4,85,
40174.437,refuse,0,68,
40176.221,conflict-at-land,4,85,
40176.617,start,7,67,
40183.765,conflict-at-land,7,67,
40189.437,start,0,68,
40191.221,refuse,4,85,
40194.884,conflict-at-land,0,68,
40196.147,conflict-at-land,6,6,
40198.765,start,7,67,
40205.348,conflict-at-land,7,67,
40206.221,start,4,85,
40209.884,refuse,0,68,
40211.147,start,6,6,
40220.348,refuse,7,67,
40221.592,conflict-at-land,4,85,
40224.884,start,0,68,
40231.641,conflict-at-land,0,68,
40235.348,start,7,67,
40236.592,refuse,4,85,
40239.941,conflict-at-land,7,67,
40246.641,start,0,68,
40250.955,conflict-at-land,0,68,
40251.592,start,4,85,
40254.941,refuse,7,67,
40262.875,conflict-at-land,4,85,
40265.955,start,0,68,
40269.941,refuse,7,67,
40270.657,conflict-at-land,0,68,
40277.875,start,4,85,
40278.448,conflict-at-land,5,53,
40284.941,refuse,7,67,
40285.657,refuse,0,68,
40291.676,conflict-at-land,4,85,
40293.448,start,5,53,
40299.941,start,7,67,
40300.657,refuse,0,68,
40304.991,conflict-at-land,7,67,
40306.676,start,4,85,
40315.657,refuse,0,68,
40315.879,conflict-at-land,4,85,
40319.991,start,7,67,
40325.861,conflict-at-land,7,67,
40330.657,start,0,68,
40330.879,refuse,4,85,
40337.871,conflict-at-land,0,68,
40340.861,start,7,67,
40345.879,refuse,4,85,
40347.472,conflict-at-land,7,67,
40352.871,start,0,68,
40360.161,conflict-at-land,0,68,
40360.879,start,4,85,
40362.472,refuse,7,67,
40372.548,conflict-at-land,4,85,
40375.161,start,0,68,
40377.472,refuse,7,67,
40381.897,conflict-at-land,3,27,
40382.364,conflict-at-land,0,68,
40387.548,start,4,85,
40392.472,refuse,7,67,
40396.897,start,3,27,
40397.364,refuse,0,68,
40398.183,conflict-at-land,4,85,
40407.472,start,7,67,
40412.364,refuse,0,68,
40413.036,conflict-at-land,7,67,
40413.183,start,4,85,
40419.105,conflict-at-land,2,66,
40427.364,refuse,0,68,
40427.886,conflict-at-land,4,85,
40428.036,start,7,67,
40434.105,start,2,66,
40435.134,conflict-at-land,7,67,
40442.364,start,0,68,
40442.886,refuse,4,85,
40447.881,conflict-at-land,0,68,
40450.134,start,7,67,
40455.188,conflict-at-land,7,67,
40457.886,start,4,85,
40462.881,refuse,0,68,
40469.335,conflict-at-land,4,85,
40470.188,start,7,67,
40477.512,conflict-at-land,7,67,
40477.881,start,0,68,
40484.335,refuse,4,85,
40484.45,conflict-at-land,0,68,
40492.512,start,7,67,
40499.087,conflict-at-land,7,67,
40499.335,start,4,85,
40499.45,refuse,0,68,
40504.881,conflict-at-land,6,6,
40510.475,conflict-at-land,4,85,
40514.087,start,7,67,
40514.45,refuse,0,68,
40519.414,conflict-at-land,7,67,
40519.881,start,6,6,
40525.475,start,4,85,
40529.45,refuse,0,68,
40534.414,refuse,7,67,
40534.912,conflict-at-land,4,85,
40544.45,start,0,68,
40549.013,conflict-at-land,0,68,
40549.414,start,7,67,
40549.912,refuse,4,85,
40555.59,conflict-at-land,7,67,
40564.013,start,0,68,
40564.912,refuse,4,85,
40570.59,refuse,7,67,
40571.54,conflict-at-land,0,68,
40579.912,start,4,85,
40585.59,refuse,7,67,
40586.54,refuse,0,68,
40588.312,conflict-at-land,4,85,
40591.996,conflict-at-land,5,53,
40600.59,start,7,67,
40601.54,refuse,0,68,
40603.312,refuse,4,85,
40605.321,conflict-at-land,7,67,
40606.996,start,5,53,
40616.54,start,0,68,
40618.312,refuse,4,85,
40620.321,refuse,7,67,
40622.063,conflict-at-land,0,68,
40632.834,conflict-at-land,1,25,
40633.312,start,4,85,
40635.321,refuse,7,67,
40637.063,refuse,0,68,
40647.36,conflict-at-land,4,85,
40647.834,start,1,25,
40650.321,start,7,67,
40652.063,refuse,0,68,
40656.561,conflict-at-land,7,67,
40662.36,start,4,85,
40667.063,refuse,0,68,
40671.066,conflict-at-land,4,85,
40671.561,start,7,67,
40676.925,conflict-at-land,7,67,
40680.732,conflict-at-land,3,27,
40682.063,start,0,68,
40686.066,refuse,4,85,
40687.249,conflict-at-land,0,68,
40691.925,start,7,67,
40695.732,start,3,27,
40697.831,conflict-at-land,7,67,
40701.066,start,4,85,
40702.249,refuse,0,68,
40709.565,conflict-at-land,4,85,
40712.831,start,7,67,
40717.249,refuse,0,68,
40720.074,conflict-at-land,7,67,
40724.565,start,4,85,
40732.249,refuse,0,68,
40735.074,refuse,7,67,
40736.261,conflict-at-land,4,85,
40747.249,start,0,68,
40750.074,refuse,7,67,
40751.261,refuse,4,85,
40752.896,conflict-at-land,0,68,
40765.074,start,7,67,
40766.261,refuse,4,85,
40767.896,refuse,0,68,
40770.118,conflict-at-land,7,67,
40781.261,start,4,85,
40782.896,refuse,0,68,
40785.118,refuse,7,67,
40790.184,conflict-at-land,4,85,
40797.896,start,0,68,
40800.118,refuse,7,67,
40802.965,conflict-at-land,0,68,
40805.184,start,4,85,
40815.118,refuse,7,67,
40817.965,refuse,0,68,
40819.237,conflict-at-land,4,85,
40830.118,start,7,67,
40832.965,refuse,0,68,
40834.237,refuse,4,85,
40837.495,conflict-at-land,7,67,
40847.965,start,0,68,
40849.237,refuse,4,85,
40852.495,refuse,7,67,
40854.973,conflict-at-land,0,68,
40864.237,start,4,85,
40867.495,refuse,7,67,
40869.973,refuse,0,68,
40878.691,conflict-at-land,3,27,
40879.005,conflict-at-land,4,85,
40882.495,start,7,67,
40884.973,refuse,0,68,
40890.032,conflict-at-land,7,67,
40893.691,start,3,27,
40894.005,start,4,85,
40899.973,refuse,0,68,
40904.96,conflict-at-land,4,85,
40905.032,start,7,67,
40908.201,conflict-at-land,6,6,
40908.622,conflict-at-land,5,53,
40909.713,conflict-at-land,7,67,
40914.973,start,0,68,
40919.96,refuse,4,85,
40922.194,conflict-at-land,0,68,
40923.201,start,6,6,
40923.622,start,5,53,
40924.713,start,7,67,
40929.695,conflict-at-land,7,67,
40934.96,start,4,85,
40937.194,refuse,0,68,
40944.695,refuse,7,67,
40946.182,conflict-at-land,4,85,
40952.194,start,0,68,
40956.481,conflict-at-land,0,68,
40959.695,start,7,67,
40961.182,refuse,4,85,
40965.368,conflict-at-land,7,67,
40971.481,start,0,68,
40976.08,conflict-at-land,0,68,
40976.182,start,4,85,
40980.368,refuse,7,67,
40988.012,conflict-at-land,4,85,
40991.08,start,0,68,
40995.368,refuse,7,67,
40998.791,conflict-at-land,0,68,
41003.012,start,4,85,
41010.368,refuse,7,67,
41013.791,refuse,0,68,
41016.267,conflict-at-land,4,85,
41025.368,start,7,67,
41028.791,refuse,0,68,
41030.785,conflict-at-land,7,67,
41031.267,start,4,85,
41040.364,conflict-at-land,4,85,
41043.791,start,0,68,
41045.785,refuse,7,67,
41048.343,conflict-at-land,0,68,
41055.364,start,4,85,
41060.785,refuse,7,67,
41063.343,refuse,0,68,
41068.524,conflict-at-land,4,85,
41075.785,start,7,67,
41078.343,refuse,0,68,
41080.016,conflict-at-land,7,67,
41083.524,start,4,85,
41093.343,refuse,0,68,
41095.016,refuse,7,67,
41099.103,conflict-at-land,4,85,
41108.343,start,0,68,
41110.016,refuse,7,67,
41113.509,conflict-at-land,0,68,
41114.103,start,4,85,
41117.902,conflict-at-land,3,27,
41125.016,refuse,7,67,
41127.045,conflict-at-land,4,85,
41128.509,start,0,68,
41132.902,start,3,27,
41133.475,conflict-at-land,0,68,
41140.016,start,7,67,
41142.045,refuse,4,85,
41146.82,conflict-at-land,7,67,
41148.475,start,0,68,
41155.914,conflict-at-land,0,68,
41157.045,start,4,85,
41161.82,refuse,7,67,
41170.914,refuse,0,68,
41170.998,conflict-at-land,4,85,
41176.82,start,7,67,
41182.898,conflict-at-land,7,67,
41185.914,start,0,68,
41185.998,refuse,4,85,
41193.028,conflict-at-land,0,68,
41197.898,start,7,67,
41200.998,refuse,4,85,
41203.459,conflict-at-land,7,67,
41208.028,start,0,68,
41212.562,conflict-at-land,0,68,
41215.998,start,4,85,
41218.459,refuse,7,67,
41224.908,conflict-at-land,4,85,
41227.562,start,0,68,
41232.197,conflict-at-land,0,68,
41233.459,start,7,67,
41234.584,conflict-at-land,5,53,
41239.071,conflict-at-land,7,67,
41239.908,start,4,85,
41243.993,conflict-at-land,6,6,
41247.197,refuse,0,68,
41249.584,start,5,53,
41251.585,conflict-at-land,4,85,
41254.071,start,7,67,
41258.993,start,6,6,
41261.122,conflict-at-land,7,67,
41262.197,start,0,68,
41266.585,refuse,4,85,
41267.036,conflict-at-land,0,68,
41276.122,start,7,67,
41280.503,conflict-at-land,7,67,
41281.585,start,4,85,
41282.036,refuse,0,68,
41293.986,conflict-at-land,4,85,
41295.503,start,7,67,
41297.036,refuse,0,68,
41301.238,conflict-at-land,7,67,
41308.986,start,4,85,
41312.036,refuse,0,68,
41316.238,refuse,7,67,
41321.936,conflict-at-land,4,85,
41327.036,start,0,68,
41331.238,refuse,7,67,
41334.349,conflict-at-land,0,68,
41336.936,start,4,85,
41346.238,refuse,7,67,
41349.349,refuse,0,68,
41350.523,conflict-at-land,4,85,
41355.676,conflict-at-land,1,25,
41361.238,start,7,67,
41364.349,refuse,0,68,
41365.523,refuse,4,85,
41367.834,conflict-at-land,7,67,
41370.676,start,1,25,
41379.349,start,0,68,
41380.523,refuse,4,85,
41380.94,conflict-at-land,3,27,
41382.834,refuse,7,67,
41386.263,conflict-at-land,0,68,
41395.523,start,4,85,
41395.94,start,3,27,
41397.834,refuse,7,67,
41401.263,refuse,0,68,
41404.286,conflict-at-land,4,85,
41412.834,start,7,67,
41416.263,refuse,0,68,
41418.162,conflict-at-land,7,67,
41419.286,start,4,85,
41429.939,conflict-at-land,4,85,
41431.263,start,0,68,
41433.162,refuse,7,67,
41436.869,conflict-at-land,0,68,
41438.345,conflict-at-land,2,66,
41444.939,start,4,85,
41448.162,refuse,7,67,
41451.869,refuse,0,68,
41453.345,start,2,66,
41460.178,conflict-at-land,4,85,
41463.162,start,7,67,
41466.869,refuse,0,68,
41470.098,conflict-at-land,7,67,
41475.178,start,4,85,
41481.869,refuse,0,68,
41485.098,refuse,7,67,
41490.76,conflict-at-land,4,85,
41496.869,start,0,68,
41500.098,refuse,7,67,
41501.423,conflict-at-land,0,68,
41505.76,start,4,85,
41515.098,refuse,7,67,
41516.423,refuse,0,68,
41517.89,conflict-at-land,4,85,
41530.098,start,7,67,
41531.423,refuse,0,68,
41532.89,refuse,4,85,
41534.542,conflict-at-land,7,67,
41546.423,start,0,68,
41547.89,refuse,4,85,
41549.542,refuse,7,67,
41551.069,conflict-at-land,0,68,
41562.89,start,4,85,
41564.542,refuse,7,67,
41566.069,refuse,0,68,
41573.21,conflict-at-land,4,85,
41579.542,start,7,67,
41581.069,refuse,0,68,
41587.316,conflict-at-land,7,67,
41588.21,start,4,85,
41596.069,refuse,0,68,
41602.316,refuse,7,67,
41602.33,conflict-at-land,4,85,
41607.297,conflict-at-land,5,53,
41611.069,start,0,68,
41615.278,conflict-at-land,0,68,
41617.316,start,7,67,
41617.33,refuse,4,85,
41622.297,start,5,53,
41624.821,conflict-at-land,7,67,
41630.278,start,0,68,
41632.33,refuse,4,85,
41634.507,conflict-at-land,0,68,
41639.821,start,7,67,
41646.224,conflict-at-land,7,67,
41647.33,start,4,85,
41649.507,refuse,0,68,
41658.361,conflict-at-land,4,85,
41661.224,start,7,67,
41663.077,conflict-at-land,3,27,
41664.507,refuse,0,68,
41667.553,conflict-at-land,7,67,
41673.361,start,4,85,
41678.077,start,3,27,
41679.507,refuse,0,68,
41682.553,refuse,7,67,
41688.481,conflict-at-land,6,6,
41688.871,conflict-at-land,4,85,
41694.507,start,0,68,
41697.553,refuse,7,67,
41699.828,conflict-at-land,0,68,
41703.481,start,6,6,
41703.871,start,4,85,
41712.553,refuse,7,67,
41714.828,refuse,0,68,
41717.53,conflict-at-land,4,85,
41727.553,start,7,67,
41729.828,refuse,0,68,
41732.44,conflict-at-land,7,67,
41732.44,abandon,7,67,
41732.44,start,7,86,
41732.53,refuse,4,85,
41744.828,refuse,0,68,
41747.53,refuse,4,85,
41750.724,conflict-at-land,7,86,
41759.828,start,0,68,
41762.53,refuse,4,85,
41765.383,conflict-at-land,0,68,
41765.724,start,7,86,
41776.36,conflict-at-land,7,86,
41777.53,start,4,85,
41780.383,refuse,0,68,
41791.36,refuse,7,86,
41793.037,conflict-at-land,4,85,
41795.383,start,0,68,
41800.866,conflict-at-land,0,68,
41800.866,abandon,0,68,
41800.866,start,0,87,
41806.36,refuse,7,86,
41807.961,conflict-at-land,0,87,
41808.037,start,4,85,
41820.713,conflict-at-land,4,85,
41821.36,start,7,86,
41822.961,refuse,0,87,
41835.713,refuse,4,85,
41837.961,refuse,0,87,
41838.728,conflict-at-land,7,86,
41848.562,conflict-at-land,3,27,
41850.713,start,4,85,
41852.961,refuse,0,87,
41853.728,refuse,7,86,
41861.553,conflict-at-land,4,85,
41863.562,start,3,27,
41865.479,conflict-at-land,1,25,
41867.961,start,0,87,
41868.728,refuse,7,86,
41876.553,refuse,4,85,
41877.553,conflict-at-land,0,87,
41880.479,start,1,25,
41883.728,start,7,86,
41891.553,refuse,4,85,
41892.553,refuse,0,87,
41899.152,conflict-at-land,7,86,
41906.553,start,4,85,
41907.553,refuse,0,87,
41914.152,refuse,7,86,
41916.402,conflict-at-land,5,53,
41919.812,conflict-at-land,4,85,
41922.553,start,0,87,
41929.152,refuse,7,86,
41931.402,start,5,53,
41933.021,conflict-at-land,0,87,
41934.812,start,4,85,
41944.152,refuse,7,86,
41948.021,refuse,0,87,
41949.989,conflict-at-land,4,85,
41959.152,start,7,86,
41963.021,refuse,0,87,
41964.989,refuse,4,85,
41976.606,conflict-at-land,7,86,
41978.021,start,0,87,
41979.989,refuse,4,85,
41987.116,conflict-at-land,0,87,
41991.606,start,7,86,
41994.989,refuse,4,85,
42002.116,refuse,0,87,
42002.776,conflict-at-land,7,86,
42009.989,start,4,85,
42017.116,refuse,0,87,
42017.776,refuse,7,86,
42020.642,conflict-at-land,4,85,
42032.116,start,0,87,
42032.776,refuse,7,86,
42035.642,refuse,4,85,
42041.715,conflict-at-land,0,87,
42047.776,start,7,86,
42050.198,conflict-at-land,6,6,
42050.642,refuse,4,85,
42054.104,conflict-at-land,3,27,
42056.715,refuse,0,87,
42063.562,conflict-at-land,7,86,
42065.198,start,6,6,
42065.642,start,4,85,
42069.104,start,3,27,
42071.715,refuse,0,87,
42078.562,refuse,7,86,
42079.52,conflict-at-land,4,85,
42086.715,start,0,87,
42093.562,refuse,7,86,
42094.52,refuse,4,85,
42097.965,conflict-at-land,0,87,
42108.562,start,7,86,
42109.52,refuse,4,85,
42112.965,refuse,0,87,
42121.263,conflict-at-land,7,86,
42124.52,start,4,85,
42127.965,refuse,0,87,
42136.263,refuse,7,86,
42139.472,conflict-at-land,4,85,
42142.965,start,0,87,
42151.263,refuse,7,86,
42152.421,conflict-at-land,0,87,
42154.472,start,4,85,
42161.678,conflict-at-land,5,53,
42164.068,conflict-at-land,4,85,
42166.263,start,7,86,
42167.421,refuse,0,87,
42176.678,start,5,53,
42178.587,conflict-at-land,7,86,
42179.068,start,4,85,
42182.421,refuse,0,87,
42187.836,conflict-at-land,4,85,
42193.587,start,7,86,
42197.421,refuse,0,87,
42202.836,refuse,4,85,
42207.639,conflict-at-land,7,86,
42212.421,start,0,87,
42217.836,refuse,4,85,
42221.472,conflict-at-land,0,87,
42222.639,start,7,86,
42228.192,conflict-at-land,3,27,
42232.836,refuse,4,85,
42233.952,conflict-at-land,7,86,
42236.472,start,0,87,
42243.192,start,3,27,
42244.636,conflict-at-land,0,87,
42247.836,start,4,85,
42248.952,refuse,7,86,
42259.636,refuse,0,87,
42262.009,conflict-at-land,4,85,
42263.952,start,7,86,
42274.636,refuse,0,87,
42277.009,refuse,4,85,
42281.386,conflict-at-land,7,86,
42289.636,start,0,87,
42289.903,conflict-at-land,2,66,
42292.009,refuse,4,85,
42296.231,conflict-at-land,0,87,
42296.386,start,7,86,
42304.903,start,2,66,
42307.009,refuse,4,85,
42310.261,conflict-at-land,7,86,
42311.231,start,0,87,
42319.071,conflict-at-land,0,87,
42322.009,start,4,85,
42325.261,refuse,7,86,
42334.071,refuse,0,87,
42337.397,conflict-at-land,4,85,
42340.261,start,7,86,
42347.242,conflict-at-land,6,6,
42349.071,refuse,0,87,
42352.397,refuse,4,85,
42355.934,conflict-at-land,7,86,
42362.242,start,6,6,
42364.071,start,0,87,
42367.397,refuse,4,85,
42370.934,refuse,7,86,
42371.765,conflict-at-land,0,87,
42382.397,start,4,85,
42385.934,refuse,7,86,
42386.765,refuse,0,87,
42393.35,conflict-at-land,4,85,
42400.934,start,7,86,
42401.765,refuse,0,87,
42408.35,refuse,4,85,
42416.765,refuse,0,87,
42419.294,conflict-at-land,7,86,
42423.35,start,4,85,
42424.498,conflict-at-land,5,53,
42431.765,refuse,0,87,
42434.294,refuse,7,86,
42436.601,conflict-at-land,4,85,
42439.498,start,5,53,
42446.765,start,0,87,
42449.294,refuse,7,86,
42451.601,refuse,4,85,
42456.166,conflict-at-land,0,87,
42464.294,start,7,86,
42466.601,refuse,4,85,
42471.166,refuse,0,87,
42475.28,conflict-at-land,7,86,
42481.601,start,4,85,
42483.113,conflict-at-land,3,27,
42486.166,refuse,0,87,
42490.28,refuse,7,86,
42496.869,conflict-at-land,4,85,
42498.113,start,3,27,
42501.166,start,0,87,
42505.28,refuse,7,86,
42508.644,conflict-at-land,0,87,
42511.869,start,4,85,
42520.28,refuse,7,86,
42523.131,conflict-at-land,4,85,
42523.644,start,0,87,
42533.323,conflict-at-land,0,87,
42535.28,start,7,86,
42538.131,refuse,4,85,
42548.323,refuse,0,87,
42551.154,conflict-at-land,7,86,
42553.131,start,4,85,
42563.323,refuse,0,87,
42565.134,conflict-at-land,4,85,
42566.154,start,7,86,
42578.323,refuse,0,87,
42580.134,refuse,4,85,
42582.98,conflict-at-land,7,86,
42593.323,start,0,87,
42595.134,refuse,4,85,
42597.98,refuse,7,86,
42600.028,conflict-at-land,0,87,
42610.134,start,4,85,
42612.98,refuse,7,86,
42615.028,refuse,0,87,
42619.975,conflict-at-land,4,85,
42627.98,start,7,86,
42630.028,refuse,0,87,
42634.975,refuse,4,85,
42641.275,conflict-at-land,7,86,
42645.028,start,0,87,
42649.975,refuse,4,85,
42650.183,conflict-at-land,1,25,
42655.379,conflict-at-land,0,87,
42656.275,start,7,86,
42664.975,refuse,4,85,
42665.183,start,1,25,
42670.379,refuse,0,87,
42671.058,conflict-at-land,3,27,
42671.331,conflict-at-land,7,86,
42679.975,start,4,85,
42685.379,refuse,0,87,
42686.058,start,3,27,
42686.331,refuse,7,86,
42693.51,conflict-at-land,4,85,
42700.379,start,0,87,
42701.331,refuse,7,86,
42708.51,refuse,4,85,
42711.01,conflict-at-land,0,87,
42716.331,start,7,86,
42723.51,refuse,4,85,
42726.01,refuse,0,87,
42728.311,conflict-at-land,7,86,
42733.623,conflict-at-land,6,6,
42738.51,start,4,85,
42741.01,refuse,0,87,
42743.311,refuse,7,86,
42747.069,conflict-at-land,4,85,
42748.623,start,6,6,
42756.01,start,0,87,
42758.311,refuse,7,86,
42762.069,refuse,4,85,
42763.054,conflict-at-land,0,87,
42773.311,start,7,86,
42777.069,refuse,4,85,
42778.054,refuse,0,87,
42782.986,conflict-at-land,5,53,
42791.505,conflict-at-land,7,86,
42792.069,start,4,85,
42793.054,refuse,0,87,
42797.986,start,5,53,
42804.791,conflict-at-land,4,85,
42806.505,start,7,86,
42808.054,refuse,0,87,
42817.567,conflict-at-land,7,86,
42819.791,start,4,85,
42823.054,refuse,0,87,
42832.567,refuse,7,86,
42833.861,conflict-at-land,4,85,
42838.054,start,0,87,
42844.462,conflict-at-land,0,87,
42847.567,start,7,86,
42848.861,refuse,4,85,
42859.462,refuse,0,87,
42863.634,conflict-at-land,7,86,
42863.861,start,4,85,
42874.462,refuse,0,87,
42874.736,conflict-at-land,4,85,
42878.634,start,7,86,
42883.362,conflict-at-land,3,27,
42889.462,refuse,0,87,
42889.736,refuse,4,85,
42894.824,conflict-at-land,7,86,
42898.362,start,3,27,
42904.462,start,0,87,
42904.736,refuse,4,85,
42909.824,refuse,7,86,
42913.561,conflict-at-land,0,87,
42919.736,start,4,85,
42924.824,refuse,7,86,
42928.561,refuse,0,87,
42931.185,conflict-at-land,4,85,
42939.824,start,7,86,
42943.561,refuse,0,87,
42946.185,refuse,4,85,
42950.729,conflict-at-land,7,86,
42958.561,start,0,87,
42961.185,refuse,4,85,
42964.927,conflict-at-land,0,87,
42965.729,start,7,86,
42976.185,refuse,4,85,
42978.205,conflict-at-land,7,86,
42979.927,start,0,87,
42989.203,conflict-at-land,0,87,
42991.185,start,4,85,
42993.205,refuse,7,86,
42999.814,conflict-at-land,4,85,
43004.203,start,0,87,
43008.205,refuse,7,86,
43011.076,conflict-at-land,0,87,
43014.814,start,4,85,
43023.205,refuse,7,86,
43024.269,conflict-at-land,4,85,
43026.076,start,0,87,
43035.538,conflict-at-land,0,87,
43038.205,start,7,86,
43039.269,refuse,4,85,
43050.538,refuse,0,87,
43054.269,refuse,4,85,
43057.191,conflict-at-land,7,86,
43062.651,conflict-at-land,3,27,
43065.538,start,0,87,
43069.269,refuse,4,85,
43072.191,refuse,7,86,
43072.848,conflict-at-land,0,87,
43076.345,conflict-at-land,5,53,
43077.651,start,3,27,
43084.269,start,4,85,
43087.191,refuse,7,86,
43087.848,refuse,0,87,
43091.345,start,5,53,
43093.607,conflict-at-land,4,85,
43102.191,start,7,86,
43102.848,refuse,0,87,
43108.607,refuse,4,85,
43108.607,abandon,4,85,
43108.607,refuse,4,88,
43114.254,conflict-at-land,7,86,
43117.848,start,0,87,
43123.607,refuse,4,88,
43127.664,conflict-at-land,0,87,
43129.254,start,7,86,
43138.607,refuse,4,88,
43142.664,refuse,0,87,
43144.57,conflict-at-land,7,86,
43148.318,conflict-at-land,6,6,
43153.607,start,4,88,
43156.669,conflict-at-land,2,66,
43157.664,refuse,0,87,
43159.57,refuse,7,86,
43161.102,land,4,88,
43161.102,start,4,89,
43163.318,start,6,6,
43171.018,land,4,89,
43171.018,start,4,90,
43171.669,start,2,66,
43172.664,refuse,0,87,
43174.57,refuse,7,86,
43174.837,land,4,90,
43174.837,start,4,91,
43187.664,refuse,0,87,
43189.57,refuse,7,86,
43202.664,refuse,0,87,
43204.57,refuse,7,86,
43217.664,refuse,0,87,
43219.57,refuse,7,86,
43232.664,refuse,0,87,
43234.57,refuse,7,86,
43239.104,conflict-at-land,1,25,
43239.383,conflict-at-land,4,91,
43247.664,start,0,87,
43249.57,refuse,7,86,
43254.104,start,1,25,
43254.383,refuse,4,91,
43259.212,conflict-at-land,0,87,
43264.57,start,7,86,
43269.383,refuse,4,91,
43274.212,refuse,0,87,
43282.162,conflict-at-land,7,86,
43284.383,start,4,91,
43289.212,refuse,0,87,
43295.305,conflict-at-land,3,27,
43297.162,refuse,7,86,
43304.212,refuse,0,87,
43310.305,start,3,27,
43312.162,refuse,7,86,
43319.212,refuse,0,87,
43327.162,refuse,7,86,
43328.674,conflict-at-land,5,53,
43334.212,refuse,0,87,
43342.162,refuse,7,86,
43343.674,start,5,53,
43347.379,conflict-at-land,4,91,
43349.212,start,0,87,
43357.162,refuse,7,86,
43359.782,conflict-at-land,0,87,
43362.379,start,4,91,
43372.162,refuse,7,86,
43374.782,refuse,0,87,
43387.162,refuse,7,86,
43389.782,refuse,0,87,
43402.162,refuse,7,86,
43404.782,refuse,0,87,
43416.287,conflict-at-land,6,6,
43417.162,refuse,7,86,
43419.782,refuse,0,87,
43427.285,conflict-at-land,4,91,
43431.287,start,6,6,
43432.162,start,7,86,
43434.782,refuse,0,87,
43442.285,refuse,4,91,
43447.459,conflict-at-land,7,86,
43449.782,start,0,87,
43457.285,refuse,4,91,
43458.412,conflict-at-land,0,87,
43462.459,start,7,86,
43471.515,conflict-at-land,3,27,
43472.285,refuse,4,91,
43473.412,refuse,0,87,
43481.338,conflict-at-land,7,86,
43486.515,start,3,27,
43487.285,start,4,91,
43488.412,refuse,0,87,
43496.338,refuse,7,86,
43503.412,refuse,0,87,
43511.338,refuse,7,86,
43518.412,refuse,0,87,
43526.338,refuse,7,86,
43533.412,refuse,0,87,
43535.815,conflict-at-land,4,91,
43541.338,start,7,86,
43548.412,refuse,0,87,
43550.815,refuse,4,91,
43555.78,conflict-at-land,7,86,
43563.412,start,0,87,
43565.815,refuse,4,91,
43570.78,refuse,7,86,
43572.639,conflict-at-land,0,87,
43580.815,start,4,91,
43585.78,refuse,7,86,
43587.639,refuse,0,87,
43600.78,refuse,7,86,
43602.639,refuse,0,87,
43615.78,refuse,7,86,
43617.639,refuse,0,87,
43626.758,conflict-at-land,4,91,
43630.78,start,7,86,
43632.639,refuse,0,87,
43641.758,refuse,4,91,
43643.028,conflict-at-land,7,86,
43647.639,start,0,87,
43650.315,conflict-at-land,3,27,
43653.579,conflict-at-land,5,53,
43656.758,refuse,4,91,
43657.801,conflict-at-land,0,87,
43658.028,start,7,86,
43665.315,start,3,27,
43668.579,start,5,53,
43671.758,refuse,4,91,
43672.801,refuse,0,87,
43675.834,conflict-at-land,6,6,
43676.942,conflict-at-land,7,86,
43686.758,start,4,91,
43687.801,refuse,0,87,
43690.834,start,6,6,
43691.942,refuse,7,86,
43702.801,refuse,0,87,
43706.942,refuse,7,86,
43717.801,refuse,0,87,
43721.942,refuse,7,86,
43732.801,refuse,0,87,
43736.942,refuse,7,86,
43737.271,conflict-at-land,4,91,
43747.801,start,0,87,
43751.942,refuse,7,86,
43752.271,refuse,4,91,
43759.354,conflict-at-land,0,87,
43766.942,start,7,86,
43767.271,refuse,4,91,
43774.354,refuse,0,87,
43782.271,refuse,4,91,
43783.4,conflict-at-land,7,86,
43789.354,start,0,87,
43797.271,refuse,4,91,
43798.4,refuse,7,86,
43801.046,conflict-at-land,0,87,
43812.271,start,4,91,
43813.4,refuse,7,86,
43816.046,refuse,0,87,
43828.4,refuse,7,86,
43831.046,refuse,0,87,
43843.4,refuse,7,86,
43846.046,refuse,0,87,
43858.4,refuse,7,86,
43861.046,refuse,0,87,
43862.296,conflict-at-land,3,27,
43873.4,refuse,7,86,
43876.046,refuse,0,87,
43877.296,start,3,27,
43879.989,conflict-at-land,4,91,
43888.4,start,7,86,
43891.046,refuse,0,87,
43894.989,refuse,4,91,
43905.161,conflict-at-land,7,86,
43906.046,start,0,87,
43909.989,refuse,4,91,
43915.704,conflict-at-land,0,87,
43920.161,start,7,86,
43924.989,refuse,4,91,
43930.704,refuse,0,87,
43931.968,conflict-at-land,1,25,
43939.424,conflict-at-land,7,86,
43939.989,start,4,91,
43945.704,refuse,0,87,
43946.968,start,1,25,
43954.424,refuse,7,86,
43960.704,refuse,0,87,
43969.424,refuse,7,86,
43971.22,conflict-at-land,6,6,
43971.741,conflict-at-land,5,53,
43975.704,refuse,0,87,
43979.369,conflict-at-land,4,91,
43984.424,start,7,86,
43986.22,start,6,6,
43986.741,start,5,53,
43990.704,refuse,0,87,
43994.369,refuse,4,91,
44002.73,conflict-at-land,7,86,
44005.704,start,0,87,
44009.369,refuse,4,91,
44014.105,conflict-at-land,0,87,
44017.73,start,7,86,
44024.369,refuse,4,91,
44029.105,refuse,0,87,
44033.591,conflict-at-land,7,86,
44039.369,start,4,91,
44044.105,refuse,0,87,
44048.591,refuse,7,86,
44051.006,conflict-at-land,2,66,
44059.105,refuse,0,87,
44063.591,refuse,7,86,
44066.006,start,2,66,
44074.105,refuse,0,87,
44078.591,refuse,7,86,
44089.105,refuse,0,87,
44093.591,refuse,7,86,
44095.473,conflict-at-land,3,27,
44104.105,refuse,0,87,
44108.106,conflict-at-land,4,91,
44108.591,start,7,86,
44110.473,start,3,27,
44119.105,refuse,0,87,
44121.157,conflict-at-land,7,86,
44123.106,start,4,91,
44134.105,refuse,0,87,
44136.157,refuse,7,86,
44149.105,refuse,0,87,
44151.157,refuse,7,86,
44164.105,refuse,0,87,
44166.157,refuse,7,86,
44166.835,conflict-at-land,4,91,
44179.105,start,0,87,
44181.157,refuse,7,86,
44181.835,refuse,4,91,
44187.629,conflict-at-land,0,87,
44195.574,conflict-at-land,5,53,
44196.157,start,7,86,
44196.835,refuse,4,91,
44202.629,refuse,0,87,
44210.574,start,5,53,
44211.835,refuse,4,91,
44214.343,conflict-at-land,7,86,
44217.629,start,0,87,
44225.486,conflict-at-land,0,87,
44226.835,start,4,91,
44229.343,refuse,7,86,
44240.486,refuse,0,87,
44244.343,refuse,7,86,
44255.486,refuse,0,87,
44259.343,refuse,7,86,
44270.486,refuse,0,87,
44274.343,refuse,7,86,
44285.486,refuse,0,87,
44289.343,refuse,7,86,
44295.174,conflict-at-land,4,91,
44300.486,start,0,87,
44301.774,conflict-at-land,3,27,
44304.343,refuse,7,86,
44309.031,conflict-at-land,6,6,
44309.296,conflict-at-land,0,87,
44310.174,start,4,91,
44316.774,start,3,27,
44319.343,refuse,7,86,
44324.031,start,6,6,
44324.296,refuse,0,87,
44334.343,refuse,7,86,
44339.296,refuse,0,87,
44349.343,refuse,7,86,
44353.732,conflict-at-land,4,91,
44354.296,start,0,87,
44364.143,conflict-at-land,0,87,
44364.343,start,7,86,
44368.732,refuse,4,91,
44375.321,conflict-at-land,7,86,
44379.143,start,0,87,
44383.732,refuse,4,91,
44388.455,conflict-at-land,0,87,
44390.321,start,7,86,
44398.732,refuse,4,91,
44403.455,refuse,0,87,
44407.625,conflict-at-land,7,86,
44413.732,start,4,91,
44418.455,refuse,0,87,
44422.625,refuse,7,86,
44433.455,refuse,0,87,
44437.625,refuse,7,86,
44448.455,refuse,0,87,
44452.625,refuse,7,86,
44460.274,conflict-at-land,4,91,
44463.455,start,0,87,
44467.625,refuse,7,86,
44471.687,conflict-at-land,0,87,
44475.274,start,4,91,
44482.625,refuse,7,86,
44486.687,refuse,0,87,
44496.42,conflict-at-land,5,53,
44497.625,refuse,7,86,
44501.687,refuse,0,87,
44511.42,start,5,53,
44512.625,refuse,7,86,
44516.687,refuse,0,87,
44527.625,refuse,7,86,
44531.687,refuse,0,87,
44536.605,conflict-at-land,4,91,
44542.625,start,7,86,
44546.687,refuse,0,87,
44551.605,refuse,4,91,
44560.097,conflict-at-land,7,86,
44561.687,start,0,87,
44566.605,refuse,4,91,
44570.324,conflict-at-land,0,87,
44571.74,conflict-at-land,3,27,
44575.097,start,7,86,
44581.605,refuse,4,91,
44585.324,refuse,0,87,
44586.74,start,3,27,
44594.055,conflict-at-land,7,86,
44594.628,conflict-at-land,6,6,
44596.605,start,4,91,
44600.324,refuse,0,87,
44609.055,refuse,7,86,
44609.628,start,6,6,
44615.324,refuse,0,87,
44624.055,refuse,7,86,
44630.324,refuse,0,87,
44639.055,refuse,7,86,
44641.023,conflict-at-land,1,25,
44645.324,refuse,0,87,
44647.645,conflict-at-land,4,91,
44654.055,start,7,86,
44656.023,start,1,25,
44660.324,refuse,0,87,
44662.645,refuse,4,91,
44671.232,conflict-at-land,7,86,
44675.324,start,0,87,
44677.645,refuse,4,91,
44685.794,conflict-at-land,0,87,
44686.232,start,7,86,
44692.645,refuse,4,91,
44700.794,refuse,0,87,
44705.204,conflict-at-land,7,86,
44707.645,start,4,91,
44715.794,refuse,0,87,
44720.204,refuse,7,86,
44730.794,refuse,0,87,
44735.204,refuse,7,86,
44745.794,refuse,0,87,
44750.204,refuse,7,86,
44755.596,conflict-at-land,4,91,
44760.794,start,0,87,
44765.204,refuse,7,86,
44769.211,conflict-at-land,0,87,
44770.596,start,4,91,
44780.204,refuse,7,86,
44784.211,refuse,0,87,
44795.204,refuse,7,86,
44799.211,refuse,0,87,
44808.083,conflict-at-land,3,27,
44810.204,refuse,7,86,
44814.211,refuse,0,87,
44823.083,start,3,27,
44825.204,refuse,7,86,
44829.211,refuse,0,87,
44830.426,conflict-at-land,2,66,
44831.72,conflict-at-land,4,91,
44840.204,start,7,86,
44840.895,conflict-at-land,5,53,
44844.211,refuse,0,87,
44845.426,start,2,66,
44846.72,refuse,4,91,
44855.895,start,5,53,
44859.02,conflict-at-land,7,86,
44859.211,start,0,87,
44861.72,refuse,4,91,
44868.956,conflict-at-land,0,87,
44874.02,start,7,86,
44874.559,conflict-at-land,6,6,
44876.72,refuse,4,91,
44883.956,refuse,0,87,
44889.559,start,6,6,
44891.72,refuse,4,91,
44891.854,conflict-at-land,7,86,
44898.956,start,0,87,
44906.64,conflict-at-land,0,87,
44906.72,start,4,91,
44906.854,refuse,7,86,
44921.64,refuse,0,87,
44921.854,refuse,7,86,
44936.64,refuse,0,87,
44936.854,refuse,7,86,
44951.64,refuse,0,87,
44951.854,refuse,7,86,
44957.937,conflict-at-land,4,91,
44966.64,start,0,87,
44966.854,refuse,7,86,
44972.937,refuse,4,91,
44975.9,conflict-at-land,0,87,
44981.854,start,7,86,
44987.937,refuse,4,91,
44990.9,refuse,0,87,
44994.583,conflict-at-land,7,86,
45002.937,start,4,91,
45005.9,refuse,0,87,
45009.583,refuse,7,86,
45020.9,refuse,0,87,
45024.583,refuse,7,86,
45035.9,refuse,0,87,
45039.583,refuse,7,86,
45042.982,conflict-at-land,4,91,
45050.9,start,0,87,
45054.583,refuse,7,86,
45057.982,refuse,4,91,
45060.037,conflict-at-land,0,87,
45069.583,start,7,86,
45072.982,refuse,4,91,
45075.037,refuse,0,87,
45082.392,conflict-at-land,7,86,
45087.982,start,4,91,
45090.037,refuse,0,87,
45093.371,conflict-at-land,3,27,
45097.392,refuse,7,86,
45100.023,conflict-at-land,5,53,
45105.037,refuse,0,87,
45108.371,start,3,27,
45112.392,refuse,7,86,
45115.023,start,5,53,
45120.037,refuse,0,87,
45127.392,refuse,7,86,
45135.037,refuse,0,87,
45142.392,refuse,7,86,
45144.056,conflict-at-land,4,91,
45150.037,start,0,87,
45157.392,refuse,7,86,
45159.056,refuse,4,91,
45161.301,conflict-at-land,0,87,
45172.392,start,7,86,
45174.056,refuse,4,91,
45176.301,refuse,0,87,
45183.832,conflict-at-land,7,86,
45189.056,start,4,91,
45191.301,refuse,0,87,
45198.832,refuse,7,86,
45206.301,refuse,0,87,
45213.832,refuse,7,86,
45221.301,refuse,0,87,
45228.832,refuse,7,86,
45236.301,refuse,0,87,
45236.527,conflict-at-land,4,91,
45243.832,start,7,86,
45251.301,refuse,0,87,
45251.301,abandon,0,87,
45251.301,refuse,0,92,
45251.527,refuse,4,91,
45254.544,conflict-at-land,7,86,
45266.301,start,0,92,
45266.527,refuse,4,91,
45269.544,refuse,7,86,
45272.783,land,0,92,
45272.783,start,0,93,
45281.527,refuse,4,91,
45283.684,conflict-at-land,0,93,
45284.544,start,7,86,
45296.527,refuse,4,91,
45298.684,refuse,0,93,
45302.562,conflict-at-land,3,27,
45302.668,conflict-at-land,7,86,
45305.985,conflict-at-land,6,6,
45311.527,start,4,91,
45313.684,refuse,0,93,
45317.562,start,3,27,
45317.668,refuse,7,86,
45320.985,start,6,6,
45322.322,conflict-at-land,1,25,
45328.684,refuse,0,93,
45332.668,refuse,7,86,
45337.322,start,1,25,
45343.684,refuse,0,93,
45347.668,refuse,7,86,
45358.684,refuse,0,93,
45362.668,refuse,7,86,
45373.684,refuse,0,93,
45377.668,refuse,7,86,
45380.985,conflict-at-land,4,91,
45388.684,start,0,93,
45392.668,refuse,7,86,
45395.985,refuse,4,91,
45398.956,conflict-at-land,0,93,
45405.056,conflict-at-land,5,53,
45407.668,start,7,86,
45410.985,refuse,4,91,
45413.956,refuse,0,93,
45420.056,start,5,53,
45425.985,refuse,4,91,
45426.019,conflict-at-land,7,86,
45428.956,start,0,93,
45436.23,conflict-at-land,0,93,
45440.985,start,4,91,
45441.019,refuse,7,86,
45451.23,refuse,0,93,
45456.019,refuse,7,86,
45466.23,refuse,0,93,
45471.019,refuse,7,86,
45481.23,refuse,0,93,
45486.019,refuse,7,86,
45492.357,conflict-at-land,4,91,
45496.23,start,0,93,
45496.647,conflict-at-land,3,27,
45501.019,refuse,7,86,
45505.506,conflict-at-land,0,93,
45507.357,start,4,91,
45511.647,start,3,27,
45516.019,refuse,7,86,
45520.506,refuse,0,93,
45531.019,refuse,7,86,
45535.506,refuse,0,93,
45546.019,refuse,7,86,
45550.506,refuse,0,93,
45561.019,refuse,7,86,
45565.506,refuse,0,93,
45569.441,conflict-at-land,4,91,
45576.019,start,7,86,
45580.506,refuse,0,93,
45584.441,refuse,4,91,
45586.059,conflict-at-land,6,6,
45594.856,conflict-at-land,7,86,
45595.506,start,0,93,
45599.441,refuse,4,91,
45601.059,start,6,6,
45606.803,conflict-at-land,0,93,
45609.856,start,7,86,
45614.441,refuse,4,91,
45621.803,refuse,0,93,
45626.214,conflict-at-land,7,86,
45629.441,start,4,91,
45636.803,refuse,0,93,
45641.214,refuse,7,86,
45641.214,abandon,7,86,
45641.214,refuse,7,94,
45651.803,refuse,0,93,
45656.214,refuse,7,94,
45666.803,refuse,0,93,
45671.214,refuse,7,94,
45680.885,conflict-at-land,4,91,
45681.803,start,0,93,
45686.214,refuse,7,94,
45691.907,conflict-at-land,0,93,
45695.885,start,4,91,
45701.214,refuse,7,94,
45706.907,refuse,0,93,
45716.214,refuse,7,94,
45720.912,conflict-at-land,2,66,
45721.907,refuse,0,93,
45731.214,refuse,7,94,
45735.912,start,2,66,
45736.907,refuse,0,93,
45737.628,conflict-at-land,5,53,
45745.695,conflict-at-land,4,91,
45746.214,start,7,94,
45751.907,refuse,0,93,
45752.628,start,5,53,
45759.374,land,7,94,
45759.374,start,7,95,
45760.695,refuse,4,91,
45766.907,refuse,0,93,
45775.695,refuse,4,91,
45776.53,conflict-at-land,3,27,
45778.339,land,7,95,
45778.339,start,7,96,
45781.907,refuse,0,93,
45790.695,refuse,4,91,
45791.53,start,3,27,
45796.907,refuse,0,93,
45799.592,land,7,96,
45799.592,start,7,97,
45805.695,refuse,4,91,
45807.265,land,7,97,
45807.265,start,7,98,
45811.907,refuse,0,93,
45813.112,conflict-at-land,7,98,
45820.695,start,4,91,
45826.907,refuse,0,93,
45828.112,refuse,7,98,
45841.907,refuse,0,93,
45843.112,refuse,7,98,
45856.907,refuse,0,93,
45858.112,refuse,7,98,
45871.907,refuse,0,93,
45873.112,refuse,7,98,
45876.429,conflict-at-land,4,91,
45886.907,start,0,93,
45888.112,refuse,7,98,
45891.429,refuse,4,91,
45896.891,conflict-at-land,0,93,
45903.112,start,7,98,
45906.429,refuse,4,91,
45909.458,conflict-at-land,7,98,
45911.891,start,0,93,
45921.429,refuse,4,91,
45922.098,conflict-at-land,0,93,
45924.458,start,7,98,
45929.041,conflict-at-land,7,98,
45936.429,start,4,91,
45937.098,refuse,0,93,
45944.041,refuse,7,98,
45952.098,refuse,0,93,
45959.041,refuse,7,98,
45967.098,refuse,0,93,
45974.041,refuse,7,98,
45974.64,conflict-at-land,6,6,
45982.098,refuse,0,93,
45988.511,conflict-at-land,4,91,
45989.041,start,7,98,
45989.64,start,6,6,
45995.038,conflict-at-land,7,98,
45997.098,start,0,93,
46003.511,refuse,4,91,
46006.849,conflict-at-land,0,93,
46010.038,start,7,98,
46014.996,conflict-at-land,7,98,
46018.511,start,4,91,
46021.849,refuse,0,93,
46029.996,refuse,7,98,
46032.669,conflict-at-land,3,27,
46036.849,refuse,0,93,
46044.856,conflict-at-land,5,53,
46044.996,refuse,7,98,
46047.669,start,3,27,
46051.849,refuse,0,93,
46059.856,start,5,53,
46059.996,refuse,7,98,
46064.548,conflict-at-land,4,91,
46066.849,start,0,93,
46074.581,conflict-at-land,0,93,
46074.996,start,7,98,
46079.548,refuse,4,91,
46081.63,conflict-at-land,7,98,
46083.046,conflict-at-land,1,25,
46089.581,start,0,93,
46094.548,refuse,4,91,
46096.63,refuse,7,98,
46098.046,start,1,25,
46098.086,conflict-at-land,0,93,
46109.548,start,4,91,
46111.63,refuse,7,98,
46113.086,refuse,0,93,
46126.63,refuse,7,98,
46128.086,refuse,0,93,
46141.63,refuse,7,98,
46143.086,refuse,0,93,
46156.63,refuse,7,98,
46158.086,refuse,0,93,
46163.776,conflict-at-land,4,91,
46171.63,start,7,98,
46173.086,refuse,0,93,
46178.707,conflict-at-land,7,98,
46178.776,start,4,91,
46188.086,refuse,0,93,
46193.707,refuse,7,98,
46203.086,refuse,0,93,
46208.707,refuse,7,98,
46218.086,refuse,0,93,
46218.244,conflict-at-land,3,27,
46223.707,refuse,7,98,
46233.086,refuse,0,93,
46233.244,start,3,27,
46237.895,conflict-at-land,4,91,
46238.707,start,7,98,
46244.206,conflict-at-land,7,98,
46248.086,start,0,93,
46252.895,refuse,4,91,
46256.141,conflict-at-land,0,93,
46259.206,start,7,98,
46266.491,conflict-at-land,7,98,
46267.895,start,4,91,
46271.141,refuse,0,93,
46281.491,refuse,7,98,
46286.141,refuse,0,93,
46295.923,conflict-at-land,5,53,
46296.491,refuse,7,98,
46301.141,refuse,0,93,
46310.923,start,5,53,
46311.491,refuse,7,98,
46316.141,refuse,0,93,
46326.491,refuse,7,98,
46326.554,conflict-at-land,4,91,
46331.141,start,0,93,
46341.491,refuse,7,98,
46341.554,refuse,4,91,
46341.905,conflict-at-land,0,93,
46356.491,start,7,98,
46356.554,refuse,4,91,
46356.905,refuse,0,93,
46361.486,conflict-at-land,7,98,
46371.554,start,4,91,
46371.905,refuse,0,93,
46376.486,refuse,7,98,
46386.905,refuse,0,93,
46391.486,refuse,7,98,
46401.905,refuse,0,93,
46403.691,conflict-at-land,6,6,
46406.486,refuse,7,98,
46415.987,conflict-at-land,4,91,
46416.905,start,0,93,
46418.691,start,6,6,
46421.486,refuse,7,98,
46426.34,conflict-at-land,0,93,
46430.987,start,4,91,
46436.486,refuse,7,98,
46441.34,refuse,0,93,
46451.486,refuse,7,98,
46456.34,refuse,0,93,
46466.486,refuse,7,98,
46471.34,refuse,0,93,
46481.486,refuse,7,98,
46481.906,conflict-at-land,4,91,
46486.34,start,0,93,
46492.658,conflict-at-land,0,93,
46496.486,start,7,98,
46496.906,refuse,4,91,
46502.79,conflict-at-land,7,98,
46505.819,conflict-at-land,3,27,
46507.658,start,0,93,
46511.906,refuse,4,91,
46517.79,refuse,7,98,
46518.8,conflict-at-land,0,93,
46520.819,start,3,27,
46526.906,start,4,91,
46532.79,refuse,7,98,
46533.8,refuse,0,93,
46547.79,refuse,7,98,
46548.8,refuse,0,93,
46562.79,refuse,7,98,
46563.8,refuse,0,93,
46565.294,conflict-at-land,4,91,
46577.79,start,7,98,
46578.8,refuse,0,93,
46580.294,refuse,4,91,
46583.185,conflict-at-land,7,98,
46587.41,conflict-at-land,5,53,
46593.8,start,0,93,
46595.294,refuse,4,91,
46598.185,refuse,7,98,
46602.41,start,5,53,
46605.479,conflict-at-land,0,93,
46610.294,start,4,91,
46613.185,refuse,7,98,
46620.479,refuse,0,93,
46628.185,refuse,7,98,
46635.479,refuse,0,93,
46643.185,refuse,7,98,
46650.479,refuse,0,93,
46658.185,refuse,7,98,
46665.479,refuse,0,93,
46670.424,conflict-at-land,4,91,
46673.185,start,7,98,
46677.954,conflict-at-land,7,98,
46680.479,start,0,93,
46685.424,refuse,4,91,
46690.239,conflict-at-land,0,93,
46692.954,start,7,98,
46698.956,conflict-at-land,7,98,
46700.424,start,4,91,
46705.239,refuse,0,93,
46713.956,refuse,7,98,
46720.239,refuse,0,93,
46728.956,refuse,7,98,
46735.239,refuse,0,93,
46739.799,conflict-at-land,4,91,
46743.956,start,7,98,
46750.239,refuse,0,93,
46751.739,conflict-at-land,7,98,
46753.246,conflict-at-land,3,27,
46754.799,start,4,91,
46765.239,refuse,0,93,
46766.739,refuse,7,98,
46768.246,start,3,27,
46780.239,refuse,0,93,
46781.739,refuse,7,98,
46795.239,refuse,0,93,
46796.739,refuse,7,98,
46799.413,conflict-at-land,4,91,
46810.239,start,0,93,
46811.739,refuse,7,98,
46814.413,refuse,4,91,
46817.963,conflict-at-land,0,93,
46822.653,conflict-at-land,6,6,
46826.739,start,7,98,
46829.413,refuse,4,91,
46832.963,refuse,0,93,
46833.411,conflict-at-land,7,98,
46837.653,start,6,6,
46844.413,start,4,91,
46847.963,refuse,0,93,
46848.411,refuse,7,98,
46854.967,conflict-at-land,5,53,
46862.963,refuse,0,93,
46863.411,refuse,7,98,
46869.967,start,5,53,
46877.963,refuse,0,93,
46878.411,refuse,7,98,
46885.528,conflict-at-land,4,91,
46892.963,start,0,93,
46893.411,refuse,7,98,
46900.528,refuse,4,91,
46904.585,conflict-at-land,0,93,
46908.411,start,7,98,
46908.913,conflict-at-land,2,66,
46913.356,conflict-at-land,7,98,
46915.528,start,4,91,
46919.585,refuse,0,93,
46923.913,start,2,66,
46928.356,refuse,7,98,
46934.585,refuse,0,93,
46942.415,conflict-at-land,1,25,
46943.356,refuse,7,98,
46949.585,refuse,0,93,
46957.415,start,1,25,
46958.356,refuse,7,98,
46964.585,refuse,0,93,
46973.356,refuse,7,98,
46979.585,refuse,0,93,
46982.315,conflict-at-land,4,91,
46985.988,conflict-at-land,3,27,
46988.356,start,7,98,
46992.977,conflict-at-land,7,98,
46994.585,start,0,93,
46997.315,refuse,4,91,
47000.988,start,3,27,
47001.807,conflict-at-land,0,93,
47007.977,start,7,98,
47012.315,refuse,4,91,
47014.17,conflict-at-land,7,98,
47016.807,start,0,93,
47025.568,conflict-at-land,0,93,
47027.315,start,4,91,
47029.17,refuse,7,98,
47040.568,refuse,0,93,
47044.17,refuse,7,98,
47055.568,refuse,0,93,
47059.17,refuse,7,98,
47070.568,refuse,0,93,
47074.17,refuse,7,98,
47085.568,refuse,0,93,
47089.17,refuse,7,98,
47090.272,conflict-at-land,4,91,
47100.568,start,0,93,
47104.17,refuse,7,98,
47105.272,refuse,4,91,
47112.072,conflict-at-land,0,93,
47119.17,start,7,98,
47120.272,refuse,4,91,
47121.224,conflict-at-land,6,6,
47126.276,conflict-at-land,7,98,
47127.072,start,0,93,
47134.504,conflict-at-land,0,93,
47135.272,start,4,91,
47136.224,start,6,6,
47141.276,refuse,7,98,
47149.504,refuse,0,93,
47156.276,refuse,7,98,
47164.504,refuse,0,93,
47171.276,refuse,7,98,
47179.504,refuse,0,93,
47186.276,refuse,7,98,
47194.504,refuse,0,93,
47200.159,conflict-at-land,4,91,
47201.276,start,7,98,
47208.187,conflict-at-land,7,98,
47209.504,start,0,93,
47215.159,refuse,4,91,
47219.193,conflict-at-land,0,93,
47220.046,conflict-at-land,5,53,
47223.187,start,7,98,
47230.159,refuse,4,91,
47230.976,conflict-at-land,7,98,
47234.193,start,0,93,
47235.046,start,5,53,
47242.788,conflict-at-land,0,93,
47245.159,start,4,91,
47245.976,refuse,7,98,
47249.797,conflict-at-land,3,27,
47257.788,refuse,0,93,
47260.976,refuse,7,98,
47264.797,start,3,27,
47272.788,refuse,0,93,
47275.976,refuse,7,98,
47287.788,refuse,0,93,
47290.976,refuse,7,98,
47302.788,refuse,0,93,
47305.976,refuse,7,98,
47308.115,conflict-at-land,4,91,
47317.788,start,0,93,
47320.976,refuse,7,98,
47323.115,refuse,4,91,
47326.559,conflict-at-land,0,93,
47335.976,start,7,98,
47338.115,refuse,4,91,
47341.346,conflict-at-land,7,98,
47341.559,start,0,93,
47352.338,conflict-at-land,0,93,
47353.115,start,4,91,
47356.346,refuse,7,98,
47367.338,refuse,0,93,
47371.346,refuse,7,98,
47382.338,refuse,0,93,
47386.346,refuse,7,98,
47397.338,refuse,0,93,
47401.346,refuse,7,98,
47401.844,conflict-at-land,4,91,
47412.338,start,0,93,
47416.346,refuse,7,98,
47416.844,refuse,4,91,
47419.295,conflict-at-land,0,93,
47431.346,start,7,98,
47431.844,refuse,4,91,
47434.295,refuse,0,93,
47436.327,conflict-at-land,7,98,
47446.844,start,4,91,
47449.295,refuse,0,93,
47451.327,refuse,7,98,
47464.295,refuse,0,93,
47466.327,refuse,7,98,
47479.295,refuse,0,93,
47481.327,refuse,7,98,
47494.295,refuse,0,93,
47496.327,refuse,7,98,
47508.338,conflict-at-land,4,91,
47509.295,start,0,93,
47511.327,refuse,7,98,
47515.842,conflict-at-land,0,93,
47517.446,conflict-at-land,3,27,
47523.338,start,4,91,
47526.327,refuse,7,98,
47530.842,refuse,0,93,
47532.446,start,3,27,
47541.327,refuse,7,98,
47545.842,refuse,0,93,
47556.327,refuse,7,98,
47560.842,refuse,0,93,
47563.767,conflict-at-land,4,91,
47571.327,start,7,98,
47573.358,conflict-at-land,6,6,
47575.842,refuse,0,93,
47577.157,conflict-at-land,7,98,
47578.767,start,4,91,
47588.358,start,6,6,
47590.842,refuse,0,93,
47592.157,refuse,7,98,
47597.653,conflict-at-land,5,53,
47605.842,refuse,0,93,
47607.157,refuse,7,98,
47612.653,start,5,53,
47619.021,conflict-at-land,4,91,
47620.842,start,0,93,
47622.157,refuse,7,98,
47624.727,conflict-at-land,2,66,
47631.593,conflict-at-land,0,93,
47634.021,start,4,91,
47637.157,refuse,7,98,
47639.727,start,2,66,
47646.593,refuse,0,93,
47652.157,refuse,7,98,
47661.593,refuse,0,93,
47667.157,refuse,7,98,
47674.518,conflict-at-land,4,91,
47676.593,start,0,93,
47682.157,refuse,7,98,
47682.905,conflict-at-land,0,93,
47689.518,start,4,91,
47697.157,refuse,7,98,
47697.905,refuse,0,93,
47712.157,refuse,7,98,
47712.905,refuse,0,93,
47727.157,refuse,7,98,
47727.905,refuse,0,93,
47742.157,refuse,7,98,
47742.905,refuse,0,93,
47757.157,refuse,7,98,
47757.905,refuse,0,93,
47758.323,conflict-at-land,4,91,
47772.157,start,7,98,
47772.905,refuse,0,93,
47773.323,refuse,4,91,
47776.479,conflict-at-land,3,27,
47777.448,conflict-at-land,7,98,
47787.905,start,0,93,
47788.323,refuse,4,91,
47791.479,start,3,27,
47792.448,refuse,7,98,
47796.481,conflict-at-land,0,93,
47803.323,start,4,91,
47807.448,refuse,7,98,
47811.481,refuse,0,93,
47822.448,refuse,7,98,
47826.481,refuse,0,93,
47833.521,conflict-at-land,1,25,
47837.448,refuse,7,98,
47841.481,refuse,0,93,
47848.521,start,1,25,
47850.487,conflict-at-land,6,6,
47852.448,refuse,7,98,
47854.161,conflict-at-land,4,91,
47856.481,start,0,93,
47865.307,conflict-at-land,0,93,
47865.487,start,6,6,
47867.448,start,7,98,
47869.161,refuse,4,91,
47873.688,conflict-at-land,7,98,
47880.307,start,0,93,
47884.161,refuse,4,91,
47888.687,conflict-at-land,0,93,
47888.688,start,7,98,
47892.672,conflict-at-land,5,53,
47893.546,conflict-at-land,7,98,
47899.161,start,4,91,
47903.687,refuse,0,93,
47907.672,start,5,53,
47908.546,refuse,7,98,
47918.687,refuse,0,93,
47923.546,refuse,7,98,
47933.687,refuse,0,93,
47938.546,refuse,7,98,
47948.687,refuse,0,93,
47953.546,refuse,7,98,
47956.466,conflict-at-land,4,91,
47963.687,start,0,93,
47968.546,refuse,7,98,
47970.598,conflict-at-land,0,93,
47971.466,start,4,91,
47983.546,refuse,7,98,
47985.598,refuse,0,93,
47998.546,refuse,7,98,
48000.598,refuse,0,93,
48010.283,conflict-at-land,3,27,
48013.546,refuse,7,98,
48015.598,refuse,0,93,
48020.18,conflict-at-land,4,91,
48025.283,start,3,27,
48028.546,start,7,98,
48030.598,refuse,0,93,
48033.033,conflict-at-land,7,98,
48035.18,start,4,91,
48045.598,refuse,0,93,
48048.033,refuse,7,98,
48060.598,refuse,0,93,
48063.033,refuse,7,98,
48075.598,refuse,0,93,
48078.033,refuse,7,98,
48090.598,refuse,0,93,
48093.033,refuse,7,98,
48103.755,conflict-at-land,4,91,
48105.598,start,0,93,
48108.033,refuse,7,98,
48114.865,conflict-at-land,5,53,
48115.763,conflict-at-land,0,93,
48118.755,start,4,91,
48123.033,refuse,7,98,
48129.865,start,5,53,
48130.763,refuse,0,93,
48138.033,refuse,7,98,
48145.763,refuse,0,93,
48153.033,refuse,7,98,
48160.763,refuse,0,93,
48168.033,refuse,7,98,
48172.158,conflict-at-land,4,91,
48175.763,start,0,93,
48183.033,refuse,7,98,
48183.88,conflict-at-land,0,93,
48187.158,start,4,91,
48198.033,refuse,7,98,
48198.88,refuse,0,93,
48206.978,conflict-at-land,6,6,
48213.033,refuse,7,98,
48213.88,refuse,0,93,
48221.978,start,6,6,
48225.718,conflict-at-land,4,91,
48228.033,start,7,98,
48228.88,refuse,0,93,
48234.06,conflict-at-land,7,98,
48240.718,start,4,91,
48243.88,refuse,0,93,
48247.721,conflict-at-land,3,27,
48249.06,refuse,7,98,
48258.88,refuse,0,93,
48262.721,start,3,27,
48264.06,refuse,7,98,
48273.88,refuse,0,93,
48279.06,refuse,7,98,
48288.88,refuse,0,93,
48294.06,refuse,7,98,
48303.88,refuse,0,93,
48307.712,conflict-at-land,4,91,
48309.06,start,7,98,
48314.001,conflict-at-land,7,98,
48318.88,start,0,93,
48322.712,refuse,4,91,
48328.756,conflict-at-land,0,93,
48329.001,start,7,98,
48336.737,conflict-at-land,7,98,
48337.712,start,4,91,
48343.756,refuse,0,93,
48351.737,refuse,7,98,
48358.756,refuse,0,93,
48366.737,refuse,7,98,
48373.756,refuse,0,93,
48380.752,conflict-at-land,4,91,
48381.737,start,7,98,
48387.959,conflict-at-land,7,98,
48388.756,start,0,93,
48395.304,conflict-at-land,0,93,
48395.752,start,4,91,
48402.959,refuse,7,98,
48410.304,refuse,0,93,
48417.959,refuse,7,98,
48425.304,refuse,0,93,
48429.736,conflict-at-land,5,53,
48432.959,refuse,7,98,
48440.304,refuse,0,93,
48444.736,start,5,53,
48446.591,conflict-at-land,1,25,
48447.959,refuse,7,98,
48452.417,conflict-at-land,4,91,
48455.304,start,0,93,
48461.591,start,1,25,
48462.959,refuse,7,98,
48463.579,conflict-at-land,0,93,
48466.173,conflict-at-land,3,27,
48467.417,start,4,91,
48477.959,refuse,7,98,
48478.579,refuse,0,93,
48481.173,start,3,27,
48492.959,refuse,7,98,
48493.579,refuse,0,93,
48507.959,refuse,7,98,
48508.579,refuse,0,93,
48520.732,conflict-at-land,4,91,
48522.959,start,7,98,
48523.579,refuse,0,93,
48529.992,conflict-at-land,7,98,
48535.732,start,4,91,
48538.579,refuse,0,93,
48544.992,refuse,7,98,
48553.579,refuse,0,93,
48559.992,refuse,7,98,
48568.579,refuse,0,93,
48574.992,refuse,7,98,
48583.579,refuse,0,93,
48589.992,refuse,7,98,
48598.579,refuse,0,93,
48603.575,conflict-at-land,4,91,
48604.992,start,7,98,
48609.784,conflict-at-land,7,98,
48613.579,start,0,93,
48618.575,refuse,4,91,
48620.656,conflict-at-land,0,93,
48624.784,start,7,98,
48632.506,conflict-at-land,7,98,
48633.575,start,4,91,
48635.656,refuse,0,93,
48646.232,conflict-at-land,6,6,
48647.506,refuse,7,98,
48650.656,refuse,0,93,
48650.656,abandon,0,93,
48650.656,refuse,0,99,
48661.232,start,6,6,
48662.506,refuse,7,98,
48665.656,refuse,0,99,
48677.506,refuse,7,98,
48680.656,refuse,0,99,
48689.864,conflict-at-land,3,27,
48692.506,refuse,7,98,
48694.103,conflict-at-land,4,91,
48695.656,start,0,99,
48703.375,conflict-at-land,0,99,
48704.864,start,3,27,
48707.506,start,7,98,
48709.103,refuse,4,91,
48713.837,conflict-at-land,7,98,
48718.375,start,0,99,
48723.29,conflict-at-land,0,99,
48723.309,conflict-at-land,5,53,
48724.103,start,4,91,
48728.837,refuse,7,98,
48738.29,refuse,0,99,
48738.309,start,5,53,
48743.837,refuse,7,98,
48753.29,refuse,0,99,
48758.837,refuse,7,98,
48768.29,refuse,0,99,
48773.837,refuse,7,98,
48783.29,refuse,0,99,
48784.409,conflict-at-land,4,91,
48788.837,start,7,98,
48795.362,conflict-at-land,7,98,
48798.29,start,0,99,
48799.409,refuse,4,91,
48804.152,conflict-at-land,0,99,
48810.362,start,7,98,
48814.409,refuse,4,91,
48816.243,conflict-at-land,7,98,
48819.152,start,0,99,
48825.337,conflict-at-land,0,99,
48828.27,conflict-at-land,2,66,
48829.409,start,4,91,
48831.243,refuse,7,98,
48840.337,refuse,0,99,
48843.27,start,2,66,
48846.243,refuse,7,98,
48855.337,refuse,0,99,
48861.243,refuse,7,98,
48870.337,refuse,0,99,
48876.243,refuse,7,98,
48885.337,refuse,0,99,
48890.884,conflict-at-land,4,91,
48891.243,start,7,98,
48898.125,conflict-at-land,7,98,
48900.337,start,0,99,
48904.593,conflict-at-land,0,99,
48905.884,start,4,91,
48913.125,refuse,7,98,
48919.593,refuse,0,99,
48928.125,refuse,7,98,
48934.593,refuse,0,99,
48943.125,refuse,7,98,
48946.434,conflict-at-land,4,91,
48949.593,start,0,99,
48956.089,conflict-at-land,0,99,
48958.125,start,7,98,
48961.434,refuse,4,91,
48963.37,conflict-at-land,7,98,
48971.089,start,0,99,
48976.434,refuse,4,91,
48978.37,refuse,7,98,
48978.498,conflict-at-land,0,99,
48983.021,conflict-at-land,3,27,
48991.434,start,4,91,
48993.37,refuse,7,98,
48993.498,refuse,0,99,
48998.021,start,3,27,
49007.319,conflict-at-land,5,53,
49008.37,refuse,7,98,
49008.498,refuse,0,99,
49022.319,start,5,53,
49023.37,refuse,7,98,
49023.498,refuse,0,99,
49038.37,refuse,7,98,
49038.498,refuse,0,99,
49043.308,conflict-at-land,4,91,
49053.37,start,7,98,
49053.498,refuse,0,99,
49058.186,conflict-at-land,6,6,
49058.308,refuse,4,91,
49060.056,conflict-at-land,7,98,
49060.056,abandon,7,98,
49060.056,start,7,100,
49068.498,start,0,99,
49073.186,start,6,6,
49073.308,refuse,4,91,
49074.503,conflict-at-land,0,99,
49088.308,start,4,91,
49089.503,refuse,0,99,
49089.615,conflict-at-land,7,100,
49104.503,refuse,0,99,
49104.615,start,7,100,
49119.503,refuse,0,99,
49131.41,conflict-at-land,7,100,
49132.637,conflict-at-land,4,91,
49134.503,start,0,99,
49139.647,conflict-at-land,0,99,
49146.41,start,7,100,
49147.637,start,4,91,
49154.647,refuse,0,99,
49169.647,refuse,0,99,
49176.564,conflict-at-land,7,100,
49184.647,refuse,0,99,
49191.564,start,7,100,
49199.647,refuse,0,99,
49214.647,refuse,0,99,
49217.192,conflict-at-land,4,91,
49223.412,conflict-at-land,7,100,
49229.647,start,0,99,
49232.192,refuse,4,91,
49235.681,conflict-at-land,0,99,
49238.412,start,7,100,
49246.284,conflict-at-land,3,27,
49247.192,start,4,91,
49250.681,refuse,0,99,
49257.504,conflict-at-land,7,100,
49261.284,start,3,27,
49265.681,refuse,0,99,
49269.233,conflict-at-land,5,53,
49272.504,start,7,100,
49280.681,refuse,0,99,
49284.233,start,5,53,
49292.09,conflict-at-land,4,91,
49295.137,conflict-at-land,7,100,
49295.681,start,0,99,
49302.746,conflict-at-land,0,99,
49307.09,start,4,91,
49310.137,start,7,100,
49317.507,conflict-at-land,1,25,
49317.746,refuse,0,99,
49330.592,conflict-at-land,7,100,
49332.507,start,1,25,
49332.746,refuse,0,99,
49345.592,start,7,100,
49347.746,refuse,0,99,
49362.297,conflict-at-land,4,91,
49362.746,start,0,99,
49369.745,conflict-at-land,0,99,
49374.488,conflict-at-land,7,100,
49377.297,start,4,91,
49384.745,refuse,0,99,
49389.488,start,7,100,
49399.745,refuse,0,99,
49414.745,refuse,0,99,
49418.053,conflict-at-land,7,100,
49429.745,refuse,0,99,
49432.619,conflict-at-land,3,27,
49433.053,start,7,100,
49438.785,conflict-at-land,4,91,
49444.745,start,0,99,
49447.619,start,3,27,
49450.702,conflict-at-land,0,99,
49453.785,start,4,91,
49465.702,refuse,0,99,
49466.803,conflict-at-land,7,100,
49475.769,conflict-at-land,6,6,
49480.702,refuse,0,99,
49481.803,start,7,100,
49490.769,start,6,6,
49495.702,refuse,0,99,
49501.484,conflict-at-land,4,91,
49504.592,conflict-at-land,7,100,
49510.702,start,0,99,
49516.484,refuse,4,91,
49517.897,conflict-at-land,0,99,
49519.592,start,7,100,
49531.484,start,4,91,
49532.897,refuse,0,99,
49547.897,refuse,0,99,
49549.2,conflict-at-land,7,100,
49562.897,refuse,0,99,
49564.2,start,7,100,
49577.897,refuse,0,99,
49578.487,conflict-at-land,4,91,
49592.897,start,0,99,
49593.487,refuse,4,91,
49596.509,conflict-at-land,7,100,
49597.755,conflict-at-land,0,99,
49608.487,start,4,91,
49611.104,conflict-at-land,3,27,
49611.509,start,7,100,
49612.755,refuse,0,99,
49626.104,start,3,27,
49627.755,refuse,0,99,
49636.428,conflict-at-land,7,100,
49642.755,refuse,0,99,
49651.027,conflict-at-land,5,53,
49651.428,start,7,100,
49657.755,refuse,0,99,
49666.027,start,5,53,
49672.755,refuse,0,99,
49674.781,conflict-at-land,4,91,
49677.081,conflict-at-land,7,100,
49687.755,start,0,99,
49689.781,refuse,4,91,
49692.081,start,7,100,
49694.539,conflict-at-land,0,99,
49704.781,start,4,91,
49709.539,refuse,0,99,
49724.539,refuse,0,99,
49725.159,conflict-at-land,7,100,
49739.539,refuse,0,99,
49740.159,start,7,100,
49743.328,conflict-at-land,4,91,
49744.03,conflict-at-land,2,66,
49754.539,start,0,99,
49758.328,refuse,4,91,
49759.03,start,2,66,
49760.162,conflict-at-land,0,99,
49773.328,start,4,91,
49774.948,conflict-at-land,7,100,
49775.162,refuse,0,99,
49789.948,start,7,100,
49790.162,refuse,0,99,
49805.162,refuse,0,99,
49815.72,conflict-at-land,3,27,
49816.988,conflict-at-land,7,100,
49820.162,refuse,0,99,
49830.72,start,3,27,
49831.988,start,7,100,
49835.162,refuse,0,99,
49835.238,conflict-at-land,4,91,
49850.162,start,0,99,
49850.238,refuse,4,91,
49857.53,conflict-at-land,0,99,
49865.124,conflict-at-land,7,100,
49865.238,start,4,91,
49872.53,refuse,0,99,
49880.124,start,7,100,
49887.53,refuse,0,99,
49902.53,refuse,0,99,
49907.097,conflict-at-land,1,25,
49911.61,conflict-at-land,6,6,
49914.374,conflict-at-land,7,100,
49915.631,conflict-at-land,4,91,
49917.53,start,0,99,
49922.097,start,1,25,
49925.307,conflict-at-land,0,99,
49926.61,start,6,6,
49929.374,start,7,100,
49930.631,start,4,91,
49940.307,refuse,0,99,
49954.206,conflict-at-land,7,100,
49955.307,refuse,0,99,
49969.206,start,7,100,
49970.307,refuse,0,99,
49983.9,conflict-at-land,4,91,
49985.307,start,0,99,
49988.201,conflict-at-land,7,100,
49991.621,conflict-at-land,0,99,
49998.9,start,4,91,
50003.201,start,7,100,
50006.621,refuse,0,99,
50009.773,conflict-at-land,5,53,
50021.621,refuse,0,99,
50024.773,start,5,53,
50036.621,refuse,0,99,
50036.849,conflict-at-land,7,100,
50045.497,conflict-at-land,3,27,
50046.58,conflict-at-land,4,91,
50051.621,start,0,99,
50051.849,start,7,100,
50055.991,conflict-at-land,0,99,
50060.497,start,3,27,
50061.58,start,4,91,
50070.991,refuse,0,99,
50085.991,refuse,0,99,
50086.842,conflict-at-land,7,100,
50100.991,refuse,0,99,
50101.842,start,7,100,
50115.991,refuse,0,99,
50120.102,conflict-at-land,4,91,
50128.271,conflict-at-land,7,100,
50130.991,start,0,99,
50135.102,refuse,4,91,
50136.851,conflict-at-land,0,99,
50143.271,start,7,100,
50150.102,start,4,91,
50151.851,refuse,0,99,
50166.851,refuse,0,99,
50170.68,conflict-at-land,7,100,
50181.851,refuse,0,99,
50185.68,start,7,100,
50196.851,refuse,0,99,
50197.308,conflict-at-land,4,91,
50198.552,conflict-at-land,6,6,
50211.851,start,0,99,
50212.308,refuse,4,91,
50213.552,start,6,6,
50216.589,conflict-at-land,0,99,
50219.25,conflict-at-land,7,100,
50227.308,start,4,91,
50231.589,refuse,0,99,
50234.25,start,7,100,
50246.589,refuse,0,99,
50261.589,refuse,0,99,
50266.288,conflict-at-land,4,91,
50268.015,conflict-at-land,7,100,
50276.589,start,0,99,
50278.559,conflict-at-land,5,53,
50281.288,refuse,4,91,
50281.746,conflict-at-land,0,99,
50283.015,start,7,100,
50293.559,start,5,53,
50296.288,start,4,91,
50296.746,refuse,0,99,
50305.166,conflict-at-land,7,100,
50311.746,refuse,0,99,
50320.166,start,7,100,
50322.641,conflict-at-land,3,27,
50326.746,refuse,0,99,
50337.409,conflict-at-land,4,91,
50337.641,start,3,27,
50341.746,start,0,99,
50344.814,conflict-at-land,7,100,
50347.074,conflict-at-land,0,99,
50352.409,start,4,91,
50359.814,start,7,100,
50362.074,refuse,0,99,
50377.074,refuse,0,99,
50392.074,refuse,0,99,
50392.26,conflict-at-land,7,100,
50393.542,conflict-at-land,4,91,
50407.074,start,0,99,
50407.26,start,7,100,
50408.542,refuse,4,91,
50412.037,conflict-at-land,0,99,
50423.542,start,4,91,
50427.037,refuse,0,99,
50432.214,conflict-at-land,7,100,
50442.037,refuse,0,99,
50447.214,start,7,100,
50457.037,refuse,0,99,
50467.267,conflict-at-land,7,100,
50472.037,refuse,0,99,
50482.267,start,7,100,
50487.037,refuse,0,99,
50488.909,conflict-at-land,4,91,
50497.713,conflict-at-land,3,27,
50502.037,start,0,99,
50503.909,refuse,4,91,
50506.332,conflict-at-land,0,99,
50512.356,conflict-at-land,7,100,
50512.713,start,3,27,
50518.909,start,4,91,
50521.332,refuse,0,99,
50527.356,start,7,100,
50536.332,refuse,0,99,
50551.332,refuse,0,99,
50559.868,conflict-at-land,7,100,
50562.027,conflict-at-land,4,91,
50566.332,start,0,99,
50571.734,conflict-at-land,0,99,
50573.712,conflict-at-land,6,6,
50574.868,start,7,100,
50577.027,start,4,91,
50586.734,refuse,0,99,
50588.712,start,6,6,
50601.734,refuse,0,99,
50605.213,conflict-at-land,7,100,
50616.734,refuse,0,99,
50620.213,start,7,100,
50630.176,conflict-at-land,5,53,
50631.734,refuse,0,99,
50638.237,conflict-at-land,4,91,
50642.359,conflict-at-land,7,100,
50645.176,start,5,53,
50646.734,start,0,99,
50653.056,conflict-at-land,0,99,
50653.237,start,4,91,
50657.359,start,7,100,
50668.056,refuse,0,99,
50674.876,conflict-at-land,1,25,
50677.339,conflict-at-land,7,100,
50683.056,refuse,0,99,
50689.876,start,1,25,
50692.339,start,7,100,
50692.976,conflict-at-land,4,91,
50698.056,start,0,99,
50702.958,conflict-at-land,0,99,
50707.976,start,4,91,
50712.066,conflict-at-land,7,100,
50717.958,refuse,0,99,
50727.066,start,7,100,
50732.958,refuse,0,99,
50747.958,refuse,0,99,
50752.157,conflict-at-land,4,91,
50758.273,conflict-at-land,7,100,
50762.958,start,0,99,
50767.157,refuse,4,91,
50767.203,conflict-at-land,0,99,
50773.273,start,7,100,
50781.441,conflict-at-land,3,27,
50781.441,abandon,3,27,
50781.441,start,3,101,
50782.157,start,4,91,
50782.203,refuse,0,99,
50783.702,conflict-at-land,3,101,
50797.203,refuse,0,99,
50798.702,start,3,101,
50801.585,conflict-at-land,3,101,
50803.14,conflict-at-land,7,100,
50812.203,refuse,0,99,
50816.585,start,3,101,
50818.14,start,7,100,
50819.793,conflict-at-land,3,101,
50825.666,conflict-at-land,4,91,
50827.203,start,0,99,
50832.276,conflict-at-land,0,99,
50834.793,start,3,101,
50838.154,conflict-at-land,3,101,
50840.666,start,4,91,
50845.256,conflict-at-land,7,100,
50847.276,refuse,0,99,
50853.154,start,3,101,
50857.043,conflict-at-land,3,101,
50860.256,start,7,100,
50862.276,refuse,0,99,
50872.043,start,3,101,
50874.989,conflict-at-land,3,101,
50877.276,refuse,0,99,
50882.533,conflict-at-land,7,100,
50889.989,start,3,101,
50892.276,refuse,0,99,
50893.436,conflict-at-land,3,101,
50894.335,conflict-at-land,4,91,
50897.533,start,7,100,
50907.276,start,0,99,
50908.436,start,3,101,
50909.335,refuse,4,91,
50910.094,conflict-at-land,6,6,
50911.988,conflict-at-land,3,101,
50912.596,conflict-at-land,0,99,
50924.335,start,4,91,
50925.094,start,6,6,
50926.988,start,3,101,
50927.596,refuse,0,99,
50930.301,conflict-at-land,3,101,
50930.665,conflict-at-land,7,100,
50932.073,conflict-at-land,5,53,
50942.596,refuse,0,99,
50945.301,start,3,101,
50945.665,start,7,100,
50947.073,start,5,53,
50949.179,conflict-at-land,3,101,
50957.596,refuse,0,99,
50964.179,start,3,101,
50967.046,conflict-at-land,3,101,
50968.774,conflict-at-land,2,66,
50970.425,conflict-at-land,4,91,
50972.596,start,0,99,
50978.095,conflict-at-land,7,100,
50979.551,conflict-at-land,0,99,
50982.046,start,3,101,
50983.774,start,2,66,
50985.425,start,4,91,
50985.538,conflict-at-land,3,101,
50993.095,start,7,100,
50994.551,refuse,0,99,
51000.538,start,3,101,
51003.563,conflict-at-land,3,101,
51009.551,refuse,0,99,
51013.389,conflict-at-land,7,100,
51018.563,start,3,101,
51021.109,conflict-at-land,3,101,
51023.434,conflict-at-land,4,91,
51023.434,abandon,4,91,
51023.434,start,4,102,
51024.551,start,0,99,
51028.389,start,7,100,
51029.906,conflict-at-land,4,102,
51031.24,conflict-at-land,0,99,
51036.109,start,3,101,
51038.241,conflict-at-land,3,101,
51044.906,start,4,102,
51046.24,start,0,99,
51050.51,conflict-at-land,4,102,
51052.472,conflict-at-land,0,99,
51053.241,start,3,101,
51054.34,conflict-at-land,7,100,
51056.239,conflict-at-land,3,101,
51065.51,start,4,102,
51067.472,start,0,99,
51069.34,start,7,100,
51070.276,conflict-at-land,4,102,
51071.239,start,3,101,
51074.102,conflict-at-land,0,99,
51074.465,conflict-at-land,3,101,
51085.276,start,4,102,
51089.102,start,0,99,
51089.465,start,3,101,
51091.46,conflict-at-land,4,102,
51093.097,conflict-at-land,3,101,
51094.208,conflict-at-land,0,99,
51096.879,conflict-at-land,7,100,
51106.46,start,4,102,
51108.097,start,3,101,
51109.208,start,0,99,
51110.315,conflict-at-land,3,101,
51111.879,start,7,100,
51112.274,conflict-at-land,4,102,
51114.353,conflict-at-land,0,99,
51125.315,start,3,101,
51127.274,start,4,102,
51128.182,conflict-at-land,3,101,
51129.353,start,0,99,
51134.111,conflict-at-land,4,102,
51134.314,conflict-at-land,0,99,
51143.182,start,3,101,
51144.062,conflict-at-land,7,100,
51146.118,conflict-at-land,3,101,
51149.111,start,4,102,
51149.314,start,0,99,
51154.729,conflict-at-land,4,102,
51155.316,conflict-at-land,0,99,
51156.348,conflict-at-land,5,53,
51159.062,start,7,100,
51161.118,start,3,101,
51164.749,conflict-at-land,3,101,
51169.729,start,4,102,
51170.316,start,0,99,
51171.348,start,5,53,
51174.607,conflict-at-land,0,99,
51175.592,conflict-at-land,4,102,
51179.749,start,3,101,
51183.504,conflict-at-land,3,101,
51189.445,conflict-at-land,7,100,
51189.607,start,0,99,
51190.592,start,4,102,
51196.269,conflict-at-land,4,102,
51196.53,conflict-at-land,0,99,
51198.504,start,3,101,
51202.387,conflict-at-land,3,101,
51204.445,start,7,100,
51206.224,conflict-at-land,6,6,
51211.269,start,4,102,
51211.53,start,0,99,
51217.189,conflict-at-land,0,99,
51217.387,start,3,101,
51218.813,conflict-at-land,4,102,
51220.585,conflict-at-land,3,101,
51221.224,start,6,6,
51232.189,start,0,99,
51233.813,start,4,102,
51235.585,start,3,101,
51237.164,conflict-at-land,0,99,
51237.544,conflict-at-land,7,100,
51238.238,conflict-at-land,3,101,
51239.655,conflict-at-land,4,102,
51252.164,start,0,99,
51252.544,start,7,100,
51253.238,start,3,101,
51254.655,start,4,102,
51256.809,conflict-at-land,0,99,
51256.905,conflict-at-land,3,101,
51259.194,conflict-at-land,4,102,
51271.557,conflict-at-land,7,100,
51271.809,start,0,99,
51271.905,start,3,101,
51274.18,conflict-at-land,3,101,
51274.194,start,4,102,
51277.231,conflict-at-land,0,99,
51279.812,conflict-at-land,4,102,
51286.557,start,7,100,
51289.18,start,3,101,
51291.762,conflict-at-land,3,101,
51292.231,start,0,99,
51294.812,start,4,102,
51298.25,conflict-at-land,0,99,
51299.183,conflict-at-land,4,102,
51306.762,start,3,101,
51310.469,conflict-at-land,3,101,
51313.25,start,0,99,
51314.183,start,4,102,
51317.216,conflict-at-land,7,100,
51320.42,conflict-at-land,4,102,
51320.945,conflict-at-land,0,99,
51325.469,start,3,101,
51327.984,conflict-at-land,3,101,
51332.216,start,7,100,
51335.42,start,4,102,
51335.945,start,0,99,
51340.254,conflict-at-land,0,99,
51341.239,conflict-at-land,4,102,
51342.984,start,3,101,
51345.25,conflict-at-land,3,101,
51355.254,start,0,99,
51356.239,start,4,102,
51358.448,conflict-at-land,7,100,
51359.803,conflict-at-land,0,99,
51360.25,start,3,101,
51362.996,conflict-at-land,4,102,
51363.899,conflict-at-land,3,101,
51373.448,start,7,100,
51374.803,start,0,99,
51377.996,start,4,102,
51378.899,start,3,101,
51380.261,conflict-at-land,0,99,
51381.892,conflict-at-land,3,101,
51382.525,conflict-at-land,4,102,
51395.261,start,0,99,
51396.892,start,3,101,
51397.525,start,4,102,
51398.711,conflict-at-land,7,100,
51399.466,conflict-at-land,3,101,
51401.885,conflict-at-land,0,99,
51404.964,conflict-at-land,4,102,
51413.711,start,7,100,
51414.466,start,3,101,
51416.885,start,0,99,
51417.025,conflict-at-land,3,101,
51419.964,start,4,102,
51424.309,conflict-at-land,0,99,
51426.538,conflict-at-land,4,102,
51432.025,start,3,101,
51434.865,conflict-at-land,3,101,
51439.309,start,0,99,
51441.538,start,4,102,
51445.047,conflict-at-land,0,99,
51446.93,conflict-at-land,4,102,
51448.086,conflict-at-land,7,100,
51449.865,start,3,101,
51452.001,conflict-at-land,3,101,
51460.047,start,0,99,
51461.93,start,4,102,
51463.086,start,7,100,
51466.418,conflict-at-land,0,99,
51467.001,start,3,101,
51467.323,conflict-at-land,4,102,
51470.073,conflict-at-land,3,101,
51481.418,start,0,99,
51482.323,start,4,102,
51485.073,start,3,101,
51487.178,conflict-at-land,3,101,
51487.397,conflict-at-land,0,99,
51488.773,conflict-at-land,4,102,
51492.751,conflict-at-land,7,100,
51495.266,conflict-at-land,1,25,
51498.406,conflict-at-land,6,6,
51502.178,start,3,101,
51502.397,start,0,99,
51503.773,start,4,102,
51504.503,conflict-at-land,3,101,
51507.751,start,7,100,
51508.595,conflict-at-land,0,99,
51510.266,start,1,25,
51510.368,conflict-at-land,4,102,
51513.406,start,6,6,
51519.503,start,3,101,
51523.331,conflict-at-land,3,101,
51523.595,start,0,99,
51525.368,start,4,102,
51528.072,conflict-at-land,5,53,
51529.172,conflict-at-land,7,100,
51530.139,conflict-at-land,0,99,
51532.551,conflict-at-land,4,102,
51538.331,start,3,101,
51541.858,conflict-at-land,3,101,
51543.072,start,5,53,
51544.172,start,7,100,
51545.139,start,0,99,
51547.551,start,4,102,
51549.984,conflict-at-land,0,99,
51552.006,conflict-at-land,4,102,
51556.858,start,3,101,
51559.782,conflict-at-land,3,101,
51564.984,start,0,99,
51567.006,start,4,102,
51570.261,conflict-at-land,0,99,
51572.254,conflict-at-land,4,102,
51574.782,start,3,101,
51577.1,conflict-at-land,3,101,
51577.984,conflict-at-land,7,100,
51585.261,start,0,99,
51587.254,start,4,102,
51592.061,conflict-at-land,4,102,
51592.1,start,3,101,
51592.748,conflict-at-land,0,99,
51592.984,start,7,100,
51595.304,conflict-at-land,3,101,
51607.061,start,4,102,
51607.748,start,0,99,
51610.304,start,3,101,
51611.262,conflict-at-land,4,102,
51612.988,conflict-at-land,3,101,
51613.098,conflict-at-land,7,100,
51615.374,conflict-at-land,0,99,
51626.262,start,4,102,
51627.988,start,3,101,
51628.098,start,7,100,
51630.315,conflict-at-land,3,101,
51630.374,start,0,99,
51632.834,conflict-at-land,4,102,
51637.767,conflict-at-land,0,99,
51645.315,start,3,101,
51647.755,conflict-at-land,3,101,
51647.834,start,4,102,
51651.11,conflict-at-land,7,100,
51652.767,start,0,99,
51653.738,conflict-at-land,4,102,
51658.616,conflict-at-land,0,99,
51662.755,start,3,101,
51665.803,conflict-at-land,3,101,
51666.11,start,7,100,
51668.738,start,4,102,
51673.616,start,0,99,
51673.942,conflict-at-land,4,102,
51677.848,conflict-at-land,0,99,
51680.803,start,3,101,
51683.246,conflict-at-land,3,101,
51688.942,start,4,102,
51692.848,start,0,99,
51694.447,conflict-at-land,7,100,
51696.51,conflict-at-land,4,102,
51698.246,start,3,101,
51699.86,conflict-at-land,0,99,
51700.545,conflict-at-land,3,101,
51709.447,start,7,100,
51711.51,start,4,102,
51714.86,start,0,99,
51715.545,start,3,101,
51718.225,conflict-at-land,4,102,
51718.718,conflict-at-land,3,101,
51720.212,conflict-at-land,0,99,
51733.225,start,4,102,
51733.718,start,3,101,
51735.212,start,0,99,
51737.372,conflict-at-land,3,101,
51738.417,conflict-at-land,4,102,
51739.458,conflict-at-land,0,99,
51740.951,conflict-at-land,7,100,
51752.372,start,3,101,
51753.417,start,4,102,
51754.458,start,0,99,
51754.709,conflict-at-land,3,101,
51755.951,start,7,100,
51759.4,conflict-at-land,4,102,
51760.54,conflict-at-land,0,99,
51769.709,start,3,101,
51773.106,conflict-at-land,3,101,
51774.4,start,4,102,
51775.54,start,0,99,
51780.254,conflict-at-land,4,102,
51780.827,conflict-at-land,0,99,
51783.706,conflict-at-land,7,100,
51788.106,start,3,101,
51791.913,conflict-at-land,3,101,
51795.254,start,4,102,
51795.827,start,0,99,
51798.706,start,7,100,
51799.811,conflict-at-land,4,102,
51801.474,conflict-at-land,0,99,
51806.913,start,3,101,
51810.523,conflict-at-land,3,101,
51811.486,conflict-at-land,6,6,
51814.811,start,4,102,
51816.474,start,0,99,
51819.258,conflict-at-land,4,102,
51824.213,conflict-at-land,0,99,
51825.449,conflict-at-land,7,100,
51825.523,start,3,101,
51826.486,start,6,6,
51828.481,conflict-at-land,3,101,
51834.258,start,4,102,
51839.213,start,0,99,
51839.508,conflict-at-land,4,102,
51840.449,start,7,100,
51843.481,start,3,101,
51845.173,conflict-at-land,0,99,
51846.206,conflict-at-land,3,101,
51854.508,start,4,102,
51860.173,start,0,99,
51861.07,conflict-at-land,4,102,
51861.206,start,3,101,
51864.163,conflict-at-land,3,101,
51865.152,conflict-at-land,0,99,
51872.433,conflict-at-land,7,100,
51876.07,start,4,102,
51879.163,start,3,101,
51880.152,start,0,99,
51881.423,conflict-at-land,3,101,
51882.016,conflict-at-land,4,102,
51883.477,conflict-at-land,5,53,
51884.616,conflict-at-land,0,99,
51887.433,start,7,100,
51896.423,start,3,101,
51897.016,start,4,102,
51898.477,start,5,53,
51898.734,conflict-at-land,3,101,
51899.616,start,0,99,
51902.743,conflict-at-land,4,102,
51906.266,conflict-at-land,0,99,
51906.778,conflict-at-land,7,100,
51913.734,start,3,101,
51916.838,conflict-at-land,3,101,
51917.743,start,4,102,
51921.266,start,0,99,
51921.778,start,7,100,
51924.231,conflict-at-land,4,102,
51928.374,conflict-at-land,0,99,
51931.838,start,3,101,
51933.988,conflict-at-land,3,101,
51939.231,start,4,102,
51943.374,start,0,99,
51946.099,conflict-at-land,4,102,
51948.001,conflict-at-land,0,99,
51948.988,start,3,101,
51952.534,conflict-at-land,3,101,
51955.388,conflict-at-land,7,100,
51961.099,start,4,102,
51963.001,start,0,99,
51966.156,conflict-at-land,4,102,
51967.534,start,3,101,
51969.516,conflict-at-land,0,99,
51970.388,start,7,100,
51971.008,conflict-at-land,3,101,
51981.156,start,4,102,
51984.516,start,0,99,
51986.008,start,3,101,
51988.114,conflict-at-land,4,102,
51989.341,conflict-at-land,3,101,
51991.901,conflict-at-land,0,99,
52003.114,start,4,102,
52003.132,conflict-at-land,7,100,
52004.341,start,3,101,
52006.901,start,0,99,
52007.055,conflict-at-land,3,101,
52009.882,conflict-at-land,4,102,
52011.96,conflict-at-land,0,99,
52018.132,start,7,100,
52022.055,start,3,101,
52024.515,conflict-at-land,3,101,
52024.882,start,4,102,
52026.96,start,0,99,
52029.453,conflict-at-land,4,102,
52033.194,conflict-at-land,0,99,
52039.515,start,3,101,
52042.0,conflict-at-land,3,101,
52043.72,conflict-at-land,7,100,
52044.453,start,4,102,
52048.194,start,0,99,
52051.468,conflict-at-land,4,102,
52052.85,conflict-at-land,0,99,
52057.0,start,3,101,
52058.72,start,7,100,
52059.245,conflict-at-land,3,101,
52066.468,start,4,102,
52067.85,start,0,99,
52070.492,conflict-at-land,6,6,
52072.319,conflict-at-land,0,99,
52073.988,conflict-at-land,4,102,
52074.245,start,3,101,
52077.797,conflict-at-land,3,101,
52085.492,start,6,6,
52087.319,start,0,99,
52088.225,conflict-at-land,7,100,
52088.988,start,4,102,
52092.797,start,3,101,
52093.899,conflict-at-land,0,99,
52095.073,conflict-at-land,3,101,
52096.173,conflict-at-land,4,102,
52103.225,start,7,100,
52108.899,start,0,99,
52110.073,start,3,101,
52110.639,conflict-at-land,2,66,
52111.173,start,4,102,
52112.421,conflict-at-land,3,101,
52116.437,conflict-at-land,0,99,
52117.761,conflict-at-land,4,102,
52122.865,conflict-at-land,7,100,
52125.639,start,2,66,
52127.421,start,3,101,
52129.838,conflict-at-land,3,101,
52131.437,start,0,99,
52132.761,start,4,102,
52135.962,conflict-at-land,0,99,
52137.865,start,7,100,
52138.409,conflict-at-land,4,102,
52144.838,start,3,101,
52147.134,conflict-at-land,3,101,
52150.962,start,0,99,
52153.409,start,4,102,
52157.089,conflict-at-land,0,99,
52160.237,conflict-at-land,4,102,
52162.134,start,3,101,
52163.889,conflict-at-land,7,100,
52164.25,conflict-at-land,3,101,
52172.089,start,0,99,
52175.237,start,4,102,
52177.393,conflict-at-land,0,99,
52177.393,abandon,0,99,
52177.393,refuse,0,103,
52178.889,start,7,100,
52179.25,start,3,101,
52182.077,conflict-at-land,4,102,
52182.576,conflict-at-land,3,101,
52192.393,refuse,0,103,
52197.077,start,4,102,
52197.576,start,3,101,
52200.523,conflict-at-land,3,101,
52202.902,conflict-at-land,4,102,
52207.393,refuse,0,103,
52207.901,conflict-at-land,1,25,
52211.632,conflict-at-land,7,100,
52215.523,start,3,101,
52217.902,start,4,102,
52218.322,conflict-at-land,3,101,
52222.393,refuse,0,103,
52222.62,conflict-at-land,4,102,
52222.901,start,1,25,
52226.632,start,7,100,
52233.322,start,3,101,
52236.525,conflict-at-land,3,101,
52237.393,refuse,0,103,
52237.62,start,4,102,
52245.15,conflict-at-land,4,102,
52251.525,start,3,101,
52252.393,refuse,0,103,
52254.77,conflict-at-land,3,101,
52260.15,start,4,102,
52261.096,conflict-at-land,7,100,
52265.244,conflict-at-land,4,102,
52267.393,refuse,0,103,
52268.641,conflict-at-land,5,53,
52269.77,start,3,101,
52272.811,conflict-at-land,3,101,
52276.096,start,7,100,
52280.244,start,4,102,
52282.393,refuse,0,103,
52283.641,start,5,53,
52284.542,conflict-at-land,4,102,
52287.811,start,3,101,
52291.376,conflict-at-land,3,101,
52297.393,refuse,0,103,
52299.246,conflict-at-land,7,100,
52299.542,start,4,102,
52306.376,start,3,101,
52306.869,conflict-at-land,4,102,
52308.672,conflict-at-land,3,101,
52312.393,refuse,0,103,
52314.246,start,7,100,
52321.869,start,4,102,
52323.672,start,3,101,
52326.535,conflict-at-land,3,101,
52327.393,refuse,0,103,
52327.922,conflict-at-land,4,102,
52334.567,conflict-at-land,7,100,
52341.535,start,3,101,
52342.393,refuse,0,103,
52342.922,start,4,102,
52345.044,conflict-at-land,3,101,
52347.407,conflict-at-land,4,102,
52349.567,start,7,100,
52357.393,refuse,0,103,
52360.044,start,3,101,
52362.407,start,4,102,
52363.786,conflict-at-land,3,101,
52369.404,conflict-at-land,4,102,
52372.393,refuse,0,103,
52378.786,start,3,101,
52380.672,conflict-at-land,7,100,
52381.472,conflict-at-land,3,101,
52384.404,start,4,102,
52387.393,refuse,0,103,
52390.869,conflict-at-land,4,102,
52395.672,start,7,100,
52396.472,start,3,101,
52398.938,conflict-at-land,3,101,
52402.393,refuse,0,103,
52405.869,start,4,102,
52410.81,conflict-at-land,4,102,
52413.938,start,3,101,
52416.606,conflict-at-land,3,101,
52417.393,refuse,0,103,
52421.218,conflict-at-land,7,100,
52425.81,start,4,102,
52428.208,conflict-at-land,6,6,
52431.022,conflict-at-land,4,102,
52431.606,start,3,101,
52432.393,refuse,0,103,
52434.796,conflict-at-land,3,101,
52436.218,start,7,100,
52443.208,start,6,6,
52446.022,start,4,102,
52447.393,refuse,0,103,
52449.796,start,3,101,
52451.9,conflict-at-land,3,101,
52452.652,conflict-at-land,4,102,
52462.393,refuse,0,103,
52463.833,conflict-at-land,7,100,
52466.9,start,3,101,
52467.652,start,4,102,
52470.141,conflict-at-land,3,101,
52472.2,conflict-at-land,4,102,
52477.393,refuse,0,103,
52478.833,start,7,100,
52485.141,start,3,101,
52487.2,start,4,102,
52488.322,conflict-at-land,3,101,
52492.393,refuse,0,103,
52493.228,conflict-at-land,4,102,
52503.322,start,3,101,
52505.673,conflict-at-land,3,101,
52507.393,refuse,0,103,
52508.228,start,4,102,
52513.502,conflict-at-land,7,100,
52514.884,conflict-at-land,4,102,
52520.673,start,3,101,
52522.393,refuse,0,103,
52524.552,conflict-at-land,3,101,
52528.502,start,7,100,
52529.884,start,4,102,
52536.489,conflict-at-land,4,102,
52537.393,refuse,0,103,
52539.552,start,3,101,
52542.433,conflict-at-land,3,101,
52551.489,start,4,102,
52552.393,refuse,0,103,
52552.812,conflict-at-land,7,100,
52556.018,conflict-at-land,4,102,
52557.433,start,3,101,
52560.24,conflict-at-land,3,101,
52567.393,refuse,0,103,
52567.812,start,7,100,
52571.018,start,4,102,
52575.24,start,3,101,
52577.896,conflict-at-land,3,101,
52578.688,conflict-at-land,4,102,
52582.393,refuse,0,103,
52585.176,conflict-at-land,5,53,
52591.524,conflict-at-land,7,100,
52592.896,start,3,101,
52593.688,start,4,102,
52595.425,conflict-at-land,3,101,
52597.393,refuse,0,103,
52599.259,conflict-at-land,4,102,
52600.176,start,5,53,
52606.524,start,7,100,
52610.425,start,3,101,
52612.393,refuse,0,103,
52614.203,conflict-at-land,3,101,
52614.259,start,4,102,
52619.718,conflict-at-land,4,102,
52627.393,refuse,0,103,
52629.203,start,3,101,
52631.21,conflict-at-land,7,100,
52632.847,conflict-at-land,3,101,
52634.718,start,4,102,
52642.393,refuse,0,103,
52642.464,conflict-at-land,4,102,
52646.21,start,7,100,
52647.847,start,3,101,
52651.028,conflict-at-land,3,101,
52657.393,refuse,0,103,
52657.464,start,4,102,
52663.582,conflict-at-land,4,102,
52666.028,start,3,101,
52667.38,conflict-at-land,7,100,
52669.552,conflict-at-land,3,101,
52672.393,refuse,0,103,
52678.582,start,4,102,
52682.38,start,7,100,
52684.552,start,3,101,
52684.603,conflict-at-land,4,102,
52687.393,refuse,0,103,
52688.013,conflict-at-land,3,101,
52699.603,start,4,102,
52701.92,conflict-at-land,7,100,
52702.393,refuse,0,103,
52703.013,start,3,101,
52706.159,conflict-at-land,4,102,
52706.403,conflict-at-land,3,101,
52716.92,start,7,100,
52717.393,refuse,0,103,
52721.159,start,4,102,
52721.403,start,3,101,
52723.824,conflict-at-land,3,101,
52728.872,conflict-at-land,4,102,
52732.393,refuse,0,103,
52737.314,conflict-at-land,7,100,
52738.824,start,3,101,
52741.433,conflict-at-land,3,101,
52743.872,start,4,102,
52747.393,refuse,0,103,
52749.764,conflict-at-land,4,102,
52752.314,start,7,100,
52756.433,start,3,101,
52759.136,conflict-at-land,3,101,
52762.393,refuse,0,103,
52764.764,start,4,102,
52772.013,conflict-at-land,4,102,
52774.136,start,3,101,
52776.939,conflict-at-land,3,101,
52777.393,refuse,0,103,
52777.399,conflict-at-land,6,6,
52779.307,conflict-at-land,7,100,
52787.013,start,4,102,
52791.939,start,3,101,
52792.393,refuse,0,103,
52792.399,start,6,6,
52794.057,conflict-at-land,4,102,
52794.307,start,7,100,
52795.572,conflict-at-land,3,101,
52807.393,refuse,0,103,
52809.057,start,4,102,
52810.572,start,3,101,
52813.859,conflict-at-land,3,101,
52814.873,conflict-at-land,7,100,
52816.848,conflict-at-land,4,102,
52822.393,refuse,0,103,
52825.101,conflict-at-land,1,25,
52828.859,start,3,101,
52829.873,start,7,100,
52831.814,conflict-at-land,3,101,
52831.848,start,4,102,
52837.393,refuse,0,103,
52838.852,conflict-at-land,4,102,
52840.101,start,1,25,
52846.814,start,3,101,
52849.175,conflict-at-land,3,101,
52852.393,refuse,0,103,
52852.842,conflict-at-land,7,100,
52853.852,start,4,102,
52861.427,conflict-at-land,4,102,
52864.175,start,3,101,
52867.393,refuse,0,103,
52867.842,start,7,100,
52867.85,conflict-at-land,3,101,
52876.427,start,4,102,
52881.991,conflict-at-land,4,102,
52882.393,refuse,0,103,
52882.85,start,3,101,
52886.138,conflict-at-land,3,101,
52888.05,conflict-at-land,7,100,
52896.991,start,4,102,
52897.393,refuse,0,103,
52901.138,start,3,101,
52903.05,start,7,100,
52904.121,conflict-at-land,4,102,
52904.846,conflict-at-land,3,101,
52912.393,refuse,0,103,
52919.121,start,4,102,
52919.846,start,3,101,
52923.417,conflict-at-land,3,101,
52923.578,conflict-at-land,4,102,
52927.393,refuse,0,103,
52928.461,conflict-at-land,7,100,
52934.077,conflict-at-land,5,53,
52938.417,start,3,101,
52938.578,start,4,102,
52941.54,conflict-at-land,3,101,
52942.393,refuse,0,103,
52942.947,conflict-at-land,4,102,
52943.461,start,7,100,
52949.077,start,5,53,
52956.54,start,3,101,
52957.393,refuse,0,103,
52957.947,start,4,102,
52959.788,conflict-at-land,3,101,
52964.512,conflict-at-land,4,102,
52969.105,conflict-at-land,7,100,
52972.393,refuse,0,103,
52974.788,start,3,101,
52978.625,conflict-at-land,3,101,
52979.512,start,4,102,
52984.105,start,7,100,
52986.497,conflict-at-land,4,102,
52987.393,refuse,0,103,
52993.625,start,3,101,
52996.557,conflict-at-land,3,101,
53001.497,start,4,102,
53002.393,refuse,0,103,
53008.297,conflict-at-land,4,102,
53011.557,start,3,101,
53013.013,conflict-at-land,2,66,
53014.854,conflict-at-land,3,101,
53016.685,conflict-at-land,7,100,
53017.393,start,0,103,
53023.297,start,4,102,
53028.013,refuse,2,66,
53029.854,start,3,101,
53030.672,conflict-at-land,4,102,
53031.685,start,7,100,
53033.45,conflict-at-land,3,101,
53043.013,refuse,2,66,
53045.672,start,4,102,
53048.45,start,3,101,
53050.852,conflict-at-land,4,102,
53051.351,conflict-at-land,3,101,
53054.17,conflict-at-land,7,100,
53058.013,refuse,2,66,
53065.852,start,4,102,
53066.351,start,3,101,
53069.17,start,7,100,
53069.75,conflict-at-land,3,101,
53072.572,conflict-at-land,4,102,
53073.013,refuse,2,66,
53084.75,start,3,101,
53087.065,conflict-at-land,3,101,
53087.572,start,4,102,
53088.013,refuse,2,66,
53090.893,conflict-at-land,6,6,
53095.256,conflict-at-land,4,102,
53096.051,conflict-at-land,7,100,
53102.065,start,3,101,
53103.013,refuse,2,66,
53105.351,conflict-at-land,3,101,
53105.893,start,6,6,
53110.256,start,4,102,
53111.051,start,7,100,
53115.708,conflict-at-land,4,102,
53118.013,refuse,2,66,
53120.351,start,3,101,
53123.011,conflict-at-land,3,101,
53130.708,start,4,102,
53133.013,refuse,2,66,
53137.973,conflict-at-land,4,102,
53138.011,start,3,101,
53140.272,conflict-at-land,3,101,
53141.186,conflict-at-land,7,100,
53148.013,refuse,2,66,
53152.973,start,4,102,
53155.272,start,3,101,
53156.186,start,7,100,
53157.389,conflict-at-land,3,101,
53157.748,conflict-at-land,4,102,
53163.013,refuse,2,66,
53172.389,start,3,101,
53172.748,start,4,102,
53176.186,conflict-at-land,3,101,
53178.013,refuse,2,66,
53178.941,conflict-at-land,4,102,
53188.947,conflict-at-land,7,100,
53191.186,start,3,101,
53193.013,refuse,2,66,
53193.941,start,4,102,
53195.084,conflict-at-land,3,101,
53201.391,conflict-at-land,4,102,
53203.947,start,7,100,
53208.013,refuse,2,66,
53210.084,start,3,101,
53213.232,conflict-at-land,3,101,
53216.391,start,4,102,
53221.748,conflict-at-land,4,102,
53223.013,refuse,2,66,
53228.232,start,3,101,
53229.246,conflict-at-land,7,100,
53231.699,conflict-at-land,3,101,
53236.748,start,4,102,
53238.013,refuse,2,66,
53244.023,conflict-at-land,4,102,
53244.246,start,7,100,
53246.699,start,3,101,
53249.685,conflict-at-land,3,101,
53253.013,refuse,2,66,
53259.023,start,4,102,
53264.685,start,3,101,
53265.267,conflict-at-land,4,102,
53267.758,conflict-at-land,3,101,
53268.013,refuse,2,66,
53270.426,conflict-at-land,7,100,
53280.267,start,4,102,
53282.758,start,3,101,
53283.013,refuse,2,66,
53285.426,start,7,100,
53285.728,conflict-at-land,5,53,
53285.817,conflict-at-land,3,101,
53286.07,conflict-at-land,4,102,
53298.013,refuse,2,66,
53300.728,start,5,53,
53300.817,start,3,101,
53301.07,start,4,102,
53303.223,conflict-at-land,3,101,
53308.674,conflict-at-land,4,102,
53310.574,conflict-at-land,7,100,
53313.013,refuse,2,66,
53318.223,start,3,101,
53321.052,conflict-at-land,3,101,
53323.674,start,4,102,
53325.574,start,7,100,
53328.013,refuse,2,66,
53330.256,conflict-at-land,4,102,
53336.052,start,3,101,
53338.516,conflict-at-land,3,101,
53343.013,refuse,2,66,
53345.256,start,4,102,
53350.446,conflict-at-land,7,100,
53352.801,conflict-at-land,4,102,
53353.516,start,3,101,
53356.799,conflict-at-land,3,101,
53358.013,refuse,2,66,
53365.446,start,7,100,
53367.801,start,4,102,
53371.799,start,3,101,
53373.013,refuse,2,66,
53374.046,conflict-at-land,4,102,
53374.287,conflict-at-land,3,101,
53388.013,refuse,2,66,
53389.046,start,4,102,
53389.287,start,3,101,
53392.929,conflict-at-land,3,101,
53393.57,conflict-at-land,4,102,
53397.866,conflict-at-land,7,100,
53403.013,refuse,2,66,
53407.929,start,3,101,
53408.57,start,4,102,
53410.321,conflict-at-land,3,101,
53412.866,start,7,100,
53415.738,conflict-at-land,4,102,
53418.013,refuse,2,66,
53425.321,start,3,101,
53428.035,conflict-at-land,3,101,
53430.738,start,4,102,
53433.013,refuse,2,66,
53436.381,conflict-at-land,4,102,
53439.746,conflict-at-land,7,100,
53443.035,start,3,101,
53446.675,conflict-at-land,3,101,
53448.013,refuse,2,66,
53451.381,start,4,102,
53454.746,start,7,100,
53458.946,conflict-at-land,4,102,
53461.675,start,3,101,
53463.013,refuse,2,66,
53464.955,conflict-at-land,3,101,
53473.946,start,4,102,
53478.013,refuse,2,66,
53478.988,conflict-at-land,7,100,
53479.389,conflict-at-land,4,102,
53479.955,start,3,101,
53483.147,conflict-at-land,3,101,
53493.013,refuse,2,66,
53493.988,start,7,100,
53494.389,start,4,102,
53498.147,start,3,101,
53500.33,conflict-at-land,3,101,
53501.784,conflict-at-land,4,102,
53508.013,refuse,2,66,
53515.33,start,3,101,
53516.784,start,4,102,
53517.975,conflict-at-land,7,100,
53518.295,conflict-at-land,3,101,
53522.308,conflict-at-land,4,102,
53523.013,refuse,2,66,
53532.975,start,7,100,
53533.295,start,3,101,
53535.586,conflict-at-land,3,101,
53537.308,start,4,102,
53538.013,refuse,2,66,
53539.983,conflict-at-land,1,25,
53541.845,conflict-at-land,4,102,
53542.697,conflict-at-land,6,6,
53550.586,start,3,101,
53553.013,refuse,2,66,
53553.448,conflict-at-land,3,101,
53554.983,start,1,25,
53556.845,start,4,102,
53557.697,start,6,6,
53561.379,conflict-at-land,4,102,
53563.955,conflict-at-land,7,100,
53567.392,conflict-at-land,0,103,
53568.013,start,2,66,
53568.448,start,3,101,
53571.879,conflict-at-land,3,101,
53573.144,conflict-at-land,5,53,
53576.379,start,4,102,
53578.955,start,7,100,
53582.392,refuse,0,103,
53584.067,conflict-at-land,4,102,
53586.879,start,3,101,
53588.144,start,5,53,
53590.608,conflict-at-land,3,101,
53597.392,refuse,0,103,
53599.067,start,4,102,
53599.787,conflict-at-land,7,100,
53605.608,start,3,101,
53605.839,conflict-at-land,4,102,
53608.126,conflict-at-land,3,101,
53612.392,refuse,0,103,
53614.787,start,7,100,
53620.839,start,4,102,
53623.126,start,3,101,
53626.548,conflict-at-land,3,101,
53627.392,refuse,0,103,
53628.187,conflict-at-land,4,102,
53637.418,conflict-at-land,7,100,
53641.548,start,3,101,
53642.392,refuse,0,103,
53643.187,start,4,102,
53645.31,conflict-at-land,3,101,
53649.463,conflict-at-land,4,102,
53652.418,start,7,100,
53657.392,refuse,0,103,
53660.31,start,3,101,
53664.058,conflict-at-land,3,101,
53664.463,start,4,102,
53670.993,conflict-at-land,4,102,
53672.392,refuse,0,103,
53679.058,start,3,101,
53681.799,conflict-at-land,3,101,
53685.5,conflict-at-land,7,100,
53685.993,start,4,102,
53687.392,refuse,0,103,
53692.341,conflict-at-land,4,102,
53696.799,start,3,101,
53699.85,conflict-at-land,3,101,
53700.5,start,7,100,
53702.392,refuse,0,103,
53707.341,start,4,102,
53712.247,conflict-at-land,4,102,
53714.85,start,3,101,
53717.392,refuse,0,103,
53717.641,conflict-at-land,3,101,
53727.247,start,4,102,
53727.497,conflict-at-land,7,100,
53732.392,refuse,0,103,
53732.641,start,3,101,
53734.613,conflict-at-land,4,102,
53735.174,conflict-at-land,3,101,
53742.497,start,7,100,
53747.392,refuse,0,103,
53749.613,start,4,102,
53750.174,start,3,101,
53752.562,conflict-at-land,3,101,
53756.381,conflict-at-land,4,102,
53762.392,refuse,0,103,
53767.562,start,3,101,
53770.648,conflict-at-land,3,101,
53771.381,start,4,102,
53775.765,conflict-at-land,7,100,
53777.242,conflict-at-land,4,102,
53777.392,refuse,0,103,
53785.648,start,3,101,
53788.806,conflict-at-land,3,101,
53790.765,start,7,100,
53792.242,start,4,102,
53792.392,refuse,0,103,
53796.983,conflict-at-land,4,102,
53803.806,start,3,101,
53807.392,refuse,0,103,
53807.657,conflict-at-land,3,101,
53811.983,start,4,102,
53819.764,conflict-at-land,4,102,
53822.392,refuse,0,103,
53822.657,start,3,101,
53824.558,conflict-at-land,7,100,
53826.359,conflict-at-land,3,101,
53834.764,start,4,102,
53837.392,refuse,0,103,
53839.558,start,7,100,
53841.359,start,3,101,
53842.431,conflict-at-land,4,102,
53843.913,conflict-at-land,3,101,
53852.392,refuse,0,103,
53857.431,start,4,102,
53858.913,start,3,101,
53861.808,conflict-at-land,3,101,
53863.393,conflict-at-land,4,102,
53863.49,conflict-at-land,7,100,
53867.392,refuse,0,103,
53876.808,start,3,101,
53878.393,start,4,102,
53878.49,start,7,100,
53880.659,conflict-at-land,3,101,
53882.392,refuse,0,103,
53882.555,conflict-at-land,5,53,
53885.13,conflict-at-land,4,102,
53895.659,start,3,101,
53897.392,refuse,0,103,
53897.555,start,5,53,
53899.368,conflict-at-land,3,101,
53900.13,start,4,102,
53905.857,conflict-at-land,4,102,
53908.058,conflict-at-land,7,100,
53912.392,refuse,0,103,
53912.428,conflict-at-land,6,6,
53914.368,start,3,101,
53917.104,conflict-at-land,3,101,
53920.857,start,4,102,
53923.058,start,7,100,
53926.608,conflict-at-land,4,102,
53927.392,refuse,0,103,
53927.428,start,6,6,
53932.104,start,3,101,
53934.258,conflict-at-land,3,101,
53941.608,start,4,102,
53942.392,refuse,0,103,
53945.891,conflict-at-land,7,100,
53946.215,conflict-at-land,4,102,
53949.258,start,3,101,
53953.058,conflict-at-land,3,101,
53957.392,refuse,0,103,
53960.891,start,7,100,
53961.215,start,4,102,
53967.646,conflict-at-land,4,102,
53968.058,start,3,101,
53971.865,conflict-at-land,3,101,
53972.392,refuse,0,103,
53982.646,start,4,102,
53986.865,start,3,101,
53987.392,refuse,0,103,
53987.692,conflict-at-land,4,102,
53989.404,conflict-at-land,3,101,
53990.44,conflict-at-land,7,100,
54002.392,refuse,0,103,
54002.692,start,4,102,
54004.404,start,3,101,
54005.44,start,7,100,
54007.122,conflict-at-land,3,101,
54008.32,conflict-at-land,4,102,
54017.392,refuse,0,103,
54022.122,start,3,101,
54023.32,start,4,102,
54025.345,conflict-at-land,3,101,
54029.119,conflict-at-land,4,102,
54030.53,conflict-at-land,7,100,
54032.392,refuse,0,103,
54040.345,start,3,101,
54042.486,conflict-at-land,3,101,
54044.119,start,4,102,
54045.53,start,7,100,
54047.392,refuse,0,103,
54050.797,conflict-at-land,4,102,
54057.486,start,3,101,
54060.134,conflict-at-land,3,101,
54062.392,refuse,0,103,
54065.797,start,4,102,
54072.114,conflict-at-land,4,102,
54074.366,conflict-at-land,7,100,
54075.134,start,3,101,
54077.392,refuse,0,103,
54078.034,conflict-at-land,3,101,
54087.114,start,4,102,
54089.366,start,7,100,
54091.366,conflict-at-land,4,102,
54092.392,refuse,0,103,
54093.034,start,3,101,
54096.879,conflict-at-land,3,101,
54106.366,start,4,102,
54107.392,refuse,0,103,
54111.756,conflict-at-land,4,102,
54111.879,start,3,101,
54112.037,conflict-at-land,7,100,
54114.155,conflict-at-land,3,101,
54122.392,refuse,0,103,
54126.756,start,4,102,
54127.037,start,7,100,
54129.155,start,3,101,
54131.642,conflict-at-land,3,101,
54134.417,conflict-at-land,4,102,
54137.392,refuse,0,103,
54146.642,start,3,101,
54148.794,conflict-at-land,3,101,
54149.417,start,4,102,
54152.392,refuse,0,103,
54154.315,conflict-at-land,4,102,
54159.119,conflict-at-land,7,100,
54163.794,start,3,101,
54167.142,conflict-at-land,3,101,
54167.392,refuse,0,103,
54169.315,start,4,102,
54174.119,start,7,100,
54176.982,conflict-at-land,4,102,
54182.142,start,3,101,
54182.392,refuse,0,103,
54184.322,conflict-at-land,3,101,
54191.982,start,4,102,
54196.991,conflict-at-land,4,102,
54197.392,refuse,0,103,
54198.359,conflict-at-land,7,100,
54199.322,start,3,101,
54203.037,conflict-at-land,3,101,
54211.991,start,4,102,
54212.392,refuse,0,103,
54213.359,start,7,100,
54216.653,conflict-at-land,4,102,
54218.037,start,3,101,
54221.909,conflict-at-land,3,101,
54227.392,refuse,0,103,
54231.653,start,4,102,
54234.799,conflict-at-land,7,100,
54236.909,start,3,101,
54237.316,conflict-at-land,4,102,
54239.266,conflict-at-land,3,101,
54242.392,refuse,0,103,
54249.799,start,7,100,
54252.316,start,4,102,
54254.266,start,3,101,
54256.618,conflict-at-land,3,101,
54257.392,refuse,0,103,
54260.006,conflict-at-land,4,102,
54261.862,conflict-at-land,5,53,
54271.618,start,3,101,
54272.392,refuse,0,103,
54275.006,start,4,102,
54275.405,conflict-at-land,3,101,
54276.862,start,5,53,
54279.271,conflict-at-land,7,100,
54281.953,conflict-at-land,4,102,
54287.392,refuse,0,103,
54290.405,start,3,101,
54292.551,conflict-at-land,3,101,
54294.271,start,7,100,
54296.953,start,4,102,
54302.392,refuse,0,103,
54303.873,conflict-at-land,4,102,
54307.551,start,3,101,
54311.162,conflict-at-land,3,101,
54311.7,conflict-at-land,6,6,
54317.392,refuse,0,103,
54318.873,start,4,102,
54319.885,conflict-at-land,7,100,
54323.202,conflict-at-land,1,25,
54324.015,conflict-at-land,4,102,
54326.162,start,3,101,
54326.7,start,6,6,
54328.416,conflict-at-land,3,101,
54332.392,refuse,0,103,
54334.885,start,7,100,
54338.202,start,1,25,
54339.015,start,4,102,
54343.416,start,3,101,
54346.142,conflict-at-land,4,102,
54346.687,conflict-at-land,3,101,
54347.392,refuse,0,103,
54357.808,conflict-at-land,7,100,
54361.142,start,4,102,
54361.687,start,3,101,
54362.392,refuse,0,103,
54364.218,conflict-at-land,3,101,
54365.499,conflict-at-land,4,102,
54372.808,start,7,100,
54377.392,refuse,0,103,
54379.218,start,3,101,
54380.499,start,4,102,
54382.081,conflict-at-land,3,101,
54382.081,abandon,3,101,
54382.081,start,3,104,
54384.722,conflict-at-land,3,104,
54387.854,conflict-at-land,4,102,
54392.392,refuse,0,103,
54394.823,conflict-at-land,7,100,
54399.722,start,3,104,
54401.847,conflict-at-land,3,104,
54402.854,start,4,102,
54407.392,refuse,0,103,
54409.823,start,7,100,
54410.624,conflict-at-land,4,102,
54416.847,start,3,104,
54419.437,conflict-at-land,3,104,
54422.392,refuse,0,103,
54425.624,start,4,102,
54432.47,conflict-at-land,4,102,
54434.437,start,3,104,
54437.189,conflict-at-land,3,104,
54437.392,refuse,0,103,
54438.842,conflict-at-land,7,100,
54440.31,conflict-at-land,2,66,
54447.47,start,4,102,
54452.189,start,3,104,
54452.392,start,0,103,
54453.842,start,7,100,
54454.791,conflict-at-land,4,102,
54455.31,refuse,2,66,
54455.79,conflict-at-land,3,104,
54469.791,start,4,102,
54470.31,refuse,2,66,
54470.79,start,3,104,
54474.177,conflict-at-land,3,104,
54476.762,conflict-at-land,7,100,
54476.992,conflict-at-land,4,102,
54485.31,refuse,2,66,
54489.177,start,3,104,
54491.762,start,7,100,
54491.992,start,4,102,
54492.179,conflict-at-land,3,104,
54499.353,conflict-at-land,4,102,
54500.31,refuse,2,66,
54507.179,start,3,104,
54510.327,conflict-at-land,3,104,
54514.353,start,4,102,
54515.31,refuse,2,66,
54516.834,conflict-at-land,7,100,
54519.923,conflict-at-land,4,102,
54525.327,start,3,104,
54528.686,conflict-at-land,3,104,
54530.31,refuse,2,66,
54531.834,start,7,100,
54534.923,start,4,102,
54541.868,conflict-at-land,4,102,
54543.686,start,3,104,
54545.31,refuse,2,66,
54546.624,conflict-at-land,3,104,
54554.112,conflict-at-land,7,100,
54556.868,start,4,102,
54560.31,refuse,2,66,
54561.624,start,3,104,
54562.906,conflict-at-land,4,102,
54565.04,conflict-at-land,3,104,
54569.112,start,7,100,
54575.31,refuse,2,66,
54577.906,start,4,102,
54580.04,start,3,104,
54583.258,conflict-at-land,3,104,
54584.934,conflict-at-land,4,102,
54590.31,refuse,2,66,
54597.802,conflict-at-land,7,100,
54598.258,start,3,104,
54599.934,start,4,102,
54601.739,conflict-at-land,3,104,
54604.012,conflict-at-land,5,53,
54605.31,refuse,2,66,
54605.324,conflict-at-land,4,102,
54612.802,start,7,100,
54616.739,start,3,104,
54618.839,conflict-at-land,3,104,
54619.012,start,5,53,
54620.31,refuse,2,66,
54620.324,start,4,102,
54627.943,conflict-at-land,4,102,
54633.839,start,3,104,
54635.31,refuse,2,66,
54636.09,conflict-at-land,3,104,
54640.346,conflict-at-land,7,100,
54642.943,start,4,102,
54648.22,conflict-at-land,4,102,
54650.31,refuse,2,66,
54651.09,start,3,104,
54653.204,conflict-at-land,3,104,
54655.346,start,7,100,
54663.22,start,4,102,
54665.31,refuse,2,66,
54668.204,start,3,104,
54669.823,conflict-at-land,4,102,
54671.211,conflict-at-land,3,104,
54680.31,refuse,2,66,
54684.823,start,4,102,
54686.211,start,3,104,
54686.299,conflict-at-land,7,100,
54690.006,conflict-at-land,3,104,
54690.766,conflict-at-land,4,102,
54695.31,refuse,2,66,
54701.299,start,7,100,
54705.006,start,3,104,
54705.766,start,4,102,
54707.695,conflict-at-land,3,104,
54710.31,refuse,2,66,
54713.101,conflict-at-land,4,102,
54722.695,start,3,104,
54725.31,refuse,2,66,
54726.251,conflict-at-land,3,104,
54728.101,start,4,102,
54731.072,conflict-at-land,7,100,
54732.996,conflict-at-land,6,6,
54733.984,conflict-at-land,4,102,
54740.31,refuse,2,66,
54741.251,start,3,104,
54744.003,conflict-at-land,3,104,
54746.072,start,7,100,
54747.996,start,6,6,
54748.984,start,4,102,
54754.548,conflict-at-land,4,102,
54755.31,refuse,2,66,
54759.003,start,3,104,
54761.786,conflict-at-land,3,104,
54769.548,start,4,102,
54770.31,refuse,2,66,
54774.33,conflict-at-land,4,102,
54775.109,conflict-at-land,7,100,
54776.786,start,3,104,
54779.444,conflict-at-land,3,104,
54785.31,refuse,2,66,
54789.33,start,4,102,
54790.109,start,7,100,
54794.444,start,3,104,
54795.858,conflict-at-land,4,102,
54796.796,conflict-at-land,3,104,
54800.31,refuse,2,66,
54810.858,start,4,102,
54811.796,start,3,104,
54814.127,conflict-at-land,3,104,
54815.31,refuse,2,66,
54818.258,conflict-at-land,4,102,
54823.047,conflict-at-land,7,100,
54829.127,start,3,104,
54830.31,refuse,2,66,
54832.515,conflict-at-land,3,104,
54833.258,start,4,102,
54838.047,start,7,100,
54839.461,conflict-at-land,4,102,
54845.31,refuse,2,66,
54847.515,start,3,104,
54849.946,conflict-at-land,3,104,
54854.461,start,4,102,
54859.153,conflict-at-land,4,102,
54860.31,refuse,2,66,
54864.946,start,3,104,
54866.768,conflict-at-land,7,100,
54868.386,conflict-at-land,3,104,
54874.153,start,4,102,
54875.31,refuse,2,66,
54878.638,conflict-at-land,4,102,
54878.66,conflict-at-land,5,53,
54881.768,start,7,100,
54883.386,start,3,104,
54885.736,conflict-at-land,3,104,
54890.31,refuse,2,66,
54893.638,start,4,102,
54893.66,start,5,53,
54899.227,conflict-at-land,4,102,
54900.736,start,3,104,
54903.165,conflict-at-land,3,104,
54904.378,conflict-at-land,7,100,
54905.31,refuse,2,66,
54914.227,start,4,102,
54918.165,start,3,104,
54919.378,start,7,100,
54920.31,refuse,2,66,
54920.814,conflict-at-land,3,104,
54920.826,conflict-at-land,4,102,
54935.31,refuse,2,66,
54935.814,start,3,104,
54935.826,start,4,102,
54939.3,conflict-at-land,0,103,
54939.5,conflict-at-land,3,104,
54941.968,conflict-at-land,4,102,
54942.987,conflict-at-land,7,100,
54950.31,start,2,66,
54954.3,refuse,0,103,
54954.5,start,3,104,
54956.882,conflict-at-land,3,104,
54956.968,start,4,102,
54957.987,start,7,100,
54963.389,conflict-at-land,4,102,
54969.3,refuse,0,103,
54971.882,start,3,104,
54974.002,conflict-at-land,3,104,
54978.389,start,4,102,
54982.338,conflict-at-land,7,100,
54983.106,conflict-at-land,4,102,
54984.3,refuse,0,103,
54989.002,start,3,104,
54991.117,conflict-at-land,3,104,
54997.338,start,7,100,
54998.106,start,4,102,
54999.3,refuse,0,103,
55002.504,conflict-at-land,4,102,
55006.117,start,3,104,
55009.975,conflict-at-land,3,104,
55014.3,refuse,0,103,
55017.504,start,4,102,
55022.127,conflict-at-land,4,102,
55024.975,start,3,104,
55025.799,conflict-at-land,7,100,
55028.11,conflict-at-land,3,104,
55029.3,refuse,0,103,
55037.127,start,4,102,
55040.799,start,7,100,
55042.647,conflict-at-land,4,102,
55043.11,start,3,104,
55044.3,refuse,0,103,
55045.358,conflict-at-land,3,104,
55057.647,start,4,102,
55059.3,refuse,0,103,
55060.358,start,3,104,
55062.576,conflict-at-land,3,104,
55063.716,conflict-at-land,4,102,
55074.3,refuse,0,103,
55074.568,conflict-at-land,7,100,
55077.576,start,3,104,
55078.716,start,4,102,
55080.223,conflict-at-land,3,104,
55084.174,conflict-at-land,4,102,
55089.3,refuse,0,103,
55089.568,start,7,100,
55095.223,start,3,104,
55098.738,conflict-at-land,3,104,
55099.174,start,4,102,
55103.27,conflict-at-land,6,6,
55104.3,refuse,0,103,
55106.184,conflict-at-land,4,102,
55111.345,conflict-at-land,1,25,
55113.738,start,3,104,
55117.505,conflict-at-land,3,104,
55118.27,start,6,6,
55119.3,refuse,0,103,
55121.184,start,4,102,
55123.268,conflict-at-land,7,100,
55125.775,conflict-at-land,5,53,
55126.345,start,1,25,
55126.979,conflict-at-land,4,102,
55132.505,start,3,104,
55134.3,refuse,0,103,
55136.319,conflict-at-land,3,104,
55138.268,start,7,100,
55140.775,start,5,53,
55141.979,start,4,102,
55146.227,conflict-at-land,4,102,
55149.3,refuse,0,103,
55151.319,start,3,104,
55153.805,conflict-at-land,3,104,
55157.587,conflict-at-land,7,100,
55161.227,start,4,102,
55164.3,refuse,0,103,
55166.752,conflict-at-land,4,102,
55168.805,start,3,104,
55170.989,conflict-at-land,3,104,
55172.587,start,7,100,
55179.3,refuse,0,103,
55181.752,start,4,102,
55185.989,start,3,104,
55187.107,conflict-at-land,4,102,
55188.567,conflict-at-land,3,104,
55194.3,refuse,0,103,
55200.585,conflict-at-land,7,100,
55202.107,start,4,102,
55203.567,start,3,104,
55207.232,conflict-at-land,3,104,
55209.3,refuse,0,103,
55209.653,conflict-at-land,4,102,
55215.585,start,7,100,
55222.232,start,3,104,
55224.3,refuse,0,103,
55224.653,start,4,102,
55224.919,conflict-at-land,3,104,
55230.703,conflict-at-land,4,102,
55239.3,refuse,0,103,
55239.919,start,3,104,
55243.261,conflict-at-land,3,104,
55245.703,start,4,102,
55247.232,conflict-at-land,7,100,
55253.195,conflict-at-land,4,102,
55253.195,abandon,4,102,
55253.195,start,4,105,
55254.3,refuse,0,103,
55258.261,refuse,3,104,
55262.232,start,7,100,
55265.653,conflict-at-land,4,105,
55269.3,refuse,0,103,
55273.261,start,3,104,
55276.818,conflict-at-land,3,104,
55280.653,start,4,105,
55282.892,conflict-at-land,7,100,
55284.3,refuse,0,103,
55290.054,conflict-at-land,4,105,
55291.818,start,3,104,
55294.278,conflict-at-land,3,104,
55297.892,start,7,100,
55299.3,refuse,0,103,
55305.054,start,4,105,
55309.278,refuse,3,104,
55314.3,refuse,0,103,
55314.606,conflict-at-land,4,105,
55324.278,start,3,104,
55326.104,conflict-at-land,7,100,
55327.503,conflict-at-land,3,104,
55329.3,refuse,0,103,
55329.606,start,4,105,
55340.807,conflict-at-land,4,105,
55341.104,start,7,100,
55342.503,start,3,104,
55344.3,refuse,0,103,
55345.186,conflict-at-land,3,104,
55355.807,start,4,105,
55359.3,refuse,0,103,
55360.186,refuse,3,104,
55365.315,conflict-at-land,4,105,
55374.3,refuse,0,103,
55374.968,conflict-at-land,7,100,
55375.186,start,3,104,
55378.974,conflict-at-land,3,104,
55380.315,start,4,105,
55389.3,refuse,0,103,
55389.968,start,7,100,
55393.974,refuse,3,104,
55395.125,conflict-at-land,4,105,
55404.3,refuse,0,103,
55408.974,start,3,104,
55410.125,refuse,4,105,
55411.857,conflict-at-land,3,104,
55414.654,conflict-at-land,7,100,
55419.3,refuse,0,103,
55425.125,start,4,105,
55426.857,refuse,3,104,
55429.654,start,7,100,
55434.3,refuse,0,103,
55436.293,conflict-at-land,4,105,
55441.857,start,3,104,
55444.537,conflict-at-land,3,104,
55449.3,refuse,0,103,
55451.293,start,4,105,
55457.793,conflict-at-land,7,100,
55459.537,refuse,3,104,
55462.083,conflict-at-land,4,105,
55464.3,refuse,0,103,
55472.793,start,7,100,
55474.537,start,3,104,
55477.083,refuse,4,105,
55478.031,conflict-at-land,3,104,
55479.3,refuse,0,103,
55480.6,conflict-at-land,5,53,
55492.083,start,4,105,
55493.031,refuse,3,104,
55494.3,refuse,0,103,
55495.6,start,5,53,
55501.632,conflict-at-land,7,100,
55503.866,conflict-at-land,4,105,
55508.031,start,3,104,
55509.3,refuse,0,103,
55511.067,conflict-at-land,3,104,
55516.632,start,7,100,
55517.728,conflict-at-land,6,6,
55518.866,start,4,105,
55524.3,refuse,0,103,
55526.067,refuse,3,104,
55528.255,conflict-at-land,4,105,
55532.728,start,6,6,
55539.3,refuse,0,103,
55541.067,start,3,104,
55543.255,refuse,4,105,
55544.826,conflict-at-land,3,104,
55547.872,conflict-at-land,7,100,
55554.3,refuse,0,103,
55558.255,start,4,105,
55559.826,refuse,3,104,
55562.872,start,7,100,
55568.071,conflict-at-land,4,105,
55569.3,refuse,0,103,
55574.826,start,3,104,
55577.453,conflict-at-land,3,104,
55583.071,start,4,105,
55584.3,refuse,0,103,
55587.003,conflict-at-land,7,100,
55592.453,refuse,3,104,
55595.342,conflict-at-land,4,105,
55599.3,refuse,0,103,
55602.003,start,7,100,
55607.453,start,3,104,
55610.342,refuse,4,105,
55611.066,conflict-at-land,3,104,
55614.3,refuse,0,103,
55623.139,conflict-at-land,7,100,
55625.342,start,4,105,
55626.066,refuse,3,104,
55629.3,refuse,0,103,
55636.232,conflict-at-land,4,105,
55638.139,start,7,100,
55641.066,start,3,104,
55644.238,conflict-at-land,3,104,
55644.3,refuse,0,103,
55651.232,start,4,105,
55659.238,refuse,3,104,
55659.3,refuse,0,103,
55659.576,conflict-at-land,1,25,
55665.432,conflict-at-land,4,105,
55669.27,conflict-at-land,7,100,
55674.238,start,3,104,
55674.3,refuse,0,103,
55674.576,start,1,25,
55678.047,conflict-at-land,3,104,
55680.432,start,4,105,
55684.27,start,7,100,
55689.3,refuse,0,103,
55691.852,conflict-at-land,4,105,
55693.047,start,3,104,
55696.494,conflict-at-land,3,104,
55704.3,refuse,0,103,
55706.852,start,4,105,
55711.494,refuse,3,104,
55717.11,conflict-at-land,5,53,
55717.885,conflict-at-land,7,100,
55719.3,refuse,0,103,
55719.799,conflict-at-land,4,105,
55726.494,start,3,104,
55729.292,conflict-at-land,3,104,
55732.11,start,5,53,
55732.885,start,7,100,
55734.3,refuse,0,103,
55734.799,start,4,105,
55744.292,refuse,3,104,
55746.245,conflict-at-land,4,105,
55749.3,refuse,0,103,
55751.886,conflict-at-land,7,100,
55759.292,start,3,104,
55761.245,refuse,4,105,
55763.153,conflict-at-land,3,104,
55764.3,refuse,0,103,
55766.886,start,7,100,
55776.245,start,4,105,
55778.153,refuse,3,104,
55779.3,refuse,0,103,
55791.148,conflict-at-land,4,105,
55793.153,start,3,104,
55794.3,refuse,0,103,
55796.61,conflict-at-land,3,104,
55798.272,conflict-at-land,7,100,
55806.148,start,4,105,
55809.3,refuse,0,103,
55811.61,refuse,3,104,
55813.272,start,7,100,
55821.681,conflict-at-land,4,105,
55824.3,refuse,0,103,
55826.61,start,3,104,
55830.406,conflict-at-land,3,104,
55836.681,start,4,105,
55839.3,refuse,0,103,
55845.406,refuse,3,104,
55845.515,conflict-at-land,4,105,
55847.849,conflict-at-land,7,100,
55854.3,refuse,0,103,
55860.406,start,3,104,
55860.515,refuse,4,105,
55862.849,start,7,100,
55863.08,conflict-at-land,3,104,
55869.3,refuse,0,103,
55875.515,start,4,105,
55878.08,refuse,3,104,
55884.3,refuse,0,103,
55886.602,conflict-at-land,4,105,
55889.214,conflict-at-land,7,100,
55893.08,start,3,104,
55896.823,conflict-at-land,3,104,
55899.3,refuse,0,103,
55901.602,start,4,105,
55904.214,start,7,100,
55909.615,conflict-at-land,6,6,
55910.262,conflict-at-land,4,105,
55911.823,start,3,104,
55914.133,conflict-at-land,3,104,
55914.3,refuse,0,103,
55924.615,start,6,6,
55925.195,conflict-at-land,7,100,
55925.262,start,4,105,
55929.133,refuse,3,104,
55929.3,refuse,0,103,
55940.195,start,7,100,
55940.499,conflict-at-land,4,105,
55944.133,start,3,104,
55944.3,refuse,0,103,
55947.354,conflict-at-land,3,104,
55955.499,start,4,105,
55959.3,refuse,0,103,
55960.221,conflict-at-land,7,100,
55962.354,refuse,3,104,
55964.919,conflict-at-land,4,105,
55974.3,refuse,0,103,
55975.221,start,7,100,
55977.354,start,3,104,
55979.919,refuse,4,105,
55981.1,conflict-at-land,3,104,
55989.3,refuse,0,103,
55994.919,start,4,105,
55996.1,refuse,3,104,
56001.25,conflict-at-land,5,53,
56004.3,refuse,0,103,
56008.132,conflict-at-land,4,105,
56009.122,conflict-at-land,7,100,
56011.1,start,3,104,
56014.894,conflict-at-land,3,104,
56016.25,start,5,53,
56019.3,refuse,0,103,
56023.132,start,4,105,
56024.122,start,7,100,
56029.894,refuse,3,104,
56034.3,refuse,0,103,
56036.566,conflict-at-land,4,105,
56044.894,start,3,104,
56047.197,conflict-at-land,3,104,
56049.3,refuse,0,103,
56050.556,conflict-at-land,7,100,
56051.566,start,4,105,
56061.33,conflict-at-land,4,105,
56062.197,start,3,104,
56064.3,refuse,0,103,
56065.556,start,7,100,
56065.68,conflict-at-land,3,104,
56076.33,start,4,105,
56079.3,refuse,0,103,
56080.68,refuse,3,104,
56085.565,conflict-at-land,7,100,
56088.785,conflict-at-land,4,105,
56094.3,refuse,0,103,
56095.68,start,3,104,
56098.236,conflict-at-land,3,104,
56100.565,start,7,100,
56103.785,start,4,105,
56109.3,refuse,0,103,
56113.236,refuse,3,104,
56116.183,conflict-at-land,4,105,
56124.3,refuse,0,103,
56128.236,start,3,104,
56131.183,refuse,4,105,
56131.896,conflict-at-land,3,104,
56134.251,conflict-at-land,7,100,
56139.3,refuse,0,103,
56146.183,start,4,105,
56146.896,refuse,3,104,
56149.251,start,7,100,
56154.3,refuse,0,103,
56154.732,conflict-at-land,4,105,
56155.182,conflict-at-land,2,66,
56161.896,start,3,104,
56164.051,conflict-at-land,3,104,
56169.007,conflict-at-land,7,100,
56169.3,start,0,103,
56169.732,start,4,105,
56170.182,refuse,2,66,
56179.051,refuse,3,104,
56184.007,start,7,100,
56184.686,conflict-at-land,4,105,
56185.182,refuse,2,66,
56194.051,start,3,104,
56197.15,conflict-at-land,3,104,
56199.686,start,4,105,
56200.182,refuse,2,66,
56208.529,conflict-at-land,4,105,
56212.15,start,3,104,
56215.182,refuse,2,66,
56216.021,conflict-at-land,3,104,
56217.181,conflict-at-land,7,100,
56223.529,start,4,105,
56230.182,refuse,2,66,
56231.021,refuse,3,104,
56232.181,start,7,100,
56232.56,conflict-at-land,4,105,
56245.182,refuse,2,66,
56246.021,start,3,104,
56247.56,refuse,4,105,
56249.829,conflict-at-land,3,104,
56257.991,conflict-at-land,7,100,
56260.182,refuse,2,66,
56262.56,start,4,105,
56264.829,refuse,3,104,
56271.077,conflict-at-land,1,25,
56272.991,start,7,100,
56273.594,conflict-at-land,4,105,
56275.182,refuse,2,66,
56279.829,start,3,104,
56283.58,conflict-at-land,3,104,
56286.077,start,1,25,
56288.594,start,4,105,
56290.182,refuse,2,66,
56292.379,conflict-at-land,7,100,
56298.58,refuse,3,104,
56301.495,conflict-at-land,4,105,
56305.182,refuse,2,66,
56307.379,start,7,100,
56313.58,start,3,104,
56316.31,conflict-at-land,3,104,
56316.495,start,4,105,
56320.182,refuse,2,66,
56323.975,conflict-at-land,6,6,
56330.567,conflict-at-land,4,105,
56331.31,start,3,104,
56332.102,conflict-at-land,7,100,
56334.692,conflict-at-land,3,104,
56335.182,refuse,2,66,
56338.975,start,6,6,
56345.567,start,4,105,
56347.102,start,7,100,
56349.692,refuse,3,104,
56350.182,refuse,2,66,
56353.77,conflict-at-land,5,53,
56360.509,conflict-at-land,4,105,
56364.692,start,3,104,
56365.182,refuse,2,66,
56367.628,conflict-at-land,3,104,
56368.77,start,5,53,
56373.869,conflict-at-land,7,100,
56375.509,start,4,105,
56380.182,refuse,2,66,
56382.628,refuse,3,104,
56388.869,start,7,100,
56389.719,conflict-at-land,4,105,
56395.182,refuse,2,66,
56397.628,start,3,104,
56400.597,conflict-at-land,3,104,
56404.719,start,4,105,
56410.182,refuse,2,66,
56415.597,refuse,3,104,
56416.295,conflict-at-land,7,100,
56417.589,conflict-at-land,4,105,
56425.182,refuse,2,66,
56430.597,start,3,104,
56431.295,start,7,100,
56432.589,refuse,4,105,
56433.067,conflict-at-land,3,104,
56440.182,refuse,2,66,
56447.589,start,4,105,
56448.067,refuse,3,104,
56455.182,refuse,2,66,
56457.462,conflict-at-land,4,105,
56463.067,start,3,104,
56465.318,conflict-at-land,7,100,
56465.601,conflict-at-land,3,104,
56470.182,refuse,2,66,
56472.462,start,4,105,
56480.318,start,7,100,
56480.601,refuse,3,104,
56485.182,refuse,2,66,
56485.975,conflict-at-land,4,105,
56495.601,start,3,104,
56498.925,conflict-at-land,3,104,
56500.182,refuse,2,66,
56500.975,start,4,105,
56507.772,conflict-at-land,7,100,
56510.593,conflict-at-land,4,105,
56513.925,start,3,104,
56515.182,refuse,2,66,
56517.0,conflict-at-land,3,104,
56522.772,start,7,100,
56525.593,start,4,105,
56530.182,refuse,2,66,
56532.0,refuse,3,104,
56535.747,conflict-at-land,4,105,
56545.182,refuse,2,66,
56547.0,start,3,104,
56550.351,conflict-at-land,3,104,
56550.747,start,4,105,
56556.72,conflict-at-land,7,100,
56560.182,refuse,2,66,
56564.393,conflict-at-land,4,105,
56565.351,start,3,104,
56568.686,conflict-at-land,3,104,
56571.72,start,7,100,
56575.182,refuse,2,66,
56579.393,start,4,105,
56583.686,refuse,3,104,
56590.182,refuse,2,66,
56591.171,conflict-at-land,4,105,
56598.686,start,3,104,
56602.012,conflict-at-land,3,104,
56604.318,conflict-at-land,7,100,
56605.182,refuse,2,66,
56606.171,start,4,105,
56617.012,refuse,3,104,
56618.783,conflict-at-land,4,105,
56619.318,start,7,100,
56620.182,refuse,2,66,
56632.012,start,3,104,
56633.783,refuse,4,105,
56635.182,refuse,2,66,
56635.647,conflict-at-land,3,104,
56648.783,start,4,105,
56649.635,conflict-at-land,7,100,
56650.182,refuse,2,66,
56650.647,refuse,3,104,
56659.476,conflict-at-land,4,105,
56664.635,start,7,100,
56665.182,refuse,2,66,
56665.647,start,3,104,
56667.107,conflict-at-land,5,53,
56669.114,conflict-at-land,3,104,
56674.476,start,4,105,
56680.182,refuse,2,66,
56682.107,start,5,53,
56684.114,refuse,3,104,
56684.794,conflict-at-land,4,105,
56691.947,conflict-at-land,7,100,
56695.182,refuse,2,66,
56696.006,conflict-at-land,6,6,
56699.114,start,3,104,
56699.794,refuse,4,105,
56702.679,conflict-at-land,3,104,
56706.947,start,7,100,
56710.182,refuse,2,66,
56711.006,start,6,6,
56714.794,start,4,105,
56717.679,refuse,3,104,
56720.277,conflict-at-land,0,103,
56725.182,start,2,66,
56727.121,conflict-at-land,4,105,
56732.679,start,3,104,
56734.56,conflict-at-land,7,100,
56735.277,refuse,0,103,
56735.912,conflict-at-land,3,104,
56742.121,start,4,105,
56749.56,start,7,100,
56750.277,refuse,0,103,
56750.912,refuse,3,104,
56756.982,conflict-at-land,4,105,
56765.277,refuse,0,103,
56765.277,abandon,0,103,
56765.277,start,0,106,
56765.912,start,3,104,
56768.406,conflict-at-land,3,104,
56771.982,start,4,105,
56778.285,conflict-at-land,7,100,
56783.406,refuse,3,104,
56784.486,conflict-at-land,4,105,
56793.285,start,7,100,
56798.406,start,3,104,
56799.486,refuse,4,105,
56800.778,conflict-at-land,3,104,
56813.618,conflict-at-land,7,100,
56814.486,start,4,105,
56815.778,refuse,3,104,
56828.618,start,7,100,
56829.741,conflict-at-land,4,105,
56830.778,start,3,104,
56834.428,conflict-at-land,3,104,
56838.142,conflict-at-land,0,106,
56844.741,start,4,105,
56849.428,refuse,3,104,
56853.142,start,0,106,
56856.546,conflict-at-land,7,100,
56859.099,conflict-at-land,4,105,
56864.428,start,3,104,
56867.323,conflict-at-land,3,104,
56871.546,start,7,100,
56874.099,start,4,105,
56877.695,conflict-at-land,1,25,
56882.323,refuse,3,104,
56885.167,conflict-at-land,4,105,
56892.695,start,1,25,
56897.323,start,3,104,
56897.436,conflict-at-land,7,100,
56899.557,conflict-at-land,3,104,
56900.167,start,4,105,
56910.013,conflict-at-land,4,105,
56912.436,start,7,100,
56914.557,start,3,104,
56917.421,conflict-at-land,3,104,
56925.013,start,4,105,
56932.421,refuse,3,104,
56933.748,conflict-at-land,4,105,
56945.621,conflict-at-land,7,100,
56947.421,start,3,104,
56948.748,refuse,4,105,
56950.367,conflict-at-land,3,104,
56950.767,conflict-at-land,0,106,
56960.621,start,7,100,
56963.748,start,4,105,
56965.367,refuse,3,104,
56965.767,start,0,106,
56973.042,conflict-at-land,5,53,
56974.143,conflict-at-land,4,105,
56980.367,start,3,104,
56983.836,conflict-at-land,3,104,
56988.042,start,5,53,
56989.143,start,4,105,
56994.921,conflict-at-land,7,100,
56998.836,refuse,3,104,
57003.736,conflict-at-land,4,105,
57009.921,start,7,100,
57013.836,start,3,104,
57016.075,conflict-at-land,3,104,
57018.736,start,4,105,
57029.717,conflict-at-land,4,105,
57031.075,start,3,104,
57034.48,conflict-at-land,3,104,
57039.579,conflict-at-land,7,100,
57044.717,start,4,105,
57049.48,refuse,3,104,
57054.577,conflict-at-land,0,106,
57054.579,start,7,100,
57059.303,conflict-at-land,4,105,
57064.48,start,3,104,
57066.757,conflict-at-land,3,104,
57069.577,start,0,106,
57074.303,start,4,105,
57081.757,refuse,3,104,
57082.824,conflict-at-land,7,100,
57085.629,conflict-at-land,4,105,
57096.757,start,3,104,
57097.824,start,7,100,
57100.232,conflict-at-land,3,104,
57100.629,start,4,105,
57114.208,conflict-at-land,4,105,
57115.232,start,3,104,
57118.613,conflict-at-land,3,104,
57119.623,conflict-at-land,6,6,
57122.746,conflict-at-land,7,100,
57129.183,conflict-at-land,0,106,
57129.208,start,4,105,
57133.613,refuse,3,104,
57134.623,start,6,6,
57137.746,start,7,100,
57143.056,conflict-at-land,4,105,
57144.183,start,0,106,
57148.613,start,3,104,
57152.31,conflict-at-land,3,104,
57158.056,start,4,105,
57167.234,conflict-at-land,7,100,
57167.31,refuse,3,104,
57169.097,conflict-at-land,4,105,
57182.234,start,7,100,
57182.31,start,3,104,
57184.097,refuse,4,105,
57185.222,conflict-at-land,3,104,
57196.372,conflict-at-land,5,53,
57199.097,start,4,105,
57200.222,refuse,3,104,
57210.045,conflict-at-land,4,105,
57211.372,start,5,53,
57215.222,start,3,104,
57216.108,conflict-at-land,7,100,
57217.514,conflict-at-land,3,104,
57223.414,conflict-at-land,0,106,
57225.045,start,4,105,
57231.108,start,7,100,
57232.514,refuse,3,104,
57238.414,start,0,106,
57239.239,conflict-at-land,4,105,
57247.514,start,3,104,
57250.138,conflict-at-land,3,104,
57254.239,start,4,105,
57262.853,conflict-at-land,7,100,
57265.138,refuse,3,104,
57267.86,conflict-at-land,4,105,
57277.853,start,7,100,
57280.138,start,3,104,
57282.86,refuse,4,105,
57283.992,conflict-at-land,3,104,
57297.86,start,4,105,
57298.992,refuse,3,104,
57306.796,conflict-at-land,4,105,
57307.632,conflict-at-land,7,100,
57313.992,start,3,104,
57316.863,conflict-at-land,3,104,
57321.796,start,4,105,
57322.632,start,7,100,
57327.174,conflict-at-land,0,106,
57331.863,refuse,3,104,
57334.867,conflict-at-land,4,105,
57342.174,start,0,106,
57346.863,start,3,104,
57347.43,conflict-at-land,7,100,
57349.656,conflict-at-land,3,104,
57349.867,start,4,105,
57362.43,start,7,100,
57364.235,conflict-at-land,4,105,
57364.656,start,3,104,
57368.373,conflict-at-land,3,104,
57379.235,start,4,105,
57383.373,refuse,3,104,
57387.489,conflict-at-land,6,6,
57391.034,conflict-at-land,7,100,
57394.029,conflict-at-land,4,105,
57398.373,start,3,104,
57401.225,conflict-at-land,3,104,
57402.489,start,6,6,
57404.878,conflict-at-land,0,106,
57406.034,start,7,100,
57409.029,start,4,105,
57416.225,refuse,3,104,
57417.459,conflict-at-land,4,105,
57419.878,start,0,106,
57426.868,conflict-at-land,7,100,
57431.225,start,3,104,
57432.459,refuse,4,105,
57435.021,conflict-at-land,3,104,
57441.868,start,7,100,
57447.459,start,4,105,
57450.021,refuse,3,104,
57452.633,conflict-at-land,1,25,
57456.322,conflict-at-land,4,105,
57460.051,conflict-at-land,5,53,
57465.021,start,3,104,
57467.314,conflict-at-land,3,104,
57467.633,start,1,25,
57471.322,start,4,105,
57475.051,start,5,53,
57475.071,conflict-at-land,7,100,
57482.314,refuse,3,104,
57485.055,conflict-at-land,4,105,
57487.403,conflict-at-land,0,106,
57490.071,start,7,100,
57497.314,start,3,104,
57499.702,conflict-at-land,3,104,
57500.055,start,4,105,
57502.403,start,0,106,
57509.993,conflict-at-land,4,105,
57512.538,conflict-at-land,7,100,
57514.702,start,3,104,
57518.013,conflict-at-land,3,104,
57524.993,start,4,105,
57527.538,start,7,100,
57533.013,refuse,3,104,
57534.23,conflict-at-land,4,105,
57548.013,start,3,104,
57549.23,refuse,4,105,
57551.037,conflict-at-land,3,104,
57562.371,conflict-at-land,7,100,
57562.371,abandon,7,100,
57562.371,refuse,7,107,
57564.23,start,4,105,
57566.037,refuse,3,104,
57577.111,conflict-at-land,4,105,
57577.371,refuse,7,107,
57581.037,start,3,104,
57583.534,conflict-at-land,3,104,
57589.052,conflict-at-land,0,106,
57592.111,start,4,105,
57592.371,start,7,107,
57598.534,refuse,3,104,
57602.362,conflict-at-land,4,105,
57604.052,refuse,0,106,
57613.534,start,3,104,
57615.676,conflict-at-land,3,104,
57617.362,start,4,105,
57619.052,refuse,0,106,
57629.172,conflict-at-land,4,105,
57630.676,start,3,104,
57632.964,conflict-at-land,3,104,
57634.052,refuse,0,106,
57644.172,start,4,105,
57647.964,refuse,3,104,
57649.052,refuse,0,106,
57656.446,conflict-at-land,4,105,
57662.129,conflict-at-land,7,107,
57662.964,start,3,104,
57664.052,start,0,106,
57666.713,conflict-at-land,3,104,
57671.446,start,4,105,
57677.129,refuse,7,107,
57681.713,refuse,3,104,
57686.977,conflict-at-land,4,105,
57692.129,refuse,7,107,
57696.713,start,3,104,
57699.874,conflict-at-land,3,104,
57701.977,start,4,105,
57707.129,refuse,7,107,
57714.015,conflict-at-land,4,105,
57714.874,start,3,104,
57717.182,conflict-at-land,3,104,
57722.129,refuse,7,107,
57723.986,conflict-at-land,6,6,
57729.015,start,4,105,
57732.182,refuse,3,104,
57737.129,refuse,7,107,
57738.21,conflict-at-land,4,105,
57738.986,start,6,6,
57747.182,start,3,104,
57750.547,conflict-at-land,3,104,
57752.129,refuse,7,107,
57753.21,start,4,105,
57755.015,conflict-at-land,0,106,
57761.879,conflict-at-land,5,53,
57765.547,refuse,3,104,
57767.129,start,7,107,
57767.262,conflict-at-land,4,105,
57770.015,refuse,0,106,
57776.879,start,5,53,
57780.547,start,3,104,
57782.262,refuse,4,105,
57783.812,conflict-at-land,3,104,
57783.812,abandon,3,104,
57783.812,refuse,3,108,
57785.015,refuse,0,106,
57795.871,conflict-at-land,2,66,
57797.262,start,4,105,
57798.812,refuse,3,108,
57800.015,refuse,0,106,
57806.33,conflict-at-land,4,105,
57810.871,start,2,66,
57813.812,refuse,3,108,
57815.015,refuse,0,106,
57821.33,start,4,105,
57828.812,refuse,3,108,
57830.015,refuse,0,106,
57830.018,conflict-at-land,4,105,
57843.812,refuse,3,108,
57845.015,refuse,0,106,
57845.018,start,4,105,
57857.426,conflict-at-land,4,105,
57858.812,refuse,3,108,
57860.015,refuse,0,106,
57864.048,conflict-at-land,7,107,
57872.426,start,4,105,
57873.812,start,3,108,
57875.015,start,0,106,
57879.048,refuse,7,107,
57880.809,conflict-at-land,3,108,
57885.187,conflict-at-land,4,105,
57894.048,refuse,7,107,
57895.809,start,3,108,
57900.187,start,4,105,
57901.832,conflict-at-land,3,108,
57909.048,refuse,7,107,
57915.762,conflict-at-land,4,105,
57916.832,start,3,108,
57924.048,refuse,7,107,
57924.347,conflict-at-land,3,108,
57930.762,start,4,105,
57939.048,refuse,7,107,
57939.347,start,3,108,
57941.466,conflict-at-land,4,105,
57944.908,conflict-at-land,3,108,
57954.048,refuse,7,107,
57956.466,start,4,105,
57959.908,start,3,108,
57964.23,conflict-at-land,3,108,
57966.599,conflict-at-land,4,105,
57969.048,refuse,7,107,
57979.23,start,3,108,
57981.599,start,4,105,
57982.938,conflict-at-land,0,106,
57984.048,refuse,7,107,
57985.03,conflict-at-land,3,108,
57993.712,conflict-at-land,4,105,
57997.938,start,0,106,
57999.048,refuse,7,107,
58000.03,start,3,108,
58007.598,conflict-at-land,3,108,
58008.712,start,4,105,
58014.048,refuse,7,107,
58022.598,start,3,108,
58023.465,conflict-at-land,4,105,
58028.932,conflict-at-land,3,108,
58029.048,refuse,7,107,
58037.795,conflict-at-land,1,25,
58038.465,start,4,105,
58043.932,start,3,108,
58044.048,refuse,7,107,
58050.164,conflict-at-land,4,105,
58051.426,conflict-at-land,3,108,
58052.795,start,1,25,
58059.048,refuse,7,107,
58065.164,start,4,105,
58066.426,start,3,108,
58071.499,conflict-at-land,3,108,
58072.452,conflict-at-land,5,53,
58074.048,refuse,7,107,
58074.42,conflict-at-land,4,105,
58086.499,start,3,108,
58087.452,start,5,53,
58089.048,refuse,7,107,
58089.42,start,4,105,
58091.465,conflict-at-land,0,106,
58091.498,conflict-at-land,3,108,
58099.778,conflict-at-land,4,105,
58104.048,start,7,107,
58106.465,refuse,0,106,
58106.498,refuse,3,108,
58114.778,start,4,105,
58121.465,refuse,0,106,
58121.498,refuse,3,108,
58127.174,conflict-at-land,4,105,
58136.465,refuse,0,106,
58136.498,refuse,3,108,
58142.174,start,4,105,
58151.465,refuse,0,106,
58151.498,refuse,3,108,
58153.637,conflict-at-land,4,105,
58157.465,conflict-at-land,6,6,
58166.465,refuse,0,106,
58166.498,refuse,3,108,
58168.637,start,4,105,
58172.465,start,6,6,
58180.315,conflict-at-land,4,105,
58181.465,refuse,0,106,
58181.498,refuse,3,108,
58185.26,conflict-at-land,7,107,
58195.315,start,4,105,
58196.465,start,0,106,
58196.498,start,3,108,
58200.26,refuse,7,107,
58202.736,conflict-at-land,3,108,
58210.151,conflict-at-land,4,105,
58215.26,refuse,7,107,
58217.736,start,3,108,
58223.327,conflict-at-land,3,108,
58225.151,start,4,105,
58230.26,refuse,7,107,
58236.72,conflict-at-land,4,105,
58238.327,start,3,108,
58243.998,conflict-at-land,3,108,
58245.26,refuse,7,107,
58251.72,start,4,105,
58258.998,start,3,108,
58260.26,refuse,7,107,
58265.74,conflict-at-land,3,108,
58266.964,conflict-at-land,4,105,
58275.26,refuse,7,107,
58280.74,start,3,108,
58281.964,start,4,105,
58287.33,conflict-at-land,3,108,
58290.26,refuse,7,107,
58295.064,conflict-at-land,4,105,
58296.664,conflict-at-land,0,106,
58302.33,start,3,108,
58305.26,refuse,7,107,
58308.783,conflict-at-land,3,108,
58310.064,start,4,105,
58311.664,start,0,106,
58318.792,conflict-at-land,4,105,
58320.26,refuse,7,107,
58323.783,start,3,108,
58330.674,conflict-at-land,3,108,
58333.792,start,4,105,
58335.26,refuse,7,107,
58336.685,conflict-at-land,5,53,
58345.674,start,3,108,
58346.119,conflict-at-land,4,105,
58350.26,refuse,7,107,
58351.377,conflict-at-land,3,108,
58351.685,start,5,53,
58361.119,start,4,105,
58365.26,refuse,7,107,
58366.377,start,3,108,
58371.161,conflict-at-land,4,105,
58372.854,conflict-at-land,3,108,
58380.26,refuse,7,107,
58386.161,start,4,105,
58387.854,start,3,108,
58394.124,conflict-at-land,3,108,
58395.26,refuse,7,107,
58397.425,conflict-at-land,0,106,
58397.613,conflict-at-land,4,105,
58409.124,start,3,108,
58410.26,refuse,7,107,
58412.425,start,0,106,
58412.613,start,4,105,
58416.328,conflict-at-land,3,108,
58425.26,refuse,7,107,
58427.634,conflict-at-land,4,105,
58431.328,start,3,108,
58437.785,conflict-at-land,3,108,
58440.26,refuse,7,107,
58442.634,start,4,105,
58452.785,start,3,108,
58452.932,conflict-at-land,4,105,
58455.26,refuse,7,107,
58458.472,conflict-at-land,3,108,
58461.473,conflict-at-land,6,6,
58467.932,start,4,105,
58470.26,refuse,7,107,
58473.472,start,3,108,
58476.473,start,6,6,
58476.584,conflict-at-land,4,105,
58479.094,conflict-at-land,3,108,
58485.26,refuse,7,107,
58491.584,start,4,105,
58494.094,start,3,108,
58500.26,refuse,7,107,
58501.754,conflict-at-land,3,108,
58502.655,conflict-at-land,4,105,
58503.849,conflict-at-land,0,106,
58515.26,start,7,107,
58516.754,refuse,3,108,
58517.655,start,4,105,
58518.849,refuse,0,106,
58528.13,conflict-at-land,4,105,
58531.754,refuse,3,108,
58533.849,refuse,0,106,
58543.13,start,4,105,
58546.754,refuse,3,108,
58548.849,refuse,0,106,
58557.198,conflict-at-land,4,105,
58561.754,refuse,3,108,
58563.849,refuse,0,106,
58572.198,start,4,105,
58576.754,refuse,3,108,
58578.849,refuse,0,106,
58586.527,conflict-at-land,4,105,
58591.754,refuse,3,108,
58593.849,refuse,0,106,
58601.527,start,4,105,
58606.754,refuse,3,108,
58608.849,refuse,0,106,
58609.072,conflict-at-land,7,107,
58612.645,conflict-at-land,4,105,
58621.754,start,3,108,
58623.849,start,0,106,
58624.072,refuse,7,107,
58627.645,start,4,105,
58628.789,conflict-at-land,3,108,
58639.072,refuse,7,107,
58640.84,conflict-at-land,4,105,
58643.789,start,3,108,
58648.543,conflict-at-land,3,108,
58654.072,refuse,7,107,
58655.84,start,4,105,
58663.543,start,3,108,
58666.076,conflict-at-land,4,105,
58668.324,conflict-at-land,3,108,
58669.072,refuse,7,107,
58671.837,conflict-at-land,5,53,
58681.076,start,4,105,
58683.324,start,3,108,
58684.072,refuse,7,107,
58686.837,start,5,53,
58689.812,conflict-at-land,3,108,
58693.365,conflict-at-land,1,25,
58694.413,conflict-at-land,4,105,
58699.072,refuse,7,107,
58704.812,start,3,108,
58708.365,start,1,25,
58709.413,start,4,105,
58711.041,conflict-at-land,3,108,
58714.072,refuse,7,107,
58717.612,conflict-at-land,0,106,
58718.328,conflict-at-land,4,105,
58726.041,start,3,108,
58729.072,refuse,7,107,
58730.98,conflict-at-land,3,108,
58732.612,start,0,106,
58733.328,start,4,105,
58743.737,conflict-at-land,4,105,
58744.072,refuse,7,107,
58745.98,start,3,108,
58751.254,conflict-at-land,3,108,
58758.737,start,4,105,
58759.072,refuse,7,107,
58766.254,start,3,108,
58769.819,conflict-at-land,4,105,
58773.911,conflict-at-land,3,108,
58774.072,refuse,7,107,
58784.819,start,4,105,
58784.954,conflict-at-land,2,66,
58788.911,start,3,108,
58789.072,refuse,7,107,
58791.55,conflict-at-land,0,106,
58795.725,conflict-at-land,3,108,
58796.614,conflict-at-land,4,105,
58799.954,start,2,66,
58804.072,start,7,107,
58806.55,refuse,0,106,
58809.324,conflict-at-land,6,6,
58810.725,refuse,3,108,
58811.614,start,4,105,
58821.55,refuse,0,106,
58824.324,start,6,6,
58825.077,conflict-at-land,4,105,
58825.725,refuse,3,108,
58836.55,refuse,0,106,
58840.077,start,4,105,
58840.725,refuse,3,108,
58850.626,conflict-at-land,4,105,
58851.55,refuse,0,106,
58855.725,refuse,3,108,
58865.626,start,4,105,
58866.55,refuse,0,106,
58870.725,refuse,3,108,
58876.116,conflict-at-land,4,105,
58881.55,refuse,0,106,
58885.725,refuse,3,108,
58891.116,start,4,105,
58896.55,refuse,0,106,
58900.341,conflict-at-land,4,105,
58900.725,refuse,3,108,
58902.431,conflict-at-land,7,107,
58911.55,start,0,106,
58915.341,start,4,105,
58915.725,start,3,108,
58917.431,refuse,7,107,
58922.377,conflict-at-land,3,108,
58927.862,conflict-at-land,4,105,
58932.431,refuse,7,107,
58937.377,start,3,108,
58942.049,conflict-at-land,3,108,
58942.862,start,4,105,
58947.431,refuse,7,107,
58952.989,conflict-at-land,4,105,
58957.049,start,3,108,
58962.431,refuse,7,107,
58963.301,conflict-at-land,3,108,
58964.798,conflict-at-land,5,53,
58967.989,start,4,105,
58976.734,conflict-at-land,4,105,
58977.431,refuse,7,107,
58978.301,start,3,108,
58979.798,start,5,53,
58983.417,conflict-at-land,3,108,
58991.734,start,4,105,
58992.431,refuse,7,107,
58998.417,start,3,108,
59000.634,conflict-at-land,0,106,
59000.832,conflict-at-land,4,105,
59002.987,conflict-at-land,3,108,
59007.431,start,7,107,
59015.634,refuse,0,106,
59015.832,start,4,105,
59017.987,refuse,3,108,
59026.193,conflict-at-land,4,105,
59030.634,refuse,0,106,
59032.987,refuse,3,108,
59041.193,start,4,105,
59045.634,refuse,0,106,
59047.987,refuse,3,108,
59054.682,conflict-at-land,4,105,
59060.634,refuse,0,106,
59062.987,refuse,3,108,
59069.682,start,4,105,
59075.634,refuse,0,106,
59077.987,refuse,3,108,
59083.903,conflict-at-land,4,105,
59089.174,conflict-at-land,6,6,
59090.634,refuse,0,106,
59092.987,refuse,3,108,
59098.903,start,4,105,
59104.174,start,6,6,
59105.634,refuse,0,106,
59107.987,refuse,3,108,
59108.324,conflict-at-land,4,105,
59119.851,conflict-at-land,7,107,
59120.634,start,0,106,
59122.987,start,3,108,
59123.324,start,4,105,
59129.447,conflict-at-land,3,108,
59134.354,conflict-at-land,4,105,
59134.851,refuse,7,107,
59144.447,start,3,108,
59149.354,start,4,105,
59149.835,conflict-at-land,3,108,
59149.851,refuse,7,107,
59160.868,conflict-at-land,4,105,
59164.835,start,3,108,
59164.851,refuse,7,107,
59171.983,conflict-at-land,3,108,
59175.868,start,4,105,
59179.851,refuse,7,107,
59186.983,start,3,108,
59191.079,conflict-at-land,4,105,
59191.592,conflict-at-land,3,108,
59194.851,refuse,7,107,
59206.079,start,4,105,
59206.592,start,3,108,
59209.851,refuse,7,107,
59212.955,conflict-at-land,3,108,
59214.943,conflict-at-land,4,105,
59219.093,conflict-at-land,5,53,
59223.455,conflict-at-land,0,106,
59224.851,start,7,107,
59227.955,refuse,3,108,
59229.943,start,4,105,
59234.093,start,5,53,
59238.455,refuse,0,106,
59241.455,conflict-at-land,4,105,
59242.955,refuse,3,108,
59253.455,refuse,0,106,
59256.455,start,4,105,
59257.955,refuse,3,108,
59266.284,conflict-at-land,4,105,
59268.455,refuse,0,106,
59272.955,refuse,3,108,
59281.284,start,4,105,
59283.455,refuse,0,106,
59287.955,refuse,3,108,
59294.311,conflict-at-land,4,105,
59298.455,refuse,0,106,
59302.955,refuse,3,108,
59309.311,start,4,105,
59313.455,refuse,0,106,
59317.955,refuse,3,108,
59320.047,conflict-at-land,4,105,
59328.455,refuse,0,106,
59332.955,refuse,3,108,
59335.047,start,4,105,
59335.669,conflict-at-land,7,107,
59343.455,start,0,106,
59347.955,start,3,108,
59350.079,conflict-at-land,4,105,
59350.669,refuse,7,107,
59352.164,conflict-at-land,3,108,
59365.079,start,4,105,
59365.669,refuse,7,107,
59367.164,start,3,108,
59373.336,conflict-at-land,3,108,
59380.086,conflict-at-land,4,105,
59380.669,refuse,7,107,
59388.336,start,3,108,
59393.625,conflict-at-land,3,108,
59395.086,start,4,105,
59395.669,refuse,7,107,
59407.016,conflict-at-land,4,105,
59408.625,start,3,108,
59410.669,refuse,7,107,
59412.74,conflict-at-land,0,106,
59415.098,conflict-at-land,3,108,
59422.016,start,4,105,
59425.669,start,7,107,
59427.74,refuse,0,106,
59430.098,refuse,3,108,
59432.401,conflict-at-land,4,105,
59442.74,refuse,0,106,
59445.098,refuse,3,108,
59447.401,start,4,105,
59457.74,refuse,0,106,
59460.098,refuse,3,108,
59462.941,conflict-at-land,4,105,
59472.74,refuse,0,106,
59475.098,refuse,3,108,
59477.941,start,4,105,
59479.506,conflict-at-land,1,25,
59487.74,refuse,0,106,
59487.862,conflict-at-land,4,105,
59490.098,refuse,3,108,
59494.506,start,1,25,
59502.74,refuse,0,106,
59502.862,start,4,105,
59505.098,refuse,3,108,
59516.656,conflict-at-land,4,105,
59517.74,refuse,0,106,
59519.955,conflict-at-land,5,53,
59520.098,refuse,3,108,
59531.656,start,4,105,
59532.74,refuse,0,106,
59534.955,start,5,53,
59535.098,refuse,3,108,
59538.804,conflict-at-land,6,6,
59544.196,conflict-at-land,4,105,
59547.74,refuse,0,106,
59549.051,conflict-at-land,7,107,
59550.098,start,3,108,
59553.804,start,6,6,
59556.11,conflict-at-land,3,108,
59559.196,start,4,105,
59562.74,start,0,106,
59564.051,refuse,7,107,
59568.541,conflict-at-land,4,105,
59571.11,start,3,108,
59576.973,conflict-at-land,3,108,
59579.051,refuse,7,107,
59583.541,start,4,105,
59591.973,start,3,108,
59592.872,conflict-at-land,4,105,
59594.051,refuse,7,107,
59597.506,conflict-at-land,3,108,
59607.872,start,4,105,
59609.051,refuse,7,107,
59612.506,start,3,108,
59616.973,conflict-at-land,3,108,
59622.363,conflict-at-land,4,105,
59624.051,refuse,7,107,
59628.247,conflict-at-land,2,66,
59631.973,start,3,108,
59634.709,conflict-at-land,0,106,
59637.363,start,4,105,
59639.051,refuse,7,107,
59639.392,conflict-at-land,3,108,
59643.247,start,2,66,
59646.043,conflict-at-land,4,105,
59649.709,start,0,106,
59654.051,refuse,7,107,
59654.392,start,3,108,
59660.329,conflict-at-land,3,108,
59661.043,start,4,105,
59669.051,refuse,7,107,
59669.819,conflict-at-land,4,105,
59675.329,start,3,108,
59680.485,conflict-at-land,3,108,
59684.051,refuse,7,107,
59684.819,start,4,105,
59695.485,start,3,108,
59697.764,conflict-at-land,4,105,
59699.051,refuse,7,107,
59701.847,conflict-at-land,3,108,
59712.764,start,4,105,
59714.051,refuse,7,107,
59716.847,start,3,108,
59721.941,conflict-at-land,3,108,
59728.072,conflict-at-land,4,105,
59729.051,refuse,7,107,
59736.941,start,3,108,
59742.908,conflict-at-land,3,108,
59743.072,start,4,105,
59743.611,conflict-at-land,0,106,
59744.051,start,7,107,
59757.302,conflict-at-land,4,105,
59757.908,refuse,3,108,
59758.611,refuse,0,106,
59765.104,conflict-at-land,5,53,
59772.302,start,4,105,
59772.908,refuse,3,108,
59773.611,refuse,0,106,
59780.104,start,5,53,
59782.183,conflict-at-land,4,105,
59787.908,refuse,3,108,
59788.611,refuse,0,106,
59797.183,start,4,105,
59802.908,refuse,3,108,
59803.611,refuse,0,106,
59807.768,conflict-at-land,4,105,
59817.908,refuse,3,108,
59818.611,refuse,0,106,
59822.768,start,4,105,
59832.908,refuse,3,108,
59833.611,refuse,0,106,
59836.658,conflict-at-land,4,105,
59840.455,conflict-at-land,7,107,
59847.908,start,3,108,
59848.611,start,0,106,
59851.658,start,4,105,
59852.632,conflict-at-land,3,108,
59855.455,refuse,7,107,
59864.182,conflict-at-land,4,105,
59867.632,start,3,108,
59870.455,refuse,7,107,
59872.221,conflict-at-land,3,108,
59879.182,start,4,105,
59885.455,refuse,7,107,
59887.221,start,3,108,
59892.206,conflict-at-land,3,108,
59893.168,conflict-at-land,4,105,
59900.455,refuse,7,107,
59907.206,start,3,108,
59908.168,start,4,105,
59914.573,conflict-at-land,3,108,
59915.455,refuse,7,107,
59916.978,conflict-at-land,4,105,
59921.317,conflict-at-land,6,6,
59922.283,conflict-at-land,0,106,
59929.573,start,3,108,
59930.455,refuse,7,107,
59931.978,start,4,105,
59934.581,conflict-at-land,3,108,
59936.317,start,6,6,
59937.283,start,0,106,
59943.744,conflict-at-land,4,105,
59945.455,refuse,7,107,
59949.581,start,3,108,
59953.873,conflict-at-land,3,108,
59958.744,start,4,105,
59960.455,refuse,7,107,
59968.873,start,3,108,
59969.787,conflict-at-land,4,105,
59975.455,refuse,7,107,
59976.223,conflict-at-land,3,108,
59983.548,conflict-at-land,5,53,
59984.787,start,4,105,
59990.455,refuse,7,107,
59991.223,start,3,108,
59996.957,conflict-at-land,3,108,
59998.548,start,5,53,
60000.262,conflict-at-land,4,105,
60005.455,refuse,7,107,
60009.998,conflict-at-land,0,106,
60011.957,start,3,108,
60015.262,start,4,105,
60017.372,conflict-at-land,3,108,
60020.455,start,7,107,
60023.882,conflict-at-land,4,105,
60024.998,refuse,0,106,
60031.006,conflict-at-land,1,25,
60032.372,refuse,3,108,
60038.882,start,4,105,
60039.998,refuse,0,106,
60046.006,start,1,25,
60047.372,refuse,3,108,
60051.101,conflict-at-land,4,105,
60054.998,refuse,0,106,
60062.372,refuse,3,108,
60066.101,start,4,105,
60069.998,refuse,0,106,
60077.372,refuse,3,108,
60081.544,conflict-at-land,4,105,
60084.998,refuse,0,106,
60087.798,conflict-at-land,7,107,
60092.372,start,3,108,
60096.544,start,4,105,
60099.998,start,0,106,
60100.11,conflict-at-land,3,108,
60102.798,refuse,7,107,
60105.933,conflict-at-land,4,105,
60115.11,start,3,108,
60117.798,refuse,7,107,
60120.933,start,4,105,
60122.89,conflict-at-land,3,108,
60132.798,refuse,7,107,
60135.242,conflict-at-land,4,105,
60137.89,start,3,108,
60145.607,conflict-at-land,3,108,
60147.798,refuse,7,107,
60150.242,start,4,105,
60160.607,start,3,108,
60162.798,refuse,7,107,
60163.642,conflict-at-land,4,105,
60168.09,conflict-at-land,3,108,
60177.798,refuse,7,107,
60178.642,start,4,105,
60183.09,start,3,108,
60189.555,conflict-at-land,4,105,
60189.684,conflict-at-land,3,108,
60192.798,refuse,7,107,
60201.662,conflict-at-land,5,53,
60204.555,start,4,105,
60204.684,start,3,108,
60207.565,conflict-at-land,0,106,
60207.798,refuse,7,107,
60208.899,conflict-at-land,3,108,
60213.383,conflict-at-land,4,105,
60216.662,start,5,53,
60222.565,start,0,106,
60222.798,refuse,7,107,
60223.899,start,3,108,
60228.383,start,4,105,
60228.564,conflict-at-land,3,108,
60237.798,refuse,7,107,
60241.257,conflict-at-land,4,105,
60243.564,start,3,108,
60247.844,conflict-at-land,3,108,
60252.798,refuse,7,107,
60256.257,start,4,105,
60262.844,start,3,108,
60267.798,refuse,7,107,
60270.631,conflict-at-land,3,108,
60271.305,conflict-at-land,4,105,
60282.798,refuse,7,107,
60285.631,start,3,108,
60286.305,start,4,105,
60292.726,conflict-at-land,3,108,
60297.411,conflict-at-land,4,105,
60297.798,refuse,7,107,
60299.045,conflict-at-land,6,6,
60303.24,conflict-at-land,0,106,
60307.726,start,3,108,
60312.411,start,4,105,
60312.416,conflict-at-land,3,108,
60312.798,start,7,107,
60314.045,start,6,6,
60318.24,refuse,0,106,
60321.823,conflict-at-land,4,105,
60327.416,refuse,3,108,
60333.24,refuse,0,106,
60336.823,start,4,105,
60342.416,refuse,3,108,
60346.137,conflict-at-land,4,105,
60348.24,refuse,0,106,
60357.416,refuse,3,108,
60361.137,start,4,105,
60363.24,refuse,0,106,
60372.416,refuse,3,108,
60376.618,conflict-at-land,4,105,
60378.24,refuse,0,106,
60387.416,refuse,3,108,
60391.618,start,4,105,
60393.24,refuse,0,106,
60402.148,conflict-at-land,4,105,
60402.148,abandon,4,105,
60402.148,refuse,4,109,
60402.416,refuse,3,108,
60408.24,refuse,0,106,
60415.759,conflict-at-land,7,107,
60417.148,start,4,109,
60417.416,start,3,108,
60421.987,conflict-at-land,3,108,
60423.24,start,0,106,
60430.759,refuse,7,107,
60436.987,start,3,108,
60442.0,conflict-at-land,3,108,
60445.759,refuse,7,107,
60457.0,start,3,108,
60457.906,land,4,109,
60457.906,start,4,110,
60460.759,refuse,7,107,
60464.534,conflict-at-land,3,108,
60475.759,refuse,7,107,
60479.534,start,3,108,
60484.206,conflict-at-land,3,108,
60490.759,refuse,7,107,
60499.206,start,3,108,
60500.292,land,4,110,
60500.292,start,4,111,
60504.171,conflict-at-land,3,108,
60505.759,refuse,7,107,
60517.988,conflict-at-land,4,111,
60519.171,start,3,108,
60520.759,refuse,7,107,
60524.343,conflict-at-land,0,106,
60526.304,conflict-at-land,3,108,
60532.988,start,4,111,
60535.759,start,7,107,
60539.343,refuse,0,106,
60541.304,refuse,3,108,
60550.147,conflict-at-land,4,111,
60550.225,conflict-at-land,5,53,
60554.343,refuse,0,106,
60556.304,refuse,3,108,
60565.147,start,4,111,
60565.225,start,5,53,
60569.343,refuse,0,106,
60571.304,refuse,3,108,
60578.017,conflict-at-land,4,111,
60584.343,refuse,0,106,
60586.304,refuse,3,108,
60593.017,start,4,111,
60599.343,refuse,0,106,
60601.304,refuse,3,108,
60614.343,refuse,0,106,
60615.331,conflict-at-land,4,111,
60615.365,conflict-at-land,7,107,
60616.304,start,3,108,
60623.363,conflict-at-land,3,108,
60629.343,start,0,106,
60630.331,start,4,111,
60630.365,refuse,7,107,
60638.363,start,3,108,
60643.758,conflict-at-land,3,108,
60645.365,refuse,7,107,
60647.654,conflict-at-land,4,111,
60658.758,start,3,108,
60660.365,refuse,7,107,
60662.654,start,4,111,
60663.77,conflict-at-land,3,108,
60675.365,refuse,7,107,
60678.77,start,3,108,
60681.018,conflict-at-land,4,111,
60685.124,conflict-at-land,3,108,
60690.365,refuse,7,107,
60696.018,start,4,111,
60700.124,start,3,108,
60705.365,refuse,7,107,
60706.952,conflict-at-land,3,108,
60710.258,conflict-at-land,0,106,
60713.494,conflict-at-land,4,111,
60718.441,conflict-at-land,6,6,
60720.365,start,7,107,
60721.952,refuse,3,108,
60725.258,refuse,0,106,
60728.494,start,4,111,
60733.441,start,6,6,
60736.952,refuse,3,108,
60740.258,refuse,0,106,
60742.533,conflict-at-land,4,111,
60751.952,refuse,3,108,
60755.258,refuse,0,106,
60757.533,start,4,111,
60766.952,refuse,3,108,
60770.258,refuse,0,106,
60776.772,conflict-at-land,4,111,
60781.952,refuse,3,108,
60785.258,refuse,0,106,
60791.772,start,4,111,
60796.952,refuse,3,108,
60800.258,refuse,0,106,
60803.329,conflict-at-land,1,25,
60810.411,conflict-at-land,4,111,
60810.893,conflict-at-land,7,107,
60811.952,start,3,108,
60814.453,conflict-at-land,2,66,
60815.258,start,0,106,
60817.751,conflict-at-land,3,108,
60818.329,start,1,25,
60825.411,start,4,111,
60825.893,refuse,7,107,
60829.453,start,2,66,
60832.751,start,3,108,
60840.402,conflict-at-land,3,108,
60840.893,refuse,7,107,
60844.489,conflict-at-land,4,111,
60855.402,start,3,108,
60855.893,refuse,7,107,
60859.489,start,4,111,
60862.403,conflict-at-land,3,108,
60870.893,refuse,7,107,
60873.14,conflict-at-land,4,111,
60877.403,start,3,108,
60882.798,conflict-at-land,3,108,
60885.893,refuse,7,107,
60888.14,start,4,111,
60897.798,start,3,108,
60900.806,conflict-at-land,0,106,
60900.893,refuse,7,107,
60902.473,conflict-at-land,3,108,
60908.819,conflict-at-land,4,111,
60915.806,start,0,106,
60915.893,refuse,7,107,
60917.473,start,3,108,
60919.68,conflict-at-land,5,53,
60923.819,start,4,111,
60923.956,conflict-at-land,3,108,
60930.893,refuse,7,107,
60934.68,start,5,53,
60938.956,start,3,108,
60943.511,conflict-at-land,3,108,
60945.219,conflict-at-land,4,111,
60945.893,refuse,7,107,
60958.511,start,3,108,
60960.219,start,4,111,
60960.893,refuse,7,107,
60964.867,conflict-at-land,3,108,
60975.893,refuse,7,107,
60979.867,start,3,108,
60981.155,conflict-at-land,4,111,
60984.224,conflict-at-land,3,108,
60990.893,refuse,7,107,
60996.155,start,4,111,
60999.224,start,3,108,
61005.893,refuse,7,107,
61006.363,conflict-at-land,3,108,
61018.194,conflict-at-land,4,111,
61020.893,refuse,7,107,
61020.907,conflict-at-land,0,106,
61021.363,start,3,108,
61026.373,conflict-at-land,3,108,
61033.194,start,4,111,
61035.893,start,7,107,
61035.907,refuse,0,106,
61041.373,refuse,3,108,
61048.248,conflict-at-land,4,111,
61050.907,refuse,0,106,
61056.373,refuse,3,108,
61063.248,start,4,111,
61065.907,refuse,0,106,
61071.373,refuse,3,108,
61078.822,conflict-at-land,4,111,
61080.907,refuse,0,106,
61086.373,refuse,3,108,
61092.138,conflict-at-land,6,6,
61093.822,start,4,111,
61095.907,refuse,0,106,
61101.373,refuse,3,108,
61107.138,start,6,6,
61109.629,conflict-at-land,4,111,
61110.907,refuse,0,106,
61116.373,refuse,3,108,
61124.629,start,4,111,
61125.907,refuse,0,106,
61131.373,refuse,3,108,
61137.293,conflict-at-land,4,111,
61140.907,refuse,0,106,
61146.373,refuse,3,108,
61152.293,start,4,111,
61155.049,conflict-at-land,7,107,
61155.907,start,0,106,
61161.373,start,3,108,
61166.308,conflict-at-land,3,108,
61170.049,refuse,7,107,
61170.354,conflict-at-land,5,53,
61173.494,conflict-at-land,4,111,
61181.308,start,3,108,
61185.049,refuse,7,107,
61185.354,start,5,53,
61186.877,conflict-at-land,3,108,
61188.494,start,4,111,
61200.049,refuse,7,107,
61201.877,start,3,108,
61208.996,conflict-at-land,3,108,
61210.129,conflict-at-land,4,111,
61215.049,refuse,7,107,
61223.996,start,3,108,
61225.129,start,4,111,
61227.07,conflict-at-land,0,106,
61230.049,refuse,7,107,
61230.485,conflict-at-land,3,108,
61242.07,start,0,106,
61245.049,refuse,7,107,
61245.103,conflict-at-land,4,111,
61245.485,start,3,108,
61250.247,conflict-at-land,3,108,
61260.049,refuse,7,107,
61260.103,start,4,111,
61265.247,start,3,108,
61270.662,conflict-at-land,3,108,
61275.049,refuse,7,107,
61280.552,conflict-at-land,4,111,
61285.662,start,3,108,
61290.049,refuse,7,107,
61292.465,conflict-at-land,3,108,
61295.552,start,4,111,
61302.708,conflict-at-land,0,106,
61305.049,start,7,107,
61307.465,refuse,3,108,
61309.973,conflict-at-land,4,111,
61317.708,refuse,0,106,
61322.465,refuse,3,108,
61324.973,start,4,111,
61332.708,refuse,0,106,
61337.465,refuse,3,108,
61338.923,conflict-at-land,4,111,
61347.708,refuse,0,106,
61352.465,refuse,3,108,
61353.923,start,4,111,
61362.708,refuse,0,106,
61367.465,refuse,3,108,
61371.554,conflict-at-land,4,111,
61377.708,refuse,0,106,
61382.465,refuse,3,108,
61386.554,start,4,111,
61392.708,refuse,0,106,
61397.465,refuse,3,108,
61404.774,conflict-at-land,4,111,
61407.708,refuse,0,106,
61408.126,conflict-at-land,7,107,
61412.465,start,3,108,
61419.591,conflict-at-land,3,108,
61419.774,start,4,111,
61422.708,start,0,106,
61423.126,refuse,7,107,
61434.591,start,3,108,
61437.852,conflict-at-land,4,111,
61438.126,refuse,7,107,
61440.058,conflict-at-land,3,108,
61440.058,abandon,3,108,
61440.058,start,3,112,
61452.852,start,4,111,
61453.126,refuse,7,107,
61454.245,land,3,112,
61454.245,start,3,113,
61468.126,refuse,7,107,
61469.297,conflict-at-land,4,111,
61470.791,conflict-at-land,3,113,
61483.126,refuse,7,107,
61484.297,start,4,111,
61485.791,start,3,113,
61498.126,refuse,7,107,
61501.257,conflict-at-land,4,111,
61509.12,conflict-at-land,3,113,
61513.126,refuse,7,107,
61516.257,start,4,111,
61519.625,conflict-at-land,0,106,
61524.12,start,3,113,
61528.126,refuse,7,107,
61528.985,conflict-at-land,4,111,
61534.625,start,0,106,
61543.126,refuse,7,107,
61543.302,conflict-at-land,3,113,
61543.985,start,4,111,
61544.161,conflict-at-land,6,6,
61551.449,conflict-at-land,5,53,
61558.126,refuse,7,107,
61558.302,start,3,113,
61559.161,start,6,6,
61559.324,conflict-at-land,1,25,
61565.629,conflict-at-land,4,111,
61566.449,start,5,53,
61571.281,conflict-at-land,3,113,
61573.126,refuse,7,107,
61574.324,start,1,25,
61578.164,conflict-at-land,2,66,
61580.629,start,4,111,
61586.281,start,3,113,
61588.126,refuse,7,107,
61593.164,start,2,66,
61596.213,conflict-at-land,4,111,
61603.126,refuse,7,107,
61607.43,conflict-at-land,3,113,
61611.213,start,4,111,
61618.126,refuse,7,107,
61622.43,start,3,113,
61633.126,refuse,7,107,
61633.218,conflict-at-land,4,111,
61637.066,conflict-at-land,3,113,
61643.158,conflict-at-land,0,106,
61648.126,start,7,107,
61648.218,start,4,111,
61652.066,refuse,3,113,
61658.158,refuse,0,106,
61667.066,refuse,3,113,
61669.017,conflict-at-land,4,111,
61673.158,refuse,0,106,
61682.066,refuse,3,113,
61684.017,start,4,111,
61688.158,refuse,0,106,
61697.066,refuse,3,113,
61703.158,refuse,0,106,
61705.312,conflict-at-land,4,111,
61712.066,refuse,3,113,
61718.158,refuse,0,106,
61720.312,start,4,111,
61727.066,refuse,3,113,
61733.158,refuse,0,106,
61737.27,conflict-at-land,7,107,
61741.274,conflict-at-land,4,111,
61742.066,start,3,113,
61748.158,start,0,106,
61752.27,refuse,7,107,
61756.274,start,4,111,
61758.447,conflict-at-land,3,113,
61767.27,refuse,7,107,
61773.447,start,3,113,
61773.548,conflict-at-land,4,111,
61782.27,refuse,7,107,
61787.951,conflict-at-land,3,113,
61788.548,start,4,111,
61797.27,refuse,7,107,
61802.951,start,3,113,
61804.602,conflict-at-land,5,53,
61811.54,conflict-at-land,4,111,
61812.27,refuse,7,107,
61817.226,conflict-at-land,3,113,
61818.971,conflict-at-land,0,106,
61819.602,start,5,53,
61826.54,start,4,111,
61827.27,start,7,107,
61832.226,refuse,3,113,
61833.971,refuse,0,106,
61842.327,conflict-at-land,4,111,
61847.226,refuse,3,113,
61848.971,refuse,0,106,
61857.327,start,4,111,
61862.226,refuse,3,113,
61863.971,refuse,0,106,
61873.705,conflict-at-land,4,111,
61877.226,refuse,3,113,
61878.971,refuse,0,106,
61880.697,conflict-at-land,6,6,
61888.705,start,4,111,
61892.226,refuse,3,113,
61893.971,refuse,0,106,
61895.043,conflict-at-land,7,107,
61895.697,start,6,6,
61907.226,start,3,113,
61908.778,conflict-at-land,4,111,
61908.971,start,0,106,
61910.043,refuse,7,107,
61923.778,start,4,111,
61925.043,refuse,7,107,
61929.259,conflict-at-land,3,113,
61936.961,conflict-at-land,4,111,
61940.043,refuse,7,107,
61944.259,start,3,113,
61951.961,start,4,111,
61955.043,refuse,7,107,
61961.056,conflict-at-land,3,113,
61970.043,refuse,7,107,
61970.16,conflict-at-land,4,111,
61976.056,start,3,113,
61985.043,refuse,7,107,
61985.16,start,4,111,
61994.642,conflict-at-land,3,113,
62000.043,refuse,7,107,
62000.104,conflict-at-land,0,106,
62003.894,conflict-at-land,4,111,
62009.642,start,3,113,
62015.043,refuse,7,107,
62015.104,start,0,106,
62018.894,start,4,111,
62025.537,conflict-at-land,3,113,
62030.043,refuse,7,107,
62034.812,conflict-at-land,4,111,
62040.537,start,3,113,
62045.043,refuse,7,107,
62049.812,start,4,111,
62055.312,conflict-at-land,3,113,
62060.043,refuse,7,107,
62064.576,conflict-at-land,4,111,
62070.312,start,3,113,
62075.043,refuse,7,107,
62079.576,start,4,111,
62083.398,conflict-at-land,3,113,
62089.447,conflict-at-land,0,106,
62090.043,start,7,107,
62098.398,refuse,3,113,
62102.755,conflict-at-land,4,111,
62104.447,refuse,0,106,
62113.398,refuse,3,113,
62117.609,conflict-at-land,5,53,
62117.755,start,4,111,
62119.447,refuse,0,106,
62128.398,refuse,3,113,
62130.398,conflict-at-land,4,111,
62132.609,start,5,53,
62134.447,refuse,0,106,
62143.398,refuse,3,113,
62145.398,start,4,111,
62149.447,refuse,0,106,
62158.398,refuse,3,113,
62160.735,conflict-at-land,4,111,
62164.447,refuse,0,106,
62173.398,refuse,3,113,
62175.735,start,4,111,
62179.447,refuse,0,106,
62188.398,refuse,3,113,
62194.447,refuse,0,106,
62195.551,conflict-at-land,4,111,
62203.398,refuse,3,113,
62204.554,conflict-at-land,7,107,
62209.447,start,0,106,
62210.551,start,4,111,
62218.398,start,3,113,
62219.554,refuse,7,107,
62228.012,conflict-at-land,4,111,
62234.554,refuse,7,107,
62240.596,conflict-at-land,3,113,
62243.012,start,4,111,
62249.554,refuse,7,107,
62255.596,start,3,113,
62261.27,conflict-at-land,4,111,
62264.554,refuse,7,107,
62269.576,conflict-at-land,3,113,
62272.705,conflict-at-land,1,25,
62273.618,conflict-at-land,6,6,
62276.27,start,4,111,
62279.554,refuse,7,107,
62279.554,abandon,7,107,
62279.554,start,7,114,
62283.618,conflict-at-land,0,106,
62284.576,start,3,113,
62285.978,land,7,114,
62285.978,start,7,115,
62287.705,start,1,25,
62288.618,start,6,6,
62296.651,conflict-at-land,4,111,
62298.618,start,0,106,
62303.049,conflict-at-land,3,113,
62311.651,start,4,111,
62318.049,start,3,113,
62329.252,conflict-at-land,4,111,
62334.22,conflict-at-land,3,113,
62344.252,start,4,111,
62349.22,start,3,113,
62363.361,conflict-at-land,4,111,
62367.52,conflict-at-land,3,113,
62376.492,conflict-at-land,0,106,
62376.541,conflict-at-land,5,53,
62378.361,start,4,111,
62382.52,start,3,113,
62391.492,start,0,106,
62391.541,start,5,53,
62396.757,conflict-at-land,3,113,
62398.94,conflict-at-land,4,111,
62411.757,start,3,113,
62413.94,start,4,111,
62426.844,conflict-at-land,4,111,
62427.84,conflict-at-land,3,113,
62441.844,start,4,111,
62442.84,start,3,113,
62455.795,conflict-at-land,4,111,
62459.222,conflict-at-land,3,113,
62470.795,start,4,111,
62474.222,start,3,113,
62476.394,conflict-at-land,0,106,
62487.045,conflict-at-land,2,66,
62491.394,start,0,106,
62493.38,conflict-at-land,4,111,
62494.367,conflict-at-land,3,113,
62502.045,start,2,66,
62508.38,start,4,111,
62509.367,start,3,113,
62527.924,conflict-at-land,3,113,
62528.744,conflict-at-land,4,111,
62538.471,conflict-at-land,7,115,
62542.924,start,3,113,
62543.744,start,4,111,
62553.471,start,7,115,
62558.141,conflict-at-land,4,111,
62560.007,conflict-at-land,6,6,
62565.472,conflict-at-land,3,113,
62573.141,start,4,111,
62575.007,start,6,6,
62580.472,start,3,113,
62586.18,conflict-at-land,4,111,
62589.944,conflict-at-land,0,106,
62598.807,conflict-at-land,3,113,
62601.18,start,4,111,
62604.944,start,0,106,
62613.807,start,3,113,
62617.762,conflict-at-land,4,111,
62628.148,conflict-at-land,3,113,
62632.762,start,4,111,
62643.148,start,3,113,
62646.833,conflict-at-land,4,111,
62655.854,conflict-at-land,3,113,
62661.833,start,4,111,
62670.854,start,3,113,
62682.628,conflict-at-land,4,111,
62688.419,conflict-at-land,3,113,
62697.628,start,4,111,
62703.419,start,3,113,
62703.441,conflict-at-land,7,115,
62712.533,conflict-at-land,0,106,
62713.995,conflict-at-land,4,111,
62718.441,start,7,115,
62721.593,conflict-at-land,3,113,
62727.533,start,0,106,
62728.995,start,4,111,
62736.593,start,3,113,
62748.914,conflict-at-land,4,111,
62756.802,conflict-at-land,5,53,
62759.813,conflict-at-land,3,113,
62763.914,start,4,111,
62771.802,start,5,53,
62774.813,start,3,113,
62786.436,conflict-at-land,4,111,
62797.094,conflict-at-land,3,113,
62801.436,start,4,111,
62812.094,start,3,113,
62817.998,conflict-at-land,4,111,
62818.705,conflict-at-land,0,106,
62828.688,conflict-at-land,3,113,
62832.998,start,4,111,
62833.705,start,0,106,
62833.711,conflict-at-land,1,25,
62843.688,start,3,113,
62846.524,conflict-at-land,4,111,
62848.711,start,1,25,
62861.524,start,4,111,
62864.046,conflict-at-land,7,115,
62866.321,conflict-at-land,3,113,
62875.62,conflict-at-land,6,6,
62879.046,start,7,115,
62880.347,conflict-at-land,4,111,
62881.321,start,3,113,
62890.62,start,6,6,
62895.347,start,4,111,
62901.291,conflict-at-land,3,113,
62910.683,conflict-at-land,4,111,
62916.291,start,3,113,
62921.097,conflict-at-land,0,106,
62925.683,start,4,111,
62935.849,conflict-at-land,3,113,
62936.097,start,0,106,
62942.786,conflict-at-land,4,111,
62950.849,start,3,113,
62957.786,start,4,111,
62968.048,conflict-at-land,3,113,
62974.599,conflict-at-land,4,111,
62983.048,start,3,113,
62989.599,start,4,111,
62992.205,conflict-at-land,5,53,
63003.666,conflict-at-land,3,113,
63006.274,conflict-at-land,4,111,
63007.205,start,5,53,
63012.382,conflict-at-land,0,106,
63018.666,start,3,113,
63021.274,start,4,111,
63027.382,start,0,106,
63033.632,conflict-at-land,3,113,
63039.471,conflict-at-land,4,111,
63048.632,start,3,113,
63054.471,start,4,111,
63067.235,conflict-at-land,3,113,
63075.564,conflict-at-land,4,111,
63082.235,start,3,113,
63090.564,start,4,111,
63093.186,conflict-at-land,7,115,
63097.432,conflict-at-land,0,106,
63103.242,conflict-at-land,3,113,
63105.037,conflict-at-land,4,111,
63108.186,start,7,115,
63112.432,start,0,106,
63118.242,start,3,113,
63120.037,start,4,111,
63134.861,conflict-at-land,4,111,
63138.187,conflict-at-land,3,113,
63141.579,conflict-at-land,6,6,
63149.861,start,4,111,
63153.187,start,3,113,
63156.579,start,6,6,
63170.516,conflict-at-land,3,113,
63173.106,conflict-at-land,4,111,
63185.516,start,3,113,
63187.965,conflict-at-land,0,106,
63188.106,start,4,111,
63199.141,conflict-at-land,2,66,
63202.965,start,0,106,
63204.495,conflict-at-land,4,111,
63205.892,conflict-at-land,3,113,
63214.141,start,2,66,
63219.495,start,4,111,
63220.892,start,3,113,
63234.743,conflict-at-land,4,111,
63237.094,conflict-at-land,3,113,
63249.743,start,4,111,
63251.942,conflict-at-land,7,115,
63252.094,start,3,113,
63266.942,start,7,115,
63268.461,conflict-at-land,3,113,
63269.966,conflict-at-land,4,111,
63280.125,conflict-at-land,0,106,
63283.461,start,3,113,
63284.966,start,4,111,
63295.125,start,0,106,
63296.145,conflict-at-land,3,113,
63303.117,conflict-at-land,4,111,
63311.145,start,3,113,
63311.578,conflict-at-land,5,53,
63318.117,start,4,111,
63326.578,start,5,53,
63330.326,conflict-at-land,3,113,
63336.815,conflict-at-land,4,111,
63345.326,start,3,113,
63351.815,start,4,111,
63358.249,conflict-at-land,3,113,
63366.482,conflict-at-land,4,111,
63373.249,start,3,113,
63381.482,start,4,111,
63381.95,conflict-at-land,1,25,
63391.276,conflict-at-land,3,113,
63396.95,start,1,25,
63398.189,conflict-at-land,0,106,
63401.558,conflict-at-land,4,111,
63406.276,start,3,113,
63413.189,start,0,106,
63416.558,start,4,111,
63420.164,conflict-at-land,3,113,
63435.164,start,3,113,
63437.181,conflict-at-land,4,111,
63452.181,start,4,111,
63457.413,conflict-at-land,3,113,
63470.255,conflict-at-land,4,111,
63472.413,start,3,113,
63478.593,conflict-at-land,7,115,
63485.255,start,4,111,
63485.492,conflict-at-land,3,113,
63493.593,start,7,115,
63499.934,conflict-at-land,0,106,
63500.492,start,3,113,
63501.83,conflict-at-land,4,111,
63514.934,start,0,106,
63516.83,start,4,111,
63522.142,conflict-at-land,3,113,
63532.581,conflict-at-land,4,111,
63537.142,start,3,113,
63547.581,start,4,111,
63559.515,conflict-at-land,3,113,
63568.157,conflict-at-land,4,111,
63574.515,start,3,113,
63581.601,conflict-at-land,0,106,
63583.157,start,4,111,
63587.252,conflict-at-land,3,113,
63594.871,conflict-at-land,6,6,
63596.601,start,0,106,
63602.252,start,3,113,
63605.019,conflict-at-land,4,111,
63609.871,start,6,6,
63615.817,conflict-at-land,5,53,
63620.019,start,4,111,
63625.264,conflict-at-land,3,113,
63630.817,start,5,53,
63637.21,conflict-at-land,4,111,
63640.264,start,3,113,
63652.21,start,4,111,
63662.156,conflict-at-land,3,113,
63666.712,conflict-at-land,4,111,
63677.156,start,3,113,
63681.388,conflict-at-land,0,106,
63681.712,start,4,111,
63692.89,conflict-at-land,7,115,
63696.224,conflict-at-land,3,113,
63696.388,start,0,106,
63701.499,conflict-at-land,4,111,
63707.89,start,7,115,
63711.224,start,3,113,
63716.499,start,4,111,
63731.765,conflict-at-land,3,113,
63732.035,conflict-at-land,4,111,
63746.765,start,3,113,
63747.035,start,4,111,
63758.309,conflict-at-land,0,106,
63761.177,conflict-at-land,4,111,
63768.628,conflict-at-land,3,113,
63773.309,start,0,106,
63776.177,start,4,111,
63783.628,start,3,113,
63798.02,conflict-at-land,4,111,
63800.349,conflict-at-land,3,113,
63813.02,start,4,111,
63815.349,start,3,113,
63830.323,conflict-at-land,3,113,
63834.298,conflict-at-land,4,111,
63845.323,start,3,113,
63849.298,start,4,111,
63867.81,conflict-at-land,3,113,
63869.104,conflict-at-land,0,106,
63872.541,conflict-at-land,4,111,
63880.437,conflict-at-land,5,53,
63882.81,start,3,113,
63884.104,start,0,106,
63887.541,start,4,111,
63895.437,start,5,53,
63897.747,conflict-at-land,2,66,
63899.946,conflict-at-land,3,113,
63902.748,conflict-at-land,4,111,
63912.747,start,2,66,
63914.946,start,3,113,
63917.049,conflict-at-land,6,6,
63917.748,start,4,111,
63932.049,start,6,6,
63936.114,conflict-at-land,3,113,
63937.187,conflict-at-land,4,111,
63951.114,start,3,113,
63952.187,start,4,111,
63952.35,conflict-at-land,7,115,
63967.35,start,7,115,
63967.707,conflict-at-land,4,111,
63972.053,conflict-at-land,3,113,
63982.707,start,4,111,
63987.053,start,3,113,
63991.691,conflict-at-land,0,106,
64000.644,conflict-at-land,4,111,
64001.396,conflict-at-land,3,113,
64006.691,start,0,106,
64015.644,start,4,111,
64016.396,start,3,113,
64033.871,conflict-at-land,3,113,
64036.446,conflict-at-land,4,111,
64048.871,start,3,113,
64051.446,start,4,111,
64070.497,conflict-at-land,4,111,
64072.183,conflict-at-land,3,113,
64078.94,conflict-at-land,0,106,
64085.497,start,4,111,
64087.183,start,3,113,
64093.94,start,0,106,
64104.351,conflict-at-land,3,113,
64108.641,conflict-at-land,4,111,
64119.351,start,3,113,
64123.641,start,4,111,
64133.764,conflict-at-land,3,113,
64136.948,conflict-at-land,4,111,
64139.729,conflict-at-land,7,115,
64148.764,start,3,113,
64151.948,start,4,111,
64154.729,start,7,115,
64161.689,conflict-at-land,0,106,
64169.772,conflict-at-land,3,113,
64174.173,conflict-at-land,4,111,
64176.689,start,0,106,
64178.153,conflict-at-land,1,25,
64184.772,start,3,113,
64189.173,start,4,111,
64193.153,start,1,25,
64195.677,conflict-at-land,6,6,
64199.078,conflict-at-land,3,113,
64204.839,conflict-at-land,4,111,
64210.677,start,6,6,
64214.078,start,3,113,
64219.839,start,4,111,
64229.651,conflict-at-land,3,113,
64235.628,conflict-at-land,4,111,
64243.796,conflict-at-land,5,53,
64244.651,start,3,113,
64250.628,start,4,111,
64258.061,conflict-at-land,3,113,
64258.796,start,5,53,
64266.36,conflict-at-land,4,111,
64273.061,start,3,113,
64277.129,conflict-at-land,0,106,
64281.36,start,4,111,
64286.842,conflict-at-land,3,113,
64292.129,start,0,106,
64298.897,conflict-at-land,4,111,
64301.842,start,3,113,
64313.897,start,4,111,
64320.479,conflict-at-land,3,113,
64326.503,conflict-at-land,4,111,
64328.929,conflict-at-land,7,115,
64335.479,start,3,113,
64341.503,start,4,111,
64343.929,start,7,115,
64348.625,conflict-at-land,3,113,
64355.557,conflict-at-land,4,111,
64359.528,conflict-at-land,0,106,
64363.625,start,3,113,
64370.557,start,4,111,
64374.528,start,0,106,
64383.823,conflict-at-land,4,111,
64385.07,conflict-at-land,3,113,
64398.823,start,4,111,
64400.07,start,3,113,
64412.175,conflict-at-land,4,111,
64413.45,conflict-at-land,3,113,
64427.175,start,4,111,
64428.45,start,3,113,
64446.844,conflict-at-land,3,113,
64450.151,conflict-at-land,4,111,
64461.844,start,3,113,
64465.151,start,4,111,
64478.456,conflict-at-land,6,6,
64481.052,conflict-at-land,3,113,
64481.164,conflict-at-land,0,106,
64483.653,conflict-at-land,4,111,
64493.456,start,6,6,
64496.052,start,3,113,
64496.164,start,0,106,
64498.653,start,4,111,
64514.951,conflict-at-land,4,111,
64514.979,conflict-at-land,3,113,
64529.951,start,4,111,
64529.979,start,3,113,
64530.35,conflict-at-land,5,53,
64545.35,start,5,53,
64546.233,conflict-at-land,4,111,
64552.848,conflict-at-land,3,113,
64561.233,start,4,111,
64563.902,conflict-at-land,7,115,
64567.848,start,3,113,
64577.982,conflict-at-land,4,111,
64578.902,start,7,115,
64584.092,conflict-at-land,3,113,
64592.982,start,4,111,
64599.092,start,3,113,
64600.137,conflict-at-land,0,106,
64606.293,conflict-at-land,4,111,
64615.137,start,0,106,
64618.244,conflict-at-land,3,113,
64621.293,start,4,111,
64633.244,start,3,113,
64635.19,conflict-at-land,4,111,
64649.377,conflict-at-land,3,113,
64650.19,start,4,111,
64663.359,conflict-at-land,4,111,
64664.377,start,3,113,
64678.359,start,4,111,
64679.91,conflict-at-land,0,106,
64680.559,conflict-at-land,3,113,
64694.91,start,0,106,
64695.559,start,3,113,
64696.79,conflict-at-land,4,111,
64711.186,conflict-at-land,3,113,
64711.79,start,4,111,
64722.699,conflict-at-land,7,115,
64726.186,start,3,113,
64735.127,conflict-at-land,4,111,
64737.699,start,7,115,
64742.451,conflict-at-land,3,113,
64750.127,start,4,111,
64757.451,start,3,113,
64769.909,conflict-at-land,4,111,
64772.956,conflict-at-land,3,113,
64775.585,conflict-at-land,0,106,
64784.909,start,4,111,
64787.956,start,3,113,
64790.585,start,0,106,
64799.152,conflict-at-land,4,111,
64805.381,conflict-at-land,3,113,
64814.152,start,4,111,
64820.381,start,3,113,
64831.936,conflict-at-land,4,111,
64840.029,conflict-at-land,3,113,
64841.98,conflict-at-land,1,25,
64846.936,start,4,111,
64855.029,start,3,113,
64856.98,start,1,25,
64863.043,conflict-at-land,4,111,
64866.359,conflict-at-land,0,106,
64867.618,conflict-at-land,6,6,
64870.19,conflict-at-land,2,66,
64874.761,conflict-at-land,3,113,
64878.043,start,4,111,
64881.359,start,0,106,
64882.618,start,6,6,
64885.19,start,2,66,
64889.761,start,3,113,
64897.333,conflict-at-land,4,111,
64905.551,conflict-at-land,3,113,
64912.333,start,4,111,
64915.535,conflict-at-land,5,53,
64920.551,start,3,113,
64930.535,start,5,53,
64932.88,conflict-at-land,4,111,
64937.159,conflict-at-land,3,113,
64947.88,start,4,111,
64952.159,start,3,113,
64964.879,conflict-at-land,3,113,
64964.887,conflict-at-land,4,111,
64968.099,conflict-at-land,0,106,
64969.943,conflict-at-land,7,115,
64979.879,start,3,113,
64979.887,start,4,111,
64983.099,start,0,106,
64984.943,start,7,115,
64995.544,conflict-at-land,4,111,
64995.994,conflict-at-land,3,113,
65010.544,start,4,111,
65010.994,start,3,113,
65024.645,conflict-at-land,3,113,
65029.985,conflict-at-land,4,111,
65039.645,start,3,113,
65044.985,start,4,111,
65054.627,conflict-at-land,3,113,
65066.729,conflict-at-land,4,111,
65069.627,start,3,113,
65081.729,start,4,111,
65084.607,conflict-at-land,3,113,
65087.028,conflict-at-land,0,106,
65094.872,conflict-at-land,4,111,
65099.607,start,3,113,
65102.028,start,0,106,
65109.872,start,4,111,
65122.49,conflict-at-land,3,113,
65131.398,conflict-at-land,4,111,
65137.49,start,3,113,
65146.398,start,4,111,
65154.937,conflict-at-land,7,115,
65160.291,conflict-at-land,3,113,
65166.394,conflict-at-land,4,111,
65169.937,start,7,115,
65175.291,start,3,113,
65181.394,start,4,111,
65188.178,conflict-at-land,5,53,
65191.988,conflict-at-land,0,106,
65195.504,conflict-at-land,3,113,
65195.533,conflict-at-land,4,111,
65203.178,start,5,53,
65206.988,start,0,106,
65210.504,start,3,113,
65210.533,start,4,111,
65224.529,conflict-at-land,3,113,
65226.151,conflict-at-land,4,111,
65239.529,start,3,113,
65241.151,start,4,111,
65257.294,conflict-at-land,3,113,
65260.179,conflict-at-land,4,111,
65272.294,start,3,113,
65275.179,start,4,111,
65290.449,conflict-at-land,4,111,
65295.144,conflict-at-land,3,113,
65298.618,conflict-at-land,6,6,
65305.449,start,4,111,
65308.371,conflict-at-land,0,106,
65310.144,start,3,113,
65313.618,start,6,6,
65322.526,conflict-at-land,4,111,
65323.162,conflict-at-land,3,113,
65323.371,start,0,106,
65337.526,start,4,111,
65338.162,start,3,113,
65355.841,conflict-at-land,4,111,
65360.006,conflict-at-land,3,113,
65370.841,start,4,111,
65375.006,start,3,113,
65384.82,conflict-at-land,4,111,
65385.268,conflict-at-land,7,115,
65387.673,conflict-at-land,0,106,
65394.197,conflict-at-land,3,113,
65399.82,start,4,111,
65400.268,start,7,115,
65402.673,start,0,106,
65409.197,start,3,113,
65418.666,conflict-at-land,4,111,
65428.214,conflict-at-land,3,113,
65433.666,start,4,111,
65443.214,start,3,113,
65451.144,conflict-at-land,4,111,
65466.021,conflict-at-land,3,113,
65466.144,start,4,111,
65481.021,start,3,113,
65486.616,conflict-at-land,5,53,
65486.752,conflict-at-land,4,111,
65497.961,conflict-at-land,3,113,
65500.902,conflict-at-land,0,106,
65501.616,start,5,53,
65501.752,start,4,111,
65512.961,start,3,113,
65514.91,conflict-at-land,4,111,
65515.902,start,0,106,
65528.545,conflict-at-land,1,25,
65529.91,start,4,111,
65531.923,conflict-at-land,3,113,
65543.545,start,1,25,
65546.923,start,3,113,
65549.425,conflict-at-land,4,111,
65564.425,start,4,111,
65568.464,conflict-at-land,3,113,
65580.83,conflict-at-land,4,111,
65583.464,start,3,113,
65587.745,conflict-at-land,7,115,
65595.83,start,4,111,
65602.745,start,7,115,
65604.71,conflict-at-land,3,113,
65611.848,conflict-at-land,4,111,
65618.023,conflict-at-land,0,106,
65619.71,start,3,113,
65626.848,start,4,111,
65633.023,start,0,106,
65639.32,conflict-at-land,3,113,
65646.831,conflict-at-land,4,111,
65654.32,start,3,113,
65661.831,start,4,111,
65674.382,conflict-at-land,3,113,
65683.695,conflict-at-land,4,111,
65687.038,conflict-at-land,6,6,
65689.382,start,3,113,
65698.695,start,4,111,
65702.038,start,6,6,
65708.212,conflict-at-land,3,113,
65721.108,conflict-at-land,5,53,
65722.061,conflict-at-land,4,111,
65723.212,start,3,113,
65736.108,start,5,53,
65737.061,start,4,111,
65737.338,conflict-at-land,0,106,
65738.87,conflict-at-land,3,113,
65752.338,start,0,106,
65753.87,start,3,113,
65758.968,conflict-at-land,4,111,
65768.774,conflict-at-land,3,113,
65773.968,start,4,111,
65783.774,start,3,113,
65787.827,conflict-at-land,4,111,
65799.655,conflict-at-land,7,115,
65802.827,start,4,111,
65807.152,conflict-at-land,3,113,
65814.655,start,7,115,
65818.743,conflict-at-land,4,111,
65822.152,start,3,113,
65831.58,conflict-at-land,0,106,
65833.743,start,4,111,
65838.517,conflict-at-land,3,113,
65846.58,start,0,106,
65852.039,conflict-at-land,4,111,
65853.517,start,3,113,
65867.039,start,4,111,
65876.862,conflict-at-land,3,113,
65886.041,conflict-at-land,4,111,
65891.862,start,3,113,
65901.041,start,4,111,
65901.078,conflict-at-land,2,66,
65910.789,conflict-at-land,3,113,
65916.078,start,2,66,
65921.098,conflict-at-land,4,111,
65925.789,start,3,113,
65936.098,start,4,111,
65943.573,conflict-at-land,3,113,
65950.164,conflict-at-land,6,6,
65953.129,conflict-at-land,4,111,
65955.201,conflict-at-land,0,106,
65958.573,start,3,113,
65965.164,start,6,6,
65968.129,start,4,111,
65970.201,start,0,106,
65980.254,conflict-at-land,7,115,
65981.215,conflict-at-land,4,111,
65981.361,conflict-at-land,3,113,
65995.254,start,7,115,
65996.215,start,4,111,
65996.361,start,3,113,
66018.264,conflict-at-land,3,113,
66019.605,conflict-at-land,4,111,
66033.264,start,3,113,
66034.605,start,4,111,
66050.943,conflict-at-land,0,106,
66051.742,conflict-at-land,3,113,
66056.656,conflict-at-land,4,111,
66065.943,start,0,106,
66066.742,start,3,113,
66071.656,start,4,111,
66081.328,conflict-at-land,3,113,
66088.14,conflict-at-land,4,111,
66091.243,conflict-at-land,5,53,
66096.328,start,3,113,
66103.14,start,4,111,
66106.243,start,5,53,
66118.292,conflict-at-land,3,113,
66121.876,conflict-at-land,4,111,
66133.292,start,3,113,
66136.876,start,4,111,
66143.432,conflict-at-land,0,106,
66151.388,conflict-at-land,4,111,
66155.306,conflict-at-land,7,115,
66155.506,conflict-at-land,3,113,
66158.432,start,0,106,
66166.388,start,4,111,
66170.306,start,7,115,
66170.506,start,3,113,
66187.397,conflict-at-land,4,111,
66188.01,conflict-at-land,3,113,
66202.397,start,4,111,
66203.01,start,3,113,
66216.961,conflict-at-land,4,111,
66224.17,conflict-at-land,3,113,
66231.961,start,4,111,
66239.17,start,3,113,
66248.898,conflict-at-land,4,111,
66256.902,conflict-at-land,0,106,
66259.335,conflict-at-land,3,113,
66263.898,start,4,111,
66271.902,start,0,106,
66274.335,start,3,113,
66278.681,conflict-at-land,4,111,
66291.941,conflict-at-land,3,113,
66293.681,start,4,111,
66295.84,conflict-at-land,6,6,
66306.941,start,3,113,
66310.84,start,6,6,
66316.788,conflict-at-land,4,111,
66319.668,conflict-at-land,3,113,
66327.461,conflict-at-land,1,25,
66331.788,start,4,111,
66334.668,start,3,113,
66342.461,start,1,25,
66347.812,conflict-at-land,0,106,
66349.086,conflict-at-land,4,111,
66349.452,conflict-at-land,3,113,
66362.812,start,0,106,
66364.086,start,4,111,
66364.452,start,3,113,
66381.328,conflict-at-land,4,111,
66382.992,conflict-at-land,7,115,
66384.222,conflict-at-land,3,113,
66396.328,start,4,111,
66397.992,start,7,115,
66399.222,start,3,113,
66412.24,conflict-at-land,4,111,
66412.89,conflict-at-land,3,113,
66427.24,start,4,111,
66427.89,start,3,113,
66446.781,conflict-at-land,4,111,
66448.529,conflict-at-land,3,113,
66461.781,start,4,111,
66463.529,start,3,113,
66463.968,conflict-at-land,0,106,
66478.968,start,0,106,
66479.469,conflict-at-land,5,53,
66479.984,conflict-at-land,3,113,
66484.383,conflict-at-land,4,111,
66494.469,start,5,53,
66494.984,start,3,113,
66499.383,start,4,111,
66507.954,conflict-at-land,3,113,
66518.519,conflict-at-land,4,111,
66522.954,start,3,113,
66533.519,start,4,111,
66544.609,conflict-at-land,3,113,
66554.277,conflict-at-land,4,111,
66555.958,conflict-at-land,0,106,
66559.609,start,3,113,
66569.277,start,4,111,
66570.958,start,0,106,
66581.991,conflict-at-land,3,113,
66591.709,conflict-at-land,4,111,
66596.991,start,3,113,
66606.709,start,4,111,
66613.494,conflict-at-land,3,113,
66624.332,conflict-at-land,4,111,
66628.494,start,3,113,
66639.332,start,4,111,
66646.388,conflict-at-land,0,106,
66646.867,conflict-at-land,7,115,
66649.96,conflict-at-land,3,113,
66654.387,conflict-at-land,6,6,
66657.769,conflict-at-land,4,111,
66661.388,start,0,106,
66661.867,start,7,115,
66664.96,start,3,113,
66669.387,start,6,6,
66672.769,start,4,111,
66684.993,conflict-at-land,3,113,
66694.429,conflict-at-land,4,111,
66699.993,start,3,113,
66709.429,start,4,111,
66712.927,conflict-at-land,3,113,
66714.451,conflict-at-land,5,53,
66720.952,conflict-at-land,0,106,
66726.788,conflict-at-land,4,111,
66727.927,start,3,113,
66729.451,start,5,53,
66735.952,start,0,106,
66741.788,start,4,111,
66744.517,conflict-at-land,3,113,
66759.517,start,3,113,
66764.191,conflict-at-land,4,111,
66768.906,conflict-at-land,2,66,
66779.191,start,4,111,
66779.386,conflict-at-land,3,113,
66783.906,start,2,66,
66794.077,conflict-at-land,4,111,
66794.386,start,3,113,
66809.077,start,4,111,
66813.98,conflict-at-land,3,113,
66826.851,conflict-at-land,4,111,
66828.98,start,3,113,
66830.556,conflict-at-land,0,106,
66841.851,start,4,111,
66845.556,start,0,106,
66849.57,conflict-at-land,3,113,
66854.925,conflict-at-land,4,111,
66864.57,start,3,113,
66869.925,start,4,111,
66886.59,conflict-at-land,3,113,
66890.9,conflict-at-land,7,115,
66891.425,conflict-at-land,4,111,
66901.59,start,3,113,
66905.9,start,7,115,
66906.425,start,4,111,
66923.673,conflict-at-land,3,113,
66926.126,conflict-at-land,4,111,
66933.682,conflict-at-land,0,106,
66933.682,abandon,0,106,
66933.682,start,0,116,
66938.673,start,3,113,
66941.126,start,4,111,
66951.853,conflict-at-land,3,113,
66959.225,conflict-at-land,4,111,
66960.884,conflict-at-land,1,25,
66966.853,start,3,113,
66974.225,start,4,111,
66975.884,start,1,25,
66985.772,conflict-at-land,3,113,
66996.791,conflict-at-land,4,111,
67000.772,start,3,113,
67011.791,start,4,111,
67018.838,conflict-at-land,3,113,
67032.355,conflict-at-land,4,111,
67033.838,start,3,113,
67037.343,conflict-at-land,6,6,
67047.355,start,4,111,
67051.998,conflict-at-land,3,113,
67052.343,start,6,6,
67053.637,conflict-at-land,5,53,
67065.69,conflict-at-land,4,111,
67066.998,start,3,113,
67068.637,start,5,53,
67080.69,start,4,111,
67090.064,conflict-at-land,3,113,
67091.646,conflict-at-land,0,116,
67104.078,conflict-at-land,4,111,
67104.078,abandon,4,111,
67104.078,refuse,4,117,
67105.064,start,3,113,
67106.646,start,0,116,
67116.707,conflict-at-land,7,115,
67119.078,start,4,117,
67123.47,conflict-at-land,3,113,
67131.707,refuse,7,115,
67138.47,start,3,113,
67146.707,refuse,7,115,
67158.909,conflict-at-land,3,113,
67161.707,refuse,7,115,
67173.909,start,3,113,
67176.707,refuse,7,115,
67191.707,refuse,7,115,
67196.294,conflict-at-land,3,113,
67206.707,refuse,7,115,
67207.799,land,4,117,
67207.799,start,4,118,
67211.294,start,3,113,
67221.707,start,7,115,
67224.954,conflict-at-land,3,113,
67239.954,start,3,113,
67257.557,conflict-at-land,3,113,
67269.652,conflict-at-land,4,118,
67272.557,start,3,113,
67282.857,conflict-at-land,5,53,
67284.652,start,4,118,
67293.566,conflict-at-land,3,113,
67297.857,start,5,53,
67308.566,start,3,113,
67317.984,conflict-at-land,0,116,
67330.995,conflict-at-land,3,113,
67332.984,start,0,116,
67345.995,start,3,113,
67355.439,conflict-at-land,4,118,
67366.193,conflict-at-land,3,113,
67370.439,start,4,118,
67381.193,start,3,113,
67395.312,conflict-at-land,3,113,
67395.973,conflict-at-land,7,115,
67410.312,start,3,113,
67410.973,start,7,115,
67425.578,conflict-at-land,3,113,
67440.578,start,3,113,
67449.233,conflict-at-land,4,118,
67461.313,conflict-at-land,3,113,
67464.233,start,4,118,
67476.313,start,3,113,
67489.249,conflict-at-land,3,113,
67495.537,conflict-at-land,6,6,
67504.249,start,3,113,
67510.537,start,6,6,
67513.442,conflict-at-land,0,116,
67513.455,conflict-at-land,2,66,
67527.342,conflict-at-land,3,113,
67528.442,start,0,116,
67528.455,start,2,66,
67537.459,conflict-at-land,4,118,
67542.342,start,3,113,
67552.337,conflict-at-land,7,115,
67552.459,start,4,118,
67563.988,conflict-at-land,1,25,
67564.091,conflict-at-land,3,113,
67567.337,start,7,115,
67578.988,start,1,25,
67579.091,start,3,113,
67594.507,conflict-at-land,3,113,
67607.901,conflict-at-land,4,118,
67609.507,start,3,113,
67617.212,conflict-at-land,5,53,
67622.901,start,4,118,
67626.805,conflict-at-land,3,113,
67632.212,start,5,53,
67641.805,start,3,113,
67657.767,conflict-at-land,3,113,
67672.767,start,3,113,
67673.887,conflict-at-land,4,118,
67687.108,conflict-at-land,3,113,
67688.887,start,4,118,
67702.108,start,3,113,
67713.609,conflict-at-land,7,115,
67721.107,conflict-at-land,0,116,
67722.118,conflict-at-land,3,113,
67728.609,start,7,115,
67736.107,start,0,116,
67737.118,start,3,113,
67752.827,conflict-at-land,3,113,
67752.827,abandon,3,113,
67752.827,start,3,119,
67772.824,conflict-at-land,4,118,
67777.056,land,3,119,
67777.056,refuse,3,120,
67787.824,start,4,118,
67792.056,refuse,3,120,
67807.056,refuse,3,120,
67809.18,conflict-at-land,6,6,
67822.056,refuse,3,120,
67824.18,start,6,6,
67837.056,refuse,3,120,
67842.247,conflict-at-land,4,118,
67852.056,refuse,3,120,
67857.247,start,4,118,
67867.056,refuse,3,120,
67882.056,refuse,3,120,
67892.735,conflict-at-land,5,53,
67897.056,refuse,3,120,
67907.735,start,5,53,
67912.056,refuse,3,120,
67927.056,refuse,3,120,
67936.805,conflict-at-land,4,118,
67942.056,refuse,3,120,
67950.776,conflict-at-land,0,116,
67951.805,start,4,118,
67957.056,refuse,3,120,
67965.776,start,0,116,
67969.995,conflict-at-land,7,115,
67972.056,refuse,3,120,
67984.995,start,7,115,
67987.056,refuse,3,120,
68002.056,refuse,3,120,
68003.51,conflict-at-land,4,118,
68017.056,refuse,3,120,
68018.51,start,4,118,
68032.056,refuse,3,120,
68047.056,refuse,3,120,
68062.056,refuse,3,120,
68066.939,conflict-at-land,4,118,
68077.056,refuse,3,120,
68081.939,start,4,118,
68092.056,refuse,3,120,
68107.056,refuse,3,120,
68122.056,refuse,3,120,
68137.056,refuse,3,120,
68150.109,conflict-at-land,5,53,
68152.056,refuse,3,120,
68162.561,conflict-at-land,4,118,
68165.109,start,5,53,
68167.056,refuse,3,120,
68172.599,conflict-at-land,1,25,
68177.561,start,4,118,
68180.013,conflict-at-land,0,116,
68182.056,refuse,3,120,
68187.599,start,1,25,
68195.013,start,0,116,
68197.056,refuse,3,120,
68212.056,refuse,3,120,
68217.837,conflict-at-land,7,115,
68217.864,conflict-at-land,6,6,
68227.056,refuse,3,120,
68232.837,start,7,115,
68232.864,start,6,6,
68242.056,refuse,3,120,
68243.893,conflict-at-land,4,118,
68257.056,refuse,3,120,
68258.893,start,4,118,
68272.056,refuse,3,120,
68287.056,refuse,3,120,
68302.056,refuse,3,120,
68317.056,refuse,3,120,
68332.056,refuse,3,120,
68334.741,conflict-at-land,4,118,
68347.056,refuse,3,120,
68349.741,start,4,118,
68362.056,refuse,3,120,
68377.056,refuse,3,120,
68392.056,refuse,3,120,
68407.056,refuse,3,120,
68422.056,refuse,3,120,
68423.853,conflict-at-land,4,118,
68437.056,refuse,3,120,
68438.853,start,4,118,
68439.714,conflict-at-land,7,115,
68450.347,conflict-at-land,0,116,
68452.056,refuse,3,120,
68454.714,start,7,115,
68465.347,start,0,116,
68467.056,refuse,3,120,
68482.056,refuse,3,120,
68486.021,conflict-at-land,4,118,
68497.056,refuse,3,120,
68501.021,start,4,118,
68502.187,conflict-at-land,5,53,
68512.056,refuse,3,120,
68517.187,start,5,53,
68527.056,refuse,3,120,
68542.056,refuse,3,120,
68548.822,conflict-at-land,6,6,
68557.056,refuse,3,120,
68559.716,conflict-at-land,4,118,
68563.822,start,6,6,
68572.056,refuse,3,120,
68574.716,start,4,118,
68587.056,refuse,3,120,
68602.056,refuse,3,120,
68617.056,refuse,3,120,
68626.868,conflict-at-land,7,115,
68632.056,refuse,3,120,
68641.868,start,7,115,
68647.056,refuse,3,120,
68658.876,conflict-at-land,0,116,
68659.389,conflict-at-land,4,118,
68662.056,refuse,3,120,
68673.876,start,0,116,
68674.389,start,4,118,
68677.056,refuse,3,120,
68692.056,refuse,3,120,
68694.941,conflict-at-land,2,66,
68707.056,start,3,120,
68709.941,refuse,2,66,
68722.784,conflict-at-land,4,118,
68724.941,refuse,2,66,
68737.784,start,4,118,
68739.941,refuse,2,66,
68754.941,refuse,2,66,
68769.941,refuse,2,66,
68784.941,refuse,2,66,
68799.941,refuse,2,66,
68807.024,conflict-at-land,4,118,
68814.941,refuse,2,66,
68822.024,start,4,118,
68825.532,conflict-at-land,7,115,
68829.941,refuse,2,66,
68830.706,conflict-at-land,5,53,
68840.532,start,7,115,
68844.941,refuse,2,66,
68845.706,start,5,53,
68854.575,conflict-at-land,0,116,
68859.941,refuse,2,66,
68869.575,start,0,116,
68874.941,refuse,2,66,
68889.45,conflict-at-land,4,118,
68889.941,refuse,2,66,
68904.45,start,4,118,
68904.941,refuse,2,66,
68919.941,refuse,2,66,
68934.941,refuse,2,66,
68949.941,refuse,2,66,
68951.086,conflict-at-land,4,118,
68964.941,refuse,2,66,
68966.086,start,4,118,
68979.941,refuse,2,66,
68988.748,conflict-at-land,6,6,
68994.941,refuse,2,66,
69003.748,start,6,6,
69009.941,refuse,2,66,
69024.941,refuse,2,66,
69029.405,conflict-at-land,4,118,
69039.941,refuse,2,66,
69044.405,start,4,118,
69054.72,conflict-at-land,1,25,
69054.941,refuse,2,66,
69069.72,start,1,25,
69069.941,refuse,2,66,
69072.99,conflict-at-land,0,116,
69079.931,conflict-at-land,7,115,
69084.941,refuse,2,66,
69087.99,start,0,116,
69094.931,start,7,115,
69099.941,refuse,2,66,
69114.941,refuse,2,66,
69123.631,conflict-at-land,4,118,
69129.941,refuse,2,66,
69138.631,start,4,118,
69144.941,refuse,2,66,
69156.271,conflict-at-land,5,53,
69159.941,refuse,2,66,
69171.271,start,5,53,
69174.941,refuse,2,66,
69185.807,conflict-at-land,4,118,
69189.941,refuse,2,66,
69200.807,start,4,118,
69204.941,refuse,2,66,
69219.941,refuse,2,66,
69234.941,refuse,2,66,
69249.941,refuse,2,66,
69264.941,refuse,2,66,
69279.941,refuse,2,66,
69282.183,conflict-at-land,4,118,
69282.881,conflict-at-land,0,116,
69294.941,refuse,2,66,
69297.183,start,4,118,
69297.881,start,0,116,
69298.458,conflict-at-land,6,6,
69301.021,conflict-at-land,7,115,
69309.941,refuse,2,66,
69313.458,start,6,6,
69316.021,start,7,115,
69324.941,refuse,2,66,
69339.941,refuse,2,66,
69354.941,refuse,2,66,
69369.941,refuse,2,66,
69379.309,conflict-at-land,4,118,
69384.941,refuse,2,66,
69394.309,start,4,118,
69399.941,refuse,2,66,
69414.941,refuse,2,66,
69429.941,refuse,2,66,
69444.941,refuse,2,66,
69459.941,refuse,2,66,
69463.68,conflict-at-land,4,118,
69474.941,refuse,2,66,
69478.68,start,4,118,
69489.941,refuse,2,66,
69501.602,conflict-at-land,5,53,
69504.941,refuse,2,66,
69516.602,start,5,53,
69519.941,refuse,2,66,
69525.679,conflict-at-land,4,118,
69534.941,refuse,2,66,
69540.679,start,4,118,
69549.941,refuse,2,66,
69551.292,conflict-at-land,7,115,
69563.217,conflict-at-land,0,116,
69564.941,refuse,2,66,
69566.292,start,7,115,
69578.217,start,0,116,
69579.941,refuse,2,66,
69588.724,conflict-at-land,6,6,
69594.941,refuse,2,66,
69603.724,start,6,6,
69609.941,refuse,2,66,
69616.426,conflict-at-land,4,118,
69624.941,refuse,2,66,
69624.941,abandon,2,66,
69624.941,refuse,2,121,
69631.426,start,4,118,
69639.941,refuse,2,121,
69654.941,refuse,2,121,
69669.941,refuse,2,121,
69684.941,refuse,2,121,
69694.108,conflict-at-land,4,118,
69699.941,refuse,2,121,
69709.108,start,4,118,
69714.941,refuse,2,121,
69729.941,refuse,2,121,
69744.941,refuse,2,121,
69748.072,conflict-at-land,7,115,
69759.941,start,2,121,
69760.803,conflict-at-land,5,53,
69761.266,conflict-at-land,0,116,
69763.072,refuse,7,115,
69774.433,conflict-at-land,2,121,
69775.803,start,5,53,
69776.266,start,0,116,
69778.072,start,7,115,
69786.332,conflict-at-land,4,118,
69789.433,refuse,2,121,
69794.659,conflict-at-land,3,120,
69801.332,start,4,118,
69804.433,refuse,2,121,
69809.659,start,3,120,
69819.433,refuse,2,121,
69834.433,refuse,2,121,
69849.433,refuse,2,121,
69856.35,conflict-at-land,1,25,
69864.433,refuse,2,121,
69871.35,start,1,25,
69879.433,refuse,2,121,
69886.958,conflict-at-land,4,118,
69894.433,refuse,2,121,
69901.958,start,4,118,
69909.433,refuse,2,121,
69912.199,conflict-at-land,6,6,
69924.433,refuse,2,121,
69927.199,start,6,6,
69939.433,refuse,2,121,
69954.433,refuse,2,121,
69966.322,conflict-at-land,4,118,
69969.433,refuse,2,121,
69969.997,conflict-at-land,7,115,
69981.322,start,4,118,
69984.433,start,2,121,
69984.997,refuse,7,115,
69998.174,conflict-at-land,2,121,
69999.997,start,7,115,
70013.174,refuse,2,121,
70018.661,conflict-at-land,0,116,
70028.174,refuse,2,121,
70030.455,conflict-at-land,4,118,
70033.661,start,0,116,
70043.174,refuse,2,121,
70045.455,start,4,118,
70058.174,refuse,2,121,
70073.174,refuse,2,121,
70088.174,refuse,2,121,
70103.174,refuse,2,121,
70107.698,conflict-at-land,4,118,
70118.174,refuse,2,121,
70122.698,start,4,118,
70131.618,conflict-at-land,5,53,
70133.174,refuse,2,121,
70146.618,start,5,53,
70148.174,refuse,2,121,
70163.174,refuse,2,121,
70178.174,refuse,2,121,
70190.87,conflict-at-land,4,118,
70193.174,refuse,2,121,
70200.973,conflict-at-land,0,116,
70205.87,start,4,118,
70208.174,refuse,2,121,
70215.973,start,0,116,
70223.174,refuse,2,121,
70236.349,conflict-at-land,6,6,
70238.174,refuse,2,121,
70251.207,conflict-at-land,7,115,
70251.349,start,6,6,
70253.174,start,2,121,
70255.605,conflict-at-land,4,118,
70266.207,refuse,7,115,
70269.794,conflict-at-land,2,121,
70270.605,start,4,118,
70281.207,start,7,115,
70284.794,refuse,2,121,
70299.794,refuse,2,121,
70314.794,refuse,2,121,
70329.794,refuse,2,121,
70341.724,conflict-at-land,4,118,
70344.794,refuse,2,121,
70356.724,start,4,118,
70359.794,refuse,2,121,
70374.794,refuse,2,121,
70389.794,refuse,2,121,
70404.794,refuse,2,121,
70405.621,conflict-at-land,0,116,
70416.16,conflict-at-land,5,53,
70419.794,refuse,2,121,
70420.621,start,0,116,
70424.027,conflict-at-land,7,115,
70427.235,conflict-at-land,4,118,
70431.16,start,5,53,
70434.794,start,2,121,
70439.027,refuse,7,115,
70442.235,start,4,118,
70450.211,conflict-at-land,2,121,
70454.027,start,7,115,
70465.211,refuse,2,121,
70480.211,refuse,2,121,
70490.981,conflict-at-land,4,118,
70495.211,refuse,2,121,
70505.981,start,4,118,
70510.211,refuse,2,121,
70525.211,refuse,2,121,
70540.211,refuse,2,121,
70555.211,refuse,2,121,
70569.325,conflict-at-land,4,118,
70570.211,refuse,2,121,
70584.325,start,4,118,
70585.211,refuse,2,121,
70597.234,conflict-at-land,0,116,
70600.211,refuse,2,121,
70600.721,conflict-at-land,6,6,
70612.234,start,0,116,
70615.211,refuse,2,121,
70615.721,start,6,6,
70630.211,refuse,2,121,
70644.154,conflict-at-land,4,118,
70645.211,refuse,2,121,
70646.956,conflict-at-land,7,115,
70659.154,start,4,118,
70660.211,start,2,121,
70661.956,refuse,7,115,
70666.455,conflict-at-land,1,25,
70676.603,conflict-at-land,2,121,
70676.956,start,7,115,
70681.455,start,1,25,
70691.603,refuse,2,121,
70706.603,refuse,2,121,
70721.603,refuse,2,121,
70730.36,conflict-at-land,4,118,
70736.603,refuse,2,121,
70745.36,start,4,118,
70751.603,refuse,2,121,
70766.603,refuse,2,121,
70781.603,refuse,2,121,
70796.603,refuse,2,121,
70797.392,conflict-at-land,5,53,
70811.603,refuse,2,121,
70812.392,start,5,53,
70820.689,conflict-at-land,4,118,
70826.603,refuse,2,121,
70828.265,conflict-at-land,0,116,
70835.689,start,4,118,
70841.603,refuse,2,121,
70843.265,start,0,116,
70844.762,conflict-at-land,7,115,
70856.603,start,2,121,
70859.762,refuse,7,115,
70870.248,conflict-at-land,2,121,
70874.762,start,7,115,
70883.676,conflict-at-land,3,120,
70885.248,refuse,2,121,
70898.676,start,3,120,
70900.248,refuse,2,121,
70915.248,refuse,2,121,
70916.607,conflict-at-land,4,118,
70930.248,refuse,2,121,
70931.607,start,4,118,
70945.248,refuse,2,121,
70960.248,refuse,2,121,
70975.248,refuse,2,121,
70990.248,refuse,2,121,
71001.608,conflict-at-land,4,118,
71005.248,refuse,2,121,
71016.608,start,4,118,
71020.248,refuse,2,121,
71033.496,conflict-at-land,6,6,
71035.248,refuse,2,121,
71040.054,conflict-at-land,7,115,
71048.496,start,6,6,
71050.248,start,2,121,
71055.03,conflict-at-land,5,53,
71055.054,refuse,7,115,
71062.367,conflict-at-land,2,121,
71070.03,start,5,53,
71070.054,start,7,115,
71077.367,refuse,2,121,
71092.367,refuse,2,121,
71095.329,conflict-at-land,0,116,
71097.215,conflict-at-land,4,118,
71107.367,refuse,2,121,
71110.329,start,0,116,
71112.215,start,4,118,
71122.367,refuse,2,121,
71137.367,refuse,2,121,
71152.367,refuse,2,121,
71167.367,refuse,2,121,
71182.367,refuse,2,121,
71192.661,conflict-at-land,4,118,
71197.367,refuse,2,121,
71207.661,start,4,118,
71212.367,refuse,2,121,
71227.367,refuse,2,121,
71242.367,refuse,2,121,
71257.367,refuse,2,121,
71260.303,conflict-at-land,7,115,
71261.213,conflict-at-land,4,118,
71272.367,start,2,121,
71275.303,refuse,7,115,
71276.213,start,4,118,
71287.12,conflict-at-land,2,121,
71290.303,start,7,115,
71295.848,conflict-at-land,5,53,
71302.12,refuse,2,121,
71310.848,start,5,53,
71317.12,refuse,2,121,
71327.647,conflict-at-land,0,116,
71332.12,refuse,2,121,
71342.647,start,0,116,
71347.12,refuse,2,121,
71353.499,conflict-at-land,4,118,
71362.12,refuse,2,121,
71368.499,start,4,118,
71377.12,refuse,2,121,
71392.12,refuse,2,121,
71394.808,conflict-at-land,1,25,
71407.12,refuse,2,121,
71409.808,start,1,25,
71414.454,conflict-at-land,6,6,
71418.299,conflict-at-land,4,118,
71422.12,refuse,2,121,
71429.454,start,6,6,
71433.299,start,4,118,
71437.12,refuse,2,121,
71445.396,conflict-at-land,7,115,
71452.12,start,2,121,
71460.396,refuse,7,115,
71469.36,conflict-at-land,2,121,
71475.396,start,7,115,
71484.36,refuse,2,121,
71489.147,conflict-at-land,4,118,
71499.36,refuse,2,121,
71504.147,start,4,118,
71514.36,refuse,2,121,
71529.36,refuse,2,121,
71537.079,conflict-at-land,5,53,
71544.36,refuse,2,121,
71552.079,start,5,53,
71559.36,refuse,2,121,
71571.425,conflict-at-land,4,118,
71574.36,refuse,2,121,
71586.166,conflict-at-land,0,116,
71586.425,start,4,118,
71589.36,refuse,2,121,
71601.166,start,0,116,
71604.36,refuse,2,121,
71619.36,refuse,2,121,
71634.36,refuse,2,121,
71649.36,refuse,2,121,
71658.348,conflict-at-land,4,118,
71664.36,refuse,2,121,
71673.348,start,4,118,
71679.36,refuse,2,121,
71694.36,refuse,2,121,
71709.36,refuse,2,121,
71724.36,refuse,2,121,
71724.617,conflict-at-land,7,115,
71739.36,start,2,121,
71739.617,refuse,7,115,
71749.949,conflict-at-land,4,118,
71754.617,refuse,7,115,
71755.835,conflict-at-land,2,121,
71764.949,start,4,118,
71769.617,start,7,115,
71770.835,refuse,2,121,
71778.833,conflict-at-land,5,53,
71785.835,refuse,2,121,
71793.833,start,5,53,
71800.835,refuse,2,121,
71807.648,conflict-at-land,6,6,
71815.835,refuse,2,121,
71822.648,start,6,6,
71824.743,conflict-at-land,0,116,
71830.835,refuse,2,121,
71839.707,conflict-at-land,3,120,
71839.743,start,0,116,
71839.861,conflict-at-land,4,118,
71845.835,refuse,2,121,
71854.707,start,3,120,
71854.861,start,4,118,
71860.835,refuse,2,121,
71875.835,refuse,2,121,
71890.835,refuse,2,121,
71905.835,refuse,2,121,
71920.835,refuse,2,121,
71935.835,refuse,2,121,
71940.65,conflict-at-land,4,118,
71950.835,refuse,2,121,
71955.65,start,4,118,
71965.835,refuse,2,121,
71980.835,refuse,2,121,
71986.181,conflict-at-land,7,115,
71993.543,conflict-at-land,0,116,
71995.835,start,2,121,
72001.181,refuse,7,115,
72008.543,start,0,116,
72013.083,conflict-at-land,2,121,
72016.181,start,7,115,
72022.948,conflict-at-land,4,118,
72028.083,refuse,2,121,
72037.948,start,4,118,
72043.083,refuse,2,121,
72058.083,refuse,2,121,
72064.957,conflict-at-land,1,25,
72073.083,refuse,2,121,
72079.957,start,1,25,
72087.517,conflict-at-land,5,53,
72088.083,refuse,2,121,
72094.508,conflict-at-land,4,118,
72102.517,start,5,53,
72103.083,refuse,2,121,
72109.508,start,4,118,
72118.083,refuse,2,121,
72133.083,refuse,2,121,
72148.083,refuse,2,121,
72163.083,refuse,2,121,
72178.083,refuse,2,121,
72191.434,conflict-at-land,4,118,
72193.083,refuse,2,121,
72206.434,start,4,118,
72208.083,refuse,2,121,
72211.119,conflict-at-land,7,115,
72217.212,conflict-at-land,0,116,
72217.566,conflict-at-land,6,6,
72223.083,start,2,121,
72226.119,refuse,7,115,
72232.212,start,0,116,
72232.566,start,6,6,
72240.12,conflict-at-land,2,121,
72241.119,start,7,115,
72255.12,refuse,2,121,
72270.12,refuse,2,121,
72273.042,conflict-at-land,4,118,
72285.12,refuse,2,121,
72288.042,start,4,118,
72300.12,refuse,2,121,
72315.12,refuse,2,121,
72330.12,refuse,2,121,
72345.12,refuse,2,121,
72345.839,conflict-at-land,4,118,
72360.12,refuse,2,121,
72360.839,start,4,118,
72375.12,refuse,2,121,
72390.12,refuse,2,121,
72405.12,refuse,2,121,
72408.05,conflict-at-land,0,116,
72412.744,conflict-at-land,4,118,
72420.12,refuse,2,121,
72423.05,start,0,116,
72425.248,conflict-at-land,5,53,
72427.744,start,4,118,
72435.12,refuse,2,121,
72440.248,start,5,53,
72450.12,refuse,2,121,
72465.12,refuse,2,121,
72474.665,conflict-at-land,7,115,
72480.12,start,2,121,
72489.665,refuse,7,115,
72491.256,conflict-at-land,2,121,
72499.276,conflict-at-land,6,6,
72499.276,abandon,6,6,
72499.276,start,6,122,
72503.209,conflict-at-land,4,118,
72504.665,start,7,115,
72506.256,refuse,2,121,
72518.209,start,4,118,
72521.256,refuse,2,121,
72528.449,conflict-at-land,6,122,
72536.256,refuse,2,121,
72543.449,start,6,122,
72551.256,refuse,2,121,
72566.256,refuse,2,121,
72566.79,conflict-at-land,6,122,
72577.408,conflict-at-land,0,116,
72581.256,refuse,2,121,
72581.79,start,6,122,
72592.408,start,0,116,
72596.256,refuse,2,121,
72600.173,conflict-at-land,4,118,
72611.256,refuse,2,121,
72615.173,start,4,118,
72618.385,conflict-at-land,6,122,
72626.256,refuse,2,121,
72633.385,start,6,122,
72641.256,refuse,2,121,
72656.256,refuse,2,121,
72659.535,conflict-at-land,1,25,
72667.868,conflict-at-land,4,118,
72671.256,refuse,2,121,
72671.825,conflict-at-land,6,122,
72674.535,start,1,25,
72682.868,start,4,118,
72686.256,refuse,2,121,
72686.825,start,6,122,
72696.014,conflict-at-land,7,115,
72701.256,start,2,121,
72711.014,refuse,7,115,
72718.8,conflict-at-land,2,121,
72722.072,conflict-at-land,6,122,
72726.014,start,7,115,
72733.8,refuse,2,121,
72737.072,start,6,122,
72748.8,refuse,2,121,
72751.485,conflict-at-land,4,118,
72763.8,refuse,2,121,
72766.485,start,4,118,
72772.317,conflict-at-land,6,122,
72778.8,refuse,2,121,
72787.317,start,6,122,
72793.436,conflict-at-land,5,53,
72793.8,refuse,2,121,
72808.436,start,5,53,
72808.8,refuse,2,121,
72816.583,conflict-at-land,4,118,
72823.8,refuse,2,121,
72824.773,conflict-at-land,6,122,
72831.583,start,4,118,
72838.8,refuse,2,121,
72838.8,abandon,2,121,
72838.8,start,2,123,
72839.773,start,6,122,
72852.84,conflict-at-land,0,116,
72867.84,start,0,116,
72872.196,conflict-at-land,6,122,
72887.196,start,6,122,
72889.522,land,2,123,
72889.522,start,2,124,
72902.489,conflict-at-land,4,118,
72917.489,start,4,118,
72924.874,conflict-at-land,6,122,
72934.733,conflict-at-land,7,115,
72939.874,start,6,122,
72949.733,start,7,115,
72963.486,conflict-at-land,6,122,
72976.058,conflict-at-land,4,118,
72978.486,start,6,122,
72991.058,start,4,118,
73009.089,conflict-at-land,6,122,
73021.511,land,2,124,
73021.511,start,2,125,
73024.089,start,6,122,
73026.693,conflict-at-land,2,125,
73041.693,start,2,125,
73046.81,conflict-at-land,2,125,
73047.019,conflict-at-land,6,122,
73061.81,start,2,125,
73062.019,start,6,122,
73063.739,conflict-at-land,4,118,
73066.367,conflict-at-land,2,125,
73078.739,start,4,118,
73081.367,start,2,125,
73088.727,conflict-at-land,2,125,
73091.942,conflict-at-land,5,53,
73098.956,conflict-at-land,0,116,
73099.756,conflict-at-land,6,122,
73103.727,start,2,125,
73106.942,start,5,53,
73109.715,conflict-at-land,2,125,
73113.956,start,0,116,
73114.756,start,6,122,
73124.715,start,2,125,
73129.351,conflict-at-land,2,125,
73144.351,start,2,125,
73147.19,conflict-at-land,6,122,
73148.964,conflict-at-land,2,125,
73155.097,conflict-at-land,4,118,
73162.19,start,6,122,
73163.964,start,2,125,
73168.447,conflict-at-land,2,125,
73170.097,start,4,118,
73183.447,start,2,125,
73190.166,conflict-at-land,2,125,
73190.332,conflict-at-land,6,122,
73193.207,conflict-at-land,7,115,
73205.166,start,2,125,
73205.332,start,6,122,
73208.207,start,7,115,
73209.764,conflict-at-land,2,125,
73224.764,start,2,125,
73226.673,conflict-at-land,4,118,
73231.028,conflict-at-land,2,125,
73238.698,conflict-at-land,6,122,
73241.673,start,4,118,
73246.028,start,2,125,
73253.018,conflict-at-land,2,125,
73253.698,start,6,122,
73261.004,conflict-at-land,1,25,
73268.018,start,2,125,
73273.865,conflict-at-land,2,125,
73276.004,start,1,25,
73276.881,conflict-at-land,6,122,
73288.865,start,2,125,
73288.973,conflict-at-land,4,118,
73291.881,start,6,122,
73293.21,conflict-at-land,2,125,
73303.973,start,4,118,
73306.128,conflict-at-land,3,120,
73308.21,start,2,125,
73312.6,conflict-at-land,2,125,
73321.128,start,3,120,
73326.699,conflict-at-land,6,122,
73327.6,start,2,125,
73335.248,conflict-at-land,2,125,
73341.699,start,6,122,
73344.586,conflict-at-land,0,116,
73350.248,start,2,125,
73355.766,conflict-at-land,2,125,
73359.586,start,0,116,
73361.588,conflict-at-land,4,118,
73370.766,start,2,125,
73372.328,conflict-at-land,6,122,
73376.588,start,4,118,
73377.787,conflict-at-land,2,125,
73387.328,start,6,122,
73392.787,start,2,125,
73399.994,conflict-at-land,2,125,
73414.994,start,2,125,
73422.452,conflict-at-land,2,125,
73423.895,conflict-at-land,6,122,
73427.828,conflict-at-land,7,115,
73434.611,conflict-at-land,5,53,
73437.452,start,2,125,
73438.895,start,6,122,
73442.811,conflict-at-land,4,118,
73442.828,start,7,115,
73443.789,conflict-at-land,2,125,
73449.611,start,5,53,
73457.811,start,4,118,
73458.789,start,2,125,
73462.981,conflict-at-land,6,122,
73466.052,conflict-at-land,2,125,
73477.981,start,6,122,
73481.052,start,2,125,
73486.334,conflict-at-land,2,125,
73501.334,start,2,125,
73506.059,conflict-at-land,2,125,
73515.267,conflict-at-land,6,122,
73521.059,start,2,125,
73526.331,conflict-at-land,2,125,
73530.267,start,6,122,
73532.279,conflict-at-land,4,118,
73541.331,start,2,125,
73547.279,start,4,118,
73547.988,conflict-at-land,2,125,
73554.63,conflict-at-land,6,122,
73562.988,start,2,125,
73569.63,start,6,122,
73570.698,conflict-at-land,2,125,
73585.698,start,2,125,
73590.825,conflict-at-land,7,115,
73590.862,conflict-at-land,6,122,
73591.169,conflict-at-land,2,125,
73603.571,conflict-at-land,0,116,
73605.825,start,7,115,
73605.862,start,6,122,
73606.169,start,2,125,
73610.952,conflict-at-land,2,125,
73618.571,start,0,116,
73625.952,start,2,125,
73628.194,conflict-at-land,4,118,
73630.951,conflict-at-land,6,122,
73631.265,conflict-at-land,2,125,
73643.194,start,4,118,
73645.951,start,6,122,
73646.265,start,2,125,
73651.822,conflict-at-land,2,125,
73666.822,start,2,125,
73667.122,conflict-at-land,6,122,
73673.99,conflict-at-land,2,125,
73682.122,start,6,122,
73688.99,start,2,125,
73694.489,conflict-at-land,2,125,
73703.168,conflict-at-land,6,122,
73706.602,conflict-at-land,4,118,
73709.489,start,2,125,
73713.914,conflict-at-land,2,125,
73718.168,start,6,122,
73721.602,start,4,118,
73728.914,start,2,125,
73735.886,conflict-at-land,2,125,
73748.276,conflict-at-land,6,122,
73750.886,start,2,125,
73758.266,conflict-at-land,2,125,
73763.276,start,6,122,
73770.391,conflict-at-land,5,53,
73773.266,start,2,125,
73776.105,conflict-at-land,0,116,
73777.829,conflict-at-land,2,125,
73784.595,conflict-at-land,6,122,
73785.391,start,5,53,
73789.231,conflict-at-land,4,118,
73791.105,start,0,116,
73792.829,start,2,125,
73798.609,conflict-at-land,2,125,
73799.595,start,6,122,
73804.231,start,4,118,
73813.609,start,2,125,
73820.514,conflict-at-land,2,125,
73828.794,conflict-at-land,7,115,
73832.606,conflict-at-land,6,122,
73835.514,start,2,125,
73841.405,conflict-at-land,2,125,
73843.794,start,7,115,
73847.606,start,6,122,
73856.405,start,2,125,
73862.695,conflict-at-land,4,118,
73863.294,conflict-at-land,2,125,
73872.743,conflict-at-land,6,122,
73877.695,start,4,118,
73878.294,start,2,125,
73883.376,conflict-at-land,2,125,
73887.743,start,6,122,
73898.376,start,2,125,
73905.524,conflict-at-land,2,125,
73920.524,start,2,125,
73922.902,conflict-at-land,6,122,
73925.054,conflict-at-land,2,125,
73937.902,start,6,122,
73940.054,start,2,125,
73944.26,conflict-at-land,4,118,
73945.39,conflict-at-land,2,125,
73959.26,start,4,118,
73960.39,start,2,125,
73966.187,conflict-at-land,2,125,
73976.409,conflict-at-land,6,122,
73981.187,start,2,125,
73986.678,conflict-at-land,2,125,
73991.409,start,6,122,
74001.678,start,2,125,
74006.099,conflict-at-land,2,125,
74010.984,conflict-at-land,4,118,
74016.575,conflict-at-land,0,116,
74021.099,start,2,125,
74025.984,start,4,118,
74027.737,conflict-at-land,6,122,
74028.322,conflict-at-land,2,125,
74031.575,start,0,116,
74042.737,start,6,122,
74043.322,start,2,125,
74049.23,conflict-at-land,2,125,
74057.495,conflict-at-land,7,115,
74060.465,conflict-at-land,1,25,
74064.23,start,2,125,
74068.742,conflict-at-land,2,125,
74072.204,conflict-at-land,6,122,
74072.495,start,7,115,
74075.465,start,1,25,
74083.742,start,2,125,
74087.204,start,6,122,
74089.873,conflict-at-land,2,125,
74097.881,conflict-at-land,4,118,
74104.873,start,2,125,
74109.778,conflict-at-land,2,125,
74112.881,start,4,118,
74116.778,conflict-at-land,5,53,
74117.311,conflict-at-land,6,122,
74124.778,start,2,125,
74129.6,conflict-at-land,2,125,
74131.778,start,5,53,
74132.311,start,6,122,
74144.6,start,2,125,
74149.783,conflict-at-land,2,125,
74164.783,start,2,125,
74169.761,conflict-at-land,2,125,
74170.823,conflict-at-land,6,122,
74176.313,conflict-at-land,4,118,
74184.761,start,2,125,
74185.823,start,6,122,
74190.341,conflict-at-land,2,125,
74191.313,start,4,118,
74205.341,start,2,125,
74210.897,conflict-at-land,2,125,
74224.13,conflict-at-land,6,122,
74225.897,start,2,125,
74226.685,conflict-at-land,7,115,
74228.108,conflict-at-land,0,116,
74232.624,conflict-at-land,2,125,
74239.13,start,6,122,
74241.685,start,7,115,
74243.108,start,0,116,
74247.624,start,2,125,
74250.792,conflict-at-land,4,118,
74252.113,conflict-at-land,3,120,
74253.676,conflict-at-land,2,125,
74265.792,start,4,118,
74267.113,start,3,120,
74268.676,start,2,125,
74271.817,conflict-at-land,6,122,
74273.046,conflict-at-land,2,125,
74286.817,start,6,122,
74288.046,start,2,125,
74292.567,conflict-at-land,2,125,
74307.567,start,2,125,
74307.827,conflict-at-land,6,122,
74312.251,conflict-at-land,2,125,
74322.827,start,6,122,
74323.415,conflict-at-land,4,118,
74327.251,start,2,125,
74332.223,conflict-at-land,2,125,
74338.415,start,4,118,
74347.223,start,2,125,
74353.866,conflict-at-land,6,122,
74354.674,conflict-at-land,2,125,
74368.866,start,6,122,
74369.674,start,2,125,
74373.983,conflict-at-land,2,125,
74381.97,conflict-at-land,7,115,
74386.548,conflict-at-land,4,118,
74388.983,start,2,125,
74396.077,conflict-at-land,2,125,
74396.97,start,7,115,
74400.608,conflict-at-land,6,122,
74401.548,start,4,118,
74411.077,start,2,125,
74415.608,start,6,122,
74416.591,conflict-at-land,2,125,
74428.209,conflict-at-land,0,116,
74431.591,start,2,125,
74439.289,conflict-at-land,2,125,
74443.209,start,0,116,
74452.254,conflict-at-land,6,122,
74454.289,start,2,125,
74454.681,conflict-at-land,4,118,
74460.286,conflict-at-land,2,125,
74467.254,start,6,122,
74469.681,start,4,118,
74475.286,start,2,125,
74481.176,conflict-at-land,2,125,
74492.472,conflict-at-land,6,122,
74496.176,start,2,125,
74501.232,conflict-at-land,2,125,
74503.805,conflict-at-land,5,53,
74507.472,start,6,122,
74516.232,start,2,125,
74518.805,start,5,53,
74521.175,conflict-at-land,2,125,
74531.772,conflict-at-land,6,122,
74536.175,start,2,125,
74543.388,conflict-at-land,2,125,
74546.772,start,6,122,
74555.353,conflict-at-land,4,118,
74558.388,start,2,125,
74562.816,conflict-at-land,2,125,
74570.353,start,4,118,
74576.356,conflict-at-land,6,122,
74577.816,start,2,125,
74578.072,conflict-at-land,7,115,
74585.204,conflict-at-land,2,125,
74591.356,start,6,122,
74593.072,start,7,115,
74600.204,start,2,125,
74606.599,conflict-at-land,2,125,
74616.523,conflict-at-land,6,122,
74621.599,start,2,125,
74628.577,conflict-at-land,2,125,
74631.523,start,6,122,
74632.357,conflict-at-land,4,118,
74643.577,start,2,125,
74647.357,start,4,118,
74648.883,conflict-at-land,2,125,
74660.256,conflict-at-land,6,122,
74663.883,start,2,125,
74668.316,conflict-at-land,2,125,
74675.256,start,6,122,
74683.316,start,2,125,
74688.45,conflict-at-land,0,116,
74689.773,conflict-at-land,2,125,
74703.45,start,0,116,
74704.773,start,2,125,
74705.274,conflict-at-land,4,118,
74708.815,conflict-at-land,6,122,
74711.442,conflict-at-land,2,125,
74720.274,start,4,118,
74723.815,start,6,122,
74726.442,start,2,125,
74730.263,conflict-at-land,7,115,
74731.952,conflict-at-land,2,125,
74745.263,start,7,115,
74746.952,start,2,125,
74751.306,conflict-at-land,6,122,
74752.155,conflict-at-land,2,125,
74766.306,start,6,122,
74767.155,start,2,125,
74773.031,conflict-at-land,2,125,
74788.031,start,2,125,
74792.628,conflict-at-land,2,125,
74798.762,conflict-at-land,4,118,
74802.198,conflict-at-land,5,53,
74803.002,conflict-at-land,6,122,
74807.628,start,2,125,
74813.762,start,4,118,
74814.34,conflict-at-land,2,125,
74817.198,start,5,53,
74818.002,start,6,122,
74829.34,start,2,125,
74836.448,conflict-at-land,2,125,
74851.448,start,2,125,
74852.044,conflict-at-land,6,122,
74856.344,conflict-at-land,2,125,
74867.044,start,6,122,
74871.344,start,2,125,
74878.117,conflict-at-land,2,125,
74885.244,conflict-at-land,4,118,
74889.276,conflict-at-land,6,122,
74893.117,start,2,125,
74900.052,conflict-at-land,2,125,
74900.244,start,4,118,
74901.477,conflict-at-land,0,116,
74904.276,start,6,122,
74915.052,start,2,125,
74916.477,start,0,116,
74920.597,conflict-at-land,2,125,
74928.032,conflict-at-land,7,115,
74933.313,conflict-at-land,6,122,
74935.597,start,2,125,
74941.295,conflict-at-land,2,125,
74943.032,start,7,115,
74948.313,start,6,122,
74950.26,conflict-at-land,1,25,
74951.026,conflict-at-land,4,118,
74956.295,start,2,125,
74962.713,conflict-at-land,2,125,
74965.26,start,1,25,
74966.026,start,4,118,
74977.713,start,2,125,
74980.321,conflict-at-land,6,122,
74982.521,conflict-at-land,2,125,
74995.321,start,6,122,
74997.521,start,2,125,
75005.215,conflict-at-land,2,125,
75020.215,start,2,125,
75025.674,conflict-at-land,2,125,
75031.602,conflict-at-land,6,122,
75035.506,conflict-at-land,4,118,
75040.674,start,2,125,
75045.495,conflict-at-land,2,125,
75046.602,start,6,122,
75050.506,start,4,118,
75060.495,start,2,125,
75067.137,conflict-at-land,2,125,
75070.078,conflict-at-land,6,122,
75082.137,start,2,125,
75085.078,start,6,122,
75086.711,conflict-at-land,2,125,
75099.794,conflict-at-land,4,118,
75101.711,start,2,125,
75106.061,conflict-at-land,2,125,
75114.794,start,4,118,
75118.968,conflict-at-land,0,116,
75121.061,start,2,125,
75121.735,conflict-at-land,6,122,
75127.465,conflict-at-land,2,125,
75133.446,conflict-at-land,5,53,
75133.968,start,0,116,
75136.735,start,6,122,
75140.45,conflict-at-land,7,115,
75142.465,start,2,125,
75148.446,start,5,53,
75149.738,conflict-at-land,2,125,
75155.45,start,7,115,
75163.379,conflict-at-land,6,122,
75164.738,start,2,125,
75172.45,conflict-at-land,2,125,
75178.379,start,6,122,
75187.45,start,2,125,
75193.466,conflict-at-land,2,125,
75196.579,conflict-at-land,4,118,
75206.688,conflict-at-land,6,122,
75208.466,start,2,125,
75211.579,start,4,118,
75216.194,conflict-at-land,2,125,
75221.688,start,6,122,
75231.194,start,2,125,
75236.198,conflict-at-land,2,125,
75251.198,start,2,125,
75256.043,conflict-at-land,2,125,
75258.39,conflict-at-land,6,122,
75271.043,start,2,125,
75273.39,start,6,122,
75277.393,conflict-at-land,2,125,
75292.393,start,2,125,
75294.02,conflict-at-land,4,118,
75296.924,conflict-at-land,2,125,
75303.345,conflict-at-land,6,122,
75309.02,start,4,118,
75311.924,start,2,125,
75316.312,conflict-at-land,2,125,
75318.345,start,6,122,
75331.312,start,2,125,
75337.863,conflict-at-land,2,125,
75345.759,conflict-at-land,6,122,
75352.863,start,2,125,
75358.273,conflict-at-land,2,125,
75360.759,start,6,122,
75373.273,start,2,125,
75378.595,conflict-at-land,2,125,
75382.588,conflict-at-land,6,122,
75389.757,conflict-at-land,0,116,
75390.056,conflict-at-land,4,118,
75393.595,start,2,125,
75397.588,start,6,122,
75400.094,conflict-at-land,2,125,
75401.087,conflict-at-land,7,115,
75404.757,start,0,116,
75405.056,start,4,118,
75415.094,start,2,125,
75416.087,start,7,115,
75421.708,conflict-at-land,6,122,
75422.64,conflict-at-land,2,125,
75436.708,start,6,122,
75437.64,start,2,125,
75440.044,conflict-at-land,5,53,
75442.064,conflict-at-land,2,125,
75452.388,conflict-at-land,3,120,
75455.044,start,5,53,
75457.064,start,2,125,
75462.327,conflict-at-land,6,122,
75463.715,conflict-at-land,2,125,
75466.91,conflict-at-land,4,118,
75467.388,start,3,120,
75477.327,start,6,122,
75478.715,start,2,125,
75481.91,start,4,118,
75484.487,conflict-at-land,2,125,
75499.487,start,2,125,
75503.32,conflict-at-land,6,122,
75504.995,conflict-at-land,2,125,
75518.32,start,6,122,
75519.995,start,2,125,
75525.451,conflict-at-land,2,125,
75540.451,start,2,125,
75545.605,conflict-at-land,2,125,
75545.75,conflict-at-land,4,118,
75555.99,conflict-at-land,6,122,
75560.605,start,2,125,
75560.75,start,4,118,
75565.049,conflict-at-land,2,125,
75570.99,start,6,122,
75580.049,start,2,125,
75586.793,conflict-at-land,2,125,
75601.793,start,2,125,
75608.53,conflict-at-land,2,125,
75609.339,conflict-at-land,6,122,
75618.834,conflict-at-land,0,116,
75623.53,start,2,125,
75624.339,start,6,122,
75630.465,conflict-at-land,2,125,
75633.834,start,0,116,
75635.473,conflict-at-land,7,115,
75645.21,conflict-at-land,4,118,
75645.465,start,2,125,
75650.369,conflict-at-land,2,125,
75650.473,start,7,115,
75660.21,start,4,118,
75663.005,conflict-at-land,6,122,
75665.369,start,2,125,
75669.354,conflict-at-land,1,25,
75672.46,conflict-at-land,2,125,
75678.005,start,6,122,
75684.354,start,1,25,
75687.46,start,2,125,
75691.901,conflict-at-land,2,125,
75706.901,start,2,125,
75708.717,conflict-at-land,6,122,
75713.052,conflict-at-land,2,125,
75723.717,start,6,122,
75728.052,start,2,125,
75734.16,conflict-at-land,2,125,
75740.437,conflict-at-land,4,118,
75749.16,start,2,125,
75755.437,start,4,118,
75755.823,conflict-at-land,5,53,
75756.91,conflict-at-land,2,125,
75757.132,conflict-at-land,6,122,
75770.823,start,5,53,
75771.91,start,2,125,
75772.132,start,6,122,
75777.697,conflict-at-land,2,125,
75789.405,conflict-at-land,7,115,
75792.697,start,2,125,
75797.261,conflict-at-land,2,125,
75804.405,start,7,115,
75806.293,conflict-at-land,6,122,
75812.261,start,2,125,
75819.692,conflict-at-land,2,125,
75821.293,start,6,122,
75826.064,conflict-at-land,4,118,
75834.692,start,2,125,
75839.406,conflict-at-land,2,125,
75841.064,start,4,118,
75852.638,conflict-at-land,6,122,
75854.406,start,2,125,
75860.567,conflict-at-land,2,125,
75867.638,start,6,122,
75875.567,start,2,125,
75875.718,conflict-at-land,0,116,
75880.925,conflict-at-land,2,125,
75890.718,start,0,116,
75890.769,conflict-at-land,6,122,
75895.925,start,2,125,
75903.469,conflict-at-land,2,125,
75905.769,start,6,122,
75908.558,conflict-at-land,4,118,
75918.469,start,2,125,
75922.702,conflict-at-land,2,125,
75923.558,start,4,118,
75930.491,conflict-at-land,6,122,
75937.702,start,2,125,
75942.454,conflict-at-land,2,125,
75945.491,start,6,122,
75957.454,start,2,125,
75962.798,conflict-at-land,2,125,
75976.318,conflict-at-land,6,122,
75977.798,start,2,125,
75985.031,conflict-at-land,2,125,
75986.543,conflict-at-land,7,115,
75987.989,conflict-at-land,4,118,
75991.318,start,6,122,
76000.031,start,2,125,
76001.543,start,7,115,
76002.989,start,4,118,
76005.03,conflict-at-land,2,125,
76020.03,start,2,125,
76024.611,conflict-at-land,2,125,
76025.597,conflict-at-land,6,122,
76026.252,conflict-at-land,5,53,
76039.611,start,2,125,
76040.597,start,6,122,
76041.252,start,5,53,
76047.013,conflict-at-land,2,125,
76058.274,conflict-at-land,4,118,
76062.013,start,2,125,
76063.719,conflict-at-land,6,122,
76068.459,conflict-at-land,2,125,
76073.274,start,4,118,
76078.719,start,6,122,
76083.459,start,2,125,
76088.893,conflict-at-land,2,125,
76102.504,conflict-at-land,6,122,
76103.893,start,2,125,
76110.075,conflict-at-land,2,125,
76117.504,start,6,122,
76125.075,start,2,125,
76129.546,conflict-at-land,2,125,
76141.889,conflict-at-land,4,118,
76144.546,start,2,125,
76148.929,conflict-at-land,2,125,
76155.236,conflict-at-land,6,122,
76156.889,start,4,118,
76158.008,conflict-at-land,0,116,
76163.929,start,2,125,
76170.236,start,6,122,
76171.574,conflict-at-land,2,125,
76173.008,start,0,116,
76180.231,conflict-at-land,7,115,
76186.574,start,2,125,
76192.568,conflict-at-land,2,125,
76195.231,start,7,115,
76203.543,conflict-at-land,6,122,
76207.568,start,2,125,
76212.945,conflict-at-land,2,125,
76218.543,start,6,122,
76222.366,conflict-at-land,4,118,
76227.945,start,2,125,
76232.255,conflict-at-land,2,125,
76237.366,start,4,118,
76242.683,conflict-at-land,6,122,
76247.255,start,2,125,
76254.875,conflict-at-land,2,125,
76257.683,start,6,122,
76263.597,conflict-at-land,5,53,
76269.875,start,2,125,
76277.436,conflict-at-land,2,125,
76278.597,start,5,53,
76292.436,start,2,125,
76293.63,conflict-at-land,6,122,
76298.091,conflict-at-land,2,125,
76308.63,start,6,122,
76313.091,start,2,125,
76318.022,conflict-at-land,2,125,
76318.06,conflict-at-land,4,118,
76333.022,start,2,125,
76333.06,start,4,118,
76337.481,conflict-at-land,2,125,
76338.413,conflict-at-land,6,122,
76352.481,start,2,125,
76353.413,start,6,122,
76357.946,conflict-at-land,2,125,
76372.946,start,2,125,
76377.867,conflict-at-land,2,125,
76382.629,conflict-at-land,6,122,
76391.389,conflict-at-land,4,118,
76392.867,start,2,125,
76397.629,start,6,122,
76398.623,conflict-at-land,2,125,
76404.235,conflict-at-land,1,25,
76406.389,start,4,118,
76413.623,start,2,125,
76417.88,conflict-at-land,2,125,
76419.186,conflict-at-land,0,116,
76419.235,start,1,25,
76419.617,conflict-at-land,6,122,
76432.88,start,2,125,
76434.186,start,0,116,
76434.617,start,6,122,
76438.131,conflict-at-land,2,125,
76441.288,conflict-at-land,7,115,
76453.131,start,2,125,
76456.288,start,7,115,
76457.919,conflict-at-land,2,125,
76458.016,conflict-at-land,4,118,
76468.703,conflict-at-land,6,122,
76472.919,start,2,125,
76473.016,start,4,118,
76480.415,conflict-at-land,2,125,
76483.703,start,6,122,
76495.415,start,2,125,
76502.199,conflict-at-land,2,125,
76517.199,start,2,125,
76517.963,conflict-at-land,3,120,
76520.419,conflict-at-land,6,122,
76522.483,conflict-at-land,2,125,
76529.308,conflict-at-land,4,118,
76532.963,start,3,120,
76535.419,start,6,122,
76537.483,start,2,125,
76541.963,conflict-at-land,2,125,
76544.308,start,4,118,
76556.963,start,2,125,
76563.892,conflict-at-land,2,125,
76573.865,conflict-at-land,6,122,
76578.892,start,2,125,
76586.448,conflict-at-land,2,125,
76588.865,start,6,122,
76601.448,start,2,125,
76601.674,conflict-at-land,4,118,
76607.625,conflict-at-land,2,125,
76612.748,conflict-at-land,7,115,
76616.674,start,4,118,
76621.596,conflict-at-land,6,122,
76622.625,start,2,125,
76627.748,start,7,115,
76628.374,conflict-at-land,2,125,
76636.596,start,6,122,
76643.374,start,2,125,
76644.471,conflict-at-land,0,116,
76648.717,conflict-at-land,2,125,
76652.539,conflict-at-land,5,53,
76659.471,start,0,116,
76663.717,start,2,125,
76664.714,conflict-at-land,4,118,
76667.539,start,5,53,
76670.823,conflict-at-land,2,125,
76671.301,conflict-at-land,6,122,
76679.714,start,4,118,
76685.823,start,2,125,
76686.301,start,6,122,
76691.108,conflict-at-land,2,125,
76706.108,start,2,125,
76712.609,conflict-at-land,2,125,
76723.55,conflict-at-land,6,122,
76727.609,start,2,125,
76734.768,conflict-at-land,2,125,
76738.55,start,6,122,
76749.768,start,2,125,
76755.867,conflict-at-land,2,125,
76760.6,conflict-at-land,4,118,
76770.867,start,2,125,
76772.276,conflict-at-land,6,122,
76775.6,start,4,118,
76776.601,conflict-at-land,2,125,
76787.276,start,6,122,
76791.601,start,2,125,
76796.688,conflict-at-land,2,125,
76811.688,start,2,125,
76815.369,conflict-at-land,6,122,
76815.466,conflict-at-land,0,116,
76819.061,conflict-at-land,2,125,
76830.369,start,6,122,
76830.466,start,0,116,
76834.061,start,2,125,
76837.769,conflict-at-land,4,118,
76839.573,conflict-at-land,2,125,
76845.161,conflict-at-land,7,115,
76852.769,start,4,118,
76854.573,start,2,125,
76858.845,conflict-at-land,6,122,
76859.634,conflict-at-land,2,125,
76860.161,start,7,115,
76873.845,start,6,122,
76874.634,start,2,125,
76874.99,conflict-at-land,5,53,
76880.799,conflict-at-land,2,125,
76889.99,start,5,53,
76895.799,start,2,125,
76903.535,conflict-at-land,2,125,
76910.859,conflict-at-land,6,122,
76918.535,start,2,125,
76922.939,conflict-at-land,2,125,
76925.426,conflict-at-land,4,118,
76925.859,start,6,122,
76937.939,start,2,125,
76940.426,start,4,118,
76943.458,conflict-at-land,2,125,
76955.709,conflict-at-land,6,122,
76958.458,start,2,125,
76963.184,conflict-at-land,2,125,
76970.709,start,6,122,
76978.184,start,2,125,
76983.336,conflict-at-land,2,125,
76988.636,conflict-at-land,4,118,
76998.336,start,2,125,
77003.636,start,4,118,
77003.883,conflict-at-land,2,125,
77005.049,conflict-at-land,6,122,
77013.836,conflict-at-land,1,25,
77018.883,start,2,125,
77019.697,conflict-at-land,0,116,
77020.049,start,6,122,
77023.543,conflict-at-land,2,125,
77028.836,start,1,25,
77034.697,start,0,116,
77038.543,start,2,125,
77045.804,conflict-at-land,2,125,
77048.109,conflict-at-land,6,122,
77054.622,conflict-at-land,7,115,
77059.768,conflict-at-land,4,118,
77060.804,start,2,125,
77063.109,start,6,122,
77067.239,conflict-at-land,2,125,
77069.622,start,7,115,
77074.768,start,4,118,
77082.239,start,2,125,
77088.539,conflict-at-land,2,125,
77093.883,conflict-at-land,6,122,
77103.539,start,2,125,
77108.883,start,6,122,
77110.563,conflict-at-land,2,125,
77125.563,start,2,125,
77130.71,conflict-at-land,2,125,
77134.574,conflict-at-land,4,118,
77140.209,conflict-at-land,6,122,
77145.71,start,2,125,
77149.574,start,4,118,
77153.183,conflict-at-land,2,125,
77155.209,start,6,122,
77168.183,start,2,125,
77173.179,conflict-at-land,2,125,
77188.179,start,2,125,
77190.642,conflict-at-land,6,122,
77194.886,conflict-at-land,2,125,
77194.886,abandon,2,125,
77194.886,start,2,126,
77205.555,conflict-at-land,2,126,
77205.642,start,6,122,
77220.555,refuse,2,126,
77228.857,conflict-at-land,4,118,
77229.012,conflict-at-land,5,53,
77235.555,refuse,2,126,
77237.833,conflict-at-land,6,122,
77238.77,conflict-at-land,0,116,
77243.857,start,4,118,
77244.012,start,5,53,
77250.555,start,2,126,
77252.833,refuse,6,122,
77253.77,start,0,116,
77263.863,conflict-at-land,2,126,
77267.833,start,6,122,
77278.863,refuse,2,126,
77291.972,conflict-at-land,6,122,
77293.863,start,2,126,
77306.972,refuse,6,122,
77308.933,conflict-at-land,2,126,
77315.031,conflict-at-land,4,118,
77317.494,conflict-at-land,7,115,
77321.972,start,6,122,
77323.933,refuse,2,126,
77330.031,start,4,118,
77332.494,start,7,115,
77338.933,refuse,2,126,
77353.933,refuse,2,126,
77355.293,conflict-at-land,6,122,
77368.933,start,2,126,
77370.293,refuse,6,122,
77383.459,conflict-at-land,2,126,
77385.293,start,6,122,
77398.459,refuse,2,126,
77402.859,conflict-at-land,4,118,
77413.459,refuse,2,126,
77415.162,conflict-at-land,6,122,
77417.859,start,4,118,
77428.459,start,2,126,
77430.162,refuse,6,122,
77439.554,conflict-at-land,2,126,
77445.162,start,6,122,
77454.554,refuse,2,126,
77455.095,conflict-at-land,0,116,
77469.437,conflict-at-land,4,118,
77469.554,refuse,2,126,
77470.095,start,0,116,
77474.164,conflict-at-land,6,122,
77484.437,start,4,118,
77484.554,start,2,126,
77489.164,refuse,6,122,
77498.156,conflict-at-land,2,126,
77504.164,start,6,122,
77513.156,refuse,2,126,
77528.156,refuse,2,126,
77533.824,conflict-at-land,6,122,
77543.156,start,2,126,
77543.388,conflict-at-land,5,53,
77543.667,conflict-at-land,1,25,
77548.824,refuse,6,122,
77550.491,conflict-at-land,4,118,
77557.546,conflict-at-land,2,126,
77558.388,start,5,53,
77558.667,start,1,25,
77563.824,start,6,122,
77565.491,start,4,118,
77572.546,refuse,2,126,
77574.858,conflict-at-land,7,115,
77585.439,conflict-at-land,6,122,
77587.546,start,2,126,
77589.858,start,7,115,
77596.272,conflict-at-land,2,126,
77600.439,start,6,122,
77611.272,refuse,2,126,
77626.272,refuse,2,126,
77636.453,conflict-at-land,6,122,
77641.272,start,2,126,
77642.528,conflict-at-land,4,118,
77651.453,refuse,6,122,
77656.072,conflict-at-land,2,126,
77657.528,start,4,118,
77666.453,start,6,122,
77671.072,refuse,2,126,
77686.072,refuse,2,126,
77697.981,conflict-at-land,6,122,
77701.072,start,2,126,
77711.296,conflict-at-land,4,118,
77712.981,refuse,6,122,
77713.838,conflict-at-land,2,126,
77714.272,conflict-at-land,0,116,
77726.296,start,4,118,
77727.981,start,6,122,
77728.838,refuse,2,126,
77729.272,start,0,116,
77743.838,refuse,2,126,
77754.284,conflict-at-land,7,115,
77758.838,refuse,2,126,
77763.217,conflict-at-land,6,122,
77769.284,start,7,115,
77773.838,start,2,126,
77778.217,refuse,6,122,
77783.175,conflict-at-land,4,118,
77783.367,conflict-at-land,2,126,
77793.217,start,6,122,
77798.175,start,4,118,
77798.367,refuse,2,126,
77813.367,refuse,2,126,
77828.367,refuse,2,126,
77829.467,conflict-at-land,6,122,
77843.367,start,2,126,
77844.467,refuse,6,122,
77850.024,conflict-at-land,5,53,
77852.85,conflict-at-land,2,126,
77859.467,start,6,122,
77865.024,start,5,53,
77867.85,refuse,2,126,
77873.928,conflict-at-land,4,118,
77881.953,conflict-at-land,6,122,
77882.85,start,2,126,
77888.928,start,4,118,
77893.287,conflict-at-land,2,126,
77896.953,start,6,122,
77908.001,conflict-at-land,3,120,
77908.287,refuse,2,126,
77923.001,start,3,120,
77923.287,refuse,2,126,
77923.415,conflict-at-land,0,116,
77929.094,conflict-at-land,6,122,
77938.287,start,2,126,
77938.415,start,0,116,
77944.094,refuse,6,122,
77948.524,conflict-at-land,2,126,
77959.094,start,6,122,
77963.524,refuse,2,126,
77968.875,conflict-at-land,4,118,
77978.524,refuse,2,126,
77981.029,conflict-at-land,6,122,
77983.875,start,4,118,
77993.524,start,2,126,
77996.029,refuse,6,122,
78004.201,conflict-at-land,2,126,
78011.029,start,6,122,
78017.926,conflict-at-land,7,115,
78019.201,refuse,2,126,
78032.926,start,7,115,
78034.201,refuse,2,126,
78035.909,conflict-at-land,4,118,
78047.816,conflict-at-land,6,122,
78049.201,start,2,126,
78050.909,start,4,118,
78058.665,conflict-at-land,2,126,
78062.816,start,6,122,
78073.665,refuse,2,126,
78088.665,refuse,2,126,
78088.767,conflict-at-land,0,116,
78089.924,conflict-at-land,6,122,
78092.765,conflict-at-land,5,53,
78100.496,conflict-at-land,4,118,
78103.665,start,2,126,
78103.767,start,0,116,
78104.924,refuse,6,122,
78107.765,start,5,53,
78114.077,conflict-at-land,2,126,
78115.496,start,4,118,
78119.924,start,6,122,
78129.077,refuse,2,126,
78144.077,refuse,2,126,
78150.098,conflict-at-land,6,122,
78159.077,start,2,126,
78165.098,refuse,6,122,
78168.102,conflict-at-land,2,126,
78179.966,conflict-at-land,4,118,
78180.098,start,6,122,
78183.102,refuse,2,126,
78191.55,conflict-at-land,7,115,
78194.966,start,4,118,
78198.102,refuse,2,126,
78204.87,conflict-at-land,6,122,
78206.55,start,7,115,
78213.102,start,2,126,
78219.87,refuse,6,122,
78223.917,conflict-at-land,2,126,
78234.87,start,6,122,
78238.917,refuse,2,126,
78253.917,refuse,2,126,
78264.609,conflict-at-land,6,122,
78265.034,conflict-at-land,4,118,
78268.917,start,2,126,
78279.609,refuse,6,122,
78280.034,start,4,118,
78281.377,conflict-at-land,2,126,
78294.609,start,6,122,
78296.377,refuse,2,126,
78306.777,conflict-at-land,1,25,
78311.377,refuse,2,126,
78313.897,conflict-at-land,0,116,
78321.777,start,1,25,
78325.911,conflict-at-land,6,122,
78326.377,start,2,126,
78328.897,start,0,116,
78338.767,conflict-at-land,2,126,
78340.911,start,6,122,
78353.767,refuse,2,126,
78354.777,conflict-at-land,5,53,
78357.242,conflict-at-land,4,118,
78365.871,conflict-at-land,6,122,
78368.767,start,2,126,
78369.777,start,5,53,
78372.242,start,4,118,
78380.871,refuse,6,122,
78383.546,conflict-at-land,2,126,
78395.871,start,6,122,
78398.546,refuse,2,126,
78413.546,refuse,2,126,
78420.26,conflict-at-land,6,122,
78428.546,start,2,126,
78435.26,refuse,6,122,
78440.334,conflict-at-land,7,115,
78440.658,conflict-at-land,4,118,
78443.157,conflict-at-land,2,126,
78450.26,start,6,122,
78455.334,start,7,115,
78455.658,start,4,118,
78458.157,refuse,2,126,
78473.157,refuse,2,126,
78475.036,conflict-at-land,6,122,
78488.157,start,2,126,
78490.036,refuse,6,122,
78498.866,conflict-at-land,2,126,
78505.036,start,6,122,
78509.717,conflict-at-land,0,116,
78513.866,refuse,2,126,
78524.717,start,0,116,
78528.866,refuse,2,126,
78533.515,conflict-at-land,4,118,
78541.653,conflict-at-land,6,122,
78543.866,start,2,126,
78548.515,start,4,118,
78552.678,conflict-at-land,2,126,
78556.653,start,6,122,
78567.678,refuse,2,126,
78582.678,refuse,2,126,
78584.005,conflict-at-land,6,122,
78597.678,start,2,126,
78599.005,refuse,6,122,
78599.392,conflict-at-land,4,118,
78609.07,conflict-at-land,2,126,
78614.005,start,6,122,
78614.392,start,4,118,
78624.07,refuse,2,126,
78639.07,refuse,2,126,
78643.714,conflict-at-land,7,115,
78644.503,conflict-at-land,6,122,
78654.07,start,2,126,
78658.714,start,7,115,
78659.503,refuse,6,122,
78668.529,conflict-at-land,2,126,
78674.503,start,6,122,
78676.105,conflict-at-land,0,116,
78679.197,conflict-at-land,4,118,
78683.529,refuse,2,126,
78691.105,start,0,116,
78694.197,start,4,118,
78698.529,refuse,2,126,
78699.139,conflict-at-land,5,53,
78705.282,conflict-at-land,6,122,
78713.529,start,2,126,
78714.139,start,5,53,
78720.282,refuse,6,122,
78727.903,conflict-at-land,2,126,
78735.282,start,6,122,
78742.903,refuse,2,126,
78757.903,refuse,2,126,
78759.929,conflict-at-land,4,118,
78772.903,refuse,2,126,
78774.196,conflict-at-land,6,122,
78774.929,start,4,118,
78787.903,start,2,126,
78789.196,refuse,6,122,
78796.268,conflict-at-land,7,115,
78799.211,conflict-at-land,2,126,
78804.196,start,6,122,
78811.268,start,7,115,
78814.211,refuse,2,126,
78829.211,refuse,2,126,
78842.059,conflict-at-land,6,122,
78844.211,start,2,126,
78852.921,conflict-at-land,2,126,
78857.059,start,6,122,
78860.388,conflict-at-land,4,118,
78867.921,refuse,2,126,
78875.388,start,4,118,
78878.436,conflict-at-land,6,122,
78882.921,start,2,126,
78887.787,conflict-at-land,0,116,
78893.436,refuse,6,122,
78897.919,conflict-at-land,2,126,
78902.787,start,0,116,
78908.436,start,6,122,
78912.919,refuse,2,126,
78927.919,refuse,2,126,
78938.17,conflict-at-land,4,118,
78942.919,refuse,2,126,
78943.058,conflict-at-land,6,122,
78953.17,start,4,118,
78957.919,start,2,126,
78958.058,refuse,6,122,
78969.266,conflict-at-land,2,126,
78973.058,start,6,122,
78984.266,refuse,2,126,
78995.829,conflict-at-land,7,115,
78996.65,conflict-at-land,6,122,
78999.266,start,2,126,
79008.565,conflict-at-land,2,126,
79010.829,start,7,115,
79011.65,start,6,122,
79023.565,refuse,2,126,
79024.755,conflict-at-land,4,118,
79038.565,refuse,2,126,
79039.755,start,4,118,
79043.829,conflict-at-land,6,122,
79049.432,conflict-at-land,5,53,
79053.565,start,2,126,
79058.829,refuse,6,122,
79064.029,conflict-at-land,2,126,
79064.432,start,5,53,
79073.829,start,6,122,
79079.029,refuse,2,126,
79085.165,conflict-at-land,1,25,
79094.029,refuse,2,126,
79095.212,conflict-at-land,6,122,
79095.964,conflict-at-land,4,118,
79096.546,conflict-at-land,0,116,
79100.165,start,1,25,
79109.029,start,2,126,
79110.212,refuse,6,122,
79110.964,start,4,118,
79111.546,start,0,116,
79120.997,conflict-at-land,2,126,
79125.212,start,6,122,
79135.997,refuse,2,126,
79150.784,conflict-at-land,6,122,
79150.997,start,2,126,
79161.842,conflict-at-land,4,118,
79164.527,conflict-at-land,2,126,
79165.784,start,6,122,
79176.842,start,4,118,
79179.527,refuse,2,126,
79194.527,refuse,2,126,
79195.281,conflict-at-land,6,122,
79209.527,start,2,126,
79210.281,refuse,6,122,
79219.195,conflict-at-land,2,126,
79225.281,start,6,122,
79234.195,refuse,2,126,
79249.195,refuse,2,126,
79252.222,conflict-at-land,6,122,
79252.506,conflict-at-land,7,115,
79254.931,conflict-at-land,4,118,
79264.195,start,2,126,
79267.222,refuse,6,122,
79267.506,start,7,115,
79269.931,start,4,118,
79279.626,conflict-at-land,2,126,
79282.222,start,6,122,
79294.626,refuse,2,126,
79305.855,conflict-at-land,0,116,
79307.977,conflict-at-land,6,122,
79309.626,start,2,126,
79320.855,start,0,116,
79322.977,refuse,6,122,
79324.601,conflict-at-land,2,126,
79330.15,conflict-at-land,4,118,
79332.414,conflict-at-land,5,53,
79337.977,start,6,122,
79339.601,refuse,2,126,
79345.15,start,4,118,
79347.414,start,5,53,
79354.601,refuse,2,126,
79364.79,conflict-at-land,6,122,
79369.601,start,2,126,
79379.517,conflict-at-land,2,126,
79379.79,start,6,122,
79394.517,refuse,2,126,
79404.983,conflict-at-land,6,122,
79409.517,start,2,126,
79419.983,refuse,6,122,
79423.887,conflict-at-land,2,126,
79428.898,conflict-at-land,4,118,
79434.983,start,6,122,
79438.887,refuse,2,126,
79443.898,start,4,118,
79452.544,conflict-at-land,3,120,
79453.887,refuse,2,126,
79465.639,conflict-at-land,6,122,
79467.544,start,3,120,
79468.887,start,2,126,
79480.639,refuse,6,122,
79480.696,conflict-at-land,2,126,
79495.639,start,6,122,
79495.696,refuse,2,126,
79510.696,refuse,2,126,
79518.796,conflict-at-land,7,115,
79520.58,conflict-at-land,4,118,
79525.696,refuse,2,126,
79532.408,conflict-at-land,6,122,
79533.796,start,7,115,
79535.58,start,4,118,
79540.696,start,2,126,
79547.408,refuse,6,122,
79556.065,conflict-at-land,2,126,
79562.408,start,6,122,
79571.065,refuse,2,126,
79581.871,conflict-at-land,0,116,
79584.937,conflict-at-land,6,122,
79586.065,start,2,126,
79588.483,conflict-at-land,4,118,
79596.28,conflict-at-land,2,126,
79596.871,start,0,116,
79599.937,start,6,122,
79603.483,start,4,118,
79611.28,refuse,2,126,
79626.28,refuse,2,126,
79629.177,conflict-at-land,6,122,
79641.28,start,2,126,
79644.177,refuse,6,122,
79655.429,conflict-at-land,2,126,
79658.828,conflict-at-land,4,118,
79659.177,start,6,122,
79670.429,refuse,2,126,
79673.828,start,4,118,
79674.29,conflict-at-land,7,115,
79681.328,conflict-at-land,6,122,
79685.429,start,2,126,
79689.29,start,7,115,
79696.328,refuse,6,122,
79700.753,conflict-at-land,2,126,
79711.328,start,6,122,
79715.753,refuse,2,126,
79721.719,conflict-at-land,5,53,
79730.753,refuse,2,126,
79736.719,start,5,53,
79739.536,conflict-at-land,6,122,
79745.753,start,2,126,
79747.336,conflict-at-land,4,118,
79754.536,refuse,6,122,
79755.82,conflict-at-land,0,116,
79759.965,conflict-at-land,2,126,
79762.336,start,4,118,
79769.536,start,6,122,
79770.82,start,0,116,
79774.965,refuse,2,126,
79789.965,refuse,2,126,
79798.751,conflict-at-land,1,25,
79804.965,refuse,2,126,
79806.895,conflict-at-land,6,122,
79813.751,start,1,25,
79819.965,start,2,126,
79821.895,refuse,6,122,
79828.753,conflict-at-land,2,126,
79836.895,start,6,122,
79840.403,conflict-at-land,4,118,
79843.753,refuse,2,126,
79855.403,start,4,118,
79858.753,refuse,2,126,
79860.841,conflict-at-land,7,115,
79864.225,conflict-at-land,6,122,
79873.753,start,2,126,
79875.841,start,7,115,
79879.225,refuse,6,122,
79888.261,conflict-at-land,2,126,
79894.225,start,6,122,
79903.261,refuse,2,126,
79917.045,conflict-at-land,4,118,
79918.261,refuse,2,126,
79932.045,start,4,118,
79932.958,conflict-at-land,6,122,
79933.261,start,2,126,
79947.958,refuse,6,122,
79948.69,conflict-at-land,2,126,
79962.958,start,6,122,
79963.69,refuse,2,126,
79978.69,refuse,2,126,
79993.57,conflict-at-land,6,122,
79993.69,start,2,126,
79995.407,conflict-at-land,0,116,
80004.893,conflict-at-land,4,118,
80007.451,conflict-at-land,2,126,
80008.57,start,6,122,
80010.407,start,0,116,
80019.893,start,4,118,
80022.451,refuse,2,126,
80037.451,refuse,2,126,
80043.337,conflict-at-land,6,122,
80052.451,start,2,126,
80058.337,refuse,6,122,
80061.723,conflict-at-land,2,126,
80071.233,conflict-at-land,7,115,
80073.337,start,6,122,
80076.723,refuse,2,126,
80086.233,start,7,115,
80090.112,conflict-at-land,4,118,
80091.723,refuse,2,126,
80105.112,start,4,118,
80106.723,refuse,2,126,
80109.66,conflict-at-land,5,53,
80111.731,conflict-at-land,6,122,
80121.723,start,2,126,
80124.66,start,5,53,
80126.731,refuse,6,122,
80133.11,conflict-at-land,2,126,
80141.731,start,6,122,
80148.11,refuse,2,126,
80154.194,conflict-at-land,4,118,
80163.11,refuse,2,126,
80169.194,start,4,118,
80178.11,refuse,2,126,
80179.038,conflict-at-land,6,122,
80193.11,start,2,126,
80194.038,refuse,6,122,
80205.36,conflict-at-land,2,126,
80209.038,start,6,122,
80220.36,refuse,2,126,
80224.98,conflict-at-land,4,118,
80230.269,conflict-at-land,0,116,
80235.36,refuse,2,126,
80238.004,conflict-at-land,6,122,
80239.98,start,4,118,
80245.269,start,0,116,
80250.36,start,2,126,
80253.004,refuse,6,122,
80260.253,conflict-at-land,2,126,
80268.004,start,6,122,
80275.253,refuse,2,126,
80278.248,conflict-at-land,7,115,
80290.253,refuse,2,126,
80293.248,start,7,115,
80298.433,conflict-at-land,6,122,
80298.433,abandon,6,122,
80298.433,refuse,6,127,
80303.173,conflict-at-land,4,118,
80305.253,start,2,126,
80313.433,refuse,6,127,
80318.142,conflict-at-land,2,126,
80318.173,start,4,118,
80328.433,refuse,6,127,
80333.142,start,2,126,
80343.433,refuse,6,127,
80344.936,conflict-at-land,2,126,
80358.433,refuse,6,127,
80359.936,start,2,126,
80371.186,conflict-at-land,2,126,
80373.433,refuse,6,127,
80386.186,start,2,126,
80388.433,refuse,6,127,
80390.554,conflict-at-land,4,118,
80398.958,conflict-at-land,2,126,
80403.433,refuse,6,127,
80405.554,start,4,118,
80413.958,start,2,126,
80414.009,conflict-at-land,0,116,
80418.433,refuse,6,127,
80424.313,conflict-at-land,2,126,
80429.009,start,0,116,
80433.433,refuse,6,127,
80439.313,start,2,126,
80448.433,refuse,6,127,
80448.434,conflict-at-land,2,126,
80458.549,conflict-at-land,5,53,
80458.549,abandon,5,53,
80458.549,start,5,128,
80463.433,refuse,6,127,
80463.434,start,2,126,
80471.391,conflict-at-land,4,118,
80472.947,conflict-at-land,7,115,
80477.073,conflict-at-land,2,126,
80478.433,refuse,6,127,
80486.391,start,4,118,
80487.947,start,7,115,
80492.073,start,2,126,
80493.433,refuse,6,127,
80494.651,conflict-at-land,1,25,
80502.833,conflict-at-land,2,126,
80508.433,refuse,6,127,
80509.651,start,1,25,
80517.833,start,2,126,
80523.433,refuse,6,127,
80524.859,land,5,128,
80524.859,refuse,5,129,
80527.367,conflict-at-land,2,126,
80538.433,refuse,6,127,
80539.859,refuse,5,129,
80542.367,start,2,126,
80551.273,conflict-at-land,4,118,
80553.433,refuse,6,127,
80553.994,conflict-at-land,2,126,
80554.859,start,5,129,
80566.273,refuse,4,118,
80568.433,refuse,6,127,
80568.994,start,2,126,
80581.273,refuse,4,118,
80581.927,conflict-at-land,2,126,
80583.287,conflict-at-land,5,129,
80583.433,refuse,6,127,
80596.273,start,4,118,
80596.927,start,2,126,
80598.287,refuse,5,129,
80598.433,refuse,6,127,
80601.37,conflict-at-land,0,116,
80609.268,conflict-at-land,2,126,
80613.287,refuse,5,129,
80613.433,refuse,6,127,
80616.37,start,0,116,
80624.268,start,2,126,
80628.287,refuse,5,129,
80628.433,refuse,6,127,
80634.168,conflict-at-land,2,126,
80643.287,refuse,5,129,
80643.433,refuse,6,127,
80649.168,start,2,126,
80658.287,refuse,5,129,
80658.433,refuse,6,127,
80663.752,conflict-at-land,2,126,
80673.287,refuse,5,129,
80673.433,refuse,6,127,
80678.752,start,2,126,
80679.105,conflict-at-land,4,118,
80679.589,conflict-at-land,7,115,
80687.423,conflict-at-land,2,126,
80688.287,start,5,129,
80688.433,refuse,6,127,
80694.105,refuse,4,118,
80694.589,start,7,115,
80702.423,start,2,126,
80703.433,refuse,6,127,
80709.105,refuse,4,118,
80711.392,conflict-at-land,5,129,
80712.364,conflict-at-land,2,126,
80718.433,refuse,6,127,
80724.105,start,4,118,
80726.392,refuse,5,129,
80727.364,start,2,126,
80733.433,refuse,6,127,
80741.392,refuse,5,129,
80741.572,conflict-at-land,2,126,
80748.433,refuse,6,127,
80756.392,refuse,5,129,
80756.572,start,2,126,
80763.433,refuse,6,127,
80771.089,conflict-at-land,2,126,
80771.392,refuse,5,129,
80778.433,refuse,6,127,
80786.089,start,2,126,
80786.392,refuse,5,129,
80793.433,refuse,6,127,
80797.264,conflict-at-land,4,118,
80799.53,conflict-at-land,2,126,
80801.392,start,5,129,
80808.433,refuse,6,127,
80812.264,refuse,4,118,
80814.53,start,2,126,
80823.433,refuse,6,127,
80824.371,conflict-at-land,5,129,
80827.264,start,4,118,
80829.962,conflict-at-land,2,126,
80838.433,refuse,6,127,
80839.371,refuse,5,129,
80844.962,start,2,126,
80853.433,refuse,6,127,
80854.371,refuse,5,129,
80857.722,conflict-at-land,2,126,
80862.553,conflict-at-land,0,116,
80865.888,conflict-at-land,3,120,
80868.433,start,6,127,
80869.371,refuse,5,129,
80872.722,start,2,126,
80873.554,conflict-at-land,4,118,
80877.553,start,0,116,
80880.888,refuse,3,120,
80882.232,conflict-at-land,2,126,
80884.371,start,5,129,
80888.554,refuse,4,118,
80895.888,refuse,3,120,
80897.232,start,2,126,
80903.554,refuse,4,118,
80910.025,conflict-at-land,2,126,
80910.888,refuse,3,120,
80912.174,conflict-at-land,5,129,
80917.702,conflict-at-land,7,115,
80918.554,start,4,118,
80925.025,start,2,126,
80925.888,refuse,3,120,
80927.174,refuse,5,129,
80932.702,start,7,115,
80934.378,conflict-at-land,2,126,
80940.888,refuse,3,120,
80942.174,refuse,5,129,
80949.378,start,2,126,
80955.888,refuse,3,120,
80957.174,refuse,5,129,
80962.975,conflict-at-land,2,126,
80970.888,refuse,3,120,
80972.174,refuse,5,129,
80977.975,start,2,126,
80985.888,refuse,3,120,
80987.174,refuse,5,129,
80988.477,conflict-at-land,2,126,
80992.05,conflict-at-land,4,118,
81000.888,refuse,3,120,
81002.174,start,5,129,
81003.477,start,2,126,
81007.05,refuse,4,118,
81015.888,refuse,3,120,
81016.694,conflict-at-land,2,126,
81022.05,refuse,4,118,
81024.759,conflict-at-land,5,129,
81030.888,refuse,3,120,
81031.694,start,2,126,
81037.05,start,4,118,
81039.759,refuse,5,129,
81044.412,conflict-at-land,2,126,
81045.888,refuse,3,120,
81054.759,refuse,5,129,
81059.412,start,2,126,
81060.888,refuse,3,120,
81069.759,refuse,5,129,
81072.208,conflict-at-land,2,126,
81075.888,refuse,3,120,
81084.759,refuse,5,129,
81087.208,start,2,126,
81090.888,refuse,3,120,
81096.129,conflict-at-land,2,126,
81096.721,conflict-at-land,0,116,
81099.014,conflict-at-land,4,118,
81099.759,start,5,129,
81105.888,refuse,3,120,
81111.129,start,2,126,
81111.721,start,0,116,
81114.014,refuse,4,118,
81120.888,refuse,3,120,
81125.636,conflict-at-land,5,129,
81125.982,conflict-at-land,2,126,
81129.014,start,4,118,
81135.888,refuse,3,120,
81140.636,refuse,5,129,
81140.982,start,2,126,
81150.367,conflict-at-land,2,126,
81150.888,refuse,3,120,
81155.636,refuse,5,129,
81157.722,conflict-at-land,7,115,
81165.367,start,2,126,
81165.888,refuse,3,120,
81170.636,refuse,5,129,
81172.722,start,7,115,
81176.905,conflict-at-land,2,126,
81180.888,refuse,3,120,
81185.636,refuse,5,129,
81191.905,start,2,126,
81195.888,refuse,3,120,
81200.524,conflict-at-land,2,126,
81200.636,refuse,5,129,
81209.831,conflict-at-land,4,118,
81210.888,refuse,3,120,
81215.524,start,2,126,
81215.636,start,5,129,
81224.831,refuse,4,118,
81225.888,refuse,3,120,
81228.318,conflict-at-land,2,126,
81236.0,conflict-at-land,5,129,
81239.831,start,4,118,
81240.888,refuse,3,120,
81243.318,start,2,126,
81251.0,refuse,5,129,
81255.888,refuse,3,120,
81257.222,conflict-at-land,2,126,
81266.0,refuse,5,129,
81270.888,refuse,3,120,
81272.222,start,2,126,
81276.447,conflict-at-land,0,116,
81281.0,refuse,5,129,
81285.888,refuse,3,120,
81286.342,conflict-at-land,2,126,
81291.447,start,0,116,
81296.0,refuse,5,129,
81300.888,refuse,3,120,
81301.342,start,2,126,
81311.0,refuse,5,129,
81314.056,conflict-at-land,2,126,
81314.056,abandon,2,126,
81314.056,start,2,130,
81315.888,refuse,3,120,
81317.592,conflict-at-land,4,118,
81326.0,start,5,129,
81330.888,refuse,3,120,
81331.957,land,2,130,
81331.957,refuse,2,131,
81332.592,refuse,4,118,
81345.888,refuse,3,120,
81346.957,refuse,2,131,
81347.319,conflict-at-land,5,129,
81347.592,start,4,118,
81360.888,refuse,3,120,
81361.957,refuse,2,131,
81362.319,refuse,5,129,
81375.888,refuse,3,120,
81376.957,refuse,2,131,
81377.319,refuse,5,129,
81389.998,conflict-at-land,1,25,
81390.888,refuse,3,120,
81391.957,refuse,2,131,
81392.319,refuse,5,129,
81402.132,conflict-at-land,4,118,
81404.998,start,1,25,
81405.888,refuse,3,120,
81406.957,refuse,2,131,
81407.319,start,5,129,
81409.303,conflict-at-land,7,115,
81417.132,refuse,4,118,
81420.888,refuse,3,120,
81421.957,start,2,131,
81424.303,refuse,7,115,
81427.358,land,2,131,
81427.358,start,2,132,
81429.352,conflict-at-land,5,129,
81432.132,start,4,118,
81433.639,conflict-at-land,2,132,
81434.032,conflict-at-land,6,127,
81435.888,start,3,120,
81439.303,start,7,115,
81444.352,refuse,5,129,
81448.639,start,2,132,
81449.032,refuse,6,127,
81454.085,conflict-at-land,2,132,
81459.352,refuse,5,129,
81464.032,refuse,6,127,
81469.085,start,2,132,
81474.352,refuse,5,129,
81475.14,conflict-at-land,2,132,
81479.032,refuse,6,127,
81489.352,refuse,5,129,
81490.14,start,2,132,
81494.032,refuse,6,127,
81496.149,conflict-at-land,2,132,
81504.352,refuse,5,129,
81509.032,refuse,6,127,
81510.548,conflict-at-land,0,116,
81511.149,start,2,132,
81516.334,conflict-at-land,2,132,
81517.445,conflict-at-land,4,118,
81519.352,start,5,129,
81524.032,refuse,6,127,
81525.548,start,0,116,
81531.334,start,2,132,
81532.445,refuse,4,118,
81538.802,conflict-at-land,2,132,
81539.032,refuse,6,127,
81541.449,conflict-at-land,5,129,
81547.445,start,4,118,
81553.802,start,2,132,
81554.032,refuse,6,127,
81556.449,refuse,5,129,
81559.624,conflict-at-land,2,132,
81569.032,refuse,6,127,
81571.449,refuse,5,129,
81574.624,start,2,132,
81578.934,conflict-at-land,2,132,
81584.032,refuse,6,127,
81586.449,refuse,5,129,
81593.934,start,2,132,
81599.032,refuse,6,127,
81599.616,conflict-at-land,2,132,
81601.449,refuse,5,129,
81614.032,refuse,6,127,
81614.616,start,2,132,
81616.449,refuse,5,129,
81620.65,conflict-at-land,7,115,
81622.036,conflict-at-land,2,132,
81626.14,conflict-at-land,4,118,
81629.032,refuse,6,127,
81631.449,start,5,129,
81635.65,start,7,115,
81637.036,start,2,132,
81641.14,refuse,4,118,
81641.355,conflict-at-land,2,132,
81644.032,refuse,6,127,
81653.02,conflict-at-land,5,129,
81656.14,start,4,118,
81656.355,start,2,132,
81659.032,refuse,6,127,
81660.746,conflict-at-land,2,132,
81668.02,refuse,5,129,
81674.032,refuse,6,127,
81675.746,start,2,132,
81681.071,conflict-at-land,2,132,
81682.038,conflict-at-land,0,116,
81683.02,refuse,5,129,
81689.032,refuse,6,127,
81696.071,start,2,132,
81697.038,start,0,116,
81698.02,refuse,5,129,
81702.897,conflict-at-land,2,132,
81704.032,refuse,6,127,
81709.078,conflict-at-land,4,118,
81713.02,start,5,129,
81717.897,start,2,132,
81719.032,refuse,6,127,
81722.29,conflict-at-land,2,132,
81724.078,refuse,4,118,
81734.032,refuse,6,127,
81737.29,start,2,132,
81739.078,refuse,4,118,
81740.615,conflict-at-land,5,129,
81743.189,conflict-at-land,2,132,
81749.032,refuse,6,127,
81754.078,start,4,118,
81755.615,refuse,5,129,
81758.189,start,2,132,
81764.032,refuse,6,127,
81764.379,conflict-at-land,2,132,
81770.615,refuse,5,129,
81779.032,refuse,6,127,
81779.379,start,2,132,
81784.417,conflict-at-land,2,132,
81785.615,refuse,5,129,
81794.032,refuse,6,127,
81799.417,start,2,132,
81800.615,refuse,5,129,
81804.442,conflict-at-land,2,132,
81809.032,refuse,6,127,
81811.017,conflict-at-land,4,118,
81812.656,conflict-at-land,7,115,
81815.615,start,5,129,
81819.442,start,2,132,
81824.032,refuse,6,127,
81826.017,refuse,4,118,
81826.964,conflict-at-land,2,132,
81827.656,start,7,115,
81839.032,refuse,6,127,
81841.017,refuse,4,118,
81841.964,start,2,132,
81842.956,conflict-at-land,5,129,
81848.256,conflict-at-land,2,132,
81854.032,refuse,6,127,
81856.017,start,4,118,
81857.956,refuse,5,129,
81863.256,start,2,132,
81869.032,refuse,6,127,
81869.067,conflict-at-land,2,132,
81872.956,refuse,5,129,
81884.032,refuse,6,127,
81884.067,start,2,132,
81887.956,refuse,5,129,
81890.907,conflict-at-land,2,132,
81899.032,refuse,6,127,
81902.956,refuse,5,129,
81905.907,start,2,132,
81912.421,conflict-at-land,2,132,
81914.032,refuse,6,127,
81917.956,refuse,5,129,
81927.421,start,2,132,
81928.684,conflict-at-land,4,118,
81929.032,refuse,6,127,
81931.758,conflict-at-land,2,132,
81932.956,start,5,129,
81936.28,conflict-at-land,0,116,
81943.684,refuse,4,118,
81944.032,refuse,6,127,
81946.758,start,2,132,
81951.28,start,0,116,
81953.242,conflict-at-land,2,132,
81958.684,refuse,4,118,
81959.032,refuse,6,127,
81967.714,conflict-at-land,5,129,
81968.242,start,2,132,
81973.684,start,4,118,
81974.032,refuse,6,127,
81974.991,conflict-at-land,2,132,
81982.714,refuse,5,129,
81989.032,refuse,6,127,
81989.991,start,2,132,
81996.036,conflict-at-land,2,132,
81997.714,refuse,5,129,
82004.032,refuse,6,127,
82011.036,start,2,132,
82012.714,refuse,5,129,
82016.775,conflict-at-land,2,132,
82019.032,refuse,6,127,
82022.221,conflict-at-land,7,115,
82027.714,refuse,5,129,
82031.775,start,2,132,
82033.243,conflict-at-land,4,118,
82034.032,refuse,6,127,
82036.127,conflict-at-land,2,132,
82037.221,start,7,115,
82042.714,start,5,129,
82048.243,refuse,4,118,
82048.243,abandon,4,118,
82048.243,start,4,133,
82049.032,refuse,6,127,
82051.127,refuse,2,132,
82053.1,conflict-at-land,4,133,
82064.032,refuse,6,127,
82066.127,start,2,132,
82068.1,refuse,4,133,
82070.536,conflict-at-land,2,132,
82071.875,conflict-at-land,5,129,
82079.032,refuse,6,127,
82083.1,start,4,133,
82085.536,refuse,2,132,
82086.875,start,5,129,
82087.951,conflict-at-land,4,133,
82094.032,refuse,6,127,
82100.536,start,2,132,
82102.951,refuse,4,133,
82106.53,conflict-at-land,2,132,
82109.032,refuse,6,127,
82111.254,conflict-at-land,5,129,
82117.951,start,4,133,
82121.53,refuse,2,132,
82122.97,conflict-at-land,4,133,
82124.032,refuse,6,127,
82126.254,start,5,129,
82136.53,start,2,132,
82137.97,refuse,4,133,
82139.032,refuse,6,127,
82144.186,conflict-at-land,2,132,
82152.97,start,4,133,
82154.032,refuse,6,127,
82157.314,conflict-at-land,0,116,
82157.795,conflict-at-land,4,133,
82159.186,start,2,132,
82159.81,conflict-at-land,5,129,
82165.082,conflict-at-land,2,132,
82169.032,refuse,6,127,
82172.314,start,0,116,
82172.795,start,4,133,
82174.81,start,5,129,
82177.875,conflict-at-land,4,133,
82180.082,start,2,132,
82184.032,refuse,6,127,
82185.299,conflict-at-land,2,132,
82192.875,start,4,133,
82194.756,conflict-at-land,5,129,
82199.032,refuse,6,127,
82199.53,conflict-at-land,4,133,
82200.299,start,2,132,
82205.496,conflict-at-land,2,132,
82208.299,conflict-at-land,7,115,
82209.756,start,5,129,
82210.163,conflict-at-land,1,25,
82214.032,refuse,6,127,
82214.53,start,4,133,
82219.447,conflict-at-land,4,133,
82220.496,start,2,132,
82223.299,start,7,115,
82225.163,start,1,25,
82225.383,conflict-at-land,2,132,
82229.032,refuse,6,127,
82234.447,start,4,133,
82237.868,conflict-at-land,5,129,
82240.383,refuse,2,132,
82241.071,conflict-at-land,4,133,
82244.032,refuse,6,127,
82252.868,start,5,129,
82255.383,start,2,132,
82256.071,refuse,4,133,
82259.032,refuse,6,127,
82260.569,conflict-at-land,2,132,
82271.071,start,4,133,
82274.032,refuse,6,127,
82275.569,refuse,2,132,
82277.423,conflict-at-land,4,133,
82284.164,conflict-at-land,5,129,
82289.032,refuse,6,127,
82290.569,start,2,132,
82292.423,refuse,4,133,
82296.45,conflict-at-land,2,132,
82299.164,start,5,129,
82304.032,refuse,6,127,
82307.423,start,4,133,
82311.45,refuse,2,132,
82313.122,conflict-at-land,4,133,
82319.032,refuse,6,127,
82326.45,start,2,132,
82327.094,conflict-at-land,5,129,
82328.122,refuse,4,133,
82332.794,conflict-at-land,2,132,
82334.032,refuse,6,127,
82342.094,start,5,129,
82343.122,start,4,133,
82347.794,refuse,2,132,
82349.032,refuse,6,127,
82349.779,conflict-at-land,4,133,
82362.794,start,2,132,
82364.032,refuse,6,127,
82364.779,refuse,4,133,
82369.227,conflict-at-land,2,132,
82369.287,conflict-at-land,5,129,
82379.032,refuse,6,127,
82379.779,start,4,133,
82384.227,refuse,2,132,
82384.287,start,5,129,
82386.968,conflict-at-land,4,133,
82394.032,refuse,6,127,
82399.227,start,2,132,
82401.968,refuse,4,133,
82403.696,conflict-at-land,2,132,
82409.032,refuse,6,127,
82416.968,start,4,133,
82418.315,conflict-at-land,5,129,
82418.696,refuse,2,132,
82421.773,conflict-at-land,4,133,
82424.032,refuse,6,127,
82433.315,start,5,129,
82433.696,start,2,132,
82436.773,refuse,4,133,
82437.749,conflict-at-land,0,116,
82439.032,refuse,6,127,
82440.164,conflict-at-land,2,132,
82446.544,conflict-at-land,7,115,
82451.773,start,4,133,
82452.749,start,0,116,
82454.032,refuse,6,127,
82455.164,refuse,2,132,
82456.467,conflict-at-land,4,133,
82461.544,start,7,115,
82464.108,conflict-at-land,5,129,
82469.032,refuse,6,127,
82470.164,start,2,132,
82471.467,refuse,4,133,
82476.581,conflict-at-land,2,132,
82479.108,start,5,129,
82484.032,refuse,6,127,
82486.467,start,4,133,
82491.581,refuse,2,132,
82492.008,conflict-at-land,4,133,
82499.032,refuse,6,127,
82503.689,conflict-at-land,5,129,
82506.581,start,2,132,
82507.008,refuse,4,133,
82513.444,conflict-at-land,2,132,
82514.032,refuse,6,127,
82518.689,start,5,129,
82522.008,start,4,133,
82527.928,conflict-at-land,4,133,
82528.444,start,2,132,
82529.032,refuse,6,127,
82533.379,conflict-at-land,2,132,
82542.928,start,4,133,
82544.032,refuse,6,127,
82547.716,conflict-at-land,4,133,
82548.379,start,2,132,
82551.951,conflict-at-land,5,129,
82554.151,conflict-at-land,2,132,
82559.032,refuse,6,127,
82562.716,start,4,133,
82566.951,start,5,129,
82568.465,conflict-at-land,4,133,
82569.151,start,2,132,
82574.032,refuse,6,127,
82574.099,conflict-at-land,2,132,
82583.465,start,4,133,
82589.032,refuse,6,127,
82589.099,refuse,2,132,
82590.577,conflict-at-land,4,133,
82594.136,conflict-at-land,5,129,
82602.225,conflict-at-land,3,120,
82604.032,start,6,127,
82604.099,start,2,132,
82605.577,refuse,4,133,
82609.136,start,5,129,
82611.602,conflict-at-land,2,132,
82617.225,refuse,3,120,
82620.577,start,4,133,
82625.542,conflict-at-land,4,133,
82626.602,start,2,132,
82630.02,conflict-at-land,5,129,
82631.42,conflict-at-land,2,132,
82632.225,refuse,3,120,
82640.542,start,4,133,
82645.02,start,5,129,
82646.42,refuse,2,132,
82647.183,conflict-at-land,4,133,
82647.225,refuse,3,120,
82661.42,start,2,132,
82662.183,refuse,4,133,
82662.225,refuse,3,120,
82664.786,conflict-at-land,5,129,
82667.101,conflict-at-land,2,132,
82675.64,conflict-at-land,7,115,
82677.183,start,4,133,
82677.225,refuse,3,120,
82679.786,start,5,129,
82681.406,conflict-at-land,4,133,
82682.101,start,2,132,
82687.82,conflict-at-land,2,132,
82690.64,start,7,115,
82692.225,refuse,3,120,
82695.643,conflict-at-land,0,116,
82696.406,start,4,133,
82701.584,conflict-at-land,5,129,
82702.82,refuse,2,132,
82703.945,conflict-at-land,4,133,
82707.225,refuse,3,120,
82710.643,start,0,116,
82716.584,start,5,129,
82717.82,start,2,132,
82718.945,refuse,4,133,
82722.225,refuse,3,120,
82722.96,conflict-at-land,2,132,
82733.945,start,4,133,
82735.898,conflict-at-land,5,129,
82737.225,refuse,3,120,
82737.96,refuse,2,132,
82739.137,conflict-at-land,4,133,
82750.898,start,5,129,
82752.225,refuse,3,120,
82752.96,start,2,132,
82754.137,refuse,4,133,
82759.123,conflict-at-land,2,132,
82767.225,refuse,3,120,
82769.137,start,4,133,
82772.535,conflict-at-land,5,129,
82774.123,refuse,2,132,
82775.871,conflict-at-land,4,133,
82782.225,refuse,3,120,
82787.535,start,5,129,
82789.123,start,2,132,
82790.871,refuse,4,133,
82794.965,conflict-at-land,2,132,
82797.225,refuse,3,120,
82805.871,start,4,133,
82809.965,refuse,2,132,
82810.283,conflict-at-land,4,133,
82811.107,conflict-at-land,5,129,
82812.225,refuse,3,120,
82824.965,start,2,132,
82825.283,refuse,4,133,
82826.107,start,5,129,
82827.225,refuse,3,120,
82831.197,conflict-at-land,2,132,
82840.283,start,4,133,
82842.225,refuse,3,120,
82846.197,refuse,2,132,
82847.0,conflict-at-land,4,133,
82855.972,conflict-at-land,5,129,
82857.225,refuse,3,120,
82861.197,start,2,132,
82861.625,conflict-at-land,7,115,
82862.0,refuse,4,133,
82867.692,conflict-at-land,2,132,
82870.972,start,5,129,
82872.225,refuse,3,120,
82876.625,start,7,115,
82877.0,start,4,133,
82881.872,conflict-at-land,4,133,
82882.692,start,2,132,
82887.225,refuse,3,120,
82887.29,conflict-at-land,2,132,
82896.872,start,4,133,
82897.053,conflict-at-land,5,129,
82902.012,conflict-at-land,4,133,
82902.225,refuse,3,120,
82902.29,start,2,132,
82907.942,conflict-at-land,2,132,
82912.053,start,5,129,
82917.012,start,4,133,
82917.225,refuse,3,120,
82921.233,conflict-at-land,4,133,
82922.942,start,2,132,
82928.254,conflict-at-land,2,132,
82932.225,refuse,3,120,
82936.233,start,4,133,
82940.951,conflict-at-land,0,116,
82941.114,conflict-at-land,4,133,
82942.308,conflict-at-land,5,129,
82943.254,start,2,132,
82947.225,refuse,3,120,
82948.932,conflict-at-land,2,132,
82949.197,conflict-at-land,1,25,
82955.951,start,0,116,
82956.114,start,4,133,
82957.308,start,5,129,
82962.225,refuse,3,120,
82963.149,conflict-at-land,4,133,
82963.932,start,2,132,
82964.197,start,1,25,
82968.543,conflict-at-land,2,132,
82977.225,refuse,3,120,
82977.331,conflict-at-land,5,129,
82978.149,start,4,133,
82983.543,refuse,2,132,
82983.55,conflict-at-land,4,133,
82992.225,refuse,3,120,
82992.331,start,5,129,
82998.543,start,2,132,
82998.55,refuse,4,133,
83005.249,conflict-at-land,2,132,
83007.225,refuse,3,120,
83013.55,start,4,133,
83016.464,conflict-at-land,5,129,
83020.249,refuse,2,132,
83021.222,conflict-at-land,4,133,
83022.225,refuse,3,120,
83031.464,start,5,129,
83035.249,start,2,132,
83036.222,refuse,4,133,
83037.225,refuse,3,120,
83042.027,conflict-at-land,2,132,
83051.222,start,4,133,
83052.225,refuse,3,120,
83056.639,conflict-at-land,6,127,
83057.027,refuse,2,132,
83057.76,conflict-at-land,4,133,
83065.809,conflict-at-land,5,129,
83067.225,start,3,120,
83071.639,refuse,6,127,
83072.027,start,2,132,
83072.76,refuse,4,133,
83078.139,conflict-at-land,2,132,
83080.809,start,5,129,
83086.639,refuse,6,127,
83087.76,start,4,133,
83093.139,refuse,2,132,
83095.364,conflict-at-land,4,133,
83101.639,refuse,6,127,
83108.139,start,2,132,
83110.364,refuse,4,133,
83112.793,conflict-at-land,5,129,
83113.132,conflict-at-land,2,132,
83116.639,refuse,6,127,
83120.198,conflict-at-land,7,115,
83125.364,start,4,133,
83127.793,start,5,129,
83128.132,refuse,2,132,
83130.732,conflict-at-land,4,133,
83131.639,refuse,6,127,
83135.198,start,7,115,
83143.132,start,2,132,
83145.732,refuse,4,133,
83146.639,refuse,6,127,
83147.925,conflict-at-land,2,132,
83149.923,conflict-at-land,5,129,
83160.732,start,4,133,
83161.639,refuse,6,127,
83162.925,refuse,2,132,
83164.923,start,5,129,
83165.347,conflict-at-land,4,133,
83176.639,refuse,6,127,
83177.925,start,2,132,
83180.347,refuse,4,133,
83185.422,conflict-at-land,2,132,
83191.639,refuse,6,127,
83195.347,start,4,133,
83197.02,conflict-at-land,5,129,
83200.422,refuse,2,132,
83200.467,conflict-at-land,4,133,
83206.454,conflict-at-land,0,116,
83206.639,refuse,6,127,
83212.02,start,5,129,
83215.422,start,2,132,
83215.467,refuse,4,133,
83220.936,conflict-at-land,2,132,
83221.454,start,0,116,
83221.639,refuse,6,127,
83230.467,start,4,133,
83235.091,conflict-at-land,4,133,
83235.936,start,2,132,
83236.639,refuse,6,127,
83242.332,conflict-at-land,5,129,
83242.345,conflict-at-land,2,132,
83250.091,start,4,133,
83251.639,refuse,6,127,
83257.268,conflict-at-land,4,133,
83257.332,start,5,129,
83257.345,start,2,132,
83262.344,conflict-at-land,2,132,
83266.639,refuse,6,127,
83272.268,start,4,133,
83276.891,conflict-at-land,4,133,
83277.344,start,2,132,
83281.639,refuse,6,127,
83283.714,conflict-at-land,2,132,
83285.922,conflict-at-land,5,129,
83291.891,start,4,133,
83296.197,conflict-at-land,4,133,
83296.639,refuse,6,127,
83298.714,start,2,132,
83300.922,start,5,129,
83305.237,conflict-at-land,7,115,
83306.282,conflict-at-land,2,132,
83311.197,start,4,133,
83311.639,refuse,6,127,
83316.165,conflict-at-land,4,133,
83320.237,start,7,115,
83321.282,start,2,132,
83326.639,refuse,6,127,
83327.19,conflict-at-land,2,132,
83331.165,start,4,133,
83332.751,conflict-at-land,5,129,
83338.089,conflict-at-land,4,133,
83341.639,refuse,6,127,
83342.19,start,2,132,
83347.162,conflict-at-land,2,132,
83347.751,start,5,129,
83353.089,start,4,133,
83356.639,refuse,6,127,
83359.868,conflict-at-land,4,133,
83362.162,start,2,132,
83367.862,conflict-at-land,2,132,
83371.639,refuse,6,127,
83371.846,conflict-at-land,5,129,
83374.868,start,4,133,
83381.24,conflict-at-land,4,133,
83382.862,start,2,132,
83383.407,conflict-at-land,0,116,
83386.639,refuse,6,127,
83386.846,start,5,129,
83389.164,conflict-at-land,2,132,
83396.24,start,4,133,
83398.407,start,0,116,
83401.033,conflict-at-land,4,133,
83401.639,refuse,6,127,
83404.164,start,2,132,
83410.94,conflict-at-land,2,132,
83415.257,conflict-at-land,5,129,
83416.033,start,4,133,
83416.639,refuse,6,127,
83422.186,conflict-at-land,4,133,
83425.94,start,2,132,
83430.257,start,5,129,
83431.041,conflict-at-land,2,132,
83431.639,refuse,6,127,
83437.186,start,4,133,
83441.782,conflict-at-land,4,133,
83446.041,start,2,132,
83446.639,refuse,6,127,
83450.86,conflict-at-land,2,132,
83453.783,conflict-at-land,5,129,
83456.782,start,4,133,
83461.639,refuse,6,127,
83463.911,conflict-at-land,4,133,
83465.86,start,2,132,
83468.783,start,5,129,
83470.65,conflict-at-land,2,132,
83476.639,refuse,6,127,
83478.911,start,4,133,
83485.65,refuse,2,132,
83485.688,conflict-at-land,4,133,
83491.639,refuse,6,127,
83492.081,conflict-at-land,5,129,
83500.65,start,2,132,
83500.688,refuse,4,133,
83505.278,conflict-at-land,2,132,
83506.639,refuse,6,127,
83507.081,start,5,129,
83515.688,start,4,133,
83520.278,refuse,2,132,
83521.639,refuse,6,127,
83523.381,conflict-at-land,4,133,
83526.361,conflict-at-land,7,115,
83533.514,conflict-at-land,5,129,
83535.278,start,2,132,
83536.639,refuse,6,127,
83538.381,refuse,4,133,
83541.361,start,7,115,
83541.756,conflict-at-land,2,132,
83548.514,start,5,129,
83551.639,refuse,6,127,
83553.381,start,4,133,
83556.756,refuse,2,132,
83560.472,conflict-at-land,4,133,
83566.639,refuse,6,127,
83570.592,conflict-at-land,5,129,
83571.756,start,2,132,
83575.472,refuse,4,133,
83579.249,conflict-at-land,2,132,
83581.639,refuse,6,127,
83585.592,start,5,129,
83590.472,start,4,133,
83594.249,refuse,2,132,
83596.639,refuse,6,127,
83597.35,conflict-at-land,4,133,
83609.249,start,2,132,
83611.639,refuse,6,127,
83612.35,refuse,4,133,
83613.697,conflict-at-land,2,132,
83615.503,conflict-at-land,5,129,
83626.639,refuse,6,127,
83626.892,conflict-at-land,1,25,
83627.35,start,4,133,
83628.697,refuse,2,132,
83630.503,start,5,129,
83632.9,conflict-at-land,4,133,
83641.639,refuse,6,127,
83641.892,start,1,25,
83643.697,start,2,132,
83647.9,refuse,4,133,
83650.393,conflict-at-land,2,132,
83650.714,conflict-at-land,5,129,
83656.639,refuse,6,127,
83662.9,start,4,133,
83665.393,refuse,2,132,
83665.714,start,5,129,
83667.809,conflict-at-land,4,133,
83671.639,refuse,6,127,
83674.003,conflict-at-land,0,116,
83680.393,start,2,132,
83682.809,refuse,4,133,
83685.843,conflict-at-land,2,132,
83686.639,refuse,6,127,
83689.003,start,0,116,
83696.771,conflict-at-land,5,129,
83697.809,start,4,133,
83700.843,refuse,2,132,
83701.639,refuse,6,127,
83703.361,conflict-at-land,4,133,
83711.771,start,5,129,
83713.633,conflict-at-land,7,115,
83715.843,start,2,132,
83716.639,refuse,6,127,
83718.361,refuse,4,133,
83721.667,conflict-at-land,2,132,
83728.633,start,7,115,
83731.639,refuse,6,127,
83733.361,start,4,133,
83736.667,refuse,2,132,
83740.447,conflict-at-land,4,133,
83744.019,conflict-at-land,5,129,
83746.639,refuse,6,127,
83751.667,start,2,132,
83755.447,refuse,4,133,
83757.132,conflict-at-land,2,132,
83759.019,start,5,129,
83761.639,refuse,6,127,
83770.447,start,4,133,
83772.132,refuse,2,132,
83776.639,refuse,6,127,
83776.653,conflict-at-land,4,133,
83779.335,conflict-at-land,5,129,
83787.132,start,2,132,
83791.639,refuse,6,127,
83791.653,refuse,4,133,
83791.695,conflict-at-land,2,132,
83794.335,start,5,129,
83806.639,refuse,6,127,
83806.653,start,4,133,
83806.695,refuse,2,132,
83813.929,conflict-at-land,4,133,
83815.676,conflict-at-land,5,129,
83821.639,refuse,6,127,
83821.695,start,2,132,
83828.83,conflict-at-land,2,132,
83828.929,start,4,133,
83830.676,start,5,129,
83835.891,conflict-at-land,4,133,
83836.639,refuse,6,127,
83843.83,start,2,132,
83850.731,conflict-at-land,2,132,
83850.891,start,4,133,
83851.639,refuse,6,127,
83851.728,conflict-at-land,5,129,
83855.524,conflict-at-land,4,133,
83865.731,start,2,132,
83866.639,refuse,6,127,
83866.728,start,5,129,
83870.524,refuse,4,133,
83873.265,conflict-at-land,2,132,
83881.639,refuse,6,127,
83885.524,start,4,133,
83888.265,refuse,2,132,
83890.221,conflict-at-land,4,133,
83892.817,conflict-at-land,5,129,
83896.639,refuse,6,127,
83903.265,start,2,132,
83905.221,refuse,4,133,
83907.817,start,5,129,
83908.489,conflict-at-land,2,132,
83911.639,refuse,6,127,
83915.265,conflict-at-land,0,116,
83920.221,start,4,133,
83923.489,refuse,2,132,
83926.639,refuse,6,127,
83927.425,conflict-at-land,4,133,
83930.265,start,0,116,
83934.596,conflict-at-land,5,129,
83938.489,start,2,132,
83941.639,refuse,6,127,
83942.425,refuse,4,133,
83943.457,conflict-at-land,2,132,
83949.596,start,5,129,
83956.265,conflict-at-land,7,115,
83956.639,refuse,6,127,
83957.425,start,4,133,
83958.457,refuse,2,132,
83964.477,conflict-at-land,4,133,
83971.265,start,7,115,
83971.639,refuse,6,127,
83973.457,start,2,132,
83978.243,conflict-at-land,5,129,
83978.523,conflict-at-land,2,132,
83979.477,start,4,133,
83984.959,conflict-at-land,4,133,
83986.639,refuse,6,127,
83993.243,start,5,129,
83993.523,start,2,132,
83998.9,conflict-at-land,2,132,
83999.959,start,4,133,
84001.639,refuse,6,127,
84006.061,conflict-at-land,4,133,
84013.9,start,2,132,
84016.639,refuse,6,127,
84018.229,conflict-at-land,2,132,
84021.061,start,4,133,
84027.643,conflict-at-land,5,129,
84027.757,conflict-at-land,4,133,
84031.639,refuse,6,127,
84033.229,start,2,132,
84037.754,conflict-at-land,2,132,
84042.643,start,5,129,
84042.757,start,4,133,
84046.639,refuse,6,127,
84048.34,conflict-at-land,4,133,
84052.754,start,2,132,
84059.256,conflict-at-land,2,132,
84061.639,refuse,6,127,
84063.34,start,4,133,
84068.868,conflict-at-land,5,129,
84070.151,conflict-at-land,4,133,
84074.256,start,2,132,
84076.639,refuse,6,127,
84081.278,conflict-at-land,2,132,
84083.868,start,5,129,
84085.151,start,4,133,
84091.639,refuse,6,127,
84091.795,conflict-at-land,4,133,
84096.278,start,2,132,
84102.982,conflict-at-land,2,132,
84106.639,refuse,6,127,
84106.795,start,4,133,
84111.617,conflict-at-land,5,129,
84114.593,conflict-at-land,4,133,
84117.982,start,2,132,
84121.639,refuse,6,127,
84124.544,conflict-at-land,2,132,
84126.617,start,5,129,
84129.593,start,4,133,
84135.377,conflict-at-land,7,115,
84136.639,refuse,6,127,
84137.081,conflict-at-land,4,133,
84139.544,start,2,132,
84146.51,conflict-at-land,2,132,
84150.377,start,7,115,
84151.639,refuse,6,127,
84152.081,start,4,133,
84155.784,conflict-at-land,5,129,
84157.855,conflict-at-land,4,133,
84161.51,start,2,132,
84166.639,refuse,6,127,
84169.018,conflict-at-land,2,132,
84170.784,start,5,129,
84172.855,start,4,133,
84175.644,conflict-at-land,1,25,
84177.499,conflict-at-land,4,133,
84179.224,conflict-at-land,0,116,
84181.639,refuse,6,127,
84184.018,start,2,132,
84189.362,conflict-at-land,2,132,
84190.644,start,1,25,
84192.499,start,4,133,
84194.224,start,0,116,
84196.639,refuse,6,127,
84197.513,conflict-at-land,4,133,
84202.129,conflict-at-land,5,129,
84204.362,start,2,132,
84210.278,conflict-at-land,2,132,
84211.639,refuse,6,127,
84212.513,start,4,133,
84217.129,start,5,129,
84219.648,conflict-at-land,4,133,
84225.278,start,2,132,
84226.639,refuse,6,127,
84231.634,conflict-at-land,2,132,
84234.648,start,4,133,
84239.985,conflict-at-land,5,129,
84240.834,conflict-at-land,4,133,
84241.639,refuse,6,127,
84246.634,start,2,132,
84252.918,conflict-at-land,2,132,
84254.985,start,5,129,
84255.834,start,4,133,
84256.639,refuse,6,127,
84260.477,conflict-at-land,4,133,
84267.918,start,2,132,
84271.639,refuse,6,127,
84272.681,conflict-at-land,2,132,
84275.477,start,4,133,
84275.548,conflict-at-land,5,129,
84281.514,conflict-at-land,4,133,
84286.639,refuse,6,127,
84287.681,start,2,132,
84290.548,start,5,129,
84293.458,conflict-at-land,2,132,
84294.679,conflict-at-land,7,115,
84296.514,start,4,133,
84301.639,refuse,6,127,
84303.681,conflict-at-land,4,133,
84308.458,start,2,132,
84309.679,start,7,115,
84315.414,conflict-at-land,2,132,
84316.639,refuse,6,127,
84316.639,abandon,6,127,
84316.639,start,6,134,
84318.681,refuse,4,133,
84323.054,conflict-at-land,5,129,
84325.361,conflict-at-land,6,134,
84330.414,start,2,132,
84333.681,refuse,4,133,
84334.755,conflict-at-land,2,132,
84338.054,start,5,129,
84340.361,start,6,134,
84348.681,refuse,4,133,
84349.755,refuse,2,132,
84351.714,conflict-at-land,0,116,
84354.033,conflict-at-land,6,134,
84361.926,conflict-at-land,5,129,
84363.681,start,4,133,
84364.755,refuse,2,132,
84366.714,start,0,116,
84368.775,conflict-at-land,3,120,
84369.033,refuse,6,134,
84369.501,conflict-at-land,4,133,
84376.926,start,5,129,
84379.755,start,2,132,
84383.775,start,3,120,
84384.033,refuse,6,134,
84384.501,refuse,4,133,
84384.532,conflict-at-land,2,132,
84399.033,start,6,134,
84399.501,refuse,4,133,
84399.532,refuse,2,132,
84410.783,conflict-at-land,5,129,
84411.876,conflict-at-land,6,134,
84414.501,start,4,133,
84414.532,refuse,2,132,
84418.819,conflict-at-land,4,133,
84425.783,start,5,129,
84426.876,start,6,134,
84429.532,refuse,2,132,
84433.819,refuse,4,133,
84437.494,conflict-at-land,6,134,
84444.532,start,2,132,
84448.819,refuse,4,133,
84449.504,conflict-at-land,5,129,
84451.227,conflict-at-land,2,132,
84452.494,start,6,134,
84460.237,conflict-at-land,7,115,
84463.819,refuse,4,133,
84464.504,start,5,129,
84464.864,conflict-at-land,6,134,
84466.227,start,2,132,
84473.624,conflict-at-land,2,132,
84475.237,start,7,115,
84478.819,start,4,133,
84479.864,refuse,6,134,
84484.019,conflict-at-land,5,129,
84484.175,conflict-at-land,4,133,
84488.624,start,2,132,
84493.663,conflict-at-land,2,132,
84494.864,start,6,134,
84499.019,start,5,129,
84499.175,refuse,4,133,
84506.22,conflict-at-land,6,134,
84508.663,start,2,132,
84514.175,refuse,4,133,
84515.011,conflict-at-land,2,132,
84521.22,start,6,134,
84521.979,conflict-at-land,0,116,
84529.175,refuse,4,133,
84530.011,refuse,2,132,
84530.78,conflict-at-land,5,129,
84533.731,conflict-at-land,6,134,
84536.979,start,0,116,
84544.175,start,4,133,
84545.011,refuse,2,132,
84545.78,start,5,129,
84548.731,refuse,6,134,
84551.132,conflict-at-land,4,133,
84560.011,start,2,132,
84563.731,refuse,6,134,
84564.35,conflict-at-land,2,132,
84566.132,start,4,133,
84568.859,conflict-at-land,5,129,
84571.71,conflict-at-land,4,133,
84578.731,start,6,134,
84579.35,refuse,2,132,
84583.859,start,5,129,
84586.71,refuse,4,133,
84590.636,conflict-at-land,6,134,
84594.35,start,2,132,
84600.405,conflict-at-land,2,132,
84601.71,start,4,133,
84605.636,refuse,6,134,
84607.871,conflict-at-land,5,129,
84609.498,conflict-at-land,4,133,
84615.405,start,2,132,
84618.295,conflict-at-land,7,115,
84620.636,refuse,6,134,
84622.871,start,5,129,
84623.165,conflict-at-land,2,132,
84624.498,start,4,133,
84630.156,conflict-at-land,4,133,
84633.295,start,7,115,
84635.636,start,6,134,
84638.165,refuse,2,132,
84645.156,refuse,4,133,
84647.616,conflict-at-land,6,134,
84648.435,conflict-at-land,5,129,
84653.165,start,2,132,
84659.222,conflict-at-land,2,132,
84660.156,start,4,133,
84662.616,refuse,6,134,
84663.435,start,5,129,
84664.844,conflict-at-land,4,133,
84674.222,start,2,132,
84677.616,refuse,6,134,
84678.966,conflict-at-land,2,132,
84679.844,start,4,133,
84685.748,conflict-at-land,4,133,
84692.616,start,6,134,
84693.966,refuse,2,132,
84697.502,conflict-at-land,5,129,
84700.748,refuse,4,133,
84704.102,conflict-at-land,6,134,
84708.966,start,2,132,
84712.502,start,5,129,
84713.433,conflict-at-land,2,132,
84715.748,start,4,133,
84719.102,refuse,6,134,
84722.635,conflict-at-land,4,133,
84728.433,start,2,132,
84733.42,conflict-at-land,2,132,
84734.102,start,6,134,
84737.635,refuse,4,133,
84738.707,conflict-at-land,5,129,
84743.431,conflict-at-land,6,134,
84748.42,start,2,132,
84752.635,refuse,4,133,
84753.707,start,5,129,
84755.206,conflict-at-land,2,132,
84758.431,start,6,134,
84767.635,refuse,4,133,
84768.949,conflict-at-land,6,134,
84770.206,start,2,132,
84777.124,conflict-at-land,2,132,
84782.635,start,4,133,
84783.949,refuse,6,134,
84785.874,conflict-at-land,5,129,
84788.357,conflict-at-land,4,133,
84792.124,start,2,132,
84797.208,conflict-at-land,2,132,
84798.949,start,6,134,
84799.348,conflict-at-land,0,116,
84800.874,start,5,129,
84803.357,refuse,4,133,
84807.791,conflict-at-land,6,134,
84812.208,start,2,132,
84814.348,start,0,116,
84817.997,conflict-at-land,2,132,
84818.357,start,4,133,
84819.042,conflict-at-land,7,115,
84822.791,refuse,6,134,
84824.779,conflict-at-land,4,133,
84832.997,start,2,132,
84834.042,start,7,115,
84835.542,conflict-at-land,5,129,
84837.791,refuse,6,134,
84839.262,conflict-at-land,2,132,
84839.779,start,4,133,
84846.661,conflict-at-land,4,133,
84850.542,start,5,129,
84852.791,start,6,134,
84854.262,refuse,2,132,
84861.661,refuse,4,133,
84864.586,conflict-at-land,6,134,
84869.262,start,2,132,
84874.723,conflict-at-land,2,132,
84876.661,start,4,133,
84878.663,conflict-at-land,5,129,
84879.586,refuse,6,134,
84881.666,conflict-at-land,4,133,
84889.723,start,2,132,
84893.663,start,5,129,
84894.586,refuse,6,134,
84894.791,conflict-at-land,2,132,
84896.666,start,4,133,
84901.474,conflict-at-land,4,133,
84909.586,start,6,134,
84909.791,refuse,2,132,
84916.474,refuse,4,133,
84922.412,conflict-at-land,6,134,
84924.791,start,2,132,
84928.103,conflict-at-land,5,129,
84929.105,conflict-at-land,2,132,
84931.474,start,4,133,
84932.122,conflict-at-land,1,25,
84937.412,refuse,6,134,
84937.419,conflict-at-land,4,133,
84943.103,start,5,129,
84944.105,start,2,132,
84947.122,start,1,25,
84949.373,conflict-at-land,2,132,
84952.412,start,6,134,
84952.419,refuse,4,133,
84962.83,conflict-at-land,5,129,
84964.373,refuse,2,132,
84965.6,conflict-at-land,6,134,
84967.419,start,4,133,
84971.921,conflict-at-land,4,133,
84975.224,conflict-at-land,7,115,
84977.83,start,5,129,
84979.373,start,2,132,
84980.6,refuse,6,134,
84986.39,conflict-at-land,2,132,
84986.921,start,4,133,
84990.224,start,7,115,
84993.274,conflict-at-land,4,133,
84995.6,start,6,134,
85001.39,refuse,2,132,
85002.791,conflict-at-land,0,116,
85005.013,conflict-at-land,6,134,
85008.274,start,4,133,
85010.521,conflict-at-land,5,129,
85013.456,conflict-at-land,4,133,
85016.39,start,2,132,
85017.791,start,0,116,
85020.013,refuse,6,134,
85021.404,conflict-at-land,2,132,
85025.521,start,5,129,
85028.456,start,4,133,
85033.863,conflict-at-land,4,133,
85035.013,start,6,134,
85036.404,refuse,2,132,
85045.79,conflict-at-land,6,134,
85048.863,start,4,133,
85050.175,conflict-at-land,5,129,
85051.404,refuse,2,132,
85053.066,conflict-at-land,4,133,
85060.79,start,6,134,
85065.175,start,5,129,
85066.404,refuse,2,132,
85068.066,refuse,4,133,
85073.591,conflict-at-land,6,134,
85081.404,start,2,132,
85083.066,refuse,4,133,
85085.322,conflict-at-land,5,129,
85086.966,conflict-at-land,2,132,
85088.591,start,6,134,
85098.066,refuse,4,133,
85100.322,start,5,129,
85101.966,refuse,2,132,
85104.179,conflict-at-land,6,134,
85113.066,start,4,133,
85116.966,refuse,2,132,
85119.179,refuse,6,134,
85120.045,conflict-at-land,4,133,
85127.543,conflict-at-land,5,129,
85131.966,start,2,132,
85134.179,refuse,6,134,
85135.045,refuse,4,133,
85137.84,conflict-at-land,2,132,
85142.543,start,5,129,
85144.228,conflict-at-land,7,115,
85149.179,start,6,134,
85150.045,refuse,4,133,
85152.84,refuse,2,132,
85159.228,start,7,115,
85162.01,conflict-at-land,6,134,
85165.045,start,4,133,
85167.84,refuse,2,132,
85169.606,conflict-at-land,5,129,
85170.422,conflict-at-land,4,133,
85177.01,start,6,134,
85182.84,refuse,2,132,
85184.606,start,5,129,
85185.422,refuse,4,133,
85187.493,conflict-at-land,6,134,
85197.84,start,2,132,
85200.422,refuse,4,133,
85202.493,refuse,6,134,
85204.578,conflict-at-land,2,132,
85205.611,conflict-at-land,5,129,
85215.422,start,4,133,
85217.493,refuse,6,134,
85219.578,refuse,2,132,
85220.611,start,5,129,
85221.802,conflict-at-land,4,133,
85232.493,start,6,134,
85234.578,refuse,2,132,
85234.578,abandon,2,132,
85234.578,refuse,2,135,
85236.802,refuse,4,133,
85241.482,conflict-at-land,6,134,
85248.279,conflict-at-land,5,129,
85249.578,start,2,135,
85251.802,start,4,133,
85256.482,refuse,6,134,
85257.426,conflict-at-land,4,133,
85263.279,refuse,5,129,
85271.482,start,6,134,
85271.708,conflict-at-land,0,116,
85272.426,refuse,4,133,
85278.279,refuse,5,129,
85283.533,conflict-at-land,6,134,
85286.708,start,0,116,
85287.426,start,4,133,
85292.253,conflict-at-land,4,133,
85293.279,refuse,5,129,
85293.727,conflict-at-land,2,135,
85298.533,start,6,134,
85307.253,refuse,4,133,
85308.279,start,5,129,
85308.727,refuse,2,135,
85310.022,conflict-at-land,6,134,
85322.253,start,4,133,
85323.727,refuse,2,135,
85325.022,refuse,6,134,
85327.882,conflict-at-land,4,133,
85338.727,refuse,2,135,
85340.022,start,6,134,
85340.076,conflict-at-land,5,129,
85342.882,refuse,4,133,
85349.893,conflict-at-land,6,134,
85353.727,start,2,135,
85355.076,refuse,5,129,
85357.882,start,4,133,
85364.893,refuse,6,134,
85365.6,conflict-at-land,4,133,
85370.076,refuse,5,129,
85379.893,start,6,134,
85380.6,refuse,4,133,
85385.076,refuse,5,129,
85390.117,conflict-at-land,6,134,
85395.6,start,4,133,
85396.751,conflict-at-land,2,135,
85400.076,start,5,129,
85400.658,conflict-at-land,7,115,
85402.505,conflict-at-land,4,133,
85405.117,start,6,134,
85411.751,refuse,2,135,
85415.658,start,7,115,
85416.577,conflict-at-land,6,134,
85417.505,start,4,133,
85422.036,conflict-at-land,4,133,
85426.751,refuse,2,135,
85427.798,conflict-at-land,5,129,
85431.577,start,6,134,
85437.036,refuse,4,133,
85441.751,start,2,135,
85442.798,refuse,5,129,
85445.102,conflict-at-land,6,134,
85452.036,start,4,133,
85456.434,conflict-at-land,4,133,
85457.04,conflict-at-land,0,116,
85457.798,refuse,5,129,
85460.102,start,6,134,
85471.102,conflict-at-land,6,134,
85471.434,start,4,133,
85472.04,start,0,116,
85472.798,refuse,5,129,
85476.968,conflict-at-land,4,133,
85486.102,start,6,134,
85486.632,conflict-at-land,2,135,
85487.798,start,5,129,
85491.968,refuse,4,133,
85499.037,conflict-at-land,6,134,
85501.632,refuse,2,135,
85506.968,start,4,133,
85510.181,conflict-at-land,3,120,
85512.91,conflict-at-land,5,129,
85514.037,refuse,6,134,
85514.752,conflict-at-land,4,133,
85516.632,start,2,135,
85525.181,start,3,120,
85527.91,refuse,5,129,
85529.037,start,6,134,
85529.752,refuse,4,133,
85537.48,conflict-at-land,6,134,
85542.91,refuse,5,129,
85544.752,start,4,133,
85551.879,conflict-at-land,2,135,
85552.178,conflict-at-land,4,133,
85552.48,start,6,134,
85557.91,start,5,129,
85564.319,conflict-at-land,6,134,
85566.879,refuse,2,135,
85567.178,start,4,133,
85574.518,conflict-at-land,4,133,
85577.366,conflict-at-land,5,129,
85579.319,start,6,134,
85581.879,start,2,135,
85589.518,refuse,4,133,
85592.366,refuse,5,129,
85593.66,conflict-at-land,6,134,
85604.518,start,4,133,
85607.366,refuse,5,129,
85608.66,refuse,6,134,
85610.487,conflict-at-land,4,133,
85618.585,conflict-at-land,2,135,
85621.679,conflict-at-land,7,115,
85622.366,start,5,129,
85623.66,start,6,134,
85625.487,refuse,4,133,
85633.585,refuse,2,135,
85635.209,conflict-at-land,6,134,
85636.679,start,7,115,
85640.487,start,4,133,
85641.448,conflict-at-land,5,129,
85645.032,conflict-at-land,4,133,
85648.585,start,2,135,
85650.209,start,6,134,
85656.448,refuse,5,129,
85658.773,conflict-at-land,6,134,
85660.032,start,4,133,
85666.705,conflict-at-land,4,133,
85667.839,conflict-at-land,1,25,
85671.448,refuse,5,129,
85673.773,start,6,134,
85681.705,refuse,4,133,
85682.839,start,1,25,
85686.228,conflict-at-land,6,134,
85686.448,refuse,5,129,
85693.044,conflict-at-land,2,135,
85696.705,start,4,133,
85701.228,refuse,6,134,
85701.448,start,5,129,
85704.033,conflict-at-land,4,133,
85708.044,refuse,2,135,
85716.228,start,6,134,
85718.018,conflict-at-land,0,116,
85719.033,refuse,4,133,
85723.044,refuse,2,135,
85727.008,conflict-at-land,6,134,
85732.262,conflict-at-land,5,129,
85733.018,start,0,116,
85734.033,start,4,133,
85738.044,start,2,135,
85739.453,conflict-at-land,4,133,
85742.008,start,6,134,
85747.262,refuse,5,129,
85754.453,refuse,4,133,
85754.78,conflict-at-land,6,134,
85762.262,refuse,5,129,
85769.453,start,4,133,
85769.78,refuse,6,134,
85771.061,conflict-at-land,2,135,
85774.274,conflict-at-land,4,133,
85774.274,abandon,4,133,
85774.274,start,4,136,
85777.262,start,5,129,
85784.78,start,6,134,
85785.19,land,4,136,
85785.19,start,4,137,
85786.061,refuse,2,135,
85792.116,land,4,137,
85792.116,start,4,138,
85794.924,land,4,138,
85794.924,start,4,139,
85798.833,conflict-at-land,6,134,
85801.061,refuse,2,135,
85806.843,conflict-at-land,5,129,
85811.471,conflict-at-land,7,115,
85813.833,start,6,134,
85816.061,start,2,135,
85821.843,refuse,5,129,
85826.471,start,7,115,
85828.477,conflict-at-land,6,134,
85836.843,refuse,5,129,
85843.477,start,6,134,
85851.843,refuse,5,129,
85854.093,land,4,139,
85854.093,refuse,4,140,
85854.274,conflict-at-land,6,134,
85863.944,conflict-at-land,2,135,
85866.843,start,5,129,
85869.093,start,4,140,
85869.274,refuse,6,134,
85878.944,refuse,2,135,
85884.274,refuse,6,134,
85893.944,refuse,2,135,
85898.277,conflict-at-land,5,129,
85899.274,refuse,6,134,
85908.944,start,2,135,
85913.277,refuse,5,129,
85914.204,conflict-at-land,0,116,
85914.274,refuse,6,134,
85928.277,refuse,5,129,
85929.204,start,0,116,
85929.274,refuse,6,134,
85943.277,refuse,5,129,
85944.274,refuse,6,134,
85957.494,conflict-at-land,2,135,
85958.277,start,5,129,
85959.274,refuse,6,134,
85972.494,refuse,2,135,
85974.274,refuse,6,134,
85987.494,refuse,2,135,
85989.274,refuse,6,134,
85991.907,conflict-at-land,5,129,
86002.494,start,2,135,
86004.274,refuse,6,134,
86006.907,refuse,5,129,
86019.274,refuse,6,134,
86021.907,refuse,5,129,
86034.274,refuse,6,134,
86036.907,refuse,5,129,
86044.929,conflict-at-land,2,135,
86049.274,refuse,6,134,
86051.907,start,5,129,
86059.513,conflict-at-land,7,115,
86059.929,refuse,2,135,
86064.274,refuse,6,134,
86074.513,start,7,115,
86074.929,refuse,2,135,
86078.343,conflict-at-land,5,129,
86079.274,refuse,6,134,
86089.929,start,2,135,
86093.343,refuse,5,129,
86094.274,refuse,6,134,
86105.08,conflict-at-land,0,116,
86108.343,refuse,5,129,
86109.274,refuse,6,134,
86120.08,start,0,116,
86123.343,refuse,5,129,
86124.274,refuse,6,134,
86134.769,conflict-at-land,2,135,
86138.343,start,5,129,
86139.274,refuse,6,134,
86149.769,refuse,2,135,
86154.274,refuse,6,134,
86164.769,refuse,2,135,
86167.985,conflict-at-land,5,129,
86169.274,refuse,6,134,
86179.769,start,2,135,
86182.985,refuse,5,129,
86184.274,refuse,6,134,
86197.985,refuse,5,129,
86199.274,refuse,6,134,
86212.985,refuse,5,129,
86214.098,conflict-at-land,2,135,
86214.274,refuse,6,134,
86227.985,start,5,129,
86229.098,refuse,2,135,
86229.274,refuse,6,134,
86244.098,refuse,2,135,
86244.274,refuse,6,134,
86257.016,conflict-at-land,5,129,
86259.098,start,2,135,
86259.274,refuse,6,134,
86272.016,refuse,5,129,
86272.016,abandon,5,129,
86272.016,start,5,141,
86274.274,refuse,6,134,
86289.274,refuse,6,134,
86299.663,conflict-at-land,4,140,
86304.274,start,6,134,
86305.076,conflict-at-land,7,115,
86308.16,conflict-at-land,2,135,
86313.898,conflict-at-land,0,116,
86314.555,conflict-at-land,6,134,
86314.663,start,4,140,
86320.076,start,7,115,
86323.16,start,2,135,
86328.898,start,0,116,
86329.555,refuse,6,134,
86344.555,refuse,6,134,
86356.236,conflict-at-land,2,135,
86359.555,refuse,6,134,
86371.236,start,2,135,
86374.555,refuse,6,134,
86389.555,refuse,6,134,
86404.555,refuse,6,134,
86419.555,refuse,6,134,
86421.822,conflict-at-land,2,135,
86434.555,refuse,6,134,
86436.822,start,2,135,
86449.555,refuse,6,134,
86464.555,refuse,6,134,
86469.55,conflict-at-land,2,135,
86479.555,refuse,6,134,
86484.55,start,2,135,
86494.555,refuse,6,134,
86504.398,conflict-at-land,0,116,
86509.555,refuse,6,134,
86519.398,start,0,116,
86521.64,conflict-at-land,2,135,
86524.555,refuse,6,134,
86536.64,start,2,135,
86539.555,refuse,6,134,
86554.555,refuse,6,134,
86569.093,conflict-at-land,1,25,
86569.555,refuse,6,134,
86569.764,conflict-at-land,7,115,
86579.016,conflict-at-land,2,135,
86584.093,start,1,25,
86584.555,refuse,6,134,
86584.764,start,7,115,
86594.016,start,2,135,
86599.555,refuse,6,134,
86614.555,refuse,6,134,
86629.555,refuse,6,134,
86634.205,conflict-at-land,2,135,
86644.555,refuse,6,134,
86649.205,start,2,135,
86659.555,refuse,6,134,
86674.555,refuse,6,134,
86689.555,refuse,6,134,
86690.542,conflict-at-land,2,135,
86704.555,refuse,6,134,
86705.542,start,2,135,
86719.555,refuse,6,134,
86721.162,conflict-at-land,4,140,
86734.555,start,6,134,
86736.162,refuse,4,140,
86749.706,conflict-at-land,6,134,
86751.162,start,4,140,
86757.919,conflict-at-land,0,116,
86759.785,conflict-at-land,2,135,
86764.706,refuse,6,134,
86772.919,start,0,116,
86774.785,start,2,135,
86779.706,refuse,6,134,
86794.706,refuse,6,134,
86809.182,conflict-at-land,7,115,
86809.706,refuse,6,134,
86818.604,conflict-at-land,2,135,
86824.182,start,7,115,
86824.706,refuse,6,134,
86833.604,start,2,135,
86839.706,refuse,6,134,
86844.08,conflict-at-land,5,141,
86845.799,conflict-at-land,3,120,
86854.706,refuse,6,134,
86859.08,start,5,141,
86860.799,start,3,120,
86869.706,refuse,6,134,
86873.336,conflict-at-land,2,135,
86884.706,refuse,6,134,
86888.336,start,2,135,
86899.706,refuse,6,134,
86914.706,refuse,6,134,
86926.318,conflict-at-land,2,135,
86929.706,refuse,6,134,
86941.318,start,2,135,
86944.706,refuse,6,134,
86959.706,refuse,6,134,
86974.706,refuse,6,134,
86976.496,conflict-at-land,0,116,
86989.706,refuse,6,134,
86990.811,conflict-at-land,2,135,
86991.496,start,0,116,
86998.31,conflict-at-land,7,115,
87004.706,refuse,6,134,
87005.811,start,2,135,
87013.31,start,7,115,
87019.706,refuse,6,134,
87034.706,refuse,6,134,
87049.706,refuse,6,134,
87055.055,conflict-at-land,2,135,
87064.706,refuse,6,134,
87070.055,start,2,135,
87079.706,refuse,6,134,
87094.706,refuse,6,134,
87102.178,conflict-at-land,2,135,
87109.706,refuse,6,134,
87117.178,start,2,135,
87124.706,refuse,6,134,
87139.706,refuse,6,134,
87146.358,conflict-at-land,0,116,
87154.706,refuse,6,134,
87161.358,start,0,116,
87169.706,refuse,6,134,
87169.895,conflict-at-land,2,135,
87172.239,conflict-at-land,7,115,
87184.706,refuse,6,134,
87184.895,start,2,135,
87187.239,start,7,115,
87196.594,conflict-at-land,4,140,
87199.706,start,6,134,
87210.244,conflict-at-land,6,134,
87211.594,start,4,140,
87215.378,conflict-at-land,1,25,
87225.244,refuse,6,134,
87230.378,start,1,25,
87237.39,conflict-at-land,2,135,
87240.244,refuse,6,134,
87252.39,start,2,135,
87255.244,refuse,6,134,
87270.244,refuse,6,134,
87285.244,refuse,6,134,
87290.054,conflict-at-land,2,135,
87300.244,refuse,6,134,
87305.054,start,2,135,
87315.244,refuse,6,134,
87330.244,refuse,6,134,
87345.196,conflict-at-land,2,135,
87345.244,refuse,6,134,
87357.334,conflict-at-land,0,116,
87360.196,start,2,135,
87360.244,refuse,6,134,
87372.334,start,0,116,
87375.244,refuse,6,134,
87382.285,conflict-at-land,7,115,
87390.244,refuse,6,134,
87397.285,start,7,115,
87402.467,conflict-at-land,2,135,
87405.244,refuse,6,134,
87417.467,start,2,135,
87420.244,refuse,6,134,
87435.244,refuse,6,134,
87450.244,refuse,6,134,
87456.521,conflict-at-land,5,141,
87461.421,conflict-at-land,2,135,
87465.244,refuse,6,134,
87471.521,start,5,141,
87476.421,start,2,135,
87480.244,refuse,6,134,
87495.244,refuse,6,134,
87510.244,refuse,6,134,
87521.492,conflict-at-land,2,135,
87525.244,refuse,6,134,
87536.492,start,2,135,
87540.244,refuse,6,134,
87555.244,refuse,6,134,
87565.626,conflict-at-land,7,115,
87570.222,conflict-at-land,2,135,
87570.244,refuse,6,134,
87580.626,start,7,115,
87585.222,start,2,135,
87585.244,refuse,6,134,
87600.244,refuse,6,134,
87611.727,conflict-at-land,0,116,
87615.244,refuse,6,134,
87618.457,conflict-at-land,2,135,
87626.727,start,0,116,
87630.244,refuse,6,134,
87633.457,start,2,135,
87645.244,refuse,6,134,
87658.071,conflict-at-land,4,140,
87660.244,start,6,134,
87668.791,conflict-at-land,6,134,
87671.306,conflict-at-land,2,135,
87673.071,start,4,140,
87683.791,refuse,6,134,
87686.306,start,2,135,
87698.791,refuse,6,134,
87713.791,refuse,6,134,
87725.345,conflict-at-land,2,135,
87728.791,refuse,6,134,
87740.345,start,2,135,
87743.791,refuse,6,134,
87758.791,refuse,6,134,
87764.427,conflict-at-land,7,115,
87773.791,refuse,6,134,
87779.427,start,7,115,
87784.744,conflict-at-land,1,25,
87788.791,refuse,6,134,
87790.511,conflict-at-land,2,135,
87799.744,start,1,25,
87803.791,refuse,6,134,
87805.511,start,2,135,
87818.791,refuse,6,134,
87833.791,refuse,6,134,
87835.068,conflict-at-land,0,116,
87846.556,conflict-at-land,2,135,
87848.791,refuse,6,134,
87848.791,abandon,6,134,
87848.791,refuse,6,142,
87850.068,start,0,116,
87861.556,start,2,135,
87863.791,refuse,6,142,
87878.791,refuse,6,142,
87893.791,refuse,6,142,
87906.89,conflict-at-land,2,135,
87908.791,refuse,6,142,
87921.89,start,2,135,
87923.791,refuse,6,142,
87934.323,conflict-at-land,7,115,
87938.791,refuse,6,142,
87949.323,start,7,115,
87953.791,refuse,6,142,
87968.791,refuse,6,142,
87969.437,conflict-at-land,2,135,
87983.791,refuse,6,142,
87984.437,start,2,135,
87998.791,refuse,6,142,
88013.791,refuse,6,142,
88021.58,conflict-at-land,5,141,
88028.791,start,6,142,
88035.642,conflict-at-land,2,135,
88036.58,refuse,5,141,
88050.642,start,2,135,
88051.58,refuse,5,141,
88066.58,refuse,5,141,
88081.58,refuse,5,141,
88083.95,conflict-at-land,4,140,
88094.321,conflict-at-land,2,135,
88096.58,refuse,5,141,
88098.95,start,4,140,
88100.33,conflict-at-land,0,116,
88109.321,start,2,135,
88111.58,refuse,5,141,
88115.33,start,0,116,
88123.941,conflict-at-land,6,142,
88126.58,start,5,141,
88134.015,conflict-at-land,7,115,
88138.941,refuse,6,142,
88149.015,start,7,115,
88153.941,refuse,6,142,
88162.782,conflict-at-land,2,135,
88168.941,refuse,6,142,
88177.782,start,2,135,
88183.941,refuse,6,142,
88198.941,refuse,6,142,
88207.363,conflict-at-land,2,135,
88213.941,refuse,6,142,
88222.363,start,2,135,
88228.941,refuse,6,142,
88241.963,conflict-at-land,3,120,
88243.941,refuse,6,142,
88256.963,start,3,120,
88258.941,refuse,6,142,
88273.941,refuse,6,142,
88275.83,conflict-at-land,2,135,
88288.941,refuse,6,142,
88290.83,start,2,135,
88303.941,refuse,6,142,
88307.535,conflict-at-land,0,116,
88318.894,conflict-at-land,1,25,
88318.941,refuse,6,142,
88322.535,start,0,116,
88322.67,conflict-at-land,2,135,
88333.626,conflict-at-land,7,115,
88333.894,start,1,25,
88333.941,refuse,6,142,
88337.67,start,2,135,
88348.626,start,7,115,
88348.941,refuse,6,142,
88363.941,refuse,6,142,
88378.941,refuse,6,142,
88384.218,conflict-at-land,2,135,
88393.941,refuse,6,142,
88399.218,start,2,135,
88408.941,refuse,6,142,
88423.941,refuse,6,142,
88438.941,refuse,6,142,
88447.453,conflict-at-land,2,135,
88453.941,refuse,6,142,
88457.196,conflict-at-land,4,140,
88462.453,start,2,135,
88468.941,refuse,6,142,
88472.196,start,4,140,
88483.941,refuse,6,142,
88498.941,refuse,6,142,
88511.439,conflict-at-land,2,135,
88513.941,refuse,6,142,
88516.753,conflict-at-land,7,115,
88526.439,start,2,135,
88528.941,refuse,6,142,
88531.753,start,7,115,
88543.941,refuse,6,142,
88551.414,conflict-at-land,0,116,
88558.941,refuse,6,142,
88563.042,conflict-at-land,2,135,
88566.414,start,0,116,
88573.941,refuse,6,142,
88578.042,start,2,135,
88588.941,refuse,6,142,
88603.941,refuse,6,142,
88618.941,refuse,6,142,
88628.364,conflict-at-land,2,135,
88633.941,refuse,6,142,
88643.364,start,2,135,
88648.941,refuse,6,142,
88663.941,refuse,6,142,
88676.314,conflict-at-land,2,135,
88678.941,refuse,6,142,
88691.314,start,2,135,
88693.941,refuse,6,142,
88708.941,refuse,6,142,
88723.941,refuse,6,142,
88731.467,conflict-at-land,0,116,
88738.941,refuse,6,142,
88742.828,conflict-at-land,2,135,
88746.01,conflict-at-land,5,141,
88746.467,start,0,116,
88747.332,conflict-at-land,7,115,
88753.941,start,6,142,
88757.828,start,2,135,
88761.01,refuse,5,141,
88762.332,start,7,115,
88776.01,refuse,5,141,
88791.01,refuse,5,141,
88800.499,conflict-at-land,2,135,
88806.01,refuse,5,141,
88815.499,start,2,135,
88821.01,refuse,5,141,
88833.509,conflict-at-land,4,140,
88836.01,refuse,5,141,
88839.921,conflict-at-land,6,142,
88848.509,start,4,140,
88851.01,start,5,141,
88854.921,refuse,6,142,
88862.841,conflict-at-land,2,135,
88869.921,refuse,6,142,
88877.841,start,2,135,
88884.921,refuse,6,142,
88899.921,refuse,6,142,
88910.775,conflict-at-land,2,135,
88914.921,refuse,6,142,
88925.775,start,2,135,
88929.921,refuse,6,142,
88944.921,refuse,6,142,
88945.539,conflict-at-land,0,116,
88959.921,refuse,6,142,
88960.539,start,0,116,
88967.502,conflict-at-land,2,135,
88974.921,refuse,6,142,
88982.158,conflict-at-land,7,115,
88982.502,start,2,135,
88989.921,refuse,6,142,
88997.158,start,7,115,
89000.141,conflict-at-land,1,25,
89004.921,refuse,6,142,
89015.141,start,1,25,
89019.921,refuse,6,142,
89030.47,conflict-at-land,2,135,
89034.921,refuse,6,142,
89045.47,start,2,135,
89049.921,refuse,6,142,
89064.921,refuse,6,142,
89075.528,conflict-at-land,2,135,
89079.921,refuse,6,142,
89090.528,start,2,135,
89094.921,refuse,6,142,
89109.921,refuse,6,142,
89120.118,conflict-at-land,2,135,
89124.921,refuse,6,142,
89135.118,start,2,135,
89139.921,refuse,6,142,
89154.921,refuse,6,142,
89169.921,refuse,6,142,
89181.482,conflict-at-land,7,115,
89184.921,refuse,6,142,
89187.863,conflict-at-land,2,135,
89196.482,start,7,115,
89199.921,refuse,6,142,
89202.863,start,2,135,
89214.921,refuse,6,142,
89229.921,refuse,6,142,
89235.844,conflict-at-land,0,116,
89237.881,conflict-at-land,2,135,
89244.921,refuse,6,142,
89250.844,start,0,116,
89252.881,start,2,135,
89259.921,refuse,6,142,
89274.921,refuse,6,142,
89284.647,conflict-at-land,2,135,
89289.921,refuse,6,142,
89293.274,conflict-at-land,4,140,
89299.647,start,2,135,
89304.921,refuse,6,142,
89308.274,start,4,140,
89319.921,refuse,6,142,
89329.548,conflict-at-land,2,135,
89334.921,refuse,6,142,
89344.548,start,2,135,
89349.921,refuse,6,142,
89364.921,refuse,6,142,
89379.921,refuse,6,142,
89386.836,conflict-at-land,7,115,
89394.921,refuse,6,142,
89395.645,conflict-at-land,2,135,
89401.836,start,7,115,
89409.921,refuse,6,142,
89410.645,start,2,135,
89424.921,refuse,6,142,
89431.457,conflict-at-land,5,141,
89439.921,start,6,142,
89446.457,refuse,5,141,
89457.499,conflict-at-land,2,135,
89461.457,refuse,5,141,
89472.499,start,2,135,
89476.457,refuse,5,141,
89486.415,conflict-at-land,0,116,
89491.457,refuse,5,141,
89495.543,conflict-at-land,6,142,
89501.415,start,0,116,
89506.457,start,5,141,
89510.543,refuse,6,142,
89514.298,conflict-at-land,2,135,
89525.543,refuse,6,142,
89529.298,start,2,135,
89540.543,refuse,6,142,
89555.543,refuse,6,142,
89570.543,refuse,6,142,
89581.375,conflict-at-land,2,135,
89585.543,refuse,6,142,
89593.117,conflict-at-land,7,115,
89596.375,start,2,135,
89600.543,refuse,6,142,
89608.117,start,7,115,
89615.543,refuse,6,142,
89630.543,refuse,6,142,
89634.226,conflict-at-land,2,135,
89645.543,refuse,6,142,
89649.226,start,2,135,
89651.926,conflict-at-land,4,140,
89655.144,conflict-at-land,3,120,
89660.543,refuse,6,142,
89666.926,start,4,140,
89670.144,start,3,120,
89675.543,refuse,6,142,
89690.543,refuse,6,142,
89692.88,conflict-at-land,2,135,
89705.543,refuse,6,142,
89707.88,start,2,135,
89710.557,conflict-at-land,1,25,
89720.543,refuse,6,142,
89725.557,start,1,25,
89735.543,refuse,6,142,
89750.543,refuse,6,142,
89760.951,conflict-at-land,2,135,
89765.249,conflict-at-land,0,116,
89765.543,refuse,6,142,
89775.951,start,2,135,
89780.249,start,0,116,
89780.543,refuse,6,142,
89795.543,refuse,6,142,
89810.543,refuse,6,142,
89814.592,conflict-at-land,2,135,
89825.543,refuse,6,142,
89829.592,start,2,135,
89840.543,refuse,6,142,
89855.543,refuse,6,142,
89855.82,conflict-at-land,7,115,
89870.543,refuse,6,142,
89870.82,start,7,115,
89881.384,conflict-at-land,2,135,
89885.543,refuse,6,142,
89896.384,start,2,135,
89900.543,refuse,6,142,
89915.543,refuse,6,142,
89930.543,refuse,6,142,
89944.75,conflict-at-land,2,135,
89945.543,refuse,6,142,
89959.75,start,2,135,
89960.543,refuse,6,142,
89975.543,refuse,6,142,
89990.543,refuse,6,142,
89996.495,conflict-at-land,2,135,
90005.543,refuse,6,142,
90011.495,start,2,135,
90015.95,conflict-at-land,4,140,
90020.543,refuse,6,142,
90030.95,start,4,140,
90034.523,conflict-at-land,5,141,
90035.543,start,6,142,
90041.282,conflict-at-land,2,135,
90042.279,conflict-at-land,0,116,
90049.523,refuse,5,141,
90056.282,start,2,135,
90057.279,start,0,116,
90064.523,refuse,5,141,
90072.099,conflict-at-land,7,115,
90079.523,refuse,5,141,
90087.099,start,7,115,
90091.704,conflict-at-land,2,135,
90094.523,refuse,5,141,
90103.798,conflict-at-land,6,142,
90106.704,start,2,135,
90109.523,start,5,141,
90118.798,refuse,6,142,
90133.798,refuse,6,142,
90148.798,refuse,6,142,
90150.504,conflict-at-land,2,135,
90163.798,refuse,6,142,
90165.504,start,2,135,
90178.798,refuse,6,142,
90193.798,refuse,6,142,
90208.798,refuse,6,142,
90216.066,conflict-at-land,2,135,
90223.798,refuse,6,142,
90231.066,start,2,135,
90238.798,refuse,6,142,
90243.875,conflict-at-land,0,116,
90253.798,refuse,6,142,
90258.875,start,0,116,
90268.798,refuse,6,142,
90270.237,conflict-at-land,2,135,
90283.798,refuse,6,142,
90283.899,conflict-at-land,7,115,
90285.237,start,2,135,
90298.696,conflict-at-land,4,140,
90298.798,refuse,6,142,
90298.899,start,7,115,
90313.696,start,4,140,
90313.798,refuse,6,142,
90328.798,refuse,6,142,
90330.969,conflict-at-land,2,135,
90343.798,refuse,6,142,
90345.969,start,2,135,
90358.798,refuse,6,142,
90373.798,refuse,6,142,
90386.113,conflict-at-land,2,135,
90388.798,refuse,6,142,
90401.113,start,2,135,
90403.798,refuse,6,142,
90418.798,refuse,6,142,
90433.798,refuse,6,142,
90448.798,refuse,6,142,
90449.411,conflict-at-land,2,135,
90463.798,refuse,6,142,
90464.411,start,2,135,
90469.882,conflict-at-land,7,115,
90478.798,refuse,6,142,
90481.273,conflict-at-land,0,116,
90484.882,start,7,115,
90493.798,refuse,6,142,
90496.273,start,0,116,
90508.798,refuse,6,142,
90516.026,conflict-at-land,2,135,
90523.798,refuse,6,142,
90531.026,start,2,135,
90538.798,refuse,6,142,
90553.798,refuse,6,142,
90568.798,refuse,6,142,
90581.99,conflict-at-land,1,25,
90583.798,refuse,6,142,
90584.884,conflict-at-land,2,135,
90596.99,start,1,25,
90598.798,refuse,6,142,
90599.884,start,2,135,
90613.798,refuse,6,142,
90618.794,conflict-at-land,5,141,
90628.798,start,6,142,
90633.794,refuse,5,141,
90635.024,conflict-at-land,2,135,
90648.794,refuse,5,141,
90650.024,start,2,135,
90663.794,refuse,5,141,
90678.794,refuse,5,141,
90684.37,conflict-at-land,2,135,
90693.794,refuse,5,141,
90698.46,conflict-at-land,6,142,
90699.37,start,2,135,
90708.794,start,5,141,
90713.46,refuse,6,142,
90728.46,refuse,6,142,
90732.158,conflict-at-land,2,135,
90737.914,conflict-at-land,7,115,
90743.46,refuse,6,142,
90747.158,start,2,135,
90751.882,conflict-at-land,0,116,
90752.914,start,7,115,
90758.46,refuse,6,142,
90759.717,conflict-at-land,4,140,
90766.882,start,0,116,
90773.46,refuse,6,142,
90774.717,start,4,140,
90788.46,refuse,6,142,
90792.455,conflict-at-land,2,135,
90803.46,refuse,6,142,
90807.455,start,2,135,
90818.46,refuse,6,142,
90833.46,refuse,6,142,
90842.425,conflict-at-land,2,135,
90848.46,refuse,6,142,
90857.425,start,2,135,
90863.46,refuse,6,142,
90878.46,refuse,6,142,
90893.46,refuse,6,142,
90908.46,refuse,6,142,
90910.274,conflict-at-land,2,135,
90923.46,refuse,6,142,
90925.274,start,2,135,
90938.46,refuse,6,142,
90953.46,refuse,6,142,
90959.679,conflict-at-land,0,116,
90961.126,conflict-at-land,2,135,
90968.46,refuse,6,142,
90973.378,conflict-at-land,7,115,
90974.679,start,0,116,
90976.126,start,2,135,
90983.46,refuse,6,142,
90988.378,start,7,115,
90998.46,refuse,6,142,
91013.46,refuse,6,142,
91015.377,conflict-at-land,2,135,
91028.46,refuse,6,142,
91030.377,start,2,135,
91043.46,refuse,6,142,
91058.46,refuse,6,142,
91069.511,conflict-at-land,2,135,
91073.46,refuse,6,142,
91084.511,start,2,135,
91088.46,refuse,6,142,
91103.46,refuse,6,142,
91106.929,conflict-at-land,1,25,
91117.592,conflict-at-land,2,135,
91118.46,refuse,6,142,
91121.929,start,1,25,
91132.592,start,2,135,
91133.46,refuse,6,142,
91148.46,refuse,6,142,
91150.674,conflict-at-land,7,115,
91161.194,conflict-at-land,3,120,
91163.46,refuse,6,142,
91164.22,conflict-at-land,4,140,
91165.674,start,7,115,
91167.363,conflict-at-land,2,135,
91176.194,start,3,120,
91178.46,refuse,6,142,
91179.22,start,4,140,
91182.363,start,2,135,
91193.46,refuse,6,142,
91208.46,refuse,6,142,
91208.695,conflict-at-land,5,141,
91223.46,start,6,142,
91223.695,refuse,5,141,
91233.564,conflict-at-land,2,135,
91237.174,conflict-at-land,0,116,
91238.695,refuse,5,141,
91248.564,start,2,135,
91252.174,start,0,116,
91253.695,refuse,5,141,
91268.695,refuse,5,141,
91283.695,refuse,5,141,
91288.647,conflict-at-land,2,135,
91298.695,refuse,5,141,
91303.647,start,2,135,
91313.695,refuse,5,141,
91315.099,conflict-at-land,6,142,
91315.099,abandon,6,142,
91315.099,start,6,143,
91328.695,start,5,141,
91354.769,conflict-at-land,2,135,
91369.664,conflict-at-land,7,115,
91369.769,start,2,135,
91382.268,conflict-at-land,6,143,
91384.664,start,7,115,
91397.268,start,6,143,
91404.801,conflict-at-land,2,135,
91419.801,start,2,135,
91460.211,conflict-at-land,4,140,
91464.021,conflict-at-land,0,116,
91468.935,conflict-at-land,6,143,
91471.531,conflict-at-land,2,135,
91475.211,start,4,140,
91479.021,start,0,116,
91483.935,start,6,143,
91486.531,start,2,135,
91525.165,conflict-at-land,2,135,
91540.165,start,2,135,
91563.912,conflict-at-land,6,143,
91569.587,conflict-at-land,7,115,
91578.912,start,6,143,
91584.587,start,7,115,
91591.04,conflict-at-land,2,135,
91606.04,start,2,135,
91640.596,conflict-at-land,2,135,
91655.596,start,2,135,
91659.736,conflict-at-land,6,143,
91674.736,start,6,143,
91706.426,conflict-at-land,2,135,
91721.426,start,2,135,
91725.17,conflict-at-land,0,116,
91740.17,start,0,116,
91764.921,conflict-at-land,2,135,
91768.258,conflict-at-land,6,143,
91779.921,start,2,135,
91783.258,start,6,143,
91816.774,conflict-at-land,7,115,
91828.16,conflict-at-land,4,140,
91828.314,conflict-at-land,2,135,
91831.774,start,7,115,
91843.16,start,4,140,
91843.314,start,2,135,
91878.415,conflict-at-land,2,135,
91887.68,conflict-at-land,1,25,
91888.687,conflict-at-land,6,143,
91893.415,start,2,135,
91902.68,start,1,25,
91903.687,start,6,143,
91904.205,conflict-at-land,0,116,
91919.205,start,0,116,
91924.163,conflict-at-land,2,135,
91939.163,start,2,135,
91969.47,conflict-at-land,6,143,
91984.47,start,6,143,
91988.031,conflict-at-land,2,135,
92003.031,start,2,135,
92039.344,conflict-at-land,2,135,
92054.344,start,2,135,
92065.132,conflict-at-land,6,143,
92078.072,conflict-at-land,7,115,
92080.132,start,6,143,
92093.072,start,7,115,
92099.465,conflict-at-land,0,116,
92100.589,conflict-at-land,2,135,
92112.433,conflict-at-land,5,141,
92114.465,start,0,116,
92115.589,start,2,135,
92127.433,start,5,141,
92148.737,conflict-at-land,4,140,
92150.75,conflict-at-land,2,135,
92163.737,start,4,140,
92165.75,start,2,135,
92187.146,conflict-at-land,6,143,
92195.507,conflict-at-land,2,135,
92201.745,conflict-at-land,3,120,
92202.146,start,6,143,
92210.507,start,2,135,
92216.745,start,3,120,
92253.408,conflict-at-land,2,135,
92254.724,conflict-at-land,7,115,
92268.408,start,2,135,
92269.724,start,7,115,
92305.509,conflict-at-land,6,143,
92309.117,conflict-at-land,2,135,
92320.509,start,6,143,
92323.269,conflict-at-land,0,116,
92324.117,start,2,135,
92338.269,start,0,116,
92367.344,conflict-at-land,2,135,
92382.344,start,2,135,
92423.309,conflict-at-land,2,135,
92424.805,conflict-at-land,6,143,
92438.309,start,2,135,
92439.667,conflict-at-land,7,115,
92439.805,start,6,143,
92454.667,start,7,115,
92482.198,conflict-at-land,4,140,
92492.107,conflict-at-land,2,135,
92497.198,start,4,140,
92507.107,start,2,135,
92541.771,conflict-at-land,2,135,
92556.722,conflict-at-land,6,143,
92556.771,start,2,135,
92570.339,conflict-at-land,1,25,
92571.722,start,6,143,
92577.784,conflict-at-land,0,116,
92585.339,start,1,25,
92587.16,conflict-at-land,2,135,
92592.784,start,0,116,
92602.16,start,2,135,
92639.515,conflict-at-land,2,135,
92654.515,start,2,135,
92675.642,conflict-at-land,6,143,
92686.003,conflict-at-land,7,115,
92690.642,start,6,143,
92692.501,conflict-at-land,2,135,
92701.003,start,7,115,
92707.501,start,2,135,
92757.756,conflict-at-land,2,135,
92772.756,start,2,135,
92773.281,conflict-at-land,0,116,
92788.281,start,0,116,
92789.786,conflict-at-land,5,141,
92798.227,conflict-at-land,4,140,
92803.483,conflict-at-land,6,143,
92804.786,start,5,141,
92813.227,start,4,140,
92818.483,start,6,143,
92819.997,conflict-at-land,2,135,
92834.997,start,2,135,
92872.031,conflict-at-land,2,135,
92887.031,start,2,135,
92899.362,conflict-at-land,7,115,
92914.362,start,7,115,
92916.917,conflict-at-land,6,143,
92931.917,start,6,143,
92939.118,conflict-at-land,2,135,
92954.118,start,2,135,
92987.061,conflict-at-land,0,116,
92988.456,conflict-at-land,2,135,
93002.061,start,0,116,
93003.456,start,2,135,
93045.12,conflict-at-land,6,143,
93045.472,conflict-at-land,2,135,
93060.12,start,6,143,
93060.472,start,2,135,
93106.004,conflict-at-land,2,135,
93121.004,start,2,135,
93154.871,conflict-at-land,2,135,
93157.159,conflict-at-land,7,115,
93157.553,conflict-at-land,3,120,
93168.861,conflict-at-land,6,143,
93169.871,start,2,135,
93172.159,start,7,115,
93172.553,start,3,120,
93183.861,start,6,143,
93223.169,conflict-at-land,2,135,
93225.309,conflict-at-land,4,140,
93235.44,conflict-at-land,1,25,
93238.169,start,2,135,
93240.309,start,4,140,
93242.524,conflict-at-land,0,116,
93250.44,start,1,25,
93257.524,start,0,116,
93278.187,conflict-at-land,6,143,
93282.435,conflict-at-land,2,135,
93293.187,start,6,143,
93297.435,start,2,135,
93348.325,conflict-at-land,2,135,
93351.515,conflict-at-land,7,115,
93363.325,start,2,135,
93366.515,start,7,115,
93381.853,conflict-at-land,6,143,
93396.853,start,6,143,
93402.615,conflict-at-land,2,135,
93417.615,start,2,135,
93468.563,conflict-at-land,2,135,
93483.563,start,2,135,
93492.357,conflict-at-land,6,143,
93507.357,start,6,143,
93523.015,conflict-at-land,2,135,
93533.0,conflict-at-land,0,116,
93533.96,conflict-at-land,5,141,
93538.015,start,2,135,
93548.0,start,0,116,
93548.96,start,5,141,
93571.513,conflict-at-land,2,135,
93576.534,conflict-at-land,4,140,
93586.513,start,2,135,
93591.534,start,4,140,
93608.531,conflict-at-land,7,115,
93616.454,conflict-at-land,6,143,
93620.962,conflict-at-land,2,135,
93623.531,start,7,115,
93631.454,start,6,143,
93635.962,start,2,135,
93679.043,conflict-at-land,2,135,
93694.043,start,2,135,
93731.378,conflict-at-land,6,143,
93742.047,conflict-at-land,2,135,
93746.378,start,6,143,
93749.656,conflict-at-land,0,116,
93757.047,start,2,135,
93764.656,start,0,116,
93787.674,conflict-at-land,1,25,
93788.83,conflict-at-land,2,135,
93802.674,start,1,25,
93803.83,start,2,135,
93822.796,conflict-at-land,7,115,
93837.796,start,7,115,
93842.418,conflict-at-land,6,143,
93847.114,conflict-at-land,2,135,
93857.418,start,6,143,
93862.114,start,2,135,
93897.072,conflict-at-land,2,135,
93912.072,start,2,135,
93927.929,conflict-at-land,6,143,
93942.115,conflict-at-land,0,116,
93942.929,start,6,143,
93955.111,conflict-at-land,2,135,
93957.115,start,0,116,
93970.111,start,2,135,
94007.83,conflict-at-land,2,135,
94017.364,conflict-at-land,5,141,
94022.83,start,2,135,
94028.917,conflict-at-land,6,143,
94032.364,start,5,141,
94033.767,conflict-at-land,4,140,
94039.118,conflict-at-land,7,115,
94043.917,start,6,143,
94048.767,start,4,140,
94054.118,start,7,115,
94075.175,conflict-at-land,2,135,
94090.175,start,2,135,
94110.181,conflict-at-land,6,143,
94125.181,start,6,143,
94128.405,conflict-at-land,2,135,
94143.405,start,2,135,
94188.928,conflict-at-land,2,135,
94203.928,start,2,135,
94208.083,conflict-at-land,0,116,
94208.786,conflict-at-land,6,143,
94223.083,start,0,116,
94223.786,start,6,143,
94248.254,conflict-at-land,2,135,
94254.712,conflict-at-land,7,115,
94263.254,start,2,135,
94269.712,start,7,115,
94304.753,conflict-at-land,2,135,
94319.753,start,2,135,
94334.974,conflict-at-land,6,143,
94348.575,conflict-at-land,4,140,
94349.974,start,6,143,
94358.974,conflict-at-land,2,135,
94363.575,start,4,140,
94373.974,start,2,135,
94408.188,conflict-at-land,2,135,
94423.188,start,2,135,
94427.313,conflict-at-land,7,115,
94429.383,conflict-at-land,0,116,
94439.815,conflict-at-land,6,143,
94442.313,start,7,115,
94444.383,start,0,116,
94454.815,start,6,143,
94475.047,conflict-at-land,2,135,
94490.047,start,2,135,
94527.348,conflict-at-land,2,135,
94542.348,start,2,135,
94567.421,conflict-at-land,6,143,
94577.0,conflict-at-land,2,135,
94582.421,start,6,143,
94592.0,start,2,135,
94605.103,conflict-at-land,7,115,
94620.103,start,7,115,
94634.815,conflict-at-land,0,116,
94636.362,conflict-at-land,2,135,
94649.815,start,0,116,
94651.362,start,2,135,
94672.037,conflict-at-land,6,143,
94681.985,conflict-at-land,1,25,
94684.332,conflict-at-land,2,135,
94687.037,start,6,143,
94696.985,start,1,25,
94699.332,start,2,135,
94704.144,conflict-at-land,3,120,
94714.533,conflict-at-land,5,141,
94719.144,start,3,120,
94729.533,start,5,141,
94750.165,conflict-at-land,2,135,
94764.503,conflict-at-land,6,143,
94765.165,start,2,135,
94775.29,conflict-at-land,4,140,
94779.503,start,6,143,
94790.29,start,4,140,
94816.846,conflict-at-land,2,135,
94831.846,start,2,135,
94838.457,conflict-at-land,7,115,
94853.457,start,7,115,
94856.048,conflict-at-land,6,143,
94863.546,conflict-at-land,0,116,
94871.048,start,6,143,
94878.546,start,0,116,
94881.874,conflict-at-land,2,135,
94896.874,start,2,135,
94929.49,conflict-at-land,2,135,
94942.43,conflict-at-land,6,143,
94944.49,start,2,135,
94957.43,start,6,143,
94997.659,conflict-at-land,2,135,
94999.266,conflict-at-land,7,115,
95012.659,start,2,135,
95014.266,start,7,115,
95046.279,conflict-at-land,2,135,
95058.408,conflict-at-land,6,143,
95061.279,start,2,135,
95073.408,start,6,143,
95110.508,conflict-at-land,2,135,
95125.508,start,2,135,
95143.094,conflict-at-land,0,116,
95145.212,conflict-at-land,6,143,
95158.094,start,0,116,
95160.212,start,6,143,
95171.194,conflict-at-land,2,135,
95186.194,start,2,135,
95190.138,conflict-at-land,4,140,
95205.138,start,4,140,
95211.576,conflict-at-land,7,115,
95220.512,conflict-at-land,2,135,
95226.576,start,7,115,
95227.702,conflict-at-land,6,143,
95235.512,start,2,135,
95242.702,start,6,143,
95268.022,conflict-at-land,1,25,
95269.009,conflict-at-land,2,135,
95283.022,start,1,25,
95284.009,start,2,135,
95333.863,conflict-at-land,2,135,
95345.442,conflict-at-land,6,143,
95348.863,start,2,135,
95360.442,start,6,143,
95380.217,conflict-at-land,2,135,
95387.334,conflict-at-land,5,141,
95392.051,conflict-at-land,0,116,
95395.217,start,2,135,
95402.334,start,5,141,
95407.051,start,0,116,
95425.74,conflict-at-land,6,143,
95430.798,conflict-at-land,2,135,
95440.74,start,6,143,
95445.798,start,2,135,
95449.09,conflict-at-land,7,115,
95464.09,start,7,115,
95496.345,conflict-at-land,2,135,
95496.666,conflict-at-land,4,140,
95511.345,start,2,135,
95511.666,start,4,140,
95546.755,conflict-at-land,6,143,
95551.43,conflict-at-land,2,135,
95561.755,start,6,143,
95566.43,start,2,135,
95621.03,conflict-at-land,2,135,
95630.607,conflict-at-land,6,143,
95636.03,start,2,135,
95645.607,start,6,143,
95660.58,conflict-at-land,7,115,
95675.58,start,7,115,
95678.861,conflict-at-land,0,116,
95685.872,conflict-at-land,2,135,
95693.861,start,0,116,
95700.872,start,2,135,
95738.845,conflict-at-land,6,143,
95739.793,conflict-at-land,2,135,
95739.793,abandon,2,135,
95739.793,refuse,2,144,
95753.845,start,6,143,
95754.793,refuse,2,144,
95769.793,refuse,2,144,
95784.793,refuse,2,144,
95797.442,conflict-at-land,3,120,
95799.793,refuse,2,144,
95810.911,conflict-at-land,4,140,
95812.442,start,3,120,
95814.793,refuse,2,144,
95825.911,start,4,140,
95829.793,refuse,2,144,
95835.267,conflict-at-land,6,143,
95844.793,refuse,2,144,
95850.267,start,6,143,
95859.793,refuse,2,144,
95871.749,conflict-at-land,1,25,
95874.793,refuse,2,144,
95886.749,start,1,25,
95889.793,refuse,2,144,
95902.864,conflict-at-land,0,116,
95904.793,refuse,2,144,
95907.101,conflict-at-land,5,141,
95907.889,conflict-at-land,7,115,
95917.864,start,0,116,
95919.793,refuse,2,144,
95922.101,start,5,141,
95922.889,start,7,115,
95934.793,refuse,2,144,
95949.793,refuse,2,144,
95951.496,conflict-at-land,6,143,
95964.793,refuse,2,144,
95966.496,start,6,143,
95979.793,refuse,2,144,
95994.793,refuse,2,144,
96009.793,refuse,2,144,
96024.793,refuse,2,144,
96039.793,refuse,2,144,
96054.793,refuse,2,144,
96069.793,refuse,2,144,
96070.028,conflict-at-land,6,143,
96084.793,refuse,2,144,
96085.028,start,6,143,
96099.793,refuse,2,144,
96114.793,refuse,2,144,
96129.793,refuse,2,144,
96135.331,conflict-at-land,0,116,
96144.793,refuse,2,144,
96150.331,start,0,116,
96159.793,refuse,2,144,
96170.293,conflict-at-land,7,115,
96174.793,refuse,2,144,
96185.293,start,7,115,
96189.793,refuse,2,144,
96197.171,conflict-at-land,6,143,
96204.793,refuse,2,144,
96212.171,start,6,143,
96219.793,refuse,2,144,
96234.793,refuse,2,144,
96249.793,refuse,2,144,
96264.793,refuse,2,144,
96273.534,conflict-at-land,4,140,
96275.822,conflict-at-land,6,143,
96279.793,refuse,2,144,
96288.534,start,4,140,
96290.822,start,6,143,
96294.793,refuse,2,144,
96309.793,refuse,2,144,
96324.793,refuse,2,144,
96339.793,refuse,2,144,
96354.793,refuse,2,144,
96355.024,conflict-at-land,7,115,
96361.546,conflict-at-land,0,116,
96369.793,refuse,2,144,
96370.024,start,7,115,
96376.546,start,0,116,
96384.793,refuse,2,144,
96399.793,refuse,2,144,
96400.913,conflict-at-land,6,143,
96414.793,refuse,2,144,
96415.913,start,6,143,
96429.793,refuse,2,144,
96444.793,refuse,2,144,
96459.793,refuse,2,144,
96474.793,refuse,2,144,
96489.793,refuse,2,144,
96504.793,refuse,2,144,
96519.793,refuse,2,144,
96521.818,conflict-at-land,7,115,
96529.961,conflict-at-land,6,143,
96534.793,refuse,2,144,
96536.818,start,7,115,
96544.961,start,6,143,
96549.793,refuse,2,144,
96551.14,conflict-at-land,0,116,
96564.793,refuse,2,144,
96566.14,start,0,116,
96579.793,refuse,2,144,
96594.793,refuse,2,144,
96609.793,refuse,2,144,
96617.416,conflict-at-land,5,141,
96624.793,refuse,2,144,
96632.416,start,5,141,
96639.793,refuse,2,144,
96650.692,conflict-at-land,6,143,
96654.793,refuse,2,144,
96659.113,conflict-at-land,1,25,
96665.692,start,6,143,
96669.793,refuse,2,144,
96674.113,start,1,25,
96684.793,refuse,2,144,
96699.793,refuse,2,144,
96714.793,refuse,2,144,
96722.682,conflict-at-land,7,115,
96729.793,refuse,2,144,
96734.002,conflict-at-land,0,116,
96737.682,start,7,115,
96742.955,conflict-at-land,4,140,
96744.793,refuse,2,144,
96749.002,start,0,116,
96757.955,start,4,140,
96759.793,refuse,2,144,
96773.18,conflict-at-land,6,143,
96774.793,refuse,2,144,
96788.18,start,6,143,
96789.793,refuse,2,144,
96804.793,refuse,2,144,
96819.793,refuse,2,144,
96834.793,refuse,2,144,
96849.793,refuse,2,144,
96864.793,refuse,2,144,
96868.612,conflict-at-land,6,143,
96879.793,refuse,2,144,
96883.612,start,6,143,
96894.793,refuse,2,144,
96902.79,conflict-at-land,7,115,
96909.793,refuse,2,144,
96917.79,start,7,115,
96924.793,refuse,2,144,
96939.793,refuse,2,144,
96954.793,refuse,2,144,
96969.793,refuse,2,144,
96978.964,conflict-at-land,6,143,
96984.793,refuse,2,144,
96993.964,start,6,143,
96999.793,refuse,2,144,
97014.793,refuse,2,144,
97023.937,conflict-at-land,0,116,
97029.793,refuse,2,144,
97038.937,start,0,116,
97044.793,refuse,2,144,
97059.793,refuse,2,144,
97060.141,conflict-at-land,4,140,
97074.793,refuse,2,144,
97075.141,start,4,140,
97089.793,refuse,2,144,
97098.488,conflict-at-land,6,143,
97104.793,refuse,2,144,
97113.488,start,6,143,
97119.793,refuse,2,144,
97134.793,refuse,2,144,
97149.793,refuse,2,144,
97164.793,refuse,2,144,
97164.883,conflict-at-land,7,115,
97179.793,refuse,2,144,
97179.883,start,7,115,
97194.793,refuse,2,144,
97209.231,conflict-at-land,6,143,
97209.793,refuse,2,144,
97224.231,start,6,143,
97224.793,refuse,2,144,
97228.992,conflict-at-land,0,116,
97239.793,refuse,2,144,
97243.992,start,0,116,
97254.793,refuse,2,144,
97269.793,refuse,2,144,
97284.793,refuse,2,144,
97295.179,conflict-at-land,5,141,
97299.793,refuse,2,144,
97310.179,start,5,141,
97311.475,conflict-at-land,6,143,
97314.793,refuse,2,144,
97318.179,conflict-at-land,3,120,
97324.464,conflict-at-land,4,140,
97324.482,conflict-at-land,7,115,
97326.475,start,6,143,
97329.793,refuse,2,144,
97333.179,start,3,120,
97339.464,start,4,140,
97339.482,start,7,115,
97344.793,refuse,2,144,
97359.793,refuse,2,144,
97374.793,refuse,2,144,
97389.793,refuse,2,144,
97397.739,conflict-at-land,0,116,
97404.793,refuse,2,144,
97412.739,start,0,116,
97419.793,refuse,2,144,
97432.994,conflict-at-land,6,143,
97434.793,refuse,2,144,
97447.994,start,6,143,
97449.793,refuse,2,144,
97464.793,refuse,2,144,
97469.369,conflict-at-land,1,25,
97479.793,refuse,2,144,
97484.369,start,1,25,
97494.793,refuse,2,144,
97509.793,refuse,2,144,
97524.793,refuse,2,144,
97539.793,refuse,2,144,
97554.793,refuse,2,144,
97556.764,conflict-at-land,7,115,
97564.274,conflict-at-land,6,143,
97569.793,refuse,2,144,
97571.764,start,7,115,
97579.274,start,6,143,
97584.793,refuse,2,144,
97599.793,refuse,2,144,
97614.793,refuse,2,144,
97615.432,conflict-at-land,4,140,
97629.793,refuse,2,144,
97630.432,start,4,140,
97644.793,refuse,2,144,
97655.726,conflict-at-land,6,143,
97659.793,refuse,2,144,
97669.77,conflict-at-land,0,116,
97670.726,start,6,143,
97674.793,refuse,2,144,
97684.77,start,0,116,
97689.793,refuse,2,144,
97704.793,refuse,2,144,
97719.793,refuse,2,144,
97734.793,refuse,2,144,
97749.793,refuse,2,144,
97764.793,refuse,2,144,
97768.005,conflict-at-land,6,143,
97769.362,conflict-at-land,7,115,
97779.793,refuse,2,144,
97783.005,start,6,143,
97784.362,start,7,115,
97794.793,refuse,2,144,
97809.793,refuse,2,144,
97819.528,conflict-at-land,5,141,
97824.793,refuse,2,144,
97834.528,start,5,141,
97839.793,refuse,2,144,
97844.996,conflict-at-land,0,116,
97854.793,refuse,2,144,
97859.996,start,0,116,
97869.793,refuse,2,144,
97884.793,refuse,2,144,
97893.273,conflict-at-land,6,143,
97899.793,refuse,2,144,
97901.583,conflict-at-land,4,140,
97908.273,start,6,143,
97914.793,refuse,2,144,
97916.583,start,4,140,
97929.793,refuse,2,144,
97931.313,conflict-at-land,7,115,
97944.793,refuse,2,144,
97946.313,start,7,115,
97959.793,refuse,2,144,
97974.793,refuse,2,144,
97977.696,conflict-at-land,1,25,
97989.793,refuse,2,144,
97992.696,start,1,25,
98001.463,conflict-at-land,6,143,
98004.793,refuse,2,144,
98016.463,start,6,143,
98019.793,refuse,2,144,
98021.982,conflict-at-land,0,116,
98034.793,refuse,2,144,
98036.982,start,0,116,
98049.793,refuse,2,144,
98064.793,refuse,2,144,
98079.793,refuse,2,144,
98080.228,conflict-at-land,6,143,
98094.793,refuse,2,144,
98095.228,start,6,143,
98109.793,refuse,2,144,
98124.793,refuse,2,144,
98139.793,refuse,2,144,
98152.195,conflict-at-land,7,115,
98154.793,refuse,2,144,
98167.195,start,7,115,
98169.793,refuse,2,144,
98184.793,refuse,2,144,
98192.903,conflict-at-land,6,143,
98199.793,refuse,2,144,
98207.903,start,6,143,
98214.793,refuse,2,144,
98220.357,conflict-at-land,4,140,
98229.793,refuse,2,144,
98235.357,start,4,140,
98244.793,refuse,2,144,
98259.793,refuse,2,144,
98274.793,refuse,2,144,
98289.793,refuse,2,144,
98298.201,conflict-at-land,0,116,
98304.793,refuse,2,144,
98311.188,conflict-at-land,6,143,
98313.201,start,0,116,
98319.793,refuse,2,144,
98326.188,start,6,143,
98334.793,refuse,2,144,
98349.793,refuse,2,144,
98364.793,refuse,2,144,
98368.29,conflict-at-land,7,115,
98379.793,refuse,2,144,
98383.29,start,7,115,
98394.793,refuse,2,144,
98409.793,refuse,2,144,
98424.793,refuse,2,144,
98431.356,conflict-at-land,6,143,
98439.793,refuse,2,144,
98446.356,start,6,143,
98454.793,refuse,2,144,
98469.793,refuse,2,144,
98484.793,refuse,2,144,
98499.793,refuse,2,144,
98514.793,refuse,2,144,
98529.793,refuse,2,144,
98540.482,conflict-at-land,6,143,
98544.793,refuse,2,144,
98555.482,start,6,143,
98559.793,refuse,2,144,
98560.253,conflict-at-land,7,115,
98574.793,refuse,2,144,
98575.253,start,7,115,
98584.16,conflict-at-land,0,116,
98589.793,refuse,2,144,
98599.16,start,0,116,
98604.793,refuse,2,144,
98619.793,refuse,2,144,
98634.793,refuse,2,144,
98637.42,conflict-at-land,5,141,
98649.793,refuse,2,144,
98652.42,start,5,141,
98664.411,conflict-at-land,6,143,
98664.793,refuse,2,144,
98666.808,conflict-at-land,4,140,
98679.411,start,6,143,
98679.793,refuse,2,144,
98681.808,start,4,140,
98694.793,refuse,2,144,
98709.793,refuse,2,144,
98724.793,refuse,2,144,
98732.524,conflict-at-land,1,25,
98739.793,refuse,2,144,
98739.793,abandon,2,144,
98739.793,refuse,2,145,
98747.524,start,1,25,
98754.793,refuse,2,145,
98756.732,conflict-at-land,0,116,
98769.793,refuse,2,145,
98771.732,start,0,116,
98777.137,conflict-at-land,7,115,
98784.793,refuse,2,145,
98792.137,start,7,115,
98796.323,conflict-at-land,6,143,
98799.793,refuse,2,145,
98811.323,start,6,143,
98814.793,refuse,2,145,
98829.793,refuse,2,145,
98844.793,refuse,2,145,
98859.793,refuse,2,145,
98859.843,conflict-at-land,3,120,
98874.793,refuse,2,145,
98874.843,start,3,120,
98889.793,refuse,2,145,
98900.579,conflict-at-land,6,143,
98904.793,refuse,2,145,
98915.579,start,6,143,
98919.793,refuse,2,145,
98934.793,refuse,2,145,
98943.151,conflict-at-land,0,116,
98947.603,conflict-at-land,7,115,
98949.793,refuse,2,145,
98958.151,start,0,116,
98962.603,start,7,115,
98964.793,refuse,2,145,
98979.793,refuse,2,145,
98980.317,conflict-at-land,6,143,
98994.793,refuse,2,145,
98995.317,start,6,143,
99009.793,refuse,2,145,
99024.793,refuse,2,145,
99030.209,conflict-at-land,4,140,
99039.793,refuse,2,145,
99045.209,start,4,140,
99054.793,refuse,2,145,
99069.793,refuse,2,145,
99078.571,conflict-at-land,6,143,
99084.793,refuse,2,145,
99093.571,start,6,143,
99099.793,refuse,2,145,
99114.793,refuse,2,145,
99129.793,refuse,2,145,
99135.273,conflict-at-land,0,116,
99135.683,conflict-at-land,5,141,
99144.793,start,2,145,
99150.273,start,0,116,
99150.683,refuse,5,141,
99151.086,land,2,145,
99151.086,refuse,2,146,
99157.173,conflict-at-land,7,115,
99157.575,conflict-at-land,6,143,
99165.683,start,5,141,
99166.086,start,2,146,
99172.173,refuse,7,115,
99172.193,conflict-at-land,2,146,
99172.575,start,6,143,
99187.173,start,7,115,
99187.193,refuse,2,146,
99202.193,refuse,2,146,
99217.193,refuse,2,146,
99232.193,refuse,2,146,
99247.193,refuse,2,146,
99260.514,conflict-at-land,6,143,
99262.193,refuse,2,146,
99275.514,start,6,143,
99277.193,refuse,2,146,
99292.193,refuse,2,146,
99307.193,refuse,2,146,
99307.541,conflict-at-land,4,140,
99322.193,refuse,2,146,
99322.541,start,4,140,
99337.193,refuse,2,146,
99352.193,refuse,2,146,
99367.193,refuse,2,146,
99382.193,refuse,2,146,
99384.943,conflict-at-land,6,143,
99397.193,refuse,2,146,
99399.943,start,6,143,
99410.971,conflict-at-land,0,116,
99412.193,refuse,2,146,
99414.18,conflict-at-land,7,115,
99425.971,start,0,116,
99427.193,start,2,146,
99429.18,refuse,7,115,
99434.175,conflict-at-land,2,146,
99444.18,start,7,115,
99449.175,refuse,2,146,
99464.175,refuse,2,146,
99469.098,conflict-at-land,6,143,
99479.175,refuse,2,146,
99484.098,start,6,143,
99494.175,refuse,2,146,
99497.256,conflict-at-land,1,25,
99509.175,refuse,2,146,
99512.256,start,1,25,
99524.175,refuse,2,146,
99539.175,refuse,2,146,
99552.667,conflict-at-land,6,143,
99554.175,refuse,2,146,
99567.667,start,6,143,
99569.175,refuse,2,146,
99584.175,refuse,2,146,
99599.175,refuse,2,146,
99614.175,refuse,2,146,
99629.175,refuse,2,146,
99637.735,conflict-at-land,0,116,
99641.093,conflict-at-land,7,115,
99644.175,start,2,146,
99650.847,conflict-at-land,2,146,
99652.735,start,0,116,
99656.093,start,7,115,
99665.847,refuse,2,146,
99667.001,conflict-at-land,5,141,
99673.931,conflict-at-land,6,143,
99680.847,refuse,2,146,
99682.001,start,5,141,
99688.931,start,6,143,
99695.847,refuse,2,146,
99710.847,refuse,2,146,
99725.847,refuse,2,146,
99740.847,refuse,2,146,
99755.847,refuse,2,146,
99760.106,conflict-at-land,4,140,
99770.847,refuse,2,146,
99775.106,start,4,140,
99785.847,refuse,2,146,
99796.041,conflict-at-land,6,143,
99800.847,refuse,2,146,
99811.041,start,6,143,
99815.847,refuse,2,146,
99830.847,refuse,2,146,
99833.305,conflict-at-land,7,115,
99833.305,abandon,7,115,
99833.305,start,7,147,
99839.616,land,7,147,
99839.616,refuse,7,148,
99845.847,start,2,146,
99852.827,conflict-at-land,2,146,
99854.616,refuse,7,148,
99867.727,conflict-at-land,0,116,
99867.827,start,2,146,
99869.616,refuse,7,148,
99873.51,conflict-at-land,2,146,
99882.727,start,0,116,
99884.616,refuse,7,148,
99888.51,start,2,146,
99893.464,conflict-at-land,2,146,
99899.326,conflict-at-land,6,143,
99899.616,refuse,7,148,
99908.464,start,2,146,
99913.693,conflict-at-land,2,146,
99914.326,start,6,143,
99914.616,refuse,7,148,
99928.693,start,2,146,
99929.616,refuse,7,148,
99933.517,conflict-at-land,2,146,
99944.616,refuse,7,148,
99948.517,start,2,146,
99952.794,conflict-at-land,2,146,
99959.616,refuse,7,148,
99967.794,start,2,146,
99972.275,conflict-at-land,2,146,
99974.616,refuse,7,148,
99987.275,start,2,146,
99989.616,refuse,7,148,
99992.006,conflict-at-land,2,146,
100001.962,conflict-at-land,6,143,
100004.616,refuse,7,148,
100007.006,start,2,146,
100013.78,conflict-at-land,2,146,
100016.962,start,6,143,
100019.616,refuse,7,148,
100028.78,start,2,146,
100031.442,conflict-at-land,4,140,
100033.298,conflict-at-land,2,146,
100034.616,refuse,7,148,
100046.442,start,4,140,
100048.298,start,2,146,
100049.616,refuse,7,148,
100054.365,conflict-at-land,2,146,
100064.616,refuse,7,148,
100069.365,start,2,146,
100075.516,conflict-at-land,2,146,
100079.616,refuse,7,148,
100090.516,start,2,146,
100094.616,refuse,7,148,
100096.388,conflict-at-land,6,143,
100097.944,conflict-at-land,0,116,
100098.085,conflict-at-land,2,146,
100109.616,refuse,7,148,
100111.388,start,6,143,
100112.944,start,0,116,
100113.085,start,2,146,
100118.994,conflict-at-land,2,146,
100124.616,refuse,7,148,
100133.994,start,2,146,
100139.616,refuse,7,148,
100140.018,conflict-at-land,2,146,
100154.616,refuse,7,148,
100155.018,start,2,146,
100160.66,conflict-at-land,2,146,
100169.616,refuse,7,148,
100175.66,start,2,146,
100179.147,conflict-at-land,5,141,
100183.299,conflict-at-land,2,146,
100184.616,refuse,7,148,
100194.147,start,5,141,
100198.299,start,2,146,
100199.616,refuse,7,148,
100203.206,conflict-at-land,2,146,
100214.616,refuse,7,148,
100218.206,start,2,146,
100220.201,conflict-at-land,6,143,
100223.362,conflict-at-land,2,146,
100229.616,refuse,7,148,
100235.201,start,6,143,
100238.362,start,2,146,
100244.616,refuse,7,148,
100245.107,conflict-at-land,2,146,
100245.971,conflict-at-land,1,25,
100259.616,start,7,148,
100260.107,start,2,146,
100260.971,refuse,1,25,
100265.834,conflict-at-land,2,146,
100275.971,refuse,1,25,
100280.834,start,2,146,
100287.24,conflict-at-land,2,146,
100290.971,refuse,1,25,
100302.24,start,2,146,
100305.971,refuse,1,25,
100307.482,conflict-at-land,0,116,
100307.55,conflict-at-land,2,146,
100309.931,conflict-at-land,3,120,
100320.971,refuse,1,25,
100322.036,conflict-at-land,4,140,
100322.482,start,0,116,
100322.55,start,2,146,
100324.931,start,3,120,
100328.702,conflict-at-land,2,146,
100329.448,conflict-at-land,6,143,
100335.971,refuse,1,25,
100337.036,start,4,140,
100343.702,start,2,146,
100344.448,start,6,143,
100348.934,conflict-at-land,2,146,
100350.971,refuse,1,25,
100363.934,start,2,146,
100365.971,refuse,1,25,
100368.399,conflict-at-land,2,146,
100380.971,refuse,1,25,
100383.399,start,2,146,
100389.037,conflict-at-land,2,146,
100395.971,refuse,1,25,
100404.037,start,2,146,
100409.874,conflict-at-land,2,146,
100410.971,refuse,1,25,
100424.874,start,2,146,
100425.971,refuse,1,25,
100430.856,conflict-at-land,2,146,
100435.256,conflict-at-land,6,143,
100440.971,refuse,1,25,
100445.856,start,2,146,
100450.223,conflict-at-land,2,146,
100450.256,start,6,143,
100455.971,refuse,1,25,
100465.223,start,2,146,
100469.561,conflict-at-land,2,146,
100470.971,refuse,1,25,
100484.561,start,2,146,
100485.971,refuse,1,25,
100490.956,conflict-at-land,2,146,
100500.971,refuse,1,25,
100505.956,start,2,146,
100506.033,conflict-at-land,0,116,
100511.002,conflict-at-land,2,146,
100515.971,refuse,1,25,
100521.033,start,0,116,
100526.002,start,2,146,
100530.971,refuse,1,25,
100531.24,conflict-at-land,2,146,
100545.971,refuse,1,25,
100546.24,start,2,146,
100547.121,conflict-at-land,6,143,
100552.739,conflict-at-land,2,146,
100560.971,refuse,1,25,
100562.121,start,6,143,
100567.739,start,2,146,
100573.511,conflict-at-land,2,146,
100575.971,refuse,1,25,
100588.511,start,2,146,
100590.971,refuse,1,25,
100596.167,conflict-at-land,2,146,
100605.971,refuse,1,25,
100611.167,start,2,146,
100618.775,conflict-at-land,2,146,
100620.971,refuse,1,25,
100633.775,start,2,146,
100635.971,refuse,1,25,
100639.74,conflict-at-land,2,146,
100650.971,refuse,1,25,
100653.422,conflict-at-land,6,143,
100654.74,start,2,146,
100660.402,conflict-at-land,2,146,
100665.971,refuse,1,25,
100668.422,start,6,143,
100675.402,start,2,146,
100680.971,refuse,1,25,
100681.157,conflict-at-land,2,146,
100695.971,refuse,1,25,
100696.157,start,2,146,
100703.578,conflict-at-land,2,146,
100710.971,refuse,1,25,
100718.578,start,2,146,
100724.881,conflict-at-land,2,146,
100725.971,refuse,1,25,
100732.444,conflict-at-land,6,143,
100739.881,start,2,146,
100740.971,refuse,1,25,
100744.974,conflict-at-land,2,146,
100747.444,start,6,143,
100755.971,refuse,1,25,
100759.974,start,2,146,
100765.216,conflict-at-land,2,146,
100765.708,conflict-at-land,0,116,
100770.971,refuse,1,25,
100780.216,start,2,146,
100780.708,start,0,116,
100785.971,refuse,1,25,
100786.271,conflict-at-land,2,146,
100796.563,conflict-at-land,4,140,
100800.971,refuse,1,25,
100801.271,start,2,146,
100807.292,conflict-at-land,2,146,
100811.563,start,4,140,
100815.971,refuse,1,25,
100822.292,start,2,146,
100827.01,conflict-at-land,2,146,
100830.971,refuse,1,25,
100841.041,conflict-at-land,6,143,
100842.01,start,2,146,
100845.971,refuse,1,25,
100847.854,conflict-at-land,2,146,
100856.041,start,6,143,
100860.971,refuse,1,25,
100862.854,start,2,146,
100868.684,conflict-at-land,2,146,
100875.971,refuse,1,25,
100883.684,start,2,146,
100888.381,conflict-at-land,2,146,
100890.971,refuse,1,25,
100903.381,start,2,146,
100905.971,refuse,1,25,
100907.878,conflict-at-land,2,146,
100920.971,refuse,1,25,
100922.878,start,2,146,
100929.846,conflict-at-land,2,146,
100933.312,conflict-at-land,6,143,
100935.971,refuse,1,25,
100941.175,conflict-at-land,5,141,
100944.846,start,2,146,
100948.312,start,6,143,
100950.971,refuse,1,25,
100951.724,conflict-at-land,2,146,
100956.175,start,5,141,
100965.971,refuse,1,25,
100966.724,start,2,146,
100972.751,conflict-at-land,0,116,
100973.523,conflict-at-land,2,146,
100980.971,refuse,1,25,
100987.751,start,0,116,
100988.523,start,2,146,
100995.971,refuse,1,25,
100996.144,conflict-at-land,2,146,
101010.971,refuse,1,25,
101011.144,start,2,146,
101016.097,conflict-at-land,2,146,
101025.971,refuse,1,25,
101031.097,start,2,146,
101036.506,conflict-at-land,2,146,
101040.971,refuse,1,25,
101042.209,conflict-at-land,6,143,
101051.506,start,2,146,
101055.971,refuse,1,25,
101057.209,start,6,143,
101057.93,conflict-at-land,2,146,
101070.971,refuse,1,25,
101072.93,start,2,146,
101078.51,conflict-at-land,2,146,
101085.971,refuse,1,25,
101093.51,start,2,146,
101099.313,conflict-at-land,2,146,
101100.971,refuse,1,25,
101114.313,start,2,146,
101115.971,refuse,1,25,
101120.019,conflict-at-land,2,146,
101129.596,conflict-at-land,6,143,
101130.971,refuse,1,25,
101135.019,start,2,146,
101141.294,conflict-at-land,2,146,
101144.596,start,6,143,
101145.971,refuse,1,25,
101145.971,abandon,1,25,
101145.971,refuse,1,149,
101156.294,start,2,146,
101160.971,refuse,1,149,
101161.514,conflict-at-land,2,146,
101175.971,refuse,1,149,
101176.514,start,2,146,
101182.35,conflict-at-land,2,146,
101190.971,refuse,1,149,
101193.585,conflict-at-land,0,116,
101197.35,start,2,146,
101203.31,conflict-at-land,7,148,
101203.931,conflict-at-land,2,146,
101205.971,refuse,1,149,
101208.585,start,0,116,
101218.31,start,7,148,
101218.931,start,2,146,
101220.971,refuse,1,149,
101225.51,conflict-at-land,2,146,
101229.036,conflict-at-land,6,143,
101235.971,refuse,1,149,
101238.333,conflict-at-land,4,140,
101240.51,start,2,146,
101244.036,start,6,143,
101245.899,conflict-at-land,2,146,
101250.971,refuse,1,149,
101253.333,start,4,140,
101260.899,start,2,146,
101265.971,refuse,1,149,
101266.305,conflict-at-land,2,146,
101280.971,refuse,1,149,
101281.305,start,2,146,
101285.989,conflict-at-land,2,146,
101295.971,refuse,1,149,
101300.989,start,2,146,
101305.794,conflict-at-land,2,146,
101310.971,refuse,1,149,
101320.794,start,2,146,
101325.038,conflict-at-land,2,146,
101325.971,refuse,1,149,
101340.038,start,2,146,
101340.971,refuse,1,149,
101344.577,conflict-at-land,6,143,
101346.813,conflict-at-land,2,146,
101355.971,refuse,1,149,
101359.577,start,6,143,
101361.813,start,2,146,
101369.259,conflict-at-land,2,146,
101370.971,refuse,1,149,
101384.259,start,2,146,
101385.971,refuse,1,149,
101388.553,conflict-at-land,2,146,
101400.971,refuse,1,149,
101403.553,start,2,146,
101409.933,conflict-at-land,2,146,
101415.971,refuse,1,149,
101424.933,start,2,146,
101430.4,conflict-at-land,2,146,
101430.743,conflict-at-land,0,116,
101430.971,refuse,1,149,
101445.4,start,2,146,
101445.743,start,0,116,
101445.971,refuse,1,149,
101452.398,conflict-at-land,2,146,
101460.971,refuse,1,149,
101465.413,conflict-at-land,6,143,
101467.398,start,2,146,
101474.2,conflict-at-land,2,146,
101475.971,refuse,1,149,
101480.413,start,6,143,
101489.2,start,2,146,
101490.971,refuse,1,149,
101494.87,conflict-at-land,2,146,
101505.971,refuse,1,149,
101509.87,start,2,146,
101513.077,conflict-at-land,5,141,
101517.622,conflict-at-land,2,146,
101520.971,refuse,1,149,
101525.241,conflict-at-land,4,140,
101528.077,start,5,141,
101532.622,start,2,146,
101535.971,refuse,1,149,
101540.241,start,4,140,
101540.324,conflict-at-land,2,146,
101544.612,conflict-at-land,6,143,
101550.971,refuse,1,149,
101555.324,start,2,146,
101559.612,start,6,143,
101560.813,conflict-at-land,2,146,
101565.971,refuse,1,149,
101575.813,start,2,146,
101580.284,conflict-at-land,2,146,
101580.971,refuse,1,149,
101595.284,start,2,146,
101595.971,refuse,1,149,
101601.384,conflict-at-land,2,146,
101610.971,refuse,1,149,
101616.384,start,2,146,
101621.029,conflict-at-land,2,146,
101625.971,refuse,1,149,
101636.029,start,2,146,
101636.078,conflict-at-land,0,116,
101640.787,conflict-at-land,2,146,
101640.971,refuse,1,149,
101651.078,start,0,116,
101653.156,conflict-at-land,6,143,
101655.787,start,2,146,
101655.971,refuse,1,149,
101663.232,conflict-at-land,2,146,
101668.156,start,6,143,
101670.971,refuse,1,149,
101678.232,start,2,146,
101684.325,conflict-at-land,2,146,
101685.971,refuse,1,149,
101699.325,start,2,146,
101700.971,refuse,1,149,
101706.969,conflict-at-land,2,146,
101715.971,refuse,1,149,
101721.969,start,2,146,
101729.621,conflict-at-land,2,146,
101730.971,refuse,1,149,
101744.621,start,2,146,
101745.971,refuse,1,149,
101752.308,conflict-at-land,2,146,
101760.971,refuse,1,149,
101763.357,conflict-at-land,3,120,
101767.308,start,2,146,
101771.93,conflict-at-land,2,146,
101775.971,start,1,149,
101778.357,refuse,3,120,
101782.25,conflict-at-land,6,143,
101786.93,start,2,146,
101792.903,conflict-at-land,2,146,
101793.357,refuse,3,120,
101797.25,start,6,143,
101807.903,start,2,146,
101808.357,refuse,3,120,
101814.523,conflict-at-land,2,146,
101823.357,refuse,3,120,
101829.523,start,2,146,
101835.189,conflict-at-land,2,146,
101838.357,refuse,3,120,
101850.189,start,2,146,
101853.357,refuse,3,120,
101856.682,conflict-at-land,2,146,
101868.357,refuse,3,120,
101868.582,conflict-at-land,4,140,
101871.682,start,2,146,
101879.423,conflict-at-land,2,146,
101883.357,refuse,3,120,
101883.582,start,4,140,
101894.423,start,2,146,
101895.829,conflict-at-land,0,116,
101898.357,refuse,3,120,
101900.82,conflict-at-land,2,146,
101905.085,conflict-at-land,6,143,
101910.829,start,0,116,
101913.357,refuse,3,120,
101915.82,start,2,146,
101920.085,start,6,143,
101921.969,conflict-at-land,2,146,
101928.357,refuse,3,120,
101936.969,start,2,146,
101943.357,refuse,3,120,
101944.705,conflict-at-land,2,146,
101958.357,refuse,3,120,
101959.705,start,2,146,
101965.478,conflict-at-land,2,146,
101973.357,refuse,3,120,
101980.478,start,2,146,
101987.312,conflict-at-land,2,146,
101987.513,conflict-at-land,6,143,
101988.357,refuse,3,120,
102002.312,start,2,146,
102002.513,start,6,143,
102003.357,refuse,3,120,
102007.229,conflict-at-land,2,146,
102018.357,refuse,3,120,
102022.229,start,2,146,
102027.427,conflict-at-land,2,146,
102033.357,refuse,3,120,
102042.427,start,2,146,
102047.047,conflict-at-land,2,146,
102048.357,refuse,3,120,
102062.047,start,2,146,
102063.357,refuse,3,120,
102066.52,conflict-at-land,2,146,
102066.982,conflict-at-land,6,143,
102078.357,refuse,3,120,
102081.52,start,2,146,
102081.982,start,6,143,
102085.763,conflict-at-land,2,146,
102093.357,refuse,3,120,
102100.763,start,2,146,
102107.199,conflict-at-land,2,146,
102108.357,refuse,3,120,
102112.937,conflict-at-land,0,116,
102122.199,start,2,146,
102123.357,refuse,3,120,
102127.412,conflict-at-land,2,146,
102127.937,start,0,116,
102138.357,refuse,3,120,
102142.412,start,2,146,
102148.377,conflict-at-land,2,146,
102153.357,refuse,3,120,
102163.377,start,2,146,
102168.357,refuse,3,120,
102169.437,conflict-at-land,2,146,
102182.045,conflict-at-land,6,143,
102183.357,refuse,3,120,
102184.437,start,2,146,
102191.836,conflict-at-land,2,146,
102197.045,start,6,143,
102198.357,refuse,3,120,
102206.836,start,2,146,
102213.357,refuse,3,120,
102213.579,conflict-at-land,2,146,
102222.669,conflict-at-land,5,141,
102228.357,refuse,3,120,
102228.579,start,2,146,
102234.566,conflict-at-land,2,146,
102237.669,start,5,141,
102241.364,conflict-at-land,4,140,
102243.357,refuse,3,120,
102249.566,start,2,146,
102254.06,conflict-at-land,2,146,
102256.364,start,4,140,
102258.357,refuse,3,120,
102269.06,start,2,146,
102273.357,refuse,3,120,
102275.11,conflict-at-land,2,146,
102288.357,refuse,3,120,
102290.11,start,2,146,
102294.395,conflict-at-land,2,146,
102295.298,conflict-at-land,7,148,
102296.654,conflict-at-land,6,143,
102297.927,conflict-at-land,0,116,
102303.357,refuse,3,120,
102309.395,start,2,146,
102310.298,start,7,148,
102311.654,start,6,143,
102312.927,start,0,116,
102314.875,conflict-at-land,2,146,
102318.357,refuse,3,120,
102329.875,start,2,146,
102333.357,refuse,3,120,
102335.439,conflict-at-land,2,146,
102348.357,refuse,3,120,
102350.439,start,2,146,
102357.296,conflict-at-land,2,146,
102363.357,refuse,3,120,
102372.296,start,2,146,
102376.611,conflict-at-land,2,146,
102378.357,refuse,3,120,
102391.611,start,2,146,
102393.357,refuse,3,120,
102397.046,conflict-at-land,2,146,
102408.357,refuse,3,120,
102412.046,start,2,146,
102417.707,conflict-at-land,2,146,
102421.841,conflict-at-land,6,143,
102423.357,refuse,3,120,
102432.707,start,2,146,
102436.841,start,6,143,
102437.722,conflict-at-land,2,146,
102438.357,refuse,3,120,
102452.722,start,2,146,
102453.357,refuse,3,120,
102457.945,conflict-at-land,2,146,
102468.357,refuse,3,120,
102468.357,abandon,3,120,
102468.357,start,3,150,
102472.945,start,2,146,
102478.329,conflict-at-land,2,146,
102493.329,start,2,146,
102495.632,conflict-at-land,0,116,
102500.443,conflict-at-land,2,146,
102505.818,conflict-at-land,6,143,
102510.632,start,0,116,
102515.443,start,2,146,
102520.818,start,6,143,
102522.616,conflict-at-land,2,146,
102528.569,conflict-at-land,4,140,
102537.616,start,2,146,
102542.088,conflict-at-land,2,146,
102543.569,start,4,140,
102557.088,start,2,146,
102561.568,conflict-at-land,2,146,
102561.874,conflict-at-land,3,150,
102576.568,start,2,146,
102576.874,start,3,150,
102582.295,conflict-at-land,2,146,
102594.392,conflict-at-land,6,143,
102597.295,start,2,146,
102602.716,conflict-at-land,2,146,
102609.392,start,6,143,
102617.716,start,2,146,
102622.963,conflict-at-land,2,146,
102637.963,start,2,146,
102642.61,conflict-at-land,2,146,
102657.61,start,2,146,
102664.696,conflict-at-land,2,146,
102668.287,conflict-at-land,3,150,
102679.696,start,2,146,
102683.287,start,3,150,
102685.733,conflict-at-land,2,146,
102700.733,start,2,146,
102703.917,conflict-at-land,6,143,
102706.71,conflict-at-land,2,146,
102718.917,start,6,143,
102720.308,conflict-at-land,0,116,
102721.71,start,2,146,
102728.71,conflict-at-land,2,146,
102735.308,start,0,116,
102743.71,start,2,146,
102750.262,conflict-at-land,2,146,
102765.262,start,2,146,
102772.927,conflict-at-land,2,146,
102787.927,start,2,146,
102794.245,conflict-at-land,2,146,
102801.786,conflict-at-land,3,150,
102809.245,start,2,146,
102812.74,conflict-at-land,5,141,
102815.588,conflict-at-land,2,146,
102816.786,start,3,150,
102827.74,start,5,141,
102828.145,conflict-at-land,6,143,
102830.588,start,2,146,
102835.002,conflict-at-land,2,146,
102843.145,start,6,143,
102850.002,start,2,146,
102854.576,conflict-at-land,2,146,
102869.576,start,2,146,
102874.737,conflict-at-land,2,146,
102889.737,start,2,146,
102895.124,conflict-at-land,2,146,
102898.474,conflict-at-land,4,140,
102905.878,conflict-at-land,3,150,
102910.124,start,2,146,
102913.474,start,4,140,
102917.704,conflict-at-land,2,146,
102920.878,start,3,150,
102932.704,start,2,146,
102938.051,conflict-at-land,2,146,
102942.305,conflict-at-land,6,143,
102953.051,start,2,146,
102957.305,start,6,143,
102957.768,conflict-at-land,2,146,
102972.768,start,2,146,
102979.37,conflict-at-land,2,146,
102980.802,conflict-at-land,0,116,
102994.37,start,2,146,
102995.802,start,0,116,
103000.74,conflict-at-land,2,146,
103015.74,start,2,146,
103021.947,conflict-at-land,3,150,
103023.016,conflict-at-land,2,146,
103036.947,start,3,150,
103038.016,start,2,146,
103044.352,conflict-at-land,2,146,
103059.352,start,2,146,
103063.423,conflict-at-land,6,143,
103065.542,conflict-at-land,2,146,
103078.423,start,6,143,
103080.542,start,2,146,
103088.278,conflict-at-land,2,146,
103088.278,abandon,2,146,
103088.278,start,2,151,
103095.747,land,2,151,
103095.747,start,2,152,
103101.618,land,2,152,
103101.618,start,2,153,
103114.265,land,2,153,
103114.265,refuse,2,154,
103126.999,conflict-at-land,3,150,
103129.265,start,2,154,
103141.999,refuse,3,150,
103147.942,conflict-at-land,0,116,
103156.999,refuse,3,150,
103162.942,start,0,116,
103171.999,refuse,3,150,
103172.141,conflict-at-land,6,143,
103174.277,conflict-at-land,2,154,
103186.999,start,3,150,
103187.141,start,6,143,
103189.277,refuse,2,154,
103204.277,refuse,2,154,
103219.277,refuse,2,154,
103234.277,refuse,2,154,
103237.01,conflict-at-land,4,140,
103249.277,refuse,2,154,
103252.01,start,4,140,
103263.209,conflict-at-land,3,150,
103264.277,start,2,154,
103278.209,refuse,3,150,
103286.771,conflict-at-land,6,143,
103293.209,refuse,3,150,
103301.771,start,6,143,
103308.209,refuse,3,150,
103313.995,conflict-at-land,2,154,
103323.209,start,3,150,
103327.607,conflict-at-land,0,116,
103328.995,refuse,2,154,
103342.607,start,0,116,
103343.995,refuse,2,154,
103345.271,conflict-at-land,7,148,
103358.995,refuse,2,154,
103360.271,start,7,148,
103373.995,refuse,2,154,
103386.01,conflict-at-land,6,143,
103388.995,refuse,2,154,
103401.01,start,6,143,
103403.995,refuse,2,154,
103418.866,conflict-at-land,3,150,
103418.995,start,2,154,
103433.866,refuse,3,150,
103448.866,refuse,3,150,
103461.719,conflict-at-land,2,154,
103463.866,start,3,150,
103471.561,conflict-at-land,6,143,
103476.719,refuse,2,154,
103486.561,start,6,143,
103491.719,refuse,2,154,
103506.719,refuse,2,154,
103521.719,refuse,2,154,
103536.719,refuse,2,154,
103551.719,refuse,2,154,
103566.719,refuse,2,154,
103569.513,conflict-at-land,3,150,
103576.702,conflict-at-land,0,116,
103581.719,start,2,154,
103584.513,refuse,3,150,
103586.421,conflict-at-land,6,143,
103591.702,start,0,116,
103599.513,refuse,3,150,
103601.421,start,6,143,
103614.513,refuse,3,150,
103619.866,conflict-at-land,5,141,
103627.625,conflict-at-land,2,154,
103629.513,start,3,150,
103634.866,start,5,141,
103642.625,refuse,2,154,
103657.625,refuse,2,154,
103660.266,conflict-at-land,4,140,
103672.625,refuse,2,154,
103675.266,start,4,140,
103685.225,conflict-at-land,6,143,
103687.625,refuse,2,154,
103695.711,conflict-at-land,3,150,
103699.306,conflict-at-land,1,149,
103700.225,start,6,143,
103702.625,start,2,154,
103710.711,refuse,3,150,
103714.306,start,1,149,
103725.711,refuse,3,150,
103740.711,refuse,3,150,
103746.163,conflict-at-land,0,116,
103755.711,refuse,3,150,
103757.777,conflict-at-land,2,154,
103761.163,start,0,116,
103770.711,start,3,150,
103772.777,refuse,2,154,
103787.777,refuse,2,154,
103800.593,conflict-at-land,6,143,
103802.777,refuse,2,154,
103815.593,start,6,143,
103817.777,refuse,2,154,
103832.777,refuse,2,154,
103847.777,refuse,2,154,
103852.519,conflict-at-land,3,150,
103862.777,start,2,154,
103867.519,refuse,3,150,
103882.519,refuse,3,150,
103896.133,conflict-at-land,2,154,
103897.519,start,3,150,
103911.133,refuse,2,154,
103926.133,refuse,2,154,
103927.285,conflict-at-land,6,143,
103941.133,refuse,2,154,
103942.285,start,6,143,
103956.133,refuse,2,154,
103971.133,refuse,2,154,
103986.133,refuse,2,154,
104001.133,refuse,2,154,
104012.689,conflict-at-land,3,150,
104016.133,start,2,154,
104027.689,refuse,3,150,
104031.865,conflict-at-land,0,116,
104042.689,refuse,3,150,
104044.562,conflict-at-land,6,143,
104046.865,start,0,116,
104057.689,refuse,3,150,
104059.562,start,6,143,
104069.669,conflict-at-land,2,154,
104072.689,start,3,150,
104084.669,refuse,2,154,
104099.669,refuse,2,154,
104114.669,refuse,2,154,
104116.532,conflict-at-land,4,140,
104129.669,refuse,2,154,
104131.532,start,4,140,
104144.669,refuse,2,154,
104157.956,conflict-at-land,6,143,
104159.669,refuse,2,154,
104172.956,start,6,143,
104174.669,refuse,2,154,
104189.669,refuse,2,154,
104190.894,conflict-at-land,3,150,
104204.669,start,2,154,
104205.894,refuse,3,150,
104216.435,conflict-at-land,0,116,
104220.894,refuse,3,150,
104231.435,start,0,116,
104235.894,refuse,3,150,
104246.436,conflict-at-land,2,154,
104250.338,conflict-at-land,6,143,
104250.894,start,3,150,
104261.436,refuse,2,154,
104265.338,start,6,143,
104276.436,refuse,2,154,
104289.224,conflict-at-land,5,141,
104291.436,refuse,2,154,
104304.224,start,5,141,
104306.436,refuse,2,154,
104321.436,refuse,2,154,
104330.917,conflict-at-land,6,143,
104336.436,refuse,2,154,
104345.917,start,6,143,
104348.428,conflict-at-land,3,150,
104351.436,start,2,154,
104363.428,refuse,3,150,
104378.428,refuse,3,150,
104384.606,conflict-at-land,2,154,
104393.428,start,3,150,
104399.606,refuse,2,154,
104414.606,refuse,2,154,
104417.784,conflict-at-land,6,143,
104429.606,refuse,2,154,
104432.784,start,6,143,
104438.741,conflict-at-land,0,116,
104444.606,refuse,2,154,
104453.741,start,0,116,
104459.606,refuse,2,154,
104464.147,conflict-at-land,3,150,
104472.886,conflict-at-land,7,148,
104474.606,start,2,154,
104479.147,refuse,3,150,
104487.886,start,7,148,
104494.147,refuse,3,150,
104497.328,conflict-at-land,6,143,
104509.147,refuse,3,150,
104512.328,start,6,143,
104521.581,conflict-at-land,2,154,
104524.147,start,3,150,
104536.581,refuse,2,154,
104551.581,refuse,2,154,
104566.581,refuse,2,154,
104569.371,conflict-at-land,4,140,
104581.581,refuse,2,154,
104584.371,start,4,140,
104594.414,conflict-at-land,6,143,
104596.581,refuse,2,154,
104609.414,start,6,143,
104611.581,refuse,2,154,
104624.86,conflict-at-land,0,116,
104626.581,refuse,2,154,
104627.904,conflict-at-land,3,150,
104639.86,start,0,116,
104641.581,start,2,154,
104642.904,refuse,3,150,
104657.904,refuse,3,150,
104672.904,refuse,3,150,
104687.904,refuse,3,150,
104688.463,conflict-at-land,2,154,
104702.904,start,3,150,
104703.463,refuse,2,154,
104706.392,conflict-at-land,6,143,
104718.463,refuse,2,154,
104721.392,start,6,143,
104733.463,refuse,2,154,
104748.463,refuse,2,154,
104763.463,refuse,2,154,
104778.463,refuse,2,154,
104793.463,refuse,2,154,
104807.5,conflict-at-land,6,143,
104808.463,refuse,2,154,
104811.354,conflict-at-land,3,150,
104817.854,conflict-at-land,0,116,
104822.5,start,6,143,
104823.463,start,2,154,
104826.354,refuse,3,150,
104832.854,start,0,116,
104841.354,refuse,3,150,
104854.843,conflict-at-land,4,140,
104856.354,refuse,3,150,
104869.843,start,4,140,
104871.354,refuse,3,150,
104874.343,conflict-at-land,2,154,
104886.354,start,3,150,
104889.343,refuse,2,154,
104904.343,refuse,2,154,
104915.195,conflict-at-land,5,141,
104917.232,conflict-at-land,6,143,
104919.343,refuse,2,154,
104930.195,start,5,141,
104932.232,start,6,143,
104934.343,refuse,2,154,
104949.343,refuse,2,154,
104964.343,refuse,2,154,
104971.405,conflict-at-land,3,150,
104979.343,start,2,154,
104986.405,refuse,3,150,
105001.405,refuse,3,150,
105012.946,conflict-at-land,0,116,
105016.405,refuse,3,150,
105018.129,conflict-at-land,2,154,
105027.946,start,0,116,
105031.405,start,3,150,
105033.129,refuse,2,154,
105036.512,conflict-at-land,6,143,
105048.129,refuse,2,154,
105051.512,start,6,143,
105063.129,refuse,2,154,
105078.129,refuse,2,154,
105093.129,refuse,2,154,
105108.129,refuse,2,154,
105123.129,refuse,2,154,
105132.887,conflict-at-land,3,150,
105137.439,conflict-at-land,6,143,
105138.129,start,2,154,
105147.887,refuse,3,150,
105152.439,start,6,143,
105162.887,refuse,3,150,
105176.836,conflict-at-land,2,154,
105177.887,start,3,150,
105191.836,refuse,2,154,
105206.836,refuse,2,154,
105213.282,conflict-at-land,4,140,
105221.836,refuse,2,154,
105228.282,start,4,140,
105236.447,conflict-at-land,6,143,
105236.836,refuse,2,154,
105251.447,start,6,143,
105251.836,refuse,2,154,
105262.364,conflict-at-land,3,150,
105266.836,start,2,154,
105277.364,refuse,3,150,
105289.873,conflict-at-land,0,116,
105292.364,refuse,3,150,
105304.873,start,0,116,
105307.364,refuse,3,150,
105310.282,conflict-at-land,2,154,
105322.364,start,3,150,
105325.282,refuse,2,154,
105340.282,refuse,2,154,
105355.282,refuse,2,154,
105362.593,conflict-at-land,6,143,
105370.282,refuse,2,154,
105377.593,start,6,143,
105385.282,refuse,2,154,
105391.733,conflict-at-land,3,150,
105400.282,start,2,154,
105406.733,refuse,3,150,
105421.733,refuse,3,150,
105436.733,refuse,3,150,
105440.399,conflict-at-land,2,154,
105447.038,conflict-at-land,6,143,
105451.733,start,3,150,
105455.399,refuse,2,154,
105462.038,start,6,143,
105470.399,refuse,2,154,
105485.399,refuse,2,154,
105500.399,refuse,2,154,
105515.399,refuse,2,154,
105530.399,refuse,2,154,
105535.06,conflict-at-land,3,150,
105545.399,start,2,154,
105549.405,conflict-at-land,0,116,
105550.06,refuse,3,150,
105564.405,start,0,116,
105565.06,refuse,3,150,
105569.08,conflict-at-land,4,140,
105572.864,conflict-at-land,6,143,
105580.06,refuse,3,150,
105584.08,start,4,140,
105587.864,start,6,143,
105595.06,refuse,3,150,
105597.779,conflict-at-land,2,154,
105610.06,start,3,150,
105612.779,refuse,2,154,
105627.779,refuse,2,154,
105642.779,refuse,2,154,
105657.779,refuse,2,154,
105659.207,conflict-at-land,6,143,
105672.779,refuse,2,154,
105674.207,start,6,143,
105677.219,conflict-at-land,3,150,
105687.779,start,2,154,
105692.219,refuse,3,150,
105707.219,refuse,3,150,
105707.92,conflict-at-land,5,141,
105722.219,refuse,3,150,
105722.92,start,5,141,
105730.789,conflict-at-land,0,116,
105737.219,refuse,3,150,
105738.085,conflict-at-land,6,143,
105743.691,conflict-at-land,2,154,
105745.789,start,0,116,
105752.219,start,3,150,
105753.085,start,6,143,
105755.752,conflict-at-land,7,148,
105758.691,refuse,2,154,
105770.752,start,7,148,
105773.691,refuse,2,154,
105788.691,refuse,2,154,
105803.691,refuse,2,154,
105818.691,refuse,2,154,
105822.17,conflict-at-land,3,150,
105833.691,start,2,154,
105837.17,refuse,3,150,
105838.994,conflict-at-land,6,143,
105852.17,refuse,3,150,
105853.994,start,6,143,
105867.17,refuse,3,150,
105877.483,conflict-at-land,2,154,
105882.17,start,3,150,
105892.483,refuse,2,154,
105904.602,conflict-at-land,4,140,
105907.483,refuse,2,154,
105919.602,start,4,140,
105922.483,refuse,2,154,
105925.548,conflict-at-land,6,143,
105937.483,refuse,2,154,
105940.548,start,6,143,
105952.483,refuse,2,154,
105966.375,conflict-at-land,3,150,
105967.483,start,2,154,
105981.375,refuse,3,150,
105985.173,conflict-at-land,0,116,
105996.375,refuse,3,150,
106000.173,start,0,116,
106006.65,conflict-at-land,2,154,
106011.375,start,3,150,
106021.65,refuse,2,154,
106033.669,conflict-at-land,6,143,
106036.65,refuse,2,154,
106048.669,start,6,143,
106051.65,refuse,2,154,
106066.65,refuse,2,154,
106079.595,conflict-at-land,3,150,
106081.65,start,2,154,
106094.595,refuse,3,150,
106109.595,refuse,3,150,
106117.875,conflict-at-land,6,143,
106124.595,refuse,3,150,
106132.875,start,6,143,
106136.431,conflict-at-land,2,154,
106139.595,start,3,150,
106151.431,refuse,2,154,
106166.431,refuse,2,154,
106181.431,refuse,2,154,
106196.431,refuse,2,154,
106211.431,refuse,2,154,
106217.706,conflict-at-land,6,143,
106226.431,refuse,2,154,
106231.946,conflict-at-land,0,116,
106232.706,start,6,143,
106236.486,conflict-at-land,3,150,
106241.431,start,2,154,
106246.946,start,0,116,
106251.486,refuse,3,150,
106266.486,refuse,3,150,
106280.976,conflict-at-land,2,154,
106281.486,start,3,150,
106295.976,refuse,2,154,
106309.878,conflict-at-land,6,143,
106310.976,refuse,2,154,
106313.497,conflict-at-land,4,140,
106324.878,start,6,143,
106325.976,refuse,2,154,
106328.497,start,4,140,
106340.976,refuse,2,154,
106355.976,refuse,2,154,
106360.295,conflict-at-land,5,141,
106364.777,conflict-at-land,3,150,
106370.976,start,2,154,
106375.295,start,5,141,
106379.777,refuse,3,150,
106394.777,refuse,3,150,
106409.777,refuse,3,150,
106414.658,conflict-at-land,0,116,
106416.661,conflict-at-land,2,154,
106424.777,start,3,150,
106429.658,start,0,116,
106431.661,refuse,2,154,
106433.979,conflict-at-land,6,143,
106446.661,refuse,2,154,
106448.979,start,6,143,
106461.661,refuse,2,154,
106476.661,refuse,2,154,
106491.661,refuse,2,154,
106496.913,conflict-at-land,3,150,
106506.661,start,2,154,
106511.913,refuse,3,150,
106526.913,refuse,3,150,
106541.913,refuse,3,150,
106551.635,conflict-at-land,2,154,
106556.913,start,3,150,
106561.538,conflict-at-land,6,143,
106566.635,refuse,2,154,
106576.538,start,6,143,
106581.635,refuse,2,154,
106596.635,refuse,2,154,
106611.635,refuse,2,154,
106626.635,refuse,2,154,
106641.635,refuse,2,154,
106642.803,conflict-at-land,3,150,
106644.908,conflict-at-land,6,143,
106650.777,conflict-at-land,0,116,
106656.635,start,2,154,
106657.803,refuse,3,150,
106659.908,start,6,143,
106665.777,start,0,116,
106672.803,refuse,3,150,
106687.803,refuse,3,150,
106694.334,conflict-at-land,1,149,
106694.746,conflict-at-land,2,154,
106702.803,start,3,150,
106709.334,start,1,149,
106709.746,refuse,2,154,
106724.746,refuse,2,154,
106739.746,refuse,2,154,
106751.133,conflict-at-land,4,140,
106754.746,refuse,2,154,
106759.48,conflict-at-land,6,143,
106766.133,start,4,140,
106769.746,refuse,2,154,
106774.48,start,6,143,
106776.56,conflict-at-land,3,150,
106784.746,start,2,154,
106791.56,refuse,3,150,
106806.56,refuse,3,150,
106821.56,refuse,3,150,
106833.898,conflict-at-land,2,154,
106836.56,start,3,150,
106842.494,conflict-at-land,6,143,
106848.898,refuse,2,154,
106857.494,start,6,143,
106863.898,refuse,2,154,
106878.898,refuse,2,154,
106893.898,refuse,2,154,
106907.953,conflict-at-land,7,148,
106908.898,refuse,2,154,
106922.953,start,7,148,
106923.898,refuse,2,154,
106932.056,conflict-at-land,0,116,
106938.898,refuse,2,154,
106947.056,start,0,116,
106953.19,conflict-at-land,3,150,
106953.898,start,2,154,
106954.092,conflict-at-land,5,141,
106968.19,refuse,3,150,
106969.092,start,5,141,
106970.683,conflict-at-land,6,143,
106983.19,refuse,3,150,
106985.683,start,6,143,
106997.956,conflict-at-land,2,154,
106998.19,start,3,150,
107012.956,refuse,2,154,
107027.956,refuse,2,154,
107042.956,refuse,2,154,
107057.956,refuse,2,154,
107059.413,conflict-at-land,6,143,
107072.956,refuse,2,154,
107074.413,start,6,143,
107087.956,refuse,2,154,
107102.956,refuse,2,154,
107115.469,conflict-at-land,3,150,
107117.956,start,2,154,
107130.469,refuse,3,150,
107145.469,refuse,3,150,
107150.24,conflict-at-land,0,116,
107160.469,refuse,3,150,
107165.24,start,0,116,
107165.97,conflict-at-land,2,154,
107170.227,conflict-at-land,6,143,
107175.469,start,3,150,
107180.97,refuse,2,154,
107185.227,start,6,143,
107192.924,conflict-at-land,4,140,
107195.97,refuse,2,154,
107207.924,start,4,140,
107210.97,refuse,2,154,
107225.97,refuse,2,154,
107240.97,refuse,2,154,
107255.97,refuse,2,154,
107270.97,refuse,2,154,
107274.243,conflict-at-land,3,150,
107274.931,conflict-at-land,6,143,
107285.97,start,2,154,
107289.243,refuse,3,150,
107289.931,start,6,143,
107304.243,refuse,3,150,
107319.243,refuse,3,150,
107320.869,conflict-at-land,2,154,
107334.243,start,3,150,
107335.869,refuse,2,154,
107350.869,refuse,2,154,
107365.869,refuse,2,154,
107380.869,refuse,2,154,
107395.869,refuse,2,154,
107395.955,conflict-at-land,6,143,
107410.869,refuse,2,154,
107410.869,abandon,2,154,
107410.869,refuse,2,155,
107410.955,start,6,143,
107423.054,conflict-at-land,0,116,
107425.869,refuse,2,155,
107430.407,conflict-at-land,3,150,
107438.054,start,0,116,
107440.869,refuse,2,155,
107445.407,start,3,150,
107455.869,refuse,2,155,
107465.659,conflict-at-land,5,141,
107470.869,start,2,155,
107474.967,conflict-at-land,6,143,
107477.611,conflict-at-land,2,155,
107480.659,start,5,141,
107489.967,start,6,143,
107492.611,refuse,2,155,
107507.611,refuse,2,155,
107522.611,refuse,2,155,
107537.611,refuse,2,155,
107552.611,refuse,2,155,
107562.421,conflict-at-land,3,150,
107567.611,refuse,2,155,
107577.421,start,3,150,
107582.611,refuse,2,155,
107589.124,conflict-at-land,6,143,
107597.611,refuse,2,155,
107604.124,start,6,143,
107612.611,refuse,2,155,
107614.745,conflict-at-land,4,140,
107627.611,refuse,2,155,
107629.745,start,4,140,
107642.611,refuse,2,155,
107657.611,refuse,2,155,
107667.907,conflict-at-land,6,143,
107672.611,refuse,2,155,
107682.907,start,6,143,
107687.611,refuse,2,155,
107692.018,conflict-at-land,0,116,
107694.172,conflict-at-land,3,150,
107702.611,refuse,2,155,
107707.018,start,0,116,
107709.172,start,3,150,
107717.611,refuse,2,155,
107732.611,refuse,2,155,
107747.611,refuse,2,155,
107758.983,conflict-at-land,6,143,
107762.611,refuse,2,155,
107773.983,start,6,143,
107777.611,refuse,2,155,
107778.874,conflict-at-land,3,150,
107792.611,refuse,2,155,
107793.874,start,3,150,
107807.611,refuse,2,155,
107822.611,refuse,2,155,
107837.611,refuse,2,155,
107839.783,conflict-at-land,6,143,
107852.611,refuse,2,155,
107854.783,start,6,143,
107860.391,conflict-at-land,0,116,
107867.611,refuse,2,155,
107875.391,start,0,116,
107882.443,conflict-at-land,7,148,
107882.611,refuse,2,155,
107897.443,start,7,148,
107897.611,refuse,2,155,
107910.991,conflict-at-land,4,140,
107912.611,refuse,2,155,
107914.149,conflict-at-land,3,150,
107925.991,start,4,140,
107927.611,refuse,2,155,
107929.149,start,3,150,
107942.611,refuse,2,155,
107948.495,conflict-at-land,6,143,
107957.611,refuse,2,155,
107963.495,start,6,143,
107972.611,refuse,2,155,
107987.611,refuse,2,155,
108002.611,refuse,2,155,
108008.735,conflict-at-land,3,150,
108017.611,refuse,2,155,
108023.735,start,3,150,
108032.611,refuse,2,155,
108046.48,conflict-at-land,6,143,
108047.611,refuse,2,155,
108061.48,start,6,143,
108062.611,refuse,2,155,
108063.261,conflict-at-land,5,141,
108077.611,start,2,155,
108078.261,refuse,5,141,
108083.458,conflict-at-land,2,155,
108093.261,start,5,141,
108098.458,refuse,2,155,
108113.458,refuse,2,155,
108125.146,conflict-at-land,6,143,
108128.458,refuse,2,155,
108133.928,conflict-at-land,3,150,
108140.146,start,6,143,
108143.458,refuse,2,155,
108148.928,start,3,150,
108150.456,conflict-at-land,0,116,
108158.458,refuse,2,155,
108165.456,start,0,116,
108173.458,refuse,2,155,
108188.458,refuse,2,155,
108203.458,refuse,2,155,
108217.449,conflict-at-land,6,143,
108218.458,refuse,2,155,
108231.04,conflict-at-land,4,140,
108232.449,start,6,143,
108233.458,refuse,2,155,
108246.04,start,4,140,
108248.458,refuse,2,155,
108263.458,refuse,2,155,
108264.876,conflict-at-land,3,150,
108278.458,refuse,2,155,
108279.876,start,3,150,
108293.458,refuse,2,155,
108305.802,conflict-at-land,6,143,
108308.458,refuse,2,155,
108320.802,start,6,143,
108323.458,refuse,2,155,
108338.458,refuse,2,155,
108353.458,refuse,2,155,
108359.791,conflict-at-land,3,150,
108368.458,refuse,2,155,
108374.791,start,3,150,
108379.413,conflict-at-land,0,116,
108383.458,refuse,2,155,
108394.413,start,0,116,
108398.458,refuse,2,155,
108413.458,refuse,2,155,
108423.872,conflict-at-land,6,143,
108428.458,refuse,2,155,
108438.872,start,6,143,
108443.458,refuse,2,155,
108458.458,refuse,2,155,
108462.415,conflict-at-land,3,150,
108473.458,refuse,2,155,
108477.415,start,3,150,
108488.458,refuse,2,155,
108500.342,conflict-at-land,4,140,
108503.458,refuse,2,155,
108503.596,conflict-at-land,6,143,
108515.342,start,4,140,
108518.458,refuse,2,155,
108518.596,start,6,143,
108533.458,refuse,2,155,
108538.764,conflict-at-land,5,141,
108543.404,conflict-at-land,3,150,
108548.458,start,2,155,
108553.764,refuse,5,141,
108553.879,conflict-at-land,2,155,
108558.404,start,3,150,
108568.764,start,5,141,
108568.879,refuse,2,155,
108580.02,conflict-at-land,0,116,
108583.879,refuse,2,155,
108595.02,start,0,116,
108598.879,refuse,2,155,
108613.879,refuse,2,155,
108616.035,conflict-at-land,6,143,
108628.879,refuse,2,155,
108631.035,start,6,143,
108631.235,conflict-at-land,3,150,
108643.879,refuse,2,155,
108646.235,start,3,150,
108658.879,refuse,2,155,
108673.879,refuse,2,155,
108688.879,refuse,2,155,
108702.672,conflict-at-land,7,148,
108703.879,refuse,2,155,
108708.207,conflict-at-land,6,143,
108717.672,start,7,148,
108718.879,refuse,2,155,
108723.207,start,6,143,
108732.965,conflict-at-land,3,150,
108733.879,refuse,2,155,
108747.965,start,3,150,
108748.879,refuse,2,155,
108763.879,refuse,2,155,
108768.569,conflict-at-land,4,140,
108778.879,refuse,2,155,
108783.569,start,4,140,
108785.421,conflict-at-land,1,149,
108792.738,conflict-at-land,6,143,
108793.879,refuse,2,155,
108800.421,start,1,149,
108807.738,start,6,143,
108808.879,refuse,2,155,
108823.879,refuse,2,155,
108825.967,conflict-at-land,0,116,
108838.879,refuse,2,155,
108840.967,start,0,116,
108853.879,refuse,2,155,
108864.172,conflict-at-land,3,150,
108868.879,refuse,2,155,
108879.172,start,3,150,
108883.879,refuse,2,155,
108896.921,conflict-at-land,6,143,
108898.879,refuse,2,155,
108911.921,start,6,143,
108913.879,refuse,2,155,
108928.879,refuse,2,155,
108943.879,refuse,2,155,
108958.879,refuse,2,155,
108972.985,conflict-at-land,3,150,
108973.879,refuse,2,155,
108987.443,conflict-at-land,6,143,
108987.985,start,3,150,
108988.879,refuse,2,155,
109002.443,start,6,143,
109003.879,refuse,2,155,
109018.879,refuse,2,155,
109033.879,refuse,2,155,
109048.879,refuse,2,155,
109058.834,conflict-at-land,0,116,
109063.879,refuse,2,155,
109073.834,start,0,116,
109078.879,refuse,2,155,
109093.879,refuse,2,155,
109097.175,conflict-at-land,4,140,
109099.843,conflict-at-land,3,150,
109108.879,refuse,2,155,
109112.175,start,4,140,
109113.372,conflict-at-land,6,143,
109114.843,start,3,150,
109123.879,refuse,2,155,
109128.372,start,6,143,
109138.879,refuse,2,155,
109153.879,refuse,2,155,
109168.879,refuse,2,155,
109183.879,refuse,2,155,
109198.879,refuse,2,155,
109213.879,refuse,2,155,
109215.515,conflict-at-land,6,143,
109220.142,conflict-at-land,3,150,
109228.879,refuse,2,155,
109230.515,start,6,143,
109235.142,start,3,150,
109243.879,refuse,2,155,
109258.879,refuse,2,155,
109273.879,refuse,2,155,
109281.812,conflict-at-land,0,116,
109282.539,conflict-at-land,5,141,
109288.879,start,2,155,
109293.858,conflict-at-land,2,155,
109296.812,start,0,116,
109297.539,start,5,141,
109299.783,conflict-at-land,6,143,
109308.858,refuse,2,155,
109310.63,conflict-at-land,3,150,
109314.783,start,6,143,
109323.858,refuse,2,155,
109325.63,start,3,150,
109338.858,refuse,2,155,
109353.858,refuse,2,155,
109368.858,refuse,2,155,
109379.759,conflict-at-land,6,143,
109383.858,refuse,2,155,
109394.759,start,6,143,
109398.858,refuse,2,155,
109403.634,conflict-at-land,3,150,
109413.858,refuse,2,155,
109418.634,start,3,150,
109420.369,conflict-at-land,4,140,
109428.858,refuse,2,155,
109435.369,start,4,140,
109443.858,refuse,2,155,
109458.858,refuse,2,155,
109473.858,refuse,2,155,
109481.678,conflict-at-land,6,143,
109488.858,refuse,2,155,
109496.678,start,6,143,
109503.858,refuse,2,155,
109504.388,conflict-at-land,3,150,
109518.858,refuse,2,155,
109519.388,start,3,150,
109533.858,refuse,2,155,
109548.858,refuse,2,155,
109559.163,conflict-at-land,0,116,
109563.858,refuse,2,155,
109574.163,start,0,116,
109578.858,refuse,2,155,
109593.858,refuse,2,155,
109607.898,conflict-at-land,6,143,
109608.858,refuse,2,155,
109622.898,start,6,143,
109623.858,refuse,2,155,
109638.858,refuse,2,155,
109639.608,conflict-at-land,3,150,
109653.858,refuse,2,155,
109654.608,start,3,150,
109668.858,refuse,2,155,
109683.858,refuse,2,155,
109692.399,conflict-at-land,4,140,
109698.858,refuse,2,155,
109707.399,start,4,140,
109713.858,refuse,2,155,
109725.744,conflict-at-land,6,143,
109728.858,refuse,2,155,
109740.744,start,6,143,
109741.647,conflict-at-land,3,150,
109743.858,refuse,2,155,
109756.647,start,3,150,
109758.858,refuse,2,155,
109773.858,refuse,2,155,
109788.858,refuse,2,155,
109803.858,refuse,2,155,
109805.556,conflict-at-land,0,116,
109818.858,refuse,2,155,
109820.556,start,0,116,
109833.858,refuse,2,155,
109842.71,conflict-at-land,3,150,
109848.858,refuse,2,155,
109850.871,conflict-at-land,6,143,
109857.71,start,3,150,
109863.858,refuse,2,155,
109865.871,start,6,143,
109878.858,refuse,2,155,
109888.821,conflict-at-land,7,148,
109893.858,refuse,2,155,
109903.821,start,7,148,
109908.858,refuse,2,155,
109923.858,refuse,2,155,
109930.722,conflict-at-land,5,141,
109935.036,conflict-at-land,3,150,
109938.858,start,2,155,
109942.241,conflict-at-land,6,143,
109943.544,conflict-at-land,2,155,
109945.722,start,5,141,
109950.036,start,3,150,
109957.241,start,6,143,
109958.544,refuse,2,155,
109973.544,refuse,2,155,
109988.544,refuse,2,155,
110003.544,refuse,2,155,
110018.544,refuse,2,155,
110033.544,refuse,2,155,
110044.428,conflict-at-land,3,150,
110048.544,refuse,2,155,
110059.428,start,3,150,
110062.353,conflict-at-land,6,143,
110063.544,refuse,2,155,
110077.353,start,6,143,
110078.544,refuse,2,155,
110093.544,refuse,2,155,
110093.749,conflict-at-land,0,116,
110108.544,refuse,2,155,
110108.749,start,0,116,
110117.022,conflict-at-land,4,140,
110123.544,refuse,2,155,
110132.022,start,4,140,
110138.544,refuse,2,155,
110153.544,refuse,2,155,
110162.826,conflict-at-land,3,150,
110168.544,refuse,2,155,
110169.234,conflict-at-land,6,143,
110177.826,start,3,150,
110183.544,refuse,2,155,
110184.234,start,6,143,
110198.544,refuse,2,155,
110213.544,refuse,2,155,
110228.544,refuse,2,155,
110243.544,refuse,2,155,
110258.544,refuse,2,155,
110273.544,refuse,2,155,
110283.792,conflict-at-land,6,143,
110288.544,refuse,2,155,
110297.601,conflict-at-land,3,150,
110298.792,start,6,143,
110303.544,refuse,2,155,
110312.601,start,3,150,
110318.544,refuse,2,155,
110333.544,refuse,2,155,
110348.544,refuse,2,155,
110363.544,refuse,2,155,
110375.35,conflict-at-land,0,116,
110378.493,conflict-at-land,6,143,
110378.544,refuse,2,155,
110390.35,start,0,116,
110393.493,start,6,143,
110393.544,refuse,2,155,
110408.544,refuse,2,155,
110416.019,conflict-at-land,5,141,
110423.544,start,2,155,
110430.675,conflict-at-land,2,155,
110431.019,start,5,141,
110431.66,conflict-at-land,3,150,
110445.675,refuse,2,155,
110445.675,abandon,2,155,
110445.675,refuse,2,156,
110446.66,start,3,150,
110459.586,conflict-at-land,4,140,
110460.675,refuse,2,156,
110474.586,start,4,140,
110475.675,refuse,2,156,
110476.521,conflict-at-land,6,143,
110490.675,refuse,2,156,
110491.521,start,6,143,
110505.675,refuse,2,156,
110520.675,refuse,2,156,
110535.675,refuse,2,156,
110537.726,conflict-at-land,3,150,
110545.123,conflict-at-land,0,116,
110550.675,refuse,2,156,
110552.726,start,3,150,
110560.123,start,0,116,
110565.675,refuse,2,156,
110580.675,refuse,2,156,
110595.675,refuse,2,156,
110608.161,conflict-at-land,6,143,
110610.675,refuse,2,156,
110623.161,start,6,143,
110623.717,conflict-at-land,3,150,
110625.675,refuse,2,156,
110638.717,start,3,150,
110640.675,refuse,2,156,
110655.675,refuse,2,156,
110670.675,refuse,2,156,
110674.721,conflict-at-land,1,149,
110685.675,refuse,2,156,
110689.721,start,1,149,
110700.675,refuse,2,156,
110715.675,refuse,2,156,
110719.635,conflict-at-land,6,143,
110730.675,refuse,2,156,
110732.0,conflict-at-land,3,150,
110734.635,start,6,143,
110745.675,refuse,2,156,
110747.0,start,3,150,
110750.872,conflict-at-land,0,116,
110753.84,conflict-at-land,4,140,
110760.675,refuse,2,156,
110765.872,start,0,116,
110768.84,start,4,140,
110775.675,refuse,2,156,
110790.675,refuse,2,156,
110805.675,refuse,2,156,
110818.884,conflict-at-land,6,143,
110820.675,refuse,2,156,
110833.884,start,6,143,
110835.675,refuse,2,156,
110850.675,refuse,2,156,
110865.675,refuse,2,156,
110867.355,conflict-at-land,3,150,
110880.675,refuse,2,156,
110882.355,start,3,150,
110895.675,refuse,2,156,
110898.733,conflict-at-land,6,143,
110910.675,refuse,2,156,
110913.733,start,6,143,
110925.675,refuse,2,156,
110940.675,refuse,2,156,
110955.675,refuse,2,156,
110970.675,refuse,2,156,
110985.675,refuse,2,156,
110999.218,conflict-at-land,3,150,
111000.675,refuse,2,156,
111014.218,start,3,150,
111015.675,refuse,2,156,
111020.982,conflict-at-land,6,143,
111030.675,refuse,2,156,
111035.982,start,6,143,
111038.822,conflict-at-land,0,116,
111045.675,refuse,2,156,
111053.822,start,0,116,
111060.675,refuse,2,156,
111075.675,refuse,2,156,
111084.656,conflict-at-land,3,150,
111090.675,refuse,2,156,
111099.656,start,3,150,
111105.675,refuse,2,156,
111110.51,conflict-at-land,7,148,
111120.675,refuse,2,156,
111125.51,start,7,148,
111135.675,refuse,2,156,
111145.783,conflict-at-land,6,143,
111150.675,refuse,2,156,
111156.671,conflict-at-land,5,141,
111160.783,start,6,143,
111165.675,start,2,156,
111171.671,refuse,5,141,
111172.784,conflict-at-land,2,156,
111180.108,conflict-at-land,3,150,
111186.671,start,5,141,
111187.784,refuse,2,156,
111195.108,start,3,150,
111202.784,refuse,2,156,
111204.896,conflict-at-land,4,140,
111217.784,refuse,2,156,
111219.896,start,4,140,
111232.784,refuse,2,156,
111247.784,refuse,2,156,
111250.589,conflict-at-land,6,143,
111262.784,refuse,2,156,
111265.589,start,6,143,
111277.784,refuse,2,156,
111292.784,refuse,2,156,
111303.776,conflict-at-land,3,150,
111307.784,refuse,2,156,
111314.658,conflict-at-land,0,116,
111318.776,start,3,150,
111322.784,refuse,2,156,
111329.658,start,0,116,
111337.784,refuse,2,156,
111352.784,refuse,2,156,
111367.784,refuse,2,156,
111369.866,conflict-at-land,6,143,
111382.784,refuse,2,156,
111384.866,start,6,143,
111397.784,refuse,2,156,
111410.304,conflict-at-land,3,150,
111412.784,refuse,2,156,
111425.304,start,3,150,
111427.784,refuse,2,156,
111442.784,refuse,2,156,
111457.784,refuse,2,156,
111462.124,conflict-at-land,6,143,
111470.171,conflict-at-land,4,140,
111472.784,refuse,2,156,
111477.124,start,6,143,
111485.171,start,4,140,
111487.784,refuse,2,156,
111502.784,refuse,2,156,
111517.784,refuse,2,156,
111528.166,conflict-at-land,3,150,
111532.784,refuse,2,156,
111543.166,start,3,150,
111547.784,refuse,2,156,
111562.784,refuse,2,156,
111567.958,conflict-at-land,6,143,
111577.784,refuse,2,156,
111582.958,start,6,143,
111585.583,conflict-at-land,0,116,
111592.784,refuse,2,156,
111600.583,start,0,116,
111607.784,refuse,2,156,
111622.784,refuse,2,156,
111637.784,refuse,2,156,
111652.784,refuse,2,156,
111653.864,conflict-at-land,3,150,
111667.784,refuse,2,156,
111668.864,start,3,150,
111679.513,conflict-at-land,6,143,
111682.784,refuse,2,156,
111694.513,start,6,143,
111697.784,refuse,2,156,
111712.784,refuse,2,156,
111727.784,refuse,2,156,
111742.784,refuse,2,156,
111742.812,conflict-at-land,3,150,
111750.027,conflict-at-land,0,116,
111757.784,refuse,2,156,
111757.812,start,3,150,
111765.027,start,0,116,
111772.245,conflict-at-land,4,140,
111772.784,refuse,2,156,
111787.245,start,4,140,
111787.784,refuse,2,156,
111790.652,conflict-at-land,6,143,
111802.784,refuse,2,156,
111805.652,start,6,143,
111817.784,refuse,2,156,
111832.784,refuse,2,156,
111835.172,conflict-at-land,3,150,
111847.784,refuse,2,156,
111850.172,start,3,150,
111862.784,refuse,2,156,
111869.079,conflict-at-land,6,143,
111877.784,refuse,2,156,
111884.079,start,6,143,
111892.784,refuse,2,156,
111907.784,refuse,2,156,
111922.784,refuse,2,156,
111937.784,refuse,2,156,
111947.365,conflict-at-land,5,141,
111952.784,start,2,156,
111958.247,conflict-at-land,2,156,
111959.446,conflict-at-land,3,150,
111962.365,start,5,141,
111973.247,refuse,2,156,
111974.446,start,3,150,
111984.351,conflict-at-land,0,116,
111988.247,refuse,2,156,
111992.974,conflict-at-land,6,143,
111999.351,start,0,116,
112003.247,refuse,2,156,
112007.974,start,6,143,
112018.247,refuse,2,156,
112033.247,refuse,2,156,
112048.247,refuse,2,156,
112053.064,conflict-at-land,4,140,
112063.247,refuse,2,156,
112068.064,start,4,140,
112071.321,conflict-at-land,3,150,
112078.247,refuse,2,156,
112086.321,start,3,150,
112093.247,refuse,2,156,
112108.247,refuse,2,156,
112121.883,conflict-at-land,6,143,
112123.247,refuse,2,156,
112136.883,start,6,143,
112138.247,refuse,2,156,
112153.247,refuse,2,156,
112168.247,refuse,2,156,
112183.247,refuse,2,156,
112184.407,conflict-at-land,3,150,
112187.806,conflict-at-land,0,116,
112198.247,refuse,2,156,
112199.407,start,3,150,
112202.806,start,0,116,
112213.247,refuse,2,156,
112228.247,refuse,2,156,
112237.138,conflict-at-land,6,143,
112243.247,refuse,2,156,
112252.138,start,6,143,
112258.247,refuse,2,156,
112270.213,conflict-at-land,7,148,
112273.247,refuse,2,156,
112281.607,conflict-at-land,3,150,
112285.213,start,7,148,
112288.247,refuse,2,156,
112296.607,start,3,150,
112303.247,refuse,2,156,
112318.247,refuse,2,156,
112333.247,refuse,2,156,
112348.247,refuse,2,156,
112363.076,conflict-at-land,6,143,
112363.247,refuse,2,156,
112374.792,conflict-at-land,0,116,
112374.792,abandon,0,116,
112374.792,start,0,157,
112378.076,start,6,143,
112378.247,refuse,2,156,
112380.024,land,0,157,
112380.024,refuse,0,158,
112393.247,refuse,2,156,
112395.024,refuse,0,158,
112408.247,refuse,2,156,
112410.024,refuse,0,158,
112416.231,conflict-at-land,3,150,
112423.247,refuse,2,156,
112425.024,start,0,158,
112428.483,land,0,158,
112428.483,refuse,0,159,
112431.231,start,3,150,
112438.247,refuse,2,156,
112443.483,refuse,0,159,
112453.247,refuse,2,156,
112456.191,conflict-at-land,5,141,
112458.483,refuse,0,159,
112468.247,start,2,156,
112471.191,refuse,5,141,
112473.483,refuse,0,159,
112474.723,conflict-at-land,2,156,
112484.445,conflict-at-land,6,143,
112484.445,abandon,6,143,
112484.445,refuse,6,160,
112486.01,conflict-at-land,4,140,
112486.191,start,5,141,
112488.483,start,0,159,
112489.723,refuse,2,156,
112493.117,conflict-at-land,0,159,
112499.445,refuse,6,160,
112501.01,start,4,140,
112504.723,refuse,2,156,
112508.117,refuse,0,159,
112510.26,conflict-at-land,3,150,
112514.445,refuse,6,160,
112519.723,refuse,2,156,
112523.117,refuse,0,159,
112525.26,start,3,150,
112529.445,refuse,6,160,
112534.723,refuse,2,156,
112538.117,refuse,0,159,
112544.445,refuse,6,160,
112549.723,refuse,2,156,
112553.117,refuse,0,159,
112559.445,refuse,6,160,
112564.723,refuse,2,156,
112568.117,refuse,0,159,
112574.445,refuse,6,160,
112579.723,refuse,2,156,
112583.117,refuse,0,159,
112589.445,refuse,6,160,
112594.723,refuse,2,156,
112598.117,refuse,0,159,
112604.445,refuse,6,160,
112609.723,refuse,2,156,
112613.117,refuse,0,159,
112619.445,refuse,6,160,
112622.93,conflict-at-land,3,150,
112624.723,refuse,2,156,
112628.117,refuse,0,159,
112634.445,refuse,6,160,
112637.93,start,3,150,
112639.723,refuse,2,156,
112643.117,refuse,0,159,
112649.445,refuse,6,160,
112654.723,refuse,2,156,
112658.117,refuse,0,159,
112664.445,refuse,6,160,
112669.723,refuse,2,156,
112673.117,refuse,0,159,
112679.445,refuse,6,160,
112684.723,refuse,2,156,
112688.117,refuse,0,159,
112694.445,refuse,6,160,
112699.723,refuse,2,156,
112703.117,refuse,0,159,
112709.445,refuse,6,160,
112714.723,refuse,2,156,
112718.117,refuse,0,159,
112724.445,refuse,6,160,
112729.723,refuse,2,156,
112733.117,refuse,0,159,
112739.445,refuse,6,160,
112744.723,refuse,2,156,
112746.774,conflict-at-land,3,150,
112748.117,refuse,0,159,
112754.445,refuse,6,160,
112759.723,refuse,2,156,
112761.774,start,3,150,
112763.117,refuse,0,159,
112769.445,refuse,6,160,
112774.723,refuse,2,156,
112778.117,refuse,0,159,
112784.445,refuse,6,160,
112789.723,refuse,2,156,
112793.117,refuse,0,159,
112794.174,conflict-at-land,4,140,
112799.445,refuse,6,160,
112804.723,refuse,2,156,
112808.117,start,0,159,
112809.174,refuse,4,140,
112814.326,conflict-at-land,0,159,
112814.445,refuse,6,160,
112819.723,refuse,2,156,
112824.174,start,4,140,
112829.326,refuse,0,159,
112829.445,refuse,6,160,
112834.723,refuse,2,156,
112838.703,conflict-at-land,3,150,
112844.326,refuse,0,159,
112844.445,refuse,6,160,
112849.723,refuse,2,156,
112853.703,start,3,150,
112859.326,refuse,0,159,
112859.445,refuse,6,160,
112864.723,refuse,2,156,
112874.326,refuse,0,159,
112874.445,refuse,6,160,
112879.723,refuse,2,156,
112889.326,refuse,0,159,
112889.445,refuse,6,160,
112894.723,refuse,2,156,
112904.326,refuse,0,159,
112904.445,refuse,6,160,
112909.723,refuse,2,156,
112919.326,refuse,0,159,
112919.445,refuse,6,160,
112924.723,refuse,2,156,
112934.326,refuse,0,159,
112934.445,refuse,6,160,
112938.702,conflict-at-land,3,150,
112939.723,refuse,2,156,
112945.117,conflict-at-land,5,141,
112949.326,refuse,0,159,
112949.445,refuse,6,160,
112953.702,start,3,150,
112954.723,start,2,156,
112960.061,conflict-at-land,2,156,
112960.117,start,5,141,
112964.326,refuse,0,159,
112964.445,refuse,6,160,
112975.061,refuse,2,156,
112979.326,refuse,0,159,
112979.445,refuse,6,160,
112990.061,refuse,2,156,
112994.326,refuse,0,159,
112994.445,refuse,6,160,
113005.061,refuse,2,156,
113009.326,refuse,0,159,
113009.445,refuse,6,160,
113020.061,refuse,2,156,
113024.326,refuse,0,159,
113024.445,refuse,6,160,
113035.061,refuse,2,156,
113037.419,conflict-at-land,3,150,
113039.326,refuse,0,159,
113039.445,refuse,6,160,
113050.061,refuse,2,156,
113052.419,start,3,150,
113054.326,refuse,0,159,
113054.445,refuse,6,160,
113065.061,refuse,2,156,
113069.326,refuse,0,159,
113069.445,refuse,6,160,
113080.061,refuse,2,156,
113084.326,refuse,0,159,
113084.445,refuse,6,160,
113094.538,conflict-at-land,4,140,
113095.061,refuse,2,156,
113099.326,start,0,159,
113099.445,refuse,6,160,
113103.856,conflict-at-land,0,159,
113106.57,conflict-at-land,1,149,
113109.538,start,4,140,
113110.061,refuse,2,156,
113114.445,start,6,160,
113118.856,refuse,0,159,
113121.57,refuse,1,149,
113125.061,refuse,2,156,
113133.856,refuse,0,159,
113136.57,refuse,1,149,
113140.061,refuse,2,156,
113147.026,conflict-at-land,3,150,
113148.856,refuse,0,159,
113151.57,refuse,1,149,
113155.061,refuse,2,156,
113162.026,start,3,150,
113163.856,refuse,0,159,
113166.57,refuse,1,149,
113170.061,refuse,2,156,
113170.907,land,6,160,
113170.907,refuse,6,161,
113178.856,refuse,0,159,
113181.57,start,1,149,
113185.061,refuse,2,156,
113185.907,refuse,6,161,
113193.856,refuse,0,159,
113200.061,refuse,2,156,
113200.907,refuse,6,161,
113208.856,refuse,0,159,
113215.061,refuse,2,156,
113215.907,refuse,6,161,
113223.856,refuse,0,159,
113230.061,refuse,2,156,
113230.907,refuse,6,161,
113238.643,conflict-at-land,3,150,
113238.856,refuse,0,159,
113245.061,refuse,2,156,
113245.907,refuse,6,161,
113253.643,start,3,150,
113253.856,refuse,0,159,
113260.061,refuse,2,156,
113260.907,refuse,6,161,
113268.856,refuse,0,159,
113275.061,refuse,2,156,
113275.907,refuse,6,161,
113283.856,refuse,0,159,
113290.061,refuse,2,156,
113290.907,refuse,6,161,
113298.856,refuse,0,159,
113305.061,refuse,2,156,
113305.907,refuse,6,161,
113313.856,refuse,0,159,
113320.061,refuse,2,156,
113320.907,refuse,6,161,
113328.856,refuse,0,159,
113334.542,conflict-at-land,3,150,
113335.061,refuse,2,156,
113335.907,refuse,6,161,
113343.856,refuse,0,159,
113349.542,start,3,150,
113350.061,refuse,2,156,
113350.907,refuse,6,161,
113358.856,refuse,0,159,
113365.061,refuse,2,156,
113365.907,refuse,6,161,
113373.856,refuse,0,159,
113380.061,refuse,2,156,
113380.907,refuse,6,161,
113388.856,refuse,0,159,
113395.061,refuse,2,156,
113395.907,refuse,6,161,
113403.856,refuse,0,159,
113410.061,refuse,2,156,
113410.907,refuse,6,161,
113418.856,refuse,0,159,
113425.061,refuse,2,156,
113425.907,refuse,6,161,
113429.185,conflict-at-land,4,140,
113432.229,conflict-at-land,3,150,
113433.856,start,0,159,
113439.729,conflict-at-land,0,159,
113440.061,refuse,2,156,
113440.907,refuse,6,161,
113444.185,start,4,140,
113447.229,start,3,150,
113454.729,refuse,0,159,
113455.061,refuse,2,156,
113455.907,refuse,6,161,
113469.729,refuse,0,159,
113470.061,refuse,2,156,
113470.061,abandon,2,156,
113470.061,refuse,2,162,
113470.907,refuse,6,161,
113484.729,refuse,0,159,
113485.061,refuse,2,162,
113485.907,refuse,6,161,
113499.729,refuse,0,159,
113500.061,refuse,2,162,
113500.907,refuse,6,161,
113514.729,refuse,0,159,
113514.733,conflict-at-land,5,141,
113515.061,start,2,162,
113515.907,start,6,161,
113523.369,conflict-at-land,3,150,
113529.729,refuse,0,159,
113529.733,refuse,5,141,
113537.635,conflict-at-land,2,162,
113538.369,start,3,150,
113544.729,refuse,0,159,
113544.733,refuse,5,141,
113545.033,conflict-at-land,6,161,
113552.635,start,2,162,
113559.729,refuse,0,159,
113559.733,refuse,5,141,
113560.033,start,6,161,
113565.328,conflict-at-land,2,162,
113574.729,refuse,0,159,
113574.733,refuse,5,141,
113580.328,start,2,162,
113585.058,conflict-at-land,6,161,
113589.729,refuse,0,159,
113589.733,refuse,5,141,
113593.822,conflict-at-land,2,162,
113600.058,start,6,161,
113604.729,refuse,0,159,
113604.733,refuse,5,141,
113608.822,start,2,162,
113619.729,refuse,0,159,
113619.733,refuse,5,141,
113620.961,conflict-at-land,6,161,
113630.942,conflict-at-land,2,162,
113634.729,refuse,0,159,
113634.733,start,5,141,
113635.961,refuse,6,161,
113645.942,refuse,2,162,
113649.729,refuse,0,159,
113650.961,refuse,6,161,
113658.163,conflict-at-land,3,150,
113660.942,refuse,2,162,
113664.729,refuse,0,159,
113665.961,refuse,6,161,
113673.163,start,3,150,
113675.942,refuse,2,162,
113679.729,refuse,0,159,
113680.961,refuse,6,161,
113690.942,refuse,2,162,
113694.729,refuse,0,159,
113695.961,refuse,6,161,
113705.942,refuse,2,162,
113707.306,conflict-at-land,7,148,
113709.729,refuse,0,159,
113710.961,refuse,6,161,
113720.942,refuse,2,162,
113722.306,start,7,148,
113724.729,refuse,0,159,
113725.961,refuse,6,161,
113735.942,refuse,2,162,
113739.729,refuse,0,159,
113740.961,refuse,6,161,
113745.942,conflict-at-land,3,150,
113750.942,refuse,2,162,
113754.729,refuse,0,159,
113755.961,refuse,6,161,
113760.942,start,3,150,
113765.942,refuse,2,162,
113769.729,refuse,0,159,
113770.961,refuse,6,161,
113780.942,refuse,2,162,
113784.729,refuse,0,159,
113785.961,refuse,6,161,
113795.942,refuse,2,162,
113799.729,refuse,0,159,
113800.961,refuse,6,161,
113809.356,conflict-at-land,4,140,
113810.942,refuse,2,162,
113814.729,start,0,159,
113815.961,refuse,6,161,
113821.453,conflict-at-land,0,159,
113824.356,start,4,140,
113825.942,refuse,2,162,
113830.961,refuse,6,161,
113836.453,refuse,0,159,
113840.942,refuse,2,162,
113845.961,refuse,6,161,
113851.453,refuse,0,159,
113855.942,refuse,2,162,
113860.961,refuse,6,161,
113866.453,refuse,0,159,
113870.942,refuse,2,162,
113872.06,conflict-at-land,3,150,
113875.961,refuse,6,161,
113881.453,refuse,0,159,
113885.942,refuse,2,162,
113887.06,start,3,150,
113890.961,refuse,6,161,
113896.453,refuse,0,159,
113900.942,refuse,2,162,
113905.961,refuse,6,161,
113911.453,refuse,0,159,
113915.942,refuse,2,162,
113920.961,refuse,6,161,
113926.453,refuse,0,159,
113930.942,refuse,2,162,
113935.961,refuse,6,161,
113941.453,refuse,0,159,
113945.942,refuse,2,162,
113950.961,refuse,6,161,
113956.453,refuse,0,159,
113959.482,conflict-at-land,3,150,
113960.942,refuse,2,162,
113965.961,refuse,6,161,
113971.453,refuse,0,159,
113974.482,start,3,150,
113975.942,refuse,2,162,
113980.961,refuse,6,161,
113986.453,refuse,0,159,
113990.942,refuse,2,162,
113995.961,refuse,6,161,
114001.453,refuse,0,159,
114005.942,refuse,2,162,
114010.961,refuse,6,161,
114016.453,refuse,0,159,
114020.942,refuse,2,162,
114025.961,refuse,6,161,
114031.453,refuse,0,159,
114035.942,refuse,2,162,
114040.961,refuse,6,161,
114046.453,refuse,0,159,
114050.942,refuse,2,162,
114055.961,refuse,6,161,
114061.453,refuse,0,159,
114061.744,conflict-at-land,3,150,
114065.942,refuse,2,162,
114070.961,refuse,6,161,
114076.453,refuse,0,159,
114076.744,start,3,150,
114080.942,refuse,2,162,
114085.961,refuse,6,161,
114091.453,refuse,0,159,
114095.942,refuse,2,162,
114100.961,refuse,6,161,
114106.453,refuse,0,159,
114110.942,refuse,2,162,
114115.961,refuse,6,161,
114121.453,refuse,0,159,
114125.942,refuse,2,162,
114130.961,refuse,6,161,
114136.453,refuse,0,159,
114140.942,refuse,2,162,
114145.961,refuse,6,161,
114151.453,refuse,0,159,
114155.942,refuse,2,162,
114160.654,conflict-at-land,4,140,
114160.961,refuse,6,161,
114166.453,start,0,159,
114170.942,refuse,2,162,
114171.823,conflict-at-land,0,159,
114175.654,start,4,140,
114175.961,refuse,6,161,
114185.942,refuse,2,162,
114186.823,refuse,0,159,
114189.369,conflict-at-land,3,150,
114190.961,refuse,6,161,
114200.942,refuse,2,162,
114201.823,refuse,0,159,
114204.369,start,3,150,
114205.961,refuse,6,161,
114215.942,refuse,2,162,
114216.823,refuse,0,159,
114220.961,refuse,6,161,
114230.942,refuse,2,162,
114231.338,conflict-at-land,5,141,
114231.823,refuse,0,159,
114235.961,start,6,161,
114245.942,start,2,162,
114246.338,refuse,5,141,
114246.823,refuse,0,159,
114259.479,conflict-at-land,2,162,
114261.338,refuse,5,141,
114261.823,refuse,0,159,
114263.3,conflict-at-land,6,161,
114274.479,start,2,162,
114276.338,refuse,5,141,
114276.823,refuse,0,159,
114278.3,start,6,161,
114282.522,conflict-at-land,3,150,
114287.921,conflict-at-land,2,162,
114291.338,refuse,5,141,
114291.823,refuse,0,159,
114297.522,start,3,150,
114302.921,start,2,162,
114306.338,refuse,5,141,
114306.823,refuse,0,159,
114309.284,conflict-at-land,6,161,
114319.287,conflict-at-land,2,162,
114321.338,start,5,141,
114321.823,refuse,0,159,
114324.284,refuse,6,161,
114334.287,refuse,2,162,
114336.823,refuse,0,159,
114339.284,refuse,6,161,
114349.287,refuse,2,162,
114351.823,refuse,0,159,
114354.284,refuse,6,161,
114364.287,refuse,2,162,
114366.823,refuse,0,159,
114369.284,refuse,6,161,
114379.287,refuse,2,162,
114381.823,refuse,0,159,
114384.218,conflict-at-land,3,150,
114384.284,refuse,6,161,
114394.287,refuse,2,162,
114396.823,refuse,0,159,
114399.218,start,3,150,
114399.284,refuse,6,161,
114409.287,refuse,2,162,
114411.823,refuse,0,159,
114414.284,refuse,6,161,
114424.287,refuse,2,162,
114426.823,refuse,0,159,
114429.284,refuse,6,161,
114439.287,refuse,2,162,
114441.823,refuse,0,159,
114444.284,refuse,6,161,
114454.287,refuse,2,162,
114456.823,refuse,0,159,
114459.284,refuse,6,161,
114466.089,conflict-at-land,4,140,
114469.287,refuse,2,162,
114471.823,start,0,159,
114474.284,refuse,6,161,
114477.5,conflict-at-land,0,159,
114481.089,start,4,140,
114484.287,refuse,2,162,
114489.284,refuse,6,161,
114492.5,refuse,0,159,
114499.287,refuse,2,162,
114504.284,refuse,6,161,
114507.5,refuse,0,159,
114511.973,conflict-at-land,3,150,
114514.287,refuse,2,162,
114519.284,refuse,6,161,
114522.5,refuse,0,159,
114526.973,start,3,150,
114529.287,refuse,2,162,
114534.284,refuse,6,161,
114537.5,refuse,0,159,
114544.287,refuse,2,162,
114549.102,conflict-at-land,7,148,
114549.284,refuse,6,161,
114552.5,refuse,0,159,
114559.287,refuse,2,162,
114564.102,start,7,148,
114564.284,refuse,6,161,
114567.5,refuse,0,159,
114574.287,refuse,2,162,
114579.284,refuse,6,161,
114582.5,refuse,0,159,
114589.287,refuse,2,162,
114594.284,refuse,6,161,
114597.5,refuse,0,159,
114604.287,refuse,2,162,
114609.284,refuse,6,161,
114612.5,refuse,0,159,
114619.287,refuse,2,162,
114622.208,conflict-at-land,3,150,
114624.284,refuse,6,161,
114627.5,refuse,0,159,
114634.287,refuse,2,162,
114637.208,start,3,150,
114639.284,refuse,6,161,
114642.5,refuse,0,159,
114649.287,refuse,2,162,
114654.284,refuse,6,161,
114657.5,refuse,0,159,
114664.287,refuse,2,162,
114669.284,refuse,6,161,
114672.5,refuse,0,159,
114679.287,refuse,2,162,
114684.284,refuse,6,161,
114687.5,refuse,0,159,
114694.287,refuse,2,162,
114699.284,refuse,6,161,
114702.5,refuse,0,159,
114709.287,refuse,2,162,
114714.284,refuse,6,161,
114717.5,refuse,0,159,
114724.287,refuse,2,162,
114729.264,conflict-at-land,3,150,
114729.284,refuse,6,161,
114732.5,refuse,0,159,
114739.287,refuse,2,162,
114744.264,start,3,150,
114744.284,refuse,6,161,
114747.5,refuse,0,159,
114754.287,refuse,2,162,
114759.284,refuse,6,161,
114762.5,refuse,0,159,
114769.287,refuse,2,162,
114774.284,refuse,6,161,
114777.5,refuse,0,159,
114784.287,refuse,2,162,
114789.284,refuse,6,161,
114792.5,refuse,0,159,
114799.287,refuse,2,162,
114804.284,refuse,6,161,
114807.5,refuse,0,159,
114814.287,refuse,2,162,
114819.284,refuse,6,161,
114822.5,refuse,0,159,
114829.287,refuse,2,162,
114831.033,conflict-at-land,3,150,
114832.12,conflict-at-land,4,140,
114834.284,refuse,6,161,
114837.5,start,0,159,
114842.698,conflict-at-land,0,159,
114844.287,refuse,2,162,
114846.033,start,3,150,
114847.12,start,4,140,
114849.284,refuse,6,161,
114857.698,refuse,0,159,
114859.287,refuse,2,162,
114864.284,refuse,6,161,
114872.698,refuse,0,159,
114874.287,refuse,2,162,
114879.284,refuse,6,161,
114887.698,refuse,0,159,
114889.287,refuse,2,162,
114894.284,refuse,6,161,
114902.698,refuse,0,159,
114904.287,refuse,2,162,
114909.284,refuse,6,161,
114917.698,refuse,0,159,
114918.713,conflict-at-land,3,150,
114919.287,refuse,2,162,
114924.284,refuse,6,161,
114932.698,refuse,0,159,
114933.713,start,3,150,
114934.287,refuse,2,162,
114939.284,refuse,6,161,
114947.698,refuse,0,159,
114949.287,refuse,2,162,
114954.284,refuse,6,161,
114962.698,refuse,0,159,
114964.287,refuse,2,162,
114969.284,refuse,6,161,
114977.698,refuse,0,159,
114979.287,refuse,2,162,
114984.284,refuse,6,161,
114992.698,refuse,0,159,
114994.287,refuse,2,162,
114999.284,refuse,6,161,
115007.698,refuse,0,159,
115009.287,refuse,2,162,
115014.284,refuse,6,161,
115022.698,refuse,0,159,
115024.287,refuse,2,162,
115025.013,conflict-at-land,3,150,
115029.284,refuse,6,161,
115037.698,refuse,0,159,
115039.287,refuse,2,162,
115040.013,start,3,150,
115044.284,refuse,6,161,
115052.698,refuse,0,159,
115054.287,refuse,2,162,
115059.284,refuse,6,161,
115067.698,refuse,0,159,
115069.287,refuse,2,162,
115074.284,refuse,6,161,
115081.459,conflict-at-land,5,141,
115082.698,refuse,0,159,
115084.287,start,2,162,
115089.284,start,6,161,
115096.459,refuse,5,141,
115097.698,refuse,0,159,
115098.937,conflict-at-land,2,162,
115110.729,conflict-at-land,3,150,
115111.459,refuse,5,141,
115112.698,refuse,0,159,
115113.937,start,2,162,
115120.286,conflict-at-land,6,161,
115125.729,start,3,150,
115126.459,refuse,5,141,
115127.698,refuse,0,159,
115135.286,start,6,161,
115136.357,conflict-at-land,2,162,
115141.459,refuse,5,141,
115142.698,refuse,0,159,
115151.357,start,2,162,
115156.459,refuse,5,141,
115157.698,refuse,0,159,
115168.644,conflict-at-land,6,161,
115171.459,refuse,5,141,
115172.698,refuse,0,159,
115173.942,conflict-at-land,2,162,
115183.644,start,6,161,
115186.459,refuse,5,141,
115187.698,refuse,0,159,
115188.942,start,2,162,
115201.459,refuse,5,141,
115201.957,conflict-at-land,4,140,
115202.698,start,0,159,
115208.643,conflict-at-land,0,159,
115209.301,conflict-at-land,2,162,
115214.336,conflict-at-land,3,150,
115214.65,conflict-at-land,6,161,
115216.459,start,5,141,
115216.957,start,4,140,
115223.643,refuse,0,159,
115224.301,refuse,2,162,
115229.336,start,3,150,
115229.65,refuse,6,161,
115238.643,refuse,0,159,
115239.301,refuse,2,162,
115244.65,refuse,6,161,
115253.643,refuse,0,159,
115254.301,refuse,2,162,
115259.65,refuse,6,161,
115268.643,refuse,0,159,
115269.301,refuse,2,162,
115274.65,refuse,6,161,
115283.643,refuse,0,159,
115284.301,refuse,2,162,
115289.65,refuse,6,161,
115298.643,refuse,0,159,
115299.301,refuse,2,162,
115304.65,refuse,6,161,
115313.643,refuse,0,159,
115314.301,refuse,2,162,
115319.65,refuse,6,161,
115328.643,refuse,0,159,
115329.301,refuse,2,162,
115334.65,refuse,6,161,
115343.643,refuse,0,159,
115344.301,refuse,2,162,
115344.576,conflict-at-land,3,150,
115349.65,refuse,6,161,
115358.643,refuse,0,159,
115359.301,refuse,2,162,
115359.576,start,3,150,
115364.65,refuse,6,161,
115373.643,refuse,0,159,
115374.301,refuse,2,162,
115379.65,refuse,6,161,
115388.643,refuse,0,159,
115389.301,refuse,2,162,
115394.65,refuse,6,161,
115403.643,refuse,0,159,
115404.301,refuse,2,162,
115409.65,refuse,6,161,
115418.643,refuse,0,159,
115419.301,refuse,2,162,
115424.65,refuse,6,161,
115433.643,refuse,0,159,
115434.301,refuse,2,162,
115439.65,refuse,6,161,
115448.643,refuse,0,159,
115449.301,refuse,2,162,
115454.65,refuse,6,161,
115463.643,refuse,0,159,
115464.301,refuse,2,162,
115467.512,conflict-at-land,3,150,
115469.65,refuse,6,161,
115478.643,refuse,0,159,
115478.643,abandon,0,159,
115478.643,refuse,0,163,
115479.301,refuse,2,162,
115482.512,start,3,150,
115484.65,refuse,6,161,
115493.643,refuse,0,163,
115494.301,refuse,2,162,
115499.65,refuse,6,161,
115508.643,refuse,0,163,
115509.301,refuse,2,162,
115514.65,refuse,6,161,
115523.643,refuse,0,163,
115524.301,refuse,2,162,
115529.65,refuse,6,161,
115538.643,refuse,0,163,
115539.301,refuse,2,162,
115539.559,conflict-at-land,4,140,
115544.65,refuse,6,161,
115553.643,refuse,0,163,
115554.301,refuse,2,162,
115554.559,start,4,140,
115559.65,refuse,6,161,
115568.643,refuse,0,163,
115569.301,refuse,2,162,
115570.673,conflict-at-land,3,150,
115574.65,refuse,6,161,
115583.643,refuse,0,163,
115584.301,refuse,2,162,
115584.811,conflict-at-land,7,148,
115585.673,start,3,150,
115589.65,refuse,6,161,
115598.643,start,0,163,
115599.301,refuse,2,162,
115599.811,refuse,7,148,
115600.963,conflict-at-land,0,163,
115604.65,refuse,6,161,
115614.301,refuse,2,162,
115614.811,start,7,148,
115615.963,refuse,0,163,
115619.65,refuse,6,161,
115629.301,refuse,2,162,
115630.963,refuse,0,163,
115634.65,refuse,6,161,
115644.301,refuse,2,162,
115645.963,refuse,0,163,
115649.65,refuse,6,161,
115659.301,refuse,2,162,
115660.963,refuse,0,163,
115664.65,refuse,6,161,
115666.164,conflict-at-land,3,150,
115674.301,refuse,2,162,
115675.963,refuse,0,163,
115679.65,refuse,6,161,
115681.164,start,3,150,
115689.301,refuse,2,162,
115690.963,refuse,0,163,
115694.65,refuse,6,161,
115704.301,refuse,2,162,
115705.963,refuse,0,163,
115709.65,refuse,6,161,
115719.301,refuse,2,162,
115720.963,refuse,0,163,
115724.65,refuse,6,161,
115734.301,refuse,2,162,
115735.963,refuse,0,163,
115739.65,refuse,6,161,
115749.301,refuse,2,162,
115750.963,refuse,0,163,
115754.65,refuse,6,161,
115764.301,refuse,2,162,
115765.963,refuse,0,163,
115769.65,refuse,6,161,
115779.301,refuse,2,162,
115780.963,refuse,0,163,
115784.65,refuse,6,161,
115794.301,refuse,2,162,
115795.963,refuse,0,163,
115796.977,conflict-at-land,3,150,
115799.65,refuse,6,161,
115809.301,refuse,2,162,
115810.963,refuse,0,163,
115811.977,start,3,150,
115814.65,refuse,6,161,
115824.301,refuse,2,162,
115825.963,refuse,0,163,
115829.65,refuse,6,161,
115839.301,refuse,2,162,
115840.963,refuse,0,163,
115844.65,refuse,6,161,
115854.301,refuse,2,162,
115855.963,refuse,0,163,
115859.65,refuse,6,161,
115869.301,refuse,2,162,
115870.963,refuse,0,163,
115874.65,refuse,6,161,
115884.301,refuse,2,162,
115885.963,refuse,0,163,
115889.65,refuse,6,161,
115899.301,refuse,2,162,
115900.963,refuse,0,163,
115904.65,refuse,6,161,
115906.77,conflict-at-land,3,150,
115914.301,refuse,2,162,
115915.963,refuse,0,163,
115919.65,refuse,6,161,
115921.77,start,3,150,
115929.301,refuse,2,162,
115930.963,refuse,0,163,
115934.594,conflict-at-land,4,140,
115934.65,refuse,6,161,
115944.301,refuse,2,162,
115945.963,refuse,0,163,
115949.594,start,4,140,
115949.65,refuse,6,161,
115959.301,refuse,2,162,
115960.963,refuse,0,163,
115964.65,refuse,6,161,
115969.646,conflict-at-land,5,141,
115974.301,start,2,162,
115975.384,conflict-at-land,1,149,
115975.963,refuse,0,163,
115979.65,start,6,161,
115984.646,refuse,5,141,
115990.384,start,1,149,
115990.963,refuse,0,163,
115994.189,conflict-at-land,2,162,
115999.646,refuse,5,141,
116005.963,refuse,0,163,
116007.792,conflict-at-land,6,161,
116009.189,start,2,162,
116014.646,refuse,5,141,
116020.963,refuse,0,163,
116022.792,start,6,161,
116023.002,conflict-at-land,2,162,
116029.646,refuse,5,141,
116035.963,refuse,0,163,
116038.002,start,2,162,
116039.563,conflict-at-land,3,150,
116044.327,conflict-at-land,6,161,
116044.646,refuse,5,141,
116050.963,refuse,0,163,
116054.563,start,3,150,
116058.411,conflict-at-land,2,162,
116059.327,start,6,161,
116059.646,refuse,5,141,
116065.963,refuse,0,163,
116073.411,start,2,162,
116074.646,refuse,5,141,
116079.893,conflict-at-land,6,161,
116080.963,refuse,0,163,
116089.646,refuse,5,141,
116094.893,start,6,161,
116095.634,conflict-at-land,2,162,
116095.963,refuse,0,163,
116104.646,refuse,5,141,
116110.634,start,2,162,
116110.963,refuse,0,163,
116119.646,refuse,5,141,
116125.941,conflict-at-land,6,161,
116125.963,refuse,0,163,
116133.747,conflict-at-land,2,162,
116134.646,start,5,141,
116140.941,refuse,6,161,
116140.963,refuse,0,163,
116146.247,conflict-at-land,3,150,
116148.747,refuse,2,162,
116155.941,refuse,6,161,
116155.963,refuse,0,163,
116161.247,start,3,150,
116163.747,refuse,2,162,
116170.941,refuse,6,161,
116170.963,refuse,0,163,
116178.747,refuse,2,162,
116185.941,refuse,6,161,
116185.963,refuse,0,163,
116193.747,refuse,2,162,
116200.941,refuse,6,161,
116200.963,refuse,0,163,
116208.747,refuse,2,162,
116215.941,refuse,6,161,
116215.963,refuse,0,163,
116223.747,refuse,2,162,
116230.941,refuse,6,161,
116230.963,refuse,0,163,
116238.747,refuse,2,162,
116245.941,refuse,6,161,
116245.963,refuse,0,163,
116253.747,refuse,2,162,
116259.681,conflict-at-land,3,150,
116259.681,abandon,3,150,
116259.681,refuse,3,164,
116260.941,refuse,6,161,
116260.963,refuse,0,163,
116268.747,refuse,2,162,
116274.681,refuse,3,164,
116275.941,refuse,6,161,
116275.963,refuse,0,163,
116283.747,refuse,2,162,
116289.681,refuse,3,164,
116290.941,refuse,6,161,
116290.963,refuse,0,163,
116298.747,refuse,2,162,
116304.681,refuse,3,164,
116305.941,refuse,6,161,
116305.963,refuse,0,163,
116313.747,refuse,2,162,
116319.681,refuse,3,164,
116320.941,refuse,6,161,
116320.963,refuse,0,163,
116328.747,refuse,2,162,
116334.681,refuse,3,164,
116335.941,refuse,6,161,
116335.963,refuse,0,163,
116343.747,refuse,2,162,
116349.681,refuse,3,164,
116350.941,refuse,6,161,
116350.963,refuse,0,163,
116358.747,refuse,2,162,
116364.681,refuse,3,164,
116365.941,refuse,6,161,
116365.963,refuse,0,163,
116373.747,refuse,2,162,
116379.681,refuse,3,164,
116380.941,refuse,6,161,
116380.963,refuse,0,163,
116388.747,refuse,2,162,
116394.681,refuse,3,164,
116395.941,refuse,6,161,
116395.963,refuse,0,163,
116403.747,refuse,2,162,
116404.204,conflict-at-land,4,140,
116409.681,refuse,3,164,
116410.941,refuse,6,161,
116410.963,refuse,0,163,
116418.747,refuse,2,162,
116419.204,start,4,140,
116424.681,refuse,3,164,
116425.941,refuse,6,161,
116425.963,refuse,0,163,
116433.747,refuse,2,162,
116439.681,refuse,3,164,
116440.941,refuse,6,161,
116440.963,refuse,0,163,
116448.747,refuse,2,162,
116454.681,refuse,3,164,
116455.941,refuse,6,161,
116455.963,refuse,0,163,
116463.747,refuse,2,162,
116469.681,refuse,3,164,
116470.941,refuse,6,161,
116470.963,refuse,0,163,
116478.747,refuse,2,162,
116482.547,conflict-at-land,7,148,
116484.681,refuse,3,164,
116485.941,refuse,6,161,
116485.963,start,0,163,
116489.223,conflict-at-land,0,163,
116493.747,refuse,2,162,
116497.547,start,7,148,
116499.681,refuse,3,164,
116500.941,refuse,6,161,
116500.941,abandon,6,161,
116500.941,start,6,165,
116504.223,refuse,0,163,
116508.747,refuse,2,162,
116514.681,refuse,3,164,
116519.223,refuse,0,163,
116523.747,refuse,2,162,
116529.681,refuse,3,164,
116534.223,refuse,0,163,
116538.747,refuse,2,162,
116544.681,refuse,3,164,
116549.223,refuse,0,163,
116553.747,refuse,2,162,
116555.303,land,6,165,
116555.303,start,6,166,
116559.681,refuse,3,164,
116564.223,refuse,0,163,
116568.747,refuse,2,162,
116574.681,refuse,3,164,
116579.223,refuse,0,163,
116583.747,refuse,2,162,
116589.681,refuse,3,164,
116594.223,refuse,0,163,
116598.747,refuse,2,162,
116604.681,refuse,3,164,
116609.223,refuse,0,163,
116609.962,conflict-at-land,6,166,
116613.747,refuse,2,162,
116619.681,refuse,3,164,
116624.223,refuse,0,163,
116624.962,start,6,166,
116628.747,refuse,2,162,
116634.681,refuse,3,164,
116639.223,refuse,0,163,
116643.747,refuse,2,162,
116649.681,refuse,3,164,
116654.223,refuse,0,163,
116658.747,refuse,2,162,
116664.681,refuse,3,164,
116669.223,refuse,0,163,
116670.883,conflict-at-land,6,166,
116673.747,refuse,2,162,
116679.681,refuse,3,164,
116684.223,refuse,0,163,
116685.883,start,6,166,
116688.747,refuse,2,162,
116694.681,refuse,3,164,
116699.223,refuse,0,163,
116703.747,refuse,2,162,
116709.681,refuse,3,164,
116714.223,refuse,0,163,
116718.747,refuse,2,162,
116724.681,refuse,3,164,
116729.223,refuse,0,163,
116731.203,conflict-at-land,4,140,
116731.512,conflict-at-land,6,166,
116733.747,refuse,2,162,
116739.681,refuse,3,164,
116744.223,refuse,0,163,
116746.203,start,4,140,
116746.512,start,6,166,
116748.747,refuse,2,162,
116754.681,refuse,3,164,
116759.223,refuse,0,163,
116763.747,refuse,2,162,
116763.747,abandon,2,162,
116763.747,start,2,167,
116769.681,refuse,3,164,
116770.81,conflict-at-land,2,167,
116774.223,refuse,0,163,
116784.681,refuse,3,164,
116785.81,start,2,167,
116789.223,refuse,0,163,
116792.454,conflict-at-land,2,167,
116799.681,refuse,3,164,
116803.224,conflict-at-land,6,166,
116804.223,refuse,0,163,
116807.454,start,2,167,
116814.681,refuse,3,164,
116818.224,start,6,166,
116818.652,conflict-at-land,2,167,
116819.223,refuse,0,163,
116829.681,refuse,3,164,
116833.652,start,2,167,
116834.223,refuse,0,163,
116844.659,conflict-at-land,2,167,
116844.681,refuse,3,164,
116849.223,refuse,0,163,
116859.659,start,2,167,
116859.681,refuse,3,164,
116864.223,refuse,0,163,
116870.494,conflict-at-land,2,167,
116872.115,conflict-at-land,6,166,
116874.681,refuse,3,164,
116879.223,refuse,0,163,
116885.494,start,2,167,
116887.115,start,6,166,
116889.681,refuse,3,164,
116892.406,conflict-at-land,2,167,
116894.223,refuse,0,163,
116899.917,conflict-at-land,5,141,
116904.681,refuse,3,164,
116907.406,start,2,167,
116909.223,refuse,0,163,
116914.917,start,5,141,
116918.536,conflict-at-land,2,167,
116919.681,refuse,3,164,
116924.223,refuse,0,163,
116931.184,conflict-at-land,6,166,
116933.536,start,2,167,
116934.681,refuse,3,164,
116939.223,refuse,0,163,
116942.944,conflict-at-land,2,167,
116946.184,start,6,166,
116949.681,refuse,3,164,
116954.223,refuse,0,163,
116957.944,start,2,167,
116964.681,refuse,3,164,
116968.741,conflict-at-land,2,167,
116969.223,refuse,0,163,
116979.681,refuse,3,164,
116983.741,start,2,167,
116984.223,refuse,0,163,
116994.681,refuse,3,164,
116995.311,conflict-at-land,2,167,
116998.874,conflict-at-land,6,166,
116999.223,refuse,0,163,
117009.681,refuse,3,164,
117010.311,start,2,167,
117013.874,start,6,166,
117014.223,refuse,0,163,
117020.789,conflict-at-land,2,167,
117024.681,refuse,3,164,
117029.223,refuse,0,163,
117035.789,start,2,167,
117039.681,refuse,3,164,
117044.223,refuse,0,163,
117045.344,conflict-at-land,2,167,
117049.797,conflict-at-land,6,166,
117054.681,refuse,3,164,
117059.223,refuse,0,163,
117060.344,start,2,167,
117064.797,start,6,166,
117067.299,conflict-at-land,2,167,
117069.681,refuse,3,164,
117074.223,refuse,0,163,
117082.299,start,2,167,
117084.681,refuse,3,164,
117089.223,refuse,0,163,
117089.719,conflict-at-land,2,167,
117099.681,refuse,3,164,
117104.223,refuse,0,163,
117104.719,start,2,167,
117112.594,conflict-at-land,2,167,
117114.681,refuse,3,164,
117117.839,conflict-at-land,6,166,
117119.223,refuse,0,163,
117127.594,start,2,167,
117129.681,refuse,3,164,
117132.839,start,6,166,
117134.223,refuse,0,163,
117138.549,conflict-at-land,2,167,
117144.681,refuse,3,164,
117149.223,refuse,0,163,
117153.549,start,2,167,
117159.681,refuse,3,164,
117161.343,conflict-at-land,2,167,
117164.223,refuse,0,163,
117172.708,conflict-at-land,4,140,
117174.681,refuse,3,164,
117176.343,start,2,167,
117179.223,refuse,0,163,
117183.763,conflict-at-land,2,167,
117187.708,start,4,140,
117189.609,conflict-at-land,6,166,
117189.681,refuse,3,164,
117194.223,refuse,0,163,
117198.763,start,2,167,
117204.609,start,6,166,
117204.681,refuse,3,164,
117207.195,conflict-at-land,2,167,
117209.223,refuse,0,163,
117219.681,refuse,3,164,
117222.195,start,2,167,
117224.223,refuse,0,163,
117231.151,conflict-at-land,2,167,
117234.681,refuse,3,164,
117239.223,refuse,0,163,
117246.151,start,2,167,
117249.016,conflict-at-land,6,166,
117249.681,refuse,3,164,
117252.671,conflict-at-land,2,167,
117254.223,refuse,0,163,
117264.016,start,6,166,
117264.681,refuse,3,164,
117267.671,start,2,167,
117269.223,refuse,0,163,
117278.423,conflict-at-land,2,167,
117279.681,refuse,3,164,
117284.223,refuse,0,163,
117293.423,start,2,167,
117294.681,refuse,3,164,
117299.223,refuse,0,163,
117302.564,conflict-at-land,2,167,
117307.331,conflict-at-land,7,148,
117309.681,refuse,3,164,
117314.223,start,0,163,
117317.564,start,2,167,
117317.672,conflict-at-land,0,163,
117319.057,conflict-at-land,6,166,
117322.331,start,7,148,
117324.681,refuse,3,164,
117328.328,conflict-at-land,2,167,
117332.672,refuse,0,163,
117334.057,start,6,166,
117339.681,refuse,3,164,
117343.328,start,2,167,
117347.672,refuse,0,163,
117353.614,conflict-at-land,2,167,
117354.681,refuse,3,164,
117362.672,refuse,0,163,
117368.232,conflict-at-land,6,166,
117368.614,start,2,167,
117369.681,refuse,3,164,
117377.672,refuse,0,163,
117380.274,conflict-at-land,2,167,
117383.232,start,6,166,
117384.681,refuse,3,164,
117392.672,refuse,0,163,
117395.274,start,2,167,
117399.681,refuse,3,164,
117405.421,conflict-at-land,2,167,
117407.672,refuse,0,163,
117414.681,refuse,3,164,
117420.421,start,2,167,
117422.672,refuse,0,163,
117427.238,conflict-at-land,6,166,
117428.286,conflict-at-land,2,167,
117429.681,refuse,3,164,
117437.672,refuse,0,163,
117442.238,start,6,166,
117443.286,start,2,167,
117444.681,refuse,3,164,
117452.154,conflict-at-land,2,167,
117452.672,refuse,0,163,
117459.681,refuse,3,164,
117467.154,start,2,167,
117467.672,refuse,0,163,
117474.681,refuse,3,164,
117475.834,conflict-at-land,2,167,
117478.74,conflict-at-land,4,140,
117481.832,conflict-at-land,6,166,
117482.672,refuse,0,163,
117489.681,refuse,3,164,
117490.834,start,2,167,
117493.74,start,4,140,
117496.832,start,6,166,
117497.672,refuse,0,163,
117499.171,conflict-at-land,2,167,
117504.681,refuse,3,164,
117512.672,refuse,0,163,
117514.171,start,2,167,
117519.681,refuse,3,164,
117524.779,conflict-at-land,2,167,
117527.672,refuse,0,163,
117534.681,refuse,3,164,
117539.779,start,2,167,
117542.672,refuse,0,163,
117546.724,conflict-at-land,6,166,
117547.282,conflict-at-land,2,167,
117549.681,refuse,3,164,
117557.672,refuse,0,163,
117561.724,start,6,166,
117562.282,start,2,167,
117564.681,refuse,3,164,
117570.337,conflict-at-land,2,167,
117572.672,refuse,0,163,
117579.681,refuse,3,164,
117585.337,start,2,167,
117586.294,conflict-at-land,5,141,
117587.672,refuse,0,163,
117592.315,conflict-at-land,2,167,
117594.681,refuse,3,164,
117601.294,start,5,141,
117602.672,refuse,0,163,
117607.315,start,2,167,
117608.52,conflict-at-land,6,166,
117609.681,refuse,3,164,
117617.672,refuse,0,163,
117618.921,conflict-at-land,2,167,
117623.52,start,6,166,
117624.681,refuse,3,164,
117632.672,refuse,0,163,
117633.921,start,2,167,
117639.681,refuse,3,164,
117645.181,conflict-at-land,2,167,
117647.672,refuse,0,163,
117654.681,refuse,3,164,
117660.181,start,2,167,
117662.672,refuse,0,163,
117669.681,refuse,3,164,
117670.774,conflict-at-land,2,167,
117674.413,conflict-at-land,6,166,
117677.672,refuse,0,163,
117684.681,refuse,3,164,
117685.774,start,2,167,
117689.413,start,6,166,
117692.672,refuse,0,163,
117695.921,conflict-at-land,2,167,
117699.681,refuse,3,164,
117707.672,refuse,0,163,
117710.921,start,2,167,
117714.681,refuse,3,164,
117718.166,conflict-at-land,2,167,
117722.672,refuse,0,163,
117729.681,refuse,3,164,
117733.166,start,2,167,
117737.672,refuse,0,163,
117742.502,conflict-at-land,2,167,
117744.681,refuse,3,164,
117745.866,conflict-at-land,6,166,
117752.672,refuse,0,163,
117757.502,start,2,167,
117759.681,refuse,3,164,
117760.866,start,6,166,
117767.672,refuse,0,163,
117767.689,conflict-at-land,2,167,
117774.681,refuse,3,164,
117782.672,refuse,0,163,
117782.689,start,2,167,
117789.681,refuse,3,164,
117791.089,conflict-at-land,2,167,
117797.672,refuse,0,163,
117799.704,conflict-at-land,4,140,
117804.681,refuse,3,164,
117806.089,start,2,167,
117812.672,refuse,0,163,
117814.2,conflict-at-land,2,167,
117814.704,start,4,140,
117817.456,conflict-at-land,6,166,
117819.681,refuse,3,164,
117827.672,refuse,0,163,
117829.2,start,2,167,
117832.456,start,6,166,
117834.681,refuse,3,164,
117836.988,conflict-at-land,2,167,
117842.672,refuse,0,163,
117849.681,refuse,3,164,
117851.988,start,2,167,
117857.672,refuse,0,163,
117858.51,conflict-at-land,2,167,
117864.681,refuse,3,164,
117872.672,refuse,0,163,
117873.51,start,2,167,
117879.681,refuse,3,164,
117882.446,conflict-at-land,2,167,
117887.672,refuse,0,163,
117893.965,conflict-at-land,6,166,
117894.681,refuse,3,164,
117897.446,start,2,167,
117902.672,refuse,0,163,
117908.543,conflict-at-land,2,167,
117908.965,start,6,166,
117909.681,refuse,3,164,
117917.672,refuse,0,163,
117923.543,start,2,167,
117924.681,refuse,3,164,
117932.172,conflict-at-land,2,167,
117932.672,refuse,0,163,
117939.681,refuse,3,164,
117944.224,conflict-at-land,6,166,
117947.172,start,2,167,
117947.672,refuse,0,163,
117953.736,conflict-at-land,2,167,
117954.681,refuse,3,164,
117959.224,start,6,166,
117962.672,refuse,0,163,
117968.736,start,2,167,
117969.681,refuse,3,164,
117977.672,refuse,0,163,
117979.891,conflict-at-land,2,167,
117984.681,refuse,3,164,
117992.672,refuse,0,163,
117994.891,start,2,167,
117999.681,refuse,3,164,
118004.416,conflict-at-land,2,167,
118007.672,refuse,0,163,
118008.561,conflict-at-land,6,166,
118014.681,refuse,3,164,
118019.416,start,2,167,
118022.672,refuse,0,163,
118023.561,start,6,166,
118029.132,conflict-at-land,2,167,
118029.681,refuse,3,164,
118037.672,refuse,0,163,
118044.132,start,2,167,
118044.681,refuse,3,164,
118052.672,refuse,0,163,
118055.652,conflict-at-land,2,167,
118059.681,refuse,3,164,
118067.672,refuse,0,163,
118070.652,start,2,167,
118074.681,refuse,3,164,
118077.295,conflict-at-land,6,166,
118077.488,conflict-at-land,2,167,
118082.672,refuse,0,163,
118089.681,refuse,3,164,
118092.295,start,6,166,
118092.488,start,2,167,
118097.672,refuse,0,163,
118102.328,conflict-at-land,2,167,
118104.681,refuse,3,164,
118112.672,refuse,0,163,
118117.328,start,2,167,
118119.681,refuse,3,164,
118124.783,conflict-at-land,2,167,
118126.167,conflict-at-land,6,166,
118127.672,refuse,0,163,
118134.681,refuse,3,164,
118139.783,start,2,167,
118141.167,start,6,166,
118142.672,refuse,0,163,
118149.681,refuse,3,164,
118150.274,conflict-at-land,2,167,
118157.672,refuse,0,163,
118164.681,refuse,3,164,
118165.274,start,2,167,
118172.672,refuse,0,163,
118176.76,conflict-at-land,2,167,
118179.681,refuse,3,164,
118187.672,refuse,0,163,
118189.919,conflict-at-land,6,166,
118191.76,start,2,167,
118194.681,refuse,3,164,
118199.006,conflict-at-land,2,167,
118202.672,refuse,0,163,
118204.919,start,6,166,
118209.681,refuse,3,164,
118214.006,start,2,167,
118217.672,refuse,0,163,
118220.4,conflict-at-land,2,167,
118224.681,refuse,3,164,
118226.174,conflict-at-land,5,141,
118232.672,refuse,0,163,
118233.955,conflict-at-land,4,140,
118235.4,start,2,167,
118239.681,refuse,3,164,
118241.174,start,5,141,
118243.178,conflict-at-land,2,167,
118247.672,refuse,0,163,
118248.955,start,4,140,
118254.681,refuse,3,164,
118256.481,conflict-at-land,6,166,
118258.178,start,2,167,
118262.672,refuse,0,163,
118264.985,conflict-at-land,2,167,
118269.681,refuse,3,164,
118271.481,start,6,166,
118277.672,refuse,0,163,
118279.985,start,2,167,
118284.681,refuse,3,164,
118287.258,conflict-at-land,2,167,
118292.672,refuse,0,163,
118299.681,refuse,3,164,
118302.258,start,2,167,
118307.672,refuse,0,163,
118311.259,conflict-at-land,2,167,
118314.681,refuse,3,164,
118322.672,refuse,0,163,
118326.259,start,2,167,
118327.39,conflict-at-land,6,166,
118329.681,refuse,3,164,
118333.794,conflict-at-land,2,167,
118337.672,refuse,0,163,
118342.39,start,6,166,
118344.681,refuse,3,164,
118348.794,start,2,167,
118352.672,refuse,0,163,
118358.971,conflict-at-land,2,167,
118359.681,refuse,3,164,
118367.672,refuse,0,163,
118373.971,start,2,167,
118374.681,refuse,3,164,
118381.757,conflict-at-land,2,167,
118382.672,refuse,0,163,
118389.681,refuse,3,164,
118391.625,conflict-at-land,6,166,
118392.764,conflict-at-land,7,148,
118396.757,start,2,167,
118397.672,start,0,163,
118400.298,conflict-at-land,0,163,
118404.681,refuse,3,164,
118405.069,conflict-at-land,2,167,
118406.625,start,6,166,
118407.764,start,7,148,
118415.298,refuse,0,163,
118419.681,refuse,3,164,
118420.069,start,2,167,
118427.987,conflict-at-land,2,167,
118430.298,refuse,0,163,
118434.681,refuse,3,164,
118442.987,start,2,167,
118445.298,refuse,0,163,
118449.681,refuse,3,164,
118450.535,conflict-at-land,2,167,
118459.364,conflict-at-land,6,166,
118460.298,refuse,0,163,
118464.681,refuse,3,164,
118465.535,start,2,167,
118474.364,start,6,166,
118475.298,refuse,0,163,
118476.916,conflict-at-land,2,167,
118479.681,refuse,3,164,
118490.298,refuse,0,163,
118490.298,abandon,0,163,
118490.298,refuse,0,168,
118491.916,start,2,167,
118494.681,refuse,3,164,
118500.835,conflict-at-land,2,167,
118505.298,refuse,0,168,
118509.681,refuse,3,164,
118515.835,start,2,167,
118518.611,conflict-at-land,6,166,
118520.298,refuse,0,168,
118522.449,conflict-at-land,2,167,
118524.681,refuse,3,164,
118533.611,start,6,166,
118535.298,refuse,0,168,
118537.449,start,2,167,
118539.681,refuse,3,164,
118544.892,conflict-at-land,2,167,
118550.298,refuse,0,168,
118554.681,refuse,3,164,
118559.892,start,2,167,
118562.04,conflict-at-land,4,140,
118565.298,refuse,0,168,
118569.681,refuse,3,164,
118571.353,conflict-at-land,2,167,
118577.04,start,4,140,
118580.298,refuse,0,168,
118584.681,refuse,3,164,
118586.353,start,2,167,
118595.298,refuse,0,168,
118595.974,conflict-at-land,6,166,
118597.883,conflict-at-land,2,167,
118599.681,refuse,3,164,
118610.298,refuse,0,168,
118610.974,start,6,166,
118612.883,start,2,167,
118614.681,refuse,3,164,
118620.423,conflict-at-land,2,167,
118625.298,refuse,0,168,
118629.681,refuse,3,164,
118635.423,start,2,167,
118640.298,refuse,0,168,
118644.681,refuse,3,164,
118646.817,conflict-at-land,2,167,
118655.298,refuse,0,168,
118656.085,conflict-at-land,6,166,
118659.681,refuse,3,164,
118661.817,start,2,167,
118670.298,refuse,0,168,
118671.085,start,6,166,
118671.571,conflict-at-land,2,167,
118674.681,refuse,3,164,
118685.298,refuse,0,168,
118686.571,start,2,167,
118689.681,refuse,3,164,
118697.584,conflict-at-land,2,167,
118700.298,refuse,0,168,
118704.681,refuse,3,164,
118712.584,start,2,167,
118715.298,refuse,0,168,
118719.681,refuse,3,164,
118721.552,conflict-at-land,2,167,
118730.298,refuse,0,168,
118732.92,conflict-at-land,6,166,
118734.681,refuse,3,164,
118736.552,start,2,167,
118744.458,conflict-at-land,2,167,
118745.298,refuse,0,168,
118747.92,start,6,166,
118749.681,refuse,3,164,
118759.458,start,2,167,
118760.298,refuse,0,168,
118764.681,refuse,3,164,
118766.336,conflict-at-land,2,167,
118775.298,refuse,0,168,
118779.681,refuse,3,164,
118781.336,start,2,167,
118786.108,conflict-at-land,6,166,
118790.298,refuse,0,168,
118791.839,conflict-at-land,2,167,
118794.681,refuse,3,164,
118796.982,conflict-at-land,1,149,
118801.108,start,6,166,
118805.298,refuse,0,168,
118806.839,start,2,167,
118809.681,refuse,3,164,
118811.982,start,1,149,
118815.767,conflict-at-land,2,167,
118820.298,refuse,0,168,
118824.681,refuse,3,164,
118830.767,start,2,167,
118835.298,refuse,0,168,
118837.685,conflict-at-land,2,167,
118839.681,refuse,3,164,
118844.243,conflict-at-land,6,166,
118850.298,refuse,0,168,
118852.685,start,2,167,
118854.681,refuse,3,164,
118859.243,start,6,166,
118861.663,conflict-at-land,2,167,
118865.298,refuse,0,168,
118869.681,refuse,3,164,
118876.663,start,2,167,
118880.298,refuse,0,168,
118884.681,refuse,3,164,
118886.439,conflict-at-land,2,167,
118887.402,conflict-at-land,4,140,
118895.298,refuse,0,168,
118899.681,refuse,3,164,
118901.439,start,2,167,
118902.402,start,4,140,
118910.298,refuse,0,168,
118911.63,conflict-at-land,2,167,
118914.681,refuse,3,164,
118916.811,conflict-at-land,6,166,
118925.298,refuse,0,168,
118926.63,start,2,167,
118929.681,refuse,3,164,
118931.811,start,6,166,
118933.428,conflict-at-land,2,167,
118940.298,refuse,0,168,
118944.681,refuse,3,164,
118948.428,start,2,167,
118955.298,refuse,0,168,
118957.399,conflict-at-land,2,167,
118957.443,conflict-at-land,5,141,
118959.681,refuse,3,164,
118970.298,refuse,0,168,
118972.399,start,2,167,
118972.443,start,5,141,
118974.252,conflict-at-land,6,166,
118974.681,refuse,3,164,
118980.186,conflict-at-land,2,167,
118985.298,refuse,0,168,
118989.252,start,6,166,
118989.681,refuse,3,164,
118995.186,start,2,167,
119000.298,refuse,0,168,
119002.403,conflict-at-land,2,167,
119004.681,refuse,3,164,
119015.298,refuse,0,168,
119017.403,start,2,167,
119019.681,refuse,3,164,
119024.582,conflict-at-land,2,167,
119030.298,refuse,0,168,
119031.637,conflict-at-land,6,166,
119034.681,refuse,3,164,
119039.582,start,2,167,
119045.298,refuse,0,168,
119046.239,conflict-at-land,2,167,
119046.637,start,6,166,
119049.681,refuse,3,164,
119060.298,refuse,0,168,
119061.239,start,2,167,
119064.681,refuse,3,164,
119071.093,conflict-at-land,2,167,
119075.298,refuse,0,168,
119079.681,refuse,3,164,
119086.093,start,2,167,
119090.298,refuse,0,168,
119093.394,conflict-at-land,6,166,
119094.681,refuse,3,164,
119096.785,conflict-at-land,2,167,
119105.298,refuse,0,168,
119108.394,start,6,166,
119109.681,refuse,3,164,
119111.785,start,2,167,
119118.905,conflict-at-land,2,167,
119120.298,refuse,0,168,
119124.681,refuse,3,164,
119133.905,start,2,167,
119135.298,refuse,0,168,
119139.681,refuse,3,164,
119144.231,conflict-at-land,2,167,
119150.298,refuse,0,168,
119152.732,conflict-at-land,6,166,
119154.681,refuse,3,164,
119159.231,start,2,167,
119165.298,refuse,0,168,
119166.915,conflict-at-land,2,167,
119167.732,start,6,166,
119169.681,refuse,3,164,
119180.298,refuse,0,168,
119181.504,conflict-at-land,4,140,
119181.915,start,2,167,
119184.681,refuse,3,164,
119192.774,conflict-at-land,2,167,
119195.298,refuse,0,168,
119196.504,start,4,140,
119199.681,refuse,3,164,
119207.774,start,2,167,
119210.298,refuse,0,168,
119214.681,refuse,3,164,
119218.26,conflict-at-land,6,166,
119219.374,conflict-at-land,2,167,
119225.298,refuse,0,168,
119229.681,refuse,3,164,
119233.26,start,6,166,
119234.374,start,2,167,
119240.298,refuse,0,168,
119244.613,conflict-at-land,2,167,
119244.681,refuse,3,164,
119255.298,refuse,0,168,
119259.613,start,2,167,
119259.681,refuse,3,164,
119259.681,abandon,3,164,
119259.681,refuse,3,169,
119269.2,conflict-at-land,2,167,
119269.781,conflict-at-land,6,166,
119270.298,refuse,0,168,
119274.681,refuse,3,169,
119284.2,start,2,167,
119284.781,start,6,166,
119285.298,refuse,0,168,
119289.681,refuse,3,169,
119294.566,conflict-at-land,2,167,
119300.298,refuse,0,168,
119304.681,refuse,3,169,
119309.566,start,2,167,
119314.041,conflict-at-land,7,148,
119315.298,refuse,0,168,
119319.681,refuse,3,169,
119321.253,conflict-at-land,2,167,
119329.041,start,7,148,
119330.298,refuse,0,168,
119334.681,refuse,3,169,
119336.253,start,2,167,
119343.847,conflict-at-land,6,166,
119344.519,conflict-at-land,2,167,
119345.298,refuse,0,168,
119349.681,refuse,3,169,
119358.847,start,6,166,
119359.519,start,2,167,
119360.298,refuse,0,168,
119364.681,refuse,3,169,
119369.384,conflict-at-land,2,167,
119375.298,refuse,0,168,
119379.681,refuse,3,169,
119384.384,start,2,167,
119390.298,refuse,0,168,
119393.666,conflict-at-land,2,167,
119394.681,refuse,3,169,
119405.175,conflict-at-land,6,166,
119405.298,refuse,0,168,
119408.666,start,2,167,
119409.681,refuse,3,169,
119418.84,conflict-at-land,2,167,
119420.175,start,6,166,
119420.298,refuse,0,168,
119424.681,refuse,3,169,
119433.84,start,2,167,
119435.298,refuse,0,168,
119439.681,refuse,3,169,
119442.057,conflict-at-land,2,167,
119450.298,refuse,0,168,
119454.681,refuse,3,169,
119457.057,start,2,167,
119465.298,refuse,0,168,
119466.424,conflict-at-land,2,167,
119469.681,refuse,3,169,
119471.883,conflict-at-land,6,166,
119480.298,refuse,0,168,
119481.424,start,2,167,
119483.95,conflict-at-land,4,140,
119484.681,refuse,3,169,
119486.883,start,6,166,
119492.558,conflict-at-land,2,167,
119495.298,refuse,0,168,
119498.95,start,4,140,
119499.681,refuse,3,169,
119507.558,start,2,167,
119510.298,refuse,0,168,
119514.681,refuse,3,169,
119516.339,conflict-at-land,2,167,
119525.298,refuse,0,168,
119529.681,refuse,3,169,
119531.339,start,2,167,
119539.509,conflict-at-land,2,167,
119540.298,refuse,0,168,
119543.329,conflict-at-land,6,166,
119544.681,refuse,3,169,
119554.509,start,2,167,
119555.298,refuse,0,168,
119558.329,start,6,166,
119559.681,refuse,3,169,
119562.034,conflict-at-land,2,167,
119570.298,refuse,0,168,
119574.681,refuse,3,169,
119577.034,start,2,167,
119583.772,conflict-at-land,2,167,
119585.298,refuse,0,168,
119587.309,conflict-at-land,5,141,
119589.681,refuse,3,169,
119598.772,start,2,167,
119600.298,refuse,0,168,
119601.343,conflict-at-land,6,166,
119602.309,start,5,141,
119604.681,refuse,3,169,
119608.298,conflict-at-land,2,167,
119615.298,refuse,0,168,
119616.343,start,6,166,
119619.681,refuse,3,169,
119623.298,start,2,167,
119630.298,refuse,0,168,
119631.472,conflict-at-land,2,167,
119634.681,refuse,3,169,
119645.298,refuse,0,168,
119646.472,start,2,167,
119649.681,refuse,3,169,
119653.458,conflict-at-land,2,167,
119660.298,refuse,0,168,
119664.681,refuse,3,169,
119665.965,conflict-at-land,6,166,
119668.458,start,2,167,
119675.298,refuse,0,168,
119677.722,conflict-at-land,2,167,
119679.681,refuse,3,169,
119680.965,start,6,166,
119690.298,refuse,0,168,
119692.722,start,2,167,
119694.681,refuse,3,169,
119699.38,conflict-at-land,2,167,
119705.298,refuse,0,168,
119709.681,refuse,3,169,
119714.38,start,2,167,
119720.298,refuse,0,168,
119720.867,conflict-at-land,2,167,
119724.681,refuse,3,169,
119731.391,conflict-at-land,6,166,
119735.298,refuse,0,168,
119735.867,start,2,167,
119739.681,refuse,3,169,
119746.391,start,6,166,
119747.237,conflict-at-land,2,167,
119750.298,refuse,0,168,
119754.681,refuse,3,169,
119762.237,start,2,167,
119765.298,refuse,0,168,
119769.381,conflict-at-land,2,167,
119769.681,refuse,3,169,
119779.367,conflict-at-land,4,140,
119780.298,refuse,0,168,
119784.381,start,2,167,
119784.681,refuse,3,169,
119793.413,conflict-at-land,2,167,
119794.367,start,4,140,
119795.298,refuse,0,168,
119799.681,refuse,3,169,
119805.26,conflict-at-land,6,166,
119808.413,start,2,167,
119810.298,refuse,0,168,
119814.681,refuse,3,169,
119818.64,conflict-at-land,2,167,
119820.26,start,6,166,
119825.298,refuse,0,168,
119829.681,refuse,3,169,
119833.64,start,2,167,
119840.298,refuse,0,168,
119842.729,conflict-at-land,2,167,
119844.681,refuse,3,169,
119855.298,refuse,0,168,
119857.729,start,2,167,
119859.681,refuse,3,169,
119865.719,conflict-at-land,6,166,
119869.237,conflict-at-land,2,167,
119870.298,refuse,0,168,
119874.681,refuse,3,169,
119880.719,start,6,166,
119884.237,start,2,167,
119885.298,refuse,0,168,
119889.681,refuse,3,169,
119892.58,conflict-at-land,2,167,
119900.298,refuse,0,168,
119904.681,refuse,3,169,
119907.58,start,2,167,
119915.298,refuse,0,168,
119915.891,conflict-at-land,2,167,
119918.296,conflict-at-land,6,166,
119919.681,refuse,3,169,
119930.298,refuse,0,168,
119930.891,start,2,167,
119933.296,start,6,166,
119934.681,refuse,3,169,
119939.184,conflict-at-land,2,167,
119945.298,refuse,0,168,
119949.681,refuse,3,169,
119954.184,start,2,167,
119960.298,refuse,0,168,
119964.14,conflict-at-land,2,167,
119964.681,refuse,3,169,
119975.298,refuse,0,168,
119979.14,start,2,167,
119979.681,refuse,3,169,
119990.298,refuse,0,168,
119990.545,conflict-at-land,2,167,
119993.119,conflict-at-land,6,166,
119994.681,refuse,3,169,
120005.298,refuse,0,168,
120005.545,start,2,167,
120008.119,start,6,166,
120009.681,refuse,3,169,
120016.947,conflict-at-land,2,167,
120020.298,refuse,0,168,
120024.681,refuse,3,169,
120031.947,start,2,167,
120035.298,refuse,0,168,
120039.681,refuse,3,169,
120042.665,conflict-at-land,2,167,
120049.132,conflict-at-land,6,166,
120050.298,refuse,0,168,
120054.681,refuse,3,169,
120057.665,start,2,167,
120064.132,start,6,166,
120065.298,refuse,0,168,
120066.91,conflict-at-land,2,167,
120069.681,refuse,3,169,
120080.298,refuse,0,168,
120081.91,start,2,167,
120084.681,refuse,3,169,
120091.591,conflict-at-land,2,167,
120095.298,refuse,0,168,
120099.681,refuse,3,169,
120106.591,start,2,167,
120110.298,refuse,0,168,
120114.681,refuse,3,169,
120116.079,conflict-at-land,6,166,
120116.278,conflict-at-land,2,167,
120125.298,refuse,0,168,
120129.681,refuse,3,169,
120131.079,start,6,166,
120131.278,start,2,167,
120140.298,refuse,0,168,
120142.444,conflict-at-land,2,167,
120144.681,refuse,3,169,
120155.298,refuse,0,168,
120157.444,start,2,167,
120159.681,refuse,3,169,
120168.211,conflict-at-land,2,167,
120170.298,refuse,0,168,
120174.681,refuse,3,169,
120182.99,conflict-at-land,6,166,
120183.211,start,2,167,
120185.298,refuse,0,168,
120188.098,conflict-at-land,4,140,
120189.681,refuse,3,169,
120194.681,conflict-at-land,2,167,
120197.99,start,6,166,
120200.298,refuse,0,168,
120203.098,start,4,140,
120204.681,refuse,3,169,
120209.681,start,2,167,
120215.298,refuse,0,168,
120216.913,conflict-at-land,2,167,
120217.21,conflict-at-land,5,141,
120219.681,refuse,3,169,
120230.298,refuse,0,168,
120231.913,start,2,167,
120232.21,start,5,141,
120234.681,refuse,3,169,
120238.316,conflict-at-land,2,167,
120245.298,refuse,0,168,
120249.681,refuse,3,169,
120253.316,start,2,167,
120260.01,conflict-at-land,6,166,
120260.298,refuse,0,168,
120264.649,conflict-at-land,2,167,
120264.681,refuse,3,169,
120275.01,start,6,166,
120275.298,refuse,0,168,
120279.649,start,2,167,
120279.681,refuse,3,169,
120288.045,conflict-at-land,7,148,
120288.322,conflict-at-land,2,167,
120290.298,refuse,0,168,
120294.681,refuse,3,169,
120303.045,start,7,148,
120303.322,start,2,167,
120305.298,refuse,0,168,
120308.918,conflict-at-land,6,166,
120309.681,refuse,3,169,
120311.017,conflict-at-land,2,167,
120320.298,refuse,0,168,
120323.918,start,6,166,
120324.681,refuse,3,169,
120326.017,start,2,167,
120335.298,refuse,0,168,
120336.782,conflict-at-land,2,167,
120339.681,refuse,3,169,
120350.298,refuse,0,168,
120351.782,start,2,167,
120354.681,refuse,3,169,
120361.892,conflict-at-land,2,167,
120365.298,refuse,0,168,
120365.874,conflict-at-land,6,166,
120369.681,refuse,3,169,
120376.892,start,2,167,
120380.298,refuse,0,168,
120380.874,start,6,166,
120384.681,refuse,3,169,
120386.633,conflict-at-land,2,167,
120395.298,refuse,0,168,
120399.681,refuse,3,169,
120401.633,start,2,167,
120410.298,refuse,0,168,
120412.748,conflict-at-land,2,167,
120414.681,refuse,3,169,
120425.298,refuse,0,168,
120427.748,start,2,167,
120429.681,refuse,3,169,
120436.226,conflict-at-land,2,167,
120438.637,conflict-at-land,6,166,
120440.298,refuse,0,168,
120444.681,refuse,3,169,
120451.226,start,2,167,
120453.637,start,6,166,
120455.298,refuse,0,168,
120457.858,conflict-at-land,2,167,
120459.681,refuse,3,169,
120470.298,refuse,0,168,
120472.858,start,2,167,
120474.681,refuse,3,169,
120482.238,conflict-at-land,2,167,
120485.298,refuse,0,168,
120489.681,refuse,3,169,
120494.375,conflict-at-land,6,166,
120497.238,start,2,167,
120500.298,refuse,0,168,
120503.711,conflict-at-land,2,167,
120504.681,refuse,3,169,
120509.375,start,6,166,
120515.298,refuse,0,168,
120518.711,start,2,167,
120519.681,refuse,3,169,
120526.03,conflict-at-land,2,167,
120530.298,refuse,0,168,
120534.681,refuse,3,169,
120541.03,start,2,167,
120545.298,refuse,0,168,
120547.506,conflict-at-land,2,167,
120549.681,refuse,3,169,
120558.114,conflict-at-land,6,166,
120560.298,refuse,0,168,
120562.506,start,2,167,
120564.681,refuse,3,169,
120570.206,conflict-at-land,2,167,
120573.114,start,6,166,
120575.298,refuse,0,168,
120579.681,refuse,3,169,
120585.206,start,2,167,
120590.298,refuse,0,168,
120591.914,conflict-at-land,2,167,
120594.681,refuse,3,169,
120604.172,conflict-at-land,4,140,
120605.298,refuse,0,168,
120606.914,start,2,167,
120609.681,refuse,3,169,
120617.502,conflict-at-land,2,167,
120619.172,start,4,140,
120620.298,refuse,0,168,
120621.112,conflict-at-land,6,166,
120624.681,refuse,3,169,
120632.502,start,2,167,
120635.298,refuse,0,168,
120636.112,start,6,166,
120639.681,refuse,3,169,
120642.845,conflict-at-land,2,167,
120650.298,refuse,0,168,
120654.681,refuse,3,169,
120657.845,start,2,167,
120664.197,conflict-at-land,2,167,
120665.298,refuse,0,168,
120669.681,refuse,3,169,
120679.197,start,2,167,
120680.298,refuse,0,168,
120682.5,conflict-at-land,5,141,
120684.681,refuse,3,169,
120687.487,conflict-at-land,6,166,
120689.085,conflict-at-land,2,167,
120695.298,refuse,0,168,
120697.5,start,5,141,
120699.681,refuse,3,169,
120702.487,start,6,166,
120704.085,start,2,167,
120710.298,refuse,0,168,
120714.681,refuse,3,169,
120714.738,conflict-at-land,2,167,
120725.298,refuse,0,168,
120729.681,refuse,3,169,
120729.738,start,2,167,
120737.928,conflict-at-land,2,167,
120740.298,refuse,0,168,
120744.681,refuse,3,169,
120750.659,conflict-at-land,6,166,
120752.928,start,2,167,
120755.298,refuse,0,168,
120759.681,refuse,3,169,
120762.557,conflict-at-land,2,167,
120765.659,start,6,166,
120770.298,refuse,0,168,
120774.681,refuse,3,169,
120777.557,start,2,167,
120785.298,refuse,0,168,
120788.873,conflict-at-land,2,167,
120789.681,refuse,3,169,
120800.298,refuse,0,168,
120803.873,start,2,167,
120804.681,refuse,3,169,
120813.373,conflict-at-land,2,167,
120815.298,refuse,0,168,
120816.258,conflict-at-land,6,166,
120819.681,refuse,3,169,
120828.373,start,2,167,
120830.298,refuse,0,168,
120831.258,start,6,166,
120834.681,refuse,3,169,
120837.778,conflict-at-land,2,167,
120845.298,refuse,0,168,
120849.681,refuse,3,169,
120852.778,start,2,167,
120860.298,refuse,0,168,
120861.534,conflict-at-land,2,167,
120864.681,refuse,3,169,
120875.298,refuse,0,168,
120876.534,start,2,167,
120877.731,conflict-at-land,6,166,
120879.681,refuse,3,169,
120884.212,conflict-at-land,2,167,
120890.298,refuse,0,168,
120892.731,start,6,166,
120894.681,refuse,3,169,
120899.212,start,2,167,
120905.298,refuse,0,168,
120908.776,conflict-at-land,2,167,
120909.681,refuse,3,169,
120920.298,refuse,0,168,
120923.776,start,2,167,
120924.681,refuse,3,169,
120930.175,conflict-at-land,2,167,
120932.872,conflict-at-land,6,166,
120935.298,refuse,0,168,
120939.681,refuse,3,169,
120945.175,start,2,167,
120947.872,start,6,166,
120950.298,refuse,0,168,
120954.681,refuse,3,169,
120956.644,conflict-at-land,2,167,
120965.298,refuse,0,168,
120969.681,refuse,3,169,
120971.644,start,2,167,
120980.298,refuse,0,168,
120980.663,conflict-at-land,2,167,
120984.681,refuse,3,169,
120987.599,conflict-at-land,6,166,
120995.298,refuse,0,168,
120995.663,start,2,167,
120999.681,refuse,3,169,
121002.599,start,6,166,
121006.345,conflict-at-land,2,167,
121010.298,refuse,0,168,
121014.681,refuse,3,169,
121021.345,start,2,167,
121025.298,refuse,0,168,
121028.006,conflict-at-land,2,167,
121029.681,refuse,3,169,
121040.298,refuse,0,168,
121043.006,start,2,167,
121044.681,refuse,3,169,
121048.981,conflict-at-land,6,166,
121050.466,conflict-at-land,2,167,
121054.514,conflict-at-land,4,140,
121055.298,refuse,0,168,
121059.681,refuse,3,169,
121063.981,start,6,166,
121065.466,start,2,167,
121069.514,start,4,140,
121070.298,refuse,0,168,
121074.165,conflict-at-land,2,167,
121074.681,refuse,3,169,
121085.298,refuse,0,168,
121089.165,start,2,167,
121089.681,refuse,3,169,
121095.788,conflict-at-land,2,167,
121099.855,conflict-at-land,6,166,
121100.298,refuse,0,168,
121104.681,refuse,3,169,
121110.788,start,2,167,
121114.855,start,6,166,
121115.298,refuse,0,168,
121118.451,conflict-at-land,2,167,
121119.681,refuse,3,169,
121130.298,refuse,0,168,
121132.844,conflict-at-land,7,148,
121133.451,start,2,167,
121134.681,refuse,3,169,
121140.321,conflict-at-land,2,167,
121145.298,refuse,0,168,
121147.844,start,7,148,
121149.681,refuse,3,169,
121155.321,start,2,167,
121160.298,refuse,0,168,
121164.681,refuse,3,169,
121166.582,conflict-at-land,2,167,
121170.043,conflict-at-land,6,166,
121175.298,refuse,0,168,
121179.681,refuse,3,169,
121181.582,start,2,167,
121185.043,start,6,166,
121190.28,conflict-at-land,2,167,
121190.298,refuse,0,168,
121194.681,refuse,3,169,
121205.28,start,2,167,
121205.298,refuse,0,168,
121209.681,refuse,3,169,
121215.926,conflict-at-land,2,167,
121220.298,refuse,0,168,
121224.681,refuse,3,169,
121230.926,start,2,167,
121235.298,refuse,0,168,
121235.503,conflict-at-land,6,166,
121238.239,conflict-at-land,2,167,
121239.681,refuse,3,169,
121250.298,refuse,0,168,
121250.503,start,6,166,
121253.239,start,2,167,
121254.681,refuse,3,169,
121264.897,conflict-at-land,2,167,
121265.298,refuse,0,168,
121269.681,refuse,3,169,
121279.897,start,2,167,
121280.298,refuse,0,168,
121284.681,refuse,3,169,
121284.795,conflict-at-land,6,166,
121288.826,conflict-at-land,2,167,
121295.298,refuse,0,168,
121299.681,refuse,3,169,
121299.795,start,6,166,
121303.826,start,2,167,
121310.298,refuse,0,168,
121312.657,conflict-at-land,2,167,
121314.681,refuse,3,169,
121316.379,conflict-at-land,5,141,
121325.298,refuse,0,168,
121327.657,start,2,167,
121329.681,refuse,3,169,
121331.379,start,5,141,
121335.047,conflict-at-land,2,167,
121340.298,refuse,0,168,
121342.331,conflict-at-land,6,166,
121344.681,refuse,3,169,
121350.047,start,2,167,
121355.298,refuse,0,168,
121356.064,conflict-at-land,1,149,
121357.331,start,6,166,
121359.681,refuse,3,169,
121360.815,conflict-at-land,2,167,
121370.298,refuse,0,168,
121371.064,start,1,149,
121374.681,refuse,3,169,
121375.815,start,2,167,
121385.298,refuse,0,168,
121385.886,conflict-at-land,2,167,
121389.681,refuse,3,169,
121400.298,refuse,0,168,
121400.886,start,2,167,
121404.681,refuse,3,169,
121408.547,conflict-at-land,6,166,
121411.735,conflict-at-land,2,167,
121415.298,refuse,0,168,
121419.681,refuse,3,169,
121423.547,start,6,166,
121426.735,start,2,167,
121430.298,refuse,0,168,
121434.681,refuse,3,169,
121435.127,conflict-at-land,2,167,
121445.298,refuse,0,168,
121449.681,refuse,3,169,
121450.127,start,2,167,
121458.47,conflict-at-land,2,167,
121460.298,refuse,0,168,
121464.681,refuse,3,169,
121473.47,start,2,167,
121473.476,conflict-at-land,6,166,
121475.298,refuse,0,168,
121479.681,refuse,3,169,
121479.871,conflict-at-land,2,167,
121488.476,start,6,166,
121490.298,refuse,0,168,
121490.298,abandon,0,168,
121490.298,refuse,0,170,
121494.681,refuse,3,169,
121494.871,start,2,167,
121495.846,conflict-at-land,4,140,
121504.348,conflict-at-land,2,167,
121505.298,refuse,0,170,
121509.681,refuse,3,169,
121510.846,start,4,140,
121519.348,start,2,167,
121520.298,refuse,0,170,
121524.681,refuse,3,169,
121528.376,conflict-at-land,2,167,
121529.421,conflict-at-land,6,166,
121535.298,start,0,170,
121539.681,refuse,3,169,
121543.376,start,2,167,
121544.421,refuse,6,166,
121554.351,conflict-at-land,2,167,
121554.681,refuse,3,169,
121559.421,refuse,6,166,
121569.351,start,2,167,
121569.681,refuse,3,169,
121574.421,refuse,6,166,
121577.03,conflict-at-land,2,167,
121577.03,abandon,2,167,
121577.03,start,2,171,
121584.681,refuse,3,169,
121587.197,land,2,171,
121587.197,refuse,2,172,
121589.421,refuse,6,166,
121599.681,refuse,3,169,
121602.197,refuse,2,172,
121604.421,refuse,6,166,
121614.681,refuse,3,169,
121617.197,refuse,2,172,
121619.421,refuse,6,166,
121629.681,refuse,3,169,
121632.197,refuse,2,172,
121634.421,refuse,6,166,
121636.658,conflict-at-land,0,170,
121644.681,refuse,3,169,
121647.197,refuse,2,172,
121649.421,start,6,166,
121651.658,refuse,0,170,
121659.681,refuse,3,169,
121662.197,refuse,2,172,
121666.658,refuse,0,170,
121674.681,refuse,3,169,
121677.197,refuse,2,172,
121681.658,refuse,0,170,
121688.412,conflict-at-land,6,166,
121689.681,refuse,3,169,
121692.197,refuse,2,172,
121696.658,start,0,170,
121703.412,refuse,6,166,
121704.681,refuse,3,169,
121707.197,refuse,2,172,
121718.412,refuse,6,166,
121719.681,refuse,3,169,
121722.197,refuse,2,172,
121733.412,refuse,6,166,
121734.681,refuse,3,169,
121737.197,refuse,2,172,
121748.412,refuse,6,166,
121749.681,refuse,3,169,
121752.197,refuse,2,172,
121763.412,refuse,6,166,
121764.681,refuse,3,169,
121767.197,refuse,2,172,
121778.412,refuse,6,166,
121779.681,refuse,3,169,
121782.197,refuse,2,172,
121793.412,refuse,6,166,
121794.681,refuse,3,169,
121797.197,refuse,2,172,
121802.889,conflict-at-land,4,140,
121808.412,refuse,6,166,
121809.681,refuse,3,169,
121809.847,conflict-at-land,0,170,
121812.197,refuse,2,172,
121817.889,start,4,140,
121823.412,start,6,166,
121824.681,refuse,3,169,
121824.847,refuse,0,170,
121827.197,refuse,2,172,
121839.681,refuse,3,169,
121839.847,refuse,0,170,
121842.197,refuse,2,172,
121854.681,refuse,3,169,
121854.847,refuse,0,170,
121857.197,refuse,2,172,
121860.902,conflict-at-land,6,166,
121869.681,refuse,3,169,
121869.847,start,0,170,
121872.197,refuse,2,172,
121875.902,refuse,6,166,
121884.681,refuse,3,169,
121887.197,refuse,2,172,
121890.902,refuse,6,166,
121899.681,refuse,3,169,
121902.197,refuse,2,172,
121905.902,refuse,6,166,
121914.681,refuse,3,169,
121917.197,refuse,2,172,
121920.902,refuse,6,166,
121929.681,refuse,3,169,
121932.197,refuse,2,172,
121935.902,refuse,6,166,
121944.681,refuse,3,169,
121947.197,refuse,2,172,
121950.902,refuse,6,166,
121959.681,refuse,3,169,
121962.197,refuse,2,172,
121965.902,refuse,6,166,
121974.681,refuse,3,169,
121977.197,refuse,2,172,
121980.902,refuse,6,166,
121985.443,conflict-at-land,0,170,
121989.681,refuse,3,169,
121992.197,refuse,2,172,
121995.902,start,6,166,
122000.443,refuse,0,170,
122004.681,refuse,3,169,
122007.197,refuse,2,172,
122010.761,conflict-at-land,5,141,
122015.443,refuse,0,170,
122019.681,refuse,3,169,
122022.197,start,2,172,
122025.761,refuse,5,141,
122029.899,land,2,172,
122029.899,start,2,173,
122030.443,refuse,0,170,
122034.681,refuse,3,169,
122036.408,land,2,173,
122036.408,refuse,2,174,
122040.761,start,5,141,
122041.298,conflict-at-land,6,166,
122045.443,start,0,170,
122049.681,refuse,3,169,
122051.408,refuse,2,174,
122052.112,conflict-at-land,7,148,
122056.298,refuse,6,166,
122064.681,refuse,3,169,
122066.408,refuse,2,174,
122067.112,start,7,148,
122071.298,refuse,6,166,
122079.681,refuse,3,169,
122081.408,refuse,2,174,
122086.298,refuse,6,166,
122094.681,refuse,3,169,
122096.408,refuse,2,174,
122101.298,refuse,6,166,
122109.681,refuse,3,169,
122111.408,refuse,2,174,
122116.298,refuse,6,166,
122124.681,refuse,3,169,
122126.408,refuse,2,174,
122131.298,refuse,6,166,
122139.681,refuse,3,169,
122141.408,refuse,2,174,
122146.298,refuse,6,166,
122152.214,conflict-at-land,0,170,
122154.681,refuse,3,169,
122156.408,refuse,2,174,
122161.298,start,6,166,
122167.214,refuse,0,170,
122169.681,refuse,3,169,
122171.408,refuse,2,174,
122182.214,refuse,0,170,
122184.681,refuse,3,169,
122186.408,refuse,2,174,
122186.648,conflict-at-land,4,140,
122197.214,refuse,0,170,
122199.681,refuse,3,169,
122201.408,refuse,2,174,
122201.648,start,4,140,
122202.299,conflict-at-land,6,166,
122212.214,start,0,170,
122214.681,refuse,3,169,
122216.408,refuse,2,174,
122217.299,refuse,6,166,
122229.681,refuse,3,169,
122231.408,refuse,2,174,
122232.299,refuse,6,166,
122244.681,refuse,3,169,
122246.408,refuse,2,174,
122247.299,refuse,6,166,
122259.681,refuse,3,169,
122259.681,abandon,3,169,
122259.681,start,3,175,
122261.408,refuse,2,174,
122262.299,refuse,6,166,
122269.533,land,3,175,
122269.533,start,3,176,
122276.408,refuse,2,174,
122277.299,refuse,6,166,
122291.408,refuse,2,174,
122292.299,refuse,6,166,
122299.723,land,3,176,
122299.723,refuse,3,177,
122306.408,refuse,2,174,
122307.299,refuse,6,166,
122314.723,refuse,3,177,
122315.544,conflict-at-land,0,170,
122321.408,refuse,2,174,
122322.299,start,6,166,
122329.723,refuse,3,177,
122330.544,refuse,0,170,
122336.408,refuse,2,174,
122344.723,refuse,3,177,
122345.544,refuse,0,170,
122351.408,refuse,2,174,
122359.723,refuse,3,177,
122360.544,refuse,0,170,
122366.408,refuse,2,174,
122374.723,refuse,3,177,
122375.544,refuse,0,170,
122377.63,conflict-at-land,6,166,
122381.408,refuse,2,174,
122389.723,refuse,3,177,
122390.544,start,0,170,
122392.63,refuse,6,166,
122396.408,refuse,2,174,
122404.723,refuse,3,177,
122407.63,refuse,6,166,
122411.408,refuse,2,174,
122419.723,refuse,3,177,
122422.63,refuse,6,166,
122426.408,refuse,2,174,
122434.723,refuse,3,177,
122437.63,refuse,6,166,
122441.408,refuse,2,174,
122449.723,refuse,3,177,
122452.63,refuse,6,166,
122456.408,refuse,2,174,
122464.723,refuse,3,177,
122466.159,conflict-at-land,0,170,
122467.63,start,6,166,
122471.408,refuse,2,174,
122479.723,refuse,3,177,
122481.159,refuse,0,170,
122486.408,refuse,2,174,
122487.0,conflict-at-land,4,140,
122494.723,refuse,3,177,
122496.159,refuse,0,170,
122501.408,refuse,2,174,
122502.0,start,4,140,
122509.723,refuse,3,177,
122510.784,conflict-at-land,6,166,
122511.159,start,0,170,
122516.408,refuse,2,174,
122524.723,refuse,3,177,
122525.784,refuse,6,166,
122531.408,refuse,2,174,
122539.723,refuse,3,177,
122540.784,refuse,6,166,
122546.408,refuse,2,174,
122554.723,refuse,3,177,
122555.784,refuse,6,166,
122561.408,refuse,2,174,
122569.723,refuse,3,177,
122570.784,refuse,6,166,
122576.408,refuse,2,174,
122584.723,refuse,3,177,
122585.784,refuse,6,166,
122591.408,refuse,2,174,
122599.723,refuse,3,177,
122600.784,refuse,6,166,
122606.408,refuse,2,174,
122614.723,refuse,3,177,
122615.784,refuse,6,166,
122621.408,refuse,2,174,
122624.608,conflict-at-land,0,170,
122629.723,refuse,3,177,
122630.784,start,6,166,
122636.408,refuse,2,174,
122639.608,refuse,0,170,
122644.723,refuse,3,177,
122651.408,refuse,2,174,
122654.608,refuse,0,170,
122659.723,refuse,3,177,
122666.408,refuse,2,174,
122669.608,refuse,0,170,
122674.723,refuse,3,177,
122681.408,refuse,2,174,
122684.608,refuse,0,170,
122686.893,conflict-at-land,6,166,
122689.723,refuse,3,177,
122696.408,refuse,2,174,
122699.608,start,0,170,
122701.893,refuse,6,166,
122704.723,refuse,3,177,
122711.408,refuse,2,174,
122716.893,refuse,6,166,
122719.723,refuse,3,177,
122726.408,refuse,2,174,
122731.893,refuse,6,166,
122734.723,refuse,3,177,
122741.408,refuse,2,174,
122746.893,refuse,6,166,
122749.723,refuse,3,177,
122756.408,refuse,2,174,
122761.893,refuse,6,166,
122764.723,refuse,3,177,
122771.408,refuse,2,174,
122776.893,refuse,6,166,
122779.723,refuse,3,177,
122781.056,conflict-at-land,0,170,
122786.408,refuse,2,174,
122791.893,start,6,166,
122794.723,refuse,3,177,
122796.056,refuse,0,170,
122801.408,refuse,2,174,
122809.723,refuse,3,177,
122811.056,refuse,0,170,
122816.408,refuse,2,174,
122824.723,refuse,3,177,
122826.056,refuse,0,170,
122830.504,conflict-at-land,6,166,
122831.408,refuse,2,174,
122839.723,refuse,3,177,
122841.056,start,0,170,
122845.504,refuse,6,166,
122846.408,refuse,2,174,
122852.739,conflict-at-land,4,140,
122854.723,refuse,3,177,
122860.504,refuse,6,166,
122861.408,refuse,2,174,
122862.194,conflict-at-land,5,141,
122867.739,start,4,140,
122869.723,start,3,177,
122875.504,refuse,6,166,
122876.408,refuse,2,174,
122876.701,conflict-at-land,3,177,
122877.194,start,5,141,
122890.504,refuse,6,166,
122891.408,refuse,2,174,
122891.701,refuse,3,177,
122905.504,refuse,6,166,
122906.408,refuse,2,174,
122906.701,refuse,3,177,
122920.504,refuse,6,166,
122921.408,refuse,2,174,
122921.701,refuse,3,177,
122935.504,refuse,6,166,
122936.408,refuse,2,174,
122936.701,refuse,3,177,
122950.504,refuse,6,166,
122950.856,conflict-at-land,0,170,
122951.408,refuse,2,174,
122951.701,refuse,3,177,
122965.504,start,6,166,
122965.856,refuse,0,170,
122966.408,refuse,2,174,
122966.701,refuse,3,177,
122980.856,refuse,0,170,
122981.408,refuse,2,174,
122981.701,refuse,3,177,
122995.856,refuse,0,170,
122996.408,refuse,2,174,
122996.701,refuse,3,177,
123009.423,conflict-at-land,6,166,
123010.856,start,0,170,
123011.408,refuse,2,174,
123011.701,refuse,3,177,
123024.423,refuse,6,166,
123026.408,refuse,2,174,
123026.701,refuse,3,177,
123039.423,refuse,6,166,
123041.408,refuse,2,174,
123041.701,refuse,3,177,
123054.423,refuse,6,166,
123056.408,refuse,2,174,
123056.701,refuse,3,177,
123069.423,refuse,6,166,
123071.408,refuse,2,174,
123071.701,refuse,3,177,
123084.423,refuse,6,166,
123086.408,refuse,2,174,
123086.701,refuse,3,177,
123099.423,refuse,6,166,
123101.408,refuse,2,174,
123101.701,refuse,3,177,
123114.423,refuse,6,166,
123116.408,refuse,2,174,
123116.701,refuse,3,177,
123119.414,conflict-at-land,0,170,
123129.423,start,6,166,
123131.408,refuse,2,174,
123131.701,refuse,3,177,
123134.414,refuse,0,170,
123146.408,refuse,2,174,
123146.701,refuse,3,177,
123149.414,refuse,0,170,
123161.408,refuse,2,174,
123161.701,refuse,3,177,
123164.414,refuse,0,170,
123176.408,refuse,2,174,
123176.701,refuse,3,177,
123179.414,refuse,0,170,
123179.914,conflict-at-land,6,166,
123180.524,conflict-at-land,4,140,
123191.408,refuse,2,174,
123191.701,refuse,3,177,
123194.414,start,0,170,
123194.914,refuse,6,166,
123195.524,start,4,140,
123206.408,refuse,2,174,
123206.701,refuse,3,177,
123209.914,refuse,6,166,
123221.408,refuse,2,174,
123221.701,refuse,3,177,
123224.914,refuse,6,166,
123236.408,refuse,2,174,
123236.701,refuse,3,177,
123239.914,refuse,6,166,
123251.408,refuse,2,174,
123251.701,refuse,3,177,
123254.914,refuse,6,166,
123266.408,refuse,2,174,
123266.701,refuse,3,177,
123269.914,refuse,6,166,
123281.408,refuse,2,174,
123281.701,refuse,3,177,
123284.914,refuse,6,166,
123296.408,refuse,2,174,
123296.701,refuse,3,177,
123299.914,refuse,6,166,
123311.408,refuse,2,174,
123311.701,refuse,3,177,
123312.554,conflict-at-land,0,170,
123314.914,start,6,166,
123326.408,refuse,2,174,
123326.701,refuse,3,177,
123327.554,refuse,0,170,
123341.408,refuse,2,174,
123341.701,refuse,3,177,
123342.554,refuse,0,170,
123349.05,conflict-at-land,6,166,
123356.408,refuse,2,174,
123356.701,refuse,3,177,
123357.554,start,0,170,
123357.573,conflict-at-land,5,141,
123364.05,refuse,6,166,
123371.408,refuse,2,174,
123371.701,start,3,177,
123372.573,refuse,5,141,
123378.192,conflict-at-land,3,177,
123379.05,refuse,6,166,
123386.408,refuse,2,174,
123387.573,start,5,141,
123393.192,refuse,3,177,
123394.05,refuse,6,166,
123401.408,refuse,2,174,
123408.192,refuse,3,177,
123409.05,refuse,6,166,
123416.408,refuse,2,174,
123423.192,refuse,3,177,
123424.05,refuse,6,166,
123431.408,refuse,2,174,
123438.192,refuse,3,177,
123439.05,refuse,6,166,
123446.408,refuse,2,174,
123453.192,refuse,3,177,
123454.05,refuse,6,166,
123461.408,refuse,2,174,
123461.463,conflict-at-land,7,148,
123468.192,refuse,3,177,
123468.597,conflict-at-land,0,170,
123469.05,start,6,166,
123476.408,refuse,2,174,
123476.463,start,7,148,
123483.192,refuse,3,177,
123483.597,refuse,0,170,
123491.408,refuse,2,174,
123498.192,refuse,3,177,
123498.597,refuse,0,170,
123506.408,refuse,2,174,
123513.192,refuse,3,177,
123513.597,refuse,0,170,
123521.408,refuse,2,174,
123525.55,conflict-at-land,6,166,
123528.192,refuse,3,177,
123528.597,start,0,170,
123536.408,refuse,2,174,
123540.55,refuse,6,166,
123543.192,refuse,3,177,
123551.408,refuse,2,174,
123555.55,refuse,6,166,
123558.192,refuse,3,177,
123566.408,refuse,2,174,
123570.104,conflict-at-land,4,140,
123570.55,refuse,6,166,
123573.192,refuse,3,177,
123581.408,refuse,2,174,
123585.104,start,4,140,
123585.55,refuse,6,166,
123588.192,refuse,3,177,
123596.408,refuse,2,174,
123600.55,refuse,6,166,
123603.192,refuse,3,177,
123611.408,refuse,2,174,
123615.55,refuse,6,166,
123618.192,refuse,3,177,
123626.408,refuse,2,174,
123630.55,refuse,6,166,
123633.192,refuse,3,177,
123637.547,conflict-at-land,0,170,
123641.408,refuse,2,174,
123645.55,start,6,166,
123648.192,refuse,3,177,
123652.547,refuse,0,170,
123656.408,refuse,2,174,
123663.192,refuse,3,177,
123667.547,refuse,0,170,
123671.408,refuse,2,174,
123674.041,conflict-at-land,1,149,
123678.192,refuse,3,177,
123682.547,refuse,0,170,
123686.408,refuse,2,174,
123689.041,start,1,149,
123693.192,refuse,3,177,
123697.547,refuse,0,170,
123701.408,refuse,2,174,
123703.048,conflict-at-land,6,166,
123708.192,refuse,3,177,
123712.547,start,0,170,
123716.408,refuse,2,174,
123718.048,refuse,6,166,
123723.192,refuse,3,177,
123731.408,refuse,2,174,
123733.048,refuse,6,166,
123738.192,refuse,3,177,
123746.408,refuse,2,174,
123748.048,refuse,6,166,
123753.192,refuse,3,177,
123761.408,refuse,2,174,
123763.048,refuse,6,166,
123768.192,refuse,3,177,
123776.408,refuse,2,174,
123778.048,refuse,6,166,
123783.192,refuse,3,177,
123791.408,refuse,2,174,
123793.048,refuse,6,166,
123798.192,refuse,3,177,
123806.408,refuse,2,174,
123808.048,refuse,6,166,
123813.192,refuse,3,177,
123821.408,refuse,2,174,
123823.048,refuse,6,166,
123828.192,refuse,3,177,
123831.93,conflict-at-land,0,170,
123836.408,refuse,2,174,
123838.048,start,6,166,
123843.192,refuse,3,177,
123846.93,refuse,0,170,
123851.408,refuse,2,174,
123858.192,refuse,3,177,
123861.93,refuse,0,170,
123866.408,refuse,2,174,
123873.192,refuse,3,177,
123876.93,refuse,0,170,
123881.408,refuse,2,174,
123888.086,conflict-at-land,6,166,
123888.192,refuse,3,177,
123891.93,start,0,170,
123896.408,refuse,2,174,
123903.086,refuse,6,166,
123903.192,refuse,3,177,
123911.408,refuse,2,174,
123918.086,refuse,6,166,
123918.192,refuse,3,177,
123926.408,refuse,2,174,
123933.086,refuse,6,166,
123933.192,refuse,3,177,
123941.408,refuse,2,174,
123948.086,refuse,6,166,
123948.192,refuse,3,177,
123956.408,refuse,2,174,
123963.086,refuse,6,166,
123963.192,refuse,3,177,
123969.148,conflict-at-land,4,140,
123971.408,refuse,2,174,
123978.086,refuse,6,166,
123978.192,refuse,3,177,
123980.466,conflict-at-land,0,170,
123984.148,start,4,140,
123986.408,refuse,2,174,
123993.086,start,6,166,
123993.192,refuse,3,177,
123995.466,refuse,0,170,
124001.408,refuse,2,174,
124008.192,refuse,3,177,
124010.466,refuse,0,170,
124016.408,refuse,2,174,
124023.192,refuse,3,177,
124025.466,refuse,0,170,
124031.408,refuse,2,174,
124037.864,conflict-at-land,6,166,
124038.192,refuse,3,177,
124040.466,start,0,170,
124046.408,refuse,2,174,
124052.864,refuse,6,166,
124052.864,abandon,6,166,
124052.864,start,6,178,
124053.192,refuse,3,177,
124061.408,refuse,2,174,
124068.192,refuse,3,177,
124076.408,refuse,2,174,
124083.192,refuse,3,177,
124091.408,refuse,2,174,
124098.192,refuse,3,177,
124106.408,refuse,2,174,
124110.576,conflict-at-land,0,170,
124113.192,refuse,3,177,
124121.408,refuse,2,174,
124125.061,conflict-at-land,5,141,
124125.576,start,0,170,
124128.192,start,3,177,
124131.542,land,6,178,
124131.542,start,6,179,
124133.786,conflict-at-land,3,177,
124136.408,refuse,2,174,
124140.061,start,5,141,
124143.212,conflict-at-land,6,179,
124148.786,refuse,3,177,
124151.408,refuse,2,174,
124158.212,start,6,179,
124163.786,refuse,3,177,
124166.408,refuse,2,174,
124170.178,conflict-at-land,6,179,
124178.786,refuse,3,177,
124181.408,refuse,2,174,
124185.178,start,6,179,
124193.786,refuse,3,177,
124195.987,conflict-at-land,6,179,
124196.408,refuse,2,174,
124208.786,refuse,3,177,
124210.987,start,6,179,
124211.408,refuse,2,174,
124221.323,conflict-at-land,0,170,
124223.786,refuse,3,177,
124225.617,conflict-at-land,6,179,
124226.408,refuse,2,174,
124236.323,start,0,170,
124238.786,refuse,3,177,
124240.617,start,6,179,
124241.408,refuse,2,174,
124250.262,conflict-at-land,6,179,
124253.786,refuse,3,177,
124256.408,refuse,2,174,
124265.262,start,6,179,
124268.786,refuse,3,177,
124271.408,refuse,2,174,
124280.752,conflict-at-land,6,179,
124283.786,refuse,3,177,
124286.408,refuse,2,174,
124295.752,start,6,179,
124298.786,refuse,3,177,
124301.408,refuse,2,174,
124304.532,conflict-at-land,6,179,
124310.224,conflict-at-land,7,148,
124313.786,refuse,3,177,
124316.408,refuse,2,174,
124319.532,start,6,179,
124325.224,start,7,148,
124328.786,refuse,3,177,
124330.618,conflict-at-land,0,170,
124331.408,refuse,2,174,
124333.532,conflict-at-land,6,179,
124343.786,refuse,3,177,
124345.618,start,0,170,
124346.408,refuse,2,174,
124348.532,start,6,179,
124358.786,refuse,3,177,
124361.408,refuse,2,174,
124363.607,conflict-at-land,6,179,
124373.786,refuse,3,177,
124375.309,conflict-at-land,4,140,
124376.408,refuse,2,174,
124378.607,start,6,179,
124388.786,refuse,3,177,
124390.309,start,4,140,
124391.285,conflict-at-land,6,179,
124391.408,refuse,2,174,
124403.786,refuse,3,177,
124406.285,start,6,179,
124406.408,refuse,2,174,
124411.411,conflict-at-land,0,170,
124417.561,conflict-at-land,6,179,
124418.786,refuse,3,177,
124421.408,refuse,2,174,
124426.411,start,0,170,
124432.561,start,6,179,
124433.786,refuse,3,177,
124436.408,refuse,2,174,
124446.917,conflict-at-land,6,179,
124448.786,refuse,3,177,
124451.408,refuse,2,174,
124461.917,start,6,179,
124463.786,refuse,3,177,
124466.408,refuse,2,174,
124474.33,conflict-at-land,6,179,
124478.786,refuse,3,177,
124481.408,refuse,2,174,
124489.33,start,6,179,
124493.786,refuse,3,177,
124496.408,refuse,2,174,
124499.574,conflict-at-land,6,179,
124508.786,refuse,3,177,
124511.408,refuse,2,174,
124514.574,start,6,179,
124523.786,refuse,3,177,
124526.408,refuse,2,174,
124529.223,conflict-at-land,6,179,
124537.351,conflict-at-land,0,170,
124538.786,refuse,3,177,
124541.408,refuse,2,174,
124544.223,start,6,179,
124552.351,start,0,170,
124553.786,refuse,3,177,
124556.408,refuse,2,174,
124557.377,conflict-at-land,6,179,
124568.786,refuse,3,177,
124571.408,refuse,2,174,
124572.377,start,6,179,
124581.599,conflict-at-land,6,179,
124583.786,refuse,3,177,
124586.408,refuse,2,174,
124596.599,start,6,179,
124598.786,refuse,3,177,
124601.408,refuse,2,174,
124611.867,conflict-at-land,6,179,
124613.786,refuse,3,177,
124616.408,refuse,2,174,
124626.867,start,6,179,
124628.786,refuse,3,177,
124629.534,conflict-at-land,0,170,
124631.408,refuse,2,174,
124641.039,conflict-at-land,6,179,
124643.786,refuse,3,177,
124644.534,start,0,170,
124646.408,refuse,2,174,
124656.039,start,6,179,
124658.786,refuse,3,177,
124661.408,refuse,2,174,
124665.703,conflict-at-land,6,179,
124673.786,refuse,3,177,
124676.408,refuse,2,174,
124680.703,start,6,179,
124687.426,conflict-at-land,5,141,
124688.786,start,3,177,
124691.408,refuse,2,174,
124691.569,conflict-at-land,6,179,
124694.543,conflict-at-land,3,177,
124702.426,start,5,141,
124706.408,refuse,2,174,
124706.569,start,6,179,
124709.543,refuse,3,177,
124718.277,conflict-at-land,6,179,
124721.408,refuse,2,174,
124724.543,refuse,3,177,
124733.277,start,6,179,
124736.408,refuse,2,174,
124739.543,refuse,3,177,
124745.571,conflict-at-land,6,179,
124751.408,refuse,2,174,
124754.543,refuse,3,177,
124758.257,conflict-at-land,0,170,
124760.571,start,6,179,
124766.408,refuse,2,174,
124769.543,refuse,3,177,
124773.257,start,0,170,
124775.875,conflict-at-land,6,179,
124781.408,refuse,2,174,
124784.543,refuse,3,177,
124787.806,conflict-at-land,4,140,
124790.875,start,6,179,
124796.408,refuse,2,174,
124799.543,refuse,3,177,
124802.806,start,4,140,
124805.955,conflict-at-land,6,179,
124811.408,refuse,2,174,
124814.543,refuse,3,177,
124820.955,start,6,179,
124826.408,refuse,2,174,
124829.543,refuse,3,177,
124831.833,conflict-at-land,6,179,
124841.408,refuse,2,174,
124844.543,refuse,3,177,
124846.833,start,6,179,
124856.408,refuse,2,174,
124858.295,conflict-at-land,6,179,
124859.543,refuse,3,177,
124871.408,refuse,2,174,
124873.295,start,6,179,
124874.543,refuse,3,177,
124886.408,refuse,2,174,
124886.471,conflict-at-land,0,170,
124887.592,conflict-at-land,6,179,
124889.543,refuse,3,177,
124901.408,refuse,2,174,
124901.471,start,0,170,
124902.592,start,6,179,
124904.543,refuse,3,177,
124913.05,conflict-at-land,6,179,
124916.408,refuse,2,174,
124919.543,refuse,3,177,
124928.05,start,6,179,
124931.408,refuse,2,174,
124934.543,refuse,3,177,
124937.018,conflict-at-land,6,179,
124946.408,refuse,2,174,
124949.543,refuse,3,177,
124952.018,start,6,179,
124960.662,conflict-at-land,6,179,
124961.408,refuse,2,174,
124964.543,refuse,3,177,
124975.662,start,6,179,
124976.408,refuse,2,174,
124979.543,refuse,3,177,
124985.872,conflict-at-land,6,179,
124991.408,refuse,2,174,
124994.543,refuse,3,177,
125000.872,start,6,179,
125006.408,refuse,2,174,
125009.543,refuse,3,177,
125011.344,conflict-at-land,0,170,
125012.657,conflict-at-land,6,179,
125021.408,refuse,2,174,
125024.543,refuse,3,177,
125026.344,start,0,170,
125027.657,start,6,179,
125036.408,refuse,2,174,
125036.408,abandon,2,174,
125036.408,start,2,180,
125039.543,refuse,3,177,
125042.692,conflict-at-land,6,179,
125054.543,refuse,3,177,
125057.692,start,6,179,
125066.569,conflict-at-land,6,179,
125069.543,refuse,3,177,
125079.339,land,2,180,
125079.339,start,2,181,
125081.569,start,6,179,
125084.543,refuse,3,177,
125084.699,land,2,181,
125084.699,start,2,182,
125094.389,conflict-at-land,6,179,
125099.543,refuse,3,177,
125100.213,land,2,182,
125100.213,start,2,183,
125103.143,conflict-at-land,0,170,
125109.389,start,6,179,
125111.918,conflict-at-land,2,183,
125114.543,refuse,3,177,
125118.143,start,0,170,
125118.303,conflict-at-land,6,179,
125126.918,start,2,183,
125129.543,refuse,3,177,
125133.303,start,6,179,
125142.349,conflict-at-land,2,183,
125144.543,refuse,3,177,
125147.481,conflict-at-land,6,179,
125157.349,start,2,183,
125159.543,refuse,3,177,
125162.481,start,6,179,
125167.514,conflict-at-land,2,183,
125174.543,refuse,3,177,
125174.834,conflict-at-land,6,179,
125182.514,start,2,183,
125186.298,conflict-at-land,5,141,
125189.543,start,3,177,
125189.834,start,6,179,
125196.05,conflict-at-land,3,177,
125197.869,conflict-at-land,2,183,
125198.448,conflict-at-land,6,179,
125198.511,conflict-at-land,0,170,
125201.298,start,5,141,
125211.05,refuse,3,177,
125212.869,start,2,183,
125213.448,start,6,179,
125213.511,start,0,170,
125224.251,conflict-at-land,6,179,
125224.906,conflict-at-land,2,183,
125226.05,refuse,3,177,
125239.251,start,6,179,
125239.906,start,2,183,
125241.05,refuse,3,177,
125249.311,conflict-at-land,6,179,
125253.859,conflict-at-land,2,183,
125256.05,refuse,3,177,
125261.641,conflict-at-land,4,140,
125264.311,start,6,179,
125268.859,start,2,183,
125271.05,refuse,3,177,
125276.641,start,4,140,
125276.67,conflict-at-land,6,179,
125278.25,conflict-at-land,2,183,
125286.05,refuse,3,177,
125291.67,start,6,179,
125293.25,start,2,183,
125294.134,conflict-at-land,0,170,
125301.05,refuse,3,177,
125303.12,conflict-at-land,2,183,
125305.058,conflict-at-land,6,179,
125307.125,conflict-at-land,7,148,
125309.134,start,0,170,
125316.05,refuse,3,177,
125318.12,start,2,183,
125320.058,start,6,179,
125322.125,start,7,148,
125330.523,conflict-at-land,2,183,
125331.05,refuse,3,177,
125331.05,abandon,3,177,
125331.05,start,3,184,
125332.954,conflict-at-land,6,179,
125345.523,start,2,183,
125347.954,start,6,179,
125360.293,conflict-at-land,2,183,
125362.952,conflict-at-land,6,179,
125375.293,start,2,183,
125377.952,start,6,179,
125383.743,conflict-at-land,2,183,
125388.018,conflict-at-land,0,170,
125388.728,conflict-at-land,6,179,
125398.743,start,2,183,
125403.018,start,0,170,
125403.728,start,6,179,
125412.41,conflict-at-land,3,184,
125412.426,conflict-at-land,2,183,
125416.865,conflict-at-land,6,179,
125427.41,start,3,184,
125427.426,start,2,183,
125431.865,start,6,179,
125440.21,conflict-at-land,2,183,
125440.575,conflict-at-land,6,179,
125455.21,start,2,183,
125455.575,start,6,179,
125468.041,conflict-at-land,6,179,
125468.503,conflict-at-land,2,183,
125468.682,conflict-at-land,0,170,
125483.041,start,6,179,
125483.503,start,2,183,
125483.682,start,0,170,
125492.788,conflict-at-land,6,179,
125494.661,conflict-at-land,2,183,
125507.788,start,6,179,
125509.661,start,2,183,
125519.333,conflict-at-land,6,179,
125525.152,conflict-at-land,2,183,
125534.333,start,6,179,
125537.124,conflict-at-land,3,184,
125538.349,conflict-at-land,4,140,
125540.152,start,2,183,
125548.584,conflict-at-land,6,179,
125551.597,conflict-at-land,2,183,
125552.124,start,3,184,
125553.349,start,4,140,
125560.219,conflict-at-land,0,170,
125563.584,start,6,179,
125566.597,start,2,183,
125568.354,conflict-at-land,1,149,
125575.219,start,0,170,
125577.159,conflict-at-land,2,183,
125577.726,conflict-at-land,6,179,
125583.354,start,1,149,
125592.159,start,2,183,
125592.726,start,6,179,
125602.157,conflict-at-land,2,183,
125604.695,conflict-at-land,6,179,
125617.157,start,2,183,
125619.695,start,6,179,
125626.67,conflict-at-land,2,183,
125631.297,conflict-at-land,6,179,
125641.67,start,2,183,
125646.297,start,6,179,
125649.373,conflict-at-land,3,184,
125650.092,conflict-at-land,2,183,
125654.736,conflict-at-land,0,170,
125661.675,conflict-at-land,6,179,
125664.373,start,3,184,
125665.092,start,2,183,
125669.736,start,0,170,
125676.012,conflict-at-land,2,183,
125676.675,start,6,179,
125691.012,start,2,183,
125691.878,conflict-at-land,6,179,
125706.206,conflict-at-land,2,183,
125706.878,start,6,179,
125721.206,start,2,183,
125722.016,conflict-at-land,6,179,
125734.188,conflict-at-land,2,183,
125735.013,conflict-at-land,0,170,
125736.4,conflict-at-land,3,184,
125737.016,start,6,179,
125748.115,conflict-at-land,6,179,
125749.188,start,2,183,
125750.013,start,0,170,
125751.4,start,3,184,
125761.256,conflict-at-land,2,183,
125763.115,start,6,179,
125775.314,conflict-at-land,6,179,
125776.256,start,2,183,
125790.314,start,6,179,
125791.447,conflict-at-land,2,183,
125805.76,conflict-at-land,6,179,
125806.447,start,2,183,
125820.76,start,6,179,
125820.845,conflict-at-land,2,183,
125821.025,conflict-at-land,0,170,
125830.739,conflict-at-land,3,184,
125831.64,conflict-at-land,6,179,
125835.845,start,2,183,
125836.025,start,0,170,
125845.739,start,3,184,
125846.64,start,6,179,
125849.399,conflict-at-land,2,183,
125860.725,conflict-at-land,6,179,
125864.399,start,2,183,
125875.725,start,6,179,
125876.686,conflict-at-land,2,183,
125886.972,conflict-at-land,6,179,
125891.686,start,2,183,
125900.137,conflict-at-land,2,183,
125901.972,start,6,179,
125910.92,conflict-at-land,6,179,
125915.137,start,2,183,
125925.92,start,6,179,
125927.317,conflict-at-land,2,183,
125936.647,conflict-at-land,6,179,
125942.317,start,2,183,
125945.464,conflict-at-land,4,140,
125946.021,conflict-at-land,0,170,
125951.647,start,6,179,
125953.691,conflict-at-land,3,184,
125954.087,conflict-at-land,2,183,
125957.014,conflict-at-land,5,141,
125960.464,start,4,140,
125960.604,conflict-at-land,6,179,
125961.021,start,0,170,
125968.691,start,3,184,
125969.087,start,2,183,
125972.014,start,5,141,
125975.604,start,6,179,
125982.622,conflict-at-land,2,183,
125988.794,conflict-at-land,6,179,
125997.622,start,2,183,
126003.794,start,6,179,
126006.567,conflict-at-land,2,183,
126013.494,conflict-at-land,6,179,
126021.567,start,2,183,
126028.494,start,6,179,
126030.622,conflict-at-land,2,183,
126041.289,conflict-at-land,6,179,
126045.622,start,2,183,
126056.289,start,6,179,
126058.416,conflict-at-land,2,183,
126058.971,conflict-at-land,0,170,
126071.093,conflict-at-land,6,179,
126073.416,start,2,183,
126073.971,start,0,170,
126074.017,conflict-at-land,3,184,
126082.427,conflict-at-land,2,183,
126086.093,start,6,179,
126089.017,start,3,184,
126097.427,start,2,183,
126098.546,conflict-at-land,6,179,
126107.24,conflict-at-land,2,183,
126113.546,start,6,179,
126122.24,start,2,183,
126128.645,conflict-at-land,6,179,
126134.671,conflict-at-land,2,183,
126143.645,start,6,179,
126149.671,start,2,183,
126154.703,conflict-at-land,6,179,
126162.219,conflict-at-land,2,183,
126166.787,conflict-at-land,0,170,
126169.703,start,6,179,
126177.219,start,2,183,
126181.787,start,0,170,
126182.765,conflict-at-land,3,184,
126183.884,conflict-at-land,6,179,
126185.9,conflict-at-land,2,183,
126197.765,start,3,184,
126198.884,start,6,179,
126200.9,start,2,183,
126211.56,conflict-at-land,6,179,
126214.232,conflict-at-land,2,183,
126226.56,start,6,179,
126229.232,start,2,183,
126236.736,conflict-at-land,6,179,
126239.521,conflict-at-land,2,183,
126251.736,start,6,179,
126254.521,start,2,183,
126256.695,conflict-at-land,0,170,
126262.601,conflict-at-land,6,179,
126263.344,conflict-at-land,2,183,
126267.048,conflict-at-land,3,184,
126271.695,start,0,170,
126277.601,start,6,179,
126278.344,start,2,183,
126282.048,start,3,184,
126287.516,conflict-at-land,6,179,
126293.392,conflict-at-land,2,183,
126302.516,start,6,179,
126308.392,start,2,183,
126314.2,conflict-at-land,6,179,
126322.923,conflict-at-land,2,183,
126329.2,start,6,179,
126330.117,conflict-at-land,4,140,
126337.923,start,2,183,
126339.937,conflict-at-land,6,179,
126345.117,start,4,140,
126349.377,conflict-at-land,3,184,
126352.636,conflict-at-land,2,183,
126354.937,start,6,179,
126364.377,start,3,184,
126366.277,conflict-at-land,6,179,
126367.636,start,2,183,
126378.075,conflict-at-land,0,170,
126381.277,start,6,179,
126382.151,conflict-at-land,2,183,
126393.075,start,0,170,
126394.594,conflict-at-land,6,179,
126397.151,start,2,183,
126406.718,conflict-at-land,2,183,
126409.594,start,6,179,
126421.718,start,2,183,
126422.536,conflict-at-land,6,179,
126433.021,conflict-at-land,2,183,
126437.536,start,6,179,
126446.454,conflict-at-land,6,179,
126448.021,start,2,183,
126460.943,conflict-at-land,0,170,
126461.454,start,6,179,
126463.002,conflict-at-land,3,184,
126463.061,conflict-at-land,2,183,
126475.339,conflict-at-land,6,179,
126475.943,start,0,170,
126478.002,start,3,184,
126478.061,start,2,183,
126490.177,conflict-at-land,5,141,
126490.339,start,6,179,
126493.29,conflict-at-land,2,183,
126501.818,conflict-at-land,6,179,
126505.177,start,5,141,
126508.29,start,2,183,
126516.818,start,6,179,
126518.265,conflict-at-land,2,183,
126526.885,conflict-at-land,6,179,
126533.265,start,2,183,
126541.885,start,6,179,
126545.424,conflict-at-land,2,183,
126556.801,conflict-at-land,6,179,
126558.577,conflict-at-land,0,170,
126560.424,start,2,183,
126571.801,start,6,179,
126573.577,start,0,170,
126574.937,conflict-at-land,2,183,
126584.47,conflict-at-land,3,184,
126586.863,conflict-at-land,6,179,
126589.937,start,2,183,
126599.47,start,3,184,
126601.863,start,6,179,
126604.43,conflict-at-land,2,183,
126614.977,conflict-at-land,6,179,
126619.43,start,2,183,
126629.977,start,6,179,
126634.06,conflict-at-land,2,183,
126645.066,conflict-at-land,6,179,
126649.06,start,2,183,
126660.066,start,6,179,
126664.59,conflict-at-land,2,183,
126673.382,conflict-at-land,0,170,
126674.311,conflict-at-land,6,179,
126679.59,start,2,183,
126688.382,start,0,170,
126689.311,start,6,179,
126693.128,conflict-at-land,2,183,
126694.803,conflict-at-land,7,148,
126701.111,conflict-at-land,6,179,
126708.128,start,2,183,
126709.556,conflict-at-land,3,184,
126709.803,start,7,148,
126716.111,start,6,179,
126720.379,conflict-at-land,4,140,
126720.783,conflict-at-land,2,183,
126724.556,start,3,184,
126725.963,conflict-at-land,6,179,
126735.379,start,4,140,
126735.783,start,2,183,
126740.963,start,6,179,
126747.485,conflict-at-land,2,183,
126753.476,conflict-at-land,6,179,
126762.485,start,2,183,
126768.476,start,6,179,
126777.067,conflict-at-land,6,179,
126777.684,conflict-at-land,2,183,
126792.067,start,6,179,
126792.684,start,2,183,
126799.056,conflict-at-land,0,170,
126802.781,conflict-at-land,6,179,
126805.271,conflict-at-land,2,183,
126812.384,conflict-at-land,3,184,
126814.056,start,0,170,
126817.781,start,6,179,
126820.271,start,2,183,
126827.384,start,3,184,
126828.275,conflict-at-land,6,179,
126830.798,conflict-at-land,2,183,
126843.275,start,6,179,
126845.798,start,2,183,
126853.806,conflict-at-land,6,179,
126854.613,conflict-at-land,2,183,
126868.806,start,6,179,
126869.613,start,2,183,
126878.66,conflict-at-land,6,179,
126879.552,conflict-at-land,2,183,
126889.585,conflict-at-land,0,170,
126893.66,start,6,179,
126894.552,start,2,183,
126902.979,conflict-at-land,2,183,
126903.044,conflict-at-land,6,179,
126904.585,start,0,170,
126910.047,conflict-at-land,3,184,
126917.979,start,2,183,
126918.044,start,6,179,
126925.047,start,3,184,
126928.336,conflict-at-land,6,179,
126928.819,conflict-at-land,2,183,
126943.336,start,6,179,
126943.819,start,2,183,
126954.005,conflict-at-land,2,183,
126954.907,conflict-at-land,6,179,
126969.005,start,2,183,
126969.907,start,6,179,
126979.472,conflict-at-land,6,179,
126983.298,conflict-at-land,2,183,
126994.472,start,6,179,
126998.298,start,2,183,
127004.592,conflict-at-land,6,179,
127011.984,conflict-at-land,0,170,
127013.265,conflict-at-land,2,183,
127014.452,conflict-at-land,3,184,
127019.592,start,6,179,
127026.984,start,0,170,
127028.265,start,2,183,
127029.319,conflict-at-land,6,179,
127029.452,start,3,184,
127042.622,conflict-at-land,2,183,
127044.319,start,6,179,
127057.622,start,2,183,
127059.781,conflict-at-land,6,179,
127066.672,conflict-at-land,2,183,
127074.781,start,6,179,
127081.672,start,2,183,
127089.121,conflict-at-land,6,179,
127093.769,conflict-at-land,2,183,
127102.428,conflict-at-land,0,170,
127104.121,start,6,179,
127108.769,start,2,183,
127112.307,conflict-at-land,3,184,
127115.478,conflict-at-land,6,179,
127117.428,start,0,170,
127119.726,conflict-at-land,2,183,
127127.307,start,3,184,
127130.478,start,6,179,
127134.726,start,2,183,
127142.182,conflict-at-land,6,179,
127145.209,conflict-at-land,4,140,
127145.667,conflict-at-land,2,183,
127157.182,start,6,179,
127160.209,start,4,140,
127160.667,start,2,183,
127166.833,conflict-at-land,6,179,
127169.176,conflict-at-land,2,183,
127181.833,start,6,179,
127183.547,conflict-at-land,0,170,
127184.176,start,2,183,
127185.833,conflict-at-land,5,141,
127190.997,conflict-at-land,6,179,
127194.958,conflict-at-land,2,183,
127198.547,start,0,170,
127199.076,conflict-at-land,3,184,
127200.833,start,5,141,
127205.997,start,6,179,
127209.958,start,2,183,
127214.076,start,3,184,
127218.29,conflict-at-land,6,179,
127223.659,conflict-at-land,2,183,
127233.29,start,6,179,
127238.659,start,2,183,
127248.521,conflict-at-land,6,179,
127248.737,conflict-at-land,2,183,
127263.521,start,6,179,
127263.737,start,2,183,
127270.123,conflict-at-land,0,170,
127274.19,conflict-at-land,2,183,
127278.095,conflict-at-land,6,179,
127285.123,start,0,170,
127289.19,start,2,183,
127293.095,start,6,179,
127294.888,conflict-at-land,3,184,
127302.127,conflict-at-land,6,179,
127303.902,conflict-at-land,2,183,
127309.888,start,3,184,
127317.127,start,6,179,
127318.902,start,2,183,
127328.727,conflict-at-land,6,179,
127330.202,conflict-at-land,2,183,
127343.727,start,6,179,
127345.202,start,2,183,
127353.2,conflict-at-land,6,179,
127357.764,conflict-at-land,2,183,
127368.2,start,6,179,
127372.764,start,2,183,
127377.112,conflict-at-land,6,179,
127385.419,conflict-at-land,2,183,
127392.112,start,6,179,
127400.419,start,2,183,
127402.348,conflict-at-land,0,170,
127405.171,conflict-at-land,3,184,
127405.944,conflict-at-land,6,179,
127411.122,conflict-at-land,2,183,
127417.348,start,0,170,
127420.171,start,3,184,
127420.944,start,6,179,
127426.122,start,2,183,
127431.944,conflict-at-land,6,179,
127439.956,conflict-at-land,2,183,
127446.944,start,6,179,
127454.956,start,2,183,
127459.985,conflict-at-land,6,179,
127468.198,conflict-at-land,2,183,
127474.985,start,6,179,
127483.198,start,2,183,
127483.489,conflict-at-land,6,179,
127495.347,conflict-at-land,2,183,
127498.489,start,6,179,
127502.256,conflict-at-land,0,170,
127510.146,conflict-at-land,6,179,
127510.347,start,2,183,
127517.256,start,0,170,
127525.146,start,6,179,
127525.778,conflict-at-land,3,184,
127525.817,conflict-at-land,2,183,
127539.165,conflict-at-land,6,179,
127540.778,start,3,184,
127540.817,start,2,183,
127549.143,conflict-at-land,4,140,
127551.773,conflict-at-land,2,183,
127554.165,start,6,179,
127564.143,start,4,140,
127566.066,conflict-at-land,6,179,
127566.773,start,2,183,
127580.007,conflict-at-land,2,183,
127581.066,start,6,179,
127593.258,conflict-at-land,6,179,
127595.007,start,2,183,
127604.627,conflict-at-land,2,183,
127607.506,conflict-at-land,0,170,
127608.258,start,6,179,
127615.475,conflict-at-land,3,184,
127616.801,conflict-at-land,6,179,
127619.627,start,2,183,
127622.506,start,0,170,
127630.475,start,3,184,
127631.801,start,6,179,
127632.676,conflict-at-land,2,183,
127641.808,conflict-at-land,6,179,
127647.676,start,2,183,
127656.808,start,6,179,
127658.568,conflict-at-land,2,183,
127667.035,conflict-at-land,6,179,
127673.568,start,2,183,
127682.035,start,6,179,
127688.114,conflict-at-land,2,183,
127695.614,conflict-at-land,6,179,
127703.114,start,2,183,
127710.614,start,6,179,
127715.873,conflict-at-land,2,183,
127722.209,conflict-at-land,6,179,
127730.873,start,2,183,
127735.924,conflict-at-land,0,170,
127737.209,start,6,179,
127740.814,conflict-at-land,3,184,
127741.11,conflict-at-land,2,183,
127747.125,conflict-at-land,6,179,
127750.924,start,0,170,
127755.814,start,3,184,
127756.11,start,2,183,
127762.125,start,6,179,
127770.021,conflict-at-land,2,183,
127775.918,conflict-at-land,6,179,
127785.021,start,2,183,
127790.918,start,6,179,
127799.316,conflict-at-land,2,183,
127799.49,conflict-at-land,6,179,
127814.316,start,2,183,
127814.49,start,6,179,
127825.788,conflict-at-land,6,179,
127826.735,conflict-at-land,2,183,
127836.265,conflict-at-land,0,170,
127839.504,conflict-at-land,5,141,
127840.788,start,6,179,
127841.735,start,2,183,
127851.22,conflict-at-land,2,183,
127851.265,start,0,170,
127854.504,start,5,141,
127855.584,conflict-at-land,6,179,
127859.344,conflict-at-land,3,184,
127866.22,start,2,183,
127870.584,start,6,179,
127874.344,start,3,184,
127879.167,conflict-at-land,6,179,
127880.137,conflict-at-land,2,183,
127894.167,start,6,179,
127895.137,start,2,183,
127904.643,conflict-at-land,6,179,
127907.571,conflict-at-land,2,183,
127919.643,start,6,179,
127922.571,start,2,183,
127926.957,conflict-at-land,7,148,
127928.626,conflict-at-land,6,179,
127935.076,conflict-at-land,0,170,
127936.109,conflict-at-land,2,183,
127941.957,start,7,148,
127943.626,start,6,179,
127950.076,start,0,170,
127951.109,start,2,183,
127952.823,conflict-at-land,4,140,
127955.604,conflict-at-land,6,179,
127964.577,conflict-at-land,2,183,
127967.823,start,4,140,
127970.604,start,6,179,
127979.577,start,2,183,
127982.66,conflict-at-land,6,179,
127988.628,conflict-at-land,3,184,
127990.782,conflict-at-land,2,183,
127997.66,start,6,179,
128003.628,start,3,184,
128005.782,start,2,183,
128008.299,conflict-at-land,6,179,
128020.014,conflict-at-land,2,183,
128023.299,start,6,179,
128035.014,start,2,183,
128038.201,conflict-at-land,6,179,
128045.283,conflict-at-land,0,170,
128048.795,conflict-at-land,2,183,
128053.201,start,6,179,
128060.283,start,0,170,
128063.795,start,2,183,
128064.787,conflict-at-land,6,179,
128078.268,conflict-at-land,2,183,
128079.787,start,6,179,
128089.829,conflict-at-land,6,179,
128093.268,start,2,183,
128103.628,conflict-at-land,2,183,
128103.709,conflict-at-land,3,184,
128104.829,start,6,179,
128114.814,conflict-at-land,6,179,
128118.628,start,2,183,
128118.709,start,3,184,
128127.388,conflict-at-land,2,183,
128129.814,start,6,179,
128138.378,conflict-at-land,6,179,
128142.388,start,2,183,
128153.378,start,6,179,
128156.011,conflict-at-land,2,183,
128165.482,conflict-at-land,6,179,
128166.692,conflict-at-land,0,170,
128171.011,start,2,183,
128180.482,start,6,179,
128181.692,start,0,170,
128185.991,conflict-at-land,2,183,
128190.438,conflict-at-land,3,184,
128195.305,conflict-at-land,6,179,
128200.991,start,2,183,
128205.438,start,3,184,
128210.305,start,6,179,
128215.082,conflict-at-land,2,183,
128224.785,conflict-at-land,6,179,
128230.082,start,2,183,
128239.785,start,6,179,
128240.344,conflict-at-land,2,183,
128251.119,conflict-at-land,6,179,
128255.344,start,2,183,
128266.119,start,6,179,
128269.278,conflict-at-land,2,183,
128271.235,conflict-at-land,3,184,
128279.939,conflict-at-land,6,179,
128284.278,start,2,183,
128286.235,start,3,184,
128290.292,conflict-at-land,0,170,
128294.677,conflict-at-land,2,183,
128294.939,start,6,179,
128305.292,start,0,170,
128309.313,conflict-at-land,6,179,
128309.677,start,2,183,
128320.091,conflict-at-land,2,183,
128324.313,start,6,179,
128333.382,conflict-at-land,6,179,
128335.091,start,2,183,
128344.055,conflict-at-land,2,183,
128348.382,start,6,179,
128359.055,start,2,183,
128360.66,conflict-at-land,6,179,
128369.955,conflict-at-land,2,183,
128372.682,conflict-at-land,0,170,
128375.66,start,6,179,
128382.886,conflict-at-land,3,184,
128384.955,start,2,183,
128386.784,conflict-at-land,6,179,
128387.682,start,0,170,
128396.815,conflict-at-land,2,183,
128397.886,start,3,184,
128401.784,start,6,179,
128408.634,conflict-at-land,4,140,
128411.815,start,2,183,
128417.075,conflict-at-land,6,179,
128423.634,start,4,140,
128426.872,conflict-at-land,2,183,
128432.075,start,6,179,
128441.872,start,2,183,
128442.645,conflict-at-land,6,179,
128451.902,conflict-at-land,2,183,
128457.645,start,6,179,
128466.902,start,2,183,
128472.033,conflict-at-land,6,179,
128475.995,conflict-at-land,2,183,
128487.033,start,6,179,
128490.995,start,2,183,
128495.941,conflict-at-land,6,179,
128499.457,conflict-at-land,2,183,
128504.027,conflict-at-land,3,184,
128506.908,conflict-at-land,0,170,
128510.941,start,6,179,
128514.457,start,2,183,
128519.027,start,3,184,
128520.473,conflict-at-land,6,179,
128521.908,start,0,170,
128523.313,conflict-at-land,2,183,
128535.473,start,6,179,
128538.313,start,2,183,
128545.861,conflict-at-land,6,179,
128547.535,conflict-at-land,2,183,
128560.861,start,6,179,
128562.535,start,2,183,
128571.274,conflict-at-land,2,183,
128574.034,conflict-at-land,6,179,
128586.274,start,2,183,
128589.034,start,6,179,
128597.149,conflict-at-land,2,183,
128598.08,conflict-at-land,3,184,
128598.437,conflict-at-land,1,149,
128601.995,conflict-at-land,6,179,
128612.149,start,2,183,
128613.08,start,3,184,
128613.437,start,1,149,
128616.995,start,6,179,
128620.21,conflict-at-land,0,170,
128621.46,conflict-at-land,2,183,
128626.311,conflict-at-land,6,179,
128635.21,start,0,170,
128636.46,start,2,183,
128641.311,start,6,179,
128643.46,conflict-at-land,5,141,
128647.342,conflict-at-land,2,183,
128649.911,conflict-at-land,6,179,
128658.46,start,5,141,
128662.342,start,2,183,
128664.911,start,6,179,
128677.243,conflict-at-land,2,183,
128677.38,conflict-at-land,6,179,
128678.202,conflict-at-land,3,184,
128692.243,start,2,183,
128692.38,start,6,179,
128693.202,start,3,184,
128704.038,conflict-at-land,2,183,
128706.602,conflict-at-land,6,179,
128719.038,start,2,183,
128721.602,start,6,179,
128728.126,conflict-at-land,2,183,
128732.323,conflict-at-land,6,179,
128743.126,start,2,183,
128747.323,start,6,179,
128753.723,conflict-at-land,0,170,
128757.043,conflict-at-land,6,179,
128757.502,conflict-at-land,2,183,
128768.723,start,0,170,
128772.043,start,6,179,
128772.502,start,2,183,
128782.679,conflict-at-land,6,179,
128783.07,conflict-at-land,2,183,
128797.679,start,6,179,
128798.04,conflict-at-land,4,140,
128798.07,start,2,183,
128807.791,conflict-at-land,3,184,
128807.91,conflict-at-land,2,183,
128811.067,conflict-at-land,6,179,
128813.04,start,4,140,
128822.791,start,3,184,
128822.91,start,2,183,
128826.067,start,6,179,
128834.035,conflict-at-land,2,183,
128838.509,conflict-at-land,6,179,
128839.107,conflict-at-land,0,170,
128849.035,start,2,183,
128853.509,start,6,179,
128854.107,start,0,170,
128858.34,conflict-at-land,2,183,
128868.986,conflict-at-land,6,179,
128873.34,start,2,183,
128883.986,start,6,179,
128887.661,conflict-at-land,2,183,
128892.552,conflict-at-land,6,179,
128902.661,start,2,183,
128907.552,start,6,179,
128908.875,conflict-at-land,3,184,
128913.212,conflict-at-land,2,183,
128919.196,conflict-at-land,6,179,
128923.875,start,3,184,
128926.635,conflict-at-land,0,170,
128928.212,start,2,183,
128934.196,start,6,179,
128941.107,conflict-at-land,2,183,
128941.635,start,0,170,
128946.038,conflict-at-land,6,179,
128956.107,start,2,183,
128961.038,start,6,179,
128968.936,conflict-at-land,2,183,
128972.21,conflict-at-land,6,179,
128983.936,start,2,183,
128987.21,start,6,179,
128997.106,conflict-at-land,2,183,
129001.704,conflict-at-land,6,179,
129008.313,conflict-at-land,0,170,
129012.106,start,2,183,
129016.704,start,6,179,
129023.313,start,0,170,
129023.776,conflict-at-land,2,183,
129024.511,conflict-at-land,3,184,
129025.668,conflict-at-land,6,179,
129038.776,start,2,183,
129039.511,start,3,184,
129040.668,start,6,179,
129050.922,conflict-at-land,6,179,
129053.837,conflict-at-land,2,183,
129065.922,start,6,179,
129068.837,start,2,183,
129081.034,conflict-at-land,6,179,
129081.748,conflict-at-land,2,183,
129096.034,start,6,179,
129096.748,start,2,183,
129106.945,conflict-at-land,3,184,
129110.265,conflict-at-land,6,179,
129111.555,conflict-at-land,2,183,
129121.945,start,3,184,
129124.846,conflict-at-land,4,140,
129125.265,start,6,179,
129126.382,conflict-at-land,5,141,
129126.555,start,2,183,
129134.019,conflict-at-land,6,179,
129136.9,conflict-at-land,2,183,
129137.555,conflict-at-land,0,170,
129139.846,start,4,140,
129141.382,start,5,141,
129149.019,start,6,179,
129151.9,start,2,183,
129152.555,start,0,170,
129160.559,conflict-at-land,2,183,
129163.557,conflict-at-land,6,179,
129175.559,start,2,183,
129178.557,start,6,179,
129189.18,conflict-at-land,6,179,
129189.735,conflict-at-land,2,183,
129204.18,start,6,179,
129204.735,start,2,183,
129216.991,conflict-at-land,6,179,
129218.407,conflict-at-land,2,183,
129231.991,start,6,179,
129233.407,start,2,183,
129241.723,conflict-at-land,6,179,
129241.825,conflict-at-land,3,184,
129243.385,conflict-at-land,2,183,
129256.723,start,6,179,
129256.825,start,3,184,
129258.385,start,2,183,
129267.034,conflict-at-land,0,170,
129268.602,conflict-at-land,2,183,
129269.624,conflict-at-land,6,179,
129282.034,start,0,170,
129283.602,start,2,183,
129284.624,start,6,179,
129293.381,conflict-at-land,2,183,
129297.911,conflict-at-land,6,179,
129297.925,conflict-at-land,7,148,
129308.381,start,2,183,
129312.911,start,6,179,
129312.925,start,7,148,
129321.311,conflict-at-land,6,179,
129322.065,conflict-at-land,2,183,
129336.311,start,6,179,
129337.065,start,2,183,
129347.8,conflict-at-land,6,179,
129352.588,conflict-at-land,2,183,
129362.8,start,6,179,
129364.778,conflict-at-land,3,184,
129367.588,start,2,183,
129371.357,conflict-at-land,6,179,
129376.959,conflict-at-land,2,183,
129379.778,start,3,184,
129386.357,start,6,179,
129391.959,start,2,183,
129397.498,conflict-at-land,6,179,
129397.656,conflict-at-land,0,170,
129405.627,conflict-at-land,2,183,
129412.498,start,6,179,
129412.656,start,0,170,
129420.627,start,2,183,
129424.061,conflict-at-land,6,179,
129429.864,conflict-at-land,2,183,
129439.061,start,6,179,
129444.864,start,2,183,
129449.985,conflict-at-land,6,179,
129454.159,conflict-at-land,4,140,
129456.889,conflict-at-land,2,183,
129464.985,start,6,179,
129469.159,start,4,140,
129471.889,start,2,183,
129474.276,conflict-at-land,6,179,
129479.956,conflict-at-land,3,184,
129483.653,conflict-at-land,2,183,
129489.276,start,6,179,
129494.956,start,3,184,
129498.653,start,2,183,
129504.508,conflict-at-land,6,179,
129504.508,abandon,6,179,
129504.508,refuse,6,185,
129514.137,conflict-at-land,2,183,
129519.508,refuse,6,185,
129529.137,start,2,183,
129531.537,conflict-at-land,0,170,
129534.508,refuse,6,185,
129542.822,conflict-at-land,2,183,
129546.537,start,0,170,
129549.508,refuse,6,185,
129557.822,start,2,183,
129564.508,refuse,6,185,
129566.449,conflict-at-land,3,184,
129573.098,conflict-at-land,2,183,
129579.508,refuse,6,185,
129581.449,start,3,184,
129588.098,start,2,183,
129594.508,refuse,6,185,
129601.316,conflict-at-land,2,183,
129609.508,refuse,6,185,
129616.316,start,2,183,
129624.508,refuse,6,185,
129628.45,conflict-at-land,2,183,
129639.508,refuse,6,185,
129641.08,conflict-at-land,0,170,
129643.45,start,2,183,
129654.508,refuse,6,185,
129656.08,start,0,170,
129657.448,conflict-at-land,2,183,
129669.508,refuse,6,185,
129672.448,start,2,183,
129676.185,conflict-at-land,3,184,
129681.885,conflict-at-land,2,183,
129684.508,refuse,6,185,
129691.185,start,3,184,
129696.885,start,2,183,
129699.508,refuse,6,185,
129710.664,conflict-at-land,2,183,
129714.508,refuse,6,185,
129725.664,start,2,183,
129725.957,conflict-at-land,0,170,
129729.508,refuse,6,185,
129736.971,conflict-at-land,2,183,
129740.957,start,0,170,
129744.508,refuse,6,185,
129751.971,start,2,183,
129759.508,refuse,6,185,
129762.894,conflict-at-land,2,183,
129766.099,conflict-at-land,4,140,
129774.508,refuse,6,185,
129777.894,start,2,183,
129781.099,start,4,140,
129789.508,refuse,6,185,
129790.981,conflict-at-land,2,183,
129797.708,conflict-at-land,3,184,
129804.508,refuse,6,185,
129805.981,start,2,183,
129812.708,start,3,184,
129814.788,conflict-at-land,2,183,
129819.508,refuse,6,185,
129822.929,conflict-at-land,0,170,
129829.788,start,2,183,
129834.508,refuse,6,185,
129837.929,start,0,170,
129844.707,conflict-at-land,2,183,
129849.508,refuse,6,185,
129859.707,start,2,183,
129864.508,refuse,6,185,
129873.787,conflict-at-land,2,183,
129879.508,refuse,6,185,
129888.787,start,2,183,
129894.508,refuse,6,185,
129897.725,conflict-at-land,2,183,
129909.508,refuse,6,185,
129912.725,start,2,183,
129914.957,conflict-at-land,3,184,
129921.218,conflict-at-land,0,170,
129923.623,conflict-at-land,2,183,
129924.508,refuse,6,185,
129929.957,start,3,184,
129936.218,start,0,170,
129938.623,start,2,183,
129939.508,refuse,6,185,
129949.515,conflict-at-land,5,141,
129952.722,conflict-at-land,2,183,
129954.508,refuse,6,185,
129964.515,start,5,141,
129967.722,start,2,183,
129969.508,refuse,6,185,
129981.068,conflict-at-land,2,183,
129984.508,refuse,6,185,
129996.068,start,2,183,
129999.508,refuse,6,185,
130010.997,conflict-at-land,2,183,
130014.508,refuse,6,185,
130025.997,start,2,183,
130029.508,refuse,6,185,
130038.386,conflict-at-land,2,183,
130044.098,conflict-at-land,3,184,
130044.508,refuse,6,185,
130053.386,start,2,183,
130054.551,conflict-at-land,0,170,
130059.098,start,3,184,
130059.508,refuse,6,185,
130068.072,conflict-at-land,2,183,
130069.551,start,0,170,
130074.508,refuse,6,185,
130074.935,conflict-at-land,4,140,
130083.072,start,2,183,
130089.508,refuse,6,185,
130089.935,start,4,140,
130094.611,conflict-at-land,2,183,
130104.508,refuse,6,185,
130109.611,start,2,183,
130119.508,refuse,6,185,
130122.311,conflict-at-land,2,183,
130134.508,refuse,6,185,
130137.311,start,2,183,
130147.033,conflict-at-land,2,183,
130149.508,refuse,6,185,
130162.033,start,2,183,
130164.508,refuse,6,185,
130166.017,conflict-at-land,3,184,
130175.567,conflict-at-land,2,183,
130179.508,refuse,6,185,
130179.87,conflict-at-land,0,170,
130181.017,start,3,184,
130190.567,start,2,183,
130194.508,refuse,6,185,
130194.87,start,0,170,
130205.997,conflict-at-land,2,183,
130209.508,refuse,6,185,
130220.997,start,2,183,
130224.508,refuse,6,185,
130235.96,conflict-at-land,2,183,
130239.508,refuse,6,185,
130250.96,start,2,183,
130253.372,conflict-at-land,3,184,
130254.508,refuse,6,185,
130265.357,conflict-at-land,2,183,
130268.372,start,3,184,
130269.508,refuse,6,185,
130280.357,start,2,183,
130284.508,refuse,6,185,
130287.745,conflict-at-land,0,170,
130292.737,conflict-at-land,2,183,
130299.508,refuse,6,185,
130302.745,start,0,170,
130307.737,start,2,183,
130314.508,refuse,6,185,
130320.899,conflict-at-land,2,183,
130329.508,refuse,6,185,
130335.899,start,2,183,
130344.006,conflict-at-land,3,184,
130344.508,refuse,6,185,
130348.873,conflict-at-land,2,183,
130359.006,start,3,184,
130359.508,refuse,6,185,
130363.873,start,2,183,
130373.805,conflict-at-land,2,183,
130374.508,refuse,6,185,
130388.805,start,2,183,
130389.508,refuse,6,185,
130400.172,conflict-at-land,2,183,
130404.508,refuse,6,185,
130412.765,conflict-at-land,0,170,
130415.172,start,2,183,
130419.508,refuse,6,185,
130427.765,start,0,170,
130429.264,conflict-at-land,2,183,
130434.508,refuse,6,185,
130440.274,conflict-at-land,3,184,
130444.264,start,2,183,
130446.043,conflict-at-land,4,140,
130449.508,refuse,6,185,
130455.274,start,3,184,
130457.419,conflict-at-land,2,183,
130461.043,start,4,140,
130464.508,refuse,6,185,
130472.419,start,2,183,
130479.508,refuse,6,185,
130483.599,conflict-at-land,2,183,
130485.867,conflict-at-land,1,149,
130494.508,refuse,6,185,
130498.436,conflict-at-land,0,170,
130498.599,start,2,183,
130500.867,start,1,149,
130508.995,conflict-at-land,2,183,
130509.508,refuse,6,185,
130513.436,start,0,170,
130523.995,start,2,183,
130524.508,refuse,6,185,
130537.101,conflict-at-land,2,183,
130537.101,abandon,2,183,
130537.101,refuse,2,186,
130539.508,refuse,6,185,
130552.101,refuse,2,186,
130554.508,refuse,6,185,
130567.101,refuse,2,186,
130569.508,refuse,6,185,
130571.783,conflict-at-land,3,184,
130582.101,refuse,2,186,
130584.508,refuse,6,185,
130586.783,start,3,184,
130597.101,refuse,2,186,
130599.508,refuse,6,185,
130607.957,conflict-at-land,0,170,
130612.101,refuse,2,186,
130614.508,refuse,6,185,
130622.957,start,0,170,
130627.101,refuse,2,186,
130629.508,refuse,6,185,
130635.887,conflict-at-land,5,141,
130642.101,refuse,2,186,
130644.508,refuse,6,185,
130650.887,start,5,141,
130657.101,refuse,2,186,
130659.508,refuse,6,185,
130664.409,conflict-at-land,3,184,
130672.101,refuse,2,186,
130674.508,refuse,6,185,
130679.409,start,3,184,
130687.101,refuse,2,186,
130689.508,refuse,6,185,
130690.624,conflict-at-land,0,170,
130702.101,refuse,2,186,
130704.508,refuse,6,185,
130705.624,start,0,170,
130711.687,conflict-at-land,7,148,
130717.101,start,2,186,
130719.508,refuse,6,185,
130726.687,refuse,7,148,
130734.508,refuse,6,185,
130736.319,conflict-at-land,2,186,
130741.687,start,7,148,
130749.508,refuse,6,185,
130751.319,refuse,2,186,
130761.198,conflict-at-land,3,184,
130764.508,refuse,6,185,
130766.319,refuse,2,186,
130776.198,start,3,184,
130777.699,conflict-at-land,0,170,
130779.508,refuse,6,185,
130781.319,refuse,2,186,
130792.699,start,0,170,
130794.508,refuse,6,185,
130796.319,refuse,2,186,
130809.508,refuse,6,185,
130811.319,refuse,2,186,
130824.508,refuse,6,185,
130826.319,refuse,2,186,
130829.426,conflict-at-land,4,140,
130839.508,refuse,6,185,
130841.319,refuse,2,186,
130844.426,start,4,140,
130854.508,refuse,6,185,
130856.319,refuse,2,186,
130868.77,conflict-at-land,3,184,
130869.508,refuse,6,185,
130871.319,refuse,2,186,
130877.585,conflict-at-land,0,170,
130883.77,start,3,184,
130884.508,refuse,6,185,
130886.319,refuse,2,186,
130892.585,start,0,170,
130899.508,refuse,6,185,
130901.319,refuse,2,186,
130914.508,refuse,6,185,
130916.319,refuse,2,186,
130929.508,refuse,6,185,
130931.319,refuse,2,186,
130944.508,refuse,6,185,
130946.319,refuse,2,186,
130959.508,refuse,6,185,
130961.319,refuse,2,186,
130974.508,refuse,6,185,
130976.319,refuse,2,186,
130978.618,conflict-at-land,0,170,
130981.29,conflict-at-land,3,184,
130989.508,refuse,6,185,
130991.319,refuse,2,186,
130993.618,start,0,170,
130996.29,start,3,184,
131004.508,refuse,6,185,
131006.319,refuse,2,186,
131019.508,refuse,6,185,
131021.319,refuse,2,186,
131034.508,refuse,6,185,
131036.319,refuse,2,186,
131049.508,refuse,6,185,
131051.319,refuse,2,186,
131064.508,refuse,6,185,
131066.319,refuse,2,186,
131071.092,conflict-at-land,0,170,
131079.508,refuse,6,185,
131081.319,refuse,2,186,
131086.092,start,0,170,
131094.508,refuse,6,185,
131096.319,refuse,2,186,
131109.508,refuse,6,185,
131111.319,refuse,2,186,
131114.511,conflict-at-land,3,184,
131124.36,conflict-at-land,4,140,
131124.508,refuse,6,185,
131126.319,refuse,2,186,
131129.511,start,3,184,
131139.36,start,4,140,
131139.508,refuse,6,185,
131141.319,refuse,2,186,
131154.508,refuse,6,185,
131156.319,refuse,2,186,
131163.676,conflict-at-land,0,170,
131169.508,refuse,6,185,
131171.319,refuse,2,186,
131178.676,start,0,170,
131184.508,refuse,6,185,
131186.319,refuse,2,186,
131199.508,refuse,6,185,
131201.319,refuse,2,186,
131214.508,refuse,6,185,
131216.319,refuse,2,186,
131229.508,refuse,6,185,
131231.319,refuse,2,186,
131240.698,conflict-at-land,3,184,
131244.508,refuse,6,185,
131246.319,refuse,2,186,
131255.698,start,3,184,
131259.508,refuse,6,185,
131261.319,refuse,2,186,
131274.508,refuse,6,185,
131276.319,refuse,2,186,
131286.246,conflict-at-land,0,170,
131289.508,refuse,6,185,
131291.319,refuse,2,186,
131301.246,start,0,170,
131304.508,refuse,6,185,
131306.319,refuse,2,186,
131319.508,refuse,6,185,
131321.319,refuse,2,186,
131334.508,refuse,6,185,
131336.319,refuse,2,186,
131349.508,refuse,6,185,
131351.319,refuse,2,186,
131360.372,conflict-at-land,3,184,
131364.508,refuse,6,185,
131366.319,refuse,2,186,
131375.372,start,3,184,
131379.508,refuse,6,185,
131381.319,refuse,2,186,
131394.508,refuse,6,185,
131394.91,conflict-at-land,0,170,
131396.319,refuse,2,186,
131409.508,refuse,6,185,
131409.91,start,0,170,
131411.319,refuse,2,186,
131424.508,refuse,6,185,
131426.319,refuse,2,186,
131439.508,refuse,6,185,
131441.319,refuse,2,186,
131447.229,conflict-at-land,4,140,
131454.508,refuse,6,185,
131456.319,refuse,2,186,
131457.16,conflict-at-land,5,141,
131462.229,start,4,140,
131469.508,refuse,6,185,
131471.319,refuse,2,186,
131472.16,start,5,141,
131482.584,conflict-at-land,3,184,
131484.508,refuse,6,185,
131486.319,refuse,2,186,
131497.584,start,3,184,
131499.508,refuse,6,185,
131501.319,refuse,2,186,
131514.494,conflict-at-land,0,170,
131514.508,refuse,6,185,
131516.319,refuse,2,186,
131529.494,start,0,170,
131529.508,refuse,6,185,
131531.319,refuse,2,186,
131544.508,refuse,6,185,
131546.319,refuse,2,186,
131559.508,refuse,6,185,
131561.319,refuse,2,186,
131574.508,refuse,6,185,
131576.319,refuse,2,186,
131589.508,refuse,6,185,
131591.319,refuse,2,186,
131597.992,conflict-at-land,0,170,
131604.508,refuse,6,185,
131606.319,refuse,2,186,
131606.837,conflict-at-land,3,184,
131612.992,start,0,170,
131619.508,refuse,6,185,
131621.319,refuse,2,186,
131621.837,start,3,184,
131634.508,refuse,6,185,
131636.319,refuse,2,186,
131649.508,refuse,6,185,
131651.319,refuse,2,186,
131664.508,refuse,6,185,
131666.319,refuse,2,186,
131679.508,refuse,6,185,
131681.319,refuse,2,186,
131684.06,conflict-at-land,0,170,
131694.508,refuse,6,185,
131696.319,refuse,2,186,
131697.316,conflict-at-land,3,184,
131699.06,start,0,170,
131709.508,refuse,6,185,
131711.319,refuse,2,186,
131712.316,start,3,184,
131724.508,refuse,6,185,
131726.319,refuse,2,186,
131739.508,refuse,6,185,
131741.319,refuse,2,186,
131754.508,refuse,6,185,
131756.063,conflict-at-land,4,140,
131756.319,refuse,2,186,
131769.508,refuse,6,185,
131771.063,start,4,140,
131771.319,refuse,2,186,
131784.508,refuse,6,185,
131786.319,refuse,2,186,
131799.508,refuse,6,185,
131801.319,refuse,2,186,
131808.839,conflict-at-land,0,170,
131814.508,refuse,6,185,
131816.319,refuse,2,186,
131819.151,conflict-at-land,3,184,
131823.839,start,0,170,
131829.508,refuse,6,185,
131831.319,refuse,2,186,
131834.151,start,3,184,
131844.508,refuse,6,185,
131846.319,refuse,2,186,
131859.508,refuse,6,185,
131861.319,refuse,2,186,
131874.508,refuse,6,185,
131876.319,refuse,2,186,
131889.508,refuse,6,185,
131891.319,refuse,2,186,
131895.715,conflict-at-land,7,148,
131904.508,start,6,185,
131906.319,refuse,2,186,
131909.798,conflict-at-land,6,185,
131910.715,start,7,148,
131921.319,refuse,2,186,
131924.798,refuse,6,185,
131930.154,conflict-at-land,3,184,
131936.319,refuse,2,186,
131938.812,conflict-at-land,0,170,
131939.798,refuse,6,185,
131945.154,start,3,184,
131951.319,refuse,2,186,
131953.812,start,0,170,
131954.798,refuse,6,185,
131966.319,refuse,2,186,
131969.798,refuse,6,185,
131976.328,conflict-at-land,5,141,
131981.319,refuse,2,186,
131984.798,refuse,6,185,
131991.328,start,5,141,
131996.319,refuse,2,186,
131999.798,refuse,6,185,
132011.319,refuse,2,186,
132014.798,refuse,6,185,
132026.319,refuse,2,186,
132029.798,refuse,6,185,
132037.39,conflict-at-land,4,140,
132041.319,refuse,2,186,
132044.798,refuse,6,185,
132051.379,conflict-at-land,0,170,
132052.39,start,4,140,
132055.36,conflict-at-land,3,184,
132056.319,refuse,2,186,
132059.798,refuse,6,185,
132066.379,start,0,170,
132070.36,start,3,184,
132071.319,refuse,2,186,
132074.798,refuse,6,185,
132086.319,refuse,2,186,
132089.798,refuse,6,185,
132101.319,refuse,2,186,
132104.798,refuse,6,185,
132116.319,refuse,2,186,
132119.798,refuse,6,185,
132131.319,refuse,2,186,
132134.407,conflict-at-land,0,170,
132134.798,refuse,6,185,
132146.319,refuse,2,186,
132149.407,start,0,170,
132149.798,refuse,6,185,
132161.319,refuse,2,186,
132164.798,refuse,6,185,
132176.319,refuse,2,186,
132178.274,conflict-at-land,3,184,
132179.798,refuse,6,185,
132191.319,refuse,2,186,
132193.274,start,3,184,
132194.798,refuse,6,185,
132206.319,refuse,2,186,
132209.798,refuse,6,185,
132221.319,refuse,2,186,
132224.798,refuse,6,185,
132236.319,refuse,2,186,
132239.798,refuse,6,185,
132251.319,refuse,2,186,
132254.798,refuse,6,185,
132266.319,refuse,2,186,
132269.798,refuse,6,185,
132269.873,conflict-at-land,0,170,
132281.319,refuse,2,186,
132284.798,refuse,6,185,
132284.873,start,0,170,
132288.379,conflict-at-land,3,184,
132296.319,refuse,2,186,
132299.798,refuse,6,185,
132303.379,start,3,184,
132311.319,refuse,2,186,
132314.798,refuse,6,185,
132326.319,refuse,2,186,
132329.798,refuse,6,185,
132341.319,refuse,2,186,
132344.798,refuse,6,185,
132356.319,refuse,2,186,
132359.798,refuse,6,185,
132371.319,refuse,2,186,
132371.633,conflict-at-land,0,170,
132374.798,refuse,6,185,
132386.319,refuse,2,186,
132386.633,start,0,170,
132389.798,refuse,6,185,
132401.319,refuse,2,186,
132402.706,conflict-at-land,4,140,
132404.798,refuse,6,185,
132416.319,refuse,2,186,
132417.706,start,4,140,
132419.798,refuse,6,185,
132421.402,conflict-at-land,3,184,
132431.319,refuse,2,186,
132434.798,refuse,6,185,
132436.402,start,3,184,
132446.319,refuse,2,186,
132449.056,conflict-at-land,5,141,
132449.798,refuse,6,185,
132461.198,conflict-at-land,0,170,
132461.319,refuse,2,186,
132464.056,start,5,141,
132464.798,refuse,6,185,
132476.198,start,0,170,
132476.319,refuse,2,186,
132479.798,refuse,6,185,
132491.319,refuse,2,186,
132494.798,refuse,6,185,
132506.319,refuse,2,186,
132509.798,refuse,6,185,
132509.798,abandon,6,185,
132509.798,start,6,187,
132514.368,land,6,187,
132514.368,refuse,6,188,
132521.319,refuse,2,186,
132529.368,refuse,6,188,
132535.986,conflict-at-land,3,184,
132536.319,refuse,2,186,
132544.368,refuse,6,188,
132550.986,start,3,184,
132551.319,refuse,2,186,
132559.368,refuse,6,188,
132566.319,refuse,2,186,
132574.368,refuse,6,188,
132581.319,refuse,2,186,
132583.608,conflict-at-land,0,170,
132589.368,refuse,6,188,
132596.319,refuse,2,186,
132598.608,start,0,170,
132604.368,refuse,6,188,
132611.319,refuse,2,186,
132619.368,refuse,6,188,
132626.319,refuse,2,186,
132634.368,refuse,6,188,
132641.319,refuse,2,186,
132649.368,refuse,6,188,
132656.319,refuse,2,186,
132664.368,refuse,6,188,
132666.088,conflict-at-land,3,184,
132671.319,refuse,2,186,
132679.368,refuse,6,188,
132681.088,start,3,184,
132686.319,refuse,2,186,
132693.846,conflict-at-land,0,170,
132694.368,refuse,6,188,
132701.319,refuse,2,186,
132708.846,start,0,170,
132709.368,refuse,6,188,
132716.319,refuse,2,186,
132724.368,refuse,6,188,
132730.478,conflict-at-land,1,149,
132731.319,refuse,2,186,
132739.368,refuse,6,188,
132742.702,conflict-at-land,4,140,
132745.478,start,1,149,
132746.319,refuse,2,186,
132754.368,refuse,6,188,
132757.702,start,4,140,
132761.319,refuse,2,186,
132765.318,conflict-at-land,7,148,
132769.368,refuse,6,188,
132776.319,start,2,186,
132780.318,refuse,7,148,
132784.368,refuse,6,188,
132787.413,conflict-at-land,2,186,
132793.62,conflict-at-land,3,184,
132795.318,start,7,148,
132799.368,refuse,6,188,
132802.413,refuse,2,186,
132803.872,conflict-at-land,0,170,
132808.62,start,3,184,
132814.368,refuse,6,188,
132817.413,refuse,2,186,
132818.872,start,0,170,
132829.368,refuse,6,188,
132832.413,refuse,2,186,
132844.368,refuse,6,188,
132847.413,refuse,2,186,
132859.368,refuse,6,188,
132862.413,refuse,2,186,
132874.368,refuse,6,188,
132877.413,refuse,2,186,
132889.368,refuse,6,188,
132892.413,refuse,2,186,
132904.368,refuse,6,188,
132906.099,conflict-at-land,3,184,
132907.413,refuse,2,186,
132916.438,conflict-at-land,0,170,
132919.368,refuse,6,188,
132921.099,start,3,184,
132922.413,refuse,2,186,
132931.438,start,0,170,
132934.368,refuse,6,188,
132937.413,refuse,2,186,
132949.368,refuse,6,188,
132952.413,refuse,2,186,
132964.368,refuse,6,188,
132967.413,refuse,2,186,
132979.368,refuse,6,188,
132982.413,refuse,2,186,
132986.552,conflict-at-land,3,184,
132994.368,refuse,6,188,
132997.413,refuse,2,186,
133001.552,start,3,184,
133009.368,refuse,6,188,
133012.413,refuse,2,186,
133024.368,refuse,6,188,
133027.413,refuse,2,186,
133039.368,refuse,6,188,
133042.413,refuse,2,186,
133049.057,conflict-at-land,0,170,
133054.368,refuse,6,188,
133057.413,refuse,2,186,
133064.057,start,0,170,
133069.368,refuse,6,188,
133072.413,refuse,2,186,
133084.368,refuse,6,188,
133087.413,refuse,2,186,
133099.368,refuse,6,188,
133102.413,refuse,2,186,
133113.219,conflict-at-land,3,184,
133114.368,refuse,6,188,
133117.413,refuse,2,186,
133128.219,start,3,184,
133129.368,refuse,6,188,
133132.413,refuse,2,186,
133133.351,conflict-at-land,5,141,
133144.368,refuse,6,188,
133147.413,refuse,2,186,
133148.351,start,5,141,
133152.511,conflict-at-land,0,170,
133159.368,refuse,6,188,
133162.413,refuse,2,186,
133167.511,start,0,170,
133174.368,refuse,6,188,
133177.413,refuse,2,186,
133178.154,conflict-at-land,4,140,
133189.368,refuse,6,188,
133192.413,refuse,2,186,
133193.154,start,4,140,
133196.808,conflict-at-land,3,184,
133204.368,refuse,6,188,
133207.413,refuse,2,186,
133211.808,start,3,184,
133219.368,refuse,6,188,
133222.413,refuse,2,186,
133234.368,refuse,6,188,
133237.413,refuse,2,186,
133249.368,refuse,6,188,
133252.413,refuse,2,186,
133264.368,refuse,6,188,
133266.077,conflict-at-land,0,170,
133267.413,refuse,2,186,
133279.368,refuse,6,188,
133281.077,start,0,170,
133282.413,refuse,2,186,
133294.368,refuse,6,188,
133297.413,refuse,2,186,
133309.368,refuse,6,188,
133312.338,conflict-at-land,3,184,
133312.413,refuse,2,186,
133324.368,refuse,6,188,
133327.338,start,3,184,
133327.413,refuse,2,186,
133339.368,refuse,6,188,
133342.413,refuse,2,186,
133350.622,conflict-at-land,0,170,
133354.368,refuse,6,188,
133357.413,refuse,2,186,
133365.622,start,0,170,
133369.368,refuse,6,188,
133372.413,refuse,2,186,
133384.368,refuse,6,188,
133387.413,refuse,2,186,
133399.368,refuse,6,188,
133402.413,refuse,2,186,
133404.928,conflict-at-land,3,184,
133414.368,refuse,6,188,
133417.413,refuse,2,186,
133419.928,start,3,184,
133429.368,refuse,6,188,
133432.413,refuse,2,186,
133444.368,refuse,6,188,
133447.413,refuse,2,186,
133450.673,conflict-at-land,4,140,
133459.368,refuse,6,188,
133462.413,refuse,2,186,
133465.673,start,4,140,
133474.368,refuse,6,188,
133477.126,conflict-at-land,0,170,
133477.413,refuse,2,186,
133489.368,refuse,6,188,
133492.126,start,0,170,
133492.413,refuse,2,186,
133504.368,refuse,6,188,
133507.413,refuse,2,186,
133519.368,refuse,6,188,
133522.413,refuse,2,186,
133528.298,conflict-at-land,3,184,
133534.368,refuse,6,188,
133537.413,refuse,2,186,
133543.298,start,3,184,
133549.368,refuse,6,188,
133552.413,refuse,2,186,
133564.368,refuse,6,188,
133567.413,refuse,2,186,
133567.413,abandon,2,186,
133567.413,start,2,189,
133579.368,refuse,6,188,
133580.585,land,2,189,
133580.585,start,2,190,
133587.197,land,2,190,
133587.197,start,2,191,
133594.368,refuse,6,188,
133609.368,refuse,6,188,
133611.274,conflict-at-land,0,170,
133618.311,conflict-at-land,3,184,
133624.368,refuse,6,188,
133626.274,start,0,170,
133629.749,conflict-at-land,2,191,
133633.311,start,3,184,
133639.368,refuse,6,188,
133644.749,start,2,191,
133654.368,refuse,6,188,
133669.368,refuse,6,188,
133684.368,refuse,6,188,
133695.329,conflict-at-land,0,170,
133699.368,refuse,6,188,
133703.556,conflict-at-land,2,191,
133710.329,start,0,170,
133714.368,refuse,6,188,
133718.556,start,2,191,
133721.085,conflict-at-land,3,184,
133729.368,refuse,6,188,
133736.085,start,3,184,
133744.368,refuse,6,188,
133759.368,refuse,6,188,
133761.32,conflict-at-land,2,191,
133774.368,refuse,6,188,
133776.32,start,2,191,
133789.368,refuse,6,188,
133804.368,refuse,6,188,
133807.432,conflict-at-land,4,140,
133816.784,conflict-at-land,0,170,
133819.368,refuse,6,188,
133821.403,conflict-at-land,2,191,
133822.432,start,4,140,
133831.784,start,0,170,
133834.368,refuse,6,188,
133836.403,start,2,191,
133840.118,conflict-at-land,3,184,
133849.368,refuse,6,188,
133855.118,start,3,184,
133864.368,refuse,6,188,
133870.377,conflict-at-land,2,191,
133879.368,refuse,6,188,
133885.377,start,2,191,
133894.368,refuse,6,188,
133905.957,conflict-at-land,5,141,
133909.368,refuse,6,188,
133920.957,start,5,141,
133923.294,conflict-at-land,0,170,
133924.368,refuse,6,188,
133929.334,conflict-at-land,2,191,
133938.294,start,0,170,
133939.368,refuse,6,188,
133944.334,start,2,191,
133954.368,refuse,6,188,
133969.368,refuse,6,188,
133971.091,conflict-at-land,3,184,
133984.368,refuse,6,188,
133986.091,start,3,184,
133999.368,refuse,6,188,
134001.731,conflict-at-land,2,191,
134014.368,refuse,6,188,
134016.731,start,2,191,
134029.368,refuse,6,188,
134037.013,conflict-at-land,0,170,
134044.368,refuse,6,188,
134052.013,start,0,170,
134052.783,conflict-at-land,2,191,
134059.368,refuse,6,188,
134067.783,start,2,191,
134074.368,refuse,6,188,
134079.11,conflict-at-land,3,184,
134089.368,refuse,6,188,
134094.11,start,3,184,
134104.368,refuse,6,188,
134109.729,conflict-at-land,7,148,
134118.809,conflict-at-land,2,191,
134119.368,refuse,6,188,
134124.729,start,7,148,
134133.809,start,2,191,
134134.368,refuse,6,188,
134149.368,refuse,6,188,
134157.813,conflict-at-land,0,170,
134164.368,refuse,6,188,
134172.813,start,0,170,
134178.521,conflict-at-land,2,191,
134179.368,refuse,6,188,
134191.272,conflict-at-land,3,184,
134193.521,start,2,191,
134194.368,refuse,6,188,
134206.272,start,3,184,
134209.368,refuse,6,188,
134224.368,refuse,6,188,
134238.042,conflict-at-land,2,191,
134239.368,refuse,6,188,
134248.778,conflict-at-land,4,140,
134253.042,start,2,191,
134254.368,refuse,6,188,
134263.778,start,4,140,
134269.368,refuse,6,188,
134284.368,refuse,6,188,
134285.088,conflict-at-land,0,170,
134286.742,conflict-at-land,3,184,
134299.368,refuse,6,188,
134300.088,start,0,170,
134301.742,start,3,184,
134311.338,conflict-at-land,2,191,
134314.368,refuse,6,188,
134326.338,start,2,191,
134329.368,refuse,6,188,
134344.368,refuse,6,188,
134359.368,refuse,6,188,
134373.281,conflict-at-land,2,191,
134374.368,refuse,6,188,
134386.725,conflict-at-land,3,184,
134388.281,start,2,191,
134389.368,refuse,6,188,
134401.725,start,3,184,
134404.368,refuse,6,188,
134419.368,refuse,6,188,
134419.882,conflict-at-land,0,170,
134430.71,conflict-at-land,2,191,
134434.368,refuse,6,188,
134434.882,start,0,170,
134445.71,start,2,191,
134449.368,refuse,6,188,
134464.368,refuse,6,188,
134470.01,conflict-at-land,3,184,
134474.782,conflict-at-land,1,149,
134479.368,refuse,6,188,
134485.01,start,3,184,
134489.782,start,1,149,
134490.298,conflict-at-land,2,191,
134494.368,refuse,6,188,
134505.298,start,2,191,
134509.368,refuse,6,188,
134517.463,conflict-at-land,0,170,
134524.368,refuse,6,188,
134532.463,start,0,170,
134539.368,refuse,6,188,
134554.368,refuse,6,188,
134563.535,conflict-at-land,2,191,
134569.368,refuse,6,188,
134578.535,start,2,191,
134584.368,refuse,6,188,
134591.313,conflict-at-land,4,140,
134599.368,refuse,6,188,
134599.994,conflict-at-land,3,184,
134606.313,start,4,140,
134614.368,refuse,6,188,
134614.994,start,3,184,
134619.531,conflict-at-land,2,191,
134620.046,conflict-at-land,0,170,
134629.368,refuse,6,188,
134634.531,start,2,191,
134635.046,start,0,170,
134644.368,refuse,6,188,
134657.416,conflict-at-land,5,141,
134659.368,refuse,6,188,
134672.416,start,5,141,
134674.368,refuse,6,188,
134685.2,conflict-at-land,2,191,
134686.561,conflict-at-land,3,184,
134689.368,refuse,6,188,
134700.2,start,2,191,
134701.561,start,3,184,
134704.368,refuse,6,188,
134719.368,refuse,6,188,
134734.368,refuse,6,188,
134740.196,conflict-at-land,2,191,
134749.368,refuse,6,188,
134751.856,conflict-at-land,0,170,
134755.196,start,2,191,
134764.368,refuse,6,188,
134766.856,start,0,170,
134779.368,refuse,6,188,
134794.368,refuse,6,188,
134806.896,conflict-at-land,2,191,
134809.368,refuse,6,188,
134818.76,conflict-at-land,3,184,
134821.896,start,2,191,
134824.368,refuse,6,188,
134833.76,start,3,184,
134833.91,conflict-at-land,0,170,
134839.368,refuse,6,188,
134848.91,start,0,170,
134854.368,refuse,6,188,
134858.383,conflict-at-land,2,191,
134869.368,refuse,6,188,
134873.383,start,2,191,
134884.368,refuse,6,188,
134899.368,refuse,6,188,
134903.606,conflict-at-land,3,184,
134914.368,refuse,6,188,
134914.416,conflict-at-land,0,170,
134918.606,start,3,184,
134921.693,conflict-at-land,2,191,
134929.368,refuse,6,188,
134929.416,start,0,170,
134936.693,start,2,191,
134944.368,refuse,6,188,
134959.368,refuse,6,188,
134974.368,refuse,6,188,
134982.738,conflict-at-land,7,148,
134989.368,refuse,6,188,
134996.672,conflict-at-land,2,191,
134997.738,start,7,148,
135004.368,refuse,6,188,
135011.672,start,2,191,
135016.869,conflict-at-land,3,184,
135019.368,refuse,6,188,
135021.203,conflict-at-land,4,140,
135031.682,conflict-at-land,0,170,
135031.869,start,3,184,
135034.368,refuse,6,188,
135036.203,start,4,140,
135046.682,start,0,170,
135049.368,refuse,6,188,
135064.368,refuse,6,188,
135064.916,conflict-at-land,2,191,
135079.368,refuse,6,188,
135079.916,start,2,191,
135094.368,refuse,6,188,
135099.292,conflict-at-land,3,184,
135109.368,refuse,6,188,
135114.292,start,3,184,
135120.026,conflict-at-land,0,170,
135124.368,refuse,6,188,
135128.802,conflict-at-land,2,191,
135135.026,start,0,170,
135139.368,refuse,6,188,
135143.802,start,2,191,
135154.368,refuse,6,188,
135169.368,refuse,6,188,
135182.58,conflict-at-land,3,184,
135184.368,refuse,6,188,
135197.58,start,3,184,
135199.368,refuse,6,188,
135204.187,conflict-at-land,2,191,
135205.215,conflict-at-land,0,170,
135214.368,refuse,6,188,
135219.187,start,2,191,
135220.215,start,0,170,
135229.368,refuse,6,188,
135244.368,refuse,6,188,
135259.368,refuse,6,188,
135265.906,conflict-at-land,3,184,
135274.32,conflict-at-land,2,191,
135274.368,refuse,6,188,
135280.906,start,3,184,
135289.32,start,2,191,
135289.368,refuse,6,188,
135300.072,conflict-at-land,0,170,
135304.368,refuse,6,188,
135315.072,start,0,170,
135319.368,refuse,6,188,
135324.339,conflict-at-land,2,191,
135334.368,refuse,6,188,
135339.339,start,2,191,
135349.243,conflict-at-land,3,184,
135349.368,refuse,6,188,
135359.802,conflict-at-land,4,140,
135364.243,start,3,184,
135364.368,refuse,6,188,
135374.802,start,4,140,
135379.368,refuse,6,188,
135384.85,conflict-at-land,2,191,
135391.644,conflict-at-land,0,170,
135394.368,refuse,6,188,
135399.85,start,2,191,
135406.644,start,0,170,
135409.368,refuse,6,188,
135424.368,refuse,6,188,
135438.443,conflict-at-land,2,191,
135439.368,refuse,6,188,
135439.827,conflict-at-land,3,184,
135453.443,start,2,191,
135454.368,refuse,6,188,
135454.827,start,3,184,
135469.368,refuse,6,188,
135483.057,conflict-at-land,5,141,
135484.368,refuse,6,188,
135493.356,conflict-at-land,0,170,
135497.233,conflict-at-land,2,191,
135498.057,start,5,141,
135499.368,refuse,6,188,
135508.356,start,0,170,
135512.233,start,2,191,
135514.368,refuse,6,188,
135514.368,abandon,6,188,
135514.368,refuse,6,192,
135529.368,refuse,6,192,
135544.368,refuse,6,192,
135556.32,conflict-at-land,3,184,
135559.368,refuse,6,192,
135562.39,conflict-at-land,2,191,
135571.32,start,3,184,
135574.368,refuse,6,192,
135577.39,start,2,191,
135589.368,refuse,6,192,
135600.451,conflict-at-land,0,170,
135604.368,refuse,6,192,
135615.451,start,0,170,
135619.368,refuse,6,192,
135633.434,conflict-at-land,2,191,
135634.368,refuse,6,192,
135648.434,start,2,191,
135649.368,refuse,6,192,
135652.645,conflict-at-land,3,184,
135664.368,refuse,6,192,
135667.645,start,3,184,
135679.368,refuse,6,192,
135684.763,conflict-at-land,2,191,
135694.368,refuse,6,192,
135695.36,conflict-at-land,4,140,
135699.763,start,2,191,
135709.368,refuse,6,192,
135710.36,start,4,140,
135724.368,refuse,6,192,
135729.958,conflict-at-land,0,170,
135739.368,refuse,6,192,
135744.958,start,0,170,
135748.732,conflict-at-land,2,191,
135752.88,conflict-at-land,3,184,
135754.368,refuse,6,192,
135763.732,start,2,191,
135767.88,start,3,184,
135769.368,refuse,6,192,
135784.368,refuse,6,192,
135797.599,conflict-at-land,2,191,
135799.368,refuse,6,192,
135812.599,start,2,191,
135814.368,refuse,6,192,
135829.368,refuse,6,192,
135843.215,conflict-at-land,0,170,
135844.368,refuse,6,192,
135850.041,conflict-at-land,2,191,
135857.948,conflict-at-land,3,184,
135858.215,start,0,170,
135859.368,refuse,6,192,
135865.041,start,2,191,
135872.948,start,3,184,
135874.368,refuse,6,192,
135889.368,refuse,6,192,
135899.095,conflict-at-land,7,148,
135904.368,refuse,6,192,
135914.095,start,7,148,
135919.368,refuse,6,192,
135921.658,conflict-at-land,2,191,
135934.368,refuse,6,192,
135936.658,start,2,191,
135937.138,conflict-at-land,0,170,
135948.686,conflict-at-land,3,184,
135949.368,refuse,6,192,
135952.138,start,0,170,
135955.819,conflict-at-land,5,141,
135963.686,start,3,184,
135964.368,refuse,6,192,
135970.819,start,5,141,
135979.368,refuse,6,192,
135993.133,conflict-at-land,2,191,
135994.368,refuse,6,192,
136008.133,start,2,191,
136009.368,refuse,6,192,
136024.368,refuse,6,192,
136039.368,refuse,6,192,
136054.368,refuse,6,192,
136059.785,conflict-at-land,0,170,
136060.165,conflict-at-land,2,191,
136062.918,conflict-at-land,3,184,
136069.368,refuse,6,192,
136074.785,start,0,170,
136075.165,start,2,191,
136077.918,start,3,184,
136084.368,refuse,6,192,
136099.368,refuse,6,192,
136114.368,refuse,6,192,
136129.368,refuse,6,192,
136137.534,conflict-at-land,2,191,
136141.374,conflict-at-land,4,140,
136144.368,refuse,6,192,
136152.534,start,2,191,
136155.957,conflict-at-land,3,184,
136156.374,start,4,140,
136159.368,refuse,6,192,
136170.943,conflict-at-land,0,170,
136170.957,start,3,184,
136174.368,refuse,6,192,
136185.943,start,0,170,
136189.368,refuse,6,192,
136204.368,refuse,6,192,
136206.677,conflict-at-land,2,191,
136219.368,refuse,6,192,
136221.677,start,2,191,
136234.368,refuse,6,192,
136249.368,refuse,6,192,
136252.503,conflict-at-land,0,170,
136262.402,conflict-at-land,2,191,
136264.368,refuse,6,192,
136267.503,start,0,170,
136276.705,conflict-at-land,3,184,
136277.402,start,2,191,
136279.368,refuse,6,192,
136282.935,conflict-at-land,1,149,
136291.705,start,3,184,
136294.368,start,6,192,
136297.935,refuse,1,149,
136312.761,conflict-at-land,2,191,
136312.935,refuse,1,149,
136327.761,start,2,191,
136327.935,refuse,1,149,
136342.935,refuse,1,149,
136357.935,refuse,1,149,
136362.989,conflict-at-land,2,191,
136368.748,conflict-at-land,0,170,
136371.952,conflict-at-land,3,184,
136372.935,refuse,1,149,
136377.989,start,2,191,
136383.748,start,0,170,
136386.952,start,3,184,
136387.935,refuse,1,149,
136402.935,refuse,1,149,
136412.823,conflict-at-land,2,191,
136417.935,refuse,1,149,
136427.823,start,2,191,
136432.935,refuse,1,149,
136447.935,refuse,1,149,
136462.935,refuse,1,149,
136472.741,conflict-at-land,0,170,
136473.788,conflict-at-land,3,184,
136477.935,refuse,1,149,
136486.935,conflict-at-land,6,192,
136487.741,start,0,170,
136488.788,start,3,184,
136489.346,conflict-at-land,2,191,
136492.935,start,1,149,
136501.935,refuse,6,192,
136504.346,start,2,191,
136516.935,refuse,6,192,
136531.935,refuse,6,192,
136546.935,refuse,6,192,
136553.467,conflict-at-land,2,191,
136561.935,refuse,6,192,
136568.467,start,2,191,
136576.935,refuse,6,192,
136583.975,conflict-at-land,4,140,
136589.813,conflict-at-land,5,141,
136591.935,refuse,6,192,
136594.304,conflict-at-land,3,184,
136598.975,start,4,140,
136601.121,conflict-at-land,0,170,
136604.813,start,5,141,
136606.935,refuse,6,192,
136607.615,conflict-at-land,2,191,
136609.304,start,3,184,
136616.121,start,0,170,
136621.935,refuse,6,192,
136622.615,start,2,191,
136636.935,refuse,6,192,
136651.935,refuse,6,192,
136666.935,refuse,6,192,
136671.813,conflict-at-land,2,191,
136681.935,refuse,6,192,
136686.813,start,2,191,
136691.83,conflict-at-land,0,170,
136696.935,refuse,6,192,
136706.83,start,0,170,
136711.935,refuse,6,192,
136724.189,conflict-at-land,3,184,
136726.935,refuse,6,192,
136739.189,start,3,184,
136739.475,conflict-at-land,2,191,
136741.935,refuse,6,192,
136754.11,conflict-at-land,7,148,
136754.475,start,2,191,
136756.935,refuse,6,192,
136769.11,start,7,148,
136771.935,refuse,6,192,
136786.935,refuse,6,192,
136794.605,conflict-at-land,2,191,
136801.935,refuse,6,192,
136805.286,conflict-at-land,3,184,
136809.605,start,2,191,
136816.935,refuse,6,192,
136818.775,conflict-at-land,0,170,
136820.286,start,3,184,
136831.935,refuse,6,192,
136833.775,start,0,170,
136846.935,refuse,6,192,
136855.974,conflict-at-land,2,191,
136861.935,refuse,6,192,
136870.974,start,2,191,
136876.935,refuse,6,192,
136891.935,refuse,6,192,
136906.935,refuse,6,192,
136921.935,refuse,6,192,
136923.139,conflict-at-land,4,140,
136926.157,conflict-at-land,3,184,
136928.36,conflict-at-land,2,191,
136935.836,conflict-at-land,0,170,
136936.935,refuse,6,192,
136938.139,start,4,140,
136941.157,start,3,184,
136943.36,start,2,191,
136950.836,start,0,170,
136951.935,refuse,6,192,
136966.935,refuse,6,192,
136981.935,refuse,6,192,
136996.935,refuse,6,192,
136997.01,conflict-at-land,2,191,
137011.935,refuse,6,192,
137012.01,start,2,191,
137026.935,refuse,6,192,
137030.58,conflict-at-land,0,170,
137041.935,refuse,6,192,
137045.58,start,0,170,
137046.658,conflict-at-land,3,184,
137053.808,conflict-at-land,2,191,
137056.935,refuse,6,192,
137061.658,start,3,184,
137068.808,start,2,191,
137071.935,refuse,6,192,
137086.935,refuse,6,192,
137101.935,refuse,6,192,
137102.985,conflict-at-land,2,191,
137116.935,refuse,6,192,
137117.985,start,2,191,
137131.935,refuse,6,192,
137137.861,conflict-at-land,0,170,
137146.935,refuse,6,192,
137152.861,start,0,170,
137157.401,conflict-at-land,2,191,
137161.935,refuse,6,192,
137169.75,conflict-at-land,3,184,
137172.401,start,2,191,
137176.935,refuse,6,192,
137184.75,start,3,184,
137191.935,refuse,6,192,
137206.438,conflict-at-land,2,191,
137206.935,refuse,6,192,
137221.438,start,2,191,
137221.935,refuse,6,192,
137223.125,conflict-at-land,0,170,
137236.935,refuse,6,192,
137238.125,start,0,170,
137250.464,conflict-at-land,5,141,
137251.935,refuse,6,192,
137257.886,conflict-at-land,3,184,
137265.464,start,5,141,
137266.935,refuse,6,192,
137269.105,conflict-at-land,2,191,
137272.886,start,3,184,
137281.935,refuse,6,192,
137284.105,start,2,191,
137296.935,refuse,6,192,
137311.701,conflict-at-land,0,170,
137311.935,refuse,6,192,
137326.611,conflict-at-land,2,191,
137326.701,start,0,170,
137326.935,refuse,6,192,
137338.395,conflict-at-land,3,184,
137341.611,start,2,191,
137341.935,refuse,6,192,
137353.395,start,3,184,
137355.148,conflict-at-land,4,140,
137356.935,refuse,6,192,
137370.148,start,4,140,
137371.935,refuse,6,192,
137379.981,conflict-at-land,2,191,
137386.935,refuse,6,192,
137394.981,start,2,191,
137401.935,refuse,6,192,
137410.203,conflict-at-land,0,170,
137416.935,refuse,6,192,
137425.203,start,0,170,
137431.935,refuse,6,192,
137434.304,conflict-at-land,2,191,
137446.935,refuse,6,192,
137449.304,start,2,191,
137455.085,conflict-at-land,3,184,
137461.935,refuse,6,192,
137470.085,start,3,184,
137476.935,refuse,6,192,
137491.935,refuse,6,192,
137494.487,conflict-at-land,2,191,
137506.935,refuse,6,192,
137509.487,start,2,191,
137521.935,refuse,6,192,
137534.275,conflict-at-land,0,170,
137536.935,refuse,6,192,
137549.275,start,0,170,
137551.935,refuse,6,192,
137553.529,conflict-at-land,2,191,
137561.335,conflict-at-land,3,184,
137566.935,refuse,6,192,
137568.529,start,2,191,
137576.335,start,3,184,
137581.935,refuse,6,192,
137596.935,refuse,6,192,
137611.935,refuse,6,192,
137612.068,conflict-at-land,2,191,
137626.935,refuse,6,192,
137627.068,start,2,191,
137641.935,refuse,6,192,
137655.32,conflict-at-land,0,170,
137656.935,refuse,6,192,
137664.41,conflict-at-land,7,148,
137670.32,start,0,170,
137671.679,conflict-at-land,3,184,
137671.935,refuse,6,192,
137679.41,start,7,148,
137684.132,conflict-at-land,2,191,
137686.679,start,3,184,
137686.935,refuse,6,192,
137699.132,start,2,191,
137701.935,refuse,6,192,
137716.935,refuse,6,192,
137731.935,refuse,6,192,
137746.935,refuse,6,192,
137750.158,conflict-at-land,4,140,
137757.812,conflict-at-land,2,191,
137761.935,refuse,6,192,
137765.158,start,4,140,
137772.812,start,2,191,
137776.935,refuse,6,192,
137783.825,conflict-at-land,0,170,
137791.935,refuse,6,192,
137798.466,conflict-at-land,3,184,
137798.825,start,0,170,
137806.935,refuse,6,192,
137813.466,start,3,184,
137818.545,conflict-at-land,2,191,
137821.935,refuse,6,192,
137833.545,start,2,191,
137836.935,refuse,6,192,
137851.935,refuse,6,192,
137866.935,refuse,6,192,
137881.935,refuse,6,192,
137884.568,conflict-at-land,2,191,
137886.046,conflict-at-land,5,141,
137896.935,refuse,6,192,
137899.568,start,2,191,
137901.046,start,5,141,
137903.144,conflict-at-land,3,184,
137910.365,conflict-at-land,0,170,
137911.935,refuse,6,192,
137918.144,start,3,184,
137925.365,start,0,170,
137926.935,refuse,6,192,
137941.935,refuse,6,192,
137945.423,conflict-at-land,2,191,
137956.935,refuse,6,192,
137960.423,start,2,191,
137971.935,refuse,6,192,
137986.935,refuse,6,192,
138001.659,conflict-at-land,2,191,
138001.935,refuse,6,192,
138004.606,conflict-at-land,0,170,
138015.071,conflict-at-land,3,184,
138016.659,start,2,191,
138016.935,refuse,6,192,
138019.606,start,0,170,
138030.071,start,3,184,
138031.935,refuse,6,192,
138046.935,refuse,6,192,
138053.777,conflict-at-land,2,191,
138058.406,conflict-at-land,4,140,
138061.935,refuse,6,192,
138068.777,start,2,191,
138073.406,start,4,140,
138076.935,refuse,6,192,
138091.935,refuse,6,192,
138106.935,refuse,6,192,
138121.935,refuse,6,192,
138123.424,conflict-at-land,2,191,
138136.935,refuse,6,192,
138138.256,conflict-at-land,3,184,
138138.424,start,2,191,
138139.571,conflict-at-land,0,170,
138151.935,refuse,6,192,
138153.256,start,3,184,
138154.571,start,0,170,
138166.935,refuse,6,192,
138177.805,conflict-at-land,2,191,
138181.935,refuse,6,192,
138192.805,start,2,191,
138196.935,refuse,6,192,
138211.935,refuse,6,192,
138225.24,conflict-at-land,3,184,
138226.935,refuse,6,192,
138240.24,start,3,184,
138241.935,refuse,6,192,
138243.157,conflict-at-land,0,170,
138244.241,conflict-at-land,2,191,
138256.935,refuse,6,192,
138258.157,start,0,170,
138259.241,start,2,191,
138271.935,refuse,6,192,
138286.935,refuse,6,192,
138301.935,refuse,6,192,
138310.424,conflict-at-land,2,191,
138316.935,refuse,6,192,
138325.424,start,2,191,
138331.935,refuse,6,192,
138346.935,refuse,6,192,
138353.047,conflict-at-land,0,170,
138358.394,conflict-at-land,3,184,
138361.935,refuse,6,192,
138368.047,start,0,170,
138373.394,start,3,184,
138376.935,refuse,6,192,
138384.476,conflict-at-land,2,191,
138391.935,refuse,6,192,
138399.476,start,2,191,
138406.935,refuse,6,192,
138421.935,refuse,6,192,
138428.703,conflict-at-land,4,140,
138436.935,refuse,6,192,
138442.064,conflict-at-land,2,191,
138443.703,start,4,140,
138444.313,conflict-at-land,0,170,
138451.935,refuse,6,192,
138457.064,start,2,191,
138459.313,start,0,170,
138466.935,refuse,6,192,
138467.305,conflict-at-land,3,184,
138481.935,refuse,6,192,
138482.305,start,3,184,
138491.031,conflict-at-land,2,191,
138496.935,refuse,6,192,
138506.031,start,2,191,
138511.935,refuse,6,192,
138522.754,conflict-at-land,5,141,
138526.935,refuse,6,192,
138537.754,start,5,141,
138541.935,refuse,6,192,
138544.599,conflict-at-land,2,191,
138554.306,conflict-at-land,0,170,
138554.306,abandon,0,170,
138554.306,start,0,193,
138556.935,refuse,6,192,
138559.599,start,2,191,
138571.935,refuse,6,192,
138586.935,refuse,6,192,
138596.654,conflict-at-land,3,184,
138601.935,refuse,6,192,
138602.591,conflict-at-land,2,191,
138611.654,start,3,184,
138616.935,refuse,6,192,
138617.591,start,2,191,
138631.935,refuse,6,192,
138646.175,conflict-at-land,0,193,
138646.935,refuse,6,192,
138653.855,conflict-at-land,2,191,
138661.175,start,0,193,
138661.935,refuse,6,192,
138668.855,start,2,191,
138676.935,refuse,6,192,
138691.935,refuse,6,192,
138692.668,conflict-at-land,3,184,
138706.935,refuse,6,192,
138706.935,abandon,6,192,
138706.935,refuse,6,194,
138707.668,start,3,184,
138711.618,conflict-at-land,2,191,
138721.935,refuse,6,194,
138726.618,start,2,191,
138733.297,conflict-at-land,4,140,
138736.935,start,6,194,
138742.508,conflict-at-land,6,194,
138748.297,start,4,140,
138748.567,conflict-at-land,0,193,
138757.508,refuse,6,194,
138763.567,start,0,193,
138772.508,refuse,6,194,
138783.16,conflict-at-land,2,191,
138787.508,refuse,6,194,
138798.16,start,2,191,
138802.508,refuse,6,194,
138807.506,conflict-at-land,3,184,
138817.508,refuse,6,194,
138822.506,start,3,184,
138825.436,conflict-at-land,0,193,
138832.508,refuse,6,194,
138840.436,start,0,193,
138847.508,refuse,6,194,
138852.4,conflict-at-land,2,191,
138862.508,refuse,6,194,
138867.4,start,2,191,
138870.365,conflict-at-land,7,148,
138877.508,refuse,6,194,
138885.365,start,7,148,
138891.514,conflict-at-land,3,184,
138892.508,refuse,6,194,
138906.514,start,3,184,
138907.508,refuse,6,194,
138910.874,conflict-at-land,2,191,
138921.151,conflict-at-land,0,193,
138922.508,refuse,6,194,
138925.874,start,2,191,
138936.151,start,0,193,
138937.508,refuse,6,194,
138952.508,refuse,6,194,
138967.508,refuse,6,194,
138967.947,conflict-at-land,2,191,
138982.508,refuse,6,194,
138982.947,start,2,191,
138997.508,refuse,6,194,
139012.508,refuse,6,194,
139022.926,conflict-at-land,3,184,
139024.581,conflict-at-land,0,193,
139027.508,refuse,6,194,
139030.266,conflict-at-land,2,191,
139036.398,conflict-at-land,4,140,
139037.926,start,3,184,
139039.581,start,0,193,
139042.508,start,6,194,
139045.266,start,2,191,
139047.43,conflict-at-land,6,194,
139051.398,start,4,140,
139062.43,refuse,6,194,
139077.43,refuse,6,194,
139092.43,refuse,6,194,
139103.565,conflict-at-land,2,191,
139107.43,refuse,6,194,
139118.565,start,2,191,
139122.43,refuse,6,194,
139135.068,conflict-at-land,0,193,
139137.43,refuse,6,194,
139139.887,conflict-at-land,3,184,
139150.068,start,0,193,
139152.43,refuse,6,194,
139154.887,start,3,184,
139155.514,conflict-at-land,5,141,
139166.217,conflict-at-land,2,191,
139167.43,refuse,6,194,
139170.514,start,5,141,
139181.217,start,2,191,
139182.43,refuse,6,194,
139197.43,refuse,6,194,
139212.43,refuse,6,194,
139222.019,conflict-at-land,2,191,
139227.43,refuse,6,194,
139234.83,conflict-at-land,0,193,
139237.019,start,2,191,
139242.43,refuse,6,194,
139249.83,start,0,193,
139257.43,refuse,6,194,
139270.554,conflict-at-land,3,184,
139272.43,refuse,6,194,
139283.142,conflict-at-land,2,191,
139285.554,start,3,184,
139287.43,refuse,6,194,
139298.142,start,2,191,
139302.43,refuse,6,194,
139317.43,refuse,6,194,
139325.277,conflict-at-land,0,193,
139332.43,refuse,6,194,
139340.277,start,0,193,
139347.43,refuse,6,194,
139353.626,conflict-at-land,2,191,
139362.43,refuse,6,194,
139368.626,start,2,191,
139377.43,refuse,6,194,
139378.802,conflict-at-land,4,140,
139392.43,start,6,194,
139393.802,refuse,4,140,
139397.985,conflict-at-land,6,194,
139399.448,conflict-at-land,3,184,
139406.161,conflict-at-land,2,191,
139408.802,start,4,140,
139412.985,refuse,6,194,
139414.448,start,3,184,
139421.161,start,2,191,
139427.985,refuse,6,194,
139433.697,conflict-at-land,0,193,
139442.985,refuse,6,194,
139448.697,start,0,193,
139457.985,refuse,6,194,
139462.997,conflict-at-land,2,191,
139465.135,conflict-at-land,1,149,
139472.985,refuse,6,194,
139477.997,start,2,191,
139479.888,conflict-at-land,3,184,
139480.135,start,1,149,
139487.985,refuse,6,194,
139494.888,start,3,184,
139502.985,refuse,6,194,
139517.985,refuse,6,194,
139519.767,conflict-at-land,2,191,
139532.985,refuse,6,194,
139534.767,start,2,191,
139542.153,conflict-at-land,0,193,
139547.985,refuse,6,194,
139557.153,start,0,193,
139562.985,refuse,6,194,
139577.985,refuse,6,194,
139580.026,conflict-at-land,3,184,
139587.768,conflict-at-land,2,191,
139592.985,refuse,6,194,
139595.026,start,3,184,
139602.768,start,2,191,
139607.985,refuse,6,194,
139622.985,refuse,6,194,
139635.897,conflict-at-land,0,193,
139637.985,refuse,6,194,
139650.897,start,0,193,
139652.907,conflict-at-land,2,191,
139652.985,refuse,6,194,
139662.579,conflict-at-land,3,184,
139667.907,start,2,191,
139667.985,refuse,6,194,
139677.579,start,3,184,
139682.985,refuse,6,194,
139697.985,refuse,6,194,
139706.86,conflict-at-land,0,193,
139711.669,conflict-at-land,4,140,
139712.985,start,6,194,
139714.419,conflict-at-land,2,191,
139717.859,conflict-at-land,6,194,
139721.86,start,0,193,
139726.669,start,4,140,
139729.419,start,2,191,
139732.859,refuse,6,194,
139747.859,refuse,6,194,
139758.704,conflict-at-land,3,184,
139762.859,refuse,6,194,
139773.704,start,3,184,
139777.859,refuse,6,194,
139783.063,conflict-at-land,2,191,
139790.183,conflict-at-land,5,141,
139791.489,conflict-at-land,0,193,
139792.859,refuse,6,194,
139798.063,start,2,191,
139805.183,start,5,141,
139806.489,start,0,193,
139807.859,refuse,6,194,
139822.859,refuse,6,194,
139837.859,refuse,6,194,
139852.563,conflict-at-land,2,191,
139852.859,refuse,6,194,
139855.171,conflict-at-land,3,184,
139861.703,conflict-at-land,0,193,
139867.563,start,2,191,
139867.859,refuse,6,194,
139870.171,start,3,184,
139876.703,start,0,193,
139882.859,refuse,6,194,
139897.859,refuse,6,194,
139912.859,refuse,6,194,
139921.129,conflict-at-land,2,191,
139927.859,refuse,6,194,
139936.129,start,2,191,
139941.878,conflict-at-land,3,184,
139942.859,refuse,6,194,
139951.076,conflict-at-land,0,193,
139956.878,start,3,184,
139957.859,refuse,6,194,
139966.076,start,0,193,
139972.859,refuse,6,194,
139983.662,conflict-at-land,2,191,
139987.859,refuse,6,194,
139998.662,start,2,191,
140002.859,refuse,6,194,
140016.311,conflict-at-land,4,140,
140017.859,start,6,194,
140023.219,conflict-at-land,6,194,
140031.311,start,4,140,
140038.219,refuse,6,194,
140041.41,conflict-at-land,3,184,
140050.334,conflict-at-land,0,193,
140053.219,refuse,6,194,
140055.292,conflict-at-land,2,191,
140056.41,start,3,184,
140065.334,start,0,193,
140068.219,refuse,6,194,
140070.292,start,2,191,
140083.219,refuse,6,194,
140098.219,refuse,6,194,
140113.219,refuse,6,194,
140123.356,conflict-at-land,2,191,
140128.219,refuse,6,194,
140138.356,start,2,191,
140143.219,refuse,6,194,
140147.215,conflict-at-land,0,193,
140149.013,conflict-at-land,3,184,
140153.001,conflict-at-land,7,148,
140158.219,refuse,6,194,
140162.215,start,0,193,
140164.013,start,3,184,
140168.001,start,7,148,
140173.219,refuse,6,194,
140181.408,conflict-at-land,2,191,
140188.219,refuse,6,194,
140196.408,start,2,191,
140203.219,refuse,6,194,
140218.219,refuse,6,194,
140233.219,refuse,6,194,
140239.712,conflict-at-land,0,193,
140248.219,refuse,6,194,
140253.204,conflict-at-land,2,191,
140254.712,start,0,193,
140263.219,refuse,6,194,
140268.204,start,2,191,
140278.219,refuse,6,194,
140278.787,conflict-at-land,3,184,
140293.219,refuse,6,194,
140293.787,start,3,184,
140308.219,refuse,6,194,
140318.248,conflict-at-land,2,191,
140323.219,refuse,6,194,
140328.282,conflict-at-land,0,193,
140333.248,start,2,191,
140338.219,refuse,6,194,
140343.282,start,0,193,
140351.794,conflict-at-land,5,141,
140353.219,refuse,6,194,
140366.794,start,5,141,
140368.219,refuse,6,194,
140370.547,conflict-at-land,3,184,
140383.219,refuse,6,194,
140385.547,start,3,184,
140386.976,conflict-at-land,2,191,
140398.219,refuse,6,194,
140401.976,start,2,191,
140413.219,refuse,6,194,
140418.133,conflict-at-land,0,193,
140428.219,refuse,6,194,
140433.133,start,0,193,
140443.219,refuse,6,194,
140455.802,conflict-at-land,2,191,
140457.11,conflict-at-land,4,140,
140458.219,start,6,194,
140458.665,conflict-at-land,3,184,
140462.599,conflict-at-land,6,194,
140470.802,start,2,191,
140472.11,start,4,140,
140473.665,start,3,184,
140477.599,refuse,6,194,
140492.599,refuse,6,194,
140507.599,refuse,6,194,
140512.613,conflict-at-land,0,193,
140522.599,refuse,6,194,
140523.526,conflict-at-land,2,191,
140527.613,start,0,193,
140537.599,refuse,6,194,
140538.526,start,2,191,
140552.599,refuse,6,194,
140567.599,refuse,6,194,
140573.883,conflict-at-land,3,184,
140582.599,refuse,6,194,
140587.999,conflict-at-land,2,191,
140588.883,start,3,184,
140597.599,refuse,6,194,
140600.735,conflict-at-land,0,193,
140602.999,start,2,191,
140612.599,refuse,6,194,
140615.735,start,0,193,
140627.599,refuse,6,194,
140641.608,conflict-at-land,2,191,
140642.599,refuse,6,194,
140656.608,start,2,191,
140657.599,refuse,6,194,
140669.704,conflict-at-land,0,193,
140672.599,refuse,6,194,
140672.943,conflict-at-land,3,184,
140684.704,start,0,193,
140687.599,refuse,6,194,
140687.943,start,3,184,
140699.366,conflict-at-land,2,191,
140702.599,refuse,6,194,
140714.366,start,2,191,
140717.599,refuse,6,194,
140732.599,refuse,6,194,
140740.965,conflict-at-land,0,193,
140747.599,refuse,6,194,
140755.965,start,0,193,
140762.599,refuse,6,194,
140762.659,conflict-at-land,2,191,
140777.599,refuse,6,194,
140777.659,start,2,191,
140792.599,refuse,6,194,
140800.19,conflict-at-land,3,184,
140807.599,refuse,6,194,
140815.19,start,3,184,
140822.599,refuse,6,194,
140825.353,conflict-at-land,2,191,
140837.599,refuse,6,194,
140839.577,conflict-at-land,0,193,
140840.353,start,2,191,
140841.882,conflict-at-land,4,140,
140852.599,start,6,194,
140854.577,start,0,193,
140856.882,refuse,4,140,
140857.261,conflict-at-land,6,194,
140871.882,start,4,140,
140872.261,refuse,6,194,
140887.261,refuse,6,194,
140901.674,conflict-at-land,2,191,
140902.261,refuse,6,194,
140916.674,start,2,191,
140917.261,refuse,6,194,
140924.996,conflict-at-land,0,193,
140926.591,conflict-at-land,3,184,
140932.261,refuse,6,194,
140939.996,start,0,193,
140941.591,start,3,184,
140947.261,refuse,6,194,
140962.261,refuse,6,194,
140967.888,conflict-at-land,2,191,
140973.462,conflict-at-land,5,141,
140977.261,refuse,6,194,
140982.888,start,2,191,
140988.462,start,5,141,
140992.261,refuse,6,194,
140995.721,conflict-at-land,0,193,
141007.261,refuse,6,194,
141010.721,start,0,193,
141022.261,refuse,6,194,
141022.279,conflict-at-land,2,191,
141022.776,conflict-at-land,3,184,
141037.261,refuse,6,194,
141037.279,start,2,191,
141037.776,start,3,184,
141044.826,conflict-at-land,7,148,
141052.261,refuse,6,194,
141059.826,start,7,148,
141067.261,refuse,6,194,
141078.651,conflict-at-land,2,191,
141082.261,refuse,6,194,
141093.651,start,2,191,
141097.261,refuse,6,194,
141100.427,conflict-at-land,0,193,
141112.261,refuse,6,194,
141115.427,start,0,193,
141127.261,refuse,6,194,
141142.261,refuse,6,194,
141145.662,conflict-at-land,2,191,
141157.261,refuse,6,194,
141158.651,conflict-at-land,3,184,
141160.662,start,2,191,
141172.261,refuse,6,194,
141173.651,start,3,184,
141187.261,refuse,6,194,
141202.261,refuse,6,194,
141202.578,conflict-at-land,0,193,
141209.532,conflict-at-land,2,191,
141217.261,refuse,6,194,
141217.578,start,0,193,
141224.532,start,2,191,
141228.996,conflict-at-land,4,140,
141232.261,start,6,194,
141239.195,conflict-at-land,6,194,
141243.996,start,4,140,
141250.071,conflict-at-land,3,184,
141254.195,refuse,6,194,
141265.071,start,3,184,
141269.195,refuse,6,194,
141282.889,conflict-at-land,0,193,
141282.936,conflict-at-land,2,191,
141284.195,refuse,6,194,
141297.889,start,0,193,
141297.936,start,2,191,
141299.195,refuse,6,194,
141314.195,refuse,6,194,
141329.195,refuse,6,194,
141344.195,refuse,6,194,
141344.361,conflict-at-land,3,184,
141345.82,conflict-at-land,2,191,
141359.195,refuse,6,194,
141359.262,conflict-at-land,0,193,
141359.361,start,3,184,
141360.82,start,2,191,
141374.195,refuse,6,194,
141374.262,start,0,193,
141389.195,refuse,6,194,
141398.705,conflict-at-land,2,191,
141404.195,refuse,6,194,
141413.705,start,2,191,
141419.195,refuse,6,194,
141429.479,conflict-at-land,3,184,
141434.195,refuse,6,194,
141443.649,conflict-at-land,0,193,
141444.479,start,3,184,
141449.195,refuse,6,194,
141454.004,conflict-at-land,2,191,
141458.649,start,0,193,
141464.195,refuse,6,194,
141469.004,start,2,191,
141479.195,refuse,6,194,
141494.195,refuse,6,194,
141509.195,refuse,6,194,
141524.195,refuse,6,194,
141524.561,conflict-at-land,2,191,
141536.75,conflict-at-land,0,193,
141539.195,refuse,6,194,
141539.561,start,2,191,
141541.48,conflict-at-land,4,140,
141551.75,start,0,193,
141554.195,start,6,194,
141556.48,refuse,4,140,
141560.729,conflict-at-land,6,194,
141563.214,conflict-at-land,3,184,
141571.48,start,4,140,
141575.729,refuse,6,194,
141578.214,start,3,184,
141590.729,refuse,6,194,
141592.981,conflict-at-land,2,191,
141605.729,refuse,6,194,
141607.981,start,2,191,
141620.729,refuse,6,194,
141635.729,refuse,6,194,
141637.141,conflict-at-land,0,193,
141650.729,refuse,6,194,
141652.141,start,0,193,
141660.758,conflict-at-land,2,191,
141665.729,refuse,6,194,
141675.758,start,2,191,
141678.524,conflict-at-land,3,184,
141680.729,refuse,6,194,
141693.524,start,3,184,
141695.729,refuse,6,194,
141707.755,conflict-at-land,0,193,
141710.729,refuse,6,194,
141722.755,start,0,193,
141725.729,refuse,6,194,
141730.886,conflict-at-land,2,191,
141740.729,refuse,6,194,
141745.886,start,2,191,
141755.729,refuse,6,194,
141755.729,abandon,6,194,
141755.729,start,6,195,
141778.721,conflict-at-land,3,184,
141787.654,land,6,195,
141787.654,refuse,6,196,
141793.721,start,3,184,
141794.296,conflict-at-land,0,193,
141802.654,refuse,6,196,
141803.227,conflict-at-land,2,191,
141809.296,start,0,193,
141810.114,conflict-at-land,5,141,
141817.654,refuse,6,196,
141818.227,start,2,191,
141825.114,start,5,141,
141832.654,refuse,6,196,
141833.802,conflict-at-land,4,140,
141847.654,start,6,196,
141848.802,refuse,4,140,
141863.802,refuse,4,140,
141869.391,conflict-at-land,2,191,
141878.802,refuse,4,140,
141884.391,start,2,191,
141888.02,conflict-at-land,0,193,
141893.802,refuse,4,140,
141903.02,start,0,193,
141908.802,refuse,4,140,
141908.845,conflict-at-land,3,184,
141923.802,refuse,4,140,
141923.845,start,3,184,
141924.483,conflict-at-land,2,191,
141930.528,conflict-at-land,6,196,
141938.802,start,4,140,
141939.483,start,2,191,
141945.528,refuse,6,196,
141960.528,refuse,6,196,
141964.21,conflict-at-land,1,149,
141975.528,refuse,6,196,
141979.21,start,1,149,
141990.528,refuse,6,196,
141992.937,conflict-at-land,2,191,
141994.191,conflict-at-land,0,193,
142005.528,refuse,6,196,
142007.937,start,2,191,
142009.191,start,0,193,
142020.528,refuse,6,196,
142032.314,conflict-at-land,3,184,
142035.528,refuse,6,196,
142047.314,start,3,184,
142048.657,conflict-at-land,2,191,
142050.528,refuse,6,196,
142063.657,start,2,191,
142065.528,refuse,6,196,
142080.528,refuse,6,196,
142091.481,conflict-at-land,0,193,
142095.528,refuse,6,196,
142106.481,start,0,193,
142110.528,refuse,6,196,
142121.4,conflict-at-land,3,184,
142121.955,conflict-at-land,2,191,
142125.528,refuse,6,196,
142136.4,start,3,184,
142136.955,start,2,191,
142137.076,conflict-at-land,7,148,
142140.528,refuse,6,196,
142152.076,start,7,148,
142155.528,refuse,6,196,
142170.528,refuse,6,196,
142181.416,conflict-at-land,2,191,
142185.528,refuse,6,196,
142196.416,start,2,191,
142197.953,conflict-at-land,0,193,
142200.528,refuse,6,196,
142204.682,conflict-at-land,3,184,
142212.953,start,0,193,
142215.528,refuse,6,196,
142219.682,start,3,184,
142230.528,refuse,6,196,
142245.528,refuse,6,196,
142248.052,conflict-at-land,2,191,
142260.528,refuse,6,196,
142263.052,start,2,191,
142275.528,refuse,6,196,
142290.528,refuse,6,196,
142298.938,conflict-at-land,0,193,
142305.528,refuse,6,196,
142306.769,conflict-at-land,2,191,
142311.899,conflict-at-land,4,140,
142313.938,start,0,193,
142320.528,start,6,196,
142321.769,start,2,191,
142326.899,refuse,4,140,
142339.473,conflict-at-land,3,184,
142341.899,refuse,4,140,
142354.473,start,3,184,
142356.899,refuse,4,140,
142369.539,conflict-at-land,2,191,
142371.899,refuse,4,140,
142384.539,start,2,191,
142386.899,refuse,4,140,
142395.516,conflict-at-land,0,193,
142401.899,refuse,4,140,
142404.5,conflict-at-land,6,196,
142410.516,start,0,193,
142416.899,start,4,140,
142419.5,refuse,6,196,
142434.5,refuse,6,196,
142444.994,conflict-at-land,2,191,
142449.5,refuse,6,196,
142457.908,conflict-at-land,3,184,
142459.994,start,2,191,
142464.5,refuse,6,196,
142472.908,start,3,184,
142477.342,conflict-at-land,0,193,
142479.5,refuse,6,196,
142492.342,start,0,193,
142494.5,refuse,6,196,
142509.5,refuse,6,196,
142513.653,conflict-at-land,2,191,
142524.5,refuse,6,196,
142528.653,start,2,191,
142539.5,refuse,6,196,
142554.5,refuse,6,196,
142555.33,conflict-at-land,5,141,
142569.5,refuse,6,196,
142570.33,start,5,141,
142575.755,conflict-at-land,0,193,
142576.374,conflict-at-land,2,191,
142579.091,conflict-at-land,3,184,
142584.5,refuse,6,196,
142590.755,start,0,193,
142591.374,start,2,191,
142594.091,start,3,184,
142599.5,refuse,6,196,
142614.5,refuse,6,196,
142629.5,refuse,6,196,
142644.269,conflict-at-land,2,191,
142644.5,refuse,6,196,
142652.943,conflict-at-land,0,193,
142659.269,start,2,191,
142659.5,refuse,6,196,
142667.943,start,0,193,
142674.5,refuse,6,196,
142689.5,refuse,6,196,
142704.5,refuse,6,196,
142707.136,conflict-at-land,2,191,
142709.027,conflict-at-land,3,184,
142719.5,refuse,6,196,
142722.136,start,2,191,
142724.027,start,3,184,
142734.5,refuse,6,196,
142749.5,refuse,6,196,
142751.78,conflict-at-land,0,193,
142764.5,refuse,6,196,
142766.78,start,0,193,
142770.363,conflict-at-land,4,140,
142777.648,conflict-at-land,2,191,
142779.5,start,6,196,
142785.363,refuse,4,140,
142792.648,start,2,191,
142800.363,refuse,4,140,
142815.363,refuse,4,140,
142829.344,conflict-at-land,2,191,
142830.363,refuse,4,140,
142836.328,conflict-at-land,3,184,
142844.344,start,2,191,
142845.363,refuse,4,140,
142851.328,start,3,184,
142852.808,conflict-at-land,6,196,
142860.363,start,4,140,
142864.248,conflict-at-land,0,193,
142867.808,refuse,6,196,
142879.248,start,0,193,
142880.178,conflict-at-land,2,191,
142882.808,refuse,6,196,
142895.178,start,2,191,
142897.808,refuse,6,196,
142912.808,refuse,6,196,
142918.873,conflict-at-land,3,184,
142927.808,refuse,6,196,
142933.873,start,3,184,
142937.795,conflict-at-land,0,193,
142942.808,refuse,6,196,
142945.648,conflict-at-land,2,191,
142952.795,start,0,193,
142957.808,refuse,6,196,
142960.648,start,2,191,
142972.808,refuse,6,196,
142987.808,refuse,6,196,
142995.897,conflict-at-land,2,191,
143002.808,refuse,6,196,
143010.897,start,2,191,
143011.206,conflict-at-land,0,193,
143017.808,refuse,6,196,
143024.607,conflict-at-land,3,184,
143026.206,start,0,193,
143032.808,refuse,6,196,
143039.607,start,3,184,
143047.808,refuse,6,196,
143062.515,conflict-at-land,2,191,
143062.808,refuse,6,196,
143077.515,start,2,191,
143077.808,refuse,6,196,
143091.72,conflict-at-land,0,193,
143092.808,refuse,6,196,
143106.72,start,0,193,
143107.808,refuse,6,196,
143112.703,conflict-at-land,3,184,
143122.808,refuse,6,196,
143127.703,start,3,184,
143130.07,conflict-at-land,4,140,
143137.808,start,6,196,
143139.517,conflict-at-land,2,191,
143145.07,refuse,4,140,
143154.517,start,2,191,
143160.07,refuse,4,140,
143175.07,refuse,4,140,
143190.07,refuse,4,140,
143190.696,conflict-at-land,6,196,
143193.706,conflict-at-land,0,193,
143195.165,conflict-at-land,2,191,
143203.766,conflict-at-land,3,184,
143205.07,start,4,140,
143205.696,refuse,6,196,
143208.706,start,0,193,
143210.165,start,2,191,
143218.766,start,3,184,
143220.696,refuse,6,196,
143235.696,refuse,6,196,
143250.696,refuse,6,196,
143256.147,conflict-at-land,2,191,
143265.696,refuse,6,196,
143269.666,conflict-at-land,0,193,
143271.147,start,2,191,
143280.696,refuse,6,196,
143284.666,start,0,193,
143295.696,refuse,6,196,
143310.696,refuse,6,196,
143319.347,conflict-at-land,2,191,
143325.696,refuse,6,196,
143327.342,conflict-at-land,5,141,
143328.554,conflict-at-land,3,184,
143334.347,start,2,191,
143340.696,refuse,6,196,
143342.342,start,5,141,
143343.554,start,3,184,
143355.696,refuse,6,196,
143370.696,refuse,6,196,
143373.285,conflict-at-land,0,193,
143385.696,refuse,6,196,
143387.485,conflict-at-land,2,191,
143388.285,start,0,193,
143400.696,refuse,6,196,
143402.485,start,2,191,
143415.696,refuse,6,196,
143430.696,refuse,6,196,
143443.754,conflict-at-land,2,191,
143445.696,refuse,6,196,
143458.402,conflict-at-land,3,184,
143458.754,start,2,191,
143460.696,refuse,6,196,
143473.402,start,3,184,
143475.696,refuse,6,196,
143478.415,conflict-at-land,0,193,
143490.696,refuse,6,196,
143493.415,start,0,193,
143504.97,conflict-at-land,2,191,
143505.696,refuse,6,196,
143505.877,conflict-at-land,7,148,
143519.97,start,2,191,
143520.696,refuse,6,196,
143520.877,start,7,148,
143535.696,refuse,6,196,
143550.696,refuse,6,196,
143550.996,conflict-at-land,0,193,
143563.068,conflict-at-land,3,184,
143565.696,refuse,6,196,
143565.996,start,0,193,
143575.916,conflict-at-land,2,191,
143578.068,start,3,184,
143580.696,refuse,6,196,
143582.526,conflict-at-land,4,140,
143590.916,start,2,191,
143595.696,start,6,196,
143597.526,refuse,4,140,
143612.526,refuse,4,140,
143627.526,refuse,4,140,
143639.261,conflict-at-land,0,193,
143642.526,refuse,4,140,
143644.075,conflict-at-land,2,191,
143654.261,start,0,193,
143657.526,refuse,4,140,
143659.075,start,2,191,
143672.526,refuse,4,140,
143672.92,conflict-at-land,3,184,
143678.594,conflict-at-land,6,196,
143687.526,start,4,140,
143687.92,start,3,184,
143693.594,refuse,6,196,
143697.164,conflict-at-land,2,191,
143708.594,refuse,6,196,
143712.164,start,2,191,
143723.594,refuse,6,196,
143737.463,conflict-at-land,0,193,
143738.594,refuse,6,196,
143752.463,start,0,193,
143753.594,refuse,6,196,
143763.562,conflict-at-land,2,191,
143768.594,refuse,6,196,
143778.562,start,2,191,
143779.367,conflict-at-land,3,184,
143783.594,refuse,6,196,
143794.367,start,3,184,
143798.594,refuse,6,196,
143812.237,conflict-at-land,2,191,
143813.594,refuse,6,196,
143827.237,start,2,191,
143828.594,refuse,6,196,
143830.181,conflict-at-land,0,193,
143843.594,refuse,6,196,
143845.181,start,0,193,
143858.594,refuse,6,196,
143873.594,refuse,6,196,
143880.56,conflict-at-land,2,191,
143888.594,refuse,6,196,
143895.56,start,2,191,
143898.605,conflict-at-land,3,184,
143903.594,refuse,6,196,
143913.605,start,3,184,
143918.594,refuse,6,196,
143933.594,refuse,6,196,
143938.324,conflict-at-land,0,193,
143948.594,refuse,6,196,
143953.324,start,0,193,
143955.737,conflict-at-land,2,191,
143960.506,conflict-at-land,5,141,
143963.594,refuse,6,196,
143970.737,start,2,191,
143975.506,start,5,141,
143977.844,conflict-at-land,4,140,
143978.594,start,6,196,
143992.844,refuse,4,140,
144001.61,conflict-at-land,3,184,
144007.844,refuse,4,140,
144016.61,start,3,184,
144018.783,conflict-at-land,2,191,
144022.844,refuse,4,140,
144022.993,conflict-at-land,0,193,
144032.348,conflict-at-land,6,196,
144033.783,start,2,191,
144037.844,start,4,140,
144037.993,start,0,193,
144047.348,refuse,6,196,
144062.348,refuse,6,196,
144074.939,conflict-at-land,2,191,
144077.348,refuse,6,196,
144089.939,start,2,191,
144092.348,refuse,6,196,
144094.759,conflict-at-land,3,184,
144098.749,conflict-at-land,0,193,
144107.348,refuse,6,196,
144109.759,start,3,184,
144113.749,start,0,193,
144122.348,refuse,6,196,
144131.295,conflict-at-land,2,191,
144137.348,refuse,6,196,
144146.295,start,2,191,
144152.348,refuse,6,196,
144167.348,refuse,6,196,
144167.934,conflict-at-land,0,193,
144182.348,refuse,6,196,
144182.934,start,0,193,
144189.613,conflict-at-land,3,184,
144197.348,refuse,6,196,
144201.656,conflict-at-land,2,191,
144204.613,start,3,184,
144212.348,refuse,6,196,
144216.656,start,2,191,
144227.348,refuse,6,196,
144242.348,refuse,6,196,
144257.348,refuse,6,196,
144259.284,conflict-at-land,0,193,
144272.348,refuse,6,196,
144274.284,start,0,193,
144276.228,conflict-at-land,2,191,
144287.348,refuse,6,196,
144291.228,start,2,191,
144302.348,refuse,6,196,
144317.348,refuse,6,196,
144319.582,conflict-at-land,3,184,
144327.895,conflict-at-land,7,148,
144331.42,conflict-at-land,4,140,
144332.348,start,6,196,
144334.582,start,3,184,
144337.402,conflict-at-land,2,191,
144342.895,start,7,148,
144346.42,refuse,4,140,
144352.402,start,2,191,
144361.42,refuse,4,140,
144363.853,conflict-at-land,0,193,
144376.42,refuse,4,140,
144378.853,start,0,193,
144391.42,refuse,4,140,
144406.42,refuse,4,140,
144406.42,abandon,4,140,
144406.42,refuse,4,197,
144408.995,conflict-at-land,2,191,
144417.994,conflict-at-land,6,196,
144420.304,conflict-at-land,3,184,
144421.42,start,4,197,
144423.995,start,2,191,
144427.033,conflict-at-land,4,197,
144432.994,start,6,196,
144435.304,start,3,184,
144442.033,refuse,4,197,
144457.033,refuse,4,197,
144465.973,conflict-at-land,0,193,
144469.042,conflict-at-land,2,191,
144472.033,refuse,4,197,
144480.973,start,0,193,
144484.042,start,2,191,
144487.033,refuse,4,197,
144502.033,refuse,4,197,
144510.569,conflict-at-land,6,196,
144517.033,start,4,197,
144521.046,conflict-at-land,2,191,
144522.825,conflict-at-land,4,197,
144525.569,start,6,196,
144530.646,conflict-at-land,3,184,
144536.046,start,2,191,
144537.825,refuse,4,197,
144541.095,conflict-at-land,1,149,
144545.646,start,3,184,
144547.977,conflict-at-land,0,193,
144552.825,refuse,4,197,
144556.095,start,1,149,
144562.977,start,0,193,
144567.825,refuse,4,197,
144574.375,conflict-at-land,2,191,
144582.825,refuse,4,197,
144589.375,start,2,191,
144590.865,conflict-at-land,6,196,
144597.825,start,4,197,
144603.721,conflict-at-land,4,197,
144605.865,start,6,196,
144616.321,conflict-at-land,0,193,
144618.721,refuse,4,197,
144631.321,start,0,193,
144633.721,refuse,4,197,
144634.969,conflict-at-land,2,191,
144645.644,conflict-at-land,3,184,
144648.721,refuse,4,197,
144649.969,start,2,191,
144660.644,start,3,184,
144663.721,refuse,4,197,
144678.721,refuse,4,197,
144684.563,conflict-at-land,6,196,
144693.721,start,4,197,
144698.575,conflict-at-land,2,191,
144699.563,refuse,6,196,
144700.521,conflict-at-land,4,197,
144706.787,conflict-at-land,5,141,
144712.675,conflict-at-land,0,193,
144713.575,start,2,191,
144714.563,start,6,196,
144715.521,refuse,4,197,
144721.787,start,5,141,
144727.675,start,0,193,
144730.521,refuse,4,197,
144742.066,conflict-at-land,3,184,
144745.521,refuse,4,197,
144757.066,start,3,184,
144760.521,refuse,4,197,
144766.963,conflict-at-land,6,196,
144766.967,conflict-at-land,2,191,
144775.521,start,4,197,
144780.922,conflict-at-land,4,197,
144781.963,start,6,196,
144781.967,start,2,191,
144795.922,refuse,4,197,
144800.99,conflict-at-land,0,193,
144810.922,refuse,4,197,
144815.99,start,0,193,
144823.221,conflict-at-land,2,191,
144825.922,refuse,4,197,
144838.221,start,2,191,
144840.922,refuse,4,197,
144855.922,refuse,4,197,
144861.804,conflict-at-land,3,184,
144870.922,refuse,4,197,
144872.532,conflict-at-land,6,196,
144873.469,conflict-at-land,2,191,
144876.804,start,3,184,
144885.922,start,4,197,
144887.532,refuse,6,196,
144888.469,start,2,191,
144892.051,conflict-at-land,4,197,
144899.572,conflict-at-land,0,193,
144902.532,start,6,196,
144907.051,refuse,4,197,
144914.572,start,0,193,
144922.051,refuse,4,197,
144928.049,conflict-at-land,2,191,
144937.051,refuse,4,197,
144943.049,start,2,191,
144946.355,conflict-at-land,3,184,
144952.051,refuse,4,197,
144961.355,start,3,184,
144967.051,refuse,4,197,
144971.184,conflict-at-land,0,193,
144971.328,conflict-at-land,6,196,
144977.782,conflict-at-land,2,191,
144982.051,start,4,197,
144986.184,start,0,193,
144986.328,refuse,6,196,
144988.37,conflict-at-land,4,197,
144992.782,start,2,191,
145001.328,start,6,196,
145003.37,refuse,4,197,
145018.37,refuse,4,197,
145033.37,refuse,4,197,
145039.659,conflict-at-land,2,191,
145045.189,conflict-at-land,0,193,
145048.37,refuse,4,197,
145054.659,start,2,191,
145060.189,start,0,193,
145063.37,refuse,4,197,
145065.114,conflict-at-land,3,184,
145078.37,refuse,4,197,
145080.114,start,3,184,
145081.243,conflict-at-land,6,196,
145093.37,start,4,197,
145096.243,refuse,6,196,
145100.13,conflict-at-land,4,197,
145105.022,conflict-at-land,2,191,
145111.243,start,6,196,
145115.13,refuse,4,197,
145120.022,start,2,191,
145124.299,conflict-at-land,0,193,
145130.13,refuse,4,197,
145139.299,start,0,193,
145145.13,refuse,4,197,
145159.665,conflict-at-land,2,191,
145160.13,refuse,4,197,
145172.62,conflict-at-land,6,196,
145174.665,start,2,191,
145175.13,start,4,197,
145180.657,conflict-at-land,4,197,
145187.62,start,6,196,
145187.7,conflict-at-land,3,184,
145195.657,refuse,4,197,
145202.7,start,3,184,
145210.531,conflict-at-land,2,191,
145210.657,refuse,4,197,
145220.506,conflict-at-land,7,148,
145225.531,start,2,191,
145225.657,refuse,4,197,
145231.516,conflict-at-land,0,193,
145235.506,start,7,148,
145239.288,conflict-at-land,6,196,
145240.657,start,4,197,
145246.328,conflict-at-land,4,197,
145246.516,start,0,193,
145254.288,start,6,196,
145261.328,refuse,4,197,
145275.867,conflict-at-land,2,191,
145276.328,refuse,4,197,
145279.054,conflict-at-land,3,184,
145290.867,start,2,191,
145291.328,refuse,4,197,
145294.054,start,3,184,
145306.328,refuse,4,197,
145306.58,conflict-at-land,6,196,
145311.988,conflict-at-land,0,193,
145321.328,start,4,197,
145321.58,refuse,6,196,
145325.648,conflict-at-land,4,197,
145326.988,start,0,193,
145336.58,start,6,196,
145339.785,conflict-at-land,2,191,
145340.648,refuse,4,197,
145354.785,start,2,191,
145355.648,refuse,4,197,
145370.648,refuse,4,197,
145385.648,refuse,4,197,
145390.849,conflict-at-land,3,184,
145399.538,conflict-at-land,0,193,
145400.648,refuse,4,197,
145401.249,conflict-at-land,2,191,
145405.849,start,3,184,
145414.538,start,0,193,
145415.648,refuse,4,197,
145416.249,start,2,191,
145418.611,conflict-at-land,6,196,
145430.648,start,4,197,
145433.611,refuse,6,196,
145435.258,conflict-at-land,4,197,
145448.611,start,6,196,
145450.258,refuse,4,197,
145465.258,refuse,4,197,
145472.695,conflict-at-land,2,191,
145473.616,conflict-at-land,5,141,
145480.258,refuse,4,197,
145483.574,conflict-at-land,0,193,
145487.695,start,2,191,
145488.616,start,5,141,
145493.09,conflict-at-land,3,184,
145495.258,refuse,4,197,
145498.574,start,0,193,
145508.09,start,3,184,
145510.258,refuse,4,197,
145512.672,conflict-at-land,6,196,
145525.258,start,4,197,
145527.672,refuse,6,196,
145532.481,conflict-at-land,4,197,
145533.02,conflict-at-land,2,191,
145542.672,start,6,196,
145547.481,refuse,4,197,
145548.02,start,2,191,
145556.186,conflict-at-land,0,193,
145562.481,refuse,4,197,
145571.186,start,0,193,
145577.481,refuse,4,197,
145589.914,conflict-at-land,3,184,
145592.481,refuse,4,197,
145595.218,conflict-at-land,6,196,
145596.869,conflict-at-land,2,191,
145604.914,start,3,184,
145607.481,start,4,197,
145610.218,refuse,6,196,
145611.869,start,2,191,
145613.96,conflict-at-land,4,197,
145625.218,start,6,196,
145628.96,refuse,4,197,
145643.96,refuse,4,197,
145652.274,conflict-at-land,2,191,
145653.047,conflict-at-land,0,193,
145658.96,refuse,4,197,
145667.274,start,2,191,
145668.047,start,0,193,
145673.96,refuse,4,197,
145688.96,refuse,4,197,
145692.736,conflict-at-land,3,184,
145703.96,refuse,4,197,
145707.736,start,3,184,
145714.114,conflict-at-land,6,196,
145718.96,start,4,197,
145725.41,conflict-at-land,2,191,
145725.927,conflict-at-land,4,197,
145729.114,start,6,196,
145740.41,start,2,191,
145740.927,refuse,4,197,
145750.054,conflict-at-land,0,193,
145755.927,refuse,4,197,
145765.054,start,0,193,
145770.927,refuse,4,197,
145775.843,conflict-at-land,2,191,
145785.927,refuse,4,197,
145789.749,conflict-at-land,6,196,
145790.843,start,2,191,
145796.143,conflict-at-land,3,184,
145800.927,start,4,197,
145804.749,refuse,6,196,
145806.317,conflict-at-land,4,197,
145811.143,start,3,184,
145819.749,start,6,196,
145821.317,refuse,4,197,
145829.288,conflict-at-land,0,193,
145836.317,refuse,4,197,
145844.288,start,0,193,
145849.326,conflict-at-land,2,191,
145851.317,refuse,4,197,
145864.326,start,2,191,
145866.317,refuse,4,197,
145879.62,conflict-at-land,3,184,
145881.317,refuse,4,197,
145894.62,start,3,184,
145896.317,refuse,4,197,
145906.436,conflict-at-land,6,196,
145909.648,conflict-at-land,2,191,
145911.317,start,4,197,
145918.749,conflict-at-land,4,197,
145921.436,start,6,196,
145924.648,start,2,191,
145932.305,conflict-at-land,0,193,
145933.749,refuse,4,197,
145947.305,start,0,193,
145948.749,refuse,4,197,
145963.749,refuse,4,197,
145975.557,conflict-at-land,6,196,
145978.749,start,4,197,
145984.812,conflict-at-land,2,191,
145986.516,conflict-at-land,4,197,
145990.557,start,6,196,
145999.812,start,2,191,
146000.49,conflict-at-land,0,193,
146001.516,refuse,4,197,
146007.644,conflict-at-land,3,184,
146015.49,start,0,193,
146016.516,refuse,4,197,
146022.644,start,3,184,
146031.516,refuse,4,197,
146038.048,conflict-at-land,2,191,
146046.516,refuse,4,197,
146053.048,start,2,191,
146053.468,conflict-at-land,5,141,
146061.516,refuse,4,197,
146065.043,conflict-at-land,6,196,
146068.468,start,5,141,
146076.516,start,4,197,
146080.043,refuse,6,196,
146081.521,conflict-at-land,4,197,
146095.043,start,6,196,
146096.074,conflict-at-land,0,193,
146096.521,refuse,4,197,
146110.431,conflict-at-land,3,184,
146111.074,start,0,193,
146111.521,refuse,4,197,
146114.187,conflict-at-land,2,191,
146114.187,abandon,2,191,
146114.187,refuse,2,198,
146125.431,start,3,184,
146126.521,refuse,4,197,
146129.187,refuse,2,198,
146141.521,refuse,4,197,
146144.187,refuse,2,198,
146150.069,conflict-at-land,6,196,
146156.521,start,4,197,
146159.187,refuse,2,198,
146160.827,conflict-at-land,4,197,
146165.069,start,6,196,
146165.297,conflict-at-land,0,193,
146174.187,start,2,198,
146175.827,refuse,4,197,
146180.297,refuse,0,193,
146190.827,refuse,4,197,
146195.297,refuse,0,193,
146205.827,refuse,4,197,
146210.297,refuse,0,193,
146220.827,refuse,4,197,
146225.238,conflict-at-land,3,184,
146225.297,refuse,0,193,
146235.827,refuse,4,197,
146240.238,start,3,184,
146240.297,refuse,0,193,
146250.827,refuse,4,197,
146252.286,conflict-at-land,6,196,
146255.297,refuse,0,193,
146265.827,start,4,197,
146267.286,refuse,6,196,
146270.297,refuse,0,193,
146272.418,conflict-at-land,4,197,
146282.286,start,6,196,
146285.297,refuse,0,193,
146287.418,refuse,4,197,
146300.297,refuse,0,193,
146302.418,refuse,4,197,
146315.297,refuse,0,193,
146317.418,refuse,4,197,
146330.297,refuse,0,193,
146332.418,refuse,4,197,
146333.107,conflict-at-land,6,196,
146345.297,refuse,0,193,
146347.418,start,4,197,
146348.107,refuse,6,196,
146351.822,conflict-at-land,2,198,
146352.156,conflict-at-land,3,184,
146352.891,conflict-at-land,4,197,
146360.297,start,0,193,
146363.107,start,6,196,
146366.822,refuse,2,198,
146367.156,start,3,184,
146367.891,refuse,4,197,
146381.822,refuse,2,198,
146382.891,refuse,4,197,
146396.822,refuse,2,198,
146397.891,refuse,4,197,
146411.822,refuse,2,198,
146412.891,refuse,4,197,
146426.822,refuse,2,198,
146427.891,refuse,4,197,
146429.662,conflict-at-land,0,193,
146441.491,conflict-at-land,6,196,
146441.822,start,2,198,
146442.891,start,4,197,
146444.662,refuse,0,193,
146450.455,conflict-at-land,4,197,
146456.491,start,6,196,
146459.662,refuse,0,193,
146465.455,refuse,4,197,
146465.538,conflict-at-land,3,184,
146474.662,refuse,0,193,
146477.232,conflict-at-land,7,148,
146480.455,refuse,4,197,
146480.538,start,3,184,
146489.662,refuse,0,193,
146492.232,start,7,148,
146495.455,refuse,4,197,
146504.662,refuse,0,193,
146510.455,refuse,4,197,
146519.662,refuse,0,193,
146525.455,refuse,4,197,
146534.662,refuse,0,193,
146538.155,conflict-at-land,6,196,
146540.455,start,4,197,
146546.835,conflict-at-land,4,197,
146549.662,refuse,0,193,
146553.155,start,6,196,
146561.835,refuse,4,197,
146564.662,refuse,0,193,
146572.184,conflict-at-land,2,198,
146576.835,refuse,4,197,
146579.662,start,0,193,
146582.759,conflict-at-land,3,184,
146587.184,refuse,2,198,
146591.835,refuse,4,197,
146597.759,start,3,184,
146602.184,refuse,2,198,
146606.835,refuse,4,197,
146617.184,refuse,2,198,
146621.835,refuse,4,197,
146625.091,conflict-at-land,6,196,
146632.184,refuse,2,198,
146636.835,start,4,197,
146640.091,refuse,6,196,
146644.473,conflict-at-land,4,197,
146647.184,refuse,2,198,
146650.236,conflict-at-land,0,193,
146655.091,start,6,196,
146659.473,refuse,4,197,
146662.184,start,2,198,
146665.236,refuse,0,193,
146674.473,refuse,4,197,
146680.236,refuse,0,193,
146688.7,conflict-at-land,3,184,
146689.473,refuse,4,197,
146695.236,refuse,0,193,
146703.7,start,3,184,
146704.473,refuse,4,197,
146710.236,refuse,0,193,
146719.473,refuse,4,197,
146725.236,refuse,0,193,
146734.473,refuse,4,197,
146737.861,conflict-at-land,6,196,
146740.236,refuse,0,193,
146749.473,start,4,197,
146752.861,refuse,6,196,
146754.097,conflict-at-land,4,197,
146755.236,refuse,0,193,
146767.861,start,6,196,
146769.097,refuse,4,197,
146770.236,refuse,0,193,
146784.097,refuse,4,197,
146785.236,refuse,0,193,
146799.097,refuse,4,197,
146800.236,refuse,0,193,
146806.852,conflict-at-land,3,184,
146814.097,refuse,4,197,
146815.236,refuse,0,193,
146821.852,start,3,184,
146826.706,conflict-at-land,6,196,
146829.097,start,4,197,
146830.236,refuse,0,193,
146835.868,conflict-at-land,4,197,
146841.706,start,6,196,
146845.236,refuse,0,193,
146846.366,conflict-at-land,2,198,
146850.868,refuse,4,197,
146860.236,start,0,193,
146861.366,refuse,2,198,
146865.868,refuse,4,197,
146869.475,conflict-at-land,5,141,
146876.366,refuse,2,198,
146880.868,refuse,4,197,
146884.475,start,5,141,
146891.366,refuse,2,198,
146895.868,refuse,4,197,
146901.85,conflict-at-land,6,196,
146906.366,refuse,2,198,
146910.868,start,4,197,
146916.196,conflict-at-land,3,184,
146916.85,refuse,6,196,
146918.427,conflict-at-land,4,197,
146921.366,refuse,2,198,
146930.772,conflict-at-land,0,193,
146931.196,start,3,184,
146931.85,start,6,196,
146933.427,refuse,4,197,
146936.366,start,2,198,
146945.772,refuse,0,193,
146948.427,refuse,4,197,
146960.772,refuse,0,193,
146963.427,refuse,4,197,
146975.772,refuse,0,193,
146978.427,refuse,4,197,
146990.772,refuse,0,193,
146993.427,refuse,4,197,
147005.772,refuse,0,193,
147008.427,refuse,4,197,
147014.503,conflict-at-land,6,196,
147020.772,refuse,0,193,
147023.427,start,4,197,
147029.503,refuse,6,196,
147030.743,conflict-at-land,4,197,
147035.772,refuse,0,193,
147039.51,conflict-at-land,3,184,
147039.51,abandon,3,184,
147039.51,refuse,3,199,
147044.503,start,6,196,
147045.743,refuse,4,197,
147050.772,refuse,0,193,
147054.51,refuse,3,199,
147060.743,refuse,4,197,
147065.772,refuse,0,193,
147069.51,refuse,3,199,
147075.743,refuse,4,197,
147079.671,conflict-at-land,1,149,
147080.772,refuse,0,193,
147084.51,refuse,3,199,
147090.743,refuse,4,197,
147094.671,start,1,149,
147095.772,refuse,0,193,
147099.51,refuse,3,199,
147105.743,refuse,4,197,
147110.772,refuse,0,193,
147114.51,refuse,3,199,
147117.607,conflict-at-land,2,198,
147120.743,refuse,4,197,
147121.43,conflict-at-land,6,196,
147125.772,start,0,193,
147129.51,refuse,3,199,
147132.607,refuse,2,198,
147135.743,start,4,197,
147136.43,refuse,6,196,
147142.307,conflict-at-land,4,197,
147144.51,refuse,3,199,
147147.607,refuse,2,198,
147151.43,start,6,196,
147157.307,refuse,4,197,
147159.51,refuse,3,199,
147162.607,refuse,2,198,
147172.307,refuse,4,197,
147174.51,refuse,3,199,
147177.607,refuse,2,198,
147187.307,refuse,4,197,
147189.51,refuse,3,199,
147192.607,refuse,2,198,
147202.307,refuse,4,197,
147204.51,refuse,3,199,
147207.496,conflict-at-land,6,196,
147207.607,refuse,2,198,
147217.307,start,4,197,
147219.303,conflict-at-land,0,193,
147219.51,start,3,199,
147222.496,refuse,6,196,
147222.607,refuse,2,198,
147223.994,conflict-at-land,4,197,
147234.303,refuse,0,193,
147237.496,start,6,196,
147237.607,refuse,2,198,
147238.994,refuse,4,197,
147249.303,refuse,0,193,
147252.607,refuse,2,198,
147253.994,refuse,4,197,
147257.254,conflict-at-land,3,199,
147264.303,start,0,193,
147267.607,refuse,2,198,
147268.994,refuse,4,197,
147272.254,refuse,3,199,
147282.607,refuse,2,198,
147283.994,refuse,4,197,
147287.254,refuse,3,199,
147297.607,refuse,2,198,
147298.831,conflict-at-land,6,196,
147298.994,start,4,197,
147302.254,refuse,3,199,
147306.393,conflict-at-land,4,197,
147312.607,refuse,2,198,
147313.831,start,6,196,
147317.254,refuse,3,199,
147321.393,refuse,4,197,
147327.607,refuse,2,198,
147327.822,conflict-at-land,0,193,
147332.254,start,3,199,
147336.393,refuse,4,197,
147342.607,refuse,2,198,
147342.822,refuse,0,193,
147351.393,refuse,4,197,
147357.607,refuse,2,198,
147357.822,refuse,0,193,
147366.393,refuse,4,197,
147372.607,refuse,2,198,
147372.822,refuse,0,193,
147373.329,conflict-at-land,6,196,
147373.784,conflict-at-land,3,199,
147381.393,start,4,197,
147386.793,conflict-at-land,4,197,
147387.607,start,2,198,
147387.822,refuse,0,193,
147388.329,start,6,196,
147388.784,refuse,3,199,
147401.793,refuse,4,197,
147402.822,refuse,0,193,
147403.784,refuse,3,199,
147416.793,refuse,4,197,
147417.822,refuse,0,193,
147418.784,refuse,3,199,
147431.793,refuse,4,197,
147432.822,refuse,0,193,
147433.784,refuse,3,199,
147446.793,refuse,4,197,
147447.822,refuse,0,193,
147448.784,refuse,3,199,
147461.793,refuse,4,197,
147462.822,refuse,0,193,
147463.784,refuse,3,199,
147466.538,conflict-at-land,6,196,
147476.793,start,4,197,
147477.822,refuse,0,193,
147478.784,refuse,3,199,
147481.538,refuse,6,196,
147482.64,conflict-at-land,4,197,
147492.822,refuse,0,193,
147493.784,refuse,3,199,
147496.538,start,6,196,
147497.64,refuse,4,197,
147503.996,conflict-at-land,5,141,
147507.822,refuse,0,193,
147508.784,refuse,3,199,
147512.64,refuse,4,197,
147518.996,start,5,141,
147522.822,refuse,0,193,
147523.784,refuse,3,199,
147527.64,refuse,4,197,
147528.479,conflict-at-land,2,198,
147537.822,start,0,193,
147538.784,refuse,3,199,
147542.64,refuse,4,197,
147543.479,refuse,2,198,
147553.784,refuse,3,199,
147557.64,refuse,4,197,
147558.479,refuse,2,198,
147568.784,refuse,3,199,
147572.64,refuse,4,197,
147573.479,refuse,2,198,
147575.11,conflict-at-land,6,196,
147583.784,refuse,3,199,
147587.64,start,4,197,
147588.479,refuse,2,198,
147590.11,refuse,6,196,
147595.327,conflict-at-land,4,197,
147598.784,refuse,3,199,
147603.479,refuse,2,198,
147605.11,start,6,196,
147610.327,refuse,4,197,
147613.784,refuse,3,199,
147618.479,refuse,2,198,
147625.327,refuse,4,197,
147625.327,abandon,4,197,
147626.119,conflict-at-land,0,193,
147628.784,start,3,199,
147633.479,refuse,2,198,
147641.119,refuse,0,193,
147648.479,refuse,2,198,
147656.119,refuse,0,193,
147663.479,refuse,2,198,
147671.119,refuse,0,193,
147671.509,conflict-at-land,3,199,
147678.479,start,2,198,
147686.119,refuse,0,193,
147686.509,refuse,3,199,
147694.916,conflict-at-land,6,196,
147701.119,refuse,0,193,
147701.509,refuse,3,199,
147709.916,start,6,196,
147716.119,refuse,0,193,
147716.509,refuse,3,199,
147731.119,refuse,0,193,
147731.509,refuse,3,199,
147746.119,refuse,0,193,
147746.509,refuse,3,199,
147761.119,refuse,0,193,
147761.509,refuse,3,199,
147776.119,refuse,0,193,
147776.509,refuse,3,199,
147787.329,conflict-at-land,6,196,
147791.119,refuse,0,193,
147791.509,refuse,3,199,
147802.329,start,6,196,
147806.119,refuse,0,193,
147806.509,refuse,3,199,
147821.119,refuse,0,193,
147821.509,refuse,3,199,
147836.119,refuse,0,193,
147836.509,refuse,3,199,
147851.119,refuse,0,193,
147851.509,refuse,3,199,
147853.987,conflict-at-land,2,198,
147866.119,start,0,193,
147866.509,refuse,3,199,
147868.987,refuse,2,198,
147871.838,conflict-at-land,6,196,
147872.463,conflict-at-land,7,148,
147881.509,refuse,3,199,
147883.987,refuse,2,198,
147886.838,start,6,196,
147887.463,start,7,148,
147896.509,refuse,3,199,
147898.987,refuse,2,198,
147911.509,refuse,3,199,
147913.987,refuse,2,198,
147926.509,refuse,3,199,
147928.987,refuse,2,198,
147941.509,refuse,3,199,
147941.88,conflict-at-land,0,193,
147943.987,start,2,198,
147956.509,refuse,3,199,
147956.88,refuse,0,193,
147969.329,conflict-at-land,6,196,
147971.509,refuse,3,199,
147971.88,refuse,0,193,
147984.329,start,6,196,
147986.509,refuse,3,199,
147986.88,refuse,0,193,
148001.509,refuse,3,199,
148001.88,refuse,0,193,
148016.509,refuse,3,199,
148016.88,refuse,0,193,
148031.509,refuse,3,199,
148031.88,refuse,0,193,
148046.509,refuse,3,199,
148046.88,refuse,0,193,
148051.964,conflict-at-land,6,196,
148051.964,abandon,6,196,
148061.509,refuse,3,199,
148061.88,refuse,0,193,
148062.53,conflict-at-land,2,198,
148076.509,start,3,199,
148076.88,refuse,0,193,
148077.53,refuse,2,198,
148091.88,refuse,0,193,
148092.53,refuse,2,198,
148103.737,conflict-at-land,3,199,
148106.88,start,0,193,
148107.53,refuse,2,198,
148118.737,refuse,3,199,
148122.53,refuse,2,198,
148130.161,conflict-at-land,5,141,
148133.737,refuse,3,199,
148137.53,refuse,2,198,
148145.161,start,5,141,
148148.737,refuse,3,199,
148152.53,refuse,2,198,
148163.737,refuse,3,199,
148167.53,refuse,2,198,
148175.563,conflict-at-land,0,193,
148178.737,start,3,199,
148182.53,refuse,2,198,
148190.563,refuse,0,193,
148197.53,refuse,2,198,
148205.563,refuse,0,193,
148212.53,refuse,2,198,
148217.144,conflict-at-land,3,199,
148220.563,start,0,193,
148227.53,refuse,2,198,
148232.144,refuse,3,199,
148242.53,refuse,2,198,
148247.144,refuse,3,199,
148257.53,refuse,2,198,
148262.144,refuse,3,199,
148272.53,refuse,2,198,
148277.144,refuse,3,199,
148287.53,refuse,2,198,
148292.144,refuse,3,199,
148301.189,conflict-at-land,0,193,
148302.53,start,2,198,
148307.144,refuse,3,199,
148316.189,refuse,0,193,
148322.144,refuse,3,199,
148331.189,refuse,0,193,
148337.144,refuse,3,199,
148346.189,refuse,0,193,
148352.144,refuse,3,199,
148361.189,refuse,0,193,
148367.144,refuse,3,199,
148376.189,refuse,0,193,
148382.144,refuse,3,199,
148391.189,refuse,0,193,
148397.144,refuse,3,199,
148406.189,refuse,0,193,
148412.144,refuse,3,199,
148421.189,refuse,0,193,
148427.144,refuse,3,199,
148436.189,refuse,0,193,
148442.144,refuse,3,199,
148451.189,refuse,0,193,
148457.144,refuse,3,199,
148466.189,refuse,0,193,
148471.426,conflict-at-land,2,198,
148472.144,start,3,199,
148481.189,refuse,0,193,
148486.426,refuse,2,198,
148496.189,refuse,0,193,
148501.426,refuse,2,198,
148508.697,conflict-at-land,3,199,
148511.189,start,0,193,
148516.426,refuse,2,198,
148523.697,refuse,3,199,
148531.426,refuse,2,198,
148538.697,refuse,3,199,
148546.426,refuse,2,198,
148553.697,refuse,3,199,
148561.426,refuse,2,198,
148567.89,conflict-at-land,0,193,
148568.697,start,3,199,
148576.426,refuse,2,198,
148582.89,refuse,0,193,
148591.426,refuse,2,198,
148597.89,refuse,0,193,
148600.523,conflict-at-land,3,199,
148606.426,start,2,198,
148612.89,refuse,0,193,
148615.523,refuse,3,199,
148627.89,refuse,0,193,
148630.523,refuse,3,199,
148642.89,refuse,0,193,
148642.89,abandon,0,193,
148645.523,refuse,3,199,
148660.523,refuse,3,199,
148675.523,refuse,3,199,
148690.523,refuse,3,199,
148705.523,refuse,3,199,
148720.523,refuse,3,199,
148735.523,refuse,3,199,
148742.869,conflict-at-land,2,198,
148750.523,start,3,199,
148757.869,refuse,2,198,
148772.869,refuse,2,198,
148785.935,conflict-at-land,3,199,
148787.869,start,2,198,
148800.935,refuse,3,199,
148815.935,refuse,3,199,
148830.935,refuse,3,199,
148845.935,refuse,3,199,
148852.975,conflict-at-land,5,141,
148860.935,refuse,3,199,
148867.975,start,5,141,
148875.935,refuse,3,199,
148890.935,refuse,3,199,
148905.935,refuse,3,199,
148917.367,conflict-at-land,2,198,
148920.935,start,3,199,
148932.367,refuse,2,198,
148947.367,refuse,2,198,
148948.311,conflict-at-land,3,199,
148962.367,start,2,198,
148963.311,refuse,3,199,
148978.311,refuse,3,199,
148993.311,refuse,3,199,
149008.311,refuse,3,199,
149023.311,refuse,3,199,
149038.311,refuse,3,199,
149053.311,refuse,3,199,
149068.311,refuse,3,199,
149083.311,refuse,3,199,
149098.311,refuse,3,199,
149113.311,refuse,3,199,
149123.177,conflict-at-land,2,198,
149128.311,start,3,199,
149138.177,refuse,2,198,
149153.177,refuse,2,198,
149161.13,conflict-at-land,3,199,
149168.177,start,2,198,
149176.13,refuse,3,199,
149191.13,refuse,3,199,
149206.13,refuse,3,199,
149221.13,refuse,3,199,
149236.13,refuse,3,199,
149251.13,refuse,3,199,
149266.13,refuse,3,199,
149281.13,refuse,3,199,
149296.13,refuse,3,199,
149311.13,refuse,3,199,
149319.543,conflict-at-land,7,148,
149326.13,refuse,3,199,
149334.543,start,7,148,
149341.13,refuse,3,199,
149347.324,conflict-at-land,2,198,
149356.13,start,3,199,
149362.324,refuse,2,198,
149377.324,refuse,2,198,
149383.164,conflict-at-land,3,199,
149392.324,start,2,198,
149398.164,refuse,3,199,
149413.164,refuse,3,199,
149428.164,refuse,3,199,
149443.164,refuse,3,199,
149458.164,refuse,3,199,
149464.717,conflict-at-land,5,141,
149473.164,refuse,3,199,
149479.717,start,5,141,
149488.164,refuse,3,199,
149503.164,refuse,3,199,
149518.164,refuse,3,199,
149533.164,refuse,3,199,
149548.015,conflict-at-land,2,198,
149548.164,start,3,199,
149563.015,refuse,2,198,
149578.015,refuse,2,198,
149587.172,conflict-at-land,3,199,
149593.015,start,2,198,
149602.172,refuse,3,199,
149617.172,refuse,3,199,
149632.172,refuse,3,199,
149647.172,refuse,3,199,
149662.172,refuse,3,199,
149677.172,refuse,3,199,
149692.172,refuse,3,199,
149707.172,refuse,3,199,
149720.736,conflict-at-land,2,198,
149722.172,start,3,199,
149735.736,refuse,2,198,
149750.736,refuse,2,198,
149763.668,conflict-at-land,3,199,
149765.736,start,2,198,
149778.668,refuse,3,199,
149793.668,refuse,3,199,
149808.668,refuse,3,199,
149823.668,refuse,3,199,
149838.668,refuse,3,199,
149853.668,refuse,3,199,
149868.668,refuse,3,199,
149883.668,refuse,3,199,
149892.296,conflict-at-land,2,198,
149898.668,start,3,199,
149907.296,refuse,2,198,
149922.296,refuse,2,198,
149937.296,refuse,2,198,
149941.215,conflict-at-land,3,199,
149952.296,start,2,198,
149956.215,refuse,3,199,
149971.215,refuse,3,199,
149986.215,refuse,3,199,
150001.215,refuse,3,199,
150016.215,refuse,3,199,
150031.215,refuse,3,199,
150046.215,refuse,3,199,
150061.215,refuse,3,199,
150071.247,conflict-at-land,1,149,
150076.215,refuse,3,199,
150086.247,start,1,149,
150091.215,refuse,3,199,
150106.215,refuse,3,199,
150118.537,conflict-at-land,2,198,
150121.215,start,3,199,
150133.537,refuse,2,198,
150148.537,refuse,2,198,
150156.091,conflict-at-land,3,199,
150163.537,start,2,198,
150171.091,refuse,3,199,
150186.091,refuse,3,199,
150201.091,refuse,3,199,
150216.091,refuse,3,199,
150231.091,refuse,3,199,
150246.091,refuse,3,199,
150261.091,refuse,3,199,
150276.091,refuse,3,199,
150284.371,conflict-at-land,5,141,
150291.091,refuse,3,199,
150299.371,start,5,141,
150306.091,refuse,3,199,
150312.541,conflict-at-land,2,198,
150321.091,start,3,199,
150327.541,refuse,2,198,
150342.541,refuse,2,198,
150346.383,conflict-at-land,3,199,
150357.541,start,2,198,
150361.383,refuse,3,199,
150376.383,refuse,3,199,
150391.383,refuse,3,199,
150406.383,refuse,3,199,
150421.383,refuse,3,199,
150436.383,refuse,3,199,
150451.383,refuse,3,199,
150452.283,conflict-at-land,7,148,
150466.383,refuse,3,199,
150467.283,start,7,148,
150481.383,refuse,3,199,
150496.383,refuse,3,199,
150511.383,refuse,3,199,
150526.383,refuse,3,199,
150541.383,refuse,3,199,
150544.303,conflict-at-land,2,198,
150556.383,start,3,199,
150559.303,refuse,2,198,
150574.303,refuse,2,198,
150589.303,refuse,2,198,
150590.158,conflict-at-land,3,199,
150604.303,start,2,198,
150605.158,refuse,3,199,
150620.158,refuse,3,199,
150635.158,refuse,3,199,
150635.158,abandon,3,199,
150761.257,conflict-at-land,2,198,
150776.257,start,2,198,
150923.189,conflict-at-land,2,198,
150938.189,start,2,198,
150993.687,conflict-at-land,5,141,
151008.687,start,5,141,
151103.813,conflict-at-land,2,198,
151118.813,start,2,198,
151328.05,conflict-at-land,2,198,
151343.05,start,2,198,
151536.774,conflict-at-land,2,198,
151551.774,start,2,198,
151586.392,conflict-at-land,5,141,
151601.392,start,5,141,
151654.976,conflict-at-land,7,148,
151669.976,start,7,148,
151751.52,conflict-at-land,2,198,
151766.52,start,2,198,
151937.456,conflict-at-land,2,198,
151952.456,start,2,198,
152089.887,conflict-at-land,2,198,
152102.635,conflict-at-land,5,141,
152104.887,start,2,198,
152117.635,start,5,141,
152126.328,conflict-at-land,1,149,
152141.328,start,1,149,
152299.105,conflict-at-land,2,198,
152314.105,start,2,198,
152506.333,conflict-at-land,2,198,
152521.333,start,2,198,
152610.112,conflict-at-land,5,141,
152625.112,start,5,141,
152658.931,conflict-at-land,2,198,
152673.931,start,2,198,
152795.841,conflict-at-land,2,198,
152810.841,start,2,198,
152896.998,conflict-at-land,7,148,
152911.998,start,7,148,
152971.822,conflict-at-land,2,198,
152986.822,start,2,198,
153150.883,conflict-at-land,5,141,
153165.883,start,5,141,
153178.2,conflict-at-land,2,198,
153193.2,start,2,198,
153397.915,conflict-at-land,2,198,
153412.915,start,2,198,
153618.749,conflict-at-land,2,198,
153633.749,start,2,198,
153750.075,conflict-at-land,5,141,
153765.075,start,5,141,
153830.688,conflict-at-land,2,198,
153845.688,start,2,198,
154038.356,conflict-at-land,2,198,
154053.356,start,2,198,
154237.295,conflict-at-land,2,198,
154239.858,conflict-at-land,7,148,
154252.295,start,2,198,
154254.858,start,7,148,
154277.342,conflict-at-land,5,141,
154292.342,start,5,141,
154389.983,conflict-at-land,2,198,
154404.983,start,2,198,
154529.332,conflict-at-land,2,198,
154544.332,start,2,198,
154743.545,conflict-at-land,2,198,
154758.545,start,2,198,
154768.841,conflict-at-land,1,149,
154783.841,start,1,149,
154857.628,conflict-at-land,5,141,
154872.628,start,5,141,
154883.429,conflict-at-land,2,198,
154898.429,start,2,198,
155056.895,conflict-at-land,2,198,
155071.895,start,2,198,
155199.267,conflict-at-land,2,198,
155214.267,start,2,198,
155418.8,conflict-at-land,2,198,
155433.8,start,2,198,
155509.988,conflict-at-land,7,148,
155524.988,start,7,148,
155604.757,conflict-at-land,2,198,
155619.757,start,2,198,
155640.933,conflict-at-land,5,141,
155655.933,start,5,141,
155791.444,conflict-at-land,2,198,
155806.444,start,2,198,
155957.275,conflict-at-land,2,198,
155972.275,start,2,198,
156124.378,conflict-at-land,2,198,
156139.378,start,2,198,
156259.128,conflict-at-land,2,198,
156274.128,start,2,198,
156368.043,conflict-at-land,5,141,
156383.043,start,5,141,
156433.266,conflict-at-land,7,148,
156448.266,start,7,148,
156461.318,conflict-at-land,2,198,
156476.318,start,2,198,
156694.578,conflict-at-land,2,198,
156709.578,start,2,198,
156865.386,conflict-at-land,2,198,
156880.386,start,2,198,
157049.448,conflict-at-land,2,198,
157064.448,start,2,198,
157121.156,conflict-at-land,1,149,
157130.57,conflict-at-land,5,141,
157136.156,start,1,149,
157145.57,start,5,141,
157279.44,conflict-at-land,2,198,
157294.44,start,2,198,
157360.581,conflict-at-land,7,148,
157375.581,start,7,148,
157438.308,conflict-at-land,2,198,
157453.308,start,2,198,
157594.83,conflict-at-land,2,198,
157609.83,start,2,198,
157680.853,conflict-at-land,5,141,
157695.853,start,5,141,
157753.455,conflict-at-land,2,198,
157768.455,start,2,198,
157966.517,conflict-at-land,2,198,
157981.517,start,2,198,
158165.724,conflict-at-land,2,198,
158180.724,start,2,198,
158389.587,conflict-at-land,2,198,
158404.587,start,2,198,
158420.469,conflict-at-land,5,141,
158435.469,start,5,141,
158565.681,conflict-at-land,2,198,
158580.681,start,2,198,
158788.786,conflict-at-land,2,198,
158803.786,start,2,198,
158804.683,conflict-at-land,7,148,
158819.683,start,7,148,
159002.136,conflict-at-land,2,198,
159017.136,start,2,198,
159124.25,conflict-at-land,5,141,
159139.25,start,5,141,
159225.033,conflict-at-land,2,198,
159240.033,start,2,198,
159304.234,conflict-at-land,1,149,
159319.234,start,1,149,
159375.965,conflict-at-land,2,198,
159390.965,start,2,198,
159547.907,conflict-at-land,2,198,
159562.907,start,2,198,
159699.525,conflict-at-land,2,198,
159714.525,start,2,198,
159724.455,conflict-at-land,5,141,
159739.455,start,5,141,
159895.478,conflict-at-land,2,198,
159910.478,start,2,198,
160062.902,conflict-at-land,7,148,
160077.902,start,7,148,
160080.465,conflict-at-land,2,198,
160095.465,start,2,198,
160226.34,conflict-at-land,2,198,
160241.34,start,2,198,
160430.755,conflict-at-land,5,141,
160438.339,conflict-at-land,2,198,
160445.755,start,5,141,
160453.339,start,2,198,
160589.582,conflict-at-land,2,198,
160604.582,start,2,198,
160769.383,conflict-at-land,2,198,
160784.383,start,2,198,
160957.242,conflict-at-land,2,198,
160972.242,start,2,198,
160995.099,conflict-at-land,5,141,
161010.099,start,5,141,
161123.478,conflict-at-land,2,198,
161138.478,start,2,198,
161157.966,conflict-at-land,7,148,
161172.966,start,7,148,
161317.356,conflict-at-land,2,198,
161332.356,start,2,198,
161493.736,conflict-at-land,2,198,
161508.736,start,2,198,
161644.932,conflict-at-land,2,198,
161659.932,start,2,198,
161663.288,conflict-at-land,5,141,
161678.288,start,5,141,
161858.099,conflict-at-land,2,198,
161873.099,start,2,198,
161903.707,conflict-at-land,1,149,
161918.707,start,1,149,
162049.895,conflict-at-land,2,198,
162064.895,start,2,198,
162191.759,conflict-at-land,7,148,
162206.759,start,7,148,
162238.733,conflict-at-land,2,198,
162253.733,start,2,198,
162369.146,conflict-at-land,5,141,
162375.654,conflict-at-land,2,198,
162384.146,start,5,141,
162390.654,start,2,198,
162589.573,conflict-at-land,2,198,
162604.573,start,2,198,
162750.324,conflict-at-land,2,198,
162765.324,start,2,198,
162887.989,conflict-at-land,5,141,
162898.612,conflict-at-land,2,198,
162902.989,start,5,141,
162913.612,start,2,198,
163039.147,conflict-at-land,2,198,
163054.147,start,2,198,
163096.917,conflict-at-land,7,148,
163111.917,start,7,148,
163249.345,conflict-at-land,2,198,
163264.345,start,2,198,
163465.744,conflict-at-land,2,198,
163480.744,start,2,198,
163637.061,conflict-at-land,2,198,
163652.061,start,2,198,
163692.235,conflict-at-land,5,141,
163707.235,start,5,141,
163728.562,conflict-at-land,1,149,
163743.562,start,1,149,
163801.568,conflict-at-land,2,198,
163816.568,start,2,198,
163981.462,conflict-at-land,2,198,
163996.462,start,2,198,
164166.277,conflict-at-land,2,198,
164181.277,start,2,198,
164254.169,conflict-at-land,5,141,
164269.169,start,5,141,
164382.627,conflict-at-land,2,198,
164397.627,start,2,198,
164399.92,conflict-at-land,7,148,
164414.92,start,7,148,
164560.64,conflict-at-land,2,198,
164575.64,start,2,198,
164749.817,conflict-at-land,5,141,
164760.216,conflict-at-land,2,198,
164764.817,start,5,141,
164775.216,start,2,198,
164971.246,conflict-at-land,2,198,
164986.246,start,2,198,
165126.801,conflict-at-land,2,198,
165141.801,start,2,198,
165350.507,conflict-at-land,2,198,
165365.507,start,2,198,
165509.669,conflict-at-land,2,198,
165510.377,conflict-at-land,5,141,
165524.669,start,2,198,
165525.377,start,5,141,
165629.714,conflict-at-land,7,148,
165644.714,start,7,148,
165687.137,conflict-at-land,2,198,
165702.137,start,2,198,
165903.804,conflict-at-land,2,198,
165918.804,start,2,198,
166010.464,conflict-at-land,5,141,
166025.464,start,5,141,
166040.052,conflict-at-land,1,149,
166055.052,start,1,149,
166087.111,conflict-at-land,2,198,
166102.111,start,2,198,
166221.129,conflict-at-land,2,198,
166236.129,start,2,198,
166450.438,conflict-at-land,2,198,
166465.438,start,2,198,
166638.412,conflict-at-land,5,141,
166653.412,start,5,141,
166653.653,conflict-at-land,2,198,
166668.653,start,2,198,
166841.009,conflict-at-land,2,198,
166841.009,abandon,2,198,
166908.091,conflict-at-land,7,148,
166923.091,start,7,148,
167148.372,conflict-at-land,5,141,
167163.372,start,5,141,
167716.606,conflict-at-land,5,141,
167731.606,start,5,141,
168194.349,conflict-at-land,7,148,
168209.349,start,7,148,
168368.112,conflict-at-land,1,149,
168383.112,start,1,149,
168516.54,conflict-at-land,5,141,
168531.54,start,5,141,
169185.689,conflict-at-land,7,148,
169200.689,start,7,148,
169278.034,conflict-at-land,5,141,
169293.034,start,5,141,
169770.687,conflict-at-land,5,141,
169785.687,start,5,141,
170303.161,conflict-at-land,7,148,
170318.161,start,7,148,
170543.709,conflict-at-land,5,141,
170558.709,start,5,141,
170981.115,conflict-at-land,1,149,
170996.115,start,1,149,
171076.539,conflict-at-land,5,141,
171091.539,start,5,141,
171499.846,conflict-at-land,7,148,
171514.846,start,7,148,
171878.298,conflict-at-land,5,141,
171893.298,start,5,141,
172565.543,conflict-at-land,5,141,
172565.543,abandon,5,141,
172902.224,conflict-at-land,7,148,
172917.224,start,7,148,
173812.912,conflict-at-land,1,149,
173827.912,start,1,149,
174075.913,conflict-at-land,7,148,
174090.913,start,7,148,
175154.812,conflict-at-land,7,148,
175169.812,start,7,148,
175802.571,conflict-at-land,1,149,
175817.571,start,1,149,
176547.298,conflict-at-land,7,148,
176562.298,start,7,148,
177360.398,conflict-at-land,7,148,
177375.398,start,7,148,
177842.475,conflict-at-land,1,149,
177857.475,start,1,149,
178794.984,conflict-at-land,7,148,
178809.984,start,7,148,
179620.295,conflict-at-land,7,148,
179635.295,start,7,148,
179727.798,conflict-at-land,1,149,
179742.798,start,1,149,
180623.508,conflict-at-land,7,148,
180638.508,start,7,148,
181536.293,conflict-at-land,7,148,
181551.293,start,7,148,
181606.322,conflict-at-land,1,149,
181621.322,start,1,149,
182472.141,conflict-at-land,7,148,
182487.141,start,7,148,
183513.253,conflict-at-land,1,149,
183528.253,start,1,149,
183629.309,conflict-at-land,7,148,
183644.309,start,7,148,
184928.992,conflict-at-land,7,148,
184943.992,start,7,148,
185725.359,conflict-at-land,7,148,
185740.359,start,7,148,
186338.008,conflict-at-land,1,149,
186353.008,start,1,149,
186902.401,conflict-at-land,7,148,
186917.401,start,7,148,
187711.577,conflict-at-land,7,148,
187726.577,start,7,148,
188515.389,conflict-at-land,7,148,
188530.389,start,7,148,
188627.736,conflict-at-land,1,149,
188642.736,start,1,149,
189604.528,conflict-at-land,7,148,
189619.528,start,7,148,
190966.41,conflict-at-land,7,148,
190981.41,start,7,148,
191229.492,conflict-at-land,1,149,
191244.492,start,1,149,
191791.814,conflict-at-land,7,148,
191806.814,start,7,148,
192941.276,conflict-at-land,1,149,
192956.276,start,1,149,
193072.921,conflict-at-land,7,148,
193087.921,start,7,148,
194063.761,conflict-at-land,7,148,
194078.761,start,7,148,
194907.29,conflict-at-land,7,148,
194922.29,start,7,148,
195336.935,conflict-at-land,1,149,
195351.935,start,1,149,
195810.561,conflict-at-land,7,148,
195825.561,start,7,148,
197003.512,conflict-at-land,7,148,
197018.512,start,7,148,
197959.947,conflict-at-land,1,149,
197974.947,start,1,149,
198370.027,conflict-at-land,7,148,
198385.027,start,7,148,
199327.185,conflict-at-land,7,148,
199342.185,start,7,148,
200345.826,conflict-at-land,7,148,
200360.826,start,7,148,
200673.438,conflict-at-land,1,149,
200688.438,start,1,149,
201728.737,conflict-at-land,7,148,
201743.737,start,7,148,
202684.017,conflict-at-land,7,148,
202699.017,start,7,148,
203191.736,conflict-at-land,1,149,
203206.736,start,1,149,
204037.896,conflict-at-land,7,148,
204052.896,start,7,148,
205243.355,conflict-at-land,7,148,
205258.355,start,7,148,
205826.825,conflict-at-land,1,149,
205841.825,start,1,149,
206298.797,conflict-at-land,7,148,
206313.797,start,7,148,
207724.077,conflict-at-land,7,148,
207739.077,start,7,148,
208453.348,conflict-at-land,1,149,
208468.348,start,1,149,
208836.942,conflict-at-land,7,148,
208851.942,start,7,148,
209771.156,conflict-at-land,7,148,
209786.156,start,7,148,
210593.235,conflict-at-land,1,149,
210608.235,start,1,149,
211034.116,conflict-at-land,7,148,
211049.116,start,7,148,
212118.933,conflict-at-land,7,148,
212133.933,start,7,148,
212748.421,conflict-at-land,1,149,
212763.421,start,1,149,
213263.301,conflict-at-land,7,148,
213278.301,start,7,148,
214367.738,conflict-at-land,7,148,
214382.738,start,7,148,
215311.501,conflict-at-land,1,149,
215326.501,start,1,149,
215766.116,conflict-at-land,7,148,
215781.116,start,7,148,
216662.763,conflict-at-land,7,148,
216677.763,start,7,148,
217643.654,conflict-at-land,7,148,
217658.654,start,7,148,
217867.632,conflict-at-land,1,149,
217882.632,start,1,149,
218873.366,conflict-at-land,7,148,
218888.366,start,7,148,
219662.012,conflict-at-land,7,148,
219677.012,start,7,148,
220264.447,conflict-at-land,1,149,
220279.447,start,1,149,
220905.549,conflict-at-land,7,148,
220920.549,start,7,148,
222160.791,conflict-at-land,1,149,
222175.791,start,1,149,
222224.604,conflict-at-land,7,148,
222239.604,start,7,148,
223544.298,conflict-at-land,7,148,
223559.298,start,7,148,
224384.214,conflict-at-land,1,149,
224399.214,start,1,149,
224882.121,conflict-at-land,7,148,
224897.121,start,7,148,
225762.195,conflict-at-land,7,148,
225777.195,start,7,148,
226740.612,conflict-at-land,7,148,
226755.612,start,7,148,
227117.85,conflict-at-land,1,149,
227132.85,start,1,149,
227605.473,conflict-at-land,7,148,
227620.473,start,7,148,
228722.868,conflict-at-land,7,148,
228737.868,start,7,148,
229582.658,conflict-at-land,1,149,
229597.658,start,1,149,
230046.157,conflict-at-land,7,148,
230061.157,start,7,148,
231237.405,conflict-at-land,7,148,
231252.405,start,7,148,
231387.43,conflict-at-land,1,149,
231402.43,start,1,149,
232500.2,conflict-at-land,7,148,
232515.2,start,7,148,
233519.215,conflict-at-land,1,149,
233534.215,start,1,149,
233547.631,conflict-at-land,7,148,
233562.631,start,7,148,
234392.84,conflict-at-land,7,148,
234407.84,start,7,148,
235221.356,conflict-at-land,7,148,
235236.356,start,7,148,
235985.287,conflict-at-land,1,149,
236000.287,start,1,149,
236573.336,conflict-at-land,7,148,
236588.336,start,7,148,
237656.263,conflict-at-land,7,148,
237671.263,start,7,148,
237904.434,conflict-at-land,1,149,
237919.434,start,1,149,
238844.014,conflict-at-land,7,148,
238859.014,start,7,148,
240061.105,conflict-at-land,7,148,
240076.105,start,7,148,
240483.602,conflict-at-land,1,149,
240498.602,start,1,149,
241274.463,conflict-at-land,7,148,
241289.463,start,7,148,
242371.427,conflict-at-land,7,148,
242386.427,start,7,148,
243264.495,conflict-at-land,7,148,
243279.495,start,7,148,
243517.971,conflict-at-land,1,149,
243532.971,start,1,149,
244126.463,conflict-at-land,7,148,
244141.463,start,7,148,
245441.428,conflict-at-land,7,148,
245456.428,start,7,148,
246297.028,conflict-at-land,7,148,
246302.755,conflict-at-land,1,149,
246312.028,start,7,148,
246317.755,start,1,149,
247656.652,conflict-at-land,7,148,
247671.652,start,7,148,
248012.979,conflict-at-land,1,149,
248027.979,start,1,149,
248598.319,conflict-at-land,7,148,
248613.319,start,7,148,
250048.412,conflict-at-land,7,148,
250063.412,start,7,148,
250070.479,conflict-at-land,1,149,
250085.479,start,1,149,
251135.159,conflict-at-land,7,148,
251150.159,start,7,148,
252242.313,conflict-at-land,7,148,
252257.313,start,7,148,
252964.825,conflict-at-land,1,149,
252979.825,start,1,149,
253164.334,conflict-at-land,7,148,
253179.334,start,7,148,
254354.101,conflict-at-land,7,148,
254369.101,start,7,148,
255353.591,conflict-at-land,1,149,
255368.591,start,1,149,
255733.32,conflict-at-land,7,148,
255748.32,start,7,148,
256644.718,conflict-at-land,7,148,
256659.718,start,7,148,
257484.634,conflict-at-land,7,148,
257499.634,start,7,148,
257549.86,conflict-at-land,1,149,
257564.86,start,1,149,
258654.474,conflict-at-land,7,148,
258669.474,start,7,148,
259755.807,conflict-at-land,7,148,
259770.807,start,7,148,
259979.979,conflict-at-land,1,149,
259994.979,start,1,149,
260789.396,conflict-at-land,7,148,
260804.396,start,7,148,
262121.094,conflict-at-land,7,148,
262136.094,start,7,148,
262566.808,conflict-at-land,1,149,
262581.808,start,1,149,
263091.18,conflict-at-land,7,148,
263106.18,start,7,148,
264540.425,conflict-at-land,7,148,
264555.425,start,7,148,
264626.776,conflict-at-land,1,149,
264641.776,start,1,149,
265480.236,conflict-at-land,7,148,
265495.236,start,7,148,
266382.502,conflict-at-land,7,148,
266397.502,start,7,148,
267173.284,conflict-at-land,1,149,
267188.284,start,1,149,
267556.261,conflict-at-land,7,148,
267571.261,start,7,148,
268461.532,conflict-at-land,7,148,
268476.532,start,7,148,
269475.568,conflict-at-land,1,149,
269490.568,start,1,149,
269594.64,conflict-at-land,7,148,
269609.64,start,7,148,
270808.428,conflict-at-land,7,148,
270823.428,start,7,148,
272000.068,conflict-at-land,7,148,
272015.068,start,7,148,
272375.221,conflict-at-land,1,149,
272390.221,start,1,149,
273364.954,conflict-at-land,7,148,
273379.954,start,7,148,
274784.781,conflict-at-land,7,148,
274799.781,start,7,148,
275233.85,conflict-at-land,1,149,
275248.85,start,1,149,
275589.185,conflict-at-land,7,148,
275604.185,start,7,148,
276735.191,conflict-at-land,7,148,
276750.191,start,7,148,
276950.607,conflict-at-land,1,149,
276965.607,start,1,149,
277849.628,conflict-at-land,7,148,
277864.628,start,7,148,
279044.741,conflict-at-land,7,148,
279059.741,start,7,148,
279941.566,conflict-at-land,7,148,
279956.566,start,7,148,
279960.452,conflict-at-land,1,149,
279975.452,start,1,149,
281211.069,conflict-at-land,7,148,
281226.069,start,7,148,
282072.424,conflict-at-land,7,148,
282087.424,start,7,148,
282138.912,conflict-at-land,1,149,
282153.912,start,1,149,
283033.284,conflict-at-land,7,148,
283048.284,start,7,148,
284374.78,conflict-at-land,7,148,
284389.78,start,7,148,
284689.541,conflict-at-land,1,149,
284704.541,start,1,149,
285771.592,conflict-at-land,7,148,
285786.592,start,7,148,
286528.334,conflict-at-land,1,149,
286543.334,start,1,149,
286713.286,conflict-at-land,7,148,
286728.286,start,7,148,
287517.926,conflict-at-land,7,148,
287532.926,start,7,148,
288350.137,conflict-at-land,1,149,
288365.137,start,1,149,
288743.887,conflict-at-land,7,148,
288743.887,abandon,7,148,
291215.134,conflict-at-land,1,149,
291230.134,start,1,149,
293811.842,conflict-at-land,1,149,
293826.842,start,1,149,
295829.476,conflict-at-land,1,149,
295844.476,start,1,149,
298250.777,conflict-at-land,1,149,
298265.777,start,1,149,
300383.031,conflict-at-land,1,149,
300398.031,start,1,149,
302555.798,conflict-at-land,1,149,
302570.798,start,1,149,
305361.058,conflict-at-land,1,149,
305376.058,start,1,149,
307316.97,conflict-at-land,1,149,
307331.97,start,1,149,
309394.102,conflict-at-land,1,149,
309409.102,start,1,149,
312450.166,conflict-at-land,1,149,
312465.166,start,1,149,
315343.899,conflict-at-land,1,149,
315358.899,start,1,149,
317184.628,conflict-at-land,1,149,
317199.628,start,1,149,
319053.815,conflict-at-land,1,149,
319068.815,start,1,149,
322027.623,conflict-at-land,1,149,
322042.623,start,1,149,
324496.477,conflict-at-land,1,149,
324511.477,start,1,149,
326678.571,conflict-at-land,1,149,
326693.571,start,1,149,
328441.341,conflict-at-land,1,149,
328456.341,start,1,149,
331204.655,conflict-at-land,1,149,
331219.655,start,1,149,
333237.241,conflict-at-land,1,149,
333252.241,start,1,149,
334958.245,conflict-at-land,1,149,
334973.245,start,1,149,
337718.738,conflict-at-land,1,149,
337733.738,start,1,149,
340676.404,conflict-at-land,1,149,
340691.404,start,1,149,
342413.216,conflict-at-land,1,149,
342428.216,start,1,149,
345247.64,conflict-at-land,1,149,
345262.64,start,1,149,
348225.717,conflict-at-land,1,149,
348240.717,start,1,149,
350607.316,conflict-at-land,1,149,
350622.316,start,1,149,
352529.625,conflict-at-land,1,149,
352544.625,start,1,149,
354460.002,conflict-at-land,1,149,
354475.002,start,1,149,
357092.872,conflict-at-land,1,149,
357107.872,start,1,149,
359680.563,conflict-at-land,1,149,
359695.563,start,1,149,
361764.413,conflict-at-land,1,149,
361779.413,start,1,149,
363686.391,conflict-at-land,1,149,
363701.391,start,1,149,
366531.414,conflict-at-land,1,149,
366546.414,start,1,149,
369265.9,conflict-at-land,1,149,
369280.9,start,1,149,
372097.964,conflict-at-land,1,149,
372112.964,start,1,149,
374239.243,conflict-at-land,1,149,
374254.243,start,1,149,
376672.806,conflict-at-land,1,149,
376687.806,start,1,149,
378669.204,conflict-at-land,1,149,
378684.204,start,1,149,
380447.269,conflict-at-land,1,149,
380462.269,start,1,149,
382213.259,conflict-at-land,1,149,
382228.259,start,1,149,
384748.52,conflict-at-land,1,149,
384763.52,start,1,149,
387344.985,conflict-at-land,1,149,
387359.985,start,1,149,
389766.033,conflict-at-land,1,149,
389781.033,start,1,149,
392021.867,conflict-at-land,1,149,
392036.867,start,1,149,
395116.042,conflict-at-land,1,149,
395131.042,start,1,149,
397505.067,conflict-at-land,1,149,
397520.067,start,1,149,
400497.319,conflict-at-land,1,149,
400512.319,start,1,149,
402918.993,conflict-at-land,1,149,
402933.993,start,1,149,
405422.377,conflict-at-land,1,149,
405437.377,start,1,149,
407622.862,conflict-at-land,1,149,
407637.862,start,1,149,
409656.025,conflict-at-land,1,149,
409671.025,start,1,149,
411466.012,conflict-at-land,1,149,
411481.012,start,1,149,
414310.454,conflict-at-land,1,149,
414325.454,start,1,149,
417018.973,conflict-at-land,1,149,
417033.973,start,1,149,
419153.864,conflict-at-land,1,149,
419168.864,start,1,149,
421661.203,conflict-at-land,1,149,
421676.203,start,1,149,
423763.226,conflict-at-land,1,149,
423778.226,start,1,149,
425680.575,conflict-at-land,1,149,
425695.575,start,1,149,
428551.965,conflict-at-land,1,149,
428566.965,start,1,149,
431224.947,conflict-at-land,1,149,
431239.947,start,1,149,
434050.014,conflict-at-land,1,149,
434065.014,start,1,149,
435982.126,conflict-at-land,1,149,
435997.126,start,1,149,
438301.876,conflict-at-land,1,149,
438301.876,abandon,1,149,
