time,event,agent_id,task_id,note
0.0,start,0,0,
0.0,refuse,1,1,
0.0,start,2,2,
0.0,start,3,3,
7.251,land,2,2,
7.251,refuse,2,4,
15.0,refuse,1,1,
16.393,land,0,0,
16.393,refuse,0,5,
22.251,refuse,2,4,
30.0,refuse,1,1,
31.393,refuse,0,5,
37.251,refuse,2,4,
45.0,refuse,1,1,
46.393,refuse,0,5,
52.251,refuse,2,4,
60.0,refuse,1,1,
61.393,refuse,0,5,
67.251,refuse,2,4,
75.0,refuse,1,1,
76.393,refuse,0,5,
82.251,refuse,2,4,
90.0,refuse,1,1,
91.393,refuse,0,5,
97.251,refuse,2,4,
105.0,refuse,1,1,
106.393,refuse,0,5,
112.251,refuse,2,4,
120.0,refuse,1,1,
121.393,refuse,0,5,
127.251,refuse,2,4,
135.0,refuse,1,1,
136.393,refuse,0,5,
142.251,refuse,2,4,
150.0,refuse,1,1,
151.393,refuse,0,5,
157.251,refuse,2,4,
165.0,refuse,1,1,
166.393,refuse,0,5,
172.251,refuse,2,4,
180.0,refuse,1,1,
181.393,refuse,0,5,
187.251,refuse,2,4,
195.0,refuse,1,1,
196.393,refuse,0,5,
202.251,refuse,2,4,
210.0,refuse,1,1,
211.393,refuse,0,5,
217.251,refuse,2,4,
225.0,refuse,1,1,
226.393,refuse,0,5,
232.251,refuse,2,4,
240.0,refuse,1,1,
241.393,refuse,0,5,
247.251,refuse,2,4,
255.0,refuse,1,1,
256.393,refuse,0,5,
262.251,refuse,2,4,
270.0,refuse,1,1,
271.393,refuse,0,5,
277.251,refuse,2,4,
285.0,refuse,1,1,
286.393,refuse,0,5,
292.251,refuse,2,4,
300.0,refuse,1,1,
301.393,refuse,0,5,
307.251,refuse,2,4,
315.0,refuse,1,1,
316.393,refuse,0,5,
322.251,refuse,2,4,
330.0,refuse,1,1,
331.393,refuse,0,5,
337.251,refuse,2,4,
345.0,refuse,1,1,
346.393,refuse,0,5,
352.251,refuse,2,4,
360.0,refuse,1,1,
361.393,refuse,0,5,
367.251,refuse,2,4,
375.0,refuse,1,1,
376.393,refuse,0,5,
382.251,refuse,2,4,
390.0,refuse,1,1,
391.393,refuse,0,5,
397.251,refuse,2,4,
405.0,refuse,1,1,
406.393,refuse,0,5,
412.251,refuse,2,4,
420.0,refuse,1,1,
421.393,refuse,0,5,
427.251,refuse,2,4,
435.0,refuse,1,1,
436.393,refuse,0,5,
442.251,refuse,2,4,
450.0,refuse,1,1,
451.393,refuse,0,5,
457.251,refuse,2,4,
465.0,refuse,1,1,
466.393,refuse,0,5,
472.251,refuse,2,4,
480.0,refuse,1,1,
481.393,refuse,0,5,
487.251,refuse,2,4,
495.0,refuse,1,1,
496.393,refuse,0,5,
502.251,refuse,2,4,
510.0,refuse,1,1,
511.393,refuse,0,5,
517.251,refuse,2,4,
525.0,refuse,1,1,
526.393,refuse,0,5,
532.251,refuse,2,4,
540.0,refuse,1,1,
541.393,refuse,0,5,
547.251,refuse,2,4,
555.0,refuse,1,1,
556.393,refuse,0,5,
562.251,refuse,2,4,
570.0,refuse,1,1,
571.393,refuse,0,5,
577.251,refuse,2,4,
585.0,refuse,1,1,
586.393,refuse,0,5,
592.251,refuse,2,4,
600.0,refuse,1,1,
601.393,refuse,0,5,
607.251,refuse,2,4,
615.0,refuse,1,1,
616.393,refuse,0,5,
622.251,refuse,2,4,
630.0,refuse,1,1,
631.393,refuse,0,5,
637.251,refuse,2,4,
645.0,refuse,1,1,
646.393,refuse,0,5,
652.251,refuse,2,4,
660.0,refuse,1,1,
661.393,refuse,0,5,
667.251,refuse,2,4,
675.0,refuse,1,1,
676.393,refuse,0,5,
682.251,refuse,2,4,
690.0,refuse,1,1,
691.393,refuse,0,5,
697.251,refuse,2,4,
705.0,refuse,1,1,
706.393,refuse,0,5,
712.251,refuse,2,4,
720.0,refuse,1,1,
721.393,refuse,0,5,
727.251,refuse,2,4,
735.0,refuse,1,1,
736.393,refuse,0,5,
742.251,refuse,2,4,
750.0,refuse,1,1,
751.393,refuse,0,5,
757.251,refuse,2,4,
765.0,refuse,1,1,
766.393,refuse,0,5,
772.251,refuse,2,4,
780.0,refuse,1,1,
781.393,refuse,0,5,
787.251,refuse,2,4,
795.0,refuse,1,1,
796.393,refuse,0,5,
802.251,refuse,2,4,
810.0,refuse,1,1,
811.393,refuse,0,5,
817.251,refuse,2,4,
825.0,refuse,1,1,
826.393,refuse,0,5,
832.251,refuse,2,4,
840.0,refuse,1,1,
841.393,refuse,0,5,
847.251,refuse,2,4,
855.0,refuse,1,1,
856.393,refuse,0,5,
862.251,refuse,2,4,
870.0,refuse,1,1,
871.393,refuse,0,5,
877.251,refuse,2,4,
885.0,refuse,1,1,
886.393,refuse,0,5,
892.251,refuse,2,4,
900.0,refuse,1,1,
901.393,refuse,0,5,
907.251,refuse,2,4,
915.0,refuse,1,1,
916.393,refuse,0,5,
922.251,refuse,2,4,
930.0,refuse,1,1,
931.393,refuse,0,5,
937.251,refuse,2,4,
945.0,refuse,1,1,
946.393,refuse,0,5,
952.251,refuse,2,4,
960.0,refuse,1,1,
961.393,refuse,0,5,
967.251,refuse,2,4,
975.0,refuse,1,1,
976.393,refuse,0,5,
982.251,refuse,2,4,
990.0,refuse,1,1,
991.393,refuse,0,5,
997.251,refuse,2,4,
1005.0,refuse,1,1,
1006.393,refuse,0,5,
1012.251,refuse,2,4,
1020.0,refuse,1,1,
1021.393,refuse,0,5,
1027.251,refuse,2,4,
1035.0,refuse,1,1,
1036.393,refuse,0,5,
1042.251,refuse,2,4,
1050.0,refuse,1,1,
1051.393,refuse,0,5,
1057.251,refuse,2,4,
1065.0,refuse,1,1,
1066.393,refuse,0,5,
1072.251,refuse,2,4,
1080.0,refuse,1,1,
1081.393,refuse,0,5,
1087.251,refuse,2,4,
1095.0,refuse,1,1,
1096.393,refuse,0,5,
1102.251,refuse,2,4,
1110.0,refuse,1,1,
1111.393,refuse,0,5,
1117.251,refuse,2,4,
1125.0,refuse,1,1,
1126.393,refuse,0,5,
1132.251,refuse,2,4,
1140.0,refuse,1,1,
1141.393,refuse,0,5,
1147.251,refuse,2,4,
1155.0,refuse,1,1,
1156.393,refuse,0,5,
1162.251,refuse,2,4,
1170.0,refuse,1,1,
1171.393,refuse,0,5,
1177.251,refuse,2,4,
1185.0,refuse,1,1,
1186.393,refuse,0,5,
1192.251,refuse,2,4,
1200.0,refuse,1,1,
1201.393,refuse,0,5,
1207.251,refuse,2,4,
1215.0,refuse,1,1,
1216.393,refuse,0,5,
1222.251,refuse,2,4,
1230.0,refuse,1,1,
1231.393,refuse,0,5,
1237.251,refuse,2,4,
1245.0,refuse,1,1,
1246.393,refuse,0,5,
1252.251,refuse,2,4,
1260.0,refuse,1,1,
1261.393,refuse,0,5,
1267.251,refuse,2,4,
1275.0,refuse,1,1,
1276.393,refuse,0,5,
1282.251,refuse,2,4,
1290.0,refuse,1,1,
1291.393,refuse,0,5,
1297.251,refuse,2,4,
1305.0,refuse,1,1,
1306.393,refuse,0,5,
1312.251,refuse,2,4,
1320.0,refuse,1,1,
1321.393,refuse,0,5,
1327.251,refuse,2,4,
1335.0,refuse,1,1,
1336.393,refuse,0,5,
1342.251,refuse,2,4,
1350.0,refuse,1,1,
1351.393,refuse,0,5,
1357.251,refuse,2,4,
1365.0,refuse,1,1,
1366.393,refuse,0,5,
1372.251,refuse,2,4,
1380.0,refuse,1,1,
1381.393,refuse,0,5,
1387.251,refuse,2,4,
1395.0,refuse,1,1,
1396.393,refuse,0,5,
1402.251,refuse,2,4,
1410.0,refuse,1,1,
1411.393,refuse,0,5,
1417.251,refuse,2,4,
1425.0,refuse,1,1,
1426.393,refuse,0,5,
1432.251,refuse,2,4,
1440.0,refuse,1,1,
1441.393,refuse,0,5,
1447.251,refuse,2,4,
1455.0,refuse,1,1,
1456.393,refuse,0,5,
1462.251,refuse,2,4,
1470.0,refuse,1,1,
1471.393,refuse,0,5,
1477.251,refuse,2,4,
1485.0,refuse,1,1,
1486.393,refuse,0,5,
1492.251,refuse,2,4,
1500.0,refuse,1,1,
1501.393,refuse,0,5,
1507.251,refuse,2,4,
1515.0,refuse,1,1,
1516.393,refuse,0,5,
1522.251,refuse,2,4,
1530.0,refuse,1,1,
1531.393,refuse,0,5,
1537.251,refuse,2,4,
1545.0,refuse,1,1,
1546.393,refuse,0,5,
1552.251,refuse,2,4,
1560.0,refuse,1,1,
1561.393,refuse,0,5,
1567.251,refuse,2,4,
1575.0,refuse,1,1,
1576.393,refuse,0,5,
1582.251,refuse,2,4,
1590.0,refuse,1,1,
1591.393,refuse,0,5,
1597.251,refuse,2,4,
1605.0,refuse,1,1,
1606.393,refuse,0,5,
1612.251,refuse,2,4,
1620.0,refuse,1,1,
1621.393,refuse,0,5,
1627.251,refuse,2,4,
1635.0,refuse,1,1,
1636.393,refuse,0,5,
1642.251,refuse,2,4,
1650.0,refuse,1,1,
1651.393,refuse,0,5,
1657.251,refuse,2,4,
1665.0,refuse,1,1,
1666.393,refuse,0,5,
1672.251,refuse,2,4,
1680.0,refuse,1,1,
1681.393,refuse,0,5,
1687.251,refuse,2,4,
1695.0,refuse,1,1,
1696.393,refuse,0,5,
1702.251,refuse,2,4,
1710.0,refuse,1,1,
1711.393,refuse,0,5,
1717.251,refuse,2,4,
1725.0,refuse,1,1,
1726.393,refuse,0,5,
1732.251,refuse,2,4,
1740.0,refuse,1,1,
1741.393,refuse,0,5,
1747.251,refuse,2,4,
1755.0,refuse,1,1,
1756.393,refuse,0,5,
1762.251,refuse,2,4,
1770.0,refuse,1,1,
1771.393,refuse,0,5,
1777.251,refuse,2,4,
1785.0,refuse,1,1,
1786.393,refuse,0,5,
1792.251,refuse,2,4,
1800.0,refuse,1,1,
1801.393,refuse,0,5,
1807.251,refuse,2,4,
1815.0,refuse,1,1,
1816.393,refuse,0,5,
1822.251,refuse,2,4,
1830.0,refuse,1,1,
1831.393,refuse,0,5,
1837.251,refuse,2,4,
1845.0,refuse,1,1,
1846.393,refuse,0,5,
1852.251,refuse,2,4,
1860.0,refuse,1,1,
1861.393,refuse,0,5,
1867.251,refuse,2,4,
1875.0,refuse,1,1,
1876.393,refuse,0,5,
1882.251,refuse,2,4,
1890.0,refuse,1,1,
1891.393,refuse,0,5,
1897.251,refuse,2,4,
1905.0,refuse,1,1,
1906.393,refuse,0,5,
1912.251,refuse,2,4,
1920.0,refuse,1,1,
1921.393,refuse,0,5,
1927.251,refuse,2,4,
1935.0,refuse,1,1,
1936.393,refuse,0,5,
1942.251,refuse,2,4,
1950.0,refuse,1,1,
1951.393,refuse,0,5,
1957.251,refuse,2,4,
1965.0,refuse,1,1,
1966.393,refuse,0,5,
1972.251,refuse,2,4,
1980.0,refuse,1,1,
1981.393,refuse,0,5,
1987.251,refuse,2,4,
1995.0,refuse,1,1,
1996.393,refuse,0,5,
2002.251,refuse,2,4,
2010.0,refuse,1,1,
2011.393,refuse,0,5,
2017.251,refuse,2,4,
2025.0,refuse,1,1,
2026.393,refuse,0,5,
2032.251,refuse,2,4,
2040.0,refuse,1,1,
2041.393,refuse,0,5,
2047.251,refuse,2,4,
2055.0,refuse,1,1,
2056.393,refuse,0,5,
2062.251,refuse,2,4,
2070.0,refuse,1,1,
2071.393,refuse,0,5,
2077.251,refuse,2,4,
2085.0,refuse,1,1,
2086.393,refuse,0,5,
2092.251,refuse,2,4,
2100.0,refuse,1,1,
2101.393,refuse,0,5,
2107.251,refuse,2,4,
2115.0,refuse,1,1,
2116.393,refuse,0,5,
2122.251,refuse,2,4,
2130.0,refuse,1,1,
2131.393,refuse,0,5,
2137.251,refuse,2,4,
2145.0,refuse,1,1,
2146.393,refuse,0,5,
2152.251,refuse,2,4,
2160.0,refuse,1,1,
2161.393,refuse,0,5,
2167.251,refuse,2,4,
2175.0,refuse,1,1,
2176.393,refuse,0,5,
2182.251,refuse,2,4,
2190.0,refuse,1,1,
2191.393,refuse,0,5,
2197.251,refuse,2,4,
2205.0,refuse,1,1,
2206.393,refuse,0,5,
2212.251,refuse,2,4,
2220.0,refuse,1,1,
2221.393,refuse,0,5,
2227.251,refuse,2,4,
2235.0,refuse,1,1,
2236.393,refuse,0,5,
2242.251,refuse,2,4,
2250.0,refuse,1,1,
2251.393,refuse,0,5,
2257.251,refuse,2,4,
2265.0,refuse,1,1,
2266.393,refuse,0,5,
2272.251,refuse,2,4,
2280.0,refuse,1,1,
2281.393,refuse,0,5,
2287.251,refuse,2,4,
2295.0,refuse,1,1,
2296.393,refuse,0,5,
2302.251,refuse,2,4,
2310.0,refuse,1,1,
2311.393,refuse,0,5,
2317.251,refuse,2,4,
2325.0,refuse,1,1,
2326.393,refuse,0,5,
2332.251,refuse,2,4,
2340.0,refuse,1,1,
2341.393,refuse,0,5,
2347.251,refuse,2,4,
2355.0,refuse,1,1,
2356.393,refuse,0,5,
2362.251,refuse,2,4,
2370.0,refuse,1,1,
2371.393,refuse,0,5,
2377.251,refuse,2,4,
2385.0,refuse,1,1,
2386.393,refuse,0,5,
2392.251,refuse,2,4,
2400.0,refuse,1,1,
2401.393,refuse,0,5,
2407.251,refuse,2,4,
2415.0,refuse,1,1,
2416.393,refuse,0,5,
2422.251,refuse,2,4,
2430.0,refuse,1,1,
2431.393,refuse,0,5,
2437.251,refuse,2,4,
2445.0,refuse,1,1,
2446.393,refuse,0,5,
2452.251,refuse,2,4,
2460.0,refuse,1,1,
2461.393,refuse,0,5,
2467.251,refuse,2,4,
2475.0,refuse,1,1,
2476.393,refuse,0,5,
2482.251,refuse,2,4,
2490.0,refuse,1,1,
2491.393,refuse,0,5,
2497.251,refuse,2,4,
2505.0,refuse,1,1,
2506.393,refuse,0,5,
2512.251,refuse,2,4,
2520.0,refuse,1,1,
2521.393,refuse,0,5,
2527.251,refuse,2,4,
2535.0,refuse,1,1,
2536.393,refuse,0,5,
2542.251,refuse,2,4,
2550.0,refuse,1,1,
2551.393,refuse,0,5,
2557.251,refuse,2,4,
2565.0,refuse,1,1,
2566.393,refuse,0,5,
2572.251,refuse,2,4,
2578.297,conflict-at-land,3,3,
2580.0,start,1,1,
2581.393,start,0,5,
2587.251,refuse,2,4,
2593.297,refuse,3,3,
2602.251,refuse,2,4,
2608.297,refuse,3,3,
2617.251,refuse,2,4,
2623.297,refuse,3,3,
2632.251,refuse,2,4,
2638.297,refuse,3,3,
2647.251,refuse,2,4,
2653.297,refuse,3,3,
2662.251,refuse,2,4,
2667.01,land,1,1,
2667.01,start,1,6,
2668.297,refuse,3,3,
2677.251,refuse,2,4,
2681.556,land,1,6,
2681.556,start,1,7,
2683.297,refuse,3,3,
2691.374,land,1,7,
2691.374,refuse,1,8,
2692.251,refuse,2,4,
2698.297,refuse,3,3,
2706.374,refuse,1,8,
2707.251,refuse,2,4,
2713.297,refuse,3,3,
2721.374,refuse,1,8,
2722.251,refuse,2,4,
2728.297,refuse,3,3,
2736.374,refuse,1,8,
2737.251,refuse,2,4,
2743.297,refuse,3,3,
2751.374,refuse,1,8,
2752.251,refuse,2,4,
2758.297,refuse,3,3,
2766.374,refuse,1,8,
2767.251,refuse,2,4,
2773.297,refuse,3,3,
2781.374,refuse,1,8,
2782.251,refuse,2,4,
2788.297,refuse,3,3,
2796.374,refuse,1,8,
2797.251,refuse,2,4,
2803.297,refuse,3,3,
2811.374,refuse,1,8,
2812.251,refuse,2,4,
2818.297,refuse,3,3,
2826.374,refuse,1,8,
2827.251,refuse,2,4,
2833.297,refuse,3,3,
2841.374,refuse,1,8,
2842.251,refuse,2,4,
2848.297,refuse,3,3,
2856.374,refuse,1,8,
2857.251,refuse,2,4,
2863.297,refuse,3,3,
2871.374,refuse,1,8,
2872.251,refuse,2,4,
2878.297,refuse,3,3,
2886.374,refuse,1,8,
2887.251,refuse,2,4,
2893.297,refuse,3,3,
2901.374,refuse,1,8,
2902.251,refuse,2,4,
2908.297,refuse,3,3,
2916.374,refuse,1,8,
2917.251,refuse,2,4,
2923.297,refuse,3,3,
2931.374,refuse,1,8,
2932.251,refuse,2,4,
2938.297,refuse,3,3,
2946.374,refuse,1,8,
2947.251,refuse,2,4,
2953.297,refuse,3,3,
2961.374,refuse,1,8,
2962.251,refuse,2,4,
2968.297,refuse,3,3,
2976.374,refuse,1,8,
2977.251,refuse,2,4,
2983.297,refuse,3,3,
2991.374,refuse,1,8,
2992.251,refuse,2,4,
2998.297,refuse,3,3,
3006.374,refuse,1,8,
3007.251,refuse,2,4,
3007.251,abandon,2,4,
3007.251,refuse,2,9,
3013.297,refuse,3,3,
3021.374,refuse,1,8,
3022.251,refuse,2,9,
3028.297,refuse,3,3,
3036.374,refuse,1,8,
3037.251,refuse,2,9,
3043.297,refuse,3,3,
3051.374,refuse,1,8,
3052.251,refuse,2,9,
3058.297,refuse,3,3,
3066.374,refuse,1,8,
3067.251,refuse,2,9,
3073.297,refuse,3,3,
3081.374,refuse,1,8,
3082.251,refuse,2,9,
3088.297,refuse,3,3,
3096.374,refuse,1,8,
3097.251,refuse,2,9,
3103.297,refuse,3,3,
3111.374,refuse,1,8,
3112.251,refuse,2,9,
3118.297,refuse,3,3,
3126.374,refuse,1,8,
3127.251,refuse,2,9,
3133.297,refuse,3,3,
3141.374,refuse,1,8,
3142.251,refuse,2,9,
3148.297,refuse,3,3,
3156.374,refuse,1,8,
3157.251,refuse,2,9,
3163.297,refuse,3,3,
3171.374,refuse,1,8,
3172.251,refuse,2,9,
3178.297,refuse,3,3,
3186.374,refuse,1,8,
3187.251,refuse,2,9,
3193.297,refuse,3,3,
3201.374,refuse,1,8,
3202.251,refuse,2,9,
3208.297,refuse,3,3,
3216.374,refuse,1,8,
3217.251,refuse,2,9,
3223.297,refuse,3,3,
3231.374,refuse,1,8,
3232.251,refuse,2,9,
3238.297,refuse,3,3,
3246.374,refuse,1,8,
3247.251,refuse,2,9,
3253.297,refuse,3,3,
3261.374,refuse,1,8,
3262.251,refuse,2,9,
3268.297,refuse,3,3,
3276.374,refuse,1,8,
3277.251,refuse,2,9,
3283.297,refuse,3,3,
3291.374,refuse,1,8,
3292.251,refuse,2,9,
3298.297,refuse,3,3,
3306.374,refuse,1,8,
3307.251,refuse,2,9,
3313.297,refuse,3,3,
3321.374,refuse,1,8,
3322.251,refuse,2,9,
3328.297,refuse,3,3,
3336.374,refuse,1,8,
3337.251,refuse,2,9,
3343.297,refuse,3,3,
3351.374,refuse,1,8,
3352.251,refuse,2,9,
3358.297,refuse,3,3,
3366.374,refuse,1,8,
3367.251,refuse,2,9,
3373.297,refuse,3,3,
3381.374,refuse,1,8,
3382.251,refuse,2,9,
3388.297,refuse,3,3,
3396.374,refuse,1,8,
3397.251,refuse,2,9,
3403.297,refuse,3,3,
3411.374,refuse,1,8,
3412.251,refuse,2,9,
3418.297,refuse,3,3,
3426.374,refuse,1,8,
3427.251,refuse,2,9,
3433.297,refuse,3,3,
3441.374,refuse,1,8,
3442.251,refuse,2,9,
3448.297,refuse,3,3,
3456.374,refuse,1,8,
3457.251,refuse,2,9,
3460.977,conflict-at-land,0,5,
3463.297,start,3,3,
3471.374,start,1,8,
3472.251,refuse,2,9,
3475.977,refuse,0,5,
3487.251,refuse,2,9,
3490.977,refuse,0,5,
3502.251,refuse,2,9,
3505.977,refuse,0,5,
3517.251,refuse,2,9,
3520.977,refuse,0,5,
3532.251,refuse,2,9,
3535.977,refuse,0,5,
3547.251,refuse,2,9,
3550.977,refuse,0,5,
3562.251,refuse,2,9,
3565.977,refuse,0,5,
3577.251,refuse,2,9,
3580.977,refuse,0,5,
3592.251,refuse,2,9,
3595.977,refuse,0,5,
3607.251,refuse,2,9,
3610.977,refuse,0,5,
3622.251,refuse,2,9,
3625.977,refuse,0,5,
3637.251,refuse,2,9,
3640.977,refuse,0,5,
3652.251,refuse,2,9,
3655.977,refuse,0,5,
3667.251,refuse,2,9,
3670.977,refuse,0,5,
3682.251,refuse,2,9,
3685.977,refuse,0,5,
3697.251,refuse,2,9,
3700.977,refuse,0,5,
3712.251,refuse,2,9,
3715.977,refuse,0,5,
3727.251,refuse,2,9,
3730.977,refuse,0,5,
3742.251,refuse,2,9,
3745.977,refuse,0,5,
3757.251,refuse,2,9,
3760.977,refuse,0,5,
3772.251,refuse,2,9,
3775.977,refuse,0,5,
3787.251,refuse,2,9,
3790.977,refuse,0,5,
3802.251,refuse,2,9,
3805.977,refuse,0,5,
3817.251,refuse,2,9,
3820.977,refuse,0,5,
3832.251,refuse,2,9,
3835.977,refuse,0,5,
3847.251,refuse,2,9,
3850.977,refuse,0,5,
3862.251,refuse,2,9,
3865.977,refuse,0,5,
3877.251,refuse,2,9,
3880.977,refuse,0,5,
3892.251,refuse,2,9,
3895.977,refuse,0,5,
3895.977,abandon,0,5,
3895.977,refuse,0,10,
3907.251,refuse,2,9,
3910.977,refuse,0,10,
3922.251,refuse,2,9,
3925.977,refuse,0,10,
3937.251,refuse,2,9,
3940.977,refuse,0,10,
3952.251,refuse,2,9,
3955.977,refuse,0,10,
3967.251,refuse,2,9,
3970.977,refuse,0,10,
3982.251,refuse,2,9,
3985.977,refuse,0,10,
3997.251,refuse,2,9,
4000.977,refuse,0,10,
4012.251,refuse,2,9,
4015.977,refuse,0,10,
4027.251,refuse,2,9,
4030.977,refuse,0,10,
4042.251,refuse,2,9,
4045.977,refuse,0,10,
4057.251,refuse,2,9,
4060.977,refuse,0,10,
4072.251,refuse,2,9,
4075.977,refuse,0,10,
4087.251,refuse,2,9,
4090.977,refuse,0,10,
4102.251,refuse,2,9,
4105.977,refuse,0,10,
4117.251,refuse,2,9,
4120.977,refuse,0,10,
4132.251,refuse,2,9,
4135.977,refuse,0,10,
4147.251,refuse,2,9,
4150.977,refuse,0,10,
4162.251,refuse,2,9,
4165.977,refuse,0,10,
4177.251,refuse,2,9,
4180.977,refuse,0,10,
4192.251,refuse,2,9,
4195.977,refuse,0,10,
4207.251,refuse,2,9,
4210.977,refuse,0,10,
4222.251,refuse,2,9,
4225.977,refuse,0,10,
4237.251,refuse,2,9,
4240.977,refuse,0,10,
4252.251,refuse,2,9,
4255.977,refuse,0,10,
4267.251,refuse,2,9,
4270.977,refuse,0,10,
4282.251,refuse,2,9,
4285.977,refuse,0,10,
4297.251,refuse,2,9,
4300.977,refuse,0,10,
4312.251,refuse,2,9,
4315.977,refuse,0,10,
4327.251,refuse,2,9,
4330.977,refuse,0,10,
4342.251,refuse,2,9,
4345.977,refuse,0,10,
4357.251,refuse,2,9,
4360.977,refuse,0,10,
4372.251,refuse,2,9,
4375.977,refuse,0,10,
4387.251,refuse,2,9,
4390.977,refuse,0,10,
4402.251,refuse,2,9,
4405.977,refuse,0,10,
4417.251,refuse,2,9,
4420.977,refuse,0,10,
4432.251,refuse,2,9,
4435.977,refuse,0,10,
4447.251,refuse,2,9,
4450.977,refuse,0,10,
4462.251,refuse,2,9,
4465.977,refuse,0,10,
4477.251,refuse,2,9,
4480.977,refuse,0,10,
4492.251,refuse,2,9,
4495.977,refuse,0,10,
4507.251,refuse,2,9,
4510.977,refuse,0,10,
4522.251,refuse,2,9,
4525.977,refuse,0,10,
4537.251,refuse,2,9,
4540.977,refuse,0,10,
4552.251,refuse,2,9,
4555.977,refuse,0,10,
4567.251,refuse,2,9,
4570.977,refuse,0,10,
4582.251,refuse,2,9,
4585.977,refuse,0,10,
4597.251,refuse,2,9,
4600.977,refuse,0,10,
4612.251,refuse,2,9,
4615.977,refuse,0,10,
4627.251,refuse,2,9,
4630.977,refuse,0,10,
4642.251,refuse,2,9,
4645.977,refuse,0,10,
4657.251,refuse,2,9,
4660.977,refuse,0,10,
4672.251,refuse,2,9,
4675.977,refuse,0,10,
4687.251,refuse,2,9,
4690.977,refuse,0,10,
4702.251,refuse,2,9,
4705.977,refuse,0,10,
4717.251,refuse,2,9,
4720.977,refuse,0,10,
4732.251,refuse,2,9,
4735.977,refuse,0,10,
4747.251,refuse,2,9,
4750.977,refuse,0,10,
4762.251,refuse,2,9,
4765.977,refuse,0,10,
4777.251,refuse,2,9,
4780.977,refuse,0,10,
4792.251,refuse,2,9,
4795.977,refuse,0,10,
4807.251,refuse,2,9,
4810.977,refuse,0,10,
4822.251,refuse,2,9,
4825.977,refuse,0,10,
4837.251,refuse,2,9,
4840.977,refuse,0,10,
4852.251,refuse,2,9,
4855.977,refuse,0,10,
4867.251,refuse,2,9,
4870.977,refuse,0,10,
4882.251,refuse,2,9,
4885.977,refuse,0,10,
4897.251,refuse,2,9,
4900.977,refuse,0,10,
4912.251,refuse,2,9,
4915.977,refuse,0,10,
4927.251,refuse,2,9,
4930.977,refuse,0,10,
4942.251,refuse,2,9,
4945.977,refuse,0,10,
4957.251,refuse,2,9,
4960.977,refuse,0,10,
4972.251,refuse,2,9,
4975.977,refuse,0,10,
4987.251,refuse,2,9,
4990.977,refuse,0,10,
5002.251,refuse,2,9,
5005.977,refuse,0,10,
5017.251,refuse,2,9,
5020.977,refuse,0,10,
5032.251,refuse,2,9,
5035.977,refuse,0,10,
5047.251,refuse,2,9,
5050.977,refuse,0,10,
5062.251,refuse,2,9,
5065.977,refuse,0,10,
5077.251,refuse,2,9,
5080.977,refuse,0,10,
5092.251,refuse,2,9,
5095.977,refuse,0,10,
5107.251,refuse,2,9,
5110.977,refuse,0,10,
5122.251,refuse,2,9,
5125.977,refuse,0,10,
5137.251,refuse,2,9,
5140.977,refuse,0,10,
5152.251,refuse,2,9,
5155.977,refuse,0,10,
5167.251,refuse,2,9,
5170.977,refuse,0,10,
5182.251,refuse,2,9,
5185.977,refuse,0,10,
5197.251,refuse,2,9,
5200.977,refuse,0,10,
5212.251,refuse,2,9,
5215.977,refuse,0,10,
5227.251,refuse,2,9,
5230.977,refuse,0,10,
5242.251,refuse,2,9,
5245.977,refuse,0,10,
5257.251,refuse,2,9,
5260.977,refuse,0,10,
5272.251,refuse,2,9,
5275.977,refuse,0,10,
5287.251,refuse,2,9,
5290.977,refuse,0,10,
5302.251,refuse,2,9,
5305.977,refuse,0,10,
5317.251,refuse,2,9,
5320.977,refuse,0,10,
5332.251,refuse,2,9,
5335.977,refuse,0,10,
5347.251,refuse,2,9,
5350.977,refuse,0,10,
5362.251,refuse,2,9,
5365.977,refuse,0,10,
5377.251,refuse,2,9,
5380.977,refuse,0,10,
5392.251,refuse,2,9,
5395.977,refuse,0,10,
5407.251,refuse,2,9,
5410.977,refuse,0,10,
5422.251,refuse,2,9,
5425.977,refuse,0,10,
5437.251,refuse,2,9,
5440.977,refuse,0,10,
5452.251,refuse,2,9,
5455.977,refuse,0,10,
5467.251,refuse,2,9,
5470.977,refuse,0,10,
5482.251,refuse,2,9,
5485.977,refuse,0,10,
5497.251,refuse,2,9,
5500.977,refuse,0,10,
5512.251,refuse,2,9,
5515.977,refuse,0,10,
5527.251,refuse,2,9,
5530.977,refuse,0,10,
5542.251,refuse,2,9,
5545.977,refuse,0,10,
5557.251,refuse,2,9,
5560.977,refuse,0,10,
5572.251,refuse,2,9,
5575.977,refuse,0,10,
5587.251,refuse,2,9,
5590.977,refuse,0,10,
5602.251,refuse,2,9,
5605.977,refuse,0,10,
5617.251,refuse,2,9,
5620.977,refuse,0,10,
5632.251,refuse,2,9,
5635.977,refuse,0,10,
5647.251,refuse,2,9,
5650.977,refuse,0,10,
5662.251,refuse,2,9,
5665.977,refuse,0,10,
5677.251,refuse,2,9,
5680.977,refuse,0,10,
5692.251,refuse,2,9,
5695.977,refuse,0,10,
5707.251,refuse,2,9,
5710.977,refuse,0,10,
5722.251,refuse,2,9,
5725.977,refuse,0,10,
5737.251,refuse,2,9,
5740.977,refuse,0,10,
5752.251,refuse,2,9,
5755.977,refuse,0,10,
5767.251,refuse,2,9,
5770.977,refuse,0,10,
5782.251,refuse,2,9,
5785.977,refuse,0,10,
5797.251,refuse,2,9,
5800.977,refuse,0,10,
5812.251,refuse,2,9,
5815.977,refuse,0,10,
5827.251,refuse,2,9,
5830.977,refuse,0,10,
5842.251,refuse,2,9,
5845.977,refuse,0,10,
5857.251,refuse,2,9,
5860.977,refuse,0,10,
5872.251,refuse,2,9,
5875.977,refuse,0,10,
5887.251,refuse,2,9,
5890.977,refuse,0,10,
5902.251,refuse,2,9,
5905.977,refuse,0,10,
5917.251,refuse,2,9,
5920.977,refuse,0,10,
5932.251,refuse,2,9,
5935.977,refuse,0,10,
5947.251,refuse,2,9,
5950.977,refuse,0,10,
5962.251,refuse,2,9,
5965.977,refuse,0,10,
5977.251,refuse,2,9,
5980.977,refuse,0,10,
5992.251,refuse,2,9,
5995.977,refuse,0,10,
6007.251,refuse,2,9,
6007.251,abandon,2,9,
6007.251,refuse,2,11,
6010.977,refuse,0,10,
6022.251,refuse,2,11,
6025.977,refuse,0,10,
6037.251,refuse,2,11,
6040.977,refuse,0,10,
6052.251,refuse,2,11,
6055.977,refuse,0,10,
6067.251,refuse,2,11,
6070.977,refuse,0,10,
6074.916,conflict-at-land,3,3,
6082.251,refuse,2,11,
6085.977,refuse,0,10,
6089.916,start,3,3,
6097.251,refuse,2,11,
6100.977,refuse,0,10,
6112.251,refuse,2,11,
6115.977,refuse,0,10,
6127.251,refuse,2,11,
6130.977,refuse,0,10,
6142.251,refuse,2,11,
6145.977,refuse,0,10,
6157.251,refuse,2,11,
6160.977,refuse,0,10,
6172.251,refuse,2,11,
6175.977,refuse,0,10,
6187.251,refuse,2,11,
6190.977,refuse,0,10,
6202.251,refuse,2,11,
6205.977,refuse,0,10,
6217.251,refuse,2,11,
6220.977,refuse,0,10,
6232.251,refuse,2,11,
6235.977,refuse,0,10,
6247.251,refuse,2,11,
6250.977,refuse,0,10,
6262.251,refuse,2,11,
6265.977,refuse,0,10,
6277.251,refuse,2,11,
6280.977,refuse,0,10,
6292.251,refuse,2,11,
6295.977,refuse,0,10,
6307.251,refuse,2,11,
6310.977,refuse,0,10,
6322.251,refuse,2,11,
6325.977,refuse,0,10,
6337.251,refuse,2,11,
6340.977,refuse,0,10,
6352.251,refuse,2,11,
6355.977,refuse,0,10,
6367.251,refuse,2,11,
6370.977,refuse,0,10,
6382.251,refuse,2,11,
6385.977,refuse,0,10,
6397.251,refuse,2,11,
6400.977,refuse,0,10,
6412.251,refuse,2,11,
6415.977,refuse,0,10,
6427.251,refuse,2,11,
6430.977,refuse,0,10,
6442.251,refuse,2,11,
6445.977,refuse,0,10,
6457.251,refuse,2,11,
6460.977,refuse,0,10,
6472.251,refuse,2,11,
6475.977,refuse,0,10,
6487.251,refuse,2,11,
6490.977,refuse,0,10,
6502.251,refuse,2,11,
6505.977,refuse,0,10,
6517.251,refuse,2,11,
6520.977,refuse,0,10,
6532.251,refuse,2,11,
6535.977,refuse,0,10,
6547.251,refuse,2,11,
6550.977,refuse,0,10,
6562.251,refuse,2,11,
6565.977,refuse,0,10,
6577.251,refuse,2,11,
6580.977,refuse,0,10,
6592.251,refuse,2,11,
6595.977,refuse,0,10,
6607.251,refuse,2,11,
6610.977,refuse,0,10,
6622.251,refuse,2,11,
6625.977,refuse,0,10,
6637.251,refuse,2,11,
6640.977,refuse,0,10,
6652.251,refuse,2,11,
6655.977,refuse,0,10,
6667.251,refuse,2,11,
6670.977,refuse,0,10,
6682.251,refuse,2,11,
6685.977,refuse,0,10,
6697.251,refuse,2,11,
6700.977,refuse,0,10,
6712.251,refuse,2,11,
6715.977,refuse,0,10,
6727.251,refuse,2,11,
6730.977,refuse,0,10,
6742.251,refuse,2,11,
6745.977,refuse,0,10,
6757.251,refuse,2,11,
6760.977,refuse,0,10,
6772.251,refuse,2,11,
6775.977,refuse,0,10,
6787.251,refuse,2,11,
6790.977,refuse,0,10,
6802.251,refuse,2,11,
6805.977,refuse,0,10,
6817.251,refuse,2,11,
6820.977,refuse,0,10,
6832.251,refuse,2,11,
6835.977,refuse,0,10,
6847.251,refuse,2,11,
6850.977,refuse,0,10,
6862.251,refuse,2,11,
6865.977,refuse,0,10,
6877.251,refuse,2,11,
6880.977,refuse,0,10,
6892.251,refuse,2,11,
6895.977,refuse,0,10,
6895.977,abandon,0,10,
6895.977,refuse,0,12,
6907.251,refuse,2,11,
6910.977,refuse,0,12,
6922.251,refuse,2,11,
6925.977,refuse,0,12,
6937.251,refuse,2,11,
6940.977,refuse,0,12,
6952.251,refuse,2,11,
6955.977,refuse,0,12,
6967.251,refuse,2,11,
6970.977,refuse,0,12,
6982.251,refuse,2,11,
6985.977,refuse,0,12,
6997.251,refuse,2,11,
7000.977,refuse,0,12,
7012.251,refuse,2,11,
7015.977,refuse,0,12,
7027.251,refuse,2,11,
7030.977,refuse,0,12,
7042.251,refuse,2,11,
7045.977,refuse,0,12,
7057.251,refuse,2,11,
7060.977,refuse,0,12,
7072.251,refuse,2,11,
7075.977,refuse,0,12,
7087.251,refuse,2,11,
7090.977,refuse,0,12,
7102.251,refuse,2,11,
7105.977,refuse,0,12,
7117.251,refuse,2,11,
7120.977,refuse,0,12,
7132.251,refuse,2,11,
7135.977,refuse,0,12,
7147.251,refuse,2,11,
7150.977,refuse,0,12,
7162.251,refuse,2,11,
7165.977,refuse,0,12,
7177.251,refuse,2,11,
7180.977,refuse,0,12,
7192.251,refuse,2,11,
7195.977,refuse,0,12,
7207.251,refuse,2,11,
7210.977,refuse,0,12,
7222.251,refuse,2,11,
7225.977,refuse,0,12,
7237.251,refuse,2,11,
7240.977,refuse,0,12,
7252.251,refuse,2,11,
7255.977,refuse,0,12,
7267.251,refuse,2,11,
7270.977,refuse,0,12,
7282.251,refuse,2,11,
7285.977,refuse,0,12,
7297.251,refuse,2,11,
7300.977,refuse,0,12,
7312.251,refuse,2,11,
7315.977,refuse,0,12,
7327.251,refuse,2,11,
7330.977,refuse,0,12,
7342.251,refuse,2,11,
7345.977,refuse,0,12,
7357.251,refuse,2,11,
7360.977,refuse,0,12,
7372.251,refuse,2,11,
7375.977,refuse,0,12,
7387.251,refuse,2,11,
7390.977,refuse,0,12,
7402.251,refuse,2,11,
7405.977,refuse,0,12,
7417.251,refuse,2,11,
7420.977,refuse,0,12,
7432.251,refuse,2,11,
7435.977,refuse,0,12,
7447.251,refuse,2,11,
7450.977,refuse,0,12,
7462.251,refuse,2,11,
7465.977,refuse,0,12,
7477.251,refuse,2,11,
7480.977,refuse,0,12,
7492.251,refuse,2,11,
7495.977,refuse,0,12,
7507.251,refuse,2,11,
7510.977,refuse,0,12,
7522.251,refuse,2,11,
7525.977,refuse,0,12,
7537.251,refuse,2,11,
7540.977,refuse,0,12,
7552.251,refuse,2,11,
7555.977,refuse,0,12,
7567.251,refuse,2,11,
7570.977,refuse,0,12,
7582.251,refuse,2,11,
7585.977,refuse,0,12,
7597.251,refuse,2,11,
7600.977,refuse,0,12,
7612.251,refuse,2,11,
7615.977,refuse,0,12,
7627.251,refuse,2,11,
7630.977,refuse,0,12,
7642.251,refuse,2,11,
7645.977,refuse,0,12,
7657.251,refuse,2,11,
7660.977,refuse,0,12,
7672.251,refuse,2,11,
7675.977,refuse,0,12,
7685.977,conflict-at-land,3,3,
7687.251,refuse,2,11,
7690.977,refuse,0,12,
7700.977,start,3,3,
7702.251,refuse,2,11,
7705.977,refuse,0,12,
7717.251,refuse,2,11,
7720.977,refuse,0,12,
7732.251,refuse,2,11,
7735.977,refuse,0,12,
7747.251,refuse,2,11,
7750.977,refuse,0,12,
7762.251,refuse,2,11,
7765.977,refuse,0,12,
7777.251,refuse,2,11,
7780.977,refuse,0,12,
7792.251,refuse,2,11,
7795.977,refuse,0,12,
7807.251,refuse,2,11,
7810.977,refuse,0,12,
7822.251,refuse,2,11,
7825.977,refuse,0,12,
7837.251,refuse,2,11,
7840.977,refuse,0,12,
7852.251,refuse,2,11,
7855.977,refuse,0,12,
7867.251,refuse,2,11,
7870.977,refuse,0,12,
7882.251,refuse,2,11,
7885.977,refuse,0,12,
7897.251,refuse,2,11,
7900.977,refuse,0,12,
7912.251,refuse,2,11,
7915.977,refuse,0,12,
7927.251,refuse,2,11,
7930.977,refuse,0,12,
7942.251,refuse,2,11,
7945.977,refuse,0,12,
7957.251,refuse,2,11,
7960.977,refuse,0,12,
7972.251,refuse,2,11,
7975.977,refuse,0,12,
7987.251,refuse,2,11,
7990.977,refuse,0,12,
8002.251,refuse,2,11,
8005.977,refuse,0,12,
8017.251,refuse,2,11,
8020.977,refuse,0,12,
8032.251,refuse,2,11,
8035.977,refuse,0,12,
8047.251,refuse,2,11,
8050.977,refuse,0,12,
8062.251,refuse,2,11,
8065.977,refuse,0,12,
8077.251,refuse,2,11,
8080.977,refuse,0,12,
8092.251,refuse,2,11,
8095.977,refuse,0,12,
8107.251,refuse,2,11,
8110.977,refuse,0,12,
8122.251,refuse,2,11,
8125.977,refuse,0,12,
8137.251,refuse,2,11,
8140.977,refuse,0,12,
8152.251,refuse,2,11,
8155.977,refuse,0,12,
8167.251,refuse,2,11,
8170.977,refuse,0,12,
8182.251,refuse,2,11,
8185.977,refuse,0,12,
8197.251,refuse,2,11,
8200.977,refuse,0,12,
8212.251,refuse,2,11,
8215.977,refuse,0,12,
8227.251,refuse,2,11,
8230.977,refuse,0,12,
8242.251,refuse,2,11,
8245.977,refuse,0,12,
8257.251,refuse,2,11,
8260.977,refuse,0,12,
8272.251,refuse,2,11,
8275.977,refuse,0,12,
8287.251,refuse,2,11,
8290.977,refuse,0,12,
8302.251,refuse,2,11,
8305.977,refuse,0,12,
8317.251,refuse,2,11,
8320.977,refuse,0,12,
8332.251,refuse,2,11,
8335.977,refuse,0,12,
8347.251,refuse,2,11,
8350.977,refuse,0,12,
8362.251,refuse,2,11,
8365.977,refuse,0,12,
8377.251,refuse,2,11,
8380.977,refuse,0,12,
8392.251,refuse,2,11,
8395.977,refuse,0,12,
8407.251,refuse,2,11,
8410.977,refuse,0,12,
8422.251,refuse,2,11,
8425.977,refuse,0,12,
8437.251,refuse,2,11,
8440.977,refuse,0,12,
8452.251,refuse,2,11,
8455.977,refuse,0,12,
8467.251,refuse,2,11,
8470.977,refuse,0,12,
8482.251,refuse,2,11,
8485.977,refuse,0,12,
8497.251,refuse,2,11,
8500.977,refuse,0,12,
8512.251,refuse,2,11,
8515.977,refuse,0,12,
8527.251,refuse,2,11,
8530.977,refuse,0,12,
8542.251,refuse,2,11,
8545.977,refuse,0,12,
8557.251,refuse,2,11,
8560.977,refuse,0,12,
8572.251,refuse,2,11,
8575.977,refuse,0,12,
8587.251,refuse,2,11,
8590.977,refuse,0,12,
8602.251,refuse,2,11,
8605.977,refuse,0,12,
8617.251,refuse,2,11,
8620.977,refuse,0,12,
8632.251,refuse,2,11,
8635.977,refuse,0,12,
8647.251,refuse,2,11,
8650.977,refuse,0,12,
8662.251,refuse,2,11,
8665.977,refuse,0,12,
8677.251,refuse,2,11,
8680.977,refuse,0,12,
8692.251,refuse,2,11,
8695.977,refuse,0,12,
8707.251,refuse,2,11,
8710.977,refuse,0,12,
8722.251,refuse,2,11,
8725.977,refuse,0,12,
8737.251,refuse,2,11,
8740.977,refuse,0,12,
8752.251,refuse,2,11,
8755.977,refuse,0,12,
8767.251,refuse,2,11,
8770.977,refuse,0,12,
8782.251,refuse,2,11,
8785.977,refuse,0,12,
8797.251,refuse,2,11,
8800.977,refuse,0,12,
8812.251,refuse,2,11,
8815.977,refuse,0,12,
8827.251,refuse,2,11,
8830.977,refuse,0,12,
8842.251,refuse,2,11,
8845.977,refuse,0,12,
8857.251,refuse,2,11,
8860.977,refuse,0,12,
8872.251,refuse,2,11,
8875.977,refuse,0,12,
8887.251,refuse,2,11,
8890.977,refuse,0,12,
8902.251,refuse,2,11,
8905.977,refuse,0,12,
8917.251,refuse,2,11,
8920.977,refuse,0,12,
8932.251,refuse,2,11,
8935.977,refuse,0,12,
8947.251,refuse,2,11,
8950.977,refuse,0,12,
8962.251,refuse,2,11,
8965.977,refuse,0,12,
8977.251,refuse,2,11,
8980.977,refuse,0,12,
8992.251,refuse,2,11,
8995.977,refuse,0,12,
9007.251,refuse,2,11,
9007.251,abandon,2,11,
9007.251,refuse,2,13,
9010.977,refuse,0,12,
9022.251,refuse,2,13,
9025.977,refuse,0,12,
9037.251,refuse,2,13,
9040.977,refuse,0,12,
9052.251,refuse,2,13,
9055.977,refuse,0,12,
9067.251,refuse,2,13,
9070.977,refuse,0,12,
9082.251,refuse,2,13,
9085.977,refuse,0,12,
9097.251,refuse,2,13,
9100.977,refuse,0,12,
9112.251,refuse,2,13,
9115.977,refuse,0,12,
9127.251,refuse,2,13,
9130.977,refuse,0,12,
9142.251,refuse,2,13,
9145.977,refuse,0,12,
9157.251,refuse,2,13,
9160.977,refuse,0,12,
9172.251,refuse,2,13,
9175.977,refuse,0,12,
9187.251,refuse,2,13,
9190.977,refuse,0,12,
9202.251,refuse,2,13,
9205.977,refuse,0,12,
9217.251,refuse,2,13,
9220.977,refuse,0,12,
9232.251,refuse,2,13,
9235.977,refuse,0,12,
9247.251,refuse,2,13,
9250.977,refuse,0,12,
9262.251,refuse,2,13,
9265.977,refuse,0,12,
9277.251,refuse,2,13,
9280.977,refuse,0,12,
9292.251,refuse,2,13,
9295.977,refuse,0,12,
9307.251,refuse,2,13,
9310.977,refuse,0,12,
9322.251,refuse,2,13,
9325.977,refuse,0,12,
9337.251,refuse,2,13,
9340.977,refuse,0,12,
9352.251,refuse,2,13,
9355.977,refuse,0,12,
9367.251,refuse,2,13,
9370.977,refuse,0,12,
9382.251,refuse,2,13,
9385.977,refuse,0,12,
9397.251,refuse,2,13,
9400.977,refuse,0,12,
9412.251,refuse,2,13,
9415.977,refuse,0,12,
9427.251,refuse,2,13,
9430.977,refuse,0,12,
9442.251,refuse,2,13,
9445.977,refuse,0,12,
9457.251,refuse,2,13,
9460.977,refuse,0,12,
9472.251,refuse,2,13,
9475.977,refuse,0,12,
9487.251,refuse,2,13,
9490.977,refuse,0,12,
9502.251,refuse,2,13,
9505.977,refuse,0,12,
9517.251,refuse,2,13,
9520.977,refuse,0,12,
9532.251,refuse,2,13,
9535.977,refuse,0,12,
9547.251,refuse,2,13,
9550.977,refuse,0,12,
9562.251,refuse,2,13,
9565.977,refuse,0,12,
9577.251,refuse,2,13,
9580.977,refuse,0,12,
9592.251,refuse,2,13,
9595.977,refuse,0,12,
9607.251,refuse,2,13,
9610.977,refuse,0,12,
9622.251,refuse,2,13,
9625.977,refuse,0,12,
9637.251,refuse,2,13,
9640.977,refuse,0,12,
9652.251,refuse,2,13,
9655.977,refuse,0,12,
9667.251,refuse,2,13,
9670.977,refuse,0,12,
9682.251,refuse,2,13,
9685.977,refuse,0,12,
9697.251,refuse,2,13,
9700.977,refuse,0,12,
9712.251,refuse,2,13,
9715.977,refuse,0,12,
9727.251,refuse,2,13,
9730.977,refuse,0,12,
9742.251,refuse,2,13,
9745.977,refuse,0,12,
9757.251,refuse,2,13,
9760.977,refuse,0,12,
9772.251,refuse,2,13,
9775.977,refuse,0,12,
9787.251,refuse,2,13,
9790.977,refuse,0,12,
9802.251,refuse,2,13,
9805.977,refuse,0,12,
9817.251,refuse,2,13,
9820.977,refuse,0,12,
9832.251,refuse,2,13,
9835.977,refuse,0,12,
9847.251,refuse,2,13,
9850.977,refuse,0,12,
9862.251,refuse,2,13,
9865.977,refuse,0,12,
9877.251,refuse,2,13,
9880.977,refuse,0,12,
9892.251,refuse,2,13,
9895.977,refuse,0,12,
9895.977,abandon,0,12,
9895.977,refuse,0,14,
9907.251,refuse,2,13,
9910.977,refuse,0,14,
9922.251,refuse,2,13,
9925.977,refuse,0,14,
9937.251,refuse,2,13,
9940.977,refuse,0,14,
9952.251,refuse,2,13,
9955.977,refuse,0,14,
9967.251,refuse,2,13,
9970.977,refuse,0,14,
9982.251,refuse,2,13,
9985.977,refuse,0,14,
9997.251,refuse,2,13,
10000.977,refuse,0,14,
10012.251,refuse,2,13,
10015.977,refuse,0,14,
10027.251,refuse,2,13,
10030.977,refuse,0,14,
10042.251,refuse,2,13,
10045.977,refuse,0,14,
10057.251,refuse,2,13,
10060.977,refuse,0,14,
10072.251,refuse,2,13,
10075.977,refuse,0,14,
10087.251,refuse,2,13,
10090.977,refuse,0,14,
10102.251,refuse,2,13,
10105.977,refuse,0,14,
10117.251,refuse,2,13,
10120.977,refuse,0,14,
10132.251,refuse,2,13,
10135.977,refuse,0,14,
10147.251,refuse,2,13,
10150.977,refuse,0,14,
10162.251,refuse,2,13,
10165.977,refuse,0,14,
10177.251,refuse,2,13,
10180.977,refuse,0,14,
10192.251,refuse,2,13,
10195.977,refuse,0,14,
10207.251,refuse,2,13,
10210.977,refuse,0,14,
10222.251,refuse,2,13,
10225.977,refuse,0,14,
10237.251,refuse,2,13,
10240.977,refuse,0,14,
10252.251,refuse,2,13,
10255.977,refuse,0,14,
10267.251,refuse,2,13,
10270.977,refuse,0,14,
10282.251,refuse,2,13,
10285.977,refuse,0,14,
10297.251,refuse,2,13,
10300.977,refuse,0,14,
10312.251,refuse,2,13,
10315.977,refuse,0,14,
10327.251,refuse,2,13,
10330.977,refuse,0,14,
10342.251,refuse,2,13,
10345.977,refuse,0,14,
10357.251,refuse,2,13,
10360.977,refuse,0,14,
10372.251,refuse,2,13,
10375.425,conflict-at-land,3,3,
10375.977,start,0,14,
10387.251,start,2,13,
10390.372,conflict-at-land,0,14,
10390.425,refuse,3,3,
10394.195,conflict-at-land,2,13,
10405.372,start,0,14,
10405.425,refuse,3,3,
10409.195,start,2,13,
10414.998,conflict-at-land,2,13,
10415.891,conflict-at-land,0,14,
10420.425,start,3,3,
10429.998,refuse,2,13,
10430.891,refuse,0,14,
10444.998,refuse,2,13,
10445.891,refuse,0,14,
10459.998,refuse,2,13,
10460.891,refuse,0,14,
10474.998,refuse,2,13,
10475.891,refuse,0,14,
10489.998,refuse,2,13,
10490.891,refuse,0,14,
10504.998,refuse,2,13,
10505.891,refuse,0,14,
10519.998,refuse,2,13,
10520.891,refuse,0,14,
10534.998,refuse,2,13,
10535.891,refuse,0,14,
10549.998,refuse,2,13,
10550.891,refuse,0,14,
10564.998,refuse,2,13,
10565.891,refuse,0,14,
10579.998,refuse,2,13,
10580.891,refuse,0,14,
10594.998,refuse,2,13,
10595.891,refuse,0,14,
10609.998,refuse,2,13,
10610.891,refuse,0,14,
10624.998,refuse,2,13,
10625.891,refuse,0,14,
10639.998,refuse,2,13,
10640.891,refuse,0,14,
10654.998,refuse,2,13,
10655.891,refuse,0,14,
10669.998,refuse,2,13,
10670.891,refuse,0,14,
10684.998,refuse,2,13,
10685.891,refuse,0,14,
10699.998,refuse,2,13,
10700.891,refuse,0,14,
10714.998,refuse,2,13,
10715.891,refuse,0,14,
10729.998,refuse,2,13,
10730.891,refuse,0,14,
10744.998,refuse,2,13,
10745.891,refuse,0,14,
10759.998,refuse,2,13,
10760.891,refuse,0,14,
10774.998,refuse,2,13,
10775.891,refuse,0,14,
10789.998,refuse,2,13,
10790.891,refuse,0,14,
10804.998,refuse,2,13,
10805.891,refuse,0,14,
10819.998,refuse,2,13,
10820.891,refuse,0,14,
10834.998,refuse,2,13,
10835.891,refuse,0,14,
10849.998,refuse,2,13,
10850.891,refuse,0,14,
10864.998,refuse,2,13,
10865.891,refuse,0,14,
10879.998,refuse,2,13,
10880.891,refuse,0,14,
10894.998,refuse,2,13,
10895.891,refuse,0,14,
10909.998,refuse,2,13,
10910.891,refuse,0,14,
10924.998,refuse,2,13,
10925.891,refuse,0,14,
10939.998,refuse,2,13,
10940.891,refuse,0,14,
10954.998,refuse,2,13,
10955.891,refuse,0,14,
10969.998,refuse,2,13,
10970.891,refuse,0,14,
10984.998,refuse,2,13,
10985.891,refuse,0,14,
10999.998,refuse,2,13,
11000.891,refuse,0,14,
11014.998,refuse,2,13,
11015.891,refuse,0,14,
11029.998,refuse,2,13,
11030.891,refuse,0,14,
11044.998,refuse,2,13,
11045.891,refuse,0,14,
11059.998,refuse,2,13,
11060.891,refuse,0,14,
11074.998,refuse,2,13,
11075.891,refuse,0,14,
11089.998,refuse,2,13,
11090.891,refuse,0,14,
11104.998,refuse,2,13,
11105.891,refuse,0,14,
11119.998,refuse,2,13,
11120.891,refuse,0,14,
11134.998,refuse,2,13,
11135.891,refuse,0,14,
11149.998,refuse,2,13,
11150.891,refuse,0,14,
11164.998,refuse,2,13,
11165.891,refuse,0,14,
11179.998,refuse,2,13,
11180.891,refuse,0,14,
11194.998,refuse,2,13,
11195.891,refuse,0,14,
11209.998,refuse,2,13,
11210.891,refuse,0,14,
11224.998,refuse,2,13,
11225.891,refuse,0,14,
11239.998,refuse,2,13,
11240.891,refuse,0,14,
11254.998,refuse,2,13,
11255.891,refuse,0,14,
11269.998,refuse,2,13,
11270.891,refuse,0,14,
11284.998,refuse,2,13,
11285.891,refuse,0,14,
11299.998,refuse,2,13,
11300.891,refuse,0,14,
11314.998,refuse,2,13,
11315.891,refuse,0,14,
11329.998,refuse,2,13,
11330.891,refuse,0,14,
11344.998,refuse,2,13,
11345.891,refuse,0,14,
11359.998,refuse,2,13,
11360.891,refuse,0,14,
11374.998,refuse,2,13,
11375.891,refuse,0,14,
11389.998,refuse,2,13,
11390.891,refuse,0,14,
11404.998,refuse,2,13,
11405.891,refuse,0,14,
11419.998,refuse,2,13,
11420.891,refuse,0,14,
11434.998,refuse,2,13,
11435.891,refuse,0,14,
11449.998,refuse,2,13,
11450.891,refuse,0,14,
11464.998,refuse,2,13,
11465.891,refuse,0,14,
11479.998,refuse,2,13,
11480.891,refuse,0,14,
11494.998,refuse,2,13,
11495.891,refuse,0,14,
11509.998,refuse,2,13,
11510.891,refuse,0,14,
11524.998,refuse,2,13,
11525.891,refuse,0,14,
11539.998,refuse,2,13,
11540.891,refuse,0,14,
11554.998,refuse,2,13,
11555.891,refuse,0,14,
11569.998,refuse,2,13,
11570.891,refuse,0,14,
11584.998,refuse,2,13,
11585.891,refuse,0,14,
11599.998,refuse,2,13,
11600.891,refuse,0,14,
11614.998,refuse,2,13,
11615.891,refuse,0,14,
11629.998,refuse,2,13,
11630.891,refuse,0,14,
11644.998,refuse,2,13,
11645.891,refuse,0,14,
11659.998,refuse,2,13,
11660.891,refuse,0,14,
11674.998,refuse,2,13,
11675.891,refuse,0,14,
11689.998,refuse,2,13,
11690.891,refuse,0,14,
11704.998,refuse,2,13,
11705.891,refuse,0,14,
11719.998,refuse,2,13,
11720.891,refuse,0,14,
11734.998,refuse,2,13,
11735.891,refuse,0,14,
11749.998,refuse,2,13,
11750.891,refuse,0,14,
11764.998,refuse,2,13,
11765.891,refuse,0,14,
11779.998,refuse,2,13,
11780.891,refuse,0,14,
11794.998,refuse,2,13,
11795.891,refuse,0,14,
11809.998,refuse,2,13,
11810.891,refuse,0,14,
11824.998,refuse,2,13,
11825.891,refuse,0,14,
11839.998,refuse,2,13,
11840.891,refuse,0,14,
11854.998,refuse,2,13,
11855.891,refuse,0,14,
11869.998,refuse,2,13,
11870.891,refuse,0,14,
11884.998,refuse,2,13,
11885.891,refuse,0,14,
11899.998,refuse,2,13,
11900.891,refuse,0,14,
11914.998,refuse,2,13,
11915.891,refuse,0,14,
11929.998,refuse,2,13,
11930.891,refuse,0,14,
11944.998,refuse,2,13,
11945.891,refuse,0,14,
11959.998,refuse,2,13,
11960.891,refuse,0,14,
11974.998,refuse,2,13,
11975.891,refuse,0,14,
11989.998,refuse,2,13,
11990.891,refuse,0,14,
12004.998,refuse,2,13,
12005.891,refuse,0,14,
12019.998,refuse,2,13,
12019.998,abandon,2,13,
12019.998,refuse,2,15,
12020.891,refuse,0,14,
12034.998,refuse,2,15,
12035.891,refuse,0,14,
12049.998,refuse,2,15,
12050.891,refuse,0,14,
12064.998,refuse,2,15,
12065.891,refuse,0,14,
12079.998,refuse,2,15,
12080.891,refuse,0,14,
12094.998,refuse,2,15,
12095.891,refuse,0,14,
12109.998,refuse,2,15,
12110.891,refuse,0,14,
12124.998,refuse,2,15,
12125.891,refuse,0,14,
12139.998,refuse,2,15,
12140.891,refuse,0,14,
12154.998,refuse,2,15,
12155.891,refuse,0,14,
12169.998,refuse,2,15,
12170.891,refuse,0,14,
12184.998,refuse,2,15,
12185.891,refuse,0,14,
12199.998,refuse,2,15,
12200.891,refuse,0,14,
12214.998,refuse,2,15,
12215.891,refuse,0,14,
12229.998,refuse,2,15,
12230.891,refuse,0,14,
12244.998,refuse,2,15,
12245.891,refuse,0,14,
12259.998,refuse,2,15,
12260.891,refuse,0,14,
12274.998,refuse,2,15,
12275.891,refuse,0,14,
12289.998,refuse,2,15,
12290.891,refuse,0,14,
12304.998,refuse,2,15,
12305.891,refuse,0,14,
12319.998,refuse,2,15,
12320.891,refuse,0,14,
12334.998,refuse,2,15,
12335.891,refuse,0,14,
12349.998,refuse,2,15,
12350.891,refuse,0,14,
12364.998,refuse,2,15,
12365.891,refuse,0,14,
12379.998,refuse,2,15,
12380.891,refuse,0,14,
12394.998,refuse,2,15,
12395.891,refuse,0,14,
12409.998,refuse,2,15,
12410.891,refuse,0,14,
12424.998,refuse,2,15,
12425.891,refuse,0,14,
12439.998,refuse,2,15,
12440.891,refuse,0,14,
12454.998,refuse,2,15,
12455.891,refuse,0,14,
12469.998,refuse,2,15,
12470.891,refuse,0,14,
12484.998,refuse,2,15,
12485.891,refuse,0,14,
12499.998,refuse,2,15,
12500.891,refuse,0,14,
12514.998,refuse,2,15,
12515.891,refuse,0,14,
12529.998,refuse,2,15,
12530.891,refuse,0,14,
12544.998,refuse,2,15,
12545.891,refuse,0,14,
12559.998,refuse,2,15,
12560.891,refuse,0,14,
12574.998,refuse,2,15,
12575.891,refuse,0,14,
12589.998,refuse,2,15,
12590.891,refuse,0,14,
12604.998,refuse,2,15,
12605.891,refuse,0,14,
12619.998,refuse,2,15,
12620.891,refuse,0,14,
12634.998,refuse,2,15,
12635.891,refuse,0,14,
12649.998,refuse,2,15,
12650.891,refuse,0,14,
12664.998,refuse,2,15,
12665.891,refuse,0,14,
12679.998,refuse,2,15,
12680.891,refuse,0,14,
12694.998,refuse,2,15,
12695.891,refuse,0,14,
12709.998,refuse,2,15,
12710.891,refuse,0,14,
12724.998,refuse,2,15,
12725.891,refuse,0,14,
12739.998,refuse,2,15,
12740.891,refuse,0,14,
12754.998,refuse,2,15,
12755.891,refuse,0,14,
12769.998,refuse,2,15,
12770.891,refuse,0,14,
12784.998,refuse,2,15,
12785.891,refuse,0,14,
12799.998,refuse,2,15,
12800.891,refuse,0,14,
12814.998,refuse,2,15,
12815.891,refuse,0,14,
12829.998,refuse,2,15,
12830.891,refuse,0,14,
12844.998,refuse,2,15,
12845.891,refuse,0,14,
12859.998,refuse,2,15,
12860.891,refuse,0,14,
12874.998,refuse,2,15,
12875.891,refuse,0,14,
12889.998,refuse,2,15,
12890.891,refuse,0,14,
12904.998,refuse,2,15,
12905.891,refuse,0,14,
12919.998,refuse,2,15,
12920.891,refuse,0,14,
12920.891,abandon,0,14,
12920.891,refuse,0,16,
12934.998,refuse,2,15,
12935.891,refuse,0,16,
12942.314,conflict-at-land,3,3,
12949.998,start,2,15,
12950.891,refuse,0,16,
12957.314,refuse,3,3,
12960.045,conflict-at-land,2,15,
12965.891,refuse,0,16,
12972.314,start,3,3,
12975.045,refuse,2,15,
12980.891,refuse,0,16,
12990.045,refuse,2,15,
12995.891,refuse,0,16,
13005.045,refuse,2,15,
13010.891,refuse,0,16,
13020.045,refuse,2,15,
13025.891,refuse,0,16,
13035.045,refuse,2,15,
13040.891,refuse,0,16,
13050.045,refuse,2,15,
13055.891,refuse,0,16,
13065.045,refuse,2,15,
13070.891,refuse,0,16,
13080.045,refuse,2,15,
13085.891,refuse,0,16,
13095.045,refuse,2,15,
13100.891,refuse,0,16,
13110.045,refuse,2,15,
13115.891,refuse,0,16,
13125.045,refuse,2,15,
13130.891,refuse,0,16,
13140.045,refuse,2,15,
13145.891,refuse,0,16,
13155.045,refuse,2,15,
13160.891,refuse,0,16,
13170.045,refuse,2,15,
13175.891,refuse,0,16,
13185.045,refuse,2,15,
13190.891,refuse,0,16,
13200.045,refuse,2,15,
13205.891,refuse,0,16,
13215.045,refuse,2,15,
13220.891,refuse,0,16,
13230.045,refuse,2,15,
13235.891,refuse,0,16,
13245.045,refuse,2,15,
13250.891,refuse,0,16,
13260.045,refuse,2,15,
13265.891,refuse,0,16,
13275.045,refuse,2,15,
13280.891,refuse,0,16,
13290.045,refuse,2,15,
13295.891,refuse,0,16,
13305.045,refuse,2,15,
13310.891,refuse,0,16,
13320.045,refuse,2,15,
13325.891,refuse,0,16,
13335.045,refuse,2,15,
13340.891,refuse,0,16,
13350.045,refuse,2,15,
13355.891,refuse,0,16,
13365.045,refuse,2,15,
13370.891,refuse,0,16,
13380.045,refuse,2,15,
13385.891,refuse,0,16,
13395.045,refuse,2,15,
13400.891,refuse,0,16,
13410.045,refuse,2,15,
13415.891,refuse,0,16,
13425.045,refuse,2,15,
13430.891,refuse,0,16,
13440.045,refuse,2,15,
13445.891,refuse,0,16,
13455.045,refuse,2,15,
13460.891,refuse,0,16,
13470.045,refuse,2,15,
13475.891,refuse,0,16,
13485.045,refuse,2,15,
13490.891,refuse,0,16,
13500.045,refuse,2,15,
13505.891,refuse,0,16,
13515.045,refuse,2,15,
13520.891,refuse,0,16,
13530.045,refuse,2,15,
13535.891,refuse,0,16,
13545.045,refuse,2,15,
13550.891,refuse,0,16,
13560.045,refuse,2,15,
13565.891,refuse,0,16,
13575.045,refuse,2,15,
13580.891,refuse,0,16,
13590.045,refuse,2,15,
13595.891,refuse,0,16,
13605.045,refuse,2,15,
13610.891,refuse,0,16,
13620.045,refuse,2,15,
13625.891,refuse,0,16,
13635.045,refuse,2,15,
13640.891,refuse,0,16,
13650.045,refuse,2,15,
13655.891,refuse,0,16,
13665.045,refuse,2,15,
13670.891,refuse,0,16,
13680.045,refuse,2,15,
13685.891,refuse,0,16,
13695.045,refuse,2,15,
13700.891,refuse,0,16,
13710.045,refuse,2,15,
13715.891,refuse,0,16,
13725.045,refuse,2,15,
13730.891,refuse,0,16,
13740.045,refuse,2,15,
13745.891,refuse,0,16,
13755.045,refuse,2,15,
13760.891,refuse,0,16,
13770.045,refuse,2,15,
13775.891,refuse,0,16,
13785.045,refuse,2,15,
13790.891,refuse,0,16,
13800.045,refuse,2,15,
13805.891,refuse,0,16,
13815.045,refuse,2,15,
13820.891,refuse,0,16,
13830.045,refuse,2,15,
13835.891,refuse,0,16,
13845.045,refuse,2,15,
13850.891,refuse,0,16,
13860.045,refuse,2,15,
13865.891,refuse,0,16,
13875.045,refuse,2,15,
13880.891,refuse,0,16,
13890.045,refuse,2,15,
13895.891,refuse,0,16,
13905.045,refuse,2,15,
13910.891,refuse,0,16,
13920.045,refuse,2,15,
13925.891,refuse,0,16,
13935.045,refuse,2,15,
13940.891,refuse,0,16,
13950.045,refuse,2,15,
13955.891,refuse,0,16,
13965.045,refuse,2,15,
13970.891,refuse,0,16,
13980.045,refuse,2,15,
13985.891,refuse,0,16,
13995.045,refuse,2,15,
14000.891,refuse,0,16,
14010.045,refuse,2,15,
14015.891,refuse,0,16,
14025.045,refuse,2,15,
14030.891,refuse,0,16,
14040.045,refuse,2,15,
14045.891,refuse,0,16,
14055.045,refuse,2,15,
14060.891,refuse,0,16,
14070.045,refuse,2,15,
14075.891,refuse,0,16,
14085.045,refuse,2,15,
14090.891,refuse,0,16,
14100.045,refuse,2,15,
14105.891,refuse,0,16,
14115.045,refuse,2,15,
14120.891,refuse,0,16,
14130.045,refuse,2,15,
14135.891,refuse,0,16,
14145.045,refuse,2,15,
14150.891,refuse,0,16,
14160.045,refuse,2,15,
14165.891,refuse,0,16,
14175.045,refuse,2,15,
14180.891,refuse,0,16,
14190.045,refuse,2,15,
14195.891,refuse,0,16,
14205.045,refuse,2,15,
14210.891,refuse,0,16,
14220.045,refuse,2,15,
14225.891,refuse,0,16,
14235.045,refuse,2,15,
14240.891,refuse,0,16,
14250.045,refuse,2,15,
14255.891,refuse,0,16,
14265.045,refuse,2,15,
14270.891,refuse,0,16,
14280.045,refuse,2,15,
14285.891,refuse,0,16,
14295.045,refuse,2,15,
14300.891,refuse,0,16,
14310.045,refuse,2,15,
14315.891,refuse,0,16,
14325.045,refuse,2,15,
14330.891,refuse,0,16,
14340.045,refuse,2,15,
14345.891,refuse,0,16,
14355.045,refuse,2,15,
14360.891,refuse,0,16,
14370.045,refuse,2,15,
14375.891,refuse,0,16,
14385.045,refuse,2,15,
14390.891,refuse,0,16,
14400.045,refuse,2,15,
14405.891,refuse,0,16,
14415.045,refuse,2,15,
14420.891,refuse,0,16,
14430.045,refuse,2,15,
14435.891,refuse,0,16,
14445.045,refuse,2,15,
14450.891,refuse,0,16,
14460.045,refuse,2,15,
14465.891,refuse,0,16,
14475.045,refuse,2,15,
14480.891,refuse,0,16,
14490.045,refuse,2,15,
14495.891,refuse,0,16,
14505.045,refuse,2,15,
14510.891,refuse,0,16,
14520.045,refuse,2,15,
14525.891,refuse,0,16,
14535.045,refuse,2,15,
14540.891,refuse,0,16,
14550.045,refuse,2,15,
14555.891,refuse,0,16,
14565.045,refuse,2,15,
14570.891,refuse,0,16,
14580.045,refuse,2,15,
14585.891,refuse,0,16,
14595.045,refuse,2,15,
14600.891,refuse,0,16,
14610.045,refuse,2,15,
14615.891,refuse,0,16,
14625.045,refuse,2,15,
14630.891,refuse,0,16,
14640.045,refuse,2,15,
14645.891,refuse,0,16,
14655.045,refuse,2,15,
14660.891,refuse,0,16,
14670.045,refuse,2,15,
14675.891,refuse,0,16,
14685.045,refuse,2,15,
14690.891,refuse,0,16,
14700.045,refuse,2,15,
14705.891,refuse,0,16,
14715.045,refuse,2,15,
14720.891,refuse,0,16,
14730.045,refuse,2,15,
14735.891,refuse,0,16,
14745.045,refuse,2,15,
14750.891,refuse,0,16,
14760.045,refuse,2,15,
14765.891,refuse,0,16,
14775.045,refuse,2,15,
14780.891,refuse,0,16,
14790.045,refuse,2,15,
14795.891,refuse,0,16,
14805.045,refuse,2,15,
14810.891,refuse,0,16,
14820.045,refuse,2,15,
14825.891,refuse,0,16,
14835.045,refuse,2,15,
14840.891,refuse,0,16,
14850.045,refuse,2,15,
14855.891,refuse,0,16,
14865.045,refuse,2,15,
14870.891,refuse,0,16,
14880.045,refuse,2,15,
14885.891,refuse,0,16,
14895.045,refuse,2,15,
14900.891,refuse,0,16,
14910.045,refuse,2,15,
14915.891,refuse,0,16,
14925.045,refuse,2,15,
14930.891,refuse,0,16,
14940.045,refuse,2,15,
14945.891,refuse,0,16,
14955.045,refuse,2,15,
14960.891,refuse,0,16,
14970.045,refuse,2,15,
14975.891,refuse,0,16,
14985.045,refuse,2,15,
14990.891,refuse,0,16,
15000.045,refuse,2,15,
15005.891,refuse,0,16,
15015.045,refuse,2,15,
15020.891,refuse,0,16,
15030.045,refuse,2,15,
15030.045,abandon,2,15,
15030.045,refuse,2,17,
15035.891,refuse,0,16,
15045.045,refuse,2,17,
15050.891,refuse,0,16,
15060.045,refuse,2,17,
15065.891,refuse,0,16,
15075.045,refuse,2,17,
15080.891,refuse,0,16,
15090.045,refuse,2,17,
15095.891,refuse,0,16,
15105.045,refuse,2,17,
15110.891,refuse,0,16,
15120.045,refuse,2,17,
15125.891,refuse,0,16,
15135.045,refuse,2,17,
15140.891,refuse,0,16,
15150.045,refuse,2,17,
15155.891,refuse,0,16,
15165.045,refuse,2,17,
15170.891,refuse,0,16,
15180.045,refuse,2,17,
15185.891,refuse,0,16,
15195.045,refuse,2,17,
15200.891,refuse,0,16,
15210.045,refuse,2,17,
15215.891,refuse,0,16,
15225.045,refuse,2,17,
15230.891,refuse,0,16,
15240.045,refuse,2,17,
15245.891,refuse,0,16,
15255.045,refuse,2,17,
15260.891,refuse,0,16,
15270.045,refuse,2,17,
15275.891,refuse,0,16,
15285.045,refuse,2,17,
15290.891,refuse,0,16,
15300.045,refuse,2,17,
15305.891,refuse,0,16,
15315.045,refuse,2,17,
15320.891,refuse,0,16,
15330.045,refuse,2,17,
15335.891,refuse,0,16,
15345.045,refuse,2,17,
15350.891,refuse,0,16,
15360.045,refuse,2,17,
15365.891,refuse,0,16,
15375.045,refuse,2,17,
15380.891,refuse,0,16,
15390.045,refuse,2,17,
15395.891,refuse,0,16,
15405.045,refuse,2,17,
15410.891,refuse,0,16,
15420.045,refuse,2,17,
15425.891,refuse,0,16,
15435.045,refuse,2,17,
15440.891,refuse,0,16,
15450.045,refuse,2,17,
15455.891,refuse,0,16,
15465.045,refuse,2,17,
15470.891,refuse,0,16,
15480.045,refuse,2,17,
15485.891,refuse,0,16,
15495.045,refuse,2,17,
15500.891,refuse,0,16,
15510.045,refuse,2,17,
15515.891,refuse,0,16,
15525.045,refuse,2,17,
15530.891,refuse,0,16,
15540.045,refuse,2,17,
15545.891,refuse,0,16,
15555.045,refuse,2,17,
15560.891,refuse,0,16,
15570.045,refuse,2,17,
15575.891,refuse,0,16,
15585.045,refuse,2,17,
15590.891,refuse,0,16,
15600.045,refuse,2,17,
15605.891,refuse,0,16,
15615.045,refuse,2,17,
15620.891,refuse,0,16,
15630.045,refuse,2,17,
15635.891,refuse,0,16,
15645.045,refuse,2,17,
15650.891,refuse,0,16,
15660.045,refuse,2,17,
15665.891,refuse,0,16,
15675.045,refuse,2,17,
15680.891,refuse,0,16,
15690.045,refuse,2,17,
15695.891,refuse,0,16,
15705.045,refuse,2,17,
15710.891,refuse,0,16,
15720.045,refuse,2,17,
15725.891,refuse,0,16,
15735.045,refuse,2,17,
15740.891,refuse,0,16,
15750.045,refuse,2,17,
15755.891,refuse,0,16,
15765.045,refuse,2,17,
15770.891,refuse,0,16,
15780.045,refuse,2,17,
15785.891,refuse,0,16,
15793.017,conflict-at-land,3,3,
15795.045,refuse,2,17,
15800.891,refuse,0,16,
15808.017,start,3,3,
15810.045,refuse,2,17,
15815.891,refuse,0,16,
15825.045,refuse,2,17,
15830.891,refuse,0,16,
15840.045,refuse,2,17,
15845.891,refuse,0,16,
15855.045,refuse,2,17,
15860.891,refuse,0,16,
15870.045,refuse,2,17,
15875.891,refuse,0,16,
15885.045,refuse,2,17,
15890.891,refuse,0,16,
15900.045,refuse,2,17,
15905.891,refuse,0,16,
15915.045,refuse,2,17,
15920.891,refuse,0,16,
15920.891,abandon,0,16,
15920.891,start,0,18,
15930.045,refuse,2,17,
15931.666,land,0,18,
15931.666,refuse,0,19,
15945.045,refuse,2,17,
15946.666,refuse,0,19,
15960.045,refuse,2,17,
15961.666,refuse,0,19,
15975.045,refuse,2,17,
15976.666,refuse,0,19,
15990.045,refuse,2,17,
15991.666,refuse,0,19,
16005.045,refuse,2,17,
16006.666,refuse,0,19,
16020.045,refuse,2,17,
16021.666,refuse,0,19,
16035.045,refuse,2,17,
16036.666,refuse,0,19,
16050.045,refuse,2,17,
16051.666,refuse,0,19,
16065.045,refuse,2,17,
16066.666,refuse,0,19,
16080.045,refuse,2,17,
16081.666,refuse,0,19,
16095.045,refuse,2,17,
16096.666,refuse,0,19,
16110.045,refuse,2,17,
16111.666,refuse,0,19,
16125.045,refuse,2,17,
16126.666,refuse,0,19,
16140.045,refuse,2,17,
16141.666,refuse,0,19,
16155.045,refuse,2,17,
16156.666,refuse,0,19,
16170.045,refuse,2,17,
16171.666,refuse,0,19,
16185.045,refuse,2,17,
16186.666,refuse,0,19,
16200.045,refuse,2,17,
16201.666,refuse,0,19,
16215.045,refuse,2,17,
16216.666,refuse,0,19,
16230.045,refuse,2,17,
16231.666,refuse,0,19,
16245.045,refuse,2,17,
16246.666,refuse,0,19,
16260.045,refuse,2,17,
16261.666,refuse,0,19,
16275.045,refuse,2,17,
16276.666,refuse,0,19,
16290.045,refuse,2,17,
16291.666,refuse,0,19,
16305.045,refuse,2,17,
16306.666,refuse,0,19,
16320.045,refuse,2,17,
16321.666,refuse,0,19,
16335.045,refuse,2,17,
16336.666,refuse,0,19,
16350.045,refuse,2,17,
16351.666,refuse,0,19,
16365.045,refuse,2,17,
16366.666,refuse,0,19,
16380.045,refuse,2,17,
16381.666,refuse,0,19,
16395.045,refuse,2,17,
16396.666,refuse,0,19,
16410.045,refuse,2,17,
16411.666,refuse,0,19,
16425.045,refuse,2,17,
16426.666,refuse,0,19,
16440.045,refuse,2,17,
16441.666,refuse,0,19,
16455.045,refuse,2,17,
16456.666,refuse,0,19,
16470.045,refuse,2,17,
16471.666,refuse,0,19,
16485.045,refuse,2,17,
16486.666,refuse,0,19,
16500.045,refuse,2,17,
16501.666,refuse,0,19,
16515.045,refuse,2,17,
16516.666,refuse,0,19,
16530.045,refuse,2,17,
16531.666,refuse,0,19,
16545.045,refuse,2,17,
16546.666,refuse,0,19,
16560.045,refuse,2,17,
16561.666,refuse,0,19,
16575.045,refuse,2,17,
16576.666,refuse,0,19,
16590.045,refuse,2,17,
16591.666,refuse,0,19,
16605.045,refuse,2,17,
16606.666,refuse,0,19,
16620.045,refuse,2,17,
16621.666,refuse,0,19,
16635.045,refuse,2,17,
16636.666,refuse,0,19,
16650.045,refuse,2,17,
16651.666,refuse,0,19,
16665.045,refuse,2,17,
16666.666,refuse,0,19,
16680.045,refuse,2,17,
16681.666,refuse,0,19,
16695.045,refuse,2,17,
16696.666,refuse,0,19,
16710.045,refuse,2,17,
16711.666,refuse,0,19,
16725.045,refuse,2,17,
16726.666,refuse,0,19,
16740.045,refuse,2,17,
16741.666,refuse,0,19,
16755.045,refuse,2,17,
16756.666,refuse,0,19,
16770.045,refuse,2,17,
16771.666,refuse,0,19,
16785.045,refuse,2,17,
16786.666,refuse,0,19,
16800.045,refuse,2,17,
16801.666,refuse,0,19,
16815.045,refuse,2,17,
16816.666,refuse,0,19,
16830.045,refuse,2,17,
16831.666,refuse,0,19,
16845.045,refuse,2,17,
16846.666,refuse,0,19,
16860.045,refuse,2,17,
16861.666,refuse,0,19,
16875.045,refuse,2,17,
16876.666,refuse,0,19,
16890.045,refuse,2,17,
16891.666,refuse,0,19,
16905.045,refuse,2,17,
16906.666,refuse,0,19,
16920.045,refuse,2,17,
16921.666,refuse,0,19,
16935.045,refuse,2,17,
16936.666,refuse,0,19,
16950.045,refuse,2,17,
16951.666,refuse,0,19,
16965.045,refuse,2,17,
16966.666,refuse,0,19,
16980.045,refuse,2,17,
16981.666,refuse,0,19,
16995.045,refuse,2,17,
16996.666,refuse,0,19,
17010.045,refuse,2,17,
17011.666,refuse,0,19,
17025.045,refuse,2,17,
17026.666,refuse,0,19,
17040.045,refuse,2,17,
17041.666,refuse,0,19,
17055.045,refuse,2,17,
17056.666,refuse,0,19,
17070.045,refuse,2,17,
17071.666,refuse,0,19,
17085.045,refuse,2,17,
17086.666,refuse,0,19,
17100.045,refuse,2,17,
17101.666,refuse,0,19,
17115.045,refuse,2,17,
17116.666,refuse,0,19,
17130.045,refuse,2,17,
17131.666,refuse,0,19,
17145.045,refuse,2,17,
17146.666,refuse,0,19,
17160.045,refuse,2,17,
17161.666,refuse,0,19,
17175.045,refuse,2,17,
17176.666,refuse,0,19,
17190.045,refuse,2,17,
17191.666,refuse,0,19,
17205.045,refuse,2,17,
17206.666,refuse,0,19,
17220.045,refuse,2,17,
17221.666,refuse,0,19,
17235.045,refuse,2,17,
17236.666,refuse,0,19,
17250.045,refuse,2,17,
17251.666,refuse,0,19,
17265.045,refuse,2,17,
17266.666,refuse,0,19,
17280.045,refuse,2,17,
17281.666,refuse,0,19,
17295.045,refuse,2,17,
17296.666,refuse,0,19,
17310.045,refuse,2,17,
17311.666,refuse,0,19,
17325.045,refuse,2,17,
17326.666,refuse,0,19,
17340.045,refuse,2,17,
17341.666,refuse,0,19,
17355.045,refuse,2,17,
17356.666,refuse,0,19,
17370.045,refuse,2,17,
17371.666,refuse,0,19,
17385.045,refuse,2,17,
17386.666,refuse,0,19,
17400.045,refuse,2,17,
17401.666,refuse,0,19,
17415.045,refuse,2,17,
17416.666,refuse,0,19,
17430.045,refuse,2,17,
17431.666,refuse,0,19,
17445.045,refuse,2,17,
17446.666,refuse,0,19,
17460.045,refuse,2,17,
17461.666,refuse,0,19,
17475.045,refuse,2,17,
17476.666,refuse,0,19,
17490.045,refuse,2,17,
17491.666,refuse,0,19,
17505.045,refuse,2,17,
17506.666,refuse,0,19,
17520.045,refuse,2,17,
17521.666,refuse,0,19,
17535.045,refuse,2,17,
17536.666,refuse,0,19,
17550.045,refuse,2,17,
17551.666,refuse,0,19,
17565.045,refuse,2,17,
17566.666,refuse,0,19,
17580.045,refuse,2,17,
17581.666,refuse,0,19,
17595.045,refuse,2,17,
17596.666,refuse,0,19,
17610.045,refuse,2,17,
17611.666,refuse,0,19,
17625.045,refuse,2,17,
17626.666,refuse,0,19,
17640.045,refuse,2,17,
17641.666,refuse,0,19,
17655.045,refuse,2,17,
17656.666,refuse,0,19,
17670.045,refuse,2,17,
17671.666,refuse,0,19,
17685.045,refuse,2,17,
17686.666,refuse,0,19,
17700.045,refuse,2,17,
17701.666,refuse,0,19,
17715.045,refuse,2,17,
17716.666,refuse,0,19,
17730.045,refuse,2,17,
17731.666,refuse,0,19,
17745.045,refuse,2,17,
17746.666,refuse,0,19,
17760.045,refuse,2,17,
17761.666,refuse,0,19,
17775.045,refuse,2,17,
17776.666,refuse,0,19,
17790.045,refuse,2,17,
17791.666,refuse,0,19,
17805.045,refuse,2,17,
17806.666,refuse,0,19,
17820.045,refuse,2,17,
17821.666,refuse,0,19,
17835.045,refuse,2,17,
17836.666,refuse,0,19,
17850.045,refuse,2,17,
17851.666,refuse,0,19,
17865.045,refuse,2,17,
17866.666,refuse,0,19,
17880.045,refuse,2,17,
17881.666,refuse,0,19,
17895.045,refuse,2,17,
17896.666,refuse,0,19,
17910.045,refuse,2,17,
17911.666,refuse,0,19,
17925.045,refuse,2,17,
17926.666,refuse,0,19,
17940.045,refuse,2,17,
17941.666,refuse,0,19,
17955.045,refuse,2,17,
17956.666,refuse,0,19,
17970.045,refuse,2,17,
17971.666,refuse,0,19,
17985.045,refuse,2,17,
17986.666,refuse,0,19,
18000.045,refuse,2,17,
18001.666,refuse,0,19,
18015.045,refuse,2,17,
18016.666,refuse,0,19,
18030.045,refuse,2,17,
18030.045,abandon,2,17,
18030.045,start,2,20,
18031.666,refuse,0,19,
18046.666,refuse,0,19,
18061.666,refuse,0,19,
18064.378,land,2,20,
18064.378,refuse,2,21,
18076.666,refuse,0,19,
18079.378,refuse,2,21,
18091.666,refuse,0,19,
18094.378,refuse,2,21,
18106.666,refuse,0,19,
18109.378,refuse,2,21,
18121.666,refuse,0,19,
18124.378,refuse,2,21,
18136.666,refuse,0,19,
18139.378,refuse,2,21,
18151.666,refuse,0,19,
18154.378,refuse,2,21,
18166.666,refuse,0,19,
18169.378,refuse,2,21,
18181.666,refuse,0,19,
18184.378,refuse,2,21,
18196.666,refuse,0,19,
18199.378,refuse,2,21,
18211.666,refuse,0,19,
18214.378,refuse,2,21,
18226.666,refuse,0,19,
18229.378,refuse,2,21,
18241.666,refuse,0,19,
18244.378,refuse,2,21,
18256.666,refuse,0,19,
18259.378,refuse,2,21,
18271.666,refuse,0,19,
18274.378,refuse,2,21,
18286.666,refuse,0,19,
18289.378,refuse,2,21,
18301.666,refuse,0,19,
18304.378,refuse,2,21,
18316.666,refuse,0,19,
18319.378,refuse,2,21,
18331.666,refuse,0,19,
18334.378,refuse,2,21,
18346.666,refuse,0,19,
18349.378,refuse,2,21,
18361.666,refuse,0,19,
18364.378,refuse,2,21,
18376.666,refuse,0,19,
18379.378,refuse,2,21,
18391.666,refuse,0,19,
18394.378,refuse,2,21,
18406.666,refuse,0,19,
18409.378,refuse,2,21,
18421.666,refuse,0,19,
18424.378,refuse,2,21,
18436.666,refuse,0,19,
18439.378,refuse,2,21,
18451.666,refuse,0,19,
18454.378,refuse,2,21,
18466.666,refuse,0,19,
18469.378,refuse,2,21,
18481.666,refuse,0,19,
18484.378,refuse,2,21,
18496.666,refuse,0,19,
18499.378,refuse,2,21,
18511.666,refuse,0,19,
18514.378,refuse,2,21,
18526.666,refuse,0,19,
18529.378,refuse,2,21,
18541.666,refuse,0,19,
18544.378,refuse,2,21,
18556.666,refuse,0,19,
18559.378,refuse,2,21,
18570.164,conflict-at-land,3,3,
18571.666,refuse,0,19,
18574.378,refuse,2,21,
18585.164,start,3,3,
18586.666,refuse,0,19,
18589.378,refuse,2,21,
18601.666,refuse,0,19,
18604.378,refuse,2,21,
18616.666,refuse,0,19,
18619.378,refuse,2,21,
18631.666,refuse,0,19,
18634.378,refuse,2,21,
18646.666,refuse,0,19,
18649.378,refuse,2,21,
18661.666,refuse,0,19,
18664.378,refuse,2,21,
18676.666,refuse,0,19,
18679.378,refuse,2,21,
18691.666,refuse,0,19,
18694.378,refuse,2,21,
18706.666,refuse,0,19,
18709.378,refuse,2,21,
18721.666,refuse,0,19,
18724.378,refuse,2,21,
18736.666,refuse,0,19,
18739.378,refuse,2,21,
18751.666,refuse,0,19,
18754.378,refuse,2,21,
18766.666,refuse,0,19,
18769.378,refuse,2,21,
18781.666,refuse,0,19,
18784.378,refuse,2,21,
18796.666,refuse,0,19,
18799.378,refuse,2,21,
18811.666,refuse,0,19,
18814.378,refuse,2,21,
18826.666,refuse,0,19,
18829.378,refuse,2,21,
18841.666,refuse,0,19,
18844.378,refuse,2,21,
18856.666,refuse,0,19,
18859.378,refuse,2,21,
18871.666,refuse,0,19,
18874.378,refuse,2,21,
18886.666,refuse,0,19,
18889.378,refuse,2,21,
18901.666,refuse,0,19,
18904.378,refuse,2,21,
18916.666,refuse,0,19,
18919.378,refuse,2,21,
18931.666,refuse,0,19,
18931.666,abandon,0,19,
18931.666,start,0,22,
18934.378,refuse,2,21,
18943.038,land,0,22,
18943.038,refuse,0,23,
18949.378,refuse,2,21,
18958.038,refuse,0,23,
18964.378,refuse,2,21,
18973.038,refuse,0,23,
18979.378,refuse,2,21,
18988.038,refuse,0,23,
18994.378,refuse,2,21,
19003.038,refuse,0,23,
19009.378,refuse,2,21,
19018.038,refuse,0,23,
19024.378,refuse,2,21,
19033.038,refuse,0,23,
19039.378,refuse,2,21,
19048.038,refuse,0,23,
19054.378,refuse,2,21,
19063.038,refuse,0,23,
19069.378,refuse,2,21,
19078.038,refuse,0,23,
19084.378,refuse,2,21,
19093.038,refuse,0,23,
19099.378,refuse,2,21,
19108.038,refuse,0,23,
19114.378,refuse,2,21,
19123.038,refuse,0,23,
19129.378,refuse,2,21,
19138.038,refuse,0,23,
19144.378,refuse,2,21,
19153.038,refuse,0,23,
19159.378,refuse,2,21,
19168.038,refuse,0,23,
19174.378,refuse,2,21,
19183.038,refuse,0,23,
19189.378,refuse,2,21,
19198.038,refuse,0,23,
19204.378,refuse,2,21,
19213.038,refuse,0,23,
19219.378,refuse,2,21,
19228.038,refuse,0,23,
19234.378,refuse,2,21,
19243.038,refuse,0,23,
19249.378,refuse,2,21,
19258.038,refuse,0,23,
19264.378,refuse,2,21,
19273.038,refuse,0,23,
19279.378,refuse,2,21,
19288.038,refuse,0,23,
19294.378,refuse,2,21,
19303.038,refuse,0,23,
19309.378,refuse,2,21,
19318.038,refuse,0,23,
19324.378,refuse,2,21,
19333.038,refuse,0,23,
19339.378,refuse,2,21,
19348.038,refuse,0,23,
19354.378,refuse,2,21,
19363.038,refuse,0,23,
19369.378,refuse,2,21,
19378.038,refuse,0,23,
19384.378,refuse,2,21,
19393.038,refuse,0,23,
19399.378,refuse,2,21,
19408.038,refuse,0,23,
19414.378,refuse,2,21,
19423.038,refuse,0,23,
19429.378,refuse,2,21,
19438.038,refuse,0,23,
19444.378,refuse,2,21,
19453.038,refuse,0,23,
19459.378,refuse,2,21,
19468.038,refuse,0,23,
19474.378,refuse,2,21,
19483.038,refuse,0,23,
19489.378,refuse,2,21,
19498.038,refuse,0,23,
19504.378,refuse,2,21,
19513.038,refuse,0,23,
19519.378,refuse,2,21,
19528.038,refuse,0,23,
19534.378,refuse,2,21,
19543.038,refuse,0,23,
19549.378,refuse,2,21,
19558.038,refuse,0,23,
19564.378,refuse,2,21,
19573.038,refuse,0,23,
19579.378,refuse,2,21,
19588.038,refuse,0,23,
19594.378,refuse,2,21,
19603.038,refuse,0,23,
19609.378,refuse,2,21,
19618.038,refuse,0,23,
19624.378,refuse,2,21,
19633.038,refuse,0,23,
19639.378,refuse,2,21,
19648.038,refuse,0,23,
19654.378,refuse,2,21,
19663.038,refuse,0,23,
19669.378,refuse,2,21,
19678.038,refuse,0,23,
19684.378,refuse,2,21,
19693.038,refuse,0,23,
19699.378,refuse,2,21,
19708.038,refuse,0,23,
19714.378,refuse,2,21,
19723.038,refuse,0,23,
19729.378,refuse,2,21,
19738.038,refuse,0,23,
19744.378,refuse,2,21,
19753.038,refuse,0,23,
19759.378,refuse,2,21,
19768.038,refuse,0,23,
19774.378,refuse,2,21,
19783.038,refuse,0,23,
19789.378,refuse,2,21,
19798.038,refuse,0,23,
19804.378,refuse,2,21,
19813.038,refuse,0,23,
19819.378,refuse,2,21,
19828.038,refuse,0,23,
19834.378,refuse,2,21,
19843.038,refuse,0,23,
19849.378,refuse,2,21,
19858.038,refuse,0,23,
19864.378,refuse,2,21,
19873.038,refuse,0,23,
19879.378,refuse,2,21,
19888.038,refuse,0,23,
19894.378,refuse,2,21,
19903.038,refuse,0,23,
19909.378,refuse,2,21,
19918.038,refuse,0,23,
19924.378,refuse,2,21,
19933.038,refuse,0,23,
19939.378,refuse,2,21,
19948.038,refuse,0,23,
19954.378,refuse,2,21,
19963.038,refuse,0,23,
19969.378,refuse,2,21,
19978.038,refuse,0,23,
19984.378,refuse,2,21,
19993.038,refuse,0,23,
19999.378,refuse,2,21,
20008.038,refuse,0,23,
20014.378,refuse,2,21,
20023.038,refuse,0,23,
20029.378,refuse,2,21,
20038.038,refuse,0,23,
20044.378,refuse,2,21,
20053.038,refuse,0,23,
20059.378,refuse,2,21,
20068.038,refuse,0,23,
20074.378,refuse,2,21,
20083.038,refuse,0,23,
20089.378,refuse,2,21,
20098.038,refuse,0,23,
20104.378,refuse,2,21,
20113.038,refuse,0,23,
20119.378,refuse,2,21,
20128.038,refuse,0,23,
20134.378,refuse,2,21,
20143.038,refuse,0,23,
20149.378,refuse,2,21,
20158.038,refuse,0,23,
20164.378,refuse,2,21,
20173.038,refuse,0,23,
20179.378,refuse,2,21,
20188.038,refuse,0,23,
20194.378,refuse,2,21,
20203.038,refuse,0,23,
20209.378,refuse,2,21,
20218.038,refuse,0,23,
20224.378,refuse,2,21,
20233.038,refuse,0,23,
20239.378,refuse,2,21,
20248.038,refuse,0,23,
20254.378,refuse,2,21,
20263.038,refuse,0,23,
20269.378,refuse,2,21,
20278.038,refuse,0,23,
20284.378,refuse,2,21,
20293.038,refuse,0,23,
20299.378,refuse,2,21,
20308.038,refuse,0,23,
20314.378,refuse,2,21,
20323.038,refuse,0,23,
20329.378,refuse,2,21,
20338.038,refuse,0,23,
20344.378,refuse,2,21,
20353.038,refuse,0,23,
20359.378,refuse,2,21,
20368.038,refuse,0,23,
20374.378,refuse,2,21,
20383.038,refuse,0,23,
20389.378,refuse,2,21,
20398.038,refuse,0,23,
20404.378,refuse,2,21,
20413.038,refuse,0,23,
20419.378,refuse,2,21,
20428.038,refuse,0,23,
20434.378,refuse,2,21,
20443.038,refuse,0,23,
20449.378,refuse,2,21,
20458.038,refuse,0,23,
20464.378,refuse,2,21,
20473.038,refuse,0,23,
20479.378,refuse,2,21,
20488.038,refuse,0,23,
20494.378,refuse,2,21,
20503.038,refuse,0,23,
20509.378,refuse,2,21,
20518.038,refuse,0,23,
20524.378,refuse,2,21,
20533.038,refuse,0,23,
20539.378,refuse,2,21,
20548.038,refuse,0,23,
20554.378,refuse,2,21,
20563.038,refuse,0,23,
20569.378,refuse,2,21,
20578.038,refuse,0,23,
20584.378,refuse,2,21,
20593.038,refuse,0,23,
20599.378,refuse,2,21,
20608.038,refuse,0,23,
20614.378,refuse,2,21,
20623.038,refuse,0,23,
20629.378,refuse,2,21,
20638.038,refuse,0,23,
20644.378,refuse,2,21,
20653.038,refuse,0,23,
20659.378,refuse,2,21,
20668.038,refuse,0,23,
20674.378,refuse,2,21,
20683.038,refuse,0,23,
20689.378,refuse,2,21,
20698.038,refuse,0,23,
20704.378,refuse,2,21,
20713.038,refuse,0,23,
20719.378,refuse,2,21,
20728.038,refuse,0,23,
20734.378,refuse,2,21,
20743.038,refuse,0,23,
20749.378,refuse,2,21,
20758.038,refuse,0,23,
20764.378,refuse,2,21,
20773.038,refuse,0,23,
20779.378,refuse,2,21,
20788.038,refuse,0,23,
20794.378,refuse,2,21,
20803.038,refuse,0,23,
20809.378,refuse,2,21,
20818.038,refuse,0,23,
20824.378,refuse,2,21,
20833.038,refuse,0,23,
20839.378,refuse,2,21,
20848.038,refuse,0,23,
20854.378,refuse,2,21,
20863.038,refuse,0,23,
20866.474,conflict-at-land,3,3,
20869.378,refuse,2,21,
20878.038,refuse,0,23,
20881.474,start,3,3,
20884.378,refuse,2,21,
20893.038,refuse,0,23,
20899.378,refuse,2,21,
20908.038,refuse,0,23,
20914.378,refuse,2,21,
20923.038,refuse,0,23,
20929.378,refuse,2,21,
20938.038,refuse,0,23,
20944.378,refuse,2,21,
20953.038,refuse,0,23,
20959.378,refuse,2,21,
20968.038,refuse,0,23,
20974.378,refuse,2,21,
20983.038,refuse,0,23,
20989.378,refuse,2,21,
20998.038,refuse,0,23,
21004.378,refuse,2,21,
21013.038,refuse,0,23,
21019.378,refuse,2,21,
21028.038,refuse,0,23,
21034.378,refuse,2,21,
21043.038,refuse,0,23,
21049.378,refuse,2,21,
21058.038,refuse,0,23,
21064.378,refuse,2,21,
21064.378,abandon,2,21,
21064.378,refuse,2,24,
21073.038,refuse,0,23,
21079.378,refuse,2,24,
21088.038,refuse,0,23,
21094.378,refuse,2,24,
21103.038,refuse,0,23,
21109.378,refuse,2,24,
21118.038,refuse,0,23,
21124.378,refuse,2,24,
21133.038,refuse,0,23,
21139.378,refuse,2,24,
21148.038,refuse,0,23,
21154.378,refuse,2,24,
21163.038,refuse,0,23,
21169.378,refuse,2,24,
21178.038,refuse,0,23,
21184.378,refuse,2,24,
21193.038,refuse,0,23,
21199.378,refuse,2,24,
21208.038,refuse,0,23,
21214.378,refuse,2,24,
21223.038,refuse,0,23,
21229.378,refuse,2,24,
21238.038,refuse,0,23,
21244.378,refuse,2,24,
21253.038,refuse,0,23,
21259.378,refuse,2,24,
21268.038,refuse,0,23,
21274.378,refuse,2,24,
21283.038,refuse,0,23,
21289.378,refuse,2,24,
21298.038,refuse,0,23,
21304.378,refuse,2,24,
21313.038,refuse,0,23,
21319.378,refuse,2,24,
21328.038,refuse,0,23,
21334.378,refuse,2,24,
21343.038,refuse,0,23,
21349.378,refuse,2,24,
21358.038,refuse,0,23,
21364.378,refuse,2,24,
21373.038,refuse,0,23,
21379.378,refuse,2,24,
21388.038,refuse,0,23,
21394.378,refuse,2,24,
21403.038,refuse,0,23,
21409.378,refuse,2,24,
21418.038,refuse,0,23,
21424.378,refuse,2,24,
21433.038,refuse,0,23,
21439.378,refuse,2,24,
21448.038,refuse,0,23,
21454.378,refuse,2,24,
21463.038,refuse,0,23,
21469.378,refuse,2,24,
21478.038,refuse,0,23,
21484.378,refuse,2,24,
21493.038,refuse,0,23,
21499.378,refuse,2,24,
21508.038,refuse,0,23,
21514.378,refuse,2,24,
21523.038,refuse,0,23,
21529.378,refuse,2,24,
21538.038,refuse,0,23,
21544.378,refuse,2,24,
21553.038,refuse,0,23,
21559.378,refuse,2,24,
21568.038,refuse,0,23,
21574.378,refuse,2,24,
21583.038,refuse,0,23,
21589.378,refuse,2,24,
21598.038,refuse,0,23,
21604.378,refuse,2,24,
21613.038,refuse,0,23,
21619.378,refuse,2,24,
21628.038,refuse,0,23,
21634.378,refuse,2,24,
21643.038,refuse,0,23,
21649.378,refuse,2,24,
21658.038,refuse,0,23,
21664.378,refuse,2,24,
21673.038,refuse,0,23,
21679.378,refuse,2,24,
21688.038,refuse,0,23,
21694.378,refuse,2,24,
21703.038,refuse,0,23,
21709.378,refuse,2,24,
21718.038,refuse,0,23,
21724.378,refuse,2,24,
21733.038,refuse,0,23,
21739.378,refuse,2,24,
21748.038,refuse,0,23,
21754.378,refuse,2,24,
21763.038,refuse,0,23,
21769.378,refuse,2,24,
21778.038,refuse,0,23,
21784.378,refuse,2,24,
21793.038,refuse,0,23,
21799.378,refuse,2,24,
21808.038,refuse,0,23,
21814.378,refuse,2,24,
21823.038,refuse,0,23,
21829.378,refuse,2,24,
21838.038,refuse,0,23,
21844.378,refuse,2,24,
21853.038,refuse,0,23,
21859.378,refuse,2,24,
21868.038,refuse,0,23,
21874.378,refuse,2,24,
21883.038,refuse,0,23,
21889.378,refuse,2,24,
21898.038,refuse,0,23,
21904.378,refuse,2,24,
21913.038,refuse,0,23,
21919.378,refuse,2,24,
21928.038,refuse,0,23,
21934.378,refuse,2,24,
21943.038,refuse,0,23,
21943.038,abandon,0,23,
21943.038,start,0,25,
21948.018,land,0,25,
21948.018,start,0,26,
21949.378,refuse,2,24,
21953.737,conflict-at-land,0,26,
21964.378,refuse,2,24,
21968.737,start,0,26,
21973.042,conflict-at-land,0,26,
21979.378,refuse,2,24,
21988.042,start,0,26,
21993.04,conflict-at-land,0,26,
21994.378,refuse,2,24,
22008.04,start,0,26,
22009.378,refuse,2,24,
22013.816,conflict-at-land,0,26,
22024.378,refuse,2,24,
22028.816,start,0,26,
22034.801,conflict-at-land,0,26,
22039.378,refuse,2,24,
22049.801,start,0,26,
22054.378,refuse,2,24,
22054.84,conflict-at-land,0,26,
22069.378,refuse,2,24,
22069.84,start,0,26,
22074.871,conflict-at-land,0,26,
22084.378,refuse,2,24,
22089.871,start,0,26,
22094.859,conflict-at-land,0,26,
22099.378,refuse,2,24,
22109.859,start,0,26,
22114.378,refuse,2,24,
22115.714,conflict-at-land,0,26,
22129.378,refuse,2,24,
22130.714,start,0,26,
22135.957,conflict-at-land,0,26,
22144.378,refuse,2,24,
22150.957,start,0,26,
22155.234,conflict-at-land,0,26,
22159.378,refuse,2,24,
22170.234,start,0,26,
22174.378,refuse,2,24,
22177.449,conflict-at-land,0,26,
22189.378,refuse,2,24,
22192.449,start,0,26,
22198.653,conflict-at-land,0,26,
22204.378,refuse,2,24,
22213.653,start,0,26,
22219.378,refuse,2,24,
22220.165,conflict-at-land,0,26,
22234.378,refuse,2,24,
22235.165,start,0,26,
22240.034,conflict-at-land,0,26,
22249.378,refuse,2,24,
22255.034,start,0,26,
22262.807,conflict-at-land,0,26,
22264.378,refuse,2,24,
22277.807,start,0,26,
22279.378,refuse,2,24,
22285.103,conflict-at-land,0,26,
22294.378,refuse,2,24,
22300.103,start,0,26,
22304.738,conflict-at-land,0,26,
22309.378,refuse,2,24,
22319.738,start,0,26,
22324.378,refuse,2,24,
22325.136,conflict-at-land,0,26,
22339.378,refuse,2,24,
22340.136,start,0,26,
22346.933,conflict-at-land,0,26,
22354.378,refuse,2,24,
22361.933,start,0,26,
22368.694,conflict-at-land,0,26,
22369.378,refuse,2,24,
22383.694,start,0,26,
22384.378,refuse,2,24,
22391.265,conflict-at-land,0,26,
22399.378,refuse,2,24,
22406.265,start,0,26,
22411.984,conflict-at-land,0,26,
22414.378,refuse,2,24,
22426.984,start,0,26,
22429.378,refuse,2,24,
22434.173,conflict-at-land,0,26,
22444.378,refuse,2,24,
22449.173,start,0,26,
22455.786,conflict-at-land,0,26,
22459.378,refuse,2,24,
22470.786,start,0,26,
22474.378,refuse,2,24,
22476.078,conflict-at-land,0,26,
22489.378,refuse,2,24,
22491.078,start,0,26,
22497.393,conflict-at-land,0,26,
22504.378,refuse,2,24,
22512.393,start,0,26,
22519.378,refuse,2,24,
22519.77,conflict-at-land,0,26,
22534.378,refuse,2,24,
22534.77,start,0,26,
22542.016,conflict-at-land,0,26,
22549.378,refuse,2,24,
22557.016,start,0,26,
22563.035,conflict-at-land,0,26,
22564.378,refuse,2,24,
22578.035,start,0,26,
22579.378,refuse,2,24,
22584.356,conflict-at-land,0,26,
22594.378,refuse,2,24,
22599.356,start,0,26,
22603.68,conflict-at-land,0,26,
22609.378,refuse,2,24,
22618.68,start,0,26,
22623.754,conflict-at-land,0,26,
22624.378,refuse,2,24,
22638.754,start,0,26,
22639.378,refuse,2,24,
22645.825,conflict-at-land,0,26,
22654.378,refuse,2,24,
22660.825,start,0,26,
22666.516,conflict-at-land,0,26,
22669.378,refuse,2,24,
22681.516,start,0,26,
22684.378,refuse,2,24,
22686.339,conflict-at-land,0,26,
22699.378,refuse,2,24,
22701.339,start,0,26,
22707.515,conflict-at-land,0,26,
22714.378,refuse,2,24,
22722.515,start,0,26,
22729.246,conflict-at-land,0,26,
22729.378,refuse,2,24,
22744.246,start,0,26,
22744.378,refuse,2,24,
22750.874,conflict-at-land,0,26,
22759.378,refuse,2,24,
22765.874,start,0,26,
22771.423,conflict-at-land,0,26,
22774.378,refuse,2,24,
22786.423,start,0,26,
22789.378,refuse,2,24,
22792.203,conflict-at-land,0,26,
22804.378,refuse,2,24,
22807.203,start,0,26,
22813.233,conflict-at-land,0,26,
22819.378,refuse,2,24,
22828.233,start,0,26,
22834.378,refuse,2,24,
22835.236,conflict-at-land,0,26,
22849.378,refuse,2,24,
22850.236,start,0,26,
22856.311,conflict-at-land,0,26,
22864.378,refuse,2,24,
22871.311,start,0,26,
22876.927,conflict-at-land,0,26,
22879.378,refuse,2,24,
22891.927,start,0,26,
22894.378,refuse,2,24,
22897.89,conflict-at-land,0,26,
22909.378,refuse,2,24,
22912.89,start,0,26,
22917.196,conflict-at-land,0,26,
22924.378,refuse,2,24,
22932.196,start,0,26,
22936.553,conflict-at-land,0,26,
22939.378,refuse,2,24,
22948.811,conflict-at-land,3,3,
22951.553,start,0,26,
22954.378,refuse,2,24,
22958.285,conflict-at-land,0,26,
22963.811,start,3,3,
22969.378,refuse,2,24,
22973.285,start,0,26,
22979.62,conflict-at-land,0,26,
22984.378,refuse,2,24,
22994.62,start,0,26,
22999.378,refuse,2,24,
23000.237,conflict-at-land,0,26,
23014.378,refuse,2,24,
23015.237,start,0,26,
23020.05,conflict-at-land,0,26,
23029.378,refuse,2,24,
23035.05,start,0,26,
23041.059,conflict-at-land,0,26,
23044.378,refuse,2,24,
23056.059,start,0,26,
23059.378,refuse,2,24,
23063.794,conflict-at-land,0,26,
23074.378,refuse,2,24,
23078.794,start,0,26,
23085.768,conflict-at-land,0,26,
23089.378,refuse,2,24,
23100.768,start,0,26,
23104.378,refuse,2,24,
23106.911,conflict-at-land,0,26,
23119.378,refuse,2,24,
23121.911,start,0,26,
23129.208,conflict-at-land,0,26,
23134.378,refuse,2,24,
23144.208,start,0,26,
23149.243,conflict-at-land,0,26,
23149.378,refuse,2,24,
23164.243,start,0,26,
23164.378,refuse,2,24,
23170.293,conflict-at-land,0,26,
23179.378,refuse,2,24,
23185.293,start,0,26,
23192.922,conflict-at-land,0,26,
23194.378,refuse,2,24,
23207.922,start,0,26,
23209.378,refuse,2,24,
23214.202,conflict-at-land,0,26,
23224.378,refuse,2,24,
23229.202,start,0,26,
23235.055,conflict-at-land,0,26,
23239.378,refuse,2,24,
23250.055,start,0,26,
23254.378,refuse,2,24,
23255.224,conflict-at-land,0,26,
23269.378,refuse,2,24,
23270.224,start,0,26,
23276.397,conflict-at-land,0,26,
23284.378,refuse,2,24,
23291.397,start,0,26,
23299.043,conflict-at-land,0,26,
23299.378,refuse,2,24,
23314.043,start,0,26,
23314.378,refuse,2,24,
23318.263,conflict-at-land,0,26,
23329.378,refuse,2,24,
23333.263,start,0,26,
23340.284,conflict-at-land,0,26,
23344.378,refuse,2,24,
23355.284,start,0,26,
23359.378,refuse,2,24,
23362.438,conflict-at-land,0,26,
23374.378,refuse,2,24,
23377.438,start,0,26,
23384.828,conflict-at-land,0,26,
23389.378,refuse,2,24,
23399.828,start,0,26,
23404.378,refuse,2,24,
23406.694,conflict-at-land,0,26,
23419.378,refuse,2,24,
23421.694,start,0,26,
23428.807,conflict-at-land,0,26,
23434.378,refuse,2,24,
23443.807,start,0,26,
23449.378,refuse,2,24,
23449.874,conflict-at-land,0,26,
23464.378,refuse,2,24,
23464.874,start,0,26,
23471.095,conflict-at-land,0,26,
23479.378,refuse,2,24,
23486.095,start,0,26,
23491.829,conflict-at-land,0,26,
23494.378,refuse,2,24,
23506.829,start,0,26,
23509.378,refuse,2,24,
23511.231,conflict-at-land,0,26,
23524.378,refuse,2,24,
23526.231,start,0,26,
23533.563,conflict-at-land,0,26,
23539.378,refuse,2,24,
23548.563,start,0,26,
23554.378,refuse,2,24,
23554.815,conflict-at-land,0,26,
23569.378,refuse,2,24,
23569.815,start,0,26,
23574.735,conflict-at-land,0,26,
23584.378,refuse,2,24,
23589.735,start,0,26,
23595.752,conflict-at-land,0,26,
23599.378,refuse,2,24,
23610.752,start,0,26,
23614.378,refuse,2,24,
23616.697,conflict-at-land,0,26,
23629.378,refuse,2,24,
23631.697,start,0,26,
23637.182,conflict-at-land,0,26,
23644.378,refuse,2,24,
23652.182,start,0,26,
23657.628,conflict-at-land,0,26,
23659.378,refuse,2,24,
23672.628,start,0,26,
23674.378,refuse,2,24,
23678.766,conflict-at-land,0,26,
23689.378,refuse,2,24,
23693.766,start,0,26,
23700.211,conflict-at-land,0,26,
23704.378,refuse,2,24,
23715.211,start,0,26,
23719.378,refuse,2,24,
23721.616,conflict-at-land,0,26,
23734.378,refuse,2,24,
23736.616,start,0,26,
23742.465,conflict-at-land,0,26,
23749.378,refuse,2,24,
23757.465,start,0,26,
23761.766,conflict-at-land,0,26,
23764.378,refuse,2,24,
23776.766,start,0,26,
23779.378,refuse,2,24,
23781.792,conflict-at-land,0,26,
23794.378,refuse,2,24,
23796.792,start,0,26,
23801.63,conflict-at-land,0,26,
23809.378,refuse,2,24,
23816.63,start,0,26,
23822.934,conflict-at-land,0,26,
23824.378,refuse,2,24,
23837.934,start,0,26,
23839.378,refuse,2,24,
23845.234,conflict-at-land,0,26,
23854.378,refuse,2,24,
23860.234,start,0,26,
23867.308,conflict-at-land,0,26,
23869.378,refuse,2,24,
23882.308,start,0,26,
23884.378,refuse,2,24,
23889.378,conflict-at-land,0,26,
23899.378,refuse,2,24,
23904.378,start,0,26,
23911.517,conflict-at-land,0,26,
23914.378,refuse,2,24,
23926.517,start,0,26,
23929.378,refuse,2,24,
23931.636,conflict-at-land,0,26,
23944.378,refuse,2,24,
23946.636,start,0,26,
23953.866,conflict-at-land,0,26,
23959.378,refuse,2,24,
23968.866,start,0,26,
23974.378,refuse,2,24,
23975.489,conflict-at-land,0,26,
23989.378,refuse,2,24,
23990.489,start,0,26,
23994.989,conflict-at-land,0,26,
24004.378,refuse,2,24,
24009.989,start,0,26,
24014.249,conflict-at-land,0,26,
24019.378,refuse,2,24,
24029.249,start,0,26,
24033.502,conflict-at-land,0,26,
24034.378,refuse,2,24,
24048.502,start,0,26,
24049.378,refuse,2,24,
24055.422,conflict-at-land,0,26,
24064.378,refuse,2,24,
24064.378,abandon,2,24,
24064.378,refuse,2,27,
24070.422,start,0,26,
24075.52,conflict-at-land,0,26,
24079.378,refuse,2,27,
24090.52,start,0,26,
24094.378,refuse,2,27,
24095.114,conflict-at-land,0,26,
24109.378,refuse,2,27,
24110.114,start,0,26,
24116.564,conflict-at-land,0,26,
24124.378,refuse,2,27,
24131.564,start,0,26,
24137.004,conflict-at-land,0,26,
24139.378,refuse,2,27,
24152.004,start,0,26,
24154.378,refuse,2,27,
24156.454,conflict-at-land,0,26,
24169.378,refuse,2,27,
24171.454,start,0,26,
24176.228,conflict-at-land,0,26,
24184.378,refuse,2,27,
24191.228,start,0,26,
24197.327,conflict-at-land,0,26,
24199.378,refuse,2,27,
24212.327,start,0,26,
24214.378,refuse,2,27,
24217.132,conflict-at-land,0,26,
24229.378,refuse,2,27,
24232.132,start,0,26,
24237.315,conflict-at-land,0,26,
24244.378,refuse,2,27,
24252.315,start,0,26,
24259.077,conflict-at-land,0,26,
24259.378,refuse,2,27,
24274.077,start,0,26,
24274.378,refuse,2,27,
24279.913,conflict-at-land,0,26,
24289.378,refuse,2,27,
24294.913,start,0,26,
24300.273,conflict-at-land,0,26,
24304.378,refuse,2,27,
24315.273,start,0,26,
24319.378,refuse,2,27,
24321.178,conflict-at-land,0,26,
24334.378,refuse,2,27,
24336.178,start,0,26,
24340.463,conflict-at-land,0,26,
24349.378,refuse,2,27,
24355.463,start,0,26,
24361.055,conflict-at-land,0,26,
24364.378,refuse,2,27,
24376.055,start,0,26,
24379.378,refuse,2,27,
24381.77,conflict-at-land,0,26,
24394.378,refuse,2,27,
24396.77,start,0,26,
24401.647,conflict-at-land,0,26,
24409.378,refuse,2,27,
24416.647,start,0,26,
24421.239,conflict-at-land,0,26,
24424.378,refuse,2,27,
24436.239,start,0,26,
24439.378,refuse,2,27,
24443.678,conflict-at-land,0,26,
24454.378,refuse,2,27,
24458.678,start,0,26,
24464.714,conflict-at-land,0,26,
24469.378,refuse,2,27,
24479.714,start,0,26,
24484.378,refuse,2,27,
24484.667,conflict-at-land,0,26,
24499.378,refuse,2,27,
24499.667,start,0,26,
24506.048,conflict-at-land,0,26,
24514.378,refuse,2,27,
24521.048,start,0,26,
24528.189,conflict-at-land,0,26,
24529.378,refuse,2,27,
24543.189,start,0,26,
24544.378,refuse,2,27,
24547.464,conflict-at-land,0,26,
24559.378,refuse,2,27,
24562.464,start,0,26,
24566.728,conflict-at-land,0,26,
24574.378,refuse,2,27,
24581.728,start,0,26,
24586.455,conflict-at-land,0,26,
24589.378,refuse,2,27,
24601.455,start,0,26,
24604.378,refuse,2,27,
24608.243,conflict-at-land,0,26,
24619.378,refuse,2,27,
24623.243,start,0,26,
24628.02,conflict-at-land,0,26,
24634.378,refuse,2,27,
24643.02,start,0,26,
24649.378,refuse,2,27,
24649.757,conflict-at-land,0,26,
24664.378,refuse,2,27,
24664.757,start,0,26,
24671.398,conflict-at-land,0,26,
24679.378,refuse,2,27,
24686.398,start,0,26,
24692.559,conflict-at-land,0,26,
24694.378,refuse,2,27,
24707.559,start,0,26,
24709.378,refuse,2,27,
24712.553,conflict-at-land,0,26,
24724.378,refuse,2,27,
24727.553,start,0,26,
24735.265,conflict-at-land,0,26,
24739.378,refuse,2,27,
24750.265,start,0,26,
24754.378,refuse,2,27,
24757.337,conflict-at-land,0,26,
24769.378,refuse,2,27,
24772.337,start,0,26,
24778.397,conflict-at-land,0,26,
24784.378,refuse,2,27,
24793.397,start,0,26,
24798.401,conflict-at-land,0,26,
24799.378,refuse,2,27,
24813.401,start,0,26,
24814.378,refuse,2,27,
24819.935,conflict-at-land,0,26,
24829.378,refuse,2,27,
24834.935,start,0,26,
24840.557,conflict-at-land,0,26,
24844.378,refuse,2,27,
24855.557,start,0,26,
24859.378,refuse,2,27,
24861.83,conflict-at-land,0,26,
24874.378,refuse,2,27,
24876.83,start,0,26,
24882.186,conflict-at-land,0,26,
24889.378,refuse,2,27,
24897.186,start,0,26,
24903.658,conflict-at-land,0,26,
24904.378,refuse,2,27,
24918.658,start,0,26,
24919.378,refuse,2,27,
24923.069,conflict-at-land,0,26,
24934.378,refuse,2,27,
24938.069,start,0,26,
24943.344,conflict-at-land,0,26,
24949.378,refuse,2,27,
24958.344,start,0,26,
24964.378,refuse,2,27,
24966.029,conflict-at-land,0,26,
24979.378,refuse,2,27,
24981.029,start,0,26,
24988.381,conflict-at-land,0,26,
24994.378,refuse,2,27,
25003.381,start,0,26,
25008.684,conflict-at-land,0,26,
25009.378,refuse,2,27,
25023.684,start,0,26,
25024.378,refuse,2,27,
25030.974,conflict-at-land,0,26,
25039.378,refuse,2,27,
25045.974,start,0,26,
25051.292,conflict-at-land,0,26,
25054.378,refuse,2,27,
25066.292,start,0,26,
25069.378,refuse,2,27,
25073.873,conflict-at-land,0,26,
25084.378,refuse,2,27,
25088.873,start,0,26,
25095.751,conflict-at-land,0,26,
25099.378,refuse,2,27,
25110.751,start,0,26,
25114.378,refuse,2,27,
25116.449,conflict-at-land,0,26,
25129.378,refuse,2,27,
25131.449,start,0,26,
25136.558,conflict-at-land,0,26,
25144.378,refuse,2,27,
25151.558,start,0,26,
25155.788,conflict-at-land,0,26,
25159.378,refuse,2,27,
25170.788,start,0,26,
25174.378,refuse,2,27,
25178.152,conflict-at-land,0,26,
25189.378,refuse,2,27,
25193.152,start,0,26,
25197.488,conflict-at-land,0,26,
25204.378,refuse,2,27,
25212.488,start,0,26,
25219.378,refuse,2,27,
25219.638,conflict-at-land,0,26,
25234.378,refuse,2,27,
25234.638,start,0,26,
25242.302,conflict-at-land,0,26,
25249.378,refuse,2,27,
25257.302,start,0,26,
25263.555,conflict-at-land,0,26,
25264.378,refuse,2,27,
25278.555,start,0,26,
25279.378,refuse,2,27,
25283.372,conflict-at-land,0,26,
25294.378,refuse,2,27,
25298.372,start,0,26,
25305.696,conflict-at-land,0,26,
25309.378,refuse,2,27,
25320.696,start,0,26,
25324.378,refuse,2,27,
25328.402,conflict-at-land,0,26,
25339.378,refuse,2,27,
25343.402,start,0,26,
25350.137,conflict-at-land,0,26,
25354.378,refuse,2,27,
25365.137,start,0,26,
25369.378,refuse,2,27,
25371.169,conflict-at-land,0,26,
25384.378,refuse,2,27,
25386.169,start,0,26,
25391.729,conflict-at-land,0,26,
25399.378,refuse,2,27,
25406.729,start,0,26,
25412.178,conflict-at-land,0,26,
25414.378,refuse,2,27,
25427.178,start,0,26,
25429.378,refuse,2,27,
25432.119,conflict-at-land,0,26,
25444.378,refuse,2,27,
25447.119,start,0,26,
25453.746,conflict-at-land,0,26,
25459.378,refuse,2,27,
25468.746,start,0,26,
25474.378,refuse,2,27,
25474.504,conflict-at-land,0,26,
25489.378,refuse,2,27,
25489.504,start,0,26,
25494.403,conflict-at-land,0,26,
25504.378,refuse,2,27,
25509.403,start,0,26,
25513.979,conflict-at-land,0,26,
25519.378,refuse,2,27,
25528.979,start,0,26,
25534.378,refuse,2,27,
25535.577,conflict-at-land,0,26,
25549.378,refuse,2,27,
25550.577,start,0,26,
25555.843,conflict-at-land,0,26,
25564.378,refuse,2,27,
25570.843,start,0,26,
25576.842,conflict-at-land,0,26,
25579.378,refuse,2,27,
25591.842,start,0,26,
25594.378,refuse,2,27,
25597.213,conflict-at-land,0,26,
25609.378,refuse,2,27,
25612.213,start,0,26,
25619.551,conflict-at-land,0,26,
25624.378,refuse,2,27,
25634.551,start,0,26,
25639.378,refuse,2,27,
25641.99,conflict-at-land,0,26,
25654.378,refuse,2,27,
25656.99,start,0,26,
25661.255,conflict-at-land,0,26,
25669.378,refuse,2,27,
25676.255,start,0,26,
25681.178,conflict-at-land,0,26,
25684.378,refuse,2,27,
25696.178,start,0,26,
25699.378,refuse,2,27,
25701.558,conflict-at-land,0,26,
25714.378,refuse,2,27,
25716.558,start,0,26,
25724.311,conflict-at-land,0,26,
25729.378,refuse,2,27,
25739.311,start,0,26,
25744.378,refuse,2,27,
25746.329,conflict-at-land,0,26,
25759.378,refuse,2,27,
25761.329,start,0,26,
25766.75,conflict-at-land,0,26,
25774.378,refuse,2,27,
25781.75,start,0,26,
25786.717,conflict-at-land,0,26,
25789.378,refuse,2,27,
25801.717,start,0,26,
25804.378,refuse,2,27,
25808.345,conflict-at-land,0,26,
25819.378,refuse,2,27,
25823.345,start,0,26,
25830.56,conflict-at-land,0,26,
25834.378,refuse,2,27,
25835.156,conflict-at-land,3,3,
25845.56,start,0,26,
25849.378,refuse,2,27,
25850.156,start,3,3,
25853.116,conflict-at-land,0,26,
25864.378,refuse,2,27,
25868.116,start,0,26,
25875.493,conflict-at-land,0,26,
25879.378,refuse,2,27,
25890.493,start,0,26,
25894.378,refuse,2,27,
25897.166,conflict-at-land,0,26,
25909.378,refuse,2,27,
25912.166,start,0,26,
25918.111,conflict-at-land,0,26,
25924.378,refuse,2,27,
25933.111,start,0,26,
25939.378,refuse,2,27,
25940.858,conflict-at-land,0,26,
25954.378,refuse,2,27,
25955.858,start,0,26,
25960.903,conflict-at-land,0,26,
25969.378,refuse,2,27,
25975.903,start,0,26,
25982.715,conflict-at-land,0,26,
25984.378,refuse,2,27,
25997.715,start,0,26,
25999.378,refuse,2,27,
26002.22,conflict-at-land,0,26,
26014.378,refuse,2,27,
26017.22,start,0,26,
26022.031,conflict-at-land,0,26,
26029.378,refuse,2,27,
26037.031,start,0,26,
26044.378,refuse,2,27,
26044.51,conflict-at-land,0,26,
26059.378,refuse,2,27,
26059.51,start,0,26,
26064.477,conflict-at-land,0,26,
26074.378,refuse,2,27,
26079.477,start,0,26,
26086.41,conflict-at-land,0,26,
26089.378,refuse,2,27,
26101.41,start,0,26,
26104.378,refuse,2,27,
26107.77,conflict-at-land,0,26,
26119.378,refuse,2,27,
26122.77,start,0,26,
26129.998,conflict-at-land,0,26,
26134.378,refuse,2,27,
26144.998,start,0,26,
26149.378,refuse,2,27,
26150.524,conflict-at-land,0,26,
26150.524,abandon,0,26,
26150.524,start,0,28,
26161.374,conflict-at-land,0,28,
26164.378,refuse,2,27,
26176.374,start,0,28,
26179.378,refuse,2,27,
26186.87,conflict-at-land,0,28,
26194.378,refuse,2,27,
26201.87,start,0,28,
26209.378,refuse,2,27,
26216.516,conflict-at-land,0,28,
26224.378,refuse,2,27,
26231.516,start,0,28,
26239.378,refuse,2,27,
26244.265,conflict-at-land,0,28,
26254.378,refuse,2,27,
26259.265,start,0,28,
26269.378,refuse,2,27,
26274.536,conflict-at-land,0,28,
26284.378,refuse,2,27,
26289.536,start,0,28,
26299.378,refuse,2,27,
26304.324,conflict-at-land,0,28,
26314.378,refuse,2,27,
26319.324,start,0,28,
26328.698,conflict-at-land,0,28,
26329.378,refuse,2,27,
26343.698,start,0,28,
26344.378,refuse,2,27,
26356.067,conflict-at-land,0,28,
26359.378,refuse,2,27,
26371.067,start,0,28,
26374.378,refuse,2,27,
26380.218,conflict-at-land,0,28,
26389.378,refuse,2,27,
26395.218,start,0,28,
26403.899,conflict-at-land,0,28,
26404.378,refuse,2,27,
26418.899,start,0,28,
26419.378,refuse,2,27,
26427.826,conflict-at-land,0,28,
26434.378,refuse,2,27,
26442.826,start,0,28,
26449.378,refuse,2,27,
26457.463,conflict-at-land,0,28,
26464.378,refuse,2,27,
26472.463,start,0,28,
26479.378,refuse,2,27,
26486.537,conflict-at-land,0,28,
26494.378,refuse,2,27,
26501.537,start,0,28,
26509.378,refuse,2,27,
26515.902,conflict-at-land,0,28,
26524.378,refuse,2,27,
26530.902,start,0,28,
26539.378,refuse,2,27,
26541.757,conflict-at-land,0,28,
26554.378,refuse,2,27,
26556.757,start,0,28,
26569.378,refuse,2,27,
26569.586,conflict-at-land,0,28,
26584.378,refuse,2,27,
26584.586,start,0,28,
26598.616,conflict-at-land,0,28,
26599.378,refuse,2,27,
26613.616,start,0,28,
26614.378,refuse,2,27,
26624.738,conflict-at-land,0,28,
26629.378,refuse,2,27,
26639.738,start,0,28,
26644.378,refuse,2,27,
26652.247,conflict-at-land,0,28,
26659.378,refuse,2,27,
26667.247,start,0,28,
26674.378,refuse,2,27,
26677.258,conflict-at-land,0,28,
26689.378,refuse,2,27,
26692.258,start,0,28,
26701.247,conflict-at-land,0,28,
26704.378,refuse,2,27,
26716.247,start,0,28,
26719.378,refuse,2,27,
26726.567,conflict-at-land,0,28,
26734.378,refuse,2,27,
26741.567,start,0,28,
26749.378,refuse,2,27,
26756.381,conflict-at-land,0,28,
26764.378,refuse,2,27,
26771.381,start,0,28,
26779.378,refuse,2,27,
26783.845,conflict-at-land,0,28,
26794.378,refuse,2,27,
26798.845,start,0,28,
26809.378,refuse,2,27,
26813.905,conflict-at-land,0,28,
26824.378,refuse,2,27,
26828.905,start,0,28,
26839.378,refuse,2,27,
26840.601,conflict-at-land,0,28,
26854.378,refuse,2,27,
26855.601,start,0,28,
26865.997,conflict-at-land,0,28,
26869.378,refuse,2,27,
26880.997,start,0,28,
26884.378,refuse,2,27,
26895.063,conflict-at-land,0,28,
26899.378,refuse,2,27,
26910.063,start,0,28,
26914.378,refuse,2,27,
26924.423,conflict-at-land,0,28,
26929.378,refuse,2,27,
26939.423,start,0,28,
26944.378,refuse,2,27,
26947.912,conflict-at-land,0,28,
26959.378,refuse,2,27,
26962.912,start,0,28,
26974.378,refuse,2,27,
26976.139,conflict-at-land,0,28,
26989.378,refuse,2,27,
26991.139,start,0,28,
27000.2,conflict-at-land,0,28,
27004.378,refuse,2,27,
27015.2,start,0,28,
27019.378,refuse,2,27,
27024.428,conflict-at-land,0,28,
27034.378,refuse,2,27,
27039.428,start,0,28,
27049.378,refuse,2,27,
27054.201,conflict-at-land,0,28,
27064.378,refuse,2,27,
27064.378,abandon,2,27,
27064.378,refuse,2,29,
27069.201,start,0,28,
27077.889,conflict-at-land,0,28,
27079.378,refuse,2,29,
27092.889,start,0,28,
27094.378,refuse,2,29,
27103.014,conflict-at-land,0,28,
27109.378,refuse,2,29,
27118.014,start,0,28,
27124.378,refuse,2,29,
27133.529,conflict-at-land,0,28,
27139.378,refuse,2,29,
27148.529,start,0,28,
27154.378,refuse,2,29,
27159.96,conflict-at-land,0,28,
27169.378,refuse,2,29,
27174.96,start,0,28,
27184.192,conflict-at-land,0,28,
27184.378,refuse,2,29,
27199.192,start,0,28,
27199.378,refuse,2,29,
27208.797,conflict-at-land,0,28,
27214.378,refuse,2,29,
27223.797,start,0,28,
27229.378,refuse,2,29,
27233.936,conflict-at-land,0,28,
27244.378,refuse,2,29,
27248.936,start,0,28,
27259.378,refuse,2,29,
27262.692,conflict-at-land,0,28,
27274.378,refuse,2,29,
27277.692,start,0,28,
27286.833,conflict-at-land,0,28,
27289.378,refuse,2,29,
27301.833,start,0,28,
27304.378,refuse,2,29,
27316.79,conflict-at-land,0,28,
27319.378,refuse,2,29,
27331.79,start,0,28,
27334.378,refuse,2,29,
27342.914,conflict-at-land,0,28,
27349.378,refuse,2,29,
27357.914,start,0,28,
27364.378,refuse,2,29,
27373.3,conflict-at-land,0,28,
27379.378,refuse,2,29,
27388.3,start,0,28,
27394.378,refuse,2,29,
27403.246,conflict-at-land,0,28,
27409.378,refuse,2,29,
27418.246,start,0,28,
27424.378,refuse,2,29,
27428.763,conflict-at-land,0,28,
27439.378,refuse,2,29,
27443.763,start,0,28,
27453.988,conflict-at-land,0,28,
27454.378,refuse,2,29,
27468.988,start,0,28,
27469.378,refuse,2,29,
27480.822,conflict-at-land,0,28,
27484.378,refuse,2,29,
27495.822,start,0,28,
27499.378,refuse,2,29,
27504.943,conflict-at-land,0,28,
27514.378,refuse,2,29,
27519.943,start,0,28,
27529.378,refuse,2,29,
27533.038,conflict-at-land,0,28,
27544.378,refuse,2,29,
27548.038,start,0,28,
27556.723,conflict-at-land,0,28,
27559.378,refuse,2,29,
27571.723,start,0,28,
27574.378,refuse,2,29,
27580.199,conflict-at-land,0,28,
27589.378,refuse,2,29,
27595.199,start,0,28,
27604.378,refuse,2,29,
27610.674,conflict-at-land,0,28,
27619.378,refuse,2,29,
27625.674,start,0,28,
27634.378,refuse,2,29,
27636.201,conflict-at-land,0,28,
27649.378,refuse,2,29,
27651.201,start,0,28,
27663.897,conflict-at-land,0,28,
27664.378,refuse,2,29,
27678.897,start,0,28,
27679.378,refuse,2,29,
27690.536,conflict-at-land,0,28,
27694.378,refuse,2,29,
27705.536,start,0,28,
27709.378,refuse,2,29,
27716.191,conflict-at-land,0,28,
27724.378,refuse,2,29,
27731.191,start,0,28,
27739.378,refuse,2,29,
27740.045,conflict-at-land,0,28,
27754.378,refuse,2,29,
27755.045,start,0,28,
27769.378,refuse,2,29,
27770.021,conflict-at-land,0,28,
27784.378,refuse,2,29,
27785.021,start,0,28,
27799.378,refuse,2,29,
27800.404,conflict-at-land,0,28,
27814.378,refuse,2,29,
27815.404,start,0,28,
27829.378,refuse,2,29,
27830.786,conflict-at-land,0,28,
27844.378,refuse,2,29,
27845.786,start,0,28,
27854.988,conflict-at-land,0,28,
27859.378,refuse,2,29,
27867.602,conflict-at-land,3,3,
27869.988,start,0,28,
27874.378,refuse,2,29,
27879.937,conflict-at-land,0,28,
27882.602,start,3,3,
27889.378,refuse,2,29,
27894.937,start,0,28,
27904.378,refuse,2,29,
27910.393,conflict-at-land,0,28,
27919.378,refuse,2,29,
27925.393,start,0,28,
27934.378,refuse,2,29,
27937.702,conflict-at-land,0,28,
27944.239,conflict-at-land,1,8,
27949.378,refuse,2,29,
27952.702,start,0,28,
27959.239,start,1,8,
27964.378,refuse,2,29,
27966.057,conflict-at-land,0,28,
27979.378,refuse,2,29,
27981.057,start,0,28,
27991.322,conflict-at-land,0,28,
27994.378,refuse,2,29,
28006.322,start,0,28,
28009.378,refuse,2,29,
28018.622,conflict-at-land,0,28,
28024.378,refuse,2,29,
28033.622,start,0,28,
28039.378,refuse,2,29,
28044.235,conflict-at-land,0,28,
28054.378,refuse,2,29,
28059.235,start,0,28,
28069.378,refuse,2,29,
28069.409,conflict-at-land,0,28,
28084.378,refuse,2,29,
28084.409,start,0,28,
28093.395,conflict-at-land,0,28,
28099.378,refuse,2,29,
28108.395,start,0,28,
28114.378,refuse,2,29,
28118.816,conflict-at-land,0,28,
28129.378,refuse,2,29,
28133.816,start,0,28,
28144.378,refuse,2,29,
28149.296,conflict-at-land,0,28,
28159.378,refuse,2,29,
28164.296,start,0,28,
28174.378,refuse,2,29,
28175.921,conflict-at-land,0,28,
28189.378,refuse,2,29,
28190.921,start,0,28,
28204.016,conflict-at-land,0,28,
28204.378,refuse,2,29,
28219.016,start,0,28,
28219.378,refuse,2,29,
28232.049,conflict-at-land,0,28,
28234.378,refuse,2,29,
28247.049,start,0,28,
28249.378,refuse,2,29,
28262.222,conflict-at-land,0,28,
28264.378,refuse,2,29,
28277.222,start,0,28,
28279.378,refuse,2,29,
28288.434,conflict-at-land,0,28,
28294.378,refuse,2,29,
28303.434,start,0,28,
28309.378,refuse,2,29,
28314.042,conflict-at-land,0,28,
28324.378,refuse,2,29,
28329.042,start,0,28,
28339.378,refuse,2,29,
28339.799,conflict-at-land,0,28,
28354.378,refuse,2,29,
28354.799,start,0,28,
28365.479,conflict-at-land,0,28,
28369.378,refuse,2,29,
28380.479,start,0,28,
28384.378,refuse,2,29,
28394.978,conflict-at-land,0,28,
28399.378,refuse,2,29,
28409.978,start,0,28,
28414.378,refuse,2,29,
28424.812,conflict-at-land,0,28,
28429.378,refuse,2,29,
28439.812,start,0,28,
28444.378,refuse,2,29,
28450.392,conflict-at-land,0,28,
28459.378,refuse,2,29,
28465.392,start,0,28,
28474.378,refuse,2,29,
28476.199,conflict-at-land,0,28,
28489.378,refuse,2,29,
28491.199,start,0,28,
28503.517,conflict-at-land,0,28,
28504.378,refuse,2,29,
28518.517,start,0,28,
28519.378,refuse,2,29,
28531.086,conflict-at-land,0,28,
28534.378,refuse,2,29,
28546.086,start,0,28,
28549.378,refuse,2,29,
28558.777,conflict-at-land,0,28,
28564.378,refuse,2,29,
28573.777,start,0,28,
28579.378,refuse,2,29,
28583.942,conflict-at-land,0,28,
28594.378,refuse,2,29,
28598.942,start,0,28,
28607.488,conflict-at-land,0,28,
28609.378,refuse,2,29,
28622.488,start,0,28,
28624.378,refuse,2,29,
28632.644,conflict-at-land,0,28,
28639.378,refuse,2,29,
28647.644,start,0,28,
28654.378,refuse,2,29,
28656.564,conflict-at-land,0,28,
28669.378,refuse,2,29,
28671.564,start,0,28,
28683.933,conflict-at-land,0,28,
28684.378,refuse,2,29,
28698.933,start,0,28,
28699.378,refuse,2,29,
28707.844,conflict-at-land,0,28,
28714.378,refuse,2,29,
28722.844,start,0,28,
28729.378,refuse,2,29,
28731.784,conflict-at-land,0,28,
28744.378,refuse,2,29,
28746.784,start,0,28,
28759.378,refuse,2,29,
28759.759,conflict-at-land,0,28,
28774.378,refuse,2,29,
28774.759,start,0,28,
28785.253,conflict-at-land,0,28,
28789.378,refuse,2,29,
28800.253,start,0,28,
28804.378,refuse,2,29,
28814.357,conflict-at-land,0,28,
28819.378,refuse,2,29,
28829.357,start,0,28,
28834.378,refuse,2,29,
28841.308,conflict-at-land,0,28,
28849.378,refuse,2,29,
28856.308,start,0,28,
28864.378,refuse,2,29,
28870.919,conflict-at-land,0,28,
28879.378,refuse,2,29,
28885.919,start,0,28,
28894.378,refuse,2,29,
28895.43,conflict-at-land,0,28,
28909.378,refuse,2,29,
28910.43,start,0,28,
28922.44,conflict-at-land,0,28,
28924.378,refuse,2,29,
28937.44,start,0,28,
28939.378,refuse,2,29,
28951.564,conflict-at-land,0,28,
28954.378,refuse,2,29,
28966.564,start,0,28,
28969.378,refuse,2,29,
28975.519,conflict-at-land,0,28,
28984.378,refuse,2,29,
28990.519,start,0,28,
28999.378,refuse,2,29,
29005.753,conflict-at-land,0,28,
29014.378,refuse,2,29,
29020.753,start,0,28,
29029.378,refuse,2,29,
29030.401,conflict-at-land,0,28,
29044.378,refuse,2,29,
29045.401,start,0,28,
29059.378,refuse,2,29,
29059.389,conflict-at-land,0,28,
29074.378,refuse,2,29,
29074.389,start,0,28,
29089.378,refuse,2,29,
29089.881,conflict-at-land,0,28,
29104.378,refuse,2,29,
29104.881,start,0,28,
29119.196,conflict-at-land,0,28,
29119.378,refuse,2,29,
29134.196,start,0,28,
29134.378,refuse,2,29,
29144.898,conflict-at-land,0,28,
29149.378,refuse,2,29,
29159.898,start,0,28,
29164.378,refuse,2,29,
29169.068,conflict-at-land,0,28,
29179.378,refuse,2,29,
29184.068,start,0,28,
29194.378,refuse,2,29,
29196.171,conflict-at-land,0,28,
29209.378,refuse,2,29,
29211.171,start,0,28,
29224.378,refuse,2,29,
29226.19,conflict-at-land,0,28,
29239.378,refuse,2,29,
29241.19,start,0,28,
29251.704,conflict-at-land,0,28,
29254.378,refuse,2,29,
29266.704,start,0,28,
29269.378,refuse,2,29,
29281.539,conflict-at-land,0,28,
29284.378,refuse,2,29,
29296.539,start,0,28,
29299.378,refuse,2,29,
29305.959,conflict-at-land,0,28,
29314.378,refuse,2,29,
29320.959,start,0,28,
29329.378,refuse,2,29,
29335.914,conflict-at-land,0,28,
29344.378,refuse,2,29,
29350.914,start,0,28,
29359.378,refuse,2,29,
29359.543,conflict-at-land,0,28,
29374.378,refuse,2,29,
29374.543,start,0,28,
29385.219,conflict-at-land,0,28,
29389.378,refuse,2,29,
29400.219,start,0,28,
29404.378,refuse,2,29,
29415.121,conflict-at-land,0,28,
29419.378,refuse,2,29,
29430.121,start,0,28,
29434.378,refuse,2,29,
29444.309,conflict-at-land,0,28,
29449.378,refuse,2,29,
29459.309,start,0,28,
29464.378,refuse,2,29,
29474.24,conflict-at-land,0,28,
29479.378,refuse,2,29,
29489.24,start,0,28,
29494.378,refuse,2,29,
29503.693,conflict-at-land,0,28,
29509.378,refuse,2,29,
29518.693,start,0,28,
29524.378,refuse,2,29,
29532.466,conflict-at-land,0,28,
29539.378,refuse,2,29,
29547.466,start,0,28,
29554.378,refuse,2,29,
29560.831,conflict-at-land,0,28,
29569.378,refuse,2,29,
29575.831,start,0,28,
29584.378,refuse,2,29,
29585.514,conflict-at-land,0,28,
29599.378,refuse,2,29,
29600.514,start,0,28,
29612.029,conflict-at-land,0,28,
29614.378,refuse,2,29,
29627.029,start,0,28,
29629.378,refuse,2,29,
29636.565,conflict-at-land,0,28,
29644.378,refuse,2,29,
29651.565,start,0,28,
29659.378,refuse,2,29,
29665.112,conflict-at-land,0,28,
29674.378,refuse,2,29,
29680.112,start,0,28,
29689.378,refuse,2,29,
29693.32,conflict-at-land,0,28,
29704.378,refuse,2,29,
29708.32,start,0,28,
29718.539,conflict-at-land,0,28,
29719.378,refuse,2,29,
29733.539,start,0,28,
29734.378,refuse,2,29,
29742.403,conflict-at-land,0,28,
29749.378,refuse,2,29,
29757.403,start,0,28,
29764.378,refuse,2,29,
29772.739,conflict-at-land,0,28,
29779.378,refuse,2,29,
29787.739,start,0,28,
29794.378,refuse,2,29,
29801.958,conflict-at-land,0,28,
29809.378,refuse,2,29,
29816.958,start,0,28,
29824.378,refuse,2,29,
29829.313,conflict-at-land,0,28,
29839.378,refuse,2,29,
29844.313,start,0,28,
29854.378,refuse,2,29,
29856.611,conflict-at-land,0,28,
29869.378,refuse,2,29,
29871.611,start,0,28,
29884.378,refuse,2,29,
29886.14,conflict-at-land,0,28,
29899.378,refuse,2,29,
29901.14,start,0,28,
29912.804,conflict-at-land,0,28,
29914.378,refuse,2,29,
29927.804,start,0,28,
29929.378,refuse,2,29,
29939.053,conflict-at-land,0,28,
29944.378,refuse,2,29,
29954.053,start,0,28,
29959.378,refuse,2,29,
29964.892,conflict-at-land,0,28,
29974.378,refuse,2,29,
29979.892,start,0,28,
29989.378,refuse,2,29,
29990.149,conflict-at-land,0,28,
30004.378,refuse,2,29,
30005.149,start,0,28,
30013.725,conflict-at-land,0,28,
30019.378,refuse,2,29,
30028.725,start,0,28,
30034.378,refuse,2,29,
30041.779,conflict-at-land,0,28,
30049.378,refuse,2,29,
30056.779,start,0,28,
30064.378,refuse,2,29,
30064.378,abandon,2,29,
30064.378,refuse,2,30,
30068.179,conflict-at-land,0,28,
30079.378,refuse,2,30,
30083.179,start,0,28,
30094.378,refuse,2,30,
30095.688,conflict-at-land,0,28,
30109.378,refuse,2,30,
30110.688,start,0,28,
30119.536,conflict-at-land,0,28,
30124.378,refuse,2,30,
30134.536,start,0,28,
30139.378,refuse,2,30,
30145.492,conflict-at-land,0,28,
30154.378,refuse,2,30,
30160.492,start,0,28,
30169.378,refuse,2,30,
30169.888,conflict-at-land,0,28,
30184.378,refuse,2,30,
30184.888,start,0,28,
30194.189,conflict-at-land,0,28,
30199.378,refuse,2,30,
30209.189,start,0,28,
30214.378,refuse,2,30,
30219.454,conflict-at-land,0,28,
30229.378,refuse,2,30,
30234.454,start,0,28,
30244.378,refuse,2,30,
30248.823,conflict-at-land,0,28,
30259.378,refuse,2,30,
30263.823,start,0,28,
30265.945,conflict-at-land,3,3,
30274.378,refuse,2,30,
30275.087,conflict-at-land,0,28,
30280.945,start,3,3,
30289.378,refuse,2,30,
30290.087,start,0,28,
30302.896,conflict-at-land,0,28,
30304.378,refuse,2,30,
30317.896,start,0,28,
30319.378,refuse,2,30,
30327.978,conflict-at-land,0,28,
30334.378,refuse,2,30,
30342.978,start,0,28,
30349.378,refuse,2,30,
30351.432,conflict-at-land,0,28,
30364.378,refuse,2,30,
30366.432,start,0,28,
30378.638,conflict-at-land,0,28,
30379.378,refuse,2,30,
30393.638,start,0,28,
30394.378,refuse,2,30,
30405.645,conflict-at-land,0,28,
30409.378,refuse,2,30,
30420.645,start,0,28,
30424.378,refuse,2,30,
30433.716,conflict-at-land,0,28,
30439.378,refuse,2,30,
30448.716,start,0,28,
30454.378,refuse,2,30,
30460.272,conflict-at-land,0,28,
30469.378,refuse,2,30,
30475.272,start,0,28,
30484.378,refuse,2,30,
30488.615,conflict-at-land,0,28,
30499.378,refuse,2,30,
30503.615,start,0,28,
30514.378,refuse,2,30,
30517.281,conflict-at-land,0,28,
30529.378,refuse,2,30,
30532.281,start,0,28,
30542.398,conflict-at-land,0,28,
30544.378,refuse,2,30,
30557.398,start,0,28,
30559.378,refuse,2,30,
30569.362,conflict-at-land,0,28,
30574.378,refuse,2,30,
30584.362,start,0,28,
30589.378,refuse,2,30,
30596.21,conflict-at-land,0,28,
30604.378,refuse,2,30,
30611.21,start,0,28,
30619.378,refuse,2,30,
30621.23,conflict-at-land,0,28,
30634.378,refuse,2,30,
30636.23,start,0,28,
30647.598,conflict-at-land,0,28,
30649.378,refuse,2,30,
30662.598,start,0,28,
30664.378,refuse,2,30,
30675.033,conflict-at-land,0,28,
30679.378,refuse,2,30,
30690.033,start,0,28,
30694.378,refuse,2,30,
30704.963,conflict-at-land,0,28,
30709.378,refuse,2,30,
30719.963,start,0,28,
30724.378,refuse,2,30,
30734.971,conflict-at-land,0,28,
30739.378,refuse,2,30,
30749.971,start,0,28,
30754.378,refuse,2,30,
30760.352,conflict-at-land,0,28,
30769.378,refuse,2,30,
30775.352,start,0,28,
30784.378,refuse,2,30,
30788.407,conflict-at-land,0,28,
30799.378,refuse,2,30,
30803.407,start,0,28,
30812.154,conflict-at-land,0,28,
30814.378,refuse,2,30,
30827.154,start,0,28,
30829.378,refuse,2,30,
30836.069,conflict-at-land,0,28,
30844.378,refuse,2,30,
30851.069,start,0,28,
30859.378,refuse,2,30,
30863.153,conflict-at-land,0,28,
30874.378,refuse,2,30,
30878.153,start,0,28,
30889.378,refuse,2,30,
30892.87,conflict-at-land,0,28,
30904.378,refuse,2,30,
30907.87,start,0,28,
30917.418,conflict-at-land,0,28,
30919.378,refuse,2,30,
30932.418,start,0,28,
30934.378,refuse,2,30,
30946.334,conflict-at-land,0,28,
30949.378,refuse,2,30,
30961.334,start,0,28,
30964.378,refuse,2,30,
30976.092,conflict-at-land,0,28,
30979.378,refuse,2,30,
30991.092,start,0,28,
30994.378,refuse,2,30,
31001.737,conflict-at-land,0,28,
31009.378,refuse,2,30,
31016.737,start,0,28,
31024.378,refuse,2,30,
31030.123,conflict-at-land,0,28,
31039.378,refuse,2,30,
31045.123,start,0,28,
31054.378,refuse,2,30,
31059.636,conflict-at-land,0,28,
31069.378,refuse,2,30,
31074.636,start,0,28,
31084.378,refuse,2,30,
31085.711,conflict-at-land,0,28,
31099.378,refuse,2,30,
31100.711,start,0,28,
31114.161,conflict-at-land,0,28,
31114.378,refuse,2,30,
31129.161,start,0,28,
31129.378,refuse,2,30,
31142.863,conflict-at-land,0,28,
31144.378,refuse,2,30,
31157.863,start,0,28,
31159.378,refuse,2,30,
31170.544,conflict-at-land,0,28,
31174.378,refuse,2,30,
31185.544,start,0,28,
31189.378,refuse,2,30,
31200.109,conflict-at-land,0,28,
31204.378,refuse,2,30,
31215.109,start,0,28,
31219.378,refuse,2,30,
31229.964,conflict-at-land,0,28,
31234.378,refuse,2,30,
31244.964,start,0,28,
31249.378,refuse,2,30,
31260.277,conflict-at-land,0,28,
31264.378,refuse,2,30,
31275.277,start,0,28,
31279.378,refuse,2,30,
31287.79,conflict-at-land,0,28,
31294.378,refuse,2,30,
31302.79,start,0,28,
31309.378,refuse,2,30,
31312.459,conflict-at-land,0,28,
31324.378,refuse,2,30,
31327.459,start,0,28,
31337.663,conflict-at-land,0,28,
31339.378,refuse,2,30,
31352.663,start,0,28,
31354.378,refuse,2,30,
31362.63,conflict-at-land,0,28,
31369.378,refuse,2,30,
31377.63,start,0,28,
31384.378,refuse,2,30,
31390.131,conflict-at-land,0,28,
31399.378,refuse,2,30,
31405.131,start,0,28,
31414.378,refuse,2,30,
31418.987,conflict-at-land,0,28,
31429.378,refuse,2,30,
31433.987,start,0,28,
31442.762,conflict-at-land,0,28,
31444.378,refuse,2,30,
31457.762,start,0,28,
31459.378,refuse,2,30,
31471.07,conflict-at-land,0,28,
31474.378,refuse,2,30,
31486.07,start,0,28,
31489.378,refuse,2,30,
31499.633,conflict-at-land,0,28,
31504.378,refuse,2,30,
31514.633,start,0,28,
31519.378,refuse,2,30,
31525.539,conflict-at-land,0,28,
31534.378,refuse,2,30,
31540.539,start,0,28,
31549.378,refuse,2,30,
31552.647,conflict-at-land,0,28,
31552.647,abandon,0,28,
31552.647,start,0,31,
31559.837,land,0,31,
31559.837,refuse,0,32,
31564.378,refuse,2,30,
31574.837,refuse,0,32,
31579.378,refuse,2,30,
31589.837,refuse,0,32,
31594.378,refuse,2,30,
31604.837,refuse,0,32,
31609.378,refuse,2,30,
31619.837,refuse,0,32,
31624.378,refuse,2,30,
31634.837,refuse,0,32,
31639.378,refuse,2,30,
31649.837,refuse,0,32,
31654.378,refuse,2,30,
31664.837,refuse,0,32,
31669.378,refuse,2,30,
31679.837,refuse,0,32,
31684.378,refuse,2,30,
31694.837,refuse,0,32,
31699.378,refuse,2,30,
31709.837,refuse,0,32,
31714.378,refuse,2,30,
31724.837,refuse,0,32,
31729.378,refuse,2,30,
31739.837,refuse,0,32,
31744.378,refuse,2,30,
31754.837,refuse,0,32,
31759.378,refuse,2,30,
31769.837,refuse,0,32,
31774.378,refuse,2,30,
31784.837,refuse,0,32,
31789.378,refuse,2,30,
31799.837,refuse,0,32,
31804.378,refuse,2,30,
31814.837,refuse,0,32,
31819.378,refuse,2,30,
31829.837,refuse,0,32,
31834.378,refuse,2,30,
31844.837,refuse,0,32,
31849.378,refuse,2,30,
31859.837,refuse,0,32,
31864.378,refuse,2,30,
31874.837,refuse,0,32,
31879.378,refuse,2,30,
31889.837,refuse,0,32,
31894.378,refuse,2,30,
31904.837,refuse,0,32,
31909.378,refuse,2,30,
31919.837,refuse,0,32,
31924.378,refuse,2,30,
31934.837,refuse,0,32,
31939.378,refuse,2,30,
31949.837,refuse,0,32,
31954.378,refuse,2,30,
31964.837,refuse,0,32,
31969.378,refuse,2,30,
31979.837,refuse,0,32,
31984.378,refuse,2,30,
31994.837,refuse,0,32,
31999.378,refuse,2,30,
32009.837,refuse,0,32,
32014.378,refuse,2,30,
32024.837,refuse,0,32,
32029.378,refuse,2,30,
32039.837,refuse,0,32,
32044.378,refuse,2,30,
32054.837,refuse,0,32,
32059.378,refuse,2,30,
32069.837,refuse,0,32,
32074.378,refuse,2,30,
32084.837,refuse,0,32,
32089.378,refuse,2,30,
32099.837,refuse,0,32,
32104.378,refuse,2,30,
32114.837,refuse,0,32,
32119.378,refuse,2,30,
32129.837,refuse,0,32,
32134.378,refuse,2,30,
32144.837,refuse,0,32,
32149.378,refuse,2,30,
32159.837,refuse,0,32,
32164.378,refuse,2,30,
32174.837,refuse,0,32,
32179.378,refuse,2,30,
32189.837,refuse,0,32,
32194.378,refuse,2,30,
32204.837,refuse,0,32,
32209.378,refuse,2,30,
32219.837,refuse,0,32,
32224.378,refuse,2,30,
32234.837,refuse,0,32,
32239.378,refuse,2,30,
32249.837,refuse,0,32,
32254.378,refuse,2,30,
32264.837,refuse,0,32,
32269.378,refuse,2,30,
32279.837,refuse,0,32,
32284.378,refuse,2,30,
32294.837,refuse,0,32,
32299.378,refuse,2,30,
32309.837,refuse,0,32,
32314.378,refuse,2,30,
32324.837,refuse,0,32,
32329.378,refuse,2,30,
32339.837,refuse,0,32,
32344.378,refuse,2,30,
32354.837,refuse,0,32,
32359.378,refuse,2,30,
32369.837,refuse,0,32,
32374.378,refuse,2,30,
32374.83,conflict-at-land,3,3,
32384.837,refuse,0,32,
32389.378,refuse,2,30,
32389.83,start,3,3,
32399.837,refuse,0,32,
32404.378,refuse,2,30,
32414.837,refuse,0,32,
32419.378,refuse,2,30,
32429.837,refuse,0,32,
32434.378,refuse,2,30,
32444.837,refuse,0,32,
32449.378,refuse,2,30,
32459.837,refuse,0,32,
32464.378,refuse,2,30,
32474.837,refuse,0,32,
32479.378,refuse,2,30,
32489.837,refuse,0,32,
32494.378,refuse,2,30,
32504.837,refuse,0,32,
32509.378,refuse,2,30,
32519.837,refuse,0,32,
32524.378,refuse,2,30,
32534.837,refuse,0,32,
32539.378,refuse,2,30,
32549.837,refuse,0,32,
32554.378,refuse,2,30,
32564.837,refuse,0,32,
32569.378,refuse,2,30,
32579.837,refuse,0,32,
32584.378,refuse,2,30,
32594.837,refuse,0,32,
32599.378,refuse,2,30,
32609.837,refuse,0,32,
32614.378,refuse,2,30,
32624.837,refuse,0,32,
32629.378,refuse,2,30,
32639.837,refuse,0,32,
32644.378,refuse,2,30,
32654.837,refuse,0,32,
32659.378,refuse,2,30,
32669.837,refuse,0,32,
32674.378,refuse,2,30,
32684.837,refuse,0,32,
32689.378,refuse,2,30,
32699.837,refuse,0,32,
32704.378,refuse,2,30,
32714.837,refuse,0,32,
32719.378,refuse,2,30,
32729.837,refuse,0,32,
32734.378,refuse,2,30,
32744.837,refuse,0,32,
32749.378,refuse,2,30,
32759.837,refuse,0,32,
32764.378,refuse,2,30,
32774.837,refuse,0,32,
32779.378,refuse,2,30,
32789.837,refuse,0,32,
32794.378,refuse,2,30,
32804.837,refuse,0,32,
32809.378,refuse,2,30,
32819.837,refuse,0,32,
32824.378,refuse,2,30,
32834.837,refuse,0,32,
32839.378,refuse,2,30,
32849.837,refuse,0,32,
32854.378,refuse,2,30,
32864.837,refuse,0,32,
32869.378,refuse,2,30,
32879.837,refuse,0,32,
32884.378,refuse,2,30,
32894.837,refuse,0,32,
32899.378,refuse,2,30,
32909.837,refuse,0,32,
32914.378,refuse,2,30,
32924.837,refuse,0,32,
32929.378,refuse,2,30,
32939.837,refuse,0,32,
32944.378,refuse,2,30,
32954.837,refuse,0,32,
32959.378,refuse,2,30,
32969.837,refuse,0,32,
32974.378,refuse,2,30,
32984.837,refuse,0,32,
32989.378,refuse,2,30,
32999.837,refuse,0,32,
33004.378,refuse,2,30,
33014.837,refuse,0,32,
33019.378,refuse,2,30,
33029.837,refuse,0,32,
33034.378,refuse,2,30,
33044.837,refuse,0,32,
33049.378,refuse,2,30,
33059.837,refuse,0,32,
33064.378,refuse,2,30,
33064.378,abandon,2,30,
33064.378,refuse,2,33,
33074.837,refuse,0,32,
33079.378,refuse,2,33,
33089.837,refuse,0,32,
33094.378,refuse,2,33,
33104.837,refuse,0,32,
33109.378,refuse,2,33,
33119.837,refuse,0,32,
33124.378,refuse,2,33,
33134.837,refuse,0,32,
33139.378,refuse,2,33,
33149.837,refuse,0,32,
33154.378,refuse,2,33,
33164.837,refuse,0,32,
33169.378,refuse,2,33,
33179.837,refuse,0,32,
33184.378,refuse,2,33,
33194.837,refuse,0,32,
33199.378,refuse,2,33,
33209.837,refuse,0,32,
33214.378,refuse,2,33,
33224.837,refuse,0,32,
33229.378,refuse,2,33,
33239.837,refuse,0,32,
33244.378,refuse,2,33,
33254.837,refuse,0,32,
33259.378,refuse,2,33,
33269.837,refuse,0,32,
33274.378,refuse,2,33,
33284.837,refuse,0,32,
33289.378,refuse,2,33,
33299.837,refuse,0,32,
33304.378,refuse,2,33,
33314.837,refuse,0,32,
33319.378,refuse,2,33,
33329.837,refuse,0,32,
33334.378,refuse,2,33,
33344.837,refuse,0,32,
33349.378,refuse,2,33,
33359.837,refuse,0,32,
33364.378,refuse,2,33,
33374.837,refuse,0,32,
33379.378,refuse,2,33,
33389.837,refuse,0,32,
33394.378,refuse,2,33,
33404.837,refuse,0,32,
33409.378,refuse,2,33,
33419.837,refuse,0,32,
33424.378,refuse,2,33,
33434.837,refuse,0,32,
33439.378,refuse,2,33,
33449.837,refuse,0,32,
33454.378,refuse,2,33,
33464.837,refuse,0,32,
33469.378,refuse,2,33,
33479.837,refuse,0,32,
33484.378,refuse,2,33,
33494.837,refuse,0,32,
33499.378,refuse,2,33,
33509.837,refuse,0,32,
33514.378,refuse,2,33,
33524.837,refuse,0,32,
33529.378,refuse,2,33,
33539.837,refuse,0,32,
33544.378,refuse,2,33,
33554.837,refuse,0,32,
33559.378,refuse,2,33,
33569.837,refuse,0,32,
33574.378,refuse,2,33,
33584.837,refuse,0,32,
33589.378,refuse,2,33,
33599.837,refuse,0,32,
33604.378,refuse,2,33,
33614.837,refuse,0,32,
33619.378,refuse,2,33,
33629.837,refuse,0,32,
33634.378,refuse,2,33,
33644.837,refuse,0,32,
33649.378,refuse,2,33,
33659.837,refuse,0,32,
33664.378,refuse,2,33,
33674.837,refuse,0,32,
33679.378,refuse,2,33,
33689.837,refuse,0,32,
33694.378,refuse,2,33,
33704.837,refuse,0,32,
33709.378,refuse,2,33,
33719.837,refuse,0,32,
33724.378,refuse,2,33,
33734.837,refuse,0,32,
33739.378,refuse,2,33,
33749.837,refuse,0,32,
33754.378,refuse,2,33,
33764.837,refuse,0,32,
33769.378,refuse,2,33,
33779.837,refuse,0,32,
33784.378,refuse,2,33,
33794.837,refuse,0,32,
33799.378,refuse,2,33,
33809.837,refuse,0,32,
33814.378,refuse,2,33,
33824.837,refuse,0,32,
33829.378,refuse,2,33,
33839.837,refuse,0,32,
33844.378,refuse,2,33,
33854.837,refuse,0,32,
33859.378,refuse,2,33,
33869.837,refuse,0,32,
33874.378,refuse,2,33,
33884.837,refuse,0,32,
33889.378,refuse,2,33,
33899.837,refuse,0,32,
33904.378,refuse,2,33,
33914.837,refuse,0,32,
33919.378,refuse,2,33,
33929.837,refuse,0,32,
33934.378,refuse,2,33,
33944.837,refuse,0,32,
33949.378,refuse,2,33,
33959.837,refuse,0,32,
33964.378,refuse,2,33,
33974.837,refuse,0,32,
33979.378,refuse,2,33,
33989.837,refuse,0,32,
33994.378,refuse,2,33,
34004.837,refuse,0,32,
34009.378,refuse,2,33,
34019.837,refuse,0,32,
34024.378,refuse,2,33,
34034.837,refuse,0,32,
34039.378,refuse,2,33,
34049.837,refuse,0,32,
34054.378,refuse,2,33,
34064.837,refuse,0,32,
34069.378,refuse,2,33,
34079.837,refuse,0,32,
34084.378,refuse,2,33,
34094.837,refuse,0,32,
34099.378,refuse,2,33,
34109.837,refuse,0,32,
34114.378,refuse,2,33,
34124.837,refuse,0,32,
34129.378,refuse,2,33,
34139.837,refuse,0,32,
34144.378,refuse,2,33,
34154.837,refuse,0,32,
34159.378,refuse,2,33,
34169.837,refuse,0,32,
34174.378,refuse,2,33,
34184.837,refuse,0,32,
34189.378,refuse,2,33,
34199.837,refuse,0,32,
34204.378,refuse,2,33,
34214.837,refuse,0,32,
34219.378,refuse,2,33,
34229.837,refuse,0,32,
34234.378,refuse,2,33,
34244.837,refuse,0,32,
34249.378,refuse,2,33,
34259.837,refuse,0,32,
34264.378,refuse,2,33,
34274.837,refuse,0,32,
34279.378,refuse,2,33,
34289.837,refuse,0,32,
34294.378,refuse,2,33,
34304.837,refuse,0,32,
34309.378,refuse,2,33,
34319.837,refuse,0,32,
34324.378,refuse,2,33,
34334.837,refuse,0,32,
34339.378,refuse,2,33,
34349.837,refuse,0,32,
34354.378,refuse,2,33,
34364.837,refuse,0,32,
34369.378,refuse,2,33,
34379.837,refuse,0,32,
34384.378,refuse,2,33,
34394.837,refuse,0,32,
34399.378,refuse,2,33,
34409.837,refuse,0,32,
34414.378,refuse,2,33,
34424.837,refuse,0,32,
34429.378,refuse,2,33,
34439.837,refuse,0,32,
34444.378,refuse,2,33,
34454.837,refuse,0,32,
34459.378,refuse,2,33,
34469.837,refuse,0,32,
34474.378,refuse,2,33,
34484.837,refuse,0,32,
34489.378,refuse,2,33,
34499.837,refuse,0,32,
34504.378,refuse,2,33,
34514.837,refuse,0,32,
34519.378,refuse,2,33,
34529.837,refuse,0,32,
34534.378,refuse,2,33,
34544.837,refuse,0,32,
34549.378,refuse,2,33,
34559.837,refuse,0,32,
34559.837,abandon,0,32,
34559.837,refuse,0,34,
34564.378,refuse,2,33,
34574.837,refuse,0,34,
34579.378,refuse,2,33,
34589.837,refuse,0,34,
34594.378,refuse,2,33,
34604.837,refuse,0,34,
34609.378,refuse,2,33,
34619.837,refuse,0,34,
34624.378,refuse,2,33,
34634.837,refuse,0,34,
34639.378,refuse,2,33,
34649.837,refuse,0,34,
34654.378,refuse,2,33,
34664.837,refuse,0,34,
34669.378,refuse,2,33,
34679.837,refuse,0,34,
34684.378,refuse,2,33,
34694.837,refuse,0,34,
34699.378,refuse,2,33,
34709.837,refuse,0,34,
34714.378,refuse,2,33,
34724.837,refuse,0,34,
34729.378,refuse,2,33,
34739.837,refuse,0,34,
34744.378,refuse,2,33,
34754.837,refuse,0,34,
34759.378,refuse,2,33,
34769.837,refuse,0,34,
34774.378,refuse,2,33,
34784.837,refuse,0,34,
34789.378,refuse,2,33,
34799.837,refuse,0,34,
34804.378,refuse,2,33,
34814.837,refuse,0,34,
34819.378,refuse,2,33,
34829.837,refuse,0,34,
34834.378,refuse,2,33,
34844.837,refuse,0,34,
34849.378,refuse,2,33,
34859.837,refuse,0,34,
34864.378,refuse,2,33,
34874.837,refuse,0,34,
34879.378,refuse,2,33,
34889.837,refuse,0,34,
34894.378,refuse,2,33,
34904.837,refuse,0,34,
34909.378,refuse,2,33,
34919.837,refuse,0,34,
34922.88,conflict-at-land,3,3,
34924.378,refuse,2,33,
34934.837,refuse,0,34,
34937.88,start,3,3,
34939.378,refuse,2,33,
34949.837,refuse,0,34,
34954.378,refuse,2,33,
34964.837,refuse,0,34,
34969.378,refuse,2,33,
34979.837,refuse,0,34,
34984.378,refuse,2,33,
34994.837,refuse,0,34,
34999.378,refuse,2,33,
35009.837,refuse,0,34,
35014.378,refuse,2,33,
35024.837,refuse,0,34,
35029.378,refuse,2,33,
35039.837,refuse,0,34,
35044.378,refuse,2,33,
35054.837,refuse,0,34,
35059.378,refuse,2,33,
35069.837,refuse,0,34,
35074.378,refuse,2,33,
35084.837,refuse,0,34,
35089.378,refuse,2,33,
35099.837,refuse,0,34,
35104.378,refuse,2,33,
35114.837,refuse,0,34,
35119.378,refuse,2,33,
35129.837,refuse,0,34,
35134.378,refuse,2,33,
35144.837,refuse,0,34,
35149.378,refuse,2,33,
35159.837,refuse,0,34,
35164.378,refuse,2,33,
35174.837,refuse,0,34,
35179.378,refuse,2,33,
35189.837,refuse,0,34,
35194.378,refuse,2,33,
35204.837,refuse,0,34,
35209.378,refuse,2,33,
35219.837,refuse,0,34,
35224.378,refuse,2,33,
35234.837,refuse,0,34,
35239.378,refuse,2,33,
35249.837,refuse,0,34,
35254.378,refuse,2,33,
35264.837,refuse,0,34,
35269.378,refuse,2,33,
35279.837,refuse,0,34,
35284.378,refuse,2,33,
35294.837,refuse,0,34,
35299.378,refuse,2,33,
35309.837,refuse,0,34,
35314.378,refuse,2,33,
35324.837,refuse,0,34,
35329.378,refuse,2,33,
35339.837,refuse,0,34,
35344.378,refuse,2,33,
35354.837,refuse,0,34,
35359.378,refuse,2,33,
35369.837,refuse,0,34,
35374.378,refuse,2,33,
35384.837,refuse,0,34,
35389.378,refuse,2,33,
35399.837,refuse,0,34,
35404.378,refuse,2,33,
35414.837,refuse,0,34,
35419.378,refuse,2,33,
35429.837,refuse,0,34,
35434.378,refuse,2,33,
35444.837,refuse,0,34,
35449.378,refuse,2,33,
35459.837,refuse,0,34,
35464.378,refuse,2,33,
35474.837,refuse,0,34,
35479.378,refuse,2,33,
35489.837,refuse,0,34,
35494.378,refuse,2,33,
35504.837,refuse,0,34,
35509.378,refuse,2,33,
35519.837,refuse,0,34,
35524.378,refuse,2,33,
35534.837,refuse,0,34,
35539.378,refuse,2,33,
35549.837,refuse,0,34,
35554.378,refuse,2,33,
35564.837,refuse,0,34,
35569.378,refuse,2,33,
35579.837,refuse,0,34,
35584.378,refuse,2,33,
35594.837,refuse,0,34,
35599.378,refuse,2,33,
35609.837,refuse,0,34,
35614.378,refuse,2,33,
35624.837,refuse,0,34,
35629.378,refuse,2,33,
35639.837,refuse,0,34,
35644.378,refuse,2,33,
35654.837,refuse,0,34,
35659.378,refuse,2,33,
35669.837,refuse,0,34,
35674.378,refuse,2,33,
35684.837,refuse,0,34,
35689.378,refuse,2,33,
35699.837,refuse,0,34,
35704.378,refuse,2,33,
35714.837,refuse,0,34,
35719.378,refuse,2,33,
35729.837,refuse,0,34,
35734.378,refuse,2,33,
35744.837,refuse,0,34,
35749.378,refuse,2,33,
35759.837,refuse,0,34,
35764.378,refuse,2,33,
35774.837,refuse,0,34,
35779.378,refuse,2,33,
35789.837,refuse,0,34,
35794.378,refuse,2,33,
35804.837,refuse,0,34,
35809.378,refuse,2,33,
35819.837,refuse,0,34,
35824.378,refuse,2,33,
35834.837,refuse,0,34,
35839.378,refuse,2,33,
35849.837,refuse,0,34,
35854.378,refuse,2,33,
35864.837,refuse,0,34,
35869.378,refuse,2,33,
35879.837,refuse,0,34,
35884.378,refuse,2,33,
35894.837,refuse,0,34,
35899.378,refuse,2,33,
35909.837,refuse,0,34,
35914.378,refuse,2,33,
35924.837,refuse,0,34,
35929.378,refuse,2,33,
35939.837,refuse,0,34,
35944.378,refuse,2,33,
35954.837,refuse,0,34,
35959.378,refuse,2,33,
35969.837,refuse,0,34,
35974.378,refuse,2,33,
35984.837,refuse,0,34,
35989.378,refuse,2,33,
35999.837,refuse,0,34,
36004.378,refuse,2,33,
36014.837,refuse,0,34,
36019.378,refuse,2,33,
36029.837,refuse,0,34,
36034.378,refuse,2,33,
36044.837,refuse,0,34,
36049.378,refuse,2,33,
36059.837,refuse,0,34,
36064.378,refuse,2,33,
36064.378,abandon,2,33,
36064.378,refuse,2,35,
36074.837,refuse,0,34,
36079.378,refuse,2,35,
36089.837,refuse,0,34,
36094.378,refuse,2,35,
36104.837,refuse,0,34,
36109.378,refuse,2,35,
36119.837,refuse,0,34,
36124.378,refuse,2,35,
36134.837,refuse,0,34,
36139.378,refuse,2,35,
36149.837,refuse,0,34,
36154.378,refuse,2,35,
36164.837,refuse,0,34,
36169.378,refuse,2,35,
36179.837,refuse,0,34,
36184.378,refuse,2,35,
36194.837,refuse,0,34,
36199.378,refuse,2,35,
36209.837,refuse,0,34,
36214.378,refuse,2,35,
36224.837,refuse,0,34,
36229.378,refuse,2,35,
36239.837,refuse,0,34,
36244.378,refuse,2,35,
36254.837,refuse,0,34,
36259.378,refuse,2,35,
36269.837,refuse,0,34,
36274.378,refuse,2,35,
36284.837,refuse,0,34,
36289.378,refuse,2,35,
36299.837,refuse,0,34,
36304.378,refuse,2,35,
36314.837,refuse,0,34,
36319.378,refuse,2,35,
36329.837,refuse,0,34,
36334.378,refuse,2,35,
36344.837,refuse,0,34,
36349.378,refuse,2,35,
36359.837,refuse,0,34,
36364.378,refuse,2,35,
36374.837,refuse,0,34,
36379.378,refuse,2,35,
36389.837,refuse,0,34,
36394.378,refuse,2,35,
36404.837,refuse,0,34,
36409.378,refuse,2,35,
36419.837,refuse,0,34,
36424.378,refuse,2,35,
36434.837,refuse,0,34,
36439.378,refuse,2,35,
36449.837,refuse,0,34,
36454.378,refuse,2,35,
36464.837,refuse,0,34,
36469.378,refuse,2,35,
36479.837,refuse,0,34,
36484.378,refuse,2,35,
36494.837,refuse,0,34,
36499.378,refuse,2,35,
36509.837,refuse,0,34,
36514.378,refuse,2,35,
36524.837,refuse,0,34,
36529.378,refuse,2,35,
36539.837,refuse,0,34,
36544.378,refuse,2,35,
36550.45,conflict-at-land,3,3,
36554.837,refuse,0,34,
36559.378,refuse,2,35,
36565.45,start,3,3,
36569.837,refuse,0,34,
36574.378,refuse,2,35,
36584.837,refuse,0,34,
36589.378,refuse,2,35,
36599.837,refuse,0,34,
36604.378,refuse,2,35,
36614.837,refuse,0,34,
36619.378,refuse,2,35,
36629.837,refuse,0,34,
36634.378,refuse,2,35,
36644.837,refuse,0,34,
36649.378,refuse,2,35,
36659.837,refuse,0,34,
36664.378,refuse,2,35,
36674.837,refuse,0,34,
36679.378,refuse,2,35,
36689.837,refuse,0,34,
36694.378,refuse,2,35,
36704.837,refuse,0,34,
36709.378,refuse,2,35,
36719.837,refuse,0,34,
36724.378,refuse,2,35,
36734.837,refuse,0,34,
36739.378,refuse,2,35,
36749.837,refuse,0,34,
36754.378,refuse,2,35,
36764.837,refuse,0,34,
36769.378,refuse,2,35,
36779.837,refuse,0,34,
36784.378,refuse,2,35,
36794.837,refuse,0,34,
36799.378,refuse,2,35,
36809.837,refuse,0,34,
36814.378,refuse,2,35,
36824.837,refuse,0,34,
36829.378,refuse,2,35,
36839.837,refuse,0,34,
36844.378,refuse,2,35,
36854.837,refuse,0,34,
36859.378,refuse,2,35,
36869.837,refuse,0,34,
36874.378,refuse,2,35,
36884.837,refuse,0,34,
36889.378,refuse,2,35,
36899.837,refuse,0,34,
36904.378,refuse,2,35,
36914.837,refuse,0,34,
36919.378,refuse,2,35,
36929.837,refuse,0,34,
36934.378,refuse,2,35,
36944.837,refuse,0,34,
36949.378,refuse,2,35,
36959.837,refuse,0,34,
36964.378,refuse,2,35,
36974.837,refuse,0,34,
36979.378,refuse,2,35,
36989.837,refuse,0,34,
36994.378,refuse,2,35,
37004.837,refuse,0,34,
37009.378,refuse,2,35,
37019.837,refuse,0,34,
37024.378,refuse,2,35,
37034.837,refuse,0,34,
37039.378,refuse,2,35,
37049.837,refuse,0,34,
37054.378,refuse,2,35,
37064.837,refuse,0,34,
37069.378,refuse,2,35,
37079.837,refuse,0,34,
37084.378,refuse,2,35,
37094.837,refuse,0,34,
37099.378,refuse,2,35,
37109.837,refuse,0,34,
37114.378,refuse,2,35,
37124.837,refuse,0,34,
37129.378,refuse,2,35,
37139.837,refuse,0,34,
37144.378,refuse,2,35,
37154.837,refuse,0,34,
37159.378,refuse,2,35,
37169.837,refuse,0,34,
37174.378,refuse,2,35,
37184.837,refuse,0,34,
37189.378,refuse,2,35,
37199.837,refuse,0,34,
37204.378,refuse,2,35,
37214.837,refuse,0,34,
37219.378,refuse,2,35,
37229.837,refuse,0,34,
37234.378,refuse,2,35,
37244.837,refuse,0,34,
37249.378,refuse,2,35,
37259.837,refuse,0,34,
37264.378,refuse,2,35,
37274.837,refuse,0,34,
37279.378,refuse,2,35,
37289.837,refuse,0,34,
37294.378,refuse,2,35,
37304.837,refuse,0,34,
37309.378,refuse,2,35,
37319.837,refuse,0,34,
37324.378,refuse,2,35,
37334.837,refuse,0,34,
37339.378,refuse,2,35,
37349.837,refuse,0,34,
37354.378,refuse,2,35,
37364.837,refuse,0,34,
37369.378,refuse,2,35,
37379.837,refuse,0,34,
37384.378,refuse,2,35,
37394.837,refuse,0,34,
37399.378,refuse,2,35,
37409.837,refuse,0,34,
37414.378,refuse,2,35,
37424.837,refuse,0,34,
37429.378,refuse,2,35,
37439.837,refuse,0,34,
37444.378,refuse,2,35,
37454.837,refuse,0,34,
37459.378,refuse,2,35,
37469.837,refuse,0,34,
37474.378,refuse,2,35,
37484.837,refuse,0,34,
37489.378,refuse,2,35,
37499.837,refuse,0,34,
37504.378,refuse,2,35,
37514.837,refuse,0,34,
37519.378,refuse,2,35,
37529.837,refuse,0,34,
37534.378,refuse,2,35,
37544.837,refuse,0,34,
37549.378,refuse,2,35,
37559.837,refuse,0,34,
37559.837,abandon,0,34,
37559.837,refuse,0,36,
37564.378,refuse,2,35,
37574.837,refuse,0,36,
37579.378,refuse,2,35,
37589.837,refuse,0,36,
37594.378,refuse,2,35,
37604.837,refuse,0,36,
37609.378,refuse,2,35,
37619.837,refuse,0,36,
37624.378,refuse,2,35,
37634.837,refuse,0,36,
37639.378,refuse,2,35,
37649.837,refuse,0,36,
37654.378,refuse,2,35,
37664.837,refuse,0,36,
37669.378,refuse,2,35,
37679.837,refuse,0,36,
37684.378,refuse,2,35,
37694.837,refuse,0,36,
37699.378,refuse,2,35,
37709.837,refuse,0,36,
37714.378,refuse,2,35,
37724.837,refuse,0,36,
37729.378,refuse,2,35,
37739.837,refuse,0,36,
37744.378,refuse,2,35,
37754.837,refuse,0,36,
37759.378,refuse,2,35,
37769.837,refuse,0,36,
37774.378,refuse,2,35,
37784.837,refuse,0,36,
37789.378,refuse,2,35,
37799.837,refuse,0,36,
37804.378,refuse,2,35,
37814.837,refuse,0,36,
37819.378,refuse,2,35,
37829.837,refuse,0,36,
37834.378,refuse,2,35,
37844.837,refuse,0,36,
37849.378,refuse,2,35,
37859.837,refuse,0,36,
37864.378,refuse,2,35,
37874.837,refuse,0,36,
37879.378,refuse,2,35,
37889.837,refuse,0,36,
37894.378,refuse,2,35,
37904.837,refuse,0,36,
37909.378,refuse,2,35,
37919.837,refuse,0,36,
37924.378,refuse,2,35,
37934.837,refuse,0,36,
37939.378,refuse,2,35,
37949.837,refuse,0,36,
37954.378,refuse,2,35,
37964.837,refuse,0,36,
37969.378,refuse,2,35,
37979.837,refuse,0,36,
37984.378,refuse,2,35,
37994.837,refuse,0,36,
37999.378,refuse,2,35,
38009.837,refuse,0,36,
38014.378,refuse,2,35,
38024.837,refuse,0,36,
38029.378,refuse,2,35,
38039.837,refuse,0,36,
38044.378,refuse,2,35,
38054.837,refuse,0,36,
38059.378,refuse,2,35,
38069.837,refuse,0,36,
38074.378,refuse,2,35,
38084.837,refuse,0,36,
38089.378,refuse,2,35,
38099.837,refuse,0,36,
38104.378,refuse,2,35,
38114.837,refuse,0,36,
38119.378,refuse,2,35,
38129.837,refuse,0,36,
38134.378,refuse,2,35,
38144.837,refuse,0,36,
38149.378,refuse,2,35,
38159.837,refuse,0,36,
38164.378,refuse,2,35,
38174.837,refuse,0,36,
38179.378,refuse,2,35,
38189.837,refuse,0,36,
38194.378,refuse,2,35,
38204.837,refuse,0,36,
38209.378,refuse,2,35,
38219.837,refuse,0,36,
38224.378,refuse,2,35,
38234.837,refuse,0,36,
38239.378,refuse,2,35,
38249.837,refuse,0,36,
38254.378,refuse,2,35,
38264.837,refuse,0,36,
38269.378,refuse,2,35,
38279.837,refuse,0,36,
38284.378,refuse,2,35,
38294.837,refuse,0,36,
38299.378,refuse,2,35,
38309.837,refuse,0,36,
38314.378,refuse,2,35,
38324.837,refuse,0,36,
38329.378,refuse,2,35,
38339.837,refuse,0,36,
38344.378,refuse,2,35,
38354.837,refuse,0,36,
38359.378,refuse,2,35,
38369.837,refuse,0,36,
38374.378,refuse,2,35,
38384.837,refuse,0,36,
38389.378,refuse,2,35,
38399.837,refuse,0,36,
38404.378,refuse,2,35,
38414.837,refuse,0,36,
38419.378,refuse,2,35,
38429.837,refuse,0,36,
38434.378,refuse,2,35,
38444.837,refuse,0,36,
38449.378,refuse,2,35,
38459.837,refuse,0,36,
38464.378,refuse,2,35,
38474.837,refuse,0,36,
38479.378,refuse,2,35,
38489.837,refuse,0,36,
38494.378,refuse,2,35,
38504.837,refuse,0,36,
38509.378,refuse,2,35,
38519.837,refuse,0,36,
38524.378,refuse,2,35,
38534.837,refuse,0,36,
38539.378,refuse,2,35,
38549.837,refuse,0,36,
38554.378,refuse,2,35,
38564.837,refuse,0,36,
38569.378,refuse,2,35,
38579.837,refuse,0,36,
38584.378,refuse,2,35,
38594.837,refuse,0,36,
38599.378,refuse,2,35,
38609.837,refuse,0,36,
38614.378,refuse,2,35,
38624.837,refuse,0,36,
38629.378,refuse,2,35,
38639.837,refuse,0,36,
38644.378,refuse,2,35,
38654.837,refuse,0,36,
38659.378,refuse,2,35,
38669.837,refuse,0,36,
38674.378,refuse,2,35,
38684.837,refuse,0,36,
38689.378,refuse,2,35,
38699.837,refuse,0,36,
38704.378,refuse,2,35,
38714.837,refuse,0,36,
38719.378,refuse,2,35,
38729.837,refuse,0,36,
38734.378,refuse,2,35,
38744.837,refuse,0,36,
38749.378,refuse,2,35,
38759.837,refuse,0,36,
38764.378,refuse,2,35,
38774.837,refuse,0,36,
38779.378,refuse,2,35,
38789.837,refuse,0,36,
38794.378,refuse,2,35,
38804.837,refuse,0,36,
38809.378,refuse,2,35,
38819.837,refuse,0,36,
38824.378,refuse,2,35,
38834.837,refuse,0,36,
38839.378,refuse,2,35,
38849.837,refuse,0,36,
38854.378,refuse,2,35,
38864.837,refuse,0,36,
38869.378,refuse,2,35,
38879.837,refuse,0,36,
38884.378,refuse,2,35,
38894.837,refuse,0,36,
38899.378,refuse,2,35,
38909.837,refuse,0,36,
38914.378,refuse,2,35,
38924.837,refuse,0,36,
38929.378,refuse,2,35,
38939.837,refuse,0,36,
38944.378,refuse,2,35,
38954.837,refuse,0,36,
38959.378,refuse,2,35,
38969.837,refuse,0,36,
38974.378,refuse,2,35,
38984.837,refuse,0,36,
38989.378,refuse,2,35,
38999.837,refuse,0,36,
39004.378,refuse,2,35,
39014.837,refuse,0,36,
39019.378,refuse,2,35,
39029.837,refuse,0,36,
39034.378,refuse,2,35,
39044.837,refuse,0,36,
39049.378,refuse,2,35,
39059.837,refuse,0,36,
39064.378,refuse,2,35,
39064.378,abandon,2,35,
39064.378,refuse,2,37,
39074.837,refuse,0,36,
39079.378,refuse,2,37,
39089.837,refuse,0,36,
39094.378,refuse,2,37,
39104.837,refuse,0,36,
39109.378,refuse,2,37,
39119.837,refuse,0,36,
39124.378,refuse,2,37,
39134.837,refuse,0,36,
39139.378,refuse,2,37,
39149.837,refuse,0,36,
39154.378,refuse,2,37,
39164.837,refuse,0,36,
39169.378,refuse,2,37,
39179.837,refuse,0,36,
39184.378,refuse,2,37,
39194.837,refuse,0,36,
39199.378,refuse,2,37,
39209.837,refuse,0,36,
39214.378,refuse,2,37,
39224.837,refuse,0,36,
39229.378,refuse,2,37,
39239.837,refuse,0,36,
39244.378,refuse,2,37,
39254.837,refuse,0,36,
39259.378,refuse,2,37,
39269.837,refuse,0,36,
39274.378,refuse,2,37,
39284.837,refuse,0,36,
39289.378,refuse,2,37,
39299.837,refuse,0,36,
39304.378,refuse,2,37,
39314.837,refuse,0,36,
39319.378,refuse,2,37,
39329.837,refuse,0,36,
39334.378,refuse,2,37,
39344.837,refuse,0,36,
39349.378,refuse,2,37,
39359.837,refuse,0,36,
39364.378,refuse,2,37,
39374.837,refuse,0,36,
39379.378,refuse,2,37,
39389.837,refuse,0,36,
39394.378,refuse,2,37,
39404.837,refuse,0,36,
39409.378,refuse,2,37,
39419.837,refuse,0,36,
39424.378,refuse,2,37,
39434.169,conflict-at-land,3,3,
39434.837,refuse,0,36,
39439.378,refuse,2,37,
39449.169,start,3,3,
39449.837,refuse,0,36,
39454.378,refuse,2,37,
39464.837,refuse,0,36,
39469.378,refuse,2,37,
39479.837,refuse,0,36,
39484.378,refuse,2,37,
39494.837,refuse,0,36,
39499.378,refuse,2,37,
39509.837,refuse,0,36,
39514.378,refuse,2,37,
39524.837,refuse,0,36,
39529.378,refuse,2,37,
39539.837,refuse,0,36,
39544.378,refuse,2,37,
39554.837,refuse,0,36,
39559.378,refuse,2,37,
39569.837,refuse,0,36,
39574.378,refuse,2,37,
39584.837,refuse,0,36,
39589.378,refuse,2,37,
39599.837,refuse,0,36,
39604.378,refuse,2,37,
39614.837,refuse,0,36,
39619.378,refuse,2,37,
39629.837,refuse,0,36,
39634.378,refuse,2,37,
39644.837,refuse,0,36,
39649.378,refuse,2,37,
39659.837,refuse,0,36,
39664.378,refuse,2,37,
39674.837,refuse,0,36,
39679.378,refuse,2,37,
39689.837,refuse,0,36,
39694.378,refuse,2,37,
39704.837,refuse,0,36,
39709.378,refuse,2,37,
39719.837,refuse,0,36,
39724.378,refuse,2,37,
39734.837,refuse,0,36,
39739.378,refuse,2,37,
39749.837,refuse,0,36,
39754.378,refuse,2,37,
39764.837,refuse,0,36,
39769.378,refuse,2,37,
39779.837,refuse,0,36,
39784.378,refuse,2,37,
39794.837,refuse,0,36,
39799.378,refuse,2,37,
39809.837,refuse,0,36,
39814.378,refuse,2,37,
39824.837,refuse,0,36,
39829.378,refuse,2,37,
39839.837,refuse,0,36,
39844.378,refuse,2,37,
39854.837,refuse,0,36,
39859.378,refuse,2,37,
39869.837,refuse,0,36,
39874.378,refuse,2,37,
39884.837,refuse,0,36,
39889.378,refuse,2,37,
39899.837,refuse,0,36,
39904.378,refuse,2,37,
39914.837,refuse,0,36,
39919.378,refuse,2,37,
39929.837,refuse,0,36,
39934.378,refuse,2,37,
39944.837,refuse,0,36,
39949.378,refuse,2,37,
39959.837,refuse,0,36,
39964.378,refuse,2,37,
39974.837,refuse,0,36,
39979.378,refuse,2,37,
39989.837,refuse,0,36,
39994.378,refuse,2,37,
40004.837,refuse,0,36,
40009.378,refuse,2,37,
40019.837,refuse,0,36,
40024.378,refuse,2,37,
40034.837,refuse,0,36,
40039.378,refuse,2,37,
40049.837,refuse,0,36,
40054.378,refuse,2,37,
40064.837,refuse,0,36,
40069.378,refuse,2,37,
40079.837,refuse,0,36,
40084.378,refuse,2,37,
40094.837,refuse,0,36,
40099.378,refuse,2,37,
40109.837,refuse,0,36,
40114.378,refuse,2,37,
40124.837,refuse,0,36,
40129.378,refuse,2,37,
40139.837,refuse,0,36,
40144.378,refuse,2,37,
40154.837,refuse,0,36,
40159.378,refuse,2,37,
40169.837,refuse,0,36,
40174.378,refuse,2,37,
40184.837,refuse,0,36,
40189.378,refuse,2,37,
40199.837,refuse,0,36,
40204.378,refuse,2,37,
40214.837,refuse,0,36,
40219.378,refuse,2,37,
40229.837,refuse,0,36,
40234.378,refuse,2,37,
40244.837,refuse,0,36,
40249.378,refuse,2,37,
40259.837,refuse,0,36,
40264.378,refuse,2,37,
40274.837,refuse,0,36,
40279.378,refuse,2,37,
40289.837,refuse,0,36,
40294.378,refuse,2,37,
40304.837,refuse,0,36,
40309.378,refuse,2,37,
40319.837,refuse,0,36,
40324.378,refuse,2,37,
40334.837,refuse,0,36,
40339.378,refuse,2,37,
40349.837,refuse,0,36,
40354.378,refuse,2,37,
40364.837,refuse,0,36,
40369.378,refuse,2,37,
40379.837,refuse,0,36,
40384.378,refuse,2,37,
40394.837,refuse,0,36,
40399.378,refuse,2,37,
40409.837,refuse,0,36,
40414.378,refuse,2,37,
40424.837,refuse,0,36,
40429.378,refuse,2,37,
40439.837,refuse,0,36,
40444.378,refuse,2,37,
40454.837,refuse,0,36,
40459.378,refuse,2,37,
40469.837,refuse,0,36,
40474.378,refuse,2,37,
40484.837,refuse,0,36,
40489.378,refuse,2,37,
40499.837,refuse,0,36,
40504.378,refuse,2,37,
40514.837,refuse,0,36,
40519.378,refuse,2,37,
40529.837,refuse,0,36,
40534.378,refuse,2,37,
40544.837,refuse,0,36,
40549.378,refuse,2,37,
40559.837,refuse,0,36,
40559.837,abandon,0,36,
40559.837,refuse,0,38,
40564.378,refuse,2,37,
40574.837,refuse,0,38,
40579.378,refuse,2,37,
40589.837,refuse,0,38,
40594.378,refuse,2,37,
40604.837,refuse,0,38,
40609.378,refuse,2,37,
40619.837,refuse,0,38,
40624.378,refuse,2,37,
40634.837,refuse,0,38,
40639.378,refuse,2,37,
40649.837,refuse,0,38,
40654.378,refuse,2,37,
40664.837,refuse,0,38,
40669.378,refuse,2,37,
40679.837,refuse,0,38,
40684.378,refuse,2,37,
40694.837,refuse,0,38,
40699.378,refuse,2,37,
40709.837,refuse,0,38,
40714.378,refuse,2,37,
40724.837,refuse,0,38,
40729.378,refuse,2,37,
40739.837,refuse,0,38,
40744.378,refuse,2,37,
40754.837,refuse,0,38,
40759.378,refuse,2,37,
40769.837,refuse,0,38,
40774.378,refuse,2,37,
40784.837,refuse,0,38,
40789.378,refuse,2,37,
40799.837,refuse,0,38,
40804.378,refuse,2,37,
40814.837,refuse,0,38,
40819.378,refuse,2,37,
40829.837,refuse,0,38,
40834.378,refuse,2,37,
40844.837,refuse,0,38,
40849.378,refuse,2,37,
40859.837,refuse,0,38,
40864.378,refuse,2,37,
40874.837,refuse,0,38,
40879.378,refuse,2,37,
40889.837,refuse,0,38,
40894.378,refuse,2,37,
40904.837,refuse,0,38,
40909.378,refuse,2,37,
40919.837,refuse,0,38,
40924.378,refuse,2,37,
40934.837,refuse,0,38,
40939.378,refuse,2,37,
40949.837,refuse,0,38,
40954.378,refuse,2,37,
40964.837,refuse,0,38,
40969.378,refuse,2,37,
40979.837,refuse,0,38,
40984.378,refuse,2,37,
40994.837,refuse,0,38,
40999.378,refuse,2,37,
41009.837,refuse,0,38,
41014.378,refuse,2,37,
41024.837,refuse,0,38,
41029.378,refuse,2,37,
41039.837,refuse,0,38,
41044.378,refuse,2,37,
41054.837,refuse,0,38,
41059.378,refuse,2,37,
41069.837,refuse,0,38,
41074.378,refuse,2,37,
41084.837,refuse,0,38,
41089.378,refuse,2,37,
41099.837,refuse,0,38,
41104.378,refuse,2,37,
41114.837,refuse,0,38,
41119.378,refuse,2,37,
41129.837,refuse,0,38,
41134.378,refuse,2,37,
41144.837,refuse,0,38,
41149.378,refuse,2,37,
41159.837,refuse,0,38,
41164.378,refuse,2,37,
41174.837,refuse,0,38,
41179.378,refuse,2,37,
41189.837,refuse,0,38,
41194.378,refuse,2,37,
41204.837,refuse,0,38,
41209.378,refuse,2,37,
41219.837,refuse,0,38,
41224.378,refuse,2,37,
41234.837,refuse,0,38,
41239.378,refuse,2,37,
41249.837,refuse,0,38,
41254.378,refuse,2,37,
41264.837,refuse,0,38,
41269.378,refuse,2,37,
41279.837,refuse,0,38,
41284.378,refuse,2,37,
41294.837,refuse,0,38,
41299.378,refuse,2,37,
41309.837,refuse,0,38,
41314.378,refuse,2,37,
41324.837,refuse,0,38,
41329.378,refuse,2,37,
41339.837,refuse,0,38,
41344.378,refuse,2,37,
41354.837,refuse,0,38,
41359.378,refuse,2,37,
41369.837,refuse,0,38,
41374.378,refuse,2,37,
41384.837,refuse,0,38,
41389.378,refuse,2,37,
41399.837,refuse,0,38,
41404.378,refuse,2,37,
41414.837,refuse,0,38,
41419.378,refuse,2,37,
41429.837,refuse,0,38,
41434.378,refuse,2,37,
41444.837,refuse,0,38,
41449.378,refuse,2,37,
41459.837,refuse,0,38,
41464.378,refuse,2,37,
41474.837,refuse,0,38,
41479.378,refuse,2,37,
41489.837,refuse,0,38,
41494.378,refuse,2,37,
41504.837,refuse,0,38,
41509.378,refuse,2,37,
41519.837,refuse,0,38,
41524.378,refuse,2,37,
41534.837,refuse,0,38,
41539.378,refuse,2,37,
41549.837,refuse,0,38,
41554.378,refuse,2,37,
41564.837,refuse,0,38,
41569.378,refuse,2,37,
41579.837,refuse,0,38,
41584.378,refuse,2,37,
41594.837,refuse,0,38,
41599.378,refuse,2,37,
41609.837,refuse,0,38,
41614.378,refuse,2,37,
41624.837,refuse,0,38,
41629.378,refuse,2,37,
41639.837,refuse,0,38,
41644.378,refuse,2,37,
41654.837,refuse,0,38,
41659.378,refuse,2,37,
41669.837,refuse,0,38,
41674.378,refuse,2,37,
41684.837,refuse,0,38,
41689.378,refuse,2,37,
41699.837,refuse,0,38,
41704.378,refuse,2,37,
41714.837,refuse,0,38,
41719.378,refuse,2,37,
41729.837,refuse,0,38,
41734.378,refuse,2,37,
41744.837,refuse,0,38,
41749.378,refuse,2,37,
41759.837,refuse,0,38,
41764.378,refuse,2,37,
41774.837,refuse,0,38,
41779.378,refuse,2,37,
41789.837,refuse,0,38,
41794.378,refuse,2,37,
41804.837,refuse,0,38,
41809.378,refuse,2,37,
41819.837,refuse,0,38,
41824.378,refuse,2,37,
41834.837,refuse,0,38,
41839.378,refuse,2,37,
41849.837,refuse,0,38,
41854.378,refuse,2,37,
41864.837,refuse,0,38,
41869.378,refuse,2,37,
41879.837,refuse,0,38,
41884.378,refuse,2,37,
41894.837,refuse,0,38,
41899.378,refuse,2,37,
41909.837,refuse,0,38,
41914.378,refuse,2,37,
41924.837,refuse,0,38,
41929.378,refuse,2,37,
41939.837,refuse,0,38,
41944.378,refuse,2,37,
41954.837,refuse,0,38,
41959.378,refuse,2,37,
41969.837,refuse,0,38,
41974.378,refuse,2,37,
41984.837,refuse,0,38,
41989.378,refuse,2,37,
41999.837,refuse,0,38,
42004.378,refuse,2,37,
42014.837,refuse,0,38,
42019.378,refuse,2,37,
42029.837,refuse,0,38,
42034.378,refuse,2,37,
42044.837,refuse,0,38,
42049.378,refuse,2,37,
42059.837,refuse,0,38,
42064.378,refuse,2,37,
42064.378,abandon,2,37,
42064.378,refuse,2,39,
42074.837,refuse,0,38,
42079.378,refuse,2,39,
42086.459,conflict-at-land,3,3,
42089.837,refuse,0,38,
42094.378,refuse,2,39,
42101.459,start,3,3,
42104.837,refuse,0,38,
42109.378,refuse,2,39,
42119.837,refuse,0,38,
42124.378,refuse,2,39,
42134.837,refuse,0,38,
42139.378,refuse,2,39,
42149.837,refuse,0,38,
42154.378,refuse,2,39,
42164.837,refuse,0,38,
42169.378,refuse,2,39,
42179.837,refuse,0,38,
42184.378,refuse,2,39,
42194.837,refuse,0,38,
42199.378,refuse,2,39,
42209.837,refuse,0,38,
42214.378,refuse,2,39,
42224.837,refuse,0,38,
42229.378,refuse,2,39,
42239.837,refuse,0,38,
42244.378,refuse,2,39,
42254.837,refuse,0,38,
42259.378,refuse,2,39,
42269.837,refuse,0,38,
42274.378,refuse,2,39,
42284.837,refuse,0,38,
42289.378,refuse,2,39,
42299.837,refuse,0,38,
42304.378,refuse,2,39,
42314.837,refuse,0,38,
42319.378,refuse,2,39,
42329.837,refuse,0,38,
42334.378,refuse,2,39,
42344.837,refuse,0,38,
42349.378,refuse,2,39,
42359.837,refuse,0,38,
42364.378,refuse,2,39,
42374.837,refuse,0,38,
42379.378,refuse,2,39,
42389.837,refuse,0,38,
42394.378,refuse,2,39,
42404.837,refuse,0,38,
42409.378,refuse,2,39,
42419.837,refuse,0,38,
42424.378,refuse,2,39,
42434.837,refuse,0,38,
42439.378,refuse,2,39,
42449.837,refuse,0,38,
42454.378,refuse,2,39,
42464.837,refuse,0,38,
42469.378,refuse,2,39,
42479.837,refuse,0,38,
42484.378,refuse,2,39,
42494.837,refuse,0,38,
42499.378,refuse,2,39,
42509.837,refuse,0,38,
42514.378,refuse,2,39,
42524.837,refuse,0,38,
42529.378,refuse,2,39,
42539.837,refuse,0,38,
42544.378,refuse,2,39,
42554.837,refuse,0,38,
42559.378,refuse,2,39,
42569.837,refuse,0,38,
42574.378,refuse,2,39,
42584.837,refuse,0,38,
42589.378,refuse,2,39,
42599.837,refuse,0,38,
42604.378,refuse,2,39,
42614.837,refuse,0,38,
42619.378,refuse,2,39,
42629.837,refuse,0,38,
42634.378,refuse,2,39,
42644.837,refuse,0,38,
42649.378,refuse,2,39,
42659.837,refuse,0,38,
42664.378,refuse,2,39,
42674.837,refuse,0,38,
42679.378,refuse,2,39,
42689.837,refuse,0,38,
42694.378,refuse,2,39,
42704.837,refuse,0,38,
42709.378,refuse,2,39,
42719.837,refuse,0,38,
42724.378,refuse,2,39,
42734.837,refuse,0,38,
42739.378,refuse,2,39,
42749.837,refuse,0,38,
42754.378,refuse,2,39,
42764.837,refuse,0,38,
42769.378,refuse,2,39,
42779.837,refuse,0,38,
42784.378,refuse,2,39,
42794.837,refuse,0,38,
42799.378,refuse,2,39,
42809.837,refuse,0,38,
42814.378,refuse,2,39,
42824.837,refuse,0,38,
42829.378,refuse,2,39,
42839.837,refuse,0,38,
42844.378,refuse,2,39,
42854.837,refuse,0,38,
42859.378,refuse,2,39,
42869.837,refuse,0,38,
42874.378,refuse,2,39,
42884.837,refuse,0,38,
42889.378,refuse,2,39,
42899.837,refuse,0,38,
42904.378,refuse,2,39,
42914.837,refuse,0,38,
42919.378,refuse,2,39,
42929.837,refuse,0,38,
42934.378,refuse,2,39,
42944.837,refuse,0,38,
42949.378,refuse,2,39,
42959.837,refuse,0,38,
42964.378,refuse,2,39,
42974.837,refuse,0,38,
42979.378,refuse,2,39,
42989.837,refuse,0,38,
42994.378,refuse,2,39,
43004.837,refuse,0,38,
43009.378,refuse,2,39,
43019.837,refuse,0,38,
43024.378,refuse,2,39,
43034.837,refuse,0,38,
43039.378,refuse,2,39,
43049.837,refuse,0,38,
43054.378,refuse,2,39,
43064.837,refuse,0,38,
43069.378,refuse,2,39,
43079.837,refuse,0,38,
43084.378,refuse,2,39,
43094.837,refuse,0,38,
43099.378,refuse,2,39,
43109.837,refuse,0,38,
43114.378,refuse,2,39,
43124.837,refuse,0,38,
43129.378,refuse,2,39,
43139.837,refuse,0,38,
43144.378,refuse,2,39,
43154.837,refuse,0,38,
43159.378,refuse,2,39,
43169.837,refuse,0,38,
43174.378,refuse,2,39,
43184.837,refuse,0,38,
43189.378,refuse,2,39,
43199.837,refuse,0,38,
43204.378,refuse,2,39,
43214.837,refuse,0,38,
43219.378,refuse,2,39,
43229.837,refuse,0,38,
43234.378,refuse,2,39,
43244.837,refuse,0,38,
43249.378,refuse,2,39,
43259.837,refuse,0,38,
43264.378,refuse,2,39,
43274.837,refuse,0,38,
43279.378,refuse,2,39,
43289.837,refuse,0,38,
43294.378,refuse,2,39,
43304.837,refuse,0,38,
43309.378,refuse,2,39,
43319.837,refuse,0,38,
43324.378,refuse,2,39,
43334.837,refuse,0,38,
43339.378,refuse,2,39,
43349.837,refuse,0,38,
43354.378,refuse,2,39,
43364.837,refuse,0,38,
43369.378,refuse,2,39,
43379.837,refuse,0,38,
43384.378,refuse,2,39,
43394.837,refuse,0,38,
43399.378,refuse,2,39,
43409.837,refuse,0,38,
43414.378,refuse,2,39,
43424.837,refuse,0,38,
43429.378,refuse,2,39,
43439.837,refuse,0,38,
43444.378,refuse,2,39,
43454.837,refuse,0,38,
43459.378,refuse,2,39,
43469.837,refuse,0,38,
43474.378,refuse,2,39,
43484.837,refuse,0,38,
43489.378,refuse,2,39,
43499.837,refuse,0,38,
43504.378,refuse,2,39,
43514.837,refuse,0,38,
43519.378,refuse,2,39,
43529.837,refuse,0,38,
43534.378,refuse,2,39,
43544.837,refuse,0,38,
43549.378,refuse,2,39,
43559.837,refuse,0,38,
43559.837,abandon,0,38,
43559.837,refuse,0,40,
43564.378,refuse,2,39,
43574.837,refuse,0,40,
43579.378,refuse,2,39,
43589.837,refuse,0,40,
43594.378,refuse,2,39,
43604.837,refuse,0,40,
43609.378,refuse,2,39,
43619.837,refuse,0,40,
43624.378,refuse,2,39,
43634.837,refuse,0,40,
43639.378,refuse,2,39,
43649.837,refuse,0,40,
43654.378,refuse,2,39,
43664.837,refuse,0,40,
43669.378,refuse,2,39,
43679.837,refuse,0,40,
43684.378,refuse,2,39,
43694.837,refuse,0,40,
43699.378,refuse,2,39,
43709.837,refuse,0,40,
43714.378,refuse,2,39,
43724.837,refuse,0,40,
43729.378,refuse,2,39,
43739.837,refuse,0,40,
43744.378,refuse,2,39,
43754.837,refuse,0,40,
43759.378,refuse,2,39,
43769.837,refuse,0,40,
43774.378,refuse,2,39,
43784.837,refuse,0,40,
43789.378,refuse,2,39,
43799.837,refuse,0,40,
43804.378,refuse,2,39,
43814.837,refuse,0,40,
43819.378,refuse,2,39,
43829.837,refuse,0,40,
43834.378,refuse,2,39,
43844.837,refuse,0,40,
43849.378,refuse,2,39,
43859.837,refuse,0,40,
43864.378,refuse,2,39,
43874.837,refuse,0,40,
43879.378,refuse,2,39,
43889.837,refuse,0,40,
43894.378,refuse,2,39,
43904.837,refuse,0,40,
43909.378,refuse,2,39,
43919.837,refuse,0,40,
43924.378,refuse,2,39,
43934.837,refuse,0,40,
43939.378,refuse,2,39,
43949.837,refuse,0,40,
43954.378,refuse,2,39,
43964.837,refuse,0,40,
43969.378,refuse,2,39,
43979.837,refuse,0,40,
43984.378,refuse,2,39,
43994.837,refuse,0,40,
43999.378,refuse,2,39,
44009.837,refuse,0,40,
44014.378,refuse,2,39,
44024.837,refuse,0,40,
44029.378,refuse,2,39,
44039.837,refuse,0,40,
44044.378,refuse,2,39,
44054.837,refuse,0,40,
44059.378,refuse,2,39,
44069.837,refuse,0,40,
44074.378,refuse,2,39,
44084.837,refuse,0,40,
44089.378,refuse,2,39,
44099.837,refuse,0,40,
44104.378,refuse,2,39,
44114.837,refuse,0,40,
44119.378,refuse,2,39,
44129.837,refuse,0,40,
44134.378,refuse,2,39,
44144.837,refuse,0,40,
44149.378,refuse,2,39,
44159.837,refuse,0,40,
44164.378,refuse,2,39,
44174.837,refuse,0,40,
44179.378,refuse,2,39,
44189.837,refuse,0,40,
44194.378,refuse,2,39,
44204.837,refuse,0,40,
44209.378,refuse,2,39,
44219.837,refuse,0,40,
44224.378,refuse,2,39,
44234.837,refuse,0,40,
44239.378,refuse,2,39,
44249.837,refuse,0,40,
44254.378,refuse,2,39,
44264.837,refuse,0,40,
44269.378,refuse,2,39,
44279.837,refuse,0,40,
44284.378,refuse,2,39,
44294.837,refuse,0,40,
44299.378,refuse,2,39,
44309.837,refuse,0,40,
44314.378,refuse,2,39,
44324.837,refuse,0,40,
44329.378,refuse,2,39,
44339.837,refuse,0,40,
44344.378,refuse,2,39,
44354.837,refuse,0,40,
44359.378,refuse,2,39,
44369.837,refuse,0,40,
44374.378,refuse,2,39,
44384.837,refuse,0,40,
44389.378,refuse,2,39,
44399.837,refuse,0,40,
44404.378,refuse,2,39,
44414.837,refuse,0,40,
44419.378,refuse,2,39,
44429.837,refuse,0,40,
44434.378,refuse,2,39,
44444.837,refuse,0,40,
44449.378,refuse,2,39,
44459.837,refuse,0,40,
44464.378,refuse,2,39,
44474.837,refuse,0,40,
44479.378,refuse,2,39,
44489.837,refuse,0,40,
44494.378,refuse,2,39,
44499.015,conflict-at-land,3,3,
44504.837,refuse,0,40,
44509.378,refuse,2,39,
44514.015,start,3,3,
44519.837,refuse,0,40,
44524.378,refuse,2,39,
44534.837,refuse,0,40,
44539.378,refuse,2,39,
44549.837,refuse,0,40,
44554.378,refuse,2,39,
44564.837,refuse,0,40,
44569.378,refuse,2,39,
44579.837,refuse,0,40,
44584.378,refuse,2,39,
44594.837,refuse,0,40,
44599.378,refuse,2,39,
44609.837,refuse,0,40,
44614.378,refuse,2,39,
44624.837,refuse,0,40,
44629.378,refuse,2,39,
44639.837,refuse,0,40,
44644.378,refuse,2,39,
44654.837,refuse,0,40,
44659.378,refuse,2,39,
44669.837,refuse,0,40,
44674.378,refuse,2,39,
44684.837,refuse,0,40,
44689.378,refuse,2,39,
44699.837,refuse,0,40,
44704.378,refuse,2,39,
44714.837,refuse,0,40,
44719.378,refuse,2,39,
44729.837,refuse,0,40,
44734.378,refuse,2,39,
44744.837,refuse,0,40,
44749.378,refuse,2,39,
44759.837,refuse,0,40,
44764.378,refuse,2,39,
44774.837,refuse,0,40,
44779.378,refuse,2,39,
44789.837,refuse,0,40,
44794.378,refuse,2,39,
44804.837,refuse,0,40,
44809.378,refuse,2,39,
44819.837,refuse,0,40,
44824.378,refuse,2,39,
44834.837,refuse,0,40,
44839.378,refuse,2,39,
44849.837,refuse,0,40,
44854.378,refuse,2,39,
44864.837,refuse,0,40,
44869.378,refuse,2,39,
44879.837,refuse,0,40,
44884.378,refuse,2,39,
44894.837,refuse,0,40,
44899.378,refuse,2,39,
44909.837,refuse,0,40,
44914.378,refuse,2,39,
44924.837,refuse,0,40,
44929.378,refuse,2,39,
44939.837,refuse,0,40,
44944.378,refuse,2,39,
44954.837,refuse,0,40,
44959.378,refuse,2,39,
44969.837,refuse,0,40,
44974.378,refuse,2,39,
44984.837,refuse,0,40,
44989.378,refuse,2,39,
44999.837,refuse,0,40,
45004.378,refuse,2,39,
45014.837,refuse,0,40,
45019.378,refuse,2,39,
45029.837,refuse,0,40,
45034.378,refuse,2,39,
45044.837,refuse,0,40,
45049.378,refuse,2,39,
45059.837,refuse,0,40,
45064.378,refuse,2,39,
45064.378,abandon,2,39,
45064.378,start,2,41,
45074.837,refuse,0,40,
45079.351,conflict-at-land,2,41,
45089.837,refuse,0,40,
45094.351,start,2,41,
45104.837,refuse,0,40,
45109.659,conflict-at-land,2,41,
45119.837,refuse,0,40,
45124.659,start,2,41,
45134.061,conflict-at-land,2,41,
45134.837,refuse,0,40,
45149.061,start,2,41,
45149.837,refuse,0,40,
45163.046,conflict-at-land,2,41,
45164.837,refuse,0,40,
45178.046,start,2,41,
45179.837,refuse,0,40,
45192.508,conflict-at-land,2,41,
45194.837,refuse,0,40,
45207.508,start,2,41,
45209.837,refuse,0,40,
45220.658,conflict-at-land,2,41,
45224.837,refuse,0,40,
45235.658,start,2,41,
45239.837,refuse,0,40,
45249.101,conflict-at-land,2,41,
45254.837,refuse,0,40,
45264.101,start,2,41,
45269.837,refuse,0,40,
45275.705,conflict-at-land,2,41,
45284.837,refuse,0,40,
45290.705,start,2,41,
45299.837,refuse,0,40,
45305.76,conflict-at-land,2,41,
45314.837,refuse,0,40,
45320.76,start,2,41,
45329.837,refuse,0,40,
45336.153,conflict-at-land,2,41,
45344.837,refuse,0,40,
45351.153,start,2,41,
45359.837,refuse,0,40,
45362.306,conflict-at-land,2,41,
45374.837,refuse,0,40,
45377.306,start,2,41,
45389.837,refuse,0,40,
45391.485,conflict-at-land,2,41,
45404.837,refuse,0,40,
45406.485,start,2,41,
45418.002,conflict-at-land,2,41,
45419.837,refuse,0,40,
45433.002,start,2,41,
45434.837,refuse,0,40,
45442.589,conflict-at-land,2,41,
45449.837,refuse,0,40,
45457.589,start,2,41,
45464.837,refuse,0,40,
45468.332,conflict-at-land,2,41,
45479.837,refuse,0,40,
45483.332,start,2,41,
45492.642,conflict-at-land,2,41,
45494.837,refuse,0,40,
45507.642,start,2,41,
45509.837,refuse,0,40,
45522.586,conflict-at-land,2,41,
45524.837,refuse,0,40,
45537.586,start,2,41,
45539.837,refuse,0,40,
45552.893,conflict-at-land,2,41,
45554.837,refuse,0,40,
45567.893,start,2,41,
45569.837,refuse,0,40,
45577.152,conflict-at-land,2,41,
45584.837,refuse,0,40,
45592.152,start,2,41,
45599.837,refuse,0,40,
45604.876,conflict-at-land,2,41,
45614.837,refuse,0,40,
45619.876,start,2,41,
45629.837,refuse,0,40,
45631.216,conflict-at-land,2,41,
45644.837,refuse,0,40,
45646.216,start,2,41,
45655.466,conflict-at-land,2,41,
45659.837,refuse,0,40,
45670.466,start,2,41,
45674.837,refuse,0,40,
45680.993,conflict-at-land,2,41,
45689.837,refuse,0,40,
45695.993,start,2,41,
45704.837,refuse,0,40,
45706.181,conflict-at-land,2,41,
45719.837,refuse,0,40,
45721.181,start,2,41,
45734.837,refuse,0,40,
45734.977,conflict-at-land,2,41,
45749.837,refuse,0,40,
45749.977,start,2,41,
45758.406,conflict-at-land,2,41,
45764.837,refuse,0,40,
45773.406,start,2,41,
45779.837,refuse,0,40,
45783.173,conflict-at-land,2,41,
45794.837,refuse,0,40,
45798.173,start,2,41,
45809.732,conflict-at-land,2,41,
45809.837,refuse,0,40,
45824.732,start,2,41,
45824.837,refuse,0,40,
45833.284,conflict-at-land,2,41,
45839.837,refuse,0,40,
45848.284,start,2,41,
45854.837,refuse,0,40,
45861.202,conflict-at-land,2,41,
45869.837,refuse,0,40,
45876.202,start,2,41,
45884.837,refuse,0,40,
45888.963,conflict-at-land,2,41,
45899.837,refuse,0,40,
45903.963,start,2,41,
45914.837,refuse,0,40,
45918.377,conflict-at-land,2,41,
45929.837,refuse,0,40,
45933.377,start,2,41,
45943.264,conflict-at-land,2,41,
45944.837,refuse,0,40,
45958.264,start,2,41,
45959.837,refuse,0,40,
45968.715,conflict-at-land,2,41,
45974.837,refuse,0,40,
45983.715,start,2,41,
45989.837,refuse,0,40,
45996.02,conflict-at-land,2,41,
46004.837,refuse,0,40,
46011.02,start,2,41,
46019.837,refuse,0,40,
46021.387,conflict-at-land,2,41,
46034.837,refuse,0,40,
46036.387,start,2,41,
46049.004,conflict-at-land,2,41,
46049.837,refuse,0,40,
46064.004,start,2,41,
46064.837,refuse,0,40,
46074.211,conflict-at-land,2,41,
46079.837,refuse,0,40,
46089.211,start,2,41,
46094.837,refuse,0,40,
46102.532,conflict-at-land,2,41,
46109.837,refuse,0,40,
46117.532,start,2,41,
46124.837,refuse,0,40,
46131.628,conflict-at-land,2,41,
46139.837,refuse,0,40,
46146.628,start,2,41,
46154.837,refuse,0,40,
46160.85,conflict-at-land,2,41,
46169.837,refuse,0,40,
46175.85,start,2,41,
46184.837,refuse,0,40,
46191.26,conflict-at-land,2,41,
46199.837,refuse,0,40,
46206.26,start,2,41,
46214.837,refuse,0,40,
46218.587,conflict-at-land,2,41,
46229.837,refuse,0,40,
46233.587,start,2,41,
46244.837,refuse,0,40,
46245.521,conflict-at-land,2,41,
46259.837,refuse,0,40,
46260.521,start,2,41,
46274.837,refuse,0,40,
46275.082,conflict-at-land,2,41,
46289.837,refuse,0,40,
46290.082,start,2,41,
46304.019,conflict-at-land,2,41,
46304.837,refuse,0,40,
46319.019,start,2,41,
46319.837,refuse,0,40,
46331.527,conflict-at-land,2,41,
46334.837,refuse,0,40,
46346.527,start,2,41,
46349.837,refuse,0,40,
46357.686,conflict-at-land,2,41,
46364.837,refuse,0,40,
46372.686,start,2,41,
46379.837,refuse,0,40,
46383.132,conflict-at-land,2,41,
46394.837,refuse,0,40,
46398.132,start,2,41,
46407.31,conflict-at-land,2,41,
46409.837,refuse,0,40,
46422.31,start,2,41,
46424.837,refuse,0,40,
46429.523,conflict-at-land,3,3,
46436.525,conflict-at-land,2,41,
46439.837,refuse,0,40,
46444.523,start,3,3,
46451.525,start,2,41,
46454.837,refuse,0,40,
46465.305,conflict-at-land,2,41,
46469.837,refuse,0,40,
46480.305,start,2,41,
46484.837,refuse,0,40,
46492.631,conflict-at-land,2,41,
46499.837,refuse,0,40,
46507.631,start,2,41,
46514.837,refuse,0,40,
46522.979,conflict-at-land,2,41,
46529.837,refuse,0,40,
46537.979,start,2,41,
46544.837,refuse,0,40,
46551.858,conflict-at-land,2,41,
46559.837,refuse,0,40,
46559.837,abandon,0,40,
46559.837,start,0,42,
46566.858,start,2,41,
46567.542,conflict-at-land,0,42,
46576.242,conflict-at-land,2,41,
46582.542,start,0,42,
46588.543,conflict-at-land,0,42,
46591.242,start,2,41,
46603.543,start,0,42,
46603.764,conflict-at-land,2,41,
46608.863,conflict-at-land,0,42,
46618.764,start,2,41,
46623.863,start,0,42,
46629.348,conflict-at-land,0,42,
46630.786,conflict-at-land,2,41,
46644.348,start,0,42,
46645.786,start,2,41,
46650.45,conflict-at-land,0,42,
46654.192,conflict-at-land,2,41,
46665.45,start,0,42,
46669.192,start,2,41,
46671.243,conflict-at-land,0,42,
46680.829,conflict-at-land,2,41,
46686.243,start,0,42,
46691.54,conflict-at-land,0,42,
46695.829,start,2,41,
46706.54,start,0,42,
46707.105,conflict-at-land,2,41,
46713.559,conflict-at-land,0,42,
46722.105,start,2,41,
46728.559,start,0,42,
46734.531,conflict-at-land,0,42,
46735.425,conflict-at-land,2,41,
46749.531,start,0,42,
46750.425,start,2,41,
46756.063,conflict-at-land,0,42,
46761.544,conflict-at-land,2,41,
46771.063,start,0,42,
46775.997,conflict-at-land,0,42,
46776.544,start,2,41,
46784.972,conflict-at-land,2,41,
46790.997,start,0,42,
46796.196,conflict-at-land,0,42,
46799.972,start,2,41,
46811.196,start,0,42,
46812.678,conflict-at-land,2,41,
46818.57,conflict-at-land,0,42,
46827.678,start,2,41,
46833.57,start,0,42,
46839.61,conflict-at-land,0,42,
46842.05,conflict-at-land,2,41,
46854.61,start,0,42,
46857.05,start,2,41,
46862.363,conflict-at-land,0,42,
46868.774,conflict-at-land,2,41,
46877.363,start,0,42,
46883.774,start,2,41,
46884.568,conflict-at-land,0,42,
46895.118,conflict-at-land,2,41,
46899.568,start,0,42,
46906.448,conflict-at-land,0,42,
46910.118,start,2,41,
46921.448,start,0,42,
46925.629,conflict-at-land,2,41,
46926.748,conflict-at-land,0,42,
46940.629,start,2,41,
46941.748,start,0,42,
46948.18,conflict-at-land,0,42,
46950.255,conflict-at-land,2,41,
46963.18,start,0,42,
46965.255,start,2,41,
46969.291,conflict-at-land,0,42,
46976.243,conflict-at-land,2,41,
46984.291,start,0,42,
46988.504,conflict-at-land,0,42,
46991.243,start,2,41,
47002.445,conflict-at-land,2,41,
47003.504,start,0,42,
47009.237,conflict-at-land,0,42,
47017.445,start,2,41,
47024.237,start,0,42,
47028.763,conflict-at-land,2,41,
47031.537,conflict-at-land,0,42,
47043.763,start,2,41,
47046.537,start,0,42,
47053.379,conflict-at-land,0,42,
47056.37,conflict-at-land,2,41,
47068.379,start,0,42,
47071.37,start,2,41,
47075.812,conflict-at-land,0,42,
47085.162,conflict-at-land,2,41,
47090.812,start,0,42,
47096.785,conflict-at-land,0,42,
47100.162,start,2,41,
47111.785,start,0,42,
47113.931,conflict-at-land,2,41,
47118.291,conflict-at-land,0,42,
47128.931,start,2,41,
47133.291,start,0,42,
47139.757,conflict-at-land,0,42,
47142.002,conflict-at-land,2,41,
47154.757,start,0,42,
47157.002,start,2,41,
47160.423,conflict-at-land,0,42,
47169.933,conflict-at-land,2,41,
47175.423,start,0,42,
47181.904,conflict-at-land,0,42,
47184.933,start,2,41,
47196.904,start,0,42,
47200.08,conflict-at-land,2,41,
47203.921,conflict-at-land,0,42,
47215.08,start,2,41,
47218.921,start,0,42,
47225.884,conflict-at-land,0,42,
47229.573,conflict-at-land,2,41,
47240.884,start,0,42,
47244.573,start,2,41,
47248.019,conflict-at-land,0,42,
47257.333,conflict-at-land,2,41,
47263.019,start,0,42,
47268.477,conflict-at-land,0,42,
47272.333,start,2,41,
47282.638,conflict-at-land,2,41,
47283.477,start,0,42,
47290.226,conflict-at-land,0,42,
47297.638,start,2,41,
47305.226,start,0,42,
47311.385,conflict-at-land,0,42,
47312.33,conflict-at-land,2,41,
47326.385,start,0,42,
47327.33,start,2,41,
47331.133,conflict-at-land,0,42,
47341.727,conflict-at-land,2,41,
47346.133,start,0,42,
47352.077,conflict-at-land,0,42,
47356.727,start,2,41,
47367.077,start,0,42,
47368.491,conflict-at-land,2,41,
47371.441,conflict-at-land,0,42,
47383.491,start,2,41,
47386.441,start,0,42,
47393.322,conflict-at-land,0,42,
47395.565,conflict-at-land,2,41,
47408.322,start,0,42,
47410.565,start,2,41,
47414.043,conflict-at-land,0,42,
47421.522,conflict-at-land,2,41,
47429.043,start,0,42,
47435.608,conflict-at-land,0,42,
47436.522,start,2,41,
47445.064,conflict-at-land,2,41,
47450.608,start,0,42,
47456.633,conflict-at-land,0,42,
47460.064,start,2,41,
47471.633,start,0,42,
47475.276,conflict-at-land,2,41,
47478.319,conflict-at-land,0,42,
47490.276,start,2,41,
47493.319,start,0,42,
47499.999,conflict-at-land,0,42,
47501.57,conflict-at-land,2,41,
47514.999,start,0,42,
47516.57,start,2,41,
47521.377,conflict-at-land,0,42,
47526.474,conflict-at-land,2,41,
47536.377,start,0,42,
47541.325,conflict-at-land,0,42,
47541.474,start,2,41,
47556.253,conflict-at-land,2,41,
47556.325,start,0,42,
47561.493,conflict-at-land,0,42,
47571.253,start,2,41,
47576.493,start,0,42,
47580.192,conflict-at-land,2,41,
47583.684,conflict-at-land,0,42,
47595.192,start,2,41,
47598.684,start,0,42,
47604.209,conflict-at-land,0,42,
47607.359,conflict-at-land,2,41,
47619.209,start,0,42,
47622.359,start,2,41,
47625.251,conflict-at-land,0,42,
47636.064,conflict-at-land,2,41,
47640.251,start,0,42,
47645.058,conflict-at-land,0,42,
47651.064,start,2,41,
47660.058,start,0,42,
47664.166,conflict-at-land,2,41,
47666.826,conflict-at-land,0,42,
47679.166,start,2,41,
47681.826,start,0,42,
47686.997,conflict-at-land,0,42,
47693.434,conflict-at-land,2,41,
47701.997,start,0,42,
47708.392,conflict-at-land,0,42,
47708.434,start,2,41,
47718.505,conflict-at-land,2,41,
47723.392,start,0,42,
47729.612,conflict-at-land,0,42,
47733.505,start,2,41,
47743.146,conflict-at-land,2,41,
47744.612,start,0,42,
47751.655,conflict-at-land,0,42,
47758.146,start,2,41,
47766.655,start,0,42,
47772.042,conflict-at-land,0,42,
47772.787,conflict-at-land,2,41,
47787.042,start,0,42,
47787.787,start,2,41,
47792.042,conflict-at-land,0,42,
47803.126,conflict-at-land,2,41,
47807.042,start,0,42,
47813.786,conflict-at-land,0,42,
47818.126,start,2,41,
47828.786,start,0,42,
47832.601,conflict-at-land,2,41,
47833.096,conflict-at-land,0,42,
47847.601,start,2,41,
47848.096,start,0,42,
47854.537,conflict-at-land,0,42,
47862.477,conflict-at-land,2,41,
47869.537,start,0,42,
47874.876,conflict-at-land,0,42,
47877.477,start,2,41,
47888.986,conflict-at-land,2,41,
47889.876,start,0,42,
47896.818,conflict-at-land,0,42,
47903.986,start,2,41,
47911.818,start,0,42,
47916.702,conflict-at-land,0,42,
47918.041,conflict-at-land,2,41,
47931.702,start,0,42,
47933.041,start,2,41,
47938.155,conflict-at-land,0,42,
47942.633,conflict-at-land,2,41,
47953.155,start,0,42,
47957.633,start,2,41,
47960.858,conflict-at-land,0,42,
47969.227,conflict-at-land,2,41,
47975.858,start,0,42,
47983.345,conflict-at-land,0,42,
47984.227,start,2,41,
47997.87,conflict-at-land,2,41,
47998.345,start,0,42,
48004.728,conflict-at-land,0,42,
48012.87,start,2,41,
48019.728,start,0,42,
48023.156,conflict-at-land,2,41,
48025.824,conflict-at-land,0,42,
48038.156,start,2,41,
48040.824,start,0,42,
48045.521,conflict-at-land,0,42,
48047.555,conflict-at-land,2,41,
48060.521,start,0,42,
48062.555,start,2,41,
48067.297,conflict-at-land,0,42,
48073.554,conflict-at-land,2,41,
48082.297,start,0,42,
48088.554,start,2,41,
48089.202,conflict-at-land,0,42,
48098.686,conflict-at-land,2,41,
48104.202,start,0,42,
48110.988,conflict-at-land,0,42,
48113.686,start,2,41,
48125.988,start,0,42,
48127.259,conflict-at-land,2,41,
48131.287,conflict-at-land,0,42,
48142.259,start,2,41,
48146.287,start,0,42,
48151.425,conflict-at-land,2,41,
48151.917,conflict-at-land,0,42,
48160.419,conflict-at-land,3,3,
48166.425,start,2,41,
48166.917,start,0,42,
48171.477,conflict-at-land,0,42,
48175.419,start,3,3,
48178.37,conflict-at-land,2,41,
48186.477,start,0,42,
48190.876,conflict-at-land,0,42,
48193.37,start,2,41,
48205.876,start,0,42,
48206.072,conflict-at-land,2,41,
48213.276,conflict-at-land,0,42,
48221.072,start,2,41,
48228.276,start,0,42,
48231.031,conflict-at-land,2,41,
48232.601,conflict-at-land,0,42,
48246.031,start,2,41,
48247.601,start,0,42,
48254.734,conflict-at-land,0,42,
48259.5,conflict-at-land,2,41,
48269.734,start,0,42,
48274.5,start,2,41,
48277.405,conflict-at-land,0,42,
48287.314,conflict-at-land,2,41,
48292.405,start,0,42,
48297.838,conflict-at-land,0,42,
48302.314,start,2,41,
48312.838,start,0,42,
48316.747,conflict-at-land,2,41,
48317.463,conflict-at-land,0,42,
48331.747,start,2,41,
48332.463,start,0,42,
48337.006,conflict-at-land,0,42,
48345.134,conflict-at-land,2,41,
48352.006,start,0,42,
48357.645,conflict-at-land,0,42,
48360.134,start,2,41,
48372.098,conflict-at-land,2,41,
48372.645,start,0,42,
48378.205,conflict-at-land,0,42,
48387.098,start,2,41,
48393.205,start,0,42,
48396.712,conflict-at-land,2,41,
48398.24,conflict-at-land,0,42,
48411.712,start,2,41,
48413.24,start,0,42,
48419.105,conflict-at-land,0,42,
48426.017,conflict-at-land,2,41,
48434.105,start,0,42,
48440.393,conflict-at-land,0,42,
48441.017,start,2,41,
48450.943,conflict-at-land,2,41,
48455.393,start,0,42,
48462.166,conflict-at-land,0,42,
48465.943,start,2,41,
48476.72,conflict-at-land,2,41,
48477.166,start,0,42,
48483.503,conflict-at-land,0,42,
48491.72,start,2,41,
48498.503,start,0,42,
48506.283,conflict-at-land,0,42,
48506.668,conflict-at-land,2,41,
48521.283,start,0,42,
48521.668,start,2,41,
48525.65,conflict-at-land,0,42,
48535.81,conflict-at-land,2,41,
48540.65,start,0,42,
48547.937,conflict-at-land,0,42,
48550.81,start,2,41,
48561.511,conflict-at-land,2,41,
48562.937,start,0,42,
48568.516,conflict-at-land,0,42,
48576.511,start,2,41,
48583.516,start,0,42,
48589.088,conflict-at-land,2,41,
48591.024,conflict-at-land,0,42,
48604.088,start,2,41,
48606.024,start,0,42,
48613.392,conflict-at-land,0,42,
48615.368,conflict-at-land,2,41,
48628.392,start,0,42,
48630.368,start,2,41,
48635.323,conflict-at-land,0,42,
48639.864,conflict-at-land,2,41,
48650.323,start,0,42,
48654.864,start,2,41,
48657.812,conflict-at-land,0,42,
48663.374,conflict-at-land,2,41,
48672.812,start,0,42,
48677.535,conflict-at-land,0,42,
48678.374,start,2,41,
48691.56,conflict-at-land,2,41,
48692.535,start,0,42,
48696.94,conflict-at-land,0,42,
48706.56,start,2,41,
48711.94,start,0,42,
48716.608,conflict-at-land,0,42,
48717.693,conflict-at-land,2,41,
48731.608,start,0,42,
48732.693,start,2,41,
48737.475,conflict-at-land,0,42,
48747.14,conflict-at-land,2,41,
48752.475,start,0,42,
48759.937,conflict-at-land,0,42,
48762.14,start,2,41,
48770.796,conflict-at-land,2,41,
48774.937,start,0,42,
48779.356,conflict-at-land,0,42,
48785.796,start,2,41,
48794.356,start,0,42,
48798.71,conflict-at-land,0,42,
48800.248,conflict-at-land,2,41,
48813.71,start,0,42,
48815.248,start,2,41,
48818.895,conflict-at-land,0,42,
48824.494,conflict-at-land,2,41,
48833.895,start,0,42,
48838.423,conflict-at-land,0,42,
48839.494,start,2,41,
48848.093,conflict-at-land,2,41,
48853.423,start,0,42,
48859.918,conflict-at-land,0,42,
48863.093,start,2,41,
48874.918,start,0,42,
48876.854,conflict-at-land,2,41,
48881.59,conflict-at-land,0,42,
48891.854,start,2,41,
48896.59,start,0,42,
48903.177,conflict-at-land,0,42,
48906.342,conflict-at-land,2,41,
48918.177,start,0,42,
48921.342,start,2,41,
48923.78,conflict-at-land,0,42,
48934.286,conflict-at-land,2,41,
48938.78,start,0,42,
48946.47,conflict-at-land,0,42,
48949.286,start,2,41,
48961.47,start,0,42,
48962.306,conflict-at-land,2,41,
48966.545,conflict-at-land,0,42,
48977.306,start,2,41,
48981.545,start,0,42,
48986.139,conflict-at-land,2,41,
48989.112,conflict-at-land,0,42,
49001.139,start,2,41,
49004.112,start,0,42,
49009.571,conflict-at-land,0,42,
49013.79,conflict-at-land,2,41,
49024.571,start,0,42,
49028.79,start,2,41,
49030.95,conflict-at-land,0,42,
49041.224,conflict-at-land,2,41,
49045.95,start,0,42,
49052.03,conflict-at-land,0,42,
49056.224,start,2,41,
49065.062,conflict-at-land,2,41,
49067.03,start,0,42,
49072.501,conflict-at-land,0,42,
49080.062,start,2,41,
49087.501,start,0,42,
49091.433,conflict-at-land,2,41,
49092.419,conflict-at-land,0,42,
49106.433,start,2,41,
49107.419,start,0,42,
49113.146,conflict-at-land,0,42,
49121.17,conflict-at-land,2,41,
49128.146,start,0,42,
49134.73,conflict-at-land,0,42,
49136.17,start,2,41,
49149.708,conflict-at-land,2,41,
49149.73,start,0,42,
49156.606,conflict-at-land,0,42,
49164.708,start,2,41,
49171.606,start,0,42,
49178.3,conflict-at-land,2,41,
49178.514,conflict-at-land,0,42,
49193.3,start,2,41,
49193.514,start,0,42,
49201.229,conflict-at-land,0,42,
49203.511,conflict-at-land,2,41,
49216.229,start,0,42,
49218.511,start,2,41,
49220.973,conflict-at-land,0,42,
49233.525,conflict-at-land,2,41,
49235.973,start,0,42,
49243.249,conflict-at-land,0,42,
49248.525,start,2,41,
49258.249,start,0,42,
49262.64,conflict-at-land,0,42,
49263.061,conflict-at-land,2,41,
49277.64,start,0,42,
49278.061,start,2,41,
49282.168,conflict-at-land,0,42,
49292.315,conflict-at-land,2,41,
49297.168,start,0,42,
49303.057,conflict-at-land,0,42,
49307.315,start,2,41,
49318.057,start,0,42,
49318.381,conflict-at-land,2,41,
49325.802,conflict-at-land,0,42,
49333.381,start,2,41,
49340.802,start,0,42,
49342.069,conflict-at-land,2,41,
49346.915,conflict-at-land,0,42,
49357.069,start,2,41,
49361.915,start,0,42,
49366.577,conflict-at-land,0,42,
49368.662,conflict-at-land,2,41,
49381.577,start,0,42,
49383.662,start,2,41,
49387.199,conflict-at-land,0,42,
49397.157,conflict-at-land,2,41,
49402.199,start,0,42,
49409.576,conflict-at-land,0,42,
49412.157,start,2,41,
49420.734,conflict-at-land,2,41,
49424.576,start,0,42,
49430.664,conflict-at-land,0,42,
49435.734,start,2,41,
49444.785,conflict-at-land,2,41,
49445.664,start,0,42,
49452.745,conflict-at-land,0,42,
49459.785,start,2,41,
49467.745,start,0,42,
49468.802,conflict-at-land,2,41,
49472.068,conflict-at-land,0,42,
49483.802,start,2,41,
49487.068,start,0,42,
49493.906,conflict-at-land,0,42,
49494.969,conflict-at-land,2,41,
49508.906,start,0,42,
49509.969,start,2,41,
49514.233,conflict-at-land,0,42,
49519.305,conflict-at-land,2,41,
49529.233,start,0,42,
49534.305,start,2,41,
49536.294,conflict-at-land,0,42,
49548.515,conflict-at-land,2,41,
49551.294,start,0,42,
49558.575,conflict-at-land,0,42,
49563.515,start,2,41,
49573.575,start,0,42,
49574.102,conflict-at-land,2,41,
49579.304,conflict-at-land,0,42,
49589.102,start,2,41,
49594.304,start,0,42,
49599.268,conflict-at-land,2,41,
49600.51,conflict-at-land,0,42,
49614.268,start,2,41,
49615.51,start,0,42,
49620.929,conflict-at-land,0,42,
49625.045,conflict-at-land,2,41,
49635.929,start,0,42,
49640.045,start,2,41,
49642.95,conflict-at-land,0,42,
49655.33,conflict-at-land,2,41,
49657.95,start,0,42,
49664.253,conflict-at-land,0,42,
49670.33,start,2,41,
49679.253,start,0,42,
49679.484,conflict-at-land,2,41,
49685.802,conflict-at-land,0,42,
49694.484,start,2,41,
49700.802,start,0,42,
49706.114,conflict-at-land,2,41,
49708.559,conflict-at-land,0,42,
49721.114,start,2,41,
49723.559,start,0,42,
49730.765,conflict-at-land,0,42,
49734.694,conflict-at-land,2,41,
49745.765,start,0,42,
49749.694,start,2,41,
49752.489,conflict-at-land,0,42,
49761.95,conflict-at-land,2,41,
49767.489,start,0,42,
49774.918,conflict-at-land,0,42,
49776.95,start,2,41,
49789.918,start,0,42,
49791.338,conflict-at-land,2,41,
49795.167,conflict-at-land,0,42,
49806.338,start,2,41,
49810.167,start,0,42,
49815.7,conflict-at-land,0,42,
49815.869,conflict-at-land,2,41,
49830.7,start,0,42,
49830.869,start,2,41,
49836.776,conflict-at-land,0,42,
49839.97,conflict-at-land,2,41,
49851.776,start,0,42,
49854.97,start,2,41,
49857.219,conflict-at-land,0,42,
49867.509,conflict-at-land,2,41,
49872.219,start,0,42,
49876.576,conflict-at-land,0,42,
49882.509,start,2,41,
49891.576,start,0,42,
49896.777,conflict-at-land,2,41,
49898.12,conflict-at-land,0,42,
49911.777,start,2,41,
49913.12,start,0,42,
49918.394,conflict-at-land,0,42,
49922.435,conflict-at-land,2,41,
49933.394,start,0,42,
49937.435,start,2,41,
49938.863,conflict-at-land,0,42,
49948.177,conflict-at-land,2,41,
49953.863,start,0,42,
49960.758,conflict-at-land,0,42,
49963.177,start,2,41,
49975.185,conflict-at-land,2,41,
49975.758,start,0,42,
49981.852,conflict-at-land,0,42,
49983.057,conflict-at-land,3,3,
49990.185,start,2,41,
49996.852,start,0,42,
49998.057,start,3,3,
49999.656,conflict-at-land,2,41,
50004.344,conflict-at-land,0,42,
50014.656,start,2,41,
50019.344,start,0,42,
50023.792,conflict-at-land,0,42,
50025.414,conflict-at-land,2,41,
50038.792,start,0,42,
50040.414,start,2,41,
50046.518,conflict-at-land,0,42,
50052.268,conflict-at-land,2,41,
50061.518,start,0,42,
50067.268,start,2,41,
50069.004,conflict-at-land,0,42,
50082.347,conflict-at-land,2,41,
50084.004,start,0,42,
50091.695,conflict-at-land,0,42,
50097.347,start,2,41,
50106.695,start,0,42,
50111.619,conflict-at-land,2,41,
50114.227,conflict-at-land,0,42,
50126.619,start,2,41,
50129.227,start,0,42,
50136.312,conflict-at-land,0,42,
50141.66,conflict-at-land,2,41,
50151.312,start,0,42,
50155.996,conflict-at-land,0,42,
50156.66,start,2,41,
50168.83,conflict-at-land,2,41,
50170.996,start,0,42,
50177.268,conflict-at-land,0,42,
50183.83,start,2,41,
50192.268,start,0,42,
50199.291,conflict-at-land,0,42,
50199.376,conflict-at-land,2,41,
50214.291,start,0,42,
50214.376,start,2,41,
50221.021,conflict-at-land,0,42,
50228.152,conflict-at-land,2,41,
50236.021,start,0,42,
50241.523,conflict-at-land,0,42,
50243.152,start,2,41,
50256.523,start,0,42,
50258.337,conflict-at-land,2,41,
50263.039,conflict-at-land,0,42,
50273.337,start,2,41,
50278.039,start,0,42,
50283.912,conflict-at-land,0,42,
50284.636,conflict-at-land,2,41,
50298.912,start,0,42,
50299.636,start,2,41,
50306.639,conflict-at-land,0,42,
50311.867,conflict-at-land,2,41,
50321.639,start,0,42,
50326.443,conflict-at-land,0,42,
50326.867,start,2,41,
50336.335,conflict-at-land,2,41,
50341.443,start,0,42,
50348.117,conflict-at-land,0,42,
50351.335,start,2,41,
50363.117,start,0,42,
50363.787,conflict-at-land,2,41,
50370.582,conflict-at-land,0,42,
50378.787,start,2,41,
50385.582,start,0,42,
50388.516,conflict-at-land,2,41,
50391.262,conflict-at-land,0,42,
50403.516,start,2,41,
50406.262,start,0,42,
50410.642,conflict-at-land,0,42,
50417.157,conflict-at-land,2,41,
50425.642,start,0,42,
50430.199,conflict-at-land,0,42,
50432.157,start,2,41,
50444.487,conflict-at-land,2,41,
50445.199,start,0,42,
50450.356,conflict-at-land,0,42,
50459.487,start,2,41,
50465.356,start,0,42,
50468.656,conflict-at-land,2,41,
50470.498,conflict-at-land,0,42,
50483.656,start,2,41,
50485.498,start,0,42,
50491.593,conflict-at-land,0,42,
50496.608,conflict-at-land,2,41,
50496.608,abandon,2,41,
50496.608,start,2,43,
50501.09,land,2,43,
50501.09,refuse,2,44,
50506.593,start,0,42,
50511.055,conflict-at-land,0,42,
50516.09,refuse,2,44,
50526.055,start,0,42,
50531.09,refuse,2,44,
50533.317,conflict-at-land,0,42,
50546.09,refuse,2,44,
50548.317,start,0,42,
50554.833,conflict-at-land,0,42,
50561.09,refuse,2,44,
50569.833,start,0,42,
50574.657,conflict-at-land,0,42,
50576.09,refuse,2,44,
50589.657,start,0,42,
50591.09,refuse,2,44,
50596.96,conflict-at-land,0,42,
50606.09,refuse,2,44,
50611.96,start,0,42,
50616.238,conflict-at-land,0,42,
50621.09,refuse,2,44,
50631.238,start,0,42,
50636.09,refuse,2,44,
50636.763,conflict-at-land,0,42,
50651.09,refuse,2,44,
50651.763,start,0,42,
50659.015,conflict-at-land,0,42,
50666.09,refuse,2,44,
50674.015,start,0,42,
50680.772,conflict-at-land,0,42,
50681.09,refuse,2,44,
50695.772,start,0,42,
50696.09,refuse,2,44,
50700.993,conflict-at-land,0,42,
50711.09,refuse,2,44,
50715.993,start,0,42,
50723.402,conflict-at-land,0,42,
50726.09,refuse,2,44,
50738.402,start,0,42,
50741.09,refuse,2,44,
50744.755,conflict-at-land,0,42,
50756.09,refuse,2,44,
50759.755,start,0,42,
50767.071,conflict-at-land,0,42,
50771.09,refuse,2,44,
50782.071,start,0,42,
50786.09,refuse,2,44,
50789.485,conflict-at-land,0,42,
50789.485,abandon,0,42,
50789.485,refuse,0,45,
50801.09,refuse,2,44,
50804.485,refuse,0,45,
50816.09,refuse,2,44,
50819.485,refuse,0,45,
50831.09,refuse,2,44,
50834.485,refuse,0,45,
50846.09,refuse,2,44,
50849.485,refuse,0,45,
50861.09,refuse,2,44,
50864.485,refuse,0,45,
50876.09,refuse,2,44,
50879.485,refuse,0,45,
50891.09,refuse,2,44,
50894.485,refuse,0,45,
50906.09,refuse,2,44,
50909.485,refuse,0,45,
50921.09,refuse,2,44,
50924.485,refuse,0,45,
50936.09,refuse,2,44,
50939.485,refuse,0,45,
50951.09,refuse,2,44,
50954.485,refuse,0,45,
50966.09,refuse,2,44,
50969.485,refuse,0,45,
50981.09,refuse,2,44,
50984.485,refuse,0,45,
50996.09,refuse,2,44,
50999.485,refuse,0,45,
51011.09,refuse,2,44,
51014.485,refuse,0,45,
51026.09,refuse,2,44,
51029.485,refuse,0,45,
51041.09,refuse,2,44,
51044.485,refuse,0,45,
51056.09,refuse,2,44,
51059.485,refuse,0,45,
51071.09,refuse,2,44,
51074.485,refuse,0,45,
51086.09,refuse,2,44,
51089.485,refuse,0,45,
51101.09,refuse,2,44,
51104.485,refuse,0,45,
51116.09,refuse,2,44,
51119.485,refuse,0,45,
51131.09,refuse,2,44,
51134.485,refuse,0,45,
51146.09,refuse,2,44,
51149.485,refuse,0,45,
51161.09,refuse,2,44,
51164.485,refuse,0,45,
51176.09,refuse,2,44,
51179.485,refuse,0,45,
51191.09,refuse,2,44,
51194.485,refuse,0,45,
51206.09,refuse,2,44,
51209.485,refuse,0,45,
51221.09,refuse,2,44,
51224.485,refuse,0,45,
51236.09,refuse,2,44,
51239.485,refuse,0,45,
51251.09,refuse,2,44,
51254.485,refuse,0,45,
51266.09,refuse,2,44,
51269.485,refuse,0,45,
51281.09,refuse,2,44,
51284.485,refuse,0,45,
51296.09,refuse,2,44,
51299.485,refuse,0,45,
51311.09,refuse,2,44,
51314.485,refuse,0,45,
51326.09,refuse,2,44,
51329.485,refuse,0,45,
51341.09,refuse,2,44,
51344.485,refuse,0,45,
51356.09,refuse,2,44,
51359.485,refuse,0,45,
51371.09,refuse,2,44,
51374.485,refuse,0,45,
51386.09,refuse,2,44,
51389.485,refuse,0,45,
51401.09,refuse,2,44,
51404.485,refuse,0,45,
51416.09,refuse,2,44,
51419.485,refuse,0,45,
51431.09,refuse,2,44,
51434.485,refuse,0,45,
51446.09,refuse,2,44,
51449.485,refuse,0,45,
51461.09,refuse,2,44,
51464.485,refuse,0,45,
51476.09,refuse,2,44,
51479.485,refuse,0,45,
51491.09,refuse,2,44,
51494.485,refuse,0,45,
51506.09,refuse,2,44,
51509.485,refuse,0,45,
51521.09,refuse,2,44,
51524.485,refuse,0,45,
51536.09,refuse,2,44,
51539.485,refuse,0,45,
51551.09,refuse,2,44,
51554.485,refuse,0,45,
51566.09,refuse,2,44,
51569.485,refuse,0,45,
51581.09,refuse,2,44,
51584.485,refuse,0,45,
51596.09,refuse,2,44,
51599.485,refuse,0,45,
51611.09,refuse,2,44,
51614.485,refuse,0,45,
51626.09,refuse,2,44,
51629.485,refuse,0,45,
51641.09,refuse,2,44,
51644.485,refuse,0,45,
51656.09,refuse,2,44,
51659.485,refuse,0,45,
51671.09,refuse,2,44,
51674.485,refuse,0,45,
51686.09,refuse,2,44,
51689.485,refuse,0,45,
51701.09,refuse,2,44,
51704.485,refuse,0,45,
51716.09,refuse,2,44,
51719.485,refuse,0,45,
51731.09,refuse,2,44,
51734.485,refuse,0,45,
51746.09,refuse,2,44,
51749.485,refuse,0,45,
51761.09,refuse,2,44,
51764.485,refuse,0,45,
51776.09,refuse,2,44,
51779.485,refuse,0,45,
51791.09,refuse,2,44,
51794.485,refuse,0,45,
51806.09,refuse,2,44,
51809.485,refuse,0,45,
51821.09,refuse,2,44,
51824.485,refuse,0,45,
51836.09,refuse,2,44,
51839.485,refuse,0,45,
51851.09,refuse,2,44,
51854.485,refuse,0,45,
51866.09,refuse,2,44,
51869.485,refuse,0,45,
51881.09,refuse,2,44,
51884.485,refuse,0,45,
51896.09,refuse,2,44,
51899.485,refuse,0,45,
51911.09,refuse,2,44,
51914.485,refuse,0,45,
51926.09,refuse,2,44,
51929.485,refuse,0,45,
51941.09,refuse,2,44,
51944.485,refuse,0,45,
51956.09,refuse,2,44,
51959.485,refuse,0,45,
51971.09,refuse,2,44,
51974.485,refuse,0,45,
51986.09,refuse,2,44,
51989.485,refuse,0,45,
51991.092,conflict-at-land,3,3,
52001.09,refuse,2,44,
52004.485,refuse,0,45,
52006.092,start,3,3,
52016.09,refuse,2,44,
52019.485,refuse,0,45,
52031.09,refuse,2,44,
52034.485,refuse,0,45,
52046.09,refuse,2,44,
52049.485,refuse,0,45,
52061.09,refuse,2,44,
52064.485,refuse,0,45,
52076.09,refuse,2,44,
52079.485,refuse,0,45,
52091.09,refuse,2,44,
52094.485,refuse,0,45,
52106.09,refuse,2,44,
52109.485,refuse,0,45,
52121.09,refuse,2,44,
52124.485,refuse,0,45,
52136.09,refuse,2,44,
52139.485,refuse,0,45,
52151.09,refuse,2,44,
52154.485,refuse,0,45,
52166.09,refuse,2,44,
52169.485,refuse,0,45,
52181.09,refuse,2,44,
52184.485,refuse,0,45,
52196.09,refuse,2,44,
52199.485,refuse,0,45,
52211.09,refuse,2,44,
52214.485,refuse,0,45,
52226.09,refuse,2,44,
52229.485,refuse,0,45,
52241.09,refuse,2,44,
52244.485,refuse,0,45,
52256.09,refuse,2,44,
52259.485,refuse,0,45,
52271.09,refuse,2,44,
52274.485,refuse,0,45,
52286.09,refuse,2,44,
52289.485,refuse,0,45,
52301.09,refuse,2,44,
52304.485,refuse,0,45,
52316.09,refuse,2,44,
52319.485,refuse,0,45,
52331.09,refuse,2,44,
52334.485,refuse,0,45,
52346.09,refuse,2,44,
52349.485,refuse,0,45,
52361.09,refuse,2,44,
52364.485,refuse,0,45,
52376.09,refuse,2,44,
52379.485,refuse,0,45,
52391.09,refuse,2,44,
52394.485,refuse,0,45,
52406.09,refuse,2,44,
52409.485,refuse,0,45,
52421.09,refuse,2,44,
52424.485,refuse,0,45,
52436.09,refuse,2,44,
52439.485,refuse,0,45,
52451.09,refuse,2,44,
52454.485,refuse,0,45,
52466.09,refuse,2,44,
52469.485,refuse,0,45,
52481.09,refuse,2,44,
52484.485,refuse,0,45,
52496.09,refuse,2,44,
52499.485,refuse,0,45,
52511.09,refuse,2,44,
52514.485,refuse,0,45,
52526.09,refuse,2,44,
52529.485,refuse,0,45,
52541.09,refuse,2,44,
52544.485,refuse,0,45,
52556.09,refuse,2,44,
52559.485,refuse,0,45,
52571.09,refuse,2,44,
52574.485,refuse,0,45,
52586.09,refuse,2,44,
52589.485,refuse,0,45,
52601.09,refuse,2,44,
52604.485,refuse,0,45,
52616.09,refuse,2,44,
52619.485,refuse,0,45,
52631.09,refuse,2,44,
52634.485,refuse,0,45,
52646.09,refuse,2,44,
52649.485,refuse,0,45,
52661.09,refuse,2,44,
52664.485,refuse,0,45,
52676.09,refuse,2,44,
52679.485,refuse,0,45,
52691.09,refuse,2,44,
52694.485,refuse,0,45,
52706.09,refuse,2,44,
52709.485,refuse,0,45,
52721.09,refuse,2,44,
52724.485,refuse,0,45,
52736.09,refuse,2,44,
52739.485,refuse,0,45,
52751.09,refuse,2,44,
52754.485,refuse,0,45,
52766.09,refuse,2,44,
52769.485,refuse,0,45,
52781.09,refuse,2,44,
52784.485,refuse,0,45,
52796.09,refuse,2,44,
52799.485,refuse,0,45,
52811.09,refuse,2,44,
52814.485,refuse,0,45,
52826.09,refuse,2,44,
52829.485,refuse,0,45,
52841.09,refuse,2,44,
52844.485,refuse,0,45,
52856.09,refuse,2,44,
52859.485,refuse,0,45,
52871.09,refuse,2,44,
52874.485,refuse,0,45,
52886.09,refuse,2,44,
52889.485,refuse,0,45,
52901.09,refuse,2,44,
52904.485,refuse,0,45,
52916.09,refuse,2,44,
52919.485,refuse,0,45,
52931.09,refuse,2,44,
52934.485,refuse,0,45,
52946.09,refuse,2,44,
52949.485,refuse,0,45,
52961.09,refuse,2,44,
52964.485,refuse,0,45,
52976.09,refuse,2,44,
52979.485,refuse,0,45,
52991.09,refuse,2,44,
52994.485,refuse,0,45,
53006.09,refuse,2,44,
53009.485,refuse,0,45,
53021.09,refuse,2,44,
53024.485,refuse,0,45,
53036.09,refuse,2,44,
53039.485,refuse,0,45,
53051.09,refuse,2,44,
53054.485,refuse,0,45,
53066.09,refuse,2,44,
53069.485,refuse,0,45,
53081.09,refuse,2,44,
53084.485,refuse,0,45,
53096.09,refuse,2,44,
53099.485,refuse,0,45,
53111.09,refuse,2,44,
53114.485,refuse,0,45,
53126.09,refuse,2,44,
53129.485,refuse,0,45,
53141.09,refuse,2,44,
53144.485,refuse,0,45,
53156.09,refuse,2,44,
53159.485,refuse,0,45,
53171.09,refuse,2,44,
53174.485,refuse,0,45,
53186.09,refuse,2,44,
53189.485,refuse,0,45,
53201.09,refuse,2,44,
53204.485,refuse,0,45,
53216.09,refuse,2,44,
53219.485,refuse,0,45,
53231.09,refuse,2,44,
53234.485,refuse,0,45,
53246.09,refuse,2,44,
53249.485,refuse,0,45,
53261.09,refuse,2,44,
53264.485,refuse,0,45,
53276.09,refuse,2,44,
53279.485,refuse,0,45,
53291.09,refuse,2,44,
53294.485,refuse,0,45,
53306.09,refuse,2,44,
53309.485,refuse,0,45,
53321.09,refuse,2,44,
53324.485,refuse,0,45,
53336.09,refuse,2,44,
53339.485,refuse,0,45,
53351.09,refuse,2,44,
53354.485,refuse,0,45,
53366.09,refuse,2,44,
53369.485,refuse,0,45,
53381.09,refuse,2,44,
53384.485,refuse,0,45,
53396.09,refuse,2,44,
53399.485,refuse,0,45,
53411.09,refuse,2,44,
53414.485,refuse,0,45,
53426.09,refuse,2,44,
53429.485,refuse,0,45,
53441.09,refuse,2,44,
53444.485,refuse,0,45,
53456.09,refuse,2,44,
53459.485,refuse,0,45,
53471.09,refuse,2,44,
53474.485,refuse,0,45,
53486.09,refuse,2,44,
53489.485,refuse,0,45,
53501.09,refuse,2,44,
53501.09,abandon,2,44,
53501.09,refuse,2,46,
53504.485,refuse,0,45,
53516.09,refuse,2,46,
53519.485,refuse,0,45,
53531.09,refuse,2,46,
53534.485,refuse,0,45,
53546.09,refuse,2,46,
53549.485,refuse,0,45,
53561.09,refuse,2,46,
53564.485,refuse,0,45,
53576.09,refuse,2,46,
53579.485,refuse,0,45,
53591.09,refuse,2,46,
53594.485,refuse,0,45,
53606.09,refuse,2,46,
53609.485,refuse,0,45,
53621.09,refuse,2,46,
53624.485,refuse,0,45,
53636.09,refuse,2,46,
53639.485,refuse,0,45,
53651.09,refuse,2,46,
53654.485,refuse,0,45,
53666.09,refuse,2,46,
53669.485,refuse,0,45,
53681.09,refuse,2,46,
53684.485,refuse,0,45,
53696.09,refuse,2,46,
53699.485,refuse,0,45,
53711.09,refuse,2,46,
53714.485,refuse,0,45,
53726.09,refuse,2,46,
53729.485,refuse,0,45,
53741.09,refuse,2,46,
53744.485,refuse,0,45,
53756.09,refuse,2,46,
53759.485,refuse,0,45,
53771.09,refuse,2,46,
53774.485,refuse,0,45,
53786.09,refuse,2,46,
53789.485,refuse,0,45,
53789.485,abandon,0,45,
53789.485,start,0,47,
53801.09,refuse,2,46,
53816.09,refuse,2,46,
53831.09,refuse,2,46,
53835.91,conflict-at-land,0,47,
53846.09,refuse,2,46,
53850.91,start,0,47,
53861.09,refuse,2,46,
53876.09,refuse,2,46,
53891.09,refuse,2,46,
53894.031,conflict-at-land,0,47,
53906.09,refuse,2,46,
53909.031,start,0,47,
53921.09,refuse,2,46,
53936.09,refuse,2,46,
53951.09,refuse,2,46,
53962.238,conflict-at-land,0,47,
53966.09,refuse,2,46,
53977.238,start,0,47,
53981.09,refuse,2,46,
53996.09,refuse,2,46,
54011.09,refuse,2,46,
54026.09,refuse,2,46,
54026.752,conflict-at-land,0,47,
54041.09,refuse,2,46,
54041.752,start,0,47,
54056.09,refuse,2,46,
54071.09,refuse,2,46,
54086.09,refuse,2,46,
54089.442,conflict-at-land,0,47,
54101.09,refuse,2,46,
54104.442,start,0,47,
54116.09,refuse,2,46,
54131.09,refuse,2,46,
54132.516,conflict-at-land,3,3,
54146.09,refuse,2,46,
54147.516,start,3,3,
54154.356,conflict-at-land,0,47,
54161.09,refuse,2,46,
54169.356,start,0,47,
54176.09,refuse,2,46,
54191.09,refuse,2,46,
54205.221,conflict-at-land,0,47,
54206.09,refuse,2,46,
54220.221,start,0,47,
54221.09,refuse,2,46,
54236.09,refuse,2,46,
54251.09,refuse,2,46,
54254.696,conflict-at-land,0,47,
54266.09,refuse,2,46,
54269.696,start,0,47,
54281.09,refuse,2,46,
54296.09,refuse,2,46,
54311.09,refuse,2,46,
54317.915,conflict-at-land,0,47,
54326.09,refuse,2,46,
54332.915,start,0,47,
54341.09,refuse,2,46,
54356.09,refuse,2,46,
54371.09,refuse,2,46,
54381.727,conflict-at-land,0,47,
54386.09,refuse,2,46,
54396.727,start,0,47,
54401.09,refuse,2,46,
54416.09,refuse,2,46,
54431.09,refuse,2,46,
54439.087,conflict-at-land,0,47,
54446.09,refuse,2,46,
54454.087,start,0,47,
54461.09,refuse,2,46,
54476.09,refuse,2,46,
54491.09,refuse,2,46,
54495.761,conflict-at-land,0,47,
54506.09,refuse,2,46,
54510.761,start,0,47,
54521.09,refuse,2,46,
54536.09,refuse,2,46,
54550.336,conflict-at-land,0,47,
54551.09,refuse,2,46,
54565.336,start,0,47,
54566.09,refuse,2,46,
54581.09,refuse,2,46,
54596.09,refuse,2,46,
54611.09,refuse,2,46,
54616.98,conflict-at-land,0,47,
54626.09,refuse,2,46,
54631.98,start,0,47,
54641.09,refuse,2,46,
54656.09,refuse,2,46,
54671.09,refuse,2,46,
54681.445,conflict-at-land,0,47,
54686.09,refuse,2,46,
54696.445,start,0,47,
54701.09,refuse,2,46,
54716.09,refuse,2,46,
54731.09,refuse,2,46,
54740.577,conflict-at-land,0,47,
54746.09,refuse,2,46,
54755.577,start,0,47,
54761.09,refuse,2,46,
54776.09,refuse,2,46,
54785.988,conflict-at-land,0,47,
54791.09,refuse,2,46,
54800.988,start,0,47,
54806.09,refuse,2,46,
54821.09,refuse,2,46,
54836.09,refuse,2,46,
54851.09,refuse,2,46,
54851.836,conflict-at-land,0,47,
54866.09,refuse,2,46,
54866.836,start,0,47,
54881.09,refuse,2,46,
54896.09,refuse,2,46,
54907.789,conflict-at-land,0,47,
54911.09,refuse,2,46,
54922.789,start,0,47,
54926.09,refuse,2,46,
54941.09,refuse,2,46,
54956.09,refuse,2,46,
54956.971,conflict-at-land,0,47,
54971.09,refuse,2,46,
54971.971,start,0,47,
54986.09,refuse,2,46,
55001.09,refuse,2,46,
55008.915,conflict-at-land,0,47,
55016.09,refuse,2,46,
55023.915,start,0,47,
55031.09,refuse,2,46,
55046.09,refuse,2,46,
55061.09,refuse,2,46,
55070.737,conflict-at-land,0,47,
55076.09,refuse,2,46,
55085.737,start,0,47,
55091.09,refuse,2,46,
55106.09,refuse,2,46,
55115.275,conflict-at-land,0,47,
55121.09,refuse,2,46,
55130.275,start,0,47,
55136.09,refuse,2,46,
55151.09,refuse,2,46,
55162.701,conflict-at-land,0,47,
55166.09,refuse,2,46,
55177.701,start,0,47,
55181.09,refuse,2,46,
55196.09,refuse,2,46,
55211.09,refuse,2,46,
55214.727,conflict-at-land,0,47,
55226.09,refuse,2,46,
55229.727,start,0,47,
55241.09,refuse,2,46,
55256.09,refuse,2,46,
55271.09,refuse,2,46,
55281.485,conflict-at-land,0,47,
55286.09,refuse,2,46,
55296.485,start,0,47,
55301.09,refuse,2,46,
55316.09,refuse,2,46,
55331.09,refuse,2,46,
55344.706,conflict-at-land,0,47,
55346.09,refuse,2,46,
55359.706,start,0,47,
55361.09,refuse,2,46,
55376.09,refuse,2,46,
55391.09,refuse,2,46,
55406.09,refuse,2,46,
55413.569,conflict-at-land,0,47,
55421.09,refuse,2,46,
55428.569,start,0,47,
55436.09,refuse,2,46,
55451.09,refuse,2,46,
55466.09,refuse,2,46,
55471.654,conflict-at-land,0,47,
55481.09,refuse,2,46,
55486.654,start,0,47,
55496.09,refuse,2,46,
55511.09,refuse,2,46,
55526.09,refuse,2,46,
55530.467,conflict-at-land,0,47,
55541.09,refuse,2,46,
55545.467,start,0,47,
55556.09,refuse,2,46,
55571.09,refuse,2,46,
55586.09,refuse,2,46,
55588.762,conflict-at-land,0,47,
55601.09,refuse,2,46,
55603.762,start,0,47,
55616.09,refuse,2,46,
55631.09,refuse,2,46,
55646.09,refuse,2,46,
55646.408,conflict-at-land,0,47,
55661.09,refuse,2,46,
55661.408,start,0,47,
55676.09,refuse,2,46,
55691.09,refuse,2,46,
55704.467,conflict-at-land,0,47,
55706.09,refuse,2,46,
55719.467,start,0,47,
55721.09,refuse,2,46,
55736.09,refuse,2,46,
55751.09,refuse,2,46,
55766.09,refuse,2,46,
55769.495,conflict-at-land,0,47,
55781.09,refuse,2,46,
55784.495,start,0,47,
55796.09,refuse,2,46,
55811.09,refuse,2,46,
55826.09,refuse,2,46,
55837.92,conflict-at-land,0,47,
55841.09,refuse,2,46,
55852.92,start,0,47,
55856.09,refuse,2,46,
55871.09,refuse,2,46,
55886.09,refuse,2,46,
55892.609,conflict-at-land,0,47,
55901.09,refuse,2,46,
55907.609,start,0,47,
55916.09,refuse,2,46,
55931.09,refuse,2,46,
55946.09,refuse,2,46,
55952.884,conflict-at-land,0,47,
55961.09,refuse,2,46,
55967.884,start,0,47,
55976.09,refuse,2,46,
55991.09,refuse,2,46,
56005.04,conflict-at-land,0,47,
56006.09,refuse,2,46,
56020.04,start,0,47,
56021.09,refuse,2,46,
56036.09,refuse,2,46,
56051.09,refuse,2,46,
56057.048,conflict-at-land,0,47,
56066.09,refuse,2,46,
56072.048,start,0,47,
56081.09,refuse,2,46,
56096.09,refuse,2,46,
56111.09,refuse,2,46,
56114.207,conflict-at-land,0,47,
56126.09,refuse,2,46,
56129.207,start,0,47,
56141.09,refuse,2,46,
56156.09,refuse,2,46,
56171.09,refuse,2,46,
56173.381,conflict-at-land,0,47,
56186.09,refuse,2,46,
56188.381,start,0,47,
56201.09,refuse,2,46,
56216.09,refuse,2,46,
56231.09,refuse,2,46,
56231.641,conflict-at-land,0,47,
56246.09,refuse,2,46,
56246.641,start,0,47,
56261.09,refuse,2,46,
56276.09,refuse,2,46,
56291.09,refuse,2,46,
56300.651,conflict-at-land,0,47,
56306.09,refuse,2,46,
56315.651,start,0,47,
56321.09,refuse,2,46,
56336.09,refuse,2,46,
56349.158,conflict-at-land,0,47,
56351.09,refuse,2,46,
56364.158,start,0,47,
56366.09,refuse,2,46,
56381.09,refuse,2,46,
56396.09,refuse,2,46,
56409.602,conflict-at-land,0,47,
56411.09,refuse,2,46,
56424.602,start,0,47,
56426.09,refuse,2,46,
56441.09,refuse,2,46,
56456.09,refuse,2,46,
56471.09,refuse,2,46,
56479.064,conflict-at-land,0,47,
56486.09,refuse,2,46,
56494.064,start,0,47,
56501.09,refuse,2,46,
56501.09,abandon,2,46,
56501.09,refuse,2,48,
56516.09,refuse,2,48,
56531.09,refuse,2,48,
56542.015,conflict-at-land,0,47,
56546.09,start,2,48,
56557.015,refuse,0,47,
56572.015,refuse,0,47,
56587.015,refuse,0,47,
56602.015,refuse,0,47,
56617.015,refuse,0,47,
56620.938,conflict-at-land,2,48,
56632.015,start,0,47,
56635.938,refuse,2,48,
56650.938,refuse,2,48,
56665.938,refuse,2,48,
56670.697,conflict-at-land,0,47,
56680.938,start,2,48,
56685.697,refuse,0,47,
56700.697,refuse,0,47,
56715.697,refuse,0,47,
56730.697,refuse,0,47,
56745.697,refuse,0,47,
56748.71,conflict-at-land,2,48,
56760.697,start,0,47,
56763.71,refuse,2,48,
56778.71,refuse,2,48,
56793.71,refuse,2,48,
56808.71,refuse,2,48,
56813.698,conflict-at-land,0,47,
56823.71,start,2,48,
56828.698,refuse,0,47,
56843.698,refuse,0,47,
56858.698,refuse,0,47,
56873.698,refuse,0,47,
56888.698,refuse,0,47,
56903.698,refuse,0,47,
56912.788,conflict-at-land,2,48,
56918.698,start,0,47,
56927.788,refuse,2,48,
56942.788,refuse,2,48,
56957.788,refuse,2,48,
56964.974,conflict-at-land,0,47,
56972.788,start,2,48,
56979.974,refuse,0,47,
56994.974,refuse,0,47,
57009.974,refuse,0,47,
57024.974,refuse,0,47,
57038.858,conflict-at-land,3,3,
57039.974,refuse,0,47,
57053.858,start,3,3,
57054.974,refuse,0,47,
57062.014,conflict-at-land,2,48,
57069.974,start,0,47,
57077.014,refuse,2,48,
57092.014,refuse,2,48,
57107.014,refuse,2,48,
57120.701,conflict-at-land,0,47,
57122.014,start,2,48,
57135.701,refuse,0,47,
57150.701,refuse,0,47,
57165.701,refuse,0,47,
57180.701,refuse,0,47,
57188.978,conflict-at-land,2,48,
57195.701,start,0,47,
57203.978,refuse,2,48,
57218.978,refuse,2,48,
57233.978,refuse,2,48,
57236.803,conflict-at-land,0,47,
57248.978,start,2,48,
57251.803,refuse,0,47,
57266.803,refuse,0,47,
57281.803,refuse,0,47,
57296.803,refuse,0,47,
57311.803,refuse,0,47,
57326.803,refuse,0,47,
57333.761,conflict-at-land,2,48,
57341.803,start,0,47,
57348.761,refuse,2,48,
57363.761,refuse,2,48,
57378.761,refuse,2,48,
57380.594,conflict-at-land,0,47,
57393.761,start,2,48,
57395.594,refuse,0,47,
57410.594,refuse,0,47,
57425.594,refuse,0,47,
57440.594,refuse,0,47,
57455.594,refuse,0,47,
57470.594,refuse,0,47,
57476.534,conflict-at-land,2,48,
57485.594,start,0,47,
57491.534,refuse,2,48,
57506.534,refuse,2,48,
57521.534,refuse,2,48,
57527.126,conflict-at-land,0,47,
57536.534,start,2,48,
57542.126,refuse,0,47,
57557.126,refuse,0,47,
57572.126,refuse,0,47,
57587.126,refuse,0,47,
57601.472,conflict-at-land,2,48,
57602.126,start,0,47,
57616.472,refuse,2,48,
57631.472,refuse,2,48,
57643.02,conflict-at-land,0,47,
57646.472,start,2,48,
57658.02,refuse,0,47,
57673.02,refuse,0,47,
57688.02,refuse,0,47,
57701.905,conflict-at-land,2,48,
57703.02,start,0,47,
57716.905,refuse,2,48,
57731.905,refuse,2,48,
57741.354,conflict-at-land,0,47,
57746.905,start,2,48,
57756.354,refuse,0,47,
57771.354,refuse,0,47,
57786.354,refuse,0,47,
57801.354,refuse,0,47,
57815.242,conflict-at-land,2,48,
57816.354,start,0,47,
57830.242,refuse,2,48,
57845.242,refuse,2,48,
57846.211,conflict-at-land,0,47,
57860.242,start,2,48,
57861.211,refuse,0,47,
57876.211,refuse,0,47,
57891.211,refuse,0,47,
57906.211,refuse,0,47,
57918.075,conflict-at-land,2,48,
57921.211,start,0,47,
57933.075,refuse,2,48,
57948.075,refuse,2,48,
57957.169,conflict-at-land,0,47,
57963.075,start,2,48,
57972.169,refuse,0,47,
57987.169,refuse,0,47,
58002.169,refuse,0,47,
58017.169,refuse,0,47,
58032.169,refuse,0,47,
58047.169,refuse,0,47,
58050.536,conflict-at-land,2,48,
58062.169,start,0,47,
58065.536,refuse,2,48,
58080.536,refuse,2,48,
58095.536,refuse,2,48,
58106.427,conflict-at-land,0,47,
58110.536,start,2,48,
58121.427,refuse,0,47,
58136.427,refuse,0,47,
58151.427,refuse,0,47,
58166.427,refuse,0,47,
58173.341,conflict-at-land,2,48,
58181.427,start,0,47,
58188.341,refuse,2,48,
58203.341,refuse,2,48,
58218.341,refuse,2,48,
58233.341,refuse,2,48,
58235.969,conflict-at-land,0,47,
58248.341,start,2,48,
58250.969,refuse,0,47,
58265.969,refuse,0,47,
58280.969,refuse,0,47,
58295.969,refuse,0,47,
58309.883,conflict-at-land,2,48,
58310.969,start,0,47,
58324.883,refuse,2,48,
58339.883,refuse,2,48,
58353.317,conflict-at-land,0,47,
58354.883,start,2,48,
58368.317,refuse,0,47,
58383.317,refuse,0,47,
58398.317,refuse,0,47,
58413.317,refuse,0,47,
58428.317,refuse,0,47,
58437.23,conflict-at-land,2,48,
58443.317,start,0,47,
58452.23,refuse,2,48,
58467.23,refuse,2,48,
58482.23,refuse,2,48,
58490.138,conflict-at-land,0,47,
58497.23,start,2,48,
58505.138,refuse,0,47,
58520.138,refuse,0,47,
58535.138,refuse,0,47,
58550.138,refuse,0,47,
58565.138,refuse,0,47,
58566.357,conflict-at-land,2,48,
58580.138,start,0,47,
58581.357,refuse,2,48,
58596.357,refuse,2,48,
58611.357,refuse,2,48,
58626.357,refuse,2,48,
58629.118,conflict-at-land,0,47,
58641.357,start,2,48,
58644.118,refuse,0,47,
58659.118,refuse,0,47,
58674.118,refuse,0,47,
58689.118,refuse,0,47,
58704.118,refuse,0,47,
58712.744,conflict-at-land,2,48,
58719.118,start,0,47,
58727.744,refuse,2,48,
58742.744,refuse,2,48,
58757.744,refuse,2,48,
58766.548,conflict-at-land,0,47,
58772.744,start,2,48,
58781.548,refuse,0,47,
58796.548,refuse,0,47,
58811.548,refuse,0,47,
58826.548,refuse,0,47,
58841.548,refuse,0,47,
58844.371,conflict-at-land,2,48,
58856.548,start,0,47,
58859.371,refuse,2,48,
58874.371,refuse,2,48,
58889.371,refuse,2,48,
58904.371,refuse,2,48,
58910.43,conflict-at-land,0,47,
58919.371,start,2,48,
58925.43,refuse,0,47,
58940.43,refuse,0,47,
58955.43,refuse,0,47,
58970.43,refuse,0,47,
58985.43,refuse,0,47,
59000.43,refuse,0,47,
59000.71,conflict-at-land,2,48,
59015.43,start,0,47,
59015.71,refuse,2,48,
59030.71,refuse,2,48,
59045.71,refuse,2,48,
59047.133,conflict-at-land,0,47,
59060.71,start,2,48,
59062.133,refuse,0,47,
59077.133,refuse,0,47,
59092.133,refuse,0,47,
59107.133,refuse,0,47,
59116.703,conflict-at-land,2,48,
59122.133,start,0,47,
59131.703,refuse,2,48,
59146.703,refuse,2,48,
59161.703,refuse,2,48,
59175.889,conflict-at-land,0,47,
59176.703,start,2,48,
59190.889,refuse,0,47,
59205.889,refuse,0,47,
59220.889,refuse,0,47,
59235.889,refuse,0,47,
59237.006,conflict-at-land,2,48,
59250.889,start,0,47,
59252.006,refuse,2,48,
59267.006,refuse,2,48,
59280.947,conflict-at-land,0,47,
59282.006,start,2,48,
59295.947,refuse,0,47,
59310.947,refuse,0,47,
59325.947,refuse,0,47,
59340.947,refuse,0,47,
59343.345,conflict-at-land,2,48,
59355.947,start,0,47,
59358.345,refuse,2,48,
59373.345,refuse,2,48,
59388.345,refuse,2,48,
59397.438,conflict-at-land,0,47,
59403.345,start,2,48,
59412.438,refuse,0,47,
59427.438,refuse,0,47,
59442.438,refuse,0,47,
59457.438,refuse,0,47,
59472.438,refuse,0,47,
59487.438,refuse,0,47,
59494.879,conflict-at-land,2,48,
59502.438,start,0,47,
59509.879,refuse,2,48,
59524.879,refuse,2,48,
59539.879,refuse,2,48,
59541.896,conflict-at-land,0,47,
59554.879,start,2,48,
59556.896,refuse,0,47,
59571.896,refuse,0,47,
59586.896,refuse,0,47,
59601.896,refuse,0,47,
59616.896,refuse,0,47,
59631.896,refuse,0,47,
59636.534,conflict-at-land,2,48,
59646.896,start,0,47,
59651.534,refuse,2,48,
59666.534,refuse,2,48,
59681.534,refuse,2,48,
59696.534,refuse,2,48,
59697.322,conflict-at-land,0,47,
59711.534,start,2,48,
59712.322,refuse,0,47,
59727.322,refuse,0,47,
59742.322,refuse,0,47,
59757.322,refuse,0,47,
59765.786,conflict-at-land,2,48,
59772.322,start,0,47,
59780.786,refuse,2,48,
59795.786,refuse,2,48,
59810.786,refuse,2,48,
59817.142,conflict-at-land,0,47,
59825.786,start,2,48,
59832.142,refuse,0,47,
59847.142,refuse,0,47,
59847.707,conflict-at-land,3,3,
59862.142,refuse,0,47,
59862.707,start,3,3,
59877.142,refuse,0,47,
59892.142,refuse,0,47,
59907.142,refuse,0,47,
59919.204,conflict-at-land,2,48,
59922.142,start,0,47,
59934.204,refuse,2,48,
59949.204,refuse,2,48,
59964.204,refuse,2,48,
59965.011,conflict-at-land,0,47,
59979.204,start,2,48,
59980.011,refuse,0,47,
59980.011,abandon,0,47,
59980.011,refuse,0,49,
59995.011,refuse,0,49,
60010.011,refuse,0,49,
60025.011,refuse,0,49,
60040.011,refuse,0,49,
60044.582,conflict-at-land,2,48,
60055.011,start,0,49,
60059.582,refuse,2,48,
60066.42,conflict-at-land,0,49,
60074.582,start,2,48,
60081.42,refuse,0,49,
60096.42,refuse,0,49,
60111.42,refuse,0,49,
60126.42,refuse,0,49,
60141.42,refuse,0,49,
60156.42,refuse,0,49,
60166.868,conflict-at-land,2,48,
60171.42,start,0,49,
60178.277,conflict-at-land,0,49,
60181.868,start,2,48,
60193.277,refuse,0,49,
60208.277,refuse,0,49,
60223.277,refuse,0,49,
60238.277,refuse,0,49,
60253.277,refuse,0,49,
60256.151,conflict-at-land,2,48,
60268.277,start,0,49,
60271.151,refuse,2,48,
60276.843,conflict-at-land,0,49,
60286.151,start,2,48,
60291.843,refuse,0,49,
60306.843,refuse,0,49,
60321.843,refuse,0,49,
60336.843,refuse,0,49,
60351.843,refuse,0,49,
60365.566,conflict-at-land,2,48,
60366.843,start,0,49,
60373.784,conflict-at-land,0,49,
60380.566,start,2,48,
60388.784,refuse,0,49,
60403.784,refuse,0,49,
60418.784,refuse,0,49,
60433.784,refuse,0,49,
60442.428,conflict-at-land,2,48,
60448.784,start,0,49,
60456.589,conflict-at-land,0,49,
60457.428,start,2,48,
60471.589,refuse,0,49,
60486.589,refuse,0,49,
60501.589,refuse,0,49,
60516.589,refuse,0,49,
60528.552,conflict-at-land,2,48,
60531.589,start,0,49,
60542.173,conflict-at-land,0,49,
60543.552,start,2,48,
60557.173,refuse,0,49,
60572.173,refuse,0,49,
60587.173,refuse,0,49,
60602.173,refuse,0,49,
60617.173,refuse,0,49,
60631.011,conflict-at-land,2,48,
60632.173,start,0,49,
60642.719,conflict-at-land,0,49,
60646.011,start,2,48,
60657.719,refuse,0,49,
60672.719,refuse,0,49,
60687.719,refuse,0,49,
60702.719,refuse,0,49,
60717.719,refuse,0,49,
60725.649,conflict-at-land,2,48,
60732.719,start,0,49,
60739.49,conflict-at-land,0,49,
60740.649,start,2,48,
60754.49,refuse,0,49,
60769.49,refuse,0,49,
60784.49,refuse,0,49,
60799.49,refuse,0,49,
60807.885,conflict-at-land,2,48,
60814.49,start,0,49,
60822.885,refuse,2,48,
60824.401,conflict-at-land,0,49,
60837.885,start,2,48,
60839.401,refuse,0,49,
60854.401,refuse,0,49,
60869.401,refuse,0,49,
60884.401,refuse,0,49,
60899.401,refuse,0,49,
60900.996,conflict-at-land,2,48,
60914.401,start,0,49,
60915.996,refuse,2,48,
60923.443,conflict-at-land,0,49,
60930.996,start,2,48,
60938.443,refuse,0,49,
60953.443,refuse,0,49,
60968.443,refuse,0,49,
60983.443,refuse,0,49,
60998.443,refuse,0,49,
61013.443,refuse,0,49,
61020.496,conflict-at-land,2,48,
61028.443,start,0,49,
61035.371,conflict-at-land,0,49,
61035.496,start,2,48,
61050.371,refuse,0,49,
61065.371,refuse,0,49,
61080.371,refuse,0,49,
61095.371,refuse,0,49,
61110.371,refuse,0,49,
61122.783,conflict-at-land,2,48,
61125.371,start,0,49,
61132.242,conflict-at-land,0,49,
61137.783,start,2,48,
61147.242,refuse,0,49,
61162.242,refuse,0,49,
61177.242,refuse,0,49,
61192.242,refuse,0,49,
61204.874,conflict-at-land,2,48,
61207.242,start,0,49,
61218.431,conflict-at-land,0,49,
61219.874,start,2,48,
61233.431,refuse,0,49,
61248.431,refuse,0,49,
61263.431,refuse,0,49,
61278.431,refuse,0,49,
61278.966,conflict-at-land,2,48,
61293.431,start,0,49,
61293.966,refuse,2,48,
61302.543,conflict-at-land,0,49,
61308.966,start,2,48,
61317.543,refuse,0,49,
61332.543,refuse,0,49,
61347.543,refuse,0,49,
61362.543,refuse,0,49,
61377.363,conflict-at-land,2,48,
61377.543,start,0,49,
61388.638,conflict-at-land,0,49,
61392.363,start,2,48,
61403.638,refuse,0,49,
61418.638,refuse,0,49,
61433.638,refuse,0,49,
61448.638,refuse,0,49,
61463.638,refuse,0,49,
61478.638,refuse,0,49,
61485.62,conflict-at-land,2,48,
61493.638,start,0,49,
61500.62,refuse,2,48,
61501.496,conflict-at-land,0,49,
61515.62,start,2,48,
61516.496,refuse,0,49,
61531.496,refuse,0,49,
61546.496,refuse,0,49,
61561.496,refuse,0,49,
61576.496,refuse,0,49,
61587.295,conflict-at-land,2,48,
61591.496,start,0,49,
61602.295,refuse,2,48,
61602.629,conflict-at-land,0,49,
61617.295,start,2,48,
61617.629,refuse,0,49,
61632.629,refuse,0,49,
61647.629,refuse,0,49,
61662.629,refuse,0,49,
61677.629,refuse,0,49,
61691.23,conflict-at-land,2,48,
61692.629,start,0,49,
61700.088,conflict-at-land,0,49,
61706.23,start,2,48,
61715.088,refuse,0,49,
61730.088,refuse,0,49,
61745.088,refuse,0,49,
61760.088,refuse,0,49,
61775.088,refuse,0,49,
61789.448,conflict-at-land,2,48,
61790.088,start,0,49,
61798.209,conflict-at-land,0,49,
61804.448,start,2,48,
61813.209,refuse,0,49,
61828.209,refuse,0,49,
61843.209,refuse,0,49,
61858.209,refuse,0,49,
61873.209,refuse,0,49,
61875.842,conflict-at-land,2,48,
61888.209,start,0,49,
61890.842,refuse,2,48,
61894.555,conflict-at-land,0,49,
61905.842,start,2,48,
61909.555,refuse,0,49,
61924.555,refuse,0,49,
61939.555,refuse,0,49,
61954.555,refuse,0,49,
61969.555,refuse,0,49,
61984.555,refuse,0,49,
61998.965,conflict-at-land,2,48,
61999.555,start,0,49,
62009.404,conflict-at-land,0,49,
62013.965,start,2,48,
62024.404,refuse,0,49,
62039.404,refuse,0,49,
62054.404,refuse,0,49,
62069.404,refuse,0,49,
62084.404,refuse,0,49,
62099.404,refuse,0,49,
62104.36,conflict-at-land,2,48,
62114.404,start,0,49,
62119.36,refuse,2,48,
62125.935,conflict-at-land,0,49,
62134.36,start,2,48,
62140.935,refuse,0,49,
62154.947,conflict-at-land,3,3,
62155.935,refuse,0,49,
62169.947,start,3,3,
62170.935,refuse,0,49,
62185.935,refuse,0,49,
62196.318,conflict-at-land,2,48,
62200.935,start,0,49,
62209.613,conflict-at-land,0,49,
62211.318,start,2,48,
62224.613,refuse,0,49,
62239.613,refuse,0,49,
62254.613,refuse,0,49,
62269.613,refuse,0,49,
62284.613,refuse,0,49,
62294.544,conflict-at-land,2,48,
62299.613,start,0,49,
62309.544,refuse,2,48,
62310.461,conflict-at-land,0,49,
62324.544,start,2,48,
62325.461,refuse,0,49,
62340.461,refuse,0,49,
62355.461,refuse,0,49,
62370.461,refuse,0,49,
62384.817,conflict-at-land,2,48,
62385.461,start,0,49,
62393.244,conflict-at-land,0,49,
62399.817,start,2,48,
62408.244,refuse,0,49,
62423.244,refuse,0,49,
62438.244,refuse,0,49,
62453.244,refuse,0,49,
62468.244,refuse,0,49,
62480.728,conflict-at-land,2,48,
62483.244,start,0,49,
62491.767,conflict-at-land,0,49,
62495.728,start,2,48,
62506.767,refuse,0,49,
62521.767,refuse,0,49,
62536.767,refuse,0,49,
62551.753,conflict-at-land,2,48,
62551.767,start,0,49,
62559.122,conflict-at-land,0,49,
62566.753,start,2,48,
62574.122,refuse,0,49,
62589.122,refuse,0,49,
62604.122,refuse,0,49,
62619.122,refuse,0,49,
62634.122,refuse,0,49,
62641.381,conflict-at-land,2,48,
62649.122,start,0,49,
62656.381,refuse,2,48,
62658.653,conflict-at-land,0,49,
62671.381,start,2,48,
62673.653,refuse,0,49,
62688.653,refuse,0,49,
62703.653,refuse,0,49,
62718.653,refuse,0,49,
62733.653,refuse,0,49,
62748.653,refuse,0,49,
62763.256,conflict-at-land,2,48,
62763.653,start,0,49,
62772.83,conflict-at-land,0,49,
62778.256,start,2,48,
62787.83,refuse,0,49,
62802.83,refuse,0,49,
62817.83,refuse,0,49,
62832.83,refuse,0,49,
62847.83,refuse,0,49,
62854.964,conflict-at-land,2,48,
62862.83,start,0,49,
62869.934,conflict-at-land,0,49,
62869.964,start,2,48,
62884.934,refuse,0,49,
62899.934,refuse,0,49,
62914.934,refuse,0,49,
62929.934,refuse,0,49,
62938.241,conflict-at-land,2,48,
62944.934,start,0,49,
62952.745,conflict-at-land,0,49,
62953.241,start,2,48,
62967.745,refuse,0,49,
62982.745,refuse,0,49,
62997.745,refuse,0,49,
63012.745,refuse,0,49,
63027.745,refuse,0,49,
63033.683,conflict-at-land,2,48,
63042.745,start,0,49,
63048.683,refuse,2,48,
63050.487,conflict-at-land,0,49,
63063.683,start,2,48,
63065.487,refuse,0,49,
63080.487,refuse,0,49,
63095.487,refuse,0,49,
63110.487,refuse,0,49,
63123.345,conflict-at-land,2,48,
63125.487,start,0,49,
63133.773,conflict-at-land,0,49,
63138.345,start,2,48,
63148.773,refuse,0,49,
63163.773,refuse,0,49,
63178.773,refuse,0,49,
63193.773,refuse,0,49,
63208.773,refuse,0,49,
63209.073,conflict-at-land,2,48,
63223.773,start,0,49,
63224.073,refuse,2,48,
63231.9,conflict-at-land,0,49,
63239.073,start,2,48,
63246.9,refuse,0,49,
63261.9,refuse,0,49,
63276.9,refuse,0,49,
63276.9,abandon,0,49,
63276.9,refuse,0,50,
63291.9,refuse,0,50,
63306.9,refuse,0,50,
63315.64,conflict-at-land,2,48,
63321.9,start,0,50,
63330.64,refuse,2,48,
63331.605,conflict-at-land,0,50,
63345.64,start,2,48,
63346.605,refuse,0,50,
63361.605,refuse,0,50,
63376.605,refuse,0,50,
63391.605,refuse,0,50,
63406.605,refuse,0,50,
63421.605,refuse,0,50,
63434.052,conflict-at-land,2,48,
63436.605,start,0,50,
63449.052,refuse,2,48,
63450.003,conflict-at-land,0,50,
63459.222,conflict-at-land,1,8,
63464.052,start,2,48,
63465.003,refuse,0,50,
63474.222,start,1,8,
63480.003,refuse,0,50,
63495.003,refuse,0,50,
63510.003,refuse,0,50,
63525.003,refuse,0,50,
63537.554,conflict-at-land,2,48,
63540.003,start,0,50,
63550.75,conflict-at-land,0,50,
63552.554,start,2,48,
63565.75,refuse,0,50,
63580.75,refuse,0,50,
63595.75,refuse,0,50,
63610.75,refuse,0,50,
63625.75,refuse,0,50,
63632.767,conflict-at-land,2,48,
63640.75,start,0,50,
63647.767,refuse,2,48,
63653.795,conflict-at-land,0,50,
63662.767,start,2,48,
63668.795,refuse,0,50,
63683.795,refuse,0,50,
63698.795,refuse,0,50,
63713.795,refuse,0,50,
63728.795,refuse,0,50,
63743.795,refuse,0,50,
63748.243,conflict-at-land,2,48,
63758.795,start,0,50,
63763.243,refuse,2,48,
63773.613,conflict-at-land,0,50,
63778.243,start,2,48,
63788.613,refuse,0,50,
63803.613,refuse,0,50,
63818.613,refuse,0,50,
63833.613,refuse,0,50,
63842.267,conflict-at-land,2,48,
63848.613,start,0,50,
63857.267,refuse,2,48,
63860.568,conflict-at-land,0,50,
63872.267,start,2,48,
63875.568,refuse,0,50,
63890.568,refuse,0,50,
63905.568,refuse,0,50,
63920.568,refuse,0,50,
63935.568,refuse,0,50,
63936.925,conflict-at-land,2,48,
63950.568,start,0,50,
63951.925,refuse,2,48,
63959.889,conflict-at-land,0,50,
63966.925,start,2,48,
63974.889,refuse,0,50,
63989.889,refuse,0,50,
64004.889,refuse,0,50,
64019.889,refuse,0,50,
64023.378,conflict-at-land,2,48,
64034.889,start,0,50,
64038.378,refuse,2,48,
64045.136,conflict-at-land,0,50,
64053.378,start,2,48,
64060.136,refuse,0,50,
64075.136,refuse,0,50,
64090.136,refuse,0,50,
64105.136,refuse,0,50,
64107.581,conflict-at-land,2,48,
64120.136,start,0,50,
64122.581,refuse,2,48,
64132.415,conflict-at-land,0,50,
64137.581,start,2,48,
64147.415,refuse,0,50,
64162.415,refuse,0,50,
64177.415,refuse,0,50,
64192.415,refuse,0,50,
64207.415,refuse,0,50,
64218.347,conflict-at-land,2,48,
64222.415,start,0,50,
64233.347,refuse,2,48,
64234.87,conflict-at-land,0,50,
64248.347,start,2,48,
64249.87,refuse,0,50,
64264.87,refuse,0,50,
64279.87,refuse,0,50,
64294.87,refuse,0,50,
64309.87,refuse,0,50,
64324.87,refuse,0,50,
64328.329,conflict-at-land,2,48,
64339.87,start,0,50,
64343.329,refuse,2,48,
64349.899,conflict-at-land,0,50,
64358.329,start,2,48,
64364.899,refuse,0,50,
64379.899,refuse,0,50,
64394.899,refuse,0,50,
64409.899,refuse,0,50,
64417.343,conflict-at-land,2,48,
64424.899,start,0,50,
64432.343,refuse,2,48,
64437.385,conflict-at-land,0,50,
64447.343,start,2,48,
64450.087,conflict-at-land,3,3,
64452.385,refuse,0,50,
64465.087,start,3,3,
64467.385,refuse,0,50,
64482.385,refuse,0,50,
64497.385,refuse,0,50,
64512.385,refuse,0,50,
64527.385,refuse,0,50,
64535.944,conflict-at-land,2,48,
64542.385,start,0,50,
64550.816,conflict-at-land,0,50,
64550.944,start,2,48,
64565.816,refuse,0,50,
64580.816,refuse,0,50,
64595.816,refuse,0,50,
64602.211,conflict-at-land,2,48,
64610.816,start,0,50,
64617.211,refuse,2,48,
64621.414,conflict-at-land,0,50,
64632.211,start,2,48,
64636.414,refuse,0,50,
64651.414,refuse,0,50,
64666.414,refuse,0,50,
64681.414,refuse,0,50,
64696.414,refuse,0,50,
64709.195,conflict-at-land,2,48,
64711.414,start,0,50,
64720.423,conflict-at-land,0,50,
64724.195,start,2,48,
64735.423,refuse,0,50,
64750.423,refuse,0,50,
64765.423,refuse,0,50,
64780.423,refuse,0,50,
64784.294,conflict-at-land,2,48,
64795.423,start,0,50,
64799.294,refuse,2,48,
64808.724,conflict-at-land,0,50,
64814.294,start,2,48,
64823.724,refuse,0,50,
64838.724,refuse,0,50,
64853.724,refuse,0,50,
64868.724,refuse,0,50,
64883.724,refuse,0,50,
64898.724,refuse,0,50,
64907.245,conflict-at-land,2,48,
64913.724,start,0,50,
64922.245,refuse,2,48,
64924.579,conflict-at-land,0,50,
64937.245,start,2,48,
64939.579,refuse,0,50,
64954.579,refuse,0,50,
64969.579,refuse,0,50,
64984.579,refuse,0,50,
64999.579,refuse,0,50,
65013.615,conflict-at-land,2,48,
65014.579,start,0,50,
65026.712,conflict-at-land,0,50,
65028.615,start,2,48,
65041.712,refuse,0,50,
65056.712,refuse,0,50,
65071.712,refuse,0,50,
65080.014,conflict-at-land,2,48,
65086.712,start,0,50,
65095.014,refuse,2,48,
65097.487,conflict-at-land,0,50,
65110.014,start,2,48,
65112.487,refuse,0,50,
65127.487,refuse,0,50,
65142.487,refuse,0,50,
65157.487,refuse,0,50,
65166.437,conflict-at-land,2,48,
65172.487,start,0,50,
65181.437,refuse,2,48,
65182.693,conflict-at-land,0,50,
65196.437,start,2,48,
65197.693,refuse,0,50,
65212.693,refuse,0,50,
65227.693,refuse,0,50,
65242.693,refuse,0,50,
65257.693,refuse,0,50,
65272.693,refuse,0,50,
65280.101,conflict-at-land,2,48,
65287.693,start,0,50,
65295.101,refuse,2,48,
65300.997,conflict-at-land,0,50,
65310.101,start,2,48,
65315.997,refuse,0,50,
65330.997,refuse,0,50,
65345.997,refuse,0,50,
65360.997,refuse,0,50,
65362.273,conflict-at-land,2,48,
65375.997,start,0,50,
65377.273,refuse,2,48,
65384.955,conflict-at-land,0,50,
65392.273,start,2,48,
65399.955,refuse,0,50,
65414.955,refuse,0,50,
65429.955,refuse,0,50,
65444.955,refuse,0,50,
65459.955,refuse,0,50,
65473.99,conflict-at-land,2,48,
65474.955,start,0,50,
65484.098,conflict-at-land,0,50,
65488.99,start,2,48,
65499.098,refuse,0,50,
65514.098,refuse,0,50,
65529.098,refuse,0,50,
65544.098,refuse,0,50,
65553.085,conflict-at-land,2,48,
65559.098,start,0,50,
65568.085,refuse,2,48,
65569.437,conflict-at-land,0,50,
65583.085,start,2,48,
65584.437,refuse,0,50,
65599.437,refuse,0,50,
65614.437,refuse,0,50,
65629.437,refuse,0,50,
65635.635,conflict-at-land,2,48,
65644.437,start,0,50,
65650.635,refuse,2,48,
65653.061,conflict-at-land,0,50,
65665.635,start,2,48,
65668.061,refuse,0,50,
65683.061,refuse,0,50,
65698.061,refuse,0,50,
65713.061,refuse,0,50,
65722.041,conflict-at-land,2,48,
65728.061,start,0,50,
65737.041,refuse,2,48,
65739.336,conflict-at-land,0,50,
65752.041,start,2,48,
65754.336,refuse,0,50,
65769.336,refuse,0,50,
65784.336,refuse,0,50,
65799.336,refuse,0,50,
65814.336,refuse,0,50,
65829.336,refuse,0,50,
65842.777,conflict-at-land,2,48,
65842.777,abandon,2,48,
65842.777,start,2,51,
65844.336,refuse,0,50,
65855.774,conflict-at-land,2,51,
65859.336,start,0,50,
65869.479,conflict-at-land,0,50,
65870.774,start,2,51,
65884.067,conflict-at-land,2,51,
65884.479,start,0,50,
65894.849,conflict-at-land,0,50,
65899.067,start,2,51,
65909.849,refuse,0,50,
65911.177,conflict-at-land,2,51,
65924.849,start,0,50,
65926.177,refuse,2,51,
65935.567,conflict-at-land,0,50,
65941.177,start,2,51,
65950.567,refuse,0,50,
65956.407,conflict-at-land,2,51,
65965.567,start,0,50,
65971.407,refuse,2,51,
65976.504,conflict-at-land,0,50,
65986.407,start,2,51,
65991.504,refuse,0,50,
66000.593,conflict-at-land,2,51,
66006.504,start,0,50,
66015.593,refuse,2,51,
66019.52,conflict-at-land,0,50,
66030.593,start,2,51,
66034.52,refuse,0,50,
66045.065,conflict-at-land,2,51,
66049.52,start,0,50,
66060.065,refuse,2,51,
66062.285,conflict-at-land,0,50,
66075.065,start,2,51,
66077.285,refuse,0,50,
66089.732,conflict-at-land,2,51,
66092.285,start,0,50,
66103.602,conflict-at-land,0,50,
66104.732,start,2,51,
66118.02,conflict-at-land,2,51,
66118.602,start,0,50,
66131.47,conflict-at-land,0,50,
66133.02,start,2,51,
66145.22,conflict-at-land,2,51,
66146.47,start,0,50,
66158.934,conflict-at-land,0,50,
66160.22,start,2,51,
66172.478,conflict-at-land,2,51,
66173.934,start,0,50,
66185.169,conflict-at-land,0,50,
66187.478,start,2,51,
66200.169,refuse,0,50,
66202.345,conflict-at-land,2,51,
66215.169,start,0,50,
66217.345,refuse,2,51,
66228.125,conflict-at-land,0,50,
66232.345,start,2,51,
66243.125,refuse,0,50,
66244.699,conflict-at-land,2,51,
66258.125,start,0,50,
66259.699,refuse,2,51,
66266.913,conflict-at-land,0,50,
66274.699,start,2,51,
66281.913,refuse,0,50,
66286.76,conflict-at-land,2,51,
66296.913,start,0,50,
66301.76,refuse,2,51,
66306.574,conflict-at-land,0,50,
66316.76,start,2,51,
66321.574,refuse,0,50,
66326.709,conflict-at-land,2,51,
66336.574,start,0,50,
66341.709,refuse,2,51,
66348.104,conflict-at-land,0,50,
66356.709,start,2,51,
66363.104,refuse,0,50,
66369.04,conflict-at-land,2,51,
66378.104,start,0,50,
66384.04,refuse,2,51,
66388.307,conflict-at-land,0,50,
66399.04,start,2,51,
66403.307,refuse,0,50,
66409.39,conflict-at-land,2,51,
66418.307,start,0,50,
66424.39,refuse,2,51,
66430.524,conflict-at-land,0,50,
66439.39,start,2,51,
66445.524,refuse,0,50,
66451.198,conflict-at-land,2,51,
66460.524,start,0,50,
66466.198,refuse,2,51,
66471.827,conflict-at-land,0,50,
66481.198,start,2,51,
66486.827,refuse,0,50,
66490.345,conflict-at-land,2,51,
66501.827,start,0,50,
66505.345,refuse,2,51,
66512.916,conflict-at-land,0,50,
66520.345,start,2,51,
66527.916,refuse,0,50,
66533.456,conflict-at-land,2,51,
66542.916,start,0,50,
66548.456,refuse,2,51,
66555.235,conflict-at-land,0,50,
66563.456,start,2,51,
66570.235,refuse,0,50,
66575.779,conflict-at-land,2,51,
66585.235,start,0,50,
66587.263,conflict-at-land,3,3,
66590.779,refuse,2,51,
66599.71,conflict-at-land,0,50,
66602.263,start,3,3,
66605.779,start,2,51,
66614.71,refuse,0,50,
66619.108,conflict-at-land,2,51,
66629.71,start,0,50,
66634.108,refuse,2,51,
66638.329,conflict-at-land,0,50,
66649.108,start,2,51,
66653.329,refuse,0,50,
66659.726,conflict-at-land,2,51,
66668.329,start,0,50,
66674.726,refuse,2,51,
66681.642,conflict-at-land,0,50,
66689.726,start,2,51,
66696.642,refuse,0,50,
66699.248,conflict-at-land,2,51,
66711.642,start,0,50,
66714.248,refuse,2,51,
66726.619,conflict-at-land,0,50,
66729.248,start,2,51,
66738.67,conflict-at-land,2,51,
66741.619,start,0,50,
66753.67,refuse,2,51,
66756.349,conflict-at-land,0,50,
66768.67,start,2,51,
66771.349,refuse,0,50,
66778.627,conflict-at-land,2,51,
66786.349,start,0,50,
66793.627,refuse,2,51,
66800.809,conflict-at-land,0,50,
66808.627,start,2,51,
66815.809,refuse,0,50,
66823.134,conflict-at-land,2,51,
66830.809,start,0,50,
66838.134,refuse,2,51,
66841.624,conflict-at-land,0,50,
66853.134,start,2,51,
66856.624,refuse,0,50,
66867.932,conflict-at-land,2,51,
66871.624,start,0,50,
66881.174,conflict-at-land,0,50,
66881.174,abandon,0,50,
66881.174,start,0,52,
66882.932,refuse,2,51,
66888.431,conflict-at-land,0,52,
66897.932,start,2,51,
66903.431,refuse,0,52,
66909.08,conflict-at-land,2,51,
66918.431,start,0,52,
66924.08,refuse,2,51,
66924.214,conflict-at-land,0,52,
66939.08,start,2,51,
66939.214,refuse,0,52,
66948.329,conflict-at-land,2,51,
66954.214,start,0,52,
66960.578,conflict-at-land,0,52,
66963.329,start,2,51,
66973.671,conflict-at-land,2,51,
66975.578,start,0,52,
66982.178,conflict-at-land,0,52,
66988.671,start,2,51,
66997.178,refuse,0,52,
67002.827,conflict-at-land,2,51,
67012.178,start,0,52,
67017.827,refuse,2,51,
67018.552,conflict-at-land,0,52,
67032.827,start,2,51,
67033.552,refuse,0,52,
67041.286,conflict-at-land,2,51,
67048.552,start,0,52,
67056.18,conflict-at-land,0,52,
67056.286,start,2,51,
67071.18,refuse,0,52,
67071.307,conflict-at-land,2,51,
67086.18,start,0,52,
67086.307,refuse,2,51,
67092.695,conflict-at-land,0,52,
67101.307,start,2,51,
67107.695,refuse,0,52,
67112.44,conflict-at-land,2,51,
67122.695,start,0,52,
67127.44,refuse,2,51,
67128.918,conflict-at-land,0,52,
67142.44,start,2,51,
67143.918,refuse,0,52,
67157.196,conflict-at-land,2,51,
67158.918,start,0,52,
67164.772,conflict-at-land,0,52,
67172.196,start,2,51,
67179.772,refuse,0,52,
67186.207,conflict-at-land,2,51,
67194.772,start,0,52,
67201.127,conflict-at-land,0,52,
67201.207,start,2,51,
67212.647,conflict-at-land,2,51,
67216.127,start,0,52,
67223.687,conflict-at-land,0,52,
67227.647,start,2,51,
67238.687,refuse,0,52,
67238.988,conflict-at-land,2,51,
67253.687,start,0,52,
67253.988,refuse,2,51,
67260.068,conflict-at-land,0,52,
67268.988,start,2,51,
67275.068,refuse,0,52,
67277.771,conflict-at-land,2,51,
67290.068,start,0,52,
67292.771,refuse,2,51,
67295.963,conflict-at-land,0,52,
67307.771,start,2,51,
67310.963,refuse,0,52,
67316.441,conflict-at-land,2,51,
67325.963,start,0,52,
67331.441,refuse,2,51,
67332.698,conflict-at-land,0,52,
67346.441,start,2,51,
67347.698,refuse,0,52,
67354.845,conflict-at-land,2,51,
67362.698,start,0,52,
67367.049,conflict-at-land,0,52,
67369.845,start,2,51,
67379.045,conflict-at-land,2,51,
67382.049,start,0,52,
67386.752,conflict-at-land,0,52,
67394.045,start,2,51,
67401.752,refuse,0,52,
67406.103,conflict-at-land,2,51,
67416.752,start,0,52,
67421.103,refuse,2,51,
67422.234,conflict-at-land,0,52,
67436.103,start,2,51,
67437.234,refuse,0,52,
67446.454,conflict-at-land,2,51,
67452.234,start,0,52,
67459.975,conflict-at-land,0,52,
67461.454,start,2,51,
67474.975,refuse,0,52,
67476.398,conflict-at-land,2,51,
67489.975,start,0,52,
67491.398,refuse,2,51,
67496.533,conflict-at-land,0,52,
67506.398,start,2,51,
67511.533,refuse,0,52,
67520.573,conflict-at-land,2,51,
67526.533,start,0,52,
67533.684,conflict-at-land,0,52,
67535.573,start,2,51,
67545.739,conflict-at-land,2,51,
67548.684,start,0,52,
67555.794,conflict-at-land,0,52,
67560.739,start,2,51,
67570.794,refuse,0,52,
67570.865,conflict-at-land,2,51,
67585.794,start,0,52,
67585.865,refuse,2,51,
67592.018,conflict-at-land,0,52,
67600.865,start,2,51,
67607.018,refuse,0,52,
67611.841,conflict-at-land,2,51,
67622.018,start,0,52,
67626.789,conflict-at-land,0,52,
67626.841,start,2,51,
67640.834,conflict-at-land,2,51,
67641.789,start,0,52,
67649.288,conflict-at-land,0,52,
67655.834,start,2,51,
67664.288,refuse,0,52,
67666.493,conflict-at-land,2,51,
67679.288,start,0,52,
67681.493,refuse,2,51,
67686.655,conflict-at-land,0,52,
67696.493,start,2,51,
67701.655,refuse,0,52,
67707.386,conflict-at-land,2,51,
67716.655,start,0,52,
67722.386,refuse,2,51,
67723.223,conflict-at-land,0,52,
67737.386,start,2,51,
67738.223,refuse,0,52,
67752.956,conflict-at-land,2,51,
67753.223,start,0,52,
67760.202,conflict-at-land,0,52,
67767.956,start,2,51,
67775.202,refuse,0,52,
67776.756,conflict-at-land,2,51,
67790.202,start,0,52,
67791.756,refuse,2,51,
67795.968,conflict-at-land,0,52,
67806.756,start,2,51,
67810.968,refuse,0,52,
67817.866,conflict-at-land,2,51,
67825.968,start,0,52,
67831.226,conflict-at-land,0,52,
67832.866,start,2,51,
67846.226,refuse,0,52,
67847.142,conflict-at-land,2,51,
67861.226,start,0,52,
67862.142,refuse,2,51,
67867.013,conflict-at-land,0,52,
67877.142,start,2,51,
67882.013,refuse,0,52,
67890.576,conflict-at-land,2,51,
67897.013,start,0,52,
67903.499,conflict-at-land,0,52,
67905.576,start,2,51,
67917.713,conflict-at-land,2,51,
67918.499,start,0,52,
67922.901,conflict-at-land,0,52,
67932.713,start,2,51,
67937.901,refuse,0,52,
67945.959,conflict-at-land,2,51,
67952.901,start,0,52,
67960.31,conflict-at-land,0,52,
67960.959,start,2,51,
67970.599,conflict-at-land,2,51,
67975.31,start,0,52,
67981.824,conflict-at-land,0,52,
67985.599,start,2,51,
67996.824,refuse,0,52,
67997.509,conflict-at-land,2,51,
68011.824,start,0,52,
68012.509,refuse,2,51,
68017.251,conflict-at-land,0,52,
68027.509,start,2,51,
68032.251,refuse,0,52,
68041.024,conflict-at-land,2,51,
68047.251,start,0,52,
68054.962,conflict-at-land,0,52,
68056.024,start,2,51,
68064.58,conflict-at-land,2,51,
68069.962,start,0,52,
68077.392,conflict-at-land,0,52,
68079.58,start,2,51,
68090.739,conflict-at-land,2,51,
68092.392,start,0,52,
68099.594,conflict-at-land,0,52,
68105.739,start,2,51,
68114.594,refuse,0,52,
68115.397,conflict-at-land,2,51,
68129.594,start,0,52,
68130.397,refuse,2,51,
68136.374,conflict-at-land,0,52,
68145.397,start,2,51,
68151.374,refuse,0,52,
68154.515,conflict-at-land,2,51,
68166.374,start,0,52,
68169.515,refuse,2,51,
68171.782,conflict-at-land,0,52,
68184.515,start,2,51,
68186.782,refuse,0,52,
68199.898,conflict-at-land,2,51,
68201.782,start,0,52,
68208.346,conflict-at-land,0,52,
68214.898,start,2,51,
68223.346,refuse,0,52,
68228.947,conflict-at-land,2,51,
68238.346,start,0,52,
68243.947,refuse,2,51,
68244.207,conflict-at-land,0,52,
68258.947,start,2,51,
68259.207,refuse,0,52,
68270.739,conflict-at-land,2,51,
68274.207,start,0,52,
68280.18,conflict-at-land,0,52,
68285.739,start,2,51,
68295.18,refuse,0,52,
68299.706,conflict-at-land,2,51,
68310.18,start,0,52,
68314.706,refuse,2,51,
68316.984,conflict-at-land,0,52,
68329.706,start,2,51,
68331.984,refuse,0,52,
68339.501,conflict-at-land,2,51,
68346.984,start,0,52,
68352.77,conflict-at-land,0,52,
68354.501,start,2,51,
68366.803,conflict-at-land,2,51,
68367.77,start,0,52,
68374.027,conflict-at-land,0,52,
68381.803,start,2,51,
68389.027,refuse,0,52,
68396.876,conflict-at-land,2,51,
68404.027,start,0,52,
68411.25,conflict-at-land,0,52,
68411.876,start,2,51,
68421.355,conflict-at-land,2,51,
68426.25,start,0,52,
68431.804,conflict-at-land,0,52,
68436.355,start,2,51,
68445.54,conflict-at-land,2,51,
68446.804,start,0,52,
68451.099,conflict-at-land,0,52,
68460.54,start,2,51,
68466.099,refuse,0,52,
68469.477,conflict-at-land,2,51,
68481.099,start,0,52,
68484.477,refuse,2,51,
68485.957,conflict-at-land,0,52,
68499.477,start,2,51,
68500.957,refuse,0,52,
68513.393,conflict-at-land,2,51,
68515.957,start,0,52,
68522.559,conflict-at-land,0,52,
68528.393,start,2,51,
68537.559,refuse,0,52,
68542.537,conflict-at-land,2,51,
68552.559,start,0,52,
68557.537,refuse,2,51,
68557.798,conflict-at-land,0,52,
68572.537,start,2,51,
68572.798,refuse,0,52,
68582.057,conflict-at-land,2,51,
68587.798,start,0,52,
68595.497,conflict-at-land,0,52,
68597.057,start,2,51,
68610.497,refuse,0,52,
68611.404,conflict-at-land,2,51,
68625.497,start,0,52,
68626.404,refuse,2,51,
68633.106,conflict-at-land,0,52,
68641.404,start,2,51,
68648.106,refuse,0,52,
68649.94,conflict-at-land,2,51,
68663.106,start,0,52,
68664.94,refuse,2,51,
68668.733,conflict-at-land,0,52,
68679.94,start,2,51,
68683.733,refuse,0,52,
68692.903,conflict-at-land,2,51,
68698.733,start,0,52,
68705.583,conflict-at-land,0,52,
68707.903,start,2,51,
68720.583,refuse,0,52,
68722.874,conflict-at-land,2,51,
68735.583,start,0,52,
68737.874,refuse,2,51,
68741.719,conflict-at-land,0,52,
68752.874,start,2,51,
68756.719,refuse,0,52,
68764.088,conflict-at-land,2,51,
68771.719,start,0,52,
68775.938,conflict-at-land,0,52,
68779.088,start,2,51,
68790.938,refuse,0,52,
68793.276,conflict-at-land,2,51,
68805.938,start,0,52,
68808.276,refuse,2,51,
68813.674,conflict-at-land,0,52,
68823.276,start,2,51,
68828.674,refuse,0,52,
68838.208,conflict-at-land,2,51,
68843.674,start,0,52,
68850.258,conflict-at-land,0,52,
68853.208,start,2,51,
68864.074,conflict-at-land,2,51,
68865.258,start,0,52,
68870.319,conflict-at-land,0,52,
68879.074,start,2,51,
68885.319,refuse,0,52,
68893.054,conflict-at-land,2,51,
68900.319,start,0,52,
68907.887,conflict-at-land,0,52,
68908.054,start,2,51,
68922.887,refuse,0,52,
68923.368,conflict-at-land,2,51,
68937.887,start,0,52,
68938.368,refuse,2,51,
68942.719,conflict-at-land,0,52,
68953.368,start,2,51,
68957.719,refuse,0,52,
68965.983,conflict-at-land,2,51,
68972.719,start,0,52,
68978.766,conflict-at-land,0,52,
68980.983,start,2,51,
68992.46,conflict-at-land,2,51,
68993.766,start,0,52,
69000.826,conflict-at-land,0,52,
69007.46,start,2,51,
69015.826,refuse,0,52,
69022.598,conflict-at-land,2,51,
69030.826,start,0,52,
69037.598,refuse,2,51,
69037.635,conflict-at-land,0,52,
69052.598,start,2,51,
69052.635,refuse,0,52,
69066.04,conflict-at-land,2,51,
69067.635,start,0,52,
69074.321,conflict-at-land,0,52,
69081.04,start,2,51,
69089.321,refuse,0,52,
69094.146,conflict-at-land,2,51,
69104.321,start,0,52,
69109.146,refuse,2,51,
69110.453,conflict-at-land,0,52,
69124.146,start,2,51,
69125.453,refuse,0,52,
69126.32,conflict-at-land,3,3,
69134.33,conflict-at-land,2,51,
69140.453,start,0,52,
69141.32,start,3,3,
69147.459,conflict-at-land,0,52,
69149.33,start,2,51,
69162.366,conflict-at-land,2,51,
69162.459,start,0,52,
69168.052,conflict-at-land,0,52,
69177.366,start,2,51,
69183.052,refuse,0,52,
69189.798,conflict-at-land,2,51,
69198.052,start,0,52,
69204.562,conflict-at-land,0,52,
69204.798,start,2,51,
69216.646,conflict-at-land,2,51,
69219.562,start,0,52,
69227.283,conflict-at-land,0,52,
69231.646,start,2,51,
69241.769,conflict-at-land,2,51,
69242.283,start,0,52,
69246.526,conflict-at-land,0,52,
69256.769,start,2,51,
69261.526,refuse,0,52,
69272.047,conflict-at-land,2,51,
69276.526,start,0,52,
69281.85,conflict-at-land,0,52,
69287.047,start,2,51,
69296.85,refuse,0,52,
69297.449,conflict-at-land,2,51,
69311.85,start,0,52,
69312.449,refuse,2,51,
69317.546,conflict-at-land,0,52,
69327.449,start,2,51,
69332.546,refuse,0,52,
69340.132,conflict-at-land,2,51,
69347.546,start,0,52,
69355.132,refuse,2,51,
69355.296,conflict-at-land,0,52,
69370.132,start,2,51,
69370.296,refuse,0,52,
69383.627,conflict-at-land,2,51,
69385.296,start,0,52,
69390.642,conflict-at-land,0,52,
69398.627,start,2,51,
69405.642,refuse,0,52,
69410.876,conflict-at-land,2,51,
69420.642,start,0,52,
69425.876,refuse,2,51,
69426.457,conflict-at-land,0,52,
69440.876,start,2,51,
69441.457,refuse,0,52,
69452.888,conflict-at-land,2,51,
69456.457,start,0,52,
69462.16,conflict-at-land,0,52,
69467.888,start,2,51,
69477.16,refuse,0,52,
69477.495,conflict-at-land,2,51,
69492.16,start,0,52,
69492.495,refuse,2,51,
69497.784,conflict-at-land,0,52,
69507.495,start,2,51,
69512.784,refuse,0,52,
69518.696,conflict-at-land,2,51,
69527.784,start,0,52,
69532.707,conflict-at-land,0,52,
69533.696,start,2,51,
69547.707,refuse,0,52,
69547.978,conflict-at-land,2,51,
69562.707,start,0,52,
69562.978,refuse,2,51,
69568.203,conflict-at-land,0,52,
69577.978,start,2,51,
69583.203,refuse,0,52,
69587.469,conflict-at-land,2,51,
69598.203,start,0,52,
69602.469,refuse,2,51,
69604.443,conflict-at-land,0,52,
69617.469,start,2,51,
69619.443,refuse,0,52,
69631.951,conflict-at-land,2,51,
69634.443,start,0,52,
69641.453,conflict-at-land,0,52,
69646.951,start,2,51,
69656.453,refuse,0,52,
69659.83,conflict-at-land,2,51,
69671.453,start,0,52,
69674.83,refuse,2,51,
69678.285,conflict-at-land,0,52,
69689.83,start,2,51,
69693.285,refuse,0,52,
69700.65,conflict-at-land,2,51,
69708.285,start,0,52,
69712.999,conflict-at-land,0,52,
69715.65,start,2,51,
69725.886,conflict-at-land,2,51,
69727.999,start,0,52,
69733.457,conflict-at-land,0,52,
69740.886,start,2,51,
69748.457,refuse,0,52,
69751.296,conflict-at-land,2,51,
69763.457,start,0,52,
69766.296,refuse,2,51,
69769.341,conflict-at-land,0,52,
69781.296,start,2,51,
69784.341,refuse,0,52,
69790.769,conflict-at-land,2,51,
69799.341,start,0,52,
69804.009,conflict-at-land,0,52,
69805.769,start,2,51,
69815.989,conflict-at-land,2,51,
69819.009,start,0,52,
69823.917,conflict-at-land,0,52,
69830.989,start,2,51,
69838.917,refuse,0,52,
69845.161,conflict-at-land,2,51,
69853.917,start,0,52,
69860.052,conflict-at-land,0,52,
69860.161,start,2,51,
69869.989,conflict-at-land,2,51,
69875.052,start,0,52,
69880.797,conflict-at-land,0,52,
69884.989,start,2,51,
69895.797,refuse,0,52,
69899.667,conflict-at-land,2,51,
69910.797,start,0,52,
69914.667,refuse,2,51,
69917.077,conflict-at-land,0,52,
69929.667,start,2,51,
69932.077,refuse,0,52,
69942.055,conflict-at-land,2,51,
69947.077,start,0,52,
69952.685,conflict-at-land,0,52,
69957.055,start,2,51,
69966.865,conflict-at-land,2,51,
69967.685,start,0,52,
69974.137,conflict-at-land,0,52,
69981.865,start,2,51,
69989.137,refuse,0,52,
69990.821,conflict-at-land,2,51,
70004.137,start,0,52,
70005.821,refuse,2,51,
70011.167,conflict-at-land,0,52,
70020.821,start,2,51,
70026.167,refuse,0,52,
70029.635,conflict-at-land,2,51,
70041.167,start,0,52,
70044.635,refuse,2,51,
70048.054,conflict-at-land,0,52,
70059.635,start,2,51,
70063.054,refuse,0,52,
70070.79,conflict-at-land,2,51,
70078.054,start,0,52,
70084.711,conflict-at-land,0,52,
70085.79,start,2,51,
70098.445,conflict-at-land,2,51,
70099.711,start,0,52,
70104.376,conflict-at-land,0,52,
70113.445,start,2,51,
70119.376,refuse,0,52,
70125.722,conflict-at-land,2,51,
70134.376,start,0,52,
70138.843,conflict-at-land,0,52,
70140.722,start,2,51,
70150.859,conflict-at-land,2,51,
70153.843,start,0,52,
70159.417,conflict-at-land,0,52,
70165.859,start,2,51,
70174.417,refuse,0,52,
70176.316,conflict-at-land,2,51,
70189.417,start,0,52,
70191.316,refuse,2,51,
70195.999,conflict-at-land,0,52,
70206.316,start,2,51,
70210.999,refuse,0,52,
70221.821,conflict-at-land,2,51,
70225.999,start,0,52,
70231.484,conflict-at-land,0,52,
70236.821,start,2,51,
70246.484,refuse,0,52,
70251.259,conflict-at-land,2,51,
70261.484,start,0,52,
70266.259,refuse,2,51,
70266.494,conflict-at-land,0,52,
70281.259,start,2,51,
70281.494,refuse,0,52,
70294.766,conflict-at-land,2,51,
70296.494,start,0,52,
70301.946,conflict-at-land,0,52,
70309.766,start,2,51,
70316.946,refuse,0,52,
70322.021,conflict-at-land,2,51,
70331.946,start,0,52,
70336.465,conflict-at-land,0,52,
70337.021,start,2,51,
70351.378,conflict-at-land,2,51,
70351.465,start,0,52,
70356.417,conflict-at-land,0,52,
70366.378,start,2,51,
70371.417,refuse,0,52,
70378.115,conflict-at-land,2,51,
70386.417,start,0,52,
70391.662,conflict-at-land,0,52,
70393.115,start,2,51,
70406.662,refuse,0,52,
70407.348,conflict-at-land,2,51,
70421.662,start,0,52,
70422.348,refuse,2,51,
70427.995,conflict-at-land,0,52,
70437.348,start,2,51,
70442.995,refuse,0,52,
70450.178,conflict-at-land,2,51,
70457.995,start,0,52,
70464.912,conflict-at-land,0,52,
70465.178,start,2,51,
70475.413,conflict-at-land,2,51,
70479.912,start,0,52,
70484.322,conflict-at-land,0,52,
70490.413,start,2,51,
70499.322,refuse,0,52,
70504.778,conflict-at-land,2,51,
70504.778,abandon,2,51,
70504.778,start,2,53,
70510.115,conflict-at-land,2,53,
70514.322,start,0,52,
70521.446,conflict-at-land,0,52,
70525.115,start,2,53,
70532.759,conflict-at-land,2,53,
70536.446,start,0,52,
70542.911,conflict-at-land,0,52,
70547.759,start,2,53,
70552.33,conflict-at-land,2,53,
70557.911,start,0,52,
70565.185,conflict-at-land,0,52,
70567.33,start,2,53,
70573.811,conflict-at-land,2,53,
70580.185,start,0,52,
70585.271,conflict-at-land,0,52,
70585.271,abandon,0,52,
70585.271,refuse,0,54,
70588.811,start,2,53,
70593.759,conflict-at-land,2,53,
70600.271,refuse,0,54,
70608.759,start,2,53,
70614.787,conflict-at-land,2,53,
70615.271,refuse,0,54,
70629.787,start,2,53,
70630.271,refuse,0,54,
70634.424,conflict-at-land,2,53,
70645.271,refuse,0,54,
70649.424,start,2,53,
70656.886,conflict-at-land,2,53,
70660.271,refuse,0,54,
70671.886,start,2,53,
70675.271,refuse,0,54,
70678.634,conflict-at-land,2,53,
70690.271,refuse,0,54,
70693.634,start,2,53,
70700.784,conflict-at-land,2,53,
70705.271,refuse,0,54,
70715.784,start,2,53,
70720.271,refuse,0,54,
70721.366,conflict-at-land,2,53,
70735.271,refuse,0,54,
70736.366,start,2,53,
70743.889,conflict-at-land,2,53,
70750.271,refuse,0,54,
70758.889,start,2,53,
70763.571,conflict-at-land,2,53,
70765.271,refuse,0,54,
70778.571,start,2,53,
70780.271,refuse,0,54,
70785.35,conflict-at-land,2,53,
70795.271,refuse,0,54,
70800.35,start,2,53,
70805.466,conflict-at-land,2,53,
70810.271,refuse,0,54,
70820.466,start,2,53,
70824.68,conflict-at-land,2,53,
70825.271,refuse,0,54,
70839.68,start,2,53,
70840.271,refuse,0,54,
70844.315,conflict-at-land,2,53,
70855.271,refuse,0,54,
70858.581,conflict-at-land,3,3,
70859.315,start,2,53,
70864.24,conflict-at-land,2,53,
70870.271,start,0,54,
70873.581,refuse,3,3,
70879.24,start,2,53,
70884.801,conflict-at-land,2,53,
70888.581,refuse,3,3,
70899.801,start,2,53,
70903.581,refuse,3,3,
70905.737,conflict-at-land,2,53,
70918.581,refuse,3,3,
70920.737,start,2,53,
70927.145,conflict-at-land,2,53,
70933.581,refuse,3,3,
70942.145,start,2,53,
70946.699,conflict-at-land,0,54,
70947.309,conflict-at-land,2,53,
70948.581,start,3,3,
70961.699,refuse,0,54,
70962.309,start,2,53,
70968.927,conflict-at-land,2,53,
70976.699,refuse,0,54,
70983.927,start,2,53,
70991.444,conflict-at-land,2,53,
70991.699,refuse,0,54,
71006.444,start,2,53,
71006.699,refuse,0,54,
71012.454,conflict-at-land,2,53,
71021.699,refuse,0,54,
71027.454,start,2,53,
71034.733,conflict-at-land,2,53,
71036.699,refuse,0,54,
71049.733,start,2,53,
71051.699,refuse,0,54,
71057.417,conflict-at-land,2,53,
71066.699,refuse,0,54,
71072.417,start,2,53,
71079.385,conflict-at-land,2,53,
71081.699,refuse,0,54,
71094.385,start,2,53,
71096.699,refuse,0,54,
71100.101,conflict-at-land,2,53,
71111.699,refuse,0,54,
71115.101,start,2,53,
71120.28,conflict-at-land,2,53,
71126.699,refuse,0,54,
71135.28,start,2,53,
71139.832,conflict-at-land,2,53,
71141.699,refuse,0,54,
71154.832,start,2,53,
71156.699,refuse,0,54,
71162.024,conflict-at-land,2,53,
71171.699,refuse,0,54,
71177.024,start,2,53,
71181.69,conflict-at-land,2,53,
71186.699,refuse,0,54,
71196.69,start,2,53,
71201.699,refuse,0,54,
71202.905,conflict-at-land,2,53,
71216.699,refuse,0,54,
71217.905,start,2,53,
71223.739,conflict-at-land,2,53,
71231.699,refuse,0,54,
71238.739,start,2,53,
71243.1,conflict-at-land,2,53,
71246.699,refuse,0,54,
71258.1,start,2,53,
71261.699,refuse,0,54,
71263.072,conflict-at-land,2,53,
71276.699,refuse,0,54,
71278.072,start,2,53,
71285.234,conflict-at-land,2,53,
71291.699,refuse,0,54,
71300.234,start,2,53,
71306.373,conflict-at-land,2,53,
71306.699,refuse,0,54,
71321.373,start,2,53,
71321.699,refuse,0,54,
71328.901,conflict-at-land,2,53,
71336.699,refuse,0,54,
71343.901,start,2,53,
71351.37,conflict-at-land,2,53,
71351.699,refuse,0,54,
71366.37,start,2,53,
71366.699,refuse,0,54,
71370.909,conflict-at-land,2,53,
71381.699,refuse,0,54,
71385.909,start,2,53,
71392.55,conflict-at-land,2,53,
71396.699,refuse,0,54,
71407.55,start,2,53,
71411.699,refuse,0,54,
71411.903,conflict-at-land,2,53,
71426.699,refuse,0,54,
71426.903,start,2,53,
71432.625,conflict-at-land,2,53,
71441.699,refuse,0,54,
71447.625,start,2,53,
71453.415,conflict-at-land,2,53,
71456.699,refuse,0,54,
71468.415,start,2,53,
71471.699,refuse,0,54,
71476.06,conflict-at-land,2,53,
71486.699,refuse,0,54,
71491.06,start,2,53,
71497.403,conflict-at-land,2,53,
71501.699,refuse,0,54,
71512.403,start,2,53,
71516.699,refuse,0,54,
71517.287,conflict-at-land,2,53,
71531.699,refuse,0,54,
71532.287,start,2,53,
71538.322,conflict-at-land,2,53,
71546.699,refuse,0,54,
71553.322,start,2,53,
71559.401,conflict-at-land,2,53,
71561.699,refuse,0,54,
71574.401,start,2,53,
71576.699,refuse,0,54,
71579.31,conflict-at-land,2,53,
71591.699,refuse,0,54,
71594.31,start,2,53,
71599.805,conflict-at-land,2,53,
71606.699,refuse,0,54,
71614.805,start,2,53,
71621.699,refuse,0,54,
71622.164,conflict-at-land,2,53,
71636.699,refuse,0,54,
71637.164,start,2,53,
71644.898,conflict-at-land,2,53,
71651.699,refuse,0,54,
71659.898,start,2,53,
71666.699,refuse,0,54,
71666.894,conflict-at-land,2,53,
71681.699,refuse,0,54,
71681.894,start,2,53,
71686.327,conflict-at-land,2,53,
71696.699,refuse,0,54,
71701.327,start,2,53,
71708.788,conflict-at-land,2,53,
71711.699,refuse,0,54,
71723.788,start,2,53,
71726.699,refuse,0,54,
71729.638,conflict-at-land,2,53,
71741.699,refuse,0,54,
71744.638,start,2,53,
71751.841,conflict-at-land,2,53,
71756.699,refuse,0,54,
71766.841,start,2,53,
71771.677,conflict-at-land,2,53,
71771.699,refuse,0,54,
71786.677,start,2,53,
71786.699,refuse,0,54,
71791.409,conflict-at-land,2,53,
71801.699,refuse,0,54,
71806.409,start,2,53,
71813.873,conflict-at-land,2,53,
71816.699,refuse,0,54,
71828.873,start,2,53,
71831.699,refuse,0,54,
71834.101,conflict-at-land,2,53,
71846.699,refuse,0,54,
71849.101,start,2,53,
71853.456,conflict-at-land,2,53,
71861.699,refuse,0,54,
71868.456,start,2,53,
71874.459,conflict-at-land,2,53,
71876.699,refuse,0,54,
71889.459,start,2,53,
71891.699,refuse,0,54,
71897.226,conflict-at-land,2,53,
71906.699,refuse,0,54,
71912.226,start,2,53,
71919.433,conflict-at-land,2,53,
71921.699,refuse,0,54,
71934.433,start,2,53,
71936.699,refuse,0,54,
71940.06,conflict-at-land,2,53,
71951.699,refuse,0,54,
71955.06,start,2,53,
71962.835,conflict-at-land,2,53,
71966.699,refuse,0,54,
71977.835,start,2,53,
71981.699,refuse,0,54,
71984.903,conflict-at-land,2,53,
71996.699,refuse,0,54,
71999.903,start,2,53,
72007.135,conflict-at-land,2,53,
72011.699,refuse,0,54,
72022.135,start,2,53,
72026.699,refuse,0,54,
72028.66,conflict-at-land,2,53,
72041.699,refuse,0,54,
72043.66,start,2,53,
72049.28,conflict-at-land,2,53,
72056.699,refuse,0,54,
72064.28,start,2,53,
72071.699,refuse,0,54,
72071.741,conflict-at-land,2,53,
72086.699,refuse,0,54,
72086.741,start,2,53,
72092.635,conflict-at-land,2,53,
72101.699,refuse,0,54,
72107.635,start,2,53,
72115.2,conflict-at-land,2,53,
72116.699,refuse,0,54,
72130.2,start,2,53,
72131.699,refuse,0,54,
72136.388,conflict-at-land,2,53,
72146.699,refuse,0,54,
72151.388,start,2,53,
72158.863,conflict-at-land,2,53,
72161.699,refuse,0,54,
72173.863,start,2,53,
72176.699,refuse,0,54,
72179.781,conflict-at-land,2,53,
72191.699,refuse,0,54,
72194.781,start,2,53,
72200.517,conflict-at-land,2,53,
72206.699,refuse,0,54,
72215.517,start,2,53,
72221.699,refuse,0,54,
72221.837,conflict-at-land,2,53,
72236.699,refuse,0,54,
72236.837,start,2,53,
72242.179,conflict-at-land,2,53,
72251.699,refuse,0,54,
72257.179,start,2,53,
72261.917,conflict-at-land,2,53,
72266.699,refuse,0,54,
72276.917,start,2,53,
72281.699,refuse,0,54,
72283.238,conflict-at-land,2,53,
72296.699,refuse,0,54,
72298.238,start,2,53,
72305.502,conflict-at-land,2,53,
72311.699,refuse,0,54,
72320.502,start,2,53,
72325.702,conflict-at-land,2,53,
72326.699,refuse,0,54,
72340.702,start,2,53,
72341.699,refuse,0,54,
72348.016,conflict-at-land,2,53,
72356.699,refuse,0,54,
72363.016,start,2,53,
72370.05,conflict-at-land,2,53,
72371.699,refuse,0,54,
72385.05,start,2,53,
72386.699,refuse,0,54,
72392.042,conflict-at-land,2,53,
72401.699,refuse,0,54,
72407.042,start,2,53,
72412.737,conflict-at-land,2,53,
72416.699,refuse,0,54,
72427.737,start,2,53,
72431.699,refuse,0,54,
72435.532,conflict-at-land,2,53,
72446.699,refuse,0,54,
72450.532,start,2,53,
72457.579,conflict-at-land,2,53,
72461.699,refuse,0,54,
72472.579,start,2,53,
72476.699,refuse,0,54,
72478.852,conflict-at-land,2,53,
72491.699,refuse,0,54,
72493.852,start,2,53,
72498.46,conflict-at-land,2,53,
72506.699,refuse,0,54,
72513.46,start,2,53,
72519.726,conflict-at-land,2,53,
72521.699,refuse,0,54,
72534.726,start,2,53,
72536.699,refuse,0,54,
72538.978,conflict-at-land,2,53,
72551.699,refuse,0,54,
72553.978,start,2,53,
72561.426,conflict-at-land,2,53,
72566.699,refuse,0,54,
72576.426,start,2,53,
72581.699,refuse,0,54,
72581.838,conflict-at-land,2,53,
72596.699,refuse,0,54,
72596.838,start,2,53,
72602.364,conflict-at-land,2,53,
72611.699,refuse,0,54,
72617.364,start,2,53,
72623.547,conflict-at-land,2,53,
72626.699,refuse,0,54,
72638.547,start,2,53,
72641.699,refuse,0,54,
72645.042,conflict-at-land,2,53,
72656.699,refuse,0,54,
72660.042,start,2,53,
72666.34,conflict-at-land,2,53,
72671.699,refuse,0,54,
72681.34,start,2,53,
72686.699,refuse,0,54,
72687.285,conflict-at-land,2,53,
72701.699,refuse,0,54,
72702.285,start,2,53,
72708.769,conflict-at-land,2,53,
72716.699,refuse,0,54,
72723.769,start,2,53,
72731.019,conflict-at-land,2,53,
72731.699,refuse,0,54,
72746.019,start,2,53,
72746.699,refuse,0,54,
72751.825,conflict-at-land,2,53,
72761.699,refuse,0,54,
72766.825,start,2,53,
72772.825,conflict-at-land,2,53,
72776.699,refuse,0,54,
72787.825,start,2,53,
72791.699,refuse,0,54,
72794.943,conflict-at-land,2,53,
72806.699,refuse,0,54,
72809.943,start,2,53,
72814.155,conflict-at-land,2,53,
72821.699,refuse,0,54,
72829.155,start,2,53,
72833.934,conflict-at-land,2,53,
72836.699,refuse,0,54,
72848.934,start,2,53,
72851.699,refuse,0,54,
72854.304,conflict-at-land,2,53,
72866.699,refuse,0,54,
72869.304,start,2,53,
72874.274,conflict-at-land,2,53,
72881.699,refuse,0,54,
72889.274,start,2,53,
72896.699,refuse,0,54,
72896.699,conflict-at-land,2,53,
72911.699,refuse,0,54,
72911.699,start,2,53,
72916.433,conflict-at-land,2,53,
72926.699,refuse,0,54,
72931.433,start,2,53,
72936.021,conflict-at-land,2,53,
72941.699,refuse,0,54,
72951.021,start,2,53,
72956.363,conflict-at-land,2,53,
72956.699,refuse,0,54,
72971.363,start,2,53,
72971.699,refuse,0,54,
72977.394,conflict-at-land,2,53,
72986.699,refuse,0,54,
72992.394,start,2,53,
72999.552,conflict-at-land,2,53,
73001.699,refuse,0,54,
73014.552,start,2,53,
73016.699,refuse,0,54,
73022.336,conflict-at-land,2,53,
73031.699,refuse,0,54,
73037.336,start,2,53,
73044.603,conflict-at-land,2,53,
73046.699,refuse,0,54,
73059.603,start,2,53,
73061.699,refuse,0,54,
73065.995,conflict-at-land,2,53,
73076.699,refuse,0,54,
73080.995,start,2,53,
73085.33,conflict-at-land,2,53,
73091.699,refuse,0,54,
73100.33,start,2,53,
73104.759,conflict-at-land,2,53,
73106.699,refuse,0,54,
73119.759,start,2,53,
73121.699,refuse,0,54,
73126.229,conflict-at-land,2,53,
73136.699,refuse,0,54,
73141.229,start,2,53,
73148.381,conflict-at-land,2,53,
73151.699,refuse,0,54,
73163.381,start,2,53,
73166.699,refuse,0,54,
73168.537,conflict-at-land,2,53,
73181.699,refuse,0,54,
73183.537,start,2,53,
73191.226,conflict-at-land,2,53,
73196.699,refuse,0,54,
73206.226,start,2,53,
73211.699,refuse,0,54,
73212.407,conflict-at-land,2,53,
73226.699,refuse,0,54,
73227.407,start,2,53,
73233.673,conflict-at-land,2,53,
73241.699,refuse,0,54,
73248.673,start,2,53,
73255.1,conflict-at-land,2,53,
73256.699,refuse,0,54,
73270.1,start,2,53,
73271.699,refuse,0,54,
73274.569,conflict-at-land,2,53,
73286.699,refuse,0,54,
73289.569,start,2,53,
73294.383,conflict-at-land,2,53,
73301.699,refuse,0,54,
73309.383,start,2,53,
73316.699,refuse,0,54,
73316.953,conflict-at-land,2,53,
73331.699,refuse,0,54,
73331.953,start,2,53,
73337.115,conflict-at-land,2,53,
73346.699,refuse,0,54,
73352.115,start,2,53,
73356.615,conflict-at-land,2,53,
73359.473,conflict-at-land,3,3,
73361.699,start,0,54,
73371.615,start,2,53,
73374.473,refuse,3,3,
73378.429,conflict-at-land,2,53,
73389.473,refuse,3,3,
73393.429,start,2,53,
73398.576,conflict-at-land,2,53,
73404.473,refuse,3,3,
73413.576,start,2,53,
73418.534,conflict-at-land,2,53,
73419.083,conflict-at-land,0,54,
73419.473,start,3,3,
73433.534,start,2,53,
73434.083,refuse,0,54,
73439.463,conflict-at-land,2,53,
73449.083,refuse,0,54,
73454.463,start,2,53,
73461.318,conflict-at-land,2,53,
73464.083,refuse,0,54,
73476.318,start,2,53,
73479.083,refuse,0,54,
73481.603,conflict-at-land,2,53,
73494.083,refuse,0,54,
73496.603,start,2,53,
73503.948,conflict-at-land,2,53,
73509.083,refuse,0,54,
73518.948,start,2,53,
73524.083,refuse,0,54,
73526.661,conflict-at-land,2,53,
73539.083,refuse,0,54,
73541.661,start,2,53,
73548.82,conflict-at-land,2,53,
73554.083,refuse,0,54,
73563.82,start,2,53,
73568.291,conflict-at-land,2,53,
73569.083,refuse,0,54,
73583.291,start,2,53,
73584.083,refuse,0,54,
73588.626,conflict-at-land,2,53,
73599.083,refuse,0,54,
73603.626,start,2,53,
73611.159,conflict-at-land,2,53,
73614.083,refuse,0,54,
73626.159,start,2,53,
73629.083,refuse,0,54,
73633.453,conflict-at-land,2,53,
73644.083,refuse,0,54,
73648.453,start,2,53,
73653.133,conflict-at-land,2,53,
73659.083,refuse,0,54,
73668.133,start,2,53,
73673.925,conflict-at-land,2,53,
73674.083,refuse,0,54,
73688.925,start,2,53,
73689.083,refuse,0,54,
73694.435,conflict-at-land,2,53,
73704.083,refuse,0,54,
73709.435,start,2,53,
73716.326,conflict-at-land,2,53,
73719.083,refuse,0,54,
73719.083,abandon,0,54,
73719.083,refuse,0,55,
73731.326,start,2,53,
73734.083,refuse,0,55,
73735.629,conflict-at-land,2,53,
73749.083,refuse,0,55,
73750.629,start,2,53,
73755.965,conflict-at-land,2,53,
73764.083,refuse,0,55,
73770.965,start,2,53,
73777.864,conflict-at-land,2,53,
73779.083,refuse,0,55,
73792.864,start,2,53,
73794.083,refuse,0,55,
73800.257,conflict-at-land,2,53,
73809.083,refuse,0,55,
73815.257,start,2,53,
73819.603,conflict-at-land,2,53,
73824.083,refuse,0,55,
73834.603,start,2,53,
73839.083,refuse,0,55,
73840.921,conflict-at-land,2,53,
73854.083,refuse,0,55,
73855.921,start,2,53,
73862.51,conflict-at-land,2,53,
73869.083,refuse,0,55,
73877.51,start,2,53,
73884.083,refuse,0,55,
73884.853,conflict-at-land,2,53,
73899.083,refuse,0,55,
73899.853,start,2,53,
73905.581,conflict-at-land,2,53,
73914.083,refuse,0,55,
73920.581,start,2,53,
73928.284,conflict-at-land,2,53,
73929.083,refuse,0,55,
73943.284,start,2,53,
73944.083,refuse,0,55,
73948.195,conflict-at-land,2,53,
73959.083,refuse,0,55,
73963.195,start,2,53,
73967.808,conflict-at-land,2,53,
73974.083,refuse,0,55,
73982.808,start,2,53,
73987.476,conflict-at-land,2,53,
73989.083,refuse,0,55,
74002.476,start,2,53,
74004.083,refuse,0,55,
74008.788,conflict-at-land,2,53,
74019.083,refuse,0,55,
74023.788,start,2,53,
74028.429,conflict-at-land,2,53,
74034.083,refuse,0,55,
74043.429,start,2,53,
74048.589,conflict-at-land,2,53,
74049.083,refuse,0,55,
74063.589,start,2,53,
74064.083,refuse,0,55,
74068.495,conflict-at-land,2,53,
74079.083,refuse,0,55,
74083.495,start,2,53,
74087.895,conflict-at-land,2,53,
74094.083,refuse,0,55,
74102.895,start,2,53,
74109.083,refuse,0,55,
74110.559,conflict-at-land,2,53,
74124.083,refuse,0,55,
74125.559,start,2,53,
74130.965,conflict-at-land,2,53,
74139.083,refuse,0,55,
74145.965,start,2,53,
74153.635,conflict-at-land,2,53,
74154.083,refuse,0,55,
74168.635,start,2,53,
74169.083,refuse,0,55,
74175.439,conflict-at-land,2,53,
74184.083,refuse,0,55,
74190.439,start,2,53,
74195.43,conflict-at-land,2,53,
74199.083,refuse,0,55,
74210.43,start,2,53,
74214.083,refuse,0,55,
74217.987,conflict-at-land,2,53,
74229.083,refuse,0,55,
74232.987,start,2,53,
74237.221,conflict-at-land,2,53,
74244.083,refuse,0,55,
74252.221,start,2,53,
74259.083,refuse,0,55,
74259.955,conflict-at-land,2,53,
74274.083,refuse,0,55,
74274.955,start,2,53,
74279.271,conflict-at-land,2,53,
74289.083,refuse,0,55,
74294.271,start,2,53,
74299.383,conflict-at-land,2,53,
74304.083,refuse,0,55,
74314.383,start,2,53,
74319.083,refuse,0,55,
74320.57,conflict-at-land,2,53,
74334.083,refuse,0,55,
74335.57,start,2,53,
74339.803,conflict-at-land,2,53,
74349.083,refuse,0,55,
74354.803,start,2,53,
74361.756,conflict-at-land,2,53,
74364.083,refuse,0,55,
74376.756,start,2,53,
74379.083,refuse,0,55,
74381.261,conflict-at-land,2,53,
74394.083,refuse,0,55,
74396.261,start,2,53,
74403.402,conflict-at-land,2,53,
74409.083,refuse,0,55,
74418.402,start,2,53,
74422.729,conflict-at-land,2,53,
74424.083,refuse,0,55,
74437.729,start,2,53,
74439.083,refuse,0,55,
74443.83,conflict-at-land,2,53,
74454.083,refuse,0,55,
74458.83,start,2,53,
74463.784,conflict-at-land,2,53,
74469.083,refuse,0,55,
74478.784,start,2,53,
74484.024,conflict-at-land,2,53,
74484.083,refuse,0,55,
74499.024,start,2,53,
74499.083,refuse,0,55,
74504.989,conflict-at-land,2,53,
74514.083,refuse,0,55,
74519.989,start,2,53,
74525.526,conflict-at-land,2,53,
74529.083,refuse,0,55,
74540.526,start,2,53,
74544.083,refuse,0,55,
74546.137,conflict-at-land,2,53,
74559.083,refuse,0,55,
74561.137,start,2,53,
74567.69,conflict-at-land,2,53,
74574.083,refuse,0,55,
74582.69,start,2,53,
74587.593,conflict-at-land,2,53,
74589.083,refuse,0,55,
74602.593,start,2,53,
74604.083,refuse,0,55,
74607.446,conflict-at-land,2,53,
74619.083,refuse,0,55,
74622.446,start,2,53,
74629.11,conflict-at-land,2,53,
74634.083,refuse,0,55,
74644.11,start,2,53,
74649.083,refuse,0,55,
74649.379,conflict-at-land,2,53,
74664.083,refuse,0,55,
74664.379,start,2,53,
74671.938,conflict-at-land,2,53,
74679.083,refuse,0,55,
74686.938,start,2,53,
74692.672,conflict-at-land,2,53,
74694.083,refuse,0,55,
74707.672,start,2,53,
74709.083,refuse,0,55,
74713.578,conflict-at-land,2,53,
74713.578,abandon,2,53,
74713.578,start,2,56,
74724.083,refuse,0,55,
74739.083,refuse,0,55,
74754.083,refuse,0,55,
74769.083,refuse,0,55,
74784.083,refuse,0,55,
74799.083,refuse,0,55,
74814.083,refuse,0,55,
74829.083,refuse,0,55,
74844.083,refuse,0,55,
74859.083,refuse,0,55,
74874.083,refuse,0,55,
74889.083,refuse,0,55,
74904.083,refuse,0,55,
74919.083,refuse,0,55,
74934.083,refuse,0,55,
74949.083,refuse,0,55,
74964.083,refuse,0,55,
74979.083,refuse,0,55,
74994.083,refuse,0,55,
75009.083,refuse,0,55,
75024.083,refuse,0,55,
75039.083,refuse,0,55,
75054.083,refuse,0,55,
75069.083,refuse,0,55,
75084.083,refuse,0,55,
75099.083,refuse,0,55,
75111.936,conflict-at-land,2,56,
75114.083,refuse,0,55,
75126.936,start,2,56,
75129.083,refuse,0,55,
75144.083,refuse,0,55,
75159.083,refuse,0,55,
75174.083,refuse,0,55,
75189.083,refuse,0,55,
75204.083,refuse,0,55,
75219.083,refuse,0,55,
75234.083,refuse,0,55,
75249.083,refuse,0,55,
75264.083,refuse,0,55,
75279.083,refuse,0,55,
75294.083,refuse,0,55,
75309.083,refuse,0,55,
75324.083,refuse,0,55,
75339.083,refuse,0,55,
75347.807,conflict-at-land,3,3,
75354.083,refuse,0,55,
75362.807,start,3,3,
75369.083,refuse,0,55,
75384.083,refuse,0,55,
75399.083,refuse,0,55,
75414.083,refuse,0,55,
75429.083,refuse,0,55,
75444.083,refuse,0,55,
75459.083,refuse,0,55,
75474.083,refuse,0,55,
75489.083,refuse,0,55,
75504.083,refuse,0,55,
75519.083,refuse,0,55,
75524.451,conflict-at-land,2,56,
75534.083,refuse,0,55,
75539.451,start,2,56,
75549.083,refuse,0,55,
75564.083,refuse,0,55,
75579.083,refuse,0,55,
75594.083,refuse,0,55,
75609.083,refuse,0,55,
75624.083,refuse,0,55,
75639.083,refuse,0,55,
75654.083,refuse,0,55,
75669.083,refuse,0,55,
75684.083,refuse,0,55,
75699.083,refuse,0,55,
75714.083,refuse,0,55,
75729.083,refuse,0,55,
75744.083,refuse,0,55,
75759.083,refuse,0,55,
75774.083,refuse,0,55,
75789.083,refuse,0,55,
75804.083,refuse,0,55,
75819.083,refuse,0,55,
75834.083,refuse,0,55,
75849.083,refuse,0,55,
75864.083,refuse,0,55,
75879.083,refuse,0,55,
75894.083,refuse,0,55,
75909.083,refuse,0,55,
75924.083,refuse,0,55,
75939.083,refuse,0,55,
75954.083,refuse,0,55,
75969.083,refuse,0,55,
75984.083,refuse,0,55,
75999.083,refuse,0,55,
76014.083,refuse,0,55,
76029.083,refuse,0,55,
76044.083,refuse,0,55,
76059.083,refuse,0,55,
76074.083,refuse,0,55,
76089.083,refuse,0,55,
76104.083,refuse,0,55,
76119.083,refuse,0,55,
76134.083,refuse,0,55,
76139.512,conflict-at-land,2,56,
76149.083,refuse,0,55,
76154.512,start,2,56,
76164.083,refuse,0,55,
76179.083,refuse,0,55,
76194.083,refuse,0,55,
76209.083,refuse,0,55,
76224.083,refuse,0,55,
76239.083,refuse,0,55,
76254.083,refuse,0,55,
76269.083,refuse,0,55,
76284.083,refuse,0,55,
76299.083,refuse,0,55,
76314.083,refuse,0,55,
76329.083,refuse,0,55,
76344.083,refuse,0,55,
76359.083,refuse,0,55,
76374.083,refuse,0,55,
76389.083,refuse,0,55,
76404.083,refuse,0,55,
76419.083,refuse,0,55,
76434.083,refuse,0,55,
76449.083,refuse,0,55,
76464.083,refuse,0,55,
76479.083,refuse,0,55,
76494.083,refuse,0,55,
76509.083,refuse,0,55,
76524.083,refuse,0,55,
76539.083,refuse,0,55,
76554.083,refuse,0,55,
76569.083,refuse,0,55,
76584.083,refuse,0,55,
76599.083,refuse,0,55,
76614.083,refuse,0,55,
76629.083,refuse,0,55,
76644.083,refuse,0,55,
76659.083,refuse,0,55,
76674.083,refuse,0,55,
76689.083,refuse,0,55,
76704.083,refuse,0,55,
76719.083,refuse,0,55,
76719.083,abandon,0,55,
76719.083,refuse,0,57,
76734.083,refuse,0,57,
76749.083,refuse,0,57,
76764.083,refuse,0,57,
76767.601,conflict-at-land,2,56,
76779.083,start,0,57,
76782.601,refuse,2,56,
76794.339,conflict-at-land,0,57,
76797.601,start,2,56,
76809.339,refuse,0,57,
76824.339,refuse,0,57,
76839.339,refuse,0,57,
76854.339,refuse,0,57,
76869.339,refuse,0,57,
76884.339,refuse,0,57,
76899.339,refuse,0,57,
76914.339,refuse,0,57,
76929.339,refuse,0,57,
76944.339,refuse,0,57,
76959.339,refuse,0,57,
76974.339,refuse,0,57,
76989.339,refuse,0,57,
77004.339,refuse,0,57,
77019.339,refuse,0,57,
77034.339,refuse,0,57,
77049.339,refuse,0,57,
77060.935,conflict-at-land,3,3,
77064.339,refuse,0,57,
77075.935,start,3,3,
77079.339,refuse,0,57,
77094.339,refuse,0,57,
77109.339,refuse,0,57,
77124.339,refuse,0,57,
77139.339,refuse,0,57,
77154.339,refuse,0,57,
77169.339,refuse,0,57,
77184.339,refuse,0,57,
77199.339,refuse,0,57,
77214.339,refuse,0,57,
77229.339,refuse,0,57,
77244.339,refuse,0,57,
77259.339,refuse,0,57,
77274.339,refuse,0,57,
77289.339,refuse,0,57,
77304.339,refuse,0,57,
77319.339,refuse,0,57,
77332.992,conflict-at-land,2,56,
77334.339,start,0,57,
77345.213,conflict-at-land,0,57,
77347.992,start,2,56,
77360.213,refuse,0,57,
77375.213,refuse,0,57,
77390.213,refuse,0,57,
77405.213,refuse,0,57,
77420.213,refuse,0,57,
77435.213,refuse,0,57,
77450.213,refuse,0,57,
77465.213,refuse,0,57,
77480.213,refuse,0,57,
77495.213,refuse,0,57,
77510.213,refuse,0,57,
77525.213,refuse,0,57,
77540.213,refuse,0,57,
77555.213,refuse,0,57,
77570.213,refuse,0,57,
77585.213,refuse,0,57,
77600.213,refuse,0,57,
77615.213,refuse,0,57,
77630.213,refuse,0,57,
77645.213,refuse,0,57,
77660.213,refuse,0,57,
77675.213,refuse,0,57,
77690.213,refuse,0,57,
77705.213,refuse,0,57,
77720.213,refuse,0,57,
77735.213,refuse,0,57,
77750.213,refuse,0,57,
77763.387,conflict-at-land,2,56,
77765.213,start,0,57,
77776.638,conflict-at-land,0,57,
77778.387,start,2,56,
77791.638,refuse,0,57,
77806.638,refuse,0,57,
77821.638,refuse,0,57,
77836.638,refuse,0,57,
77851.638,refuse,0,57,
77866.638,refuse,0,57,
77881.638,refuse,0,57,
77896.638,refuse,0,57,
77911.638,refuse,0,57,
77926.638,refuse,0,57,
77941.638,refuse,0,57,
77956.638,refuse,0,57,
77971.638,refuse,0,57,
77986.638,refuse,0,57,
78001.638,refuse,0,57,
78016.638,refuse,0,57,
78031.638,refuse,0,57,
78046.638,refuse,0,57,
78061.638,refuse,0,57,
78076.638,refuse,0,57,
78091.638,refuse,0,57,
78106.638,refuse,0,57,
78121.638,refuse,0,57,
78136.638,refuse,0,57,
78151.638,refuse,0,57,
78166.638,refuse,0,57,
78181.638,refuse,0,57,
78196.638,refuse,0,57,
78211.638,refuse,0,57,
78226.638,refuse,0,57,
78241.638,refuse,0,57,
78256.638,refuse,0,57,
78271.638,refuse,0,57,
78286.638,refuse,0,57,
78301.638,refuse,0,57,
78316.638,refuse,0,57,
78331.638,refuse,0,57,
78346.638,refuse,0,57,
78361.638,refuse,0,57,
78376.638,refuse,0,57,
78391.638,refuse,0,57,
78403.891,conflict-at-land,2,56,
78406.638,start,0,57,
78418.891,refuse,2,56,
78420.829,conflict-at-land,0,57,
78433.891,start,2,56,
78435.829,refuse,0,57,
78450.829,refuse,0,57,
78465.829,refuse,0,57,
78480.829,refuse,0,57,
78495.829,refuse,0,57,
78510.829,refuse,0,57,
78525.829,refuse,0,57,
78540.829,refuse,0,57,
78555.829,refuse,0,57,
78570.829,refuse,0,57,
78585.829,refuse,0,57,
78600.829,refuse,0,57,
78615.829,refuse,0,57,
78630.829,refuse,0,57,
78645.829,refuse,0,57,
78660.829,refuse,0,57,
78675.829,refuse,0,57,
78690.829,refuse,0,57,
78705.829,refuse,0,57,
78720.829,refuse,0,57,
78735.829,refuse,0,57,
78750.829,refuse,0,57,
78765.829,refuse,0,57,
78780.829,refuse,0,57,
78795.829,refuse,0,57,
78810.829,refuse,0,57,
78825.829,refuse,0,57,
78840.829,refuse,0,57,
78855.829,refuse,0,57,
78870.829,refuse,0,57,
78885.829,refuse,0,57,
78900.829,refuse,0,57,
78915.829,refuse,0,57,
78930.829,refuse,0,57,
78945.829,refuse,0,57,
78960.829,refuse,0,57,
78975.829,refuse,0,57,
78990.829,refuse,0,57,
79005.829,refuse,0,57,
79020.829,refuse,0,57,
79035.829,refuse,0,57,
79050.829,refuse,0,57,
79065.829,refuse,0,57,
79080.829,refuse,0,57,
79095.829,refuse,0,57,
79110.829,refuse,0,57,
79125.829,refuse,0,57,
79140.829,refuse,0,57,
79143.215,conflict-at-land,2,56,
79155.829,start,0,57,
79158.215,refuse,2,56,
79170.22,conflict-at-land,0,57,
79173.215,start,2,56,
79185.22,refuse,0,57,
79200.22,refuse,0,57,
79215.22,refuse,0,57,
79230.22,refuse,0,57,
79245.22,refuse,0,57,
79260.22,refuse,0,57,
79275.22,refuse,0,57,
79290.22,refuse,0,57,
79305.22,refuse,0,57,
79320.22,refuse,0,57,
79335.22,refuse,0,57,
79350.22,refuse,0,57,
79365.22,refuse,0,57,
79380.22,refuse,0,57,
79395.22,refuse,0,57,
79410.22,refuse,0,57,
79425.22,refuse,0,57,
79440.22,refuse,0,57,
79455.22,refuse,0,57,
79470.22,refuse,0,57,
79485.22,refuse,0,57,
79500.22,refuse,0,57,
79515.22,refuse,0,57,
79530.22,refuse,0,57,
79545.22,refuse,0,57,
79560.22,refuse,0,57,
79575.22,refuse,0,57,
79579.3,conflict-at-land,3,3,
79590.22,refuse,0,57,
79594.3,start,3,3,
79605.22,refuse,0,57,
79620.22,refuse,0,57,
79635.22,refuse,0,57,
79650.22,refuse,0,57,
79665.22,refuse,0,57,
79680.22,refuse,0,57,
79695.22,refuse,0,57,
79710.22,refuse,0,57,
79725.22,refuse,0,57,
79740.22,refuse,0,57,
79752.513,conflict-at-land,2,56,
79755.22,start,0,57,
79767.228,conflict-at-land,0,57,
79767.513,start,2,56,
79782.228,refuse,0,57,
79797.228,refuse,0,57,
79797.228,abandon,0,57,
79797.228,start,0,58,
79817.178,land,0,58,
79817.178,refuse,0,59,
79832.178,refuse,0,59,
79847.178,refuse,0,59,
79862.178,refuse,0,59,
79877.178,refuse,0,59,
79892.178,refuse,0,59,
79907.178,refuse,0,59,
79922.178,refuse,0,59,
79937.178,refuse,0,59,
79952.178,refuse,0,59,
79967.178,refuse,0,59,
79982.178,refuse,0,59,
79997.178,refuse,0,59,
80012.178,refuse,0,59,
80027.178,refuse,0,59,
80042.178,refuse,0,59,
80057.178,refuse,0,59,
80072.178,refuse,0,59,
80087.178,refuse,0,59,
80102.178,refuse,0,59,
80117.178,refuse,0,59,
80132.178,refuse,0,59,
80147.178,refuse,0,59,
80162.178,refuse,0,59,
80177.178,refuse,0,59,
80192.178,refuse,0,59,
80207.178,refuse,0,59,
80222.178,refuse,0,59,
80237.178,refuse,0,59,
80252.178,refuse,0,59,
80267.178,refuse,0,59,
80282.178,refuse,0,59,
80297.178,refuse,0,59,
80312.178,refuse,0,59,
80318.016,conflict-at-land,2,56,
80327.178,start,0,59,
80333.016,refuse,2,56,
80345.995,conflict-at-land,0,59,
80348.016,start,2,56,
80360.995,refuse,0,59,
80375.995,refuse,0,59,
80390.995,refuse,0,59,
80405.995,refuse,0,59,
80420.995,refuse,0,59,
80435.995,refuse,0,59,
80450.995,refuse,0,59,
80465.995,refuse,0,59,
80480.995,refuse,0,59,
80495.995,refuse,0,59,
80510.995,refuse,0,59,
80525.995,refuse,0,59,
80540.995,refuse,0,59,
80555.995,refuse,0,59,
80570.995,refuse,0,59,
80585.995,refuse,0,59,
80600.995,refuse,0,59,
80615.995,refuse,0,59,
80630.995,refuse,0,59,
80645.995,refuse,0,59,
80660.995,refuse,0,59,
80675.995,refuse,0,59,
80690.995,refuse,0,59,
80705.995,refuse,0,59,
80720.995,refuse,0,59,
80735.995,refuse,0,59,
80750.995,refuse,0,59,
80765.995,refuse,0,59,
80780.995,refuse,0,59,
80795.995,refuse,0,59,
80810.995,refuse,0,59,
80825.995,refuse,0,59,
80840.995,refuse,0,59,
80855.995,refuse,0,59,
80870.995,refuse,0,59,
80885.995,refuse,0,59,
80900.995,refuse,0,59,
80915.995,refuse,0,59,
80930.995,refuse,0,59,
80945.995,refuse,0,59,
80960.995,refuse,0,59,
80975.995,refuse,0,59,
80990.995,refuse,0,59,
81005.995,refuse,0,59,
81020.995,refuse,0,59,
81025.594,conflict-at-land,2,56,
81035.995,start,0,59,
81040.594,refuse,2,56,
81053.456,conflict-at-land,0,59,
81055.594,start,2,56,
81068.456,refuse,0,59,
81083.456,refuse,0,59,
81098.456,refuse,0,59,
81113.456,refuse,0,59,
81128.456,refuse,0,59,
81143.456,refuse,0,59,
81158.456,refuse,0,59,
81173.456,refuse,0,59,
81188.456,refuse,0,59,
81203.456,refuse,0,59,
81218.456,refuse,0,59,
81233.456,refuse,0,59,
81248.456,refuse,0,59,
81263.456,refuse,0,59,
81278.456,refuse,0,59,
81293.456,refuse,0,59,
81308.456,refuse,0,59,
81323.456,refuse,0,59,
81338.456,refuse,0,59,
81353.456,refuse,0,59,
81368.456,refuse,0,59,
81383.456,refuse,0,59,
81398.456,refuse,0,59,
81413.456,refuse,0,59,
81428.456,refuse,0,59,
81443.456,refuse,0,59,
81458.456,refuse,0,59,
81473.456,refuse,0,59,
81488.456,refuse,0,59,
81503.456,refuse,0,59,
81518.456,refuse,0,59,
81533.456,refuse,0,59,
81548.456,refuse,0,59,
81563.456,refuse,0,59,
81578.456,refuse,0,59,
81593.456,refuse,0,59,
81603.943,conflict-at-land,2,56,
81608.456,start,0,59,
81618.943,refuse,2,56,
81630.043,conflict-at-land,0,59,
81633.943,start,2,56,
81645.043,refuse,0,59,
81660.043,refuse,0,59,
81675.043,refuse,0,59,
81690.043,refuse,0,59,
81705.043,refuse,0,59,
81720.043,refuse,0,59,
81735.043,refuse,0,59,
81750.043,refuse,0,59,
81765.043,refuse,0,59,
81780.043,refuse,0,59,
81795.043,refuse,0,59,
81810.043,refuse,0,59,
81825.043,refuse,0,59,
81840.043,refuse,0,59,
81855.043,refuse,0,59,
81870.043,refuse,0,59,
81885.043,refuse,0,59,
81887.569,conflict-at-land,3,3,
81900.043,refuse,0,59,
81902.569,start,3,3,
81915.043,refuse,0,59,
81930.043,refuse,0,59,
81945.043,refuse,0,59,
81960.043,refuse,0,59,
81975.043,refuse,0,59,
81990.043,refuse,0,59,
82005.043,refuse,0,59,
82020.043,refuse,0,59,
82035.043,refuse,0,59,
82050.043,refuse,0,59,
82065.043,refuse,0,59,
82080.043,refuse,0,59,
82095.043,refuse,0,59,
82110.043,refuse,0,59,
82125.043,refuse,0,59,
82140.043,refuse,0,59,
82155.043,refuse,0,59,
82170.043,refuse,0,59,
82185.043,refuse,0,59,
82200.043,refuse,0,59,
82215.043,refuse,0,59,
82230.043,refuse,0,59,
82245.043,refuse,0,59,
82250.746,conflict-at-land,2,56,
82260.043,start,0,59,
82265.746,refuse,2,56,
82278.728,conflict-at-land,0,59,
82280.746,start,2,56,
82293.728,refuse,0,59,
82308.728,refuse,0,59,
82323.728,refuse,0,59,
82338.728,refuse,0,59,
82353.728,refuse,0,59,
82368.728,refuse,0,59,
82383.728,refuse,0,59,
82398.728,refuse,0,59,
82413.728,refuse,0,59,
82428.728,refuse,0,59,
82443.728,refuse,0,59,
82458.728,refuse,0,59,
82473.728,refuse,0,59,
82488.728,refuse,0,59,
82503.728,refuse,0,59,
82518.728,refuse,0,59,
82533.728,refuse,0,59,
82548.728,refuse,0,59,
82563.728,refuse,0,59,
82578.728,refuse,0,59,
82593.728,refuse,0,59,
82608.728,refuse,0,59,
82623.728,refuse,0,59,
82638.728,refuse,0,59,
82653.728,refuse,0,59,
82668.728,refuse,0,59,
82683.728,refuse,0,59,
82698.728,refuse,0,59,
82713.728,refuse,0,59,
82728.728,refuse,0,59,
82743.728,refuse,0,59,
82758.728,refuse,0,59,
82773.728,refuse,0,59,
82788.728,refuse,0,59,
82803.728,refuse,0,59,
82818.728,refuse,0,59,
82833.728,refuse,0,59,
82848.728,refuse,0,59,
82863.728,refuse,0,59,
82878.728,refuse,0,59,
82893.728,refuse,0,59,
82893.728,abandon,0,59,
82893.728,refuse,0,60,
82908.728,refuse,0,60,
82923.728,refuse,0,60,
82938.728,refuse,0,60,
82941.096,conflict-at-land,2,56,
82953.728,refuse,0,60,
82956.096,start,2,56,
82968.728,refuse,0,60,
82983.728,refuse,0,60,
82998.728,refuse,0,60,
83013.728,refuse,0,60,
83028.728,refuse,0,60,
83043.728,refuse,0,60,
83058.728,refuse,0,60,
83073.728,refuse,0,60,
83088.728,refuse,0,60,
83103.728,refuse,0,60,
83118.728,refuse,0,60,
83133.728,refuse,0,60,
83148.728,refuse,0,60,
83163.728,refuse,0,60,
83178.728,refuse,0,60,
83193.728,refuse,0,60,
83208.728,refuse,0,60,
83223.728,refuse,0,60,
83238.728,refuse,0,60,
83253.728,refuse,0,60,
83268.728,refuse,0,60,
83283.728,refuse,0,60,
83298.728,refuse,0,60,
83313.728,refuse,0,60,
83328.728,refuse,0,60,
83343.728,refuse,0,60,
83358.728,refuse,0,60,
83373.728,refuse,0,60,
83388.728,refuse,0,60,
83403.728,refuse,0,60,
83418.728,refuse,0,60,
83433.728,refuse,0,60,
83448.728,refuse,0,60,
83463.728,refuse,0,60,
83478.728,refuse,0,60,
83493.728,refuse,0,60,
83508.728,refuse,0,60,
83523.728,refuse,0,60,
83538.728,refuse,0,60,
83550.048,conflict-at-land,2,56,
83553.728,refuse,0,60,
83565.048,start,2,56,
83568.728,refuse,0,60,
83583.728,refuse,0,60,
83598.728,refuse,0,60,
83613.728,refuse,0,60,
83628.728,refuse,0,60,
83643.728,refuse,0,60,
83658.728,refuse,0,60,
83673.728,refuse,0,60,
83688.728,refuse,0,60,
83703.728,refuse,0,60,
83718.728,refuse,0,60,
83733.728,refuse,0,60,
83748.728,refuse,0,60,
83763.728,refuse,0,60,
83778.728,refuse,0,60,
83793.728,refuse,0,60,
83808.728,refuse,0,60,
83823.728,refuse,0,60,
83838.728,refuse,0,60,
83853.728,refuse,0,60,
83868.728,refuse,0,60,
83883.728,refuse,0,60,
83898.728,refuse,0,60,
83913.728,refuse,0,60,
83928.728,refuse,0,60,
83943.728,refuse,0,60,
83958.728,refuse,0,60,
83973.728,refuse,0,60,
83988.728,refuse,0,60,
84003.728,refuse,0,60,
84018.728,refuse,0,60,
84033.728,refuse,0,60,
84042.411,conflict-at-land,2,56,
84048.728,refuse,0,60,
84057.411,start,2,56,
84063.728,refuse,0,60,
84078.728,refuse,0,60,
84093.728,refuse,0,60,
84108.728,refuse,0,60,
84123.728,refuse,0,60,
84138.728,refuse,0,60,
84153.728,refuse,0,60,
84161.225,conflict-at-land,3,3,
84168.728,refuse,0,60,
84176.225,start,3,3,
84183.728,refuse,0,60,
84198.728,refuse,0,60,
84213.728,refuse,0,60,
84228.728,refuse,0,60,
84243.728,refuse,0,60,
84258.728,refuse,0,60,
84273.728,refuse,0,60,
84288.728,refuse,0,60,
84303.728,refuse,0,60,
84318.728,refuse,0,60,
84333.728,refuse,0,60,
84348.728,refuse,0,60,
84363.728,refuse,0,60,
84378.728,refuse,0,60,
84393.728,refuse,0,60,
84408.728,refuse,0,60,
84423.728,refuse,0,60,
84438.728,refuse,0,60,
84453.728,refuse,0,60,
84468.728,refuse,0,60,
84483.728,refuse,0,60,
84498.728,refuse,0,60,
84513.728,refuse,0,60,
84528.728,refuse,0,60,
84543.728,refuse,0,60,
84551.88,conflict-at-land,2,56,
84558.728,refuse,0,60,
84566.88,start,2,56,
84573.728,refuse,0,60,
84588.728,refuse,0,60,
84603.728,refuse,0,60,
84618.728,refuse,0,60,
84633.728,refuse,0,60,
84648.728,refuse,0,60,
84663.728,refuse,0,60,
84678.728,refuse,0,60,
84693.728,refuse,0,60,
84708.728,refuse,0,60,
84723.728,refuse,0,60,
84738.728,refuse,0,60,
84753.728,refuse,0,60,
84768.728,refuse,0,60,
84783.728,refuse,0,60,
84798.728,refuse,0,60,
84813.728,refuse,0,60,
84828.728,refuse,0,60,
84843.728,refuse,0,60,
84858.728,refuse,0,60,
84873.728,refuse,0,60,
84888.728,refuse,0,60,
84903.728,refuse,0,60,
84918.728,refuse,0,60,
84933.728,refuse,0,60,
84948.728,refuse,0,60,
84963.728,refuse,0,60,
84972.83,conflict-at-land,2,56,
84978.728,refuse,0,60,
84987.83,start,2,56,
84993.728,refuse,0,60,
85008.728,refuse,0,60,
85023.728,refuse,0,60,
85038.728,refuse,0,60,
85053.728,refuse,0,60,
85068.728,refuse,0,60,
85083.728,refuse,0,60,
85098.728,refuse,0,60,
85113.728,refuse,0,60,
85128.728,refuse,0,60,
85143.728,refuse,0,60,
85158.728,refuse,0,60,
85173.728,refuse,0,60,
85188.728,refuse,0,60,
85203.728,refuse,0,60,
85218.728,refuse,0,60,
85233.728,refuse,0,60,
85248.728,refuse,0,60,
85263.728,refuse,0,60,
85278.728,refuse,0,60,
85293.728,refuse,0,60,
85308.728,refuse,0,60,
85323.728,refuse,0,60,
85338.728,refuse,0,60,
85353.728,refuse,0,60,
85368.728,refuse,0,60,
85383.728,refuse,0,60,
85398.728,refuse,0,60,
85413.728,refuse,0,60,
85428.728,refuse,0,60,
85443.728,refuse,0,60,
85458.728,refuse,0,60,
85473.728,refuse,0,60,
85488.728,refuse,0,60,
85503.728,refuse,0,60,
85518.728,refuse,0,60,
85531.627,conflict-at-land,2,56,
85533.728,refuse,0,60,
85546.627,start,2,56,
85548.728,refuse,0,60,
85563.728,refuse,0,60,
85578.728,refuse,0,60,
85593.728,refuse,0,60,
85608.728,refuse,0,60,
85623.728,refuse,0,60,
85638.728,refuse,0,60,
85653.728,refuse,0,60,
85668.728,refuse,0,60,
85683.728,refuse,0,60,
85698.728,refuse,0,60,
85713.728,refuse,0,60,
85728.728,refuse,0,60,
85743.728,refuse,0,60,
85758.728,refuse,0,60,
85773.728,refuse,0,60,
85788.728,refuse,0,60,
85803.728,refuse,0,60,
85818.728,refuse,0,60,
85833.728,refuse,0,60,
85848.728,refuse,0,60,
85863.728,refuse,0,60,
85878.728,refuse,0,60,
85893.728,refuse,0,60,
85893.728,abandon,0,60,
85893.728,refuse,0,61,
85908.728,refuse,0,61,
85923.728,refuse,0,61,
85938.728,refuse,0,61,
85953.728,refuse,0,61,
85968.728,refuse,0,61,
85983.728,refuse,0,61,
85998.728,refuse,0,61,
86013.728,refuse,0,61,
86028.728,refuse,0,61,
86043.728,refuse,0,61,
86058.728,refuse,0,61,
86073.728,refuse,0,61,
86088.728,refuse,0,61,
86103.728,refuse,0,61,
86118.728,refuse,0,61,
86133.728,refuse,0,61,
86148.728,refuse,0,61,
86163.728,refuse,0,61,
86178.728,refuse,0,61,
86193.728,refuse,0,61,
86208.728,refuse,0,61,
86223.728,refuse,0,61,
86235.837,conflict-at-land,2,56,
86238.728,start,0,61,
86241.246,conflict-at-land,0,61,
86250.837,start,2,56,
86256.246,refuse,0,61,
86271.246,refuse,0,61,
86286.246,refuse,0,61,
86301.246,refuse,0,61,
86316.246,refuse,0,61,
86331.246,refuse,0,61,
86346.246,refuse,0,61,
86361.246,refuse,0,61,
86376.246,refuse,0,61,
86391.246,refuse,0,61,
86406.246,refuse,0,61,
86421.246,refuse,0,61,
86436.246,refuse,0,61,
86451.246,refuse,0,61,
86466.246,refuse,0,61,
86481.246,refuse,0,61,
86496.246,refuse,0,61,
86511.246,refuse,0,61,
86526.246,refuse,0,61,
86541.246,refuse,0,61,
86541.936,conflict-at-land,3,3,
86556.246,refuse,0,61,
86556.936,start,3,3,
86571.246,refuse,0,61,
86586.246,refuse,0,61,
86601.246,refuse,0,61,
86616.246,refuse,0,61,
86631.246,refuse,0,61,
86646.246,refuse,0,61,
86661.246,refuse,0,61,
86676.246,refuse,0,61,
86691.246,refuse,0,61,
86706.246,refuse,0,61,
86721.246,refuse,0,61,
86736.246,refuse,0,61,
86751.246,refuse,0,61,
86766.246,refuse,0,61,
86781.246,refuse,0,61,
86790.141,conflict-at-land,2,56,
86796.246,start,0,61,
86800.012,conflict-at-land,0,61,
86805.141,start,2,56,
86815.012,refuse,0,61,
86830.012,refuse,0,61,
86845.012,refuse,0,61,
86860.012,refuse,0,61,
86875.012,refuse,0,61,
86890.012,refuse,0,61,
86905.012,refuse,0,61,
86920.012,refuse,0,61,
86935.012,refuse,0,61,
86950.012,refuse,0,61,
86965.012,refuse,0,61,
86980.012,refuse,0,61,
86995.012,refuse,0,61,
87010.012,refuse,0,61,
87025.012,refuse,0,61,
87040.012,refuse,0,61,
87055.012,refuse,0,61,
87070.012,refuse,0,61,
87085.012,refuse,0,61,
87100.012,refuse,0,61,
87115.012,refuse,0,61,
87130.012,refuse,0,61,
87145.012,refuse,0,61,
87160.012,refuse,0,61,
87175.012,refuse,0,61,
87190.012,refuse,0,61,
87205.012,refuse,0,61,
87220.012,refuse,0,61,
87235.012,refuse,0,61,
87250.012,refuse,0,61,
87254.031,conflict-at-land,1,8,
87265.012,refuse,0,61,
87269.031,start,1,8,
87280.012,refuse,0,61,
87295.012,refuse,0,61,
87310.012,refuse,0,61,
87325.012,refuse,0,61,
87340.012,refuse,0,61,
87355.012,refuse,0,61,
87370.012,refuse,0,61,
87385.012,refuse,0,61,
87400.012,refuse,0,61,
87415.012,refuse,0,61,
87428.853,conflict-at-land,2,56,
87430.012,start,0,61,
87432.803,conflict-at-land,0,61,
87443.853,start,2,56,
87447.803,refuse,0,61,
87462.803,refuse,0,61,
87477.803,refuse,0,61,
87492.803,refuse,0,61,
87507.803,refuse,0,61,
87522.803,refuse,0,61,
87537.803,refuse,0,61,
87552.803,refuse,0,61,
87567.803,refuse,0,61,
87582.803,refuse,0,61,
87597.803,refuse,0,61,
87612.803,refuse,0,61,
87627.803,refuse,0,61,
87642.803,refuse,0,61,
87657.803,refuse,0,61,
87672.803,refuse,0,61,
87687.803,refuse,0,61,
87702.803,refuse,0,61,
87717.803,refuse,0,61,
87732.803,refuse,0,61,
87747.803,refuse,0,61,
87762.803,refuse,0,61,
87777.803,refuse,0,61,
87792.803,refuse,0,61,
87807.803,refuse,0,61,
87822.803,refuse,0,61,
87837.803,refuse,0,61,
87852.803,refuse,0,61,
87867.803,refuse,0,61,
87882.803,refuse,0,61,
87897.803,refuse,0,61,
87912.803,refuse,0,61,
87927.803,refuse,0,61,
87942.803,refuse,0,61,
87957.803,refuse,0,61,
87972.803,refuse,0,61,
87980.881,conflict-at-land,2,56,
87987.803,start,0,61,
87991.058,conflict-at-land,0,61,
87995.881,start,2,56,
88006.058,refuse,0,61,
88021.058,refuse,0,61,
88036.058,refuse,0,61,
88051.058,refuse,0,61,
88066.058,refuse,0,61,
88081.058,refuse,0,61,
88096.058,refuse,0,61,
88111.058,refuse,0,61,
88126.058,refuse,0,61,
88141.058,refuse,0,61,
88156.058,refuse,0,61,
88171.058,refuse,0,61,
88186.058,refuse,0,61,
88201.058,refuse,0,61,
88216.058,refuse,0,61,
88231.058,refuse,0,61,
88246.058,refuse,0,61,
88261.058,refuse,0,61,
88276.058,refuse,0,61,
88291.058,refuse,0,61,
88306.058,refuse,0,61,
88321.058,refuse,0,61,
88336.058,refuse,0,61,
88351.058,refuse,0,61,
88366.058,refuse,0,61,
88381.058,refuse,0,61,
88396.058,refuse,0,61,
88411.058,refuse,0,61,
88426.058,refuse,0,61,
88441.058,refuse,0,61,
88456.058,refuse,0,61,
88471.058,refuse,0,61,
88486.058,refuse,0,61,
88501.058,refuse,0,61,
88505.777,conflict-at-land,2,56,
88516.058,start,0,61,
88519.571,conflict-at-land,0,61,
88520.777,start,2,56,
88534.571,refuse,0,61,
88549.571,refuse,0,61,
88564.571,refuse,0,61,
88579.571,refuse,0,61,
88594.571,refuse,0,61,
88609.571,refuse,0,61,
88624.571,refuse,0,61,
88639.571,refuse,0,61,
88654.571,refuse,0,61,
88669.571,refuse,0,61,
88684.571,refuse,0,61,
88699.571,refuse,0,61,
88714.571,refuse,0,61,
88729.571,refuse,0,61,
88744.571,refuse,0,61,
88759.571,refuse,0,61,
88774.571,refuse,0,61,
88789.571,refuse,0,61,
88804.571,refuse,0,61,
88819.571,refuse,0,61,
88834.571,refuse,0,61,
88849.571,refuse,0,61,
88864.571,refuse,0,61,
88879.571,refuse,0,61,
88894.571,refuse,0,61,
88909.571,refuse,0,61,
88909.571,abandon,0,61,
88909.571,start,0,62,
88914.119,conflict-at-land,2,56,
88923.381,conflict-at-land,0,62,
88929.119,start,2,56,
88938.381,start,0,62,
88948.987,conflict-at-land,0,62,
88963.987,start,0,62,
88972.495,conflict-at-land,0,62,
88987.495,start,0,62,
88998.33,conflict-at-land,0,62,
89013.33,start,0,62,
89025.972,conflict-at-land,0,62,
89040.972,start,0,62,
89049.394,conflict-at-land,3,3,
89055.038,conflict-at-land,0,62,
89064.394,start,3,3,
89070.038,start,0,62,
89079.94,conflict-at-land,0,62,
89094.94,start,0,62,
89103.928,conflict-at-land,0,62,
89118.928,start,0,62,
89128.191,conflict-at-land,0,62,
89143.191,start,0,62,
89158.713,conflict-at-land,0,62,
89173.713,start,0,62,
89186.76,conflict-at-land,0,62,
89201.76,start,0,62,
89211.084,conflict-at-land,0,62,
89226.084,start,0,62,
89239.457,conflict-at-land,0,62,
89254.457,start,0,62,
89269.766,conflict-at-land,0,62,
89284.766,start,0,62,
89297.539,conflict-at-land,0,62,
89312.539,start,0,62,
89322.614,conflict-at-land,0,62,
89337.614,start,0,62,
89352.943,conflict-at-land,0,62,
89367.943,start,0,62,
89381.387,conflict-at-land,0,62,
89396.387,start,0,62,
89406.104,conflict-at-land,0,62,
89421.104,start,0,62,
89435.021,conflict-at-land,0,62,
89450.021,start,0,62,
89462.051,conflict-at-land,0,62,
89477.051,start,0,62,
89489.584,conflict-at-land,0,62,
89504.584,start,0,62,
89515.618,conflict-at-land,0,62,
89530.618,start,0,62,
89541.133,conflict-at-land,0,62,
89556.133,start,0,62,
89567.56,conflict-at-land,0,62,
89568.156,conflict-at-land,2,56,
89582.56,start,0,62,
89583.156,start,2,56,
89594.75,conflict-at-land,0,62,
89609.75,start,0,62,
89624.387,conflict-at-land,0,62,
89639.387,start,0,62,
89648.322,conflict-at-land,0,62,
89663.322,start,0,62,
89673.154,conflict-at-land,0,62,
89688.154,start,0,62,
89703.304,conflict-at-land,0,62,
89718.304,start,0,62,
89731.081,conflict-at-land,0,62,
89746.081,start,0,62,
89758.927,conflict-at-land,0,62,
89773.927,start,0,62,
89786.861,conflict-at-land,0,62,
89801.861,start,0,62,
89812.015,conflict-at-land,0,62,
89827.015,start,0,62,
89838.256,conflict-at-land,0,62,
89853.256,start,0,62,
89863.169,conflict-at-land,0,62,
89878.169,start,0,62,
89887.664,conflict-at-land,0,62,
89902.664,start,0,62,
89918.188,conflict-at-land,0,62,
89933.188,start,0,62,
89946.944,conflict-at-land,0,62,
89961.944,start,0,62,
89976.673,conflict-at-land,0,62,
89991.673,start,0,62,
90000.084,conflict-at-land,0,62,
90015.084,start,0,62,
90028.556,conflict-at-land,0,62,
90043.556,start,0,62,
90054.168,conflict-at-land,0,62,
90069.168,start,0,62,
90081.153,conflict-at-land,0,62,
90096.153,start,0,62,
90109.415,conflict-at-land,0,62,
90124.415,start,0,62,
90128.248,conflict-at-land,2,56,
90133.04,conflict-at-land,0,62,
90143.248,start,2,56,
90148.04,start,0,62,
90160.428,conflict-at-land,0,62,
90175.428,start,0,62,
90190.123,conflict-at-land,0,62,
90205.123,start,0,62,
90217.218,conflict-at-land,0,62,
90232.218,start,0,62,
90242.905,conflict-at-land,0,62,
90257.905,start,0,62,
90270.652,conflict-at-land,0,62,
90285.652,start,0,62,
90298.254,conflict-at-land,0,62,
90313.254,start,0,62,
90323.758,conflict-at-land,0,62,
90338.758,start,0,62,
90351.104,conflict-at-land,0,62,
90366.104,start,0,62,
90376.493,conflict-at-land,0,62,
90391.493,start,0,62,
90399.974,conflict-at-land,0,62,
90414.974,start,0,62,
90425.611,conflict-at-land,0,62,
90440.611,start,0,62,
90449.633,conflict-at-land,0,62,
90464.633,start,0,62,
90476.575,conflict-at-land,0,62,
90491.575,start,0,62,
90503.583,conflict-at-land,0,62,
90518.583,start,0,62,
90533.249,conflict-at-land,0,62,
90548.249,start,0,62,
90562.034,conflict-at-land,0,62,
90577.034,start,0,62,
90590.829,conflict-at-land,0,62,
90605.829,start,0,62,
90621.355,conflict-at-land,0,62,
90636.355,start,0,62,
90646.66,conflict-at-land,0,62,
90657.978,conflict-at-land,2,56,
90661.66,start,0,62,
90672.744,conflict-at-land,0,62,
90672.978,start,2,56,
90687.744,start,0,62,
90696.882,conflict-at-land,0,62,
90711.882,start,0,62,
90723.992,conflict-at-land,0,62,
90738.992,start,0,62,
90751.073,conflict-at-land,0,62,
90766.073,start,0,62,
90775.407,conflict-at-land,0,62,
90790.407,start,0,62,
90805.45,conflict-at-land,0,62,
90820.45,start,0,62,
90835.895,conflict-at-land,0,62,
90850.895,start,0,62,
90859.787,conflict-at-land,0,62,
90874.787,start,0,62,
90883.209,conflict-at-land,0,62,
90898.209,start,0,62,
90907.054,conflict-at-land,0,62,
90922.054,start,0,62,
90935.723,conflict-at-land,0,62,
90950.723,start,0,62,
90965.261,conflict-at-land,0,62,
90980.261,start,0,62,
90989.137,conflict-at-land,0,62,
91004.137,start,0,62,
91012.602,conflict-at-land,0,62,
91027.602,start,0,62,
91039.875,conflict-at-land,0,62,
91054.875,start,0,62,
91065.671,conflict-at-land,0,62,
91080.671,start,0,62,
91089.206,conflict-at-land,0,62,
91104.206,start,0,62,
91112.669,conflict-at-land,0,62,
91127.669,start,0,62,
91137.591,conflict-at-land,0,62,
91140.768,conflict-at-land,2,56,
91152.591,start,0,62,
91155.768,start,2,56,
91162.431,conflict-at-land,0,62,
91177.431,start,0,62,
91189.796,conflict-at-land,0,62,
91204.796,start,0,62,
91215.006,conflict-at-land,0,62,
91230.006,start,0,62,
91240.088,conflict-at-land,0,62,
91255.088,start,0,62,
91265.005,conflict-at-land,0,62,
91280.005,start,0,62,
91294.791,conflict-at-land,0,62,
91309.791,start,0,62,
91319.909,conflict-at-land,0,62,
91334.909,start,0,62,
91347.308,conflict-at-land,0,62,
91362.308,start,0,62,
91373.967,conflict-at-land,0,62,
91388.967,start,0,62,
91399.753,conflict-at-land,0,62,
91414.753,start,0,62,
91426.081,conflict-at-land,0,62,
91441.081,start,0,62,
91449.596,conflict-at-land,0,62,
91464.596,start,0,62,
91474.329,conflict-at-land,0,62,
91489.329,start,0,62,
91502.338,conflict-at-land,0,62,
91517.338,start,0,62,
91531.22,conflict-at-land,0,62,
91546.22,start,0,62,
91556.193,conflict-at-land,0,62,
91571.193,start,0,62,
91580.864,conflict-at-land,0,62,
91595.864,start,0,62,
91610.785,conflict-at-land,0,62,
91625.785,start,0,62,
91634.889,conflict-at-land,0,62,
91645.256,conflict-at-land,2,56,
91649.889,start,0,62,
91660.256,start,2,56,
91664.012,conflict-at-land,0,62,
91679.012,start,0,62,
91688.465,conflict-at-land,0,62,
91703.465,start,0,62,
91717.863,conflict-at-land,0,62,
91732.863,start,0,62,
91742.343,conflict-at-land,0,62,
91757.343,start,0,62,
91766.053,conflict-at-land,0,62,
91781.053,start,0,62,
91785.055,conflict-at-land,3,3,
91791.514,conflict-at-land,0,62,
91800.055,start,3,3,
91806.514,start,0,62,
91819.159,conflict-at-land,0,62,
91834.159,start,0,62,
91845.745,conflict-at-land,0,62,
91860.745,start,0,62,
91874.858,conflict-at-land,0,62,
91889.858,start,0,62,
91903.044,conflict-at-land,0,62,
91918.044,start,0,62,
91927.302,conflict-at-land,0,62,
91942.302,start,0,62,
91952.159,conflict-at-land,0,62,
91967.159,start,0,62,
91980.932,conflict-at-land,0,62,
91995.932,start,0,62,
92005.167,conflict-at-land,0,62,
92020.167,start,0,62,
92035.426,conflict-at-land,0,62,
92050.426,start,0,62,
92064.669,conflict-at-land,0,62,
92079.669,start,0,62,
92089.652,conflict-at-land,0,62,
92104.652,start,0,62,
92115.112,conflict-at-land,0,62,
92130.112,start,0,62,
92140.327,conflict-at-land,0,62,
92155.327,start,0,62,
92166.771,conflict-at-land,0,62,
92181.771,start,0,62,
92191.962,conflict-at-land,0,62,
92206.962,start,0,62,
92215.594,conflict-at-land,0,62,
92230.594,start,0,62,
92240.807,conflict-at-land,0,62,
92255.807,start,0,62,
92265.609,conflict-at-land,0,62,
92280.609,start,0,62,
92291.529,conflict-at-land,0,62,
92306.529,start,0,62,
92318.199,conflict-at-land,0,62,
92333.199,start,0,62,
92344.828,conflict-at-land,2,56,
92347.894,conflict-at-land,0,62,
92359.828,start,2,56,
92362.894,start,0,62,
92375.726,conflict-at-land,0,62,
92390.726,start,0,62,
92405.35,conflict-at-land,0,62,
92420.35,start,0,62,
92431.534,conflict-at-land,0,62,
92446.534,start,0,62,
92458.001,conflict-at-land,0,62,
92473.001,start,0,62,
92483.162,conflict-at-land,0,62,
92498.162,start,0,62,
92512.539,conflict-at-land,0,62,
92527.539,start,0,62,
92542.256,conflict-at-land,0,62,
92557.256,start,0,62,
92572.214,conflict-at-land,0,62,
92587.214,start,0,62,
92599.97,conflict-at-land,0,62,
92614.97,start,0,62,
92624.189,conflict-at-land,0,62,
92639.189,start,0,62,
92648.11,conflict-at-land,0,62,
92663.11,start,0,62,
92677.252,conflict-at-land,0,62,
92692.252,start,0,62,
92707.027,conflict-at-land,0,62,
92722.027,start,0,62,
92734.26,conflict-at-land,0,62,
92749.26,start,0,62,
92764.289,conflict-at-land,0,62,
92779.289,start,0,62,
92794.391,conflict-at-land,0,62,
92809.391,start,0,62,
92823.225,conflict-at-land,0,62,
92838.225,start,0,62,
92849.293,conflict-at-land,0,62,
92864.293,start,0,62,
92875.978,conflict-at-land,0,62,
92890.978,start,0,62,
92901.912,conflict-at-land,0,62,
92916.912,start,0,62,
92928.164,conflict-at-land,0,62,
92943.164,start,0,62,
92954.957,conflict-at-land,0,62,
92969.957,start,0,62,
92971.247,conflict-at-land,2,56,
92978.48,conflict-at-land,0,62,
92986.247,start,2,56,
92993.48,start,0,62,
93003.09,conflict-at-land,0,62,
93018.09,start,0,62,
93030.571,conflict-at-land,0,62,
93045.571,start,0,62,
93060.247,conflict-at-land,0,62,
93075.247,start,0,62,
93088.769,conflict-at-land,0,62,
93103.769,start,0,62,
93113.245,conflict-at-land,0,62,
93128.245,start,0,62,
93139.94,conflict-at-land,0,62,
93154.94,start,0,62,
93167.857,conflict-at-land,0,62,
93182.857,start,0,62,
93192.23,conflict-at-land,0,62,
93207.23,start,0,62,
93216.204,conflict-at-land,0,62,
93231.204,start,0,62,
93244.011,conflict-at-land,0,62,
93259.011,start,0,62,
93269.106,conflict-at-land,0,62,
93284.106,start,0,62,
93297.15,conflict-at-land,0,62,
93312.15,start,0,62,
93321.785,conflict-at-land,0,62,
93336.785,start,0,62,
93351.348,conflict-at-land,0,62,
93366.348,start,0,62,
93376.978,conflict-at-land,0,62,
93391.978,start,0,62,
93403.462,conflict-at-land,0,62,
93418.462,start,0,62,
93419.482,conflict-at-land,2,56,
93430.822,conflict-at-land,0,62,
93434.482,start,2,56,
93445.822,start,0,62,
93460.82,conflict-at-land,0,62,
93475.82,start,0,62,
93490.302,conflict-at-land,0,62,
93505.302,start,0,62,
93518.631,conflict-at-land,0,62,
93533.631,start,0,62,
93542.529,conflict-at-land,0,62,
93557.529,start,0,62,
93567.274,conflict-at-land,0,62,
93582.274,start,0,62,
93594.523,conflict-at-land,0,62,
93609.523,start,0,62,
93625.016,conflict-at-land,0,62,
93640.016,start,0,62,
93653.644,conflict-at-land,0,62,
93668.644,start,0,62,
93678.424,conflict-at-land,0,62,
93693.424,start,0,62,
93704.387,conflict-at-land,0,62,
93719.387,start,0,62,
93734.717,conflict-at-land,0,62,
93749.717,start,0,62,
93761.773,conflict-at-land,0,62,
93776.773,start,0,62,
93791.439,conflict-at-land,0,62,
93806.439,start,0,62,
93818.133,conflict-at-land,3,3,
93821.017,conflict-at-land,0,62,
93833.133,start,3,3,
93836.017,start,0,62,
93848.931,conflict-at-land,0,62,
93863.931,start,0,62,
93877.126,conflict-at-land,0,62,
93892.126,start,0,62,
93902.988,conflict-at-land,0,62,
93917.988,start,0,62,
93927.255,conflict-at-land,0,62,
93942.255,start,0,62,
93957.485,conflict-at-land,0,62,
93972.485,start,0,62,
93981.12,conflict-at-land,0,62,
93996.12,start,0,62,
94006.47,conflict-at-land,0,62,
94021.47,start,0,62,
94034.29,conflict-at-land,0,62,
94049.29,start,0,62,
94064.638,conflict-at-land,0,62,
94079.638,start,0,62,
94089.551,conflict-at-land,0,62,
94104.551,start,0,62,
94114.729,conflict-at-land,0,62,
94121.831,conflict-at-land,2,56,
94129.729,start,0,62,
94136.831,start,2,56,
94144.234,conflict-at-land,0,62,
94159.234,start,0,62,
94170.536,conflict-at-land,0,62,
94185.536,start,0,62,
94196.526,conflict-at-land,0,62,
94211.526,start,0,62,
94220.282,conflict-at-land,0,62,
94235.282,start,0,62,
94250.463,conflict-at-land,0,62,
94265.463,start,0,62,
94278.887,conflict-at-land,0,62,
94278.887,abandon,0,62,
94278.887,refuse,0,63,
94293.887,refuse,0,63,
94308.887,refuse,0,63,
94323.887,refuse,0,63,
94338.887,refuse,0,63,
94353.887,refuse,0,63,
94368.887,refuse,0,63,
94383.887,refuse,0,63,
94398.887,refuse,0,63,
94413.887,refuse,0,63,
94428.887,refuse,0,63,
94443.887,refuse,0,63,
94458.887,refuse,0,63,
94473.887,refuse,0,63,
94488.887,refuse,0,63,
94503.887,refuse,0,63,
94518.887,refuse,0,63,
94533.887,refuse,0,63,
94548.887,refuse,0,63,
94563.887,refuse,0,63,
94578.887,refuse,0,63,
94593.887,refuse,0,63,
94608.887,refuse,0,63,
94623.887,refuse,0,63,
94636.933,conflict-at-land,2,56,
94638.887,start,0,63,
94651.933,refuse,2,56,
94666.933,refuse,2,56,
94681.933,refuse,2,56,
94696.933,refuse,2,56,
94711.933,refuse,2,56,
94714.929,conflict-at-land,0,63,
94726.933,start,2,56,
94729.929,refuse,0,63,
94744.929,refuse,0,63,
94759.929,refuse,0,63,
94774.929,refuse,0,63,
94789.929,refuse,0,63,
94804.929,refuse,0,63,
94819.929,refuse,0,63,
94834.929,refuse,0,63,
94849.929,refuse,0,63,
94864.929,refuse,0,63,
94879.929,refuse,0,63,
94894.929,refuse,0,63,
94909.929,refuse,0,63,
94924.929,refuse,0,63,
94939.929,refuse,0,63,
94954.929,refuse,0,63,
94969.929,refuse,0,63,
94984.929,refuse,0,63,
94999.929,refuse,0,63,
95014.929,refuse,0,63,
95029.929,refuse,0,63,
95044.929,refuse,0,63,
95059.929,refuse,0,63,
95074.929,refuse,0,63,
95089.929,refuse,0,63,
95104.929,refuse,0,63,
95119.929,refuse,0,63,
95134.929,refuse,0,63,
95149.929,refuse,0,63,
95150.057,conflict-at-land,2,56,
95164.929,start,0,63,
95165.057,refuse,2,56,
95180.057,refuse,2,56,
95195.057,refuse,2,56,
95210.057,refuse,2,56,
95225.057,refuse,2,56,
95240.057,refuse,2,56,
95249.306,conflict-at-land,0,63,
95255.057,start,2,56,
95264.306,refuse,0,63,
95279.306,refuse,0,63,
95294.306,refuse,0,63,
95309.306,refuse,0,63,
95324.306,refuse,0,63,
95339.306,refuse,0,63,
95354.306,refuse,0,63,
95369.306,refuse,0,63,
95384.306,refuse,0,63,
95399.306,refuse,0,63,
95414.306,refuse,0,63,
95429.306,refuse,0,63,
95444.306,refuse,0,63,
95459.306,refuse,0,63,
95474.306,refuse,0,63,
95489.306,refuse,0,63,
95504.306,refuse,0,63,
95519.306,refuse,0,63,
95534.306,refuse,0,63,
95549.306,refuse,0,63,
95564.306,refuse,0,63,
95579.306,refuse,0,63,
95594.306,refuse,0,63,
95609.306,refuse,0,63,
95624.306,refuse,0,63,
95639.306,refuse,0,63,
95654.306,refuse,0,63,
95669.306,refuse,0,63,
95684.306,refuse,0,63,
95699.306,refuse,0,63,
95714.306,refuse,0,63,
95729.306,refuse,0,63,
95744.306,refuse,0,63,
95759.306,refuse,0,63,
95769.16,conflict-at-land,2,56,
95774.306,start,0,63,
95784.16,refuse,2,56,
95799.16,refuse,2,56,
95814.16,refuse,2,56,
95829.16,refuse,2,56,
95844.16,refuse,2,56,
95859.16,refuse,2,56,
95874.16,refuse,2,56,
95889.16,refuse,2,56,
95904.16,refuse,2,56,
95907.599,conflict-at-land,0,63,
95919.16,start,2,56,
95922.599,refuse,0,63,
95937.599,refuse,0,63,
95952.599,refuse,0,63,
95967.599,refuse,0,63,
95982.599,refuse,0,63,
95997.599,refuse,0,63,
96012.599,refuse,0,63,
96027.599,refuse,0,63,
96042.599,refuse,0,63,
96057.599,refuse,0,63,
96072.599,refuse,0,63,
96087.599,refuse,0,63,
96102.599,refuse,0,63,
96117.599,refuse,0,63,
96132.599,refuse,0,63,
96147.599,refuse,0,63,
96162.599,refuse,0,63,
96177.599,refuse,0,63,
96192.599,refuse,0,63,
96207.599,refuse,0,63,
96222.599,refuse,0,63,
96237.599,refuse,0,63,
96252.599,refuse,0,63,
96267.599,refuse,0,63,
96282.599,refuse,0,63,
96297.599,refuse,0,63,
96312.599,refuse,0,63,
96327.599,refuse,0,63,
96342.599,refuse,0,63,
96356.92,conflict-at-land,2,56,
96357.599,start,0,63,
96371.92,refuse,2,56,
96386.92,refuse,2,56,
96401.92,refuse,2,56,
96416.92,refuse,2,56,
96431.92,refuse,2,56,
96435.46,conflict-at-land,3,3,
96446.92,refuse,2,56,
96447.979,conflict-at-land,0,63,
96450.46,start,3,3,
96461.92,start,2,56,
96462.979,refuse,0,63,
96477.979,refuse,0,63,
96492.979,refuse,0,63,
96507.979,refuse,0,63,
96522.979,refuse,0,63,
96537.979,refuse,0,63,
96552.979,refuse,0,63,
96567.979,refuse,0,63,
96582.979,refuse,0,63,
96597.979,refuse,0,63,
96612.979,refuse,0,63,
96627.979,refuse,0,63,
96642.979,refuse,0,63,
96657.979,refuse,0,63,
96672.979,refuse,0,63,
96687.979,refuse,0,63,
96702.979,refuse,0,63,
96717.979,refuse,0,63,
96732.979,refuse,0,63,
96747.979,refuse,0,63,
96762.979,refuse,0,63,
96777.979,refuse,0,63,
96792.979,refuse,0,63,
96807.979,refuse,0,63,
96822.979,refuse,0,63,
96837.979,refuse,0,63,
96852.979,refuse,0,63,
96867.979,refuse,0,63,
96882.979,refuse,0,63,
96897.979,refuse,0,63,
96912.979,refuse,0,63,
96927.979,refuse,0,63,
96942.979,refuse,0,63,
96957.979,refuse,0,63,
96972.979,refuse,0,63,
96987.979,refuse,0,63,
97002.979,refuse,0,63,
97017.979,refuse,0,63,
97023.5,conflict-at-land,2,56,
97032.979,start,0,63,
97038.5,refuse,2,56,
97053.5,refuse,2,56,
97068.5,refuse,2,56,
97083.5,refuse,2,56,
97098.5,refuse,2,56,
97113.5,refuse,2,56,
97128.5,refuse,2,56,
97143.5,refuse,2,56,
97158.5,refuse,2,56,
97166.969,conflict-at-land,0,63,
97173.5,start,2,56,
97181.969,refuse,0,63,
97196.969,refuse,0,63,
97211.969,refuse,0,63,
97226.969,refuse,0,63,
97241.969,refuse,0,63,
97256.969,refuse,0,63,
97271.969,refuse,0,63,
97286.969,refuse,0,63,
97301.969,refuse,0,63,
97316.969,refuse,0,63,
97331.969,refuse,0,63,
97346.969,refuse,0,63,
97361.969,refuse,0,63,
97376.969,refuse,0,63,
97391.969,refuse,0,63,
97406.969,refuse,0,63,
97421.969,refuse,0,63,
97436.969,refuse,0,63,
97451.969,refuse,0,63,
97466.969,refuse,0,63,
97481.969,refuse,0,63,
97496.969,refuse,0,63,
97511.969,refuse,0,63,
97526.969,refuse,0,63,
97541.969,refuse,0,63,
97556.969,refuse,0,63,
97571.969,refuse,0,63,
97586.969,refuse,0,63,
97601.969,refuse,0,63,
97616.969,refuse,0,63,
97631.969,refuse,0,63,
97646.969,refuse,0,63,
97661.969,refuse,0,63,
97676.969,refuse,0,63,
97691.969,refuse,0,63,
97706.969,refuse,0,63,
97721.969,refuse,0,63,
97736.969,refuse,0,63,
97744.711,conflict-at-land,2,56,
97751.969,start,0,63,
97759.711,refuse,2,56,
97774.711,refuse,2,56,
97789.711,refuse,2,56,
97804.711,refuse,2,56,
97819.711,refuse,2,56,
97834.711,refuse,2,56,
97849.711,refuse,2,56,
97864.711,refuse,2,56,
97879.711,refuse,2,56,
97886.119,conflict-at-land,0,63,
97894.711,start,2,56,
97901.119,refuse,0,63,
97916.119,refuse,0,63,
97931.119,refuse,0,63,
97931.119,abandon,0,63,
97931.119,refuse,0,64,
97946.119,refuse,0,64,
97961.119,refuse,0,64,
97976.119,refuse,0,64,
97991.119,refuse,0,64,
98006.119,refuse,0,64,
98021.119,refuse,0,64,
98036.119,refuse,0,64,
98051.119,refuse,0,64,
98066.119,refuse,0,64,
98081.119,refuse,0,64,
98096.119,refuse,0,64,
98111.119,refuse,0,64,
98126.119,refuse,0,64,
98141.119,refuse,0,64,
98156.119,refuse,0,64,
98171.119,refuse,0,64,
98186.119,refuse,0,64,
98201.119,refuse,0,64,
98216.119,refuse,0,64,
98231.119,refuse,0,64,
98246.119,refuse,0,64,
98261.119,refuse,0,64,
98276.119,refuse,0,64,
98291.119,refuse,0,64,
98306.119,refuse,0,64,
98321.119,refuse,0,64,
98336.119,refuse,0,64,
98351.119,refuse,0,64,
98366.119,refuse,0,64,
98381.119,refuse,0,64,
98396.119,refuse,0,64,
98411.119,refuse,0,64,
98424.624,conflict-at-land,3,3,
98426.119,refuse,0,64,
98439.624,start,3,3,
98441.119,refuse,0,64,
98456.119,refuse,0,64,
98466.748,conflict-at-land,2,56,
98471.119,start,0,64,
98478.457,conflict-at-land,0,64,
98481.748,start,2,56,
98493.457,refuse,0,64,
98508.457,refuse,0,64,
98523.457,refuse,0,64,
98538.457,refuse,0,64,
98553.457,refuse,0,64,
98568.457,refuse,0,64,
98583.457,refuse,0,64,
98598.457,refuse,0,64,
98613.457,refuse,0,64,
98628.457,refuse,0,64,
98643.457,refuse,0,64,
98658.457,refuse,0,64,
98673.457,refuse,0,64,
98688.457,refuse,0,64,
98703.457,refuse,0,64,
98718.457,refuse,0,64,
98733.457,refuse,0,64,
98748.457,refuse,0,64,
98763.457,refuse,0,64,
98778.457,refuse,0,64,
98793.457,refuse,0,64,
98808.457,refuse,0,64,
98823.457,refuse,0,64,
98838.457,refuse,0,64,
98853.457,refuse,0,64,
98868.457,refuse,0,64,
98883.457,refuse,0,64,
98898.457,refuse,0,64,
98913.457,refuse,0,64,
98928.457,refuse,0,64,
98943.457,refuse,0,64,
98958.457,refuse,0,64,
98973.457,refuse,0,64,
98988.457,refuse,0,64,
99003.457,refuse,0,64,
99018.457,refuse,0,64,
99033.457,refuse,0,64,
99048.457,refuse,0,64,
99063.457,refuse,0,64,
99066.812,conflict-at-land,2,56,
99078.457,start,0,64,
99081.812,refuse,2,56,
99084.367,conflict-at-land,0,64,
99096.812,start,2,56,
99099.367,refuse,0,64,
99114.367,refuse,0,64,
99129.367,refuse,0,64,
99144.367,refuse,0,64,
99159.367,refuse,0,64,
99174.367,refuse,0,64,
99189.367,refuse,0,64,
99204.367,refuse,0,64,
99219.367,refuse,0,64,
99234.367,refuse,0,64,
99249.367,refuse,0,64,
99264.367,refuse,0,64,
99279.367,refuse,0,64,
99294.367,refuse,0,64,
99309.367,refuse,0,64,
99324.367,refuse,0,64,
99339.367,refuse,0,64,
99354.367,refuse,0,64,
99369.367,refuse,0,64,
99384.367,refuse,0,64,
99399.367,refuse,0,64,
99414.367,refuse,0,64,
99429.367,refuse,0,64,
99444.367,refuse,0,64,
99459.367,refuse,0,64,
99474.367,refuse,0,64,
99489.367,refuse,0,64,
99504.367,refuse,0,64,
99519.367,refuse,0,64,
99534.367,refuse,0,64,
99549.367,refuse,0,64,
99564.367,refuse,0,64,
99579.367,refuse,0,64,
99594.367,refuse,0,64,
99609.367,refuse,0,64,
99624.367,refuse,0,64,
99639.367,refuse,0,64,
99654.367,refuse,0,64,
99658.98,conflict-at-land,2,56,
99669.367,start,0,64,
99673.98,refuse,2,56,
99674.847,conflict-at-land,0,64,
99688.98,start,2,56,
99689.847,refuse,0,64,
99704.847,refuse,0,64,
99719.847,refuse,0,64,
99734.847,refuse,0,64,
99749.847,refuse,0,64,
99764.847,refuse,0,64,
99779.847,refuse,0,64,
99794.847,refuse,0,64,
99809.847,refuse,0,64,
99824.847,refuse,0,64,
99839.847,refuse,0,64,
99854.847,refuse,0,64,
99869.847,refuse,0,64,
99884.847,refuse,0,64,
99899.847,refuse,0,64,
99914.847,refuse,0,64,
99929.847,refuse,0,64,
99944.847,refuse,0,64,
99959.847,refuse,0,64,
99974.847,refuse,0,64,
99989.847,refuse,0,64,
100004.847,refuse,0,64,
100019.847,refuse,0,64,
100034.847,refuse,0,64,
100049.847,refuse,0,64,
100064.847,refuse,0,64,
100079.847,refuse,0,64,
100094.847,refuse,0,64,
100109.847,refuse,0,64,
100124.847,refuse,0,64,
100139.847,refuse,0,64,
100154.847,refuse,0,64,
100169.847,refuse,0,64,
100184.847,refuse,0,64,
100199.847,refuse,0,64,
100214.847,refuse,0,64,
100224.583,conflict-at-land,2,56,
100229.847,start,0,64,
100234.314,conflict-at-land,0,64,
100239.583,start,2,56,
100249.314,refuse,0,64,
100264.314,refuse,0,64,
100279.314,refuse,0,64,
100294.314,refuse,0,64,
100309.314,refuse,0,64,
100324.314,refuse,0,64,
100339.314,refuse,0,64,
100354.314,refuse,0,64,
100369.314,refuse,0,64,
100384.314,refuse,0,64,
100399.314,refuse,0,64,
100414.314,refuse,0,64,
100429.314,refuse,0,64,
100444.314,refuse,0,64,
100459.314,refuse,0,64,
100474.314,refuse,0,64,
100489.314,refuse,0,64,
100504.314,refuse,0,64,
100519.314,refuse,0,64,
100534.314,refuse,0,64,
100549.314,refuse,0,64,
100564.314,refuse,0,64,
100574.969,conflict-at-land,3,3,
100579.314,refuse,0,64,
100589.969,start,3,3,
100594.314,refuse,0,64,
100609.314,refuse,0,64,
100624.314,refuse,0,64,
100639.314,refuse,0,64,
100654.314,refuse,0,64,
100669.314,refuse,0,64,
100684.314,refuse,0,64,
100698.889,conflict-at-land,2,56,
100699.314,start,0,64,
100703.995,conflict-at-land,0,64,
100713.889,start,2,56,
100718.995,refuse,0,64,
100733.995,refuse,0,64,
100748.995,refuse,0,64,
100763.995,refuse,0,64,
100778.995,refuse,0,64,
100793.995,refuse,0,64,
100808.995,refuse,0,64,
100823.995,refuse,0,64,
100838.995,refuse,0,64,
100853.995,refuse,0,64,
100868.995,refuse,0,64,
100883.995,refuse,0,64,
100898.995,refuse,0,64,
100913.995,refuse,0,64,
100928.995,refuse,0,64,
100943.995,refuse,0,64,
100958.995,refuse,0,64,
100958.995,abandon,0,64,
100958.995,refuse,0,65,
100973.995,refuse,0,65,
100988.995,refuse,0,65,
101003.995,refuse,0,65,
101018.995,refuse,0,65,
101033.995,refuse,0,65,
101048.995,refuse,0,65,
101063.995,refuse,0,65,
101078.995,refuse,0,65,
101093.995,refuse,0,65,
101108.995,refuse,0,65,
101123.995,refuse,0,65,
101138.995,refuse,0,65,
101153.995,refuse,0,65,
101168.995,refuse,0,65,
101174.211,conflict-at-land,2,56,
101183.995,start,0,65,
101189.211,refuse,2,56,
101195.967,conflict-at-land,0,65,
101204.211,start,2,56,
101210.967,refuse,0,65,
101225.967,refuse,0,65,
101240.967,refuse,0,65,
101255.967,refuse,0,65,
101270.967,refuse,0,65,
101285.967,refuse,0,65,
101300.967,refuse,0,65,
101315.967,refuse,0,65,
101330.967,refuse,0,65,
101345.967,refuse,0,65,
101360.967,refuse,0,65,
101375.967,refuse,0,65,
101390.967,refuse,0,65,
101405.967,refuse,0,65,
101420.967,refuse,0,65,
101435.967,refuse,0,65,
101450.967,refuse,0,65,
101465.967,refuse,0,65,
101480.967,refuse,0,65,
101495.967,refuse,0,65,
101510.967,refuse,0,65,
101525.967,refuse,0,65,
101540.967,refuse,0,65,
101555.967,refuse,0,65,
101570.967,refuse,0,65,
101585.967,refuse,0,65,
101600.967,refuse,0,65,
101615.967,refuse,0,65,
101630.967,refuse,0,65,
101645.967,refuse,0,65,
101660.967,refuse,0,65,
101675.967,refuse,0,65,
101690.967,refuse,0,65,
101705.967,refuse,0,65,
101716.303,conflict-at-land,2,56,
101720.967,start,0,65,
101731.303,refuse,2,56,
101731.911,conflict-at-land,0,65,
101746.303,start,2,56,
101746.911,refuse,0,65,
101761.911,refuse,0,65,
101776.911,refuse,0,65,
101791.911,refuse,0,65,
101806.911,refuse,0,65,
101821.911,refuse,0,65,
101836.911,refuse,0,65,
101851.911,refuse,0,65,
101866.911,refuse,0,65,
101881.911,refuse,0,65,
101896.911,refuse,0,65,
101911.911,refuse,0,65,
101926.911,refuse,0,65,
101941.911,refuse,0,65,
101956.911,refuse,0,65,
101971.911,refuse,0,65,
101986.911,refuse,0,65,
102001.911,refuse,0,65,
102016.911,refuse,0,65,
102031.911,refuse,0,65,
102046.911,refuse,0,65,
102061.911,refuse,0,65,
102076.911,refuse,0,65,
102091.911,refuse,0,65,
102106.911,refuse,0,65,
102121.911,refuse,0,65,
102136.911,refuse,0,65,
102151.911,refuse,0,65,
102166.911,refuse,0,65,
102181.911,refuse,0,65,
102196.911,refuse,0,65,
102211.911,refuse,0,65,
102226.911,refuse,0,65,
102241.911,refuse,0,65,
102256.911,refuse,0,65,
102257.542,conflict-at-land,2,56,
102271.911,start,0,65,
102272.542,refuse,2,56,
102287.542,refuse,2,56,
102287.898,conflict-at-land,0,65,
102302.542,start,2,56,
102302.898,refuse,0,65,
102317.898,refuse,0,65,
102332.898,refuse,0,65,
102347.898,refuse,0,65,
102362.898,refuse,0,65,
102377.898,refuse,0,65,
102392.898,refuse,0,65,
102407.898,refuse,0,65,
102422.898,refuse,0,65,
102437.898,refuse,0,65,
102452.898,refuse,0,65,
102467.898,refuse,0,65,
102482.898,refuse,0,65,
102497.898,refuse,0,65,
102512.898,refuse,0,65,
102527.898,refuse,0,65,
102542.898,refuse,0,65,
102557.898,refuse,0,65,
102572.898,refuse,0,65,
102587.898,refuse,0,65,
102602.898,refuse,0,65,
102617.898,refuse,0,65,
102632.898,refuse,0,65,
102647.898,refuse,0,65,
102662.898,refuse,0,65,
102677.898,refuse,0,65,
102692.898,refuse,0,65,
102707.898,refuse,0,65,
102722.898,refuse,0,65,
102737.898,refuse,0,65,
102752.898,refuse,0,65,
102767.898,refuse,0,65,
102782.898,refuse,0,65,
102797.898,refuse,0,65,
102812.898,refuse,0,65,
102827.898,refuse,0,65,
102842.898,refuse,0,65,
102857.898,refuse,0,65,
102872.898,refuse,0,65,
102887.898,refuse,0,65,
102902.898,refuse,0,65,
102917.898,refuse,0,65,
102920.128,conflict-at-land,2,56,
102932.898,start,0,65,
102935.128,refuse,2,56,
102950.128,refuse,2,56,
102951.204,conflict-at-land,0,65,
102965.128,start,2,56,
102966.204,refuse,0,65,
102981.204,refuse,0,65,
102996.204,refuse,0,65,
103011.204,refuse,0,65,
103026.204,refuse,0,65,
103041.204,refuse,0,65,
103056.204,refuse,0,65,
103071.204,refuse,0,65,
103086.204,refuse,0,65,
103101.204,refuse,0,65,
103116.204,refuse,0,65,
103131.204,refuse,0,65,
103146.204,refuse,0,65,
103161.204,refuse,0,65,
103167.227,conflict-at-land,3,3,
103176.204,refuse,0,65,
103182.227,start,3,3,
103191.204,refuse,0,65,
103206.204,refuse,0,65,
103221.204,refuse,0,65,
103236.204,refuse,0,65,
103251.204,refuse,0,65,
103266.204,refuse,0,65,
103281.204,refuse,0,65,
103296.204,refuse,0,65,
103311.204,refuse,0,65,
103326.204,refuse,0,65,
103341.204,refuse,0,65,
103356.204,refuse,0,65,
103371.204,refuse,0,65,
103384.881,conflict-at-land,2,56,
103386.204,start,0,65,
103398.471,conflict-at-land,0,65,
103399.881,start,2,56,
103413.471,refuse,0,65,
103428.471,refuse,0,65,
103443.471,refuse,0,65,
103458.471,refuse,0,65,
103473.471,refuse,0,65,
103488.471,refuse,0,65,
103503.471,refuse,0,65,
103518.471,refuse,0,65,
103533.471,refuse,0,65,
103548.471,refuse,0,65,
103563.471,refuse,0,65,
103578.471,refuse,0,65,
103593.471,refuse,0,65,
103608.471,refuse,0,65,
103623.471,refuse,0,65,
103638.471,refuse,0,65,
103653.471,refuse,0,65,
103668.471,refuse,0,65,
103683.471,refuse,0,65,
103698.471,refuse,0,65,
103713.471,refuse,0,65,
103728.471,refuse,0,65,
103743.471,refuse,0,65,
103758.471,refuse,0,65,
103773.471,refuse,0,65,
103788.471,refuse,0,65,
103803.471,refuse,0,65,
103818.471,refuse,0,65,
103833.471,refuse,0,65,
103848.471,refuse,0,65,
103863.471,refuse,0,65,
103878.471,refuse,0,65,
103893.471,refuse,0,65,
103905.125,conflict-at-land,2,56,
103908.471,start,0,65,
103920.125,refuse,2,56,
103924.147,conflict-at-land,0,65,
103935.125,start,2,56,
103939.147,refuse,0,65,
103954.147,refuse,0,65,
103969.147,refuse,0,65,
103984.147,refuse,0,65,
103999.147,refuse,0,65,
104014.147,refuse,0,65,
104029.147,refuse,0,65,
104044.147,refuse,0,65,
104044.147,abandon,0,65,
104044.147,refuse,0,66,
104059.147,refuse,0,66,
104074.147,refuse,0,66,
104089.147,refuse,0,66,
104104.147,refuse,0,66,
104119.147,refuse,0,66,
104134.147,refuse,0,66,
104149.147,refuse,0,66,
104164.147,refuse,0,66,
104179.147,refuse,0,66,
104194.147,refuse,0,66,
104209.147,refuse,0,66,
104224.147,refuse,0,66,
104239.147,refuse,0,66,
104254.147,refuse,0,66,
104269.147,refuse,0,66,
104284.147,refuse,0,66,
104299.147,refuse,0,66,
104314.147,refuse,0,66,
104329.147,refuse,0,66,
104344.147,refuse,0,66,
104359.147,refuse,0,66,
104374.147,refuse,0,66,
104389.147,refuse,0,66,
104404.147,refuse,0,66,
104419.147,refuse,0,66,
104434.147,refuse,0,66,
104449.147,refuse,0,66,
104464.147,refuse,0,66,
104479.147,refuse,0,66,
104494.147,refuse,0,66,
104509.147,refuse,0,66,
104524.147,refuse,0,66,
104539.147,refuse,0,66,
104554.147,refuse,0,66,
104569.147,refuse,0,66,
104584.147,refuse,0,66,
104599.147,refuse,0,66,
104606.272,conflict-at-land,2,56,
104614.147,start,0,66,
104621.272,refuse,2,56,
104636.272,refuse,2,56,
104640.604,conflict-at-land,0,66,
104651.272,start,2,56,
104655.604,refuse,0,66,
104670.604,refuse,0,66,
104685.604,refuse,0,66,
104700.604,refuse,0,66,
104715.604,refuse,0,66,
104730.604,refuse,0,66,
104745.604,refuse,0,66,
104760.604,refuse,0,66,
104775.604,refuse,0,66,
104790.604,refuse,0,66,
104805.604,refuse,0,66,
104820.604,refuse,0,66,
104835.604,refuse,0,66,
104850.604,refuse,0,66,
104865.604,refuse,0,66,
104880.604,refuse,0,66,
104895.604,refuse,0,66,
104910.604,refuse,0,66,
104925.604,refuse,0,66,
104940.604,refuse,0,66,
104955.604,refuse,0,66,
104970.604,refuse,0,66,
104985.604,refuse,0,66,
105000.604,refuse,0,66,
105015.604,refuse,0,66,
105030.604,refuse,0,66,
105045.604,refuse,0,66,
105060.604,refuse,0,66,
105075.604,refuse,0,66,
105090.604,refuse,0,66,
105105.604,refuse,0,66,
105120.604,refuse,0,66,
105135.604,refuse,0,66,
105150.604,refuse,0,66,
105165.604,refuse,0,66,
105180.604,refuse,0,66,
105195.604,refuse,0,66,
105210.604,refuse,0,66,
105225.604,refuse,0,66,
105240.604,refuse,0,66,
105255.604,refuse,0,66,
105270.604,refuse,0,66,
105285.604,refuse,0,66,
105300.604,refuse,0,66,
105315.604,refuse,0,66,
105330.604,refuse,0,66,
105345.604,refuse,0,66,
105360.604,refuse,0,66,
105371.75,conflict-at-land,2,56,
105375.604,start,0,66,
105386.75,refuse,2,56,
105392.662,conflict-at-land,0,66,
105401.75,start,2,56,
105407.662,refuse,0,66,
105422.662,refuse,0,66,
105437.662,refuse,0,66,
105452.662,refuse,0,66,
105467.662,refuse,0,66,
105482.662,refuse,0,66,
105497.662,refuse,0,66,
105512.662,refuse,0,66,
105527.662,refuse,0,66,
105542.662,refuse,0,66,
105557.662,refuse,0,66,
105572.662,refuse,0,66,
105587.662,refuse,0,66,
105600.317,conflict-at-land,3,3,
105602.662,refuse,0,66,
105615.317,start,3,3,
105617.662,refuse,0,66,
105632.662,refuse,0,66,
105647.662,refuse,0,66,
105662.662,refuse,0,66,
105677.662,refuse,0,66,
105692.662,refuse,0,66,
105707.662,refuse,0,66,
105722.662,refuse,0,66,
105737.662,refuse,0,66,
105752.662,refuse,0,66,
105767.662,refuse,0,66,
105782.662,refuse,0,66,
105797.662,refuse,0,66,
105812.662,refuse,0,66,
105827.662,refuse,0,66,
105842.662,refuse,0,66,
105857.662,refuse,0,66,
105872.662,refuse,0,66,
105887.662,refuse,0,66,
105898.177,conflict-at-land,2,56,
105902.662,start,0,66,
105913.177,refuse,2,56,
105919.984,conflict-at-land,0,66,
105928.177,start,2,56,
105934.984,refuse,0,66,
105949.984,refuse,0,66,
105964.984,refuse,0,66,
105979.984,refuse,0,66,
105994.984,refuse,0,66,
106009.984,refuse,0,66,
106024.984,refuse,0,66,
106039.984,refuse,0,66,
106054.984,refuse,0,66,
106069.984,refuse,0,66,
106084.984,refuse,0,66,
106099.984,refuse,0,66,
106114.984,refuse,0,66,
106129.984,refuse,0,66,
106144.984,refuse,0,66,
106159.984,refuse,0,66,
106174.984,refuse,0,66,
106189.984,refuse,0,66,
106204.984,refuse,0,66,
106219.984,refuse,0,66,
106234.984,refuse,0,66,
106249.984,refuse,0,66,
106264.984,refuse,0,66,
106279.984,refuse,0,66,
106294.984,refuse,0,66,
106309.984,refuse,0,66,
106324.984,refuse,0,66,
106336.311,conflict-at-land,2,56,
106339.984,start,0,66,
106351.311,refuse,2,56,
106362.065,conflict-at-land,0,66,
106366.311,start,2,56,
106377.065,refuse,0,66,
106392.065,refuse,0,66,
106407.065,refuse,0,66,
106422.065,refuse,0,66,
106437.065,refuse,0,66,
106452.065,refuse,0,66,
106467.065,refuse,0,66,
106482.065,refuse,0,66,
106497.065,refuse,0,66,
106512.065,refuse,0,66,
106527.065,refuse,0,66,
106542.065,refuse,0,66,
106557.065,refuse,0,66,
106572.065,refuse,0,66,
106587.065,refuse,0,66,
106602.065,refuse,0,66,
106617.065,refuse,0,66,
106632.065,refuse,0,66,
106647.065,refuse,0,66,
106662.065,refuse,0,66,
106677.065,refuse,0,66,
106692.065,refuse,0,66,
106707.065,refuse,0,66,
106722.065,refuse,0,66,
106737.065,refuse,0,66,
106752.065,refuse,0,66,
106767.065,refuse,0,66,
106782.065,refuse,0,66,
106797.065,refuse,0,66,
106812.065,refuse,0,66,
106827.065,refuse,0,66,
106842.065,refuse,0,66,
106857.065,refuse,0,66,
106872.065,refuse,0,66,
106887.065,refuse,0,66,
106902.065,refuse,0,66,
106917.065,refuse,0,66,
106932.065,refuse,0,66,
106944.118,conflict-at-land,2,56,
106947.065,start,0,66,
106959.118,refuse,2,56,
106965.817,conflict-at-land,0,66,
106974.118,start,2,56,
106980.817,refuse,0,66,
106995.817,refuse,0,66,
107010.817,refuse,0,66,
107025.817,refuse,0,66,
107040.817,refuse,0,66,
107055.817,refuse,0,66,
107070.817,refuse,0,66,
107085.817,refuse,0,66,
107100.817,refuse,0,66,
107115.817,refuse,0,66,
107130.817,refuse,0,66,
107145.817,refuse,0,66,
107145.817,abandon,0,66,
107145.817,refuse,0,67,
107160.817,refuse,0,67,
107175.817,refuse,0,67,
107190.817,refuse,0,67,
107205.817,refuse,0,67,
107220.817,refuse,0,67,
107235.817,refuse,0,67,
107250.817,refuse,0,67,
107265.817,refuse,0,67,
107280.817,refuse,0,67,
107295.817,refuse,0,67,
107310.817,refuse,0,67,
107325.817,refuse,0,67,
107340.817,refuse,0,67,
107355.817,refuse,0,67,
107370.817,refuse,0,67,
107385.817,refuse,0,67,
107387.586,conflict-at-land,2,56,
107400.817,start,0,67,
107402.586,refuse,2,56,
107406.164,conflict-at-land,0,67,
107417.586,start,2,56,
107421.164,refuse,0,67,
107436.164,refuse,0,67,
107451.164,refuse,0,67,
107466.164,refuse,0,67,
107481.164,refuse,0,67,
107496.164,refuse,0,67,
107511.164,refuse,0,67,
107526.164,refuse,0,67,
107541.164,refuse,0,67,
107556.164,refuse,0,67,
107571.164,refuse,0,67,
107586.164,refuse,0,67,
107601.164,refuse,0,67,
107616.164,refuse,0,67,
107631.164,refuse,0,67,
107646.164,refuse,0,67,
107661.164,refuse,0,67,
107676.164,refuse,0,67,
107691.164,refuse,0,67,
107706.164,refuse,0,67,
107721.164,refuse,0,67,
107736.164,refuse,0,67,
107751.164,refuse,0,67,
107766.164,refuse,0,67,
107781.164,refuse,0,67,
107796.164,refuse,0,67,
107811.164,refuse,0,67,
107815.09,conflict-at-land,3,3,
107826.164,refuse,0,67,
107830.09,start,3,3,
107841.164,refuse,0,67,
107856.164,refuse,0,67,
107871.164,refuse,0,67,
107886.164,refuse,0,67,
107901.164,refuse,0,67,
107916.164,refuse,0,67,
107931.164,refuse,0,67,
107946.164,refuse,0,67,
107961.164,refuse,0,67,
107976.164,refuse,0,67,
107991.164,refuse,0,67,
108006.164,refuse,0,67,
108021.164,refuse,0,67,
108036.164,refuse,0,67,
108051.164,refuse,0,67,
108056.448,conflict-at-land,2,56,
108066.164,start,0,67,
108071.448,refuse,2,56,
108073.953,conflict-at-land,0,67,
108086.448,start,2,56,
108088.953,refuse,0,67,
108103.953,refuse,0,67,
108118.953,refuse,0,67,
108133.953,refuse,0,67,
108148.953,refuse,0,67,
108163.953,refuse,0,67,
108178.953,refuse,0,67,
108193.953,refuse,0,67,
108208.953,refuse,0,67,
108223.953,refuse,0,67,
108238.953,refuse,0,67,
108253.953,refuse,0,67,
108268.953,refuse,0,67,
108283.953,refuse,0,67,
108298.953,refuse,0,67,
108313.953,refuse,0,67,
108328.953,refuse,0,67,
108343.953,refuse,0,67,
108358.953,refuse,0,67,
108373.953,refuse,0,67,
108388.953,refuse,0,67,
108403.953,refuse,0,67,
108418.953,refuse,0,67,
108433.953,refuse,0,67,
108448.953,refuse,0,67,
108463.953,refuse,0,67,
108478.953,refuse,0,67,
108493.953,refuse,0,67,
108508.953,refuse,0,67,
108523.953,refuse,0,67,
108538.953,refuse,0,67,
108553.953,refuse,0,67,
108568.953,refuse,0,67,
108583.953,refuse,0,67,
108598.953,refuse,0,67,
108613.953,refuse,0,67,
108628.953,refuse,0,67,
108643.953,refuse,0,67,
108658.953,refuse,0,67,
108673.953,refuse,0,67,
108679.637,conflict-at-land,2,56,
108688.953,start,0,67,
108694.637,refuse,2,56,
108696.358,conflict-at-land,0,67,
108709.637,start,2,56,
108711.358,refuse,0,67,
108726.358,refuse,0,67,
108741.358,refuse,0,67,
108756.358,refuse,0,67,
108771.358,refuse,0,67,
108786.358,refuse,0,67,
108801.358,refuse,0,67,
108816.358,refuse,0,67,
108831.358,refuse,0,67,
108846.358,refuse,0,67,
108861.358,refuse,0,67,
108876.358,refuse,0,67,
108891.358,refuse,0,67,
108906.358,refuse,0,67,
108921.358,refuse,0,67,
108936.358,refuse,0,67,
108951.358,refuse,0,67,
108966.358,refuse,0,67,
108981.358,refuse,0,67,
108996.358,refuse,0,67,
109011.358,refuse,0,67,
109026.358,refuse,0,67,
109041.358,refuse,0,67,
109056.358,refuse,0,67,
109071.358,refuse,0,67,
109086.358,refuse,0,67,
109101.358,refuse,0,67,
109116.358,refuse,0,67,
109131.358,refuse,0,67,
109146.358,refuse,0,67,
109161.358,refuse,0,67,
109176.358,refuse,0,67,
109191.358,refuse,0,67,
109206.358,refuse,0,67,
109221.358,refuse,0,67,
109236.358,refuse,0,67,
109251.358,refuse,0,67,
109266.358,refuse,0,67,
109281.358,refuse,0,67,
109292.04,conflict-at-land,2,56,
109296.358,start,0,67,
109302.29,conflict-at-land,0,67,
109307.04,start,2,56,
109317.29,refuse,0,67,
109332.29,refuse,0,67,
109347.29,refuse,0,67,
109362.29,refuse,0,67,
109377.29,refuse,0,67,
109392.29,refuse,0,67,
109407.29,refuse,0,67,
109422.29,refuse,0,67,
109437.29,refuse,0,67,
109452.29,refuse,0,67,
109467.29,refuse,0,67,
109482.29,refuse,0,67,
109497.29,refuse,0,67,
109512.29,refuse,0,67,
109527.29,refuse,0,67,
109542.29,refuse,0,67,
109557.29,refuse,0,67,
109572.29,refuse,0,67,
109587.29,refuse,0,67,
109602.29,refuse,0,67,
109617.29,refuse,0,67,
109632.29,refuse,0,67,
109647.29,refuse,0,67,
109662.29,refuse,0,67,
109677.29,refuse,0,67,
109692.29,refuse,0,67,
109707.29,refuse,0,67,
109722.29,refuse,0,67,
109737.29,refuse,0,67,
109752.29,refuse,0,67,
109767.29,refuse,0,67,
109782.29,refuse,0,67,
109797.29,refuse,0,67,
109812.29,refuse,0,67,
109827.29,refuse,0,67,
109836.765,conflict-at-land,2,56,
109842.29,start,0,67,
109846.747,conflict-at-land,0,67,
109851.765,start,2,56,
109861.747,refuse,0,67,
109876.747,refuse,0,67,
109891.747,refuse,0,67,
109906.747,refuse,0,67,
109921.747,refuse,0,67,
109936.747,refuse,0,67,
109951.747,refuse,0,67,
109966.747,refuse,0,67,
109981.747,refuse,0,67,
109996.747,refuse,0,67,
110011.747,refuse,0,67,
110026.747,refuse,0,67,
110041.747,refuse,0,67,
110056.747,refuse,0,67,
110071.747,refuse,0,67,
110086.747,refuse,0,67,
110101.747,refuse,0,67,
110116.747,refuse,0,67,
110131.747,refuse,0,67,
110145.806,conflict-at-land,3,3,
110146.747,refuse,0,67,
110160.806,start,3,3,
110161.747,refuse,0,67,
110176.747,refuse,0,67,
110176.747,abandon,0,67,
110176.747,refuse,0,68,
110191.747,refuse,0,68,
110206.747,refuse,0,68,
110221.747,refuse,0,68,
110236.747,refuse,0,68,
110251.747,refuse,0,68,
110263.434,conflict-at-land,2,56,
110266.747,start,0,68,
110274.04,conflict-at-land,0,68,
110278.434,start,2,56,
110289.04,refuse,0,68,
110304.04,refuse,0,68,
110319.04,refuse,0,68,
110334.04,refuse,0,68,
110349.04,refuse,0,68,
110364.04,refuse,0,68,
110379.04,refuse,0,68,
110394.04,refuse,0,68,
110409.04,refuse,0,68,
110424.04,refuse,0,68,
110439.04,refuse,0,68,
110454.04,refuse,0,68,
110469.04,refuse,0,68,
110484.04,refuse,0,68,
110499.04,refuse,0,68,
110514.04,refuse,0,68,
110529.04,refuse,0,68,
110544.04,refuse,0,68,
110559.04,refuse,0,68,
110574.04,refuse,0,68,
110589.04,refuse,0,68,
110604.04,refuse,0,68,
110619.04,refuse,0,68,
110634.04,refuse,0,68,
110649.04,refuse,0,68,
110664.04,refuse,0,68,
110675.411,conflict-at-land,2,56,
110679.04,start,0,68,
110683.889,conflict-at-land,0,68,
110690.411,start,2,56,
110698.889,refuse,0,68,
110713.889,refuse,0,68,
110728.889,refuse,0,68,
110743.889,refuse,0,68,
110758.889,refuse,0,68,
110773.889,refuse,0,68,
110788.889,refuse,0,68,
110803.889,refuse,0,68,
110818.889,refuse,0,68,
110833.889,refuse,0,68,
110848.889,refuse,0,68,
110863.889,refuse,0,68,
110878.889,refuse,0,68,
110893.889,refuse,0,68,
110908.889,refuse,0,68,
110923.889,refuse,0,68,
110938.889,refuse,0,68,
110953.889,refuse,0,68,
110968.889,refuse,0,68,
110983.889,refuse,0,68,
110998.889,refuse,0,68,
111013.889,refuse,0,68,
111028.889,refuse,0,68,
111043.889,refuse,0,68,
111058.889,refuse,0,68,
111073.889,refuse,0,68,
111088.889,refuse,0,68,
111103.889,refuse,0,68,
111118.889,refuse,0,68,
111133.889,refuse,0,68,
111148.889,refuse,0,68,
111163.889,refuse,0,68,
111178.889,refuse,0,68,
111190.647,conflict-at-land,2,56,
111193.889,start,0,68,
111199.216,conflict-at-land,0,68,
111205.647,start,2,56,
111214.216,refuse,0,68,
111229.216,refuse,0,68,
111244.216,refuse,0,68,
111259.216,refuse,0,68,
111274.216,refuse,0,68,
111289.216,refuse,0,68,
111304.216,refuse,0,68,
111319.216,refuse,0,68,
111334.216,refuse,0,68,
111349.216,refuse,0,68,
111364.216,refuse,0,68,
111379.216,refuse,0,68,
111394.216,refuse,0,68,
111409.216,refuse,0,68,
111424.216,refuse,0,68,
111439.216,refuse,0,68,
111454.216,refuse,0,68,
111469.216,refuse,0,68,
111484.216,refuse,0,68,
111499.216,refuse,0,68,
111514.216,refuse,0,68,
111529.216,refuse,0,68,
111544.216,refuse,0,68,
111559.216,refuse,0,68,
111574.216,refuse,0,68,
111589.216,refuse,0,68,
111604.216,refuse,0,68,
111619.216,refuse,0,68,
111634.216,refuse,0,68,
111649.216,refuse,0,68,
111664.216,refuse,0,68,
111679.216,refuse,0,68,
111694.216,refuse,0,68,
111709.216,refuse,0,68,
111724.216,refuse,0,68,
111739.216,refuse,0,68,
111754.216,refuse,0,68,
111769.216,refuse,0,68,
111784.216,refuse,0,68,
111799.216,refuse,0,68,
111814.216,refuse,0,68,
111829.216,refuse,0,68,
111844.216,refuse,0,68,
111859.216,refuse,0,68,
111874.216,refuse,0,68,
111875.536,conflict-at-land,2,56,
111889.216,start,0,68,
111890.536,refuse,2,56,
111894.325,conflict-at-land,0,68,
111905.536,start,2,56,
111909.325,refuse,0,68,
111924.325,refuse,0,68,
111939.325,refuse,0,68,
111954.325,refuse,0,68,
111969.325,refuse,0,68,
111984.325,refuse,0,68,
111999.325,refuse,0,68,
112014.325,refuse,0,68,
112029.325,refuse,0,68,
112044.325,refuse,0,68,
112059.325,refuse,0,68,
112074.325,refuse,0,68,
112089.325,refuse,0,68,
112104.325,refuse,0,68,
112119.325,refuse,0,68,
112134.325,refuse,0,68,
112149.325,refuse,0,68,
112164.325,refuse,0,68,
112179.325,refuse,0,68,
112194.325,refuse,0,68,
112209.325,refuse,0,68,
112224.325,refuse,0,68,
112239.325,refuse,0,68,
112254.325,refuse,0,68,
112269.325,refuse,0,68,
112284.325,refuse,0,68,
112299.325,refuse,0,68,
112314.325,refuse,0,68,
112329.325,refuse,0,68,
112344.325,refuse,0,68,
112359.325,refuse,0,68,
112374.325,refuse,0,68,
112389.325,refuse,0,68,
112398.657,conflict-at-land,2,56,
112404.325,start,0,68,
112410.28,conflict-at-land,0,68,
112413.657,start,2,56,
112425.28,refuse,0,68,
112440.28,refuse,0,68,
112455.28,refuse,0,68,
112470.28,refuse,0,68,
112485.28,refuse,0,68,
112500.28,refuse,0,68,
112515.28,refuse,0,68,
112530.28,refuse,0,68,
112545.28,refuse,0,68,
112560.28,refuse,0,68,
112575.28,refuse,0,68,
112590.28,refuse,0,68,
112598.374,conflict-at-land,3,3,
112605.28,refuse,0,68,
112613.374,start,3,3,
112620.28,refuse,0,68,
112635.28,refuse,0,68,
112650.28,refuse,0,68,
112665.28,refuse,0,68,
112680.28,refuse,0,68,
112695.28,refuse,0,68,
112710.28,refuse,0,68,
112725.28,refuse,0,68,
112740.28,refuse,0,68,
112755.28,refuse,0,68,
112770.28,refuse,0,68,
112785.28,refuse,0,68,
112800.28,refuse,0,68,
112815.28,refuse,0,68,
112830.28,refuse,0,68,
112845.28,refuse,0,68,
112860.28,refuse,0,68,
112875.28,refuse,0,68,
112890.28,refuse,0,68,
112905.28,refuse,0,68,
112920.28,refuse,0,68,
112935.28,refuse,0,68,
112950.28,refuse,0,68,
112965.28,refuse,0,68,
112980.28,refuse,0,68,
112995.28,refuse,0,68,
113010.28,refuse,0,68,
113025.28,refuse,0,68,
113040.28,refuse,0,68,
113055.28,refuse,0,68,
113070.28,refuse,0,68,
113085.28,refuse,0,68,
113100.28,refuse,0,68,
113115.28,refuse,0,68,
113122.587,conflict-at-land,2,56,
113130.28,start,0,68,
113136.761,conflict-at-land,0,68,
113137.587,start,2,56,
113151.761,refuse,0,68,
113166.761,refuse,0,68,
113181.761,refuse,0,68,
113196.761,refuse,0,68,
113211.761,refuse,0,68,
113211.761,abandon,0,68,
113211.761,refuse,0,69,
113226.761,refuse,0,69,
113241.761,refuse,0,69,
113256.761,refuse,0,69,
113271.761,refuse,0,69,
113286.761,refuse,0,69,
113301.761,refuse,0,69,
113316.761,refuse,0,69,
113331.761,refuse,0,69,
113346.761,refuse,0,69,
113361.761,refuse,0,69,
113376.761,refuse,0,69,
113391.761,refuse,0,69,
113406.761,refuse,0,69,
113421.761,refuse,0,69,
113436.761,refuse,0,69,
113451.761,refuse,0,69,
113466.761,refuse,0,69,
113481.761,refuse,0,69,
113496.761,refuse,0,69,
113511.761,refuse,0,69,
113526.761,refuse,0,69,
113541.761,refuse,0,69,
113544.458,conflict-at-land,2,56,
113556.761,start,0,69,
113559.458,refuse,2,56,
113562.514,conflict-at-land,0,69,
113574.458,start,2,56,
113577.514,refuse,0,69,
113592.514,refuse,0,69,
113607.514,refuse,0,69,
113622.514,refuse,0,69,
113637.514,refuse,0,69,
113652.514,refuse,0,69,
113667.514,refuse,0,69,
113682.514,refuse,0,69,
113697.514,refuse,0,69,
113712.514,refuse,0,69,
113727.514,refuse,0,69,
113742.514,refuse,0,69,
113757.514,refuse,0,69,
113772.514,refuse,0,69,
113787.514,refuse,0,69,
113802.514,refuse,0,69,
113817.514,refuse,0,69,
113832.514,refuse,0,69,
113847.514,refuse,0,69,
113862.514,refuse,0,69,
113877.514,refuse,0,69,
113892.514,refuse,0,69,
113907.514,refuse,0,69,
113922.514,refuse,0,69,
113937.514,refuse,0,69,
113952.514,refuse,0,69,
113967.514,refuse,0,69,
113982.514,refuse,0,69,
113997.514,refuse,0,69,
114012.514,refuse,0,69,
114027.514,refuse,0,69,
114042.514,refuse,0,69,
114057.514,refuse,0,69,
114072.514,refuse,0,69,
114087.514,refuse,0,69,
114102.514,refuse,0,69,
114117.514,refuse,0,69,
114132.514,refuse,0,69,
114147.514,refuse,0,69,
114162.514,refuse,0,69,
114177.514,refuse,0,69,
114192.514,refuse,0,69,
114207.514,refuse,0,69,
114222.514,refuse,0,69,
114237.514,refuse,0,69,
114252.514,refuse,0,69,
114267.514,refuse,0,69,
114275.489,conflict-at-land,2,56,
114282.514,start,0,69,
114287.497,conflict-at-land,0,69,
114290.489,start,2,56,
114302.497,refuse,0,69,
114317.497,refuse,0,69,
114332.497,refuse,0,69,
114347.497,refuse,0,69,
114362.497,refuse,0,69,
114377.497,refuse,0,69,
114392.497,refuse,0,69,
114407.497,refuse,0,69,
114422.497,refuse,0,69,
114437.497,refuse,0,69,
114452.497,refuse,0,69,
114467.497,refuse,0,69,
114482.497,refuse,0,69,
114497.497,refuse,0,69,
114512.497,refuse,0,69,
114527.497,refuse,0,69,
114542.497,refuse,0,69,
114557.497,refuse,0,69,
114564.929,conflict-at-land,3,3,
114572.497,refuse,0,69,
114579.929,start,3,3,
114587.497,refuse,0,69,
114602.497,refuse,0,69,
114617.497,refuse,0,69,
114632.497,refuse,0,69,
114647.497,refuse,0,69,
114662.497,refuse,0,69,
114677.497,refuse,0,69,
114692.497,refuse,0,69,
114707.497,refuse,0,69,
114722.497,refuse,0,69,
114737.497,refuse,0,69,
114752.497,refuse,0,69,
114767.497,refuse,0,69,
114782.497,refuse,0,69,
114797.497,refuse,0,69,
114800.432,conflict-at-land,2,56,
114812.497,start,0,69,
114815.432,refuse,2,56,
114818.733,conflict-at-land,0,69,
114830.432,start,2,56,
114833.733,refuse,0,69,
114848.733,refuse,0,69,
114863.733,refuse,0,69,
114878.733,refuse,0,69,
114893.733,refuse,0,69,
114908.733,refuse,0,69,
114923.733,refuse,0,69,
114938.733,refuse,0,69,
114953.733,refuse,0,69,
114968.733,refuse,0,69,
114983.733,refuse,0,69,
114998.733,refuse,0,69,
115013.733,refuse,0,69,
115028.733,refuse,0,69,
115043.733,refuse,0,69,
115058.733,refuse,0,69,
115073.733,refuse,0,69,
115088.733,refuse,0,69,
115103.733,refuse,0,69,
115118.733,refuse,0,69,
115133.733,refuse,0,69,
115148.733,refuse,0,69,
115163.733,refuse,0,69,
115178.733,refuse,0,69,
115193.733,refuse,0,69,
115208.733,refuse,0,69,
115223.733,refuse,0,69,
115238.733,refuse,0,69,
115253.733,refuse,0,69,
115268.733,refuse,0,69,
115283.733,refuse,0,69,
115298.733,refuse,0,69,
115313.733,refuse,0,69,
115328.733,refuse,0,69,
115343.733,refuse,0,69,
115358.733,refuse,0,69,
115373.733,refuse,0,69,
115388.733,refuse,0,69,
115403.733,refuse,0,69,
115413.888,conflict-at-land,2,56,
115418.733,start,0,69,
115425.124,conflict-at-land,0,69,
115428.888,start,2,56,
115440.124,refuse,0,69,
115455.124,refuse,0,69,
115470.124,refuse,0,69,
115485.124,refuse,0,69,
115500.124,refuse,0,69,
115515.124,refuse,0,69,
115530.124,refuse,0,69,
115545.124,refuse,0,69,
115560.124,refuse,0,69,
115575.124,refuse,0,69,
115590.124,refuse,0,69,
115605.124,refuse,0,69,
115620.124,refuse,0,69,
115635.124,refuse,0,69,
115650.124,refuse,0,69,
115665.124,refuse,0,69,
115680.124,refuse,0,69,
115695.124,refuse,0,69,
115710.124,refuse,0,69,
115725.124,refuse,0,69,
115740.124,refuse,0,69,
115755.124,refuse,0,69,
115770.124,refuse,0,69,
115785.124,refuse,0,69,
115800.124,refuse,0,69,
115815.124,refuse,0,69,
115830.124,refuse,0,69,
115845.124,refuse,0,69,
115860.124,refuse,0,69,
115875.124,refuse,0,69,
115890.124,refuse,0,69,
115905.124,refuse,0,69,
115920.124,refuse,0,69,
115935.124,refuse,0,69,
115950.124,refuse,0,69,
115965.124,refuse,0,69,
115980.124,refuse,0,69,
115995.124,refuse,0,69,
116010.124,refuse,0,69,
116025.124,refuse,0,69,
116040.124,refuse,0,69,
116045.607,conflict-at-land,2,56,
116055.124,start,0,69,
116060.485,conflict-at-land,0,69,
116060.607,start,2,56,
116075.485,refuse,0,69,
116090.485,refuse,0,69,
116105.485,refuse,0,69,
116120.485,refuse,0,69,
116135.485,refuse,0,69,
116150.485,refuse,0,69,
116165.485,refuse,0,69,
116180.485,refuse,0,69,
116195.485,refuse,0,69,
116210.485,refuse,0,69,
116225.485,refuse,0,69,
116240.485,refuse,0,69,
116240.485,abandon,0,69,
116240.485,refuse,0,70,
116255.485,refuse,0,70,
116270.485,refuse,0,70,
116285.485,refuse,0,70,
116300.485,refuse,0,70,
116315.485,refuse,0,70,
116330.485,refuse,0,70,
116345.485,refuse,0,70,
116360.485,refuse,0,70,
116375.485,refuse,0,70,
116390.485,refuse,0,70,
116405.485,refuse,0,70,
116420.485,refuse,0,70,
116435.485,refuse,0,70,
116450.485,refuse,0,70,
116465.485,refuse,0,70,
116480.485,refuse,0,70,
116495.485,refuse,0,70,
116510.485,refuse,0,70,
116525.485,refuse,0,70,
116540.485,refuse,0,70,
116555.485,refuse,0,70,
116568.962,conflict-at-land,2,56,
116570.485,start,0,70,
116583.962,refuse,2,56,
116593.002,conflict-at-land,0,70,
116598.962,start,2,56,
116608.002,refuse,0,70,
116623.002,refuse,0,70,
116638.002,refuse,0,70,
116653.002,refuse,0,70,
116668.002,refuse,0,70,
116683.002,refuse,0,70,
116698.002,refuse,0,70,
116713.002,refuse,0,70,
116728.002,refuse,0,70,
116743.002,refuse,0,70,
116758.002,refuse,0,70,
116773.002,refuse,0,70,
116788.002,refuse,0,70,
116803.002,refuse,0,70,
116818.002,refuse,0,70,
116833.002,refuse,0,70,
116848.002,refuse,0,70,
116863.002,refuse,0,70,
116878.002,refuse,0,70,
116893.002,refuse,0,70,
116908.002,refuse,0,70,
116923.002,refuse,0,70,
116938.002,refuse,0,70,
116953.002,refuse,0,70,
116968.002,refuse,0,70,
116983.002,refuse,0,70,
116998.002,refuse,0,70,
117011.804,conflict-at-land,3,3,
117013.002,refuse,0,70,
117026.804,start,3,3,
117028.002,refuse,0,70,
117043.002,refuse,0,70,
117058.002,refuse,0,70,
117073.002,refuse,0,70,
117088.002,refuse,0,70,
117103.002,refuse,0,70,
117118.002,refuse,0,70,
117133.002,refuse,0,70,
117148.002,refuse,0,70,
117163.002,refuse,0,70,
117164.44,conflict-at-land,2,56,
117178.002,start,0,70,
117179.44,refuse,2,56,
117194.44,refuse,2,56,
117207.387,conflict-at-land,0,70,
117209.44,start,2,56,
117222.387,refuse,0,70,
117237.387,refuse,0,70,
117252.387,refuse,0,70,
117267.387,refuse,0,70,
117282.387,refuse,0,70,
117297.387,refuse,0,70,
117312.387,refuse,0,70,
117327.387,refuse,0,70,
117342.387,refuse,0,70,
117357.387,refuse,0,70,
117372.387,refuse,0,70,
117387.387,refuse,0,70,
117402.387,refuse,0,70,
117417.387,refuse,0,70,
117432.387,refuse,0,70,
117447.387,refuse,0,70,
117462.387,refuse,0,70,
117477.387,refuse,0,70,
117492.387,refuse,0,70,
117507.387,refuse,0,70,
117522.387,refuse,0,70,
117537.387,refuse,0,70,
117552.387,refuse,0,70,
117567.387,refuse,0,70,
117582.387,refuse,0,70,
117597.387,refuse,0,70,
117612.387,refuse,0,70,
117627.387,refuse,0,70,
117642.387,refuse,0,70,
117657.387,refuse,0,70,
117672.387,refuse,0,70,
117687.387,refuse,0,70,
117702.387,refuse,0,70,
117717.387,refuse,0,70,
117732.387,refuse,0,70,
117732.566,conflict-at-land,2,56,
117747.387,start,0,70,
117747.566,refuse,2,56,
117762.566,refuse,2,56,
117770.657,conflict-at-land,0,70,
117777.566,start,2,56,
117785.657,refuse,0,70,
117800.657,refuse,0,70,
117815.657,refuse,0,70,
117830.657,refuse,0,70,
117845.657,refuse,0,70,
117860.657,refuse,0,70,
117875.657,refuse,0,70,
117890.657,refuse,0,70,
117905.657,refuse,0,70,
117920.657,refuse,0,70,
117935.657,refuse,0,70,
117950.657,refuse,0,70,
117965.657,refuse,0,70,
117980.657,refuse,0,70,
117995.657,refuse,0,70,
118010.657,refuse,0,70,
118025.657,refuse,0,70,
118040.657,refuse,0,70,
118055.657,refuse,0,70,
118070.657,refuse,0,70,
118085.657,refuse,0,70,
118100.657,refuse,0,70,
118115.657,refuse,0,70,
118130.657,refuse,0,70,
118145.657,refuse,0,70,
118160.657,refuse,0,70,
118175.657,refuse,0,70,
118190.657,refuse,0,70,
118205.657,refuse,0,70,
118220.657,refuse,0,70,
118235.657,refuse,0,70,
118250.657,refuse,0,70,
118265.657,refuse,0,70,
118280.657,refuse,0,70,
118295.657,refuse,0,70,
118310.657,refuse,0,70,
118325.657,refuse,0,70,
118340.657,refuse,0,70,
118355.657,refuse,0,70,
118370.657,refuse,0,70,
118385.657,refuse,0,70,
118400.657,refuse,0,70,
118415.657,refuse,0,70,
118430.657,refuse,0,70,
118445.657,refuse,0,70,
118446.939,conflict-at-land,2,56,
118460.657,start,0,70,
118461.939,refuse,2,56,
118476.939,refuse,2,56,
118491.44,conflict-at-land,0,70,
118491.939,start,2,56,
118506.44,refuse,0,70,
118521.44,refuse,0,70,
118536.44,refuse,0,70,
118551.44,refuse,0,70,
118566.44,refuse,0,70,
118581.44,refuse,0,70,
118596.44,refuse,0,70,
118611.44,refuse,0,70,
118626.44,refuse,0,70,
118641.44,refuse,0,70,
118656.44,refuse,0,70,
118671.44,refuse,0,70,
118686.44,refuse,0,70,
118701.44,refuse,0,70,
118716.44,refuse,0,70,
118731.44,refuse,0,70,
118746.44,refuse,0,70,
118761.44,refuse,0,70,
118776.44,refuse,0,70,
118791.44,refuse,0,70,
118806.44,refuse,0,70,
118821.44,refuse,0,70,
118836.44,refuse,0,70,
118851.44,refuse,0,70,
118866.44,refuse,0,70,
118881.44,refuse,0,70,
118896.44,refuse,0,70,
118911.44,refuse,0,70,
118926.44,refuse,0,70,
118941.44,refuse,0,70,
118956.44,refuse,0,70,
118963.86,conflict-at-land,2,56,
118971.44,start,0,70,
118978.86,refuse,2,56,
118993.86,refuse,2,56,
118998.758,conflict-at-land,0,70,
119008.86,start,2,56,
119013.758,refuse,0,70,
119028.758,refuse,0,70,
119043.758,refuse,0,70,
119058.758,refuse,0,70,
119073.758,refuse,0,70,
119088.758,refuse,0,70,
119103.758,refuse,0,70,
119118.758,refuse,0,70,
119133.758,refuse,0,70,
119148.758,refuse,0,70,
119163.758,refuse,0,70,
119178.758,refuse,0,70,
119193.758,refuse,0,70,
119208.758,refuse,0,70,
119223.758,refuse,0,70,
119238.758,refuse,0,70,
119253.758,refuse,0,70,
119268.758,refuse,0,70,
119283.758,refuse,0,70,
119298.758,refuse,0,70,
119313.758,refuse,0,70,
119328.758,refuse,0,70,
119342.292,conflict-at-land,3,3,
119343.758,refuse,0,70,
119357.292,start,3,3,
119358.758,refuse,0,70,
119373.758,refuse,0,70,
119373.758,abandon,0,70,
119373.758,refuse,0,71,
119388.758,refuse,0,71,
119403.758,refuse,0,71,
119418.758,refuse,0,71,
119433.758,refuse,0,71,
119448.758,refuse,0,71,
119463.758,refuse,0,71,
119478.758,refuse,0,71,
119482.361,conflict-at-land,2,56,
119493.758,start,0,71,
119495.928,conflict-at-land,0,71,
119497.361,start,2,56,
119510.928,refuse,0,71,
119525.928,refuse,0,71,
119540.928,refuse,0,71,
119555.928,refuse,0,71,
119570.928,refuse,0,71,
119585.928,refuse,0,71,
119600.928,refuse,0,71,
119615.928,refuse,0,71,
119630.928,refuse,0,71,
119645.928,refuse,0,71,
119660.928,refuse,0,71,
119675.928,refuse,0,71,
119690.928,refuse,0,71,
119705.928,refuse,0,71,
119720.928,refuse,0,71,
119735.928,refuse,0,71,
119750.928,refuse,0,71,
119765.928,refuse,0,71,
119780.928,refuse,0,71,
119795.928,refuse,0,71,
119810.928,refuse,0,71,
119825.928,refuse,0,71,
119840.928,refuse,0,71,
119855.928,refuse,0,71,
119870.928,refuse,0,71,
119885.928,refuse,0,71,
119900.928,refuse,0,71,
119915.928,refuse,0,71,
119930.928,refuse,0,71,
119945.928,refuse,0,71,
119960.928,refuse,0,71,
119975.928,refuse,0,71,
119990.928,refuse,0,71,
120005.928,refuse,0,71,
120020.928,refuse,0,71,
120035.928,refuse,0,71,
120050.928,refuse,0,71,
120057.747,conflict-at-land,2,56,
120065.928,start,0,71,
120069.054,conflict-at-land,0,71,
120072.747,start,2,56,
120084.054,refuse,0,71,
120099.054,refuse,0,71,
120114.054,refuse,0,71,
120129.054,refuse,0,71,
120144.054,refuse,0,71,
120159.054,refuse,0,71,
120174.054,refuse,0,71,
120189.054,refuse,0,71,
120204.054,refuse,0,71,
120219.054,refuse,0,71,
120234.054,refuse,0,71,
120249.054,refuse,0,71,
120264.054,refuse,0,71,
120279.054,refuse,0,71,
120294.054,refuse,0,71,
120309.054,refuse,0,71,
120324.054,refuse,0,71,
120339.054,refuse,0,71,
120354.054,refuse,0,71,
120369.054,refuse,0,71,
120384.054,refuse,0,71,
120399.054,refuse,0,71,
120414.054,refuse,0,71,
120429.054,refuse,0,71,
120444.054,refuse,0,71,
120459.054,refuse,0,71,
120474.054,refuse,0,71,
120489.054,refuse,0,71,
120504.054,refuse,0,71,
120519.054,refuse,0,71,
120534.054,refuse,0,71,
120549.054,refuse,0,71,
120564.054,refuse,0,71,
120579.054,refuse,0,71,
120594.054,refuse,0,71,
120609.054,refuse,0,71,
120624.054,refuse,0,71,
120639.054,refuse,0,71,
120654.054,refuse,0,71,
120669.054,refuse,0,71,
120684.054,refuse,0,71,
120697.57,conflict-at-land,2,56,
120699.054,start,0,71,
120702.804,conflict-at-land,0,71,
120712.57,start,2,56,
120717.804,refuse,0,71,
120732.804,refuse,0,71,
120747.804,refuse,0,71,
120762.804,refuse,0,71,
120777.804,refuse,0,71,
120792.804,refuse,0,71,
120807.804,refuse,0,71,
120822.804,refuse,0,71,
120837.804,refuse,0,71,
120852.804,refuse,0,71,
120867.804,refuse,0,71,
120882.804,refuse,0,71,
120897.804,refuse,0,71,
120912.804,refuse,0,71,
120927.804,refuse,0,71,
120942.804,refuse,0,71,
120957.804,refuse,0,71,
120972.804,refuse,0,71,
120987.804,refuse,0,71,
121002.804,refuse,0,71,
121017.804,refuse,0,71,
121032.804,refuse,0,71,
121047.804,refuse,0,71,
121062.804,refuse,0,71,
121077.804,refuse,0,71,
121092.804,refuse,0,71,
121107.804,refuse,0,71,
121122.804,refuse,0,71,
121137.804,refuse,0,71,
121152.804,refuse,0,71,
121167.804,refuse,0,71,
121182.804,refuse,0,71,
121197.804,refuse,0,71,
121212.804,refuse,0,71,
121227.804,refuse,0,71,
121242.804,refuse,0,71,
121257.804,refuse,0,71,
121272.804,refuse,0,71,
121287.804,refuse,0,71,
121302.804,refuse,0,71,
121317.804,refuse,0,71,
121332.804,refuse,0,71,
121347.804,refuse,0,71,
121362.804,refuse,0,71,
121369.368,conflict-at-land,2,56,
121377.804,start,0,71,
121380.918,conflict-at-land,0,71,
121384.368,start,2,56,
121395.918,refuse,0,71,
121410.918,refuse,0,71,
121425.918,refuse,0,71,
121440.918,refuse,0,71,
121455.918,refuse,0,71,
121470.918,refuse,0,71,
121485.918,refuse,0,71,
121500.918,refuse,0,71,
121515.918,refuse,0,71,
121530.918,refuse,0,71,
121545.918,refuse,0,71,
121560.918,refuse,0,71,
121575.918,refuse,0,71,
121590.918,refuse,0,71,
121605.918,refuse,0,71,
121620.918,refuse,0,71,
121635.918,refuse,0,71,
121650.918,refuse,0,71,
121665.918,refuse,0,71,
121680.918,refuse,0,71,
121695.918,refuse,0,71,
121710.918,refuse,0,71,
121725.918,refuse,0,71,
121740.918,refuse,0,71,
121755.918,refuse,0,71,
121770.918,refuse,0,71,
121785.918,refuse,0,71,
121800.918,refuse,0,71,
121815.918,refuse,0,71,
121830.918,refuse,0,71,
121845.918,refuse,0,71,
121860.918,refuse,0,71,
121875.918,refuse,0,71,
121890.918,refuse,0,71,
121905.332,conflict-at-land,3,3,
121905.918,refuse,0,71,
121920.332,start,3,3,
121920.918,refuse,0,71,
121935.918,refuse,0,71,
121941.422,conflict-at-land,2,56,
121950.918,start,0,71,
121954.013,conflict-at-land,0,71,
121956.422,start,2,56,
121969.013,refuse,0,71,
121984.013,refuse,0,71,
121999.013,refuse,0,71,
122014.013,refuse,0,71,
122029.013,refuse,0,71,
122044.013,refuse,0,71,
122059.013,refuse,0,71,
122070.003,conflict-at-land,1,8,
122074.013,refuse,0,71,
122085.003,start,1,8,
122089.013,refuse,0,71,
122104.013,refuse,0,71,
122119.013,refuse,0,71,
122134.013,refuse,0,71,
122149.013,refuse,0,71,
122164.013,refuse,0,71,
122179.013,refuse,0,71,
122194.013,refuse,0,71,
122209.013,refuse,0,71,
122224.013,refuse,0,71,
122239.013,refuse,0,71,
122254.013,refuse,0,71,
122269.013,refuse,0,71,
122284.013,refuse,0,71,
122299.013,refuse,0,71,
122314.013,refuse,0,71,
122329.013,refuse,0,71,
122344.013,refuse,0,71,
122359.013,refuse,0,71,
122374.013,refuse,0,71,
122389.013,refuse,0,71,
122389.013,abandon,0,71,
122389.013,refuse,0,72,
122404.013,refuse,0,72,
122419.013,refuse,0,72,
122434.013,refuse,0,72,
122449.013,refuse,0,72,
122464.013,refuse,0,72,
122479.013,refuse,0,72,
122494.013,refuse,0,72,
122509.013,refuse,0,72,
122524.013,refuse,0,72,
122535.255,conflict-at-land,2,56,
122539.013,start,0,72,
122550.255,refuse,2,56,
122553.399,conflict-at-land,0,72,
122565.255,start,2,56,
122568.399,refuse,0,72,
122583.399,refuse,0,72,
122598.399,refuse,0,72,
122613.399,refuse,0,72,
122628.399,refuse,0,72,
122643.399,refuse,0,72,
122658.399,refuse,0,72,
122673.399,refuse,0,72,
122688.399,refuse,0,72,
122703.399,refuse,0,72,
122718.399,refuse,0,72,
122733.399,refuse,0,72,
122748.399,refuse,0,72,
122763.399,refuse,0,72,
122778.399,refuse,0,72,
122793.399,refuse,0,72,
122808.399,refuse,0,72,
122823.399,refuse,0,72,
122838.399,refuse,0,72,
122853.399,refuse,0,72,
122868.399,refuse,0,72,
122883.399,refuse,0,72,
122898.399,refuse,0,72,
122913.399,refuse,0,72,
122928.399,refuse,0,72,
122943.399,refuse,0,72,
122958.399,refuse,0,72,
122973.399,refuse,0,72,
122988.399,refuse,0,72,
123003.399,refuse,0,72,
123018.399,refuse,0,72,
123033.399,refuse,0,72,
123048.399,refuse,0,72,
123063.399,refuse,0,72,
123078.399,refuse,0,72,
123093.399,refuse,0,72,
123108.399,refuse,0,72,
123123.399,refuse,0,72,
123138.399,refuse,0,72,
123152.939,conflict-at-land,2,56,
123153.399,start,0,72,
123166.556,conflict-at-land,0,72,
123167.939,start,2,56,
123181.556,refuse,0,72,
123196.556,refuse,0,72,
123211.556,refuse,0,72,
123226.556,refuse,0,72,
123241.556,refuse,0,72,
123256.556,refuse,0,72,
123271.556,refuse,0,72,
123286.556,refuse,0,72,
123301.556,refuse,0,72,
123316.556,refuse,0,72,
123331.556,refuse,0,72,
123346.556,refuse,0,72,
123361.556,refuse,0,72,
123376.556,refuse,0,72,
123391.556,refuse,0,72,
123406.556,refuse,0,72,
123421.556,refuse,0,72,
123436.556,refuse,0,72,
123451.556,refuse,0,72,
123466.556,refuse,0,72,
123481.556,refuse,0,72,
123496.197,conflict-at-land,3,3,
123496.556,refuse,0,72,
123511.197,start,3,3,
123511.556,refuse,0,72,
123526.556,refuse,0,72,
123541.556,refuse,0,72,
123556.556,refuse,0,72,
123571.556,refuse,0,72,
123586.556,refuse,0,72,
123601.556,refuse,0,72,
123616.556,refuse,0,72,
123631.556,refuse,0,72,
123646.556,refuse,0,72,
123661.556,refuse,0,72,
123676.556,refuse,0,72,
123691.556,refuse,0,72,
123706.556,refuse,0,72,
123721.556,refuse,0,72,
123736.556,refuse,0,72,
123751.556,refuse,0,72,
123766.556,refuse,0,72,
123781.556,refuse,0,72,
123796.556,refuse,0,72,
123801.57,conflict-at-land,2,56,
123811.556,start,0,72,
123816.57,refuse,2,56,
123828.884,conflict-at-land,0,72,
123831.57,start,2,56,
123843.884,refuse,0,72,
123858.884,refuse,0,72,
123873.884,refuse,0,72,
123888.884,refuse,0,72,
123903.884,refuse,0,72,
123918.884,refuse,0,72,
123933.884,refuse,0,72,
123948.884,refuse,0,72,
123963.884,refuse,0,72,
123978.884,refuse,0,72,
123993.884,refuse,0,72,
124008.884,refuse,0,72,
124023.884,refuse,0,72,
124038.884,refuse,0,72,
124053.884,refuse,0,72,
124068.884,refuse,0,72,
124083.884,refuse,0,72,
124098.884,refuse,0,72,
124113.884,refuse,0,72,
124128.884,refuse,0,72,
124143.884,refuse,0,72,
124158.884,refuse,0,72,
124173.884,refuse,0,72,
124188.884,refuse,0,72,
124203.884,refuse,0,72,
124218.884,refuse,0,72,
124233.884,refuse,0,72,
124248.884,refuse,0,72,
124263.884,refuse,0,72,
124278.884,refuse,0,72,
124293.884,refuse,0,72,
124308.884,refuse,0,72,
124323.884,refuse,0,72,
124338.884,refuse,0,72,
124353.884,refuse,0,72,
124368.884,refuse,0,72,
124383.884,refuse,0,72,
124398.884,refuse,0,72,
124413.884,refuse,0,72,
124428.884,refuse,0,72,
124443.884,refuse,0,72,
124452.407,conflict-at-land,2,56,
124458.884,start,0,72,
124467.407,refuse,2,56,
124478.637,conflict-at-land,0,72,
124482.407,start,2,56,
124493.637,refuse,0,72,
124508.637,refuse,0,72,
124523.637,refuse,0,72,
124538.637,refuse,0,72,
124553.637,refuse,0,72,
124568.637,refuse,0,72,
124583.637,refuse,0,72,
124598.637,refuse,0,72,
124613.637,refuse,0,72,
124628.637,refuse,0,72,
124643.637,refuse,0,72,
124658.637,refuse,0,72,
124673.637,refuse,0,72,
124688.637,refuse,0,72,
124703.637,refuse,0,72,
124718.637,refuse,0,72,
124733.637,refuse,0,72,
124748.637,refuse,0,72,
124763.637,refuse,0,72,
124778.637,refuse,0,72,
124793.637,refuse,0,72,
124808.637,refuse,0,72,
124823.637,refuse,0,72,
124838.637,refuse,0,72,
124853.637,refuse,0,72,
124868.637,refuse,0,72,
124883.637,refuse,0,72,
124898.637,refuse,0,72,
124913.637,refuse,0,72,
124928.637,refuse,0,72,
124943.637,refuse,0,72,
124958.637,refuse,0,72,
124973.637,refuse,0,72,
124974.652,conflict-at-land,2,56,
124988.637,start,0,72,
124989.652,refuse,2,56,
125002.19,conflict-at-land,0,72,
125004.652,start,2,56,
125017.19,refuse,0,72,
125032.19,refuse,0,72,
125047.19,refuse,0,72,
125062.19,refuse,0,72,
125077.19,refuse,0,72,
125092.19,refuse,0,72,
125107.19,refuse,0,72,
125122.19,refuse,0,72,
125137.19,refuse,0,72,
125152.19,refuse,0,72,
125167.19,refuse,0,72,
125182.19,refuse,0,72,
125197.19,refuse,0,72,
125212.19,refuse,0,72,
125227.19,refuse,0,72,
125242.19,refuse,0,72,
125257.19,refuse,0,72,
125272.19,refuse,0,72,
125287.19,refuse,0,72,
125302.19,refuse,0,72,
125317.19,refuse,0,72,
125332.19,refuse,0,72,
125347.19,refuse,0,72,
125362.19,refuse,0,72,
125377.19,refuse,0,72,
125392.19,refuse,0,72,
125407.19,refuse,0,72,
125422.19,refuse,0,72,
125437.19,refuse,0,72,
125452.19,refuse,0,72,
125467.19,refuse,0,72,
125467.19,abandon,0,72,
125467.19,refuse,0,73,
125482.19,refuse,0,73,
125497.19,refuse,0,73,
125512.19,refuse,0,73,
125527.19,refuse,0,73,
125542.19,refuse,0,73,
125557.19,refuse,0,73,
125572.19,refuse,0,73,
125587.19,refuse,0,73,
125602.19,refuse,0,73,
125617.19,refuse,0,73,
125632.19,refuse,0,73,
125647.19,refuse,0,73,
125649.03,conflict-at-land,2,56,
125662.19,refuse,0,73,
125664.03,start,2,56,
125677.19,refuse,0,73,
125692.19,refuse,0,73,
125707.19,refuse,0,73,
125722.19,refuse,0,73,
125737.19,refuse,0,73,
125752.19,refuse,0,73,
125767.19,refuse,0,73,
125782.19,refuse,0,73,
125797.19,refuse,0,73,
125812.19,refuse,0,73,
125827.19,refuse,0,73,
125842.19,refuse,0,73,
125857.19,refuse,0,73,
125872.19,refuse,0,73,
125887.19,refuse,0,73,
125902.19,refuse,0,73,
125917.19,refuse,0,73,
125932.19,refuse,0,73,
125947.19,refuse,0,73,
125962.19,refuse,0,73,
125977.19,refuse,0,73,
125992.19,refuse,0,73,
126007.19,refuse,0,73,
126022.19,refuse,0,73,
126037.19,refuse,0,73,
126052.19,refuse,0,73,
126067.19,refuse,0,73,
126082.19,refuse,0,73,
126097.19,refuse,0,73,
126112.19,refuse,0,73,
126127.19,refuse,0,73,
126142.19,refuse,0,73,
126157.19,refuse,0,73,
126166.737,conflict-at-land,3,3,
126172.19,refuse,0,73,
126174.179,conflict-at-land,2,56,
126181.737,start,3,3,
126187.19,refuse,0,73,
126189.179,start,2,56,
126202.19,refuse,0,73,
126217.19,refuse,0,73,
126232.19,refuse,0,73,
126247.19,refuse,0,73,
126262.19,refuse,0,73,
126277.19,refuse,0,73,
126292.19,refuse,0,73,
126307.19,refuse,0,73,
126322.19,refuse,0,73,
126337.19,refuse,0,73,
126352.19,refuse,0,73,
126367.19,refuse,0,73,
126382.19,refuse,0,73,
126397.19,refuse,0,73,
126412.19,refuse,0,73,
126427.19,refuse,0,73,
126442.19,refuse,0,73,
126457.19,refuse,0,73,
126472.19,refuse,0,73,
126487.19,refuse,0,73,
126502.19,refuse,0,73,
126517.19,refuse,0,73,
126532.19,refuse,0,73,
126547.19,refuse,0,73,
126562.19,refuse,0,73,
126577.19,refuse,0,73,
126592.19,refuse,0,73,
126607.19,refuse,0,73,
126622.19,refuse,0,73,
126637.19,refuse,0,73,
126652.19,refuse,0,73,
126667.19,refuse,0,73,
126682.19,refuse,0,73,
126697.19,refuse,0,73,
126712.19,refuse,0,73,
126727.19,refuse,0,73,
126727.83,conflict-at-land,2,56,
126742.19,refuse,0,73,
126742.83,start,2,56,
126757.19,refuse,0,73,
126772.19,refuse,0,73,
126787.19,refuse,0,73,
126802.19,refuse,0,73,
126817.19,refuse,0,73,
126832.19,refuse,0,73,
126847.19,refuse,0,73,
126862.19,refuse,0,73,
126877.19,refuse,0,73,
126892.19,refuse,0,73,
126907.19,refuse,0,73,
126922.19,refuse,0,73,
126937.19,refuse,0,73,
126952.19,refuse,0,73,
126967.19,refuse,0,73,
126982.19,refuse,0,73,
126997.19,refuse,0,73,
127012.19,refuse,0,73,
127027.19,refuse,0,73,
127042.19,refuse,0,73,
127057.19,refuse,0,73,
127072.19,refuse,0,73,
127087.19,refuse,0,73,
127102.19,refuse,0,73,
127117.19,refuse,0,73,
127132.19,refuse,0,73,
127147.19,refuse,0,73,
127162.19,refuse,0,73,
127177.19,refuse,0,73,
127192.19,refuse,0,73,
127207.19,refuse,0,73,
127222.19,refuse,0,73,
127237.19,refuse,0,73,
127252.19,refuse,0,73,
127267.19,refuse,0,73,
127282.19,refuse,0,73,
127297.19,refuse,0,73,
127312.19,refuse,0,73,
127327.19,refuse,0,73,
127342.19,refuse,0,73,
127357.19,refuse,0,73,
127372.19,refuse,0,73,
127387.19,refuse,0,73,
127402.19,refuse,0,73,
127412.299,conflict-at-land,2,56,
127417.19,refuse,0,73,
127427.299,start,2,56,
127432.19,refuse,0,73,
127447.19,refuse,0,73,
127462.19,refuse,0,73,
127477.19,refuse,0,73,
127492.19,refuse,0,73,
127507.19,refuse,0,73,
127522.19,refuse,0,73,
127537.19,refuse,0,73,
127552.19,refuse,0,73,
127567.19,refuse,0,73,
127582.19,refuse,0,73,
127597.19,refuse,0,73,
127612.19,refuse,0,73,
127627.19,refuse,0,73,
127642.19,refuse,0,73,
127657.19,refuse,0,73,
127672.19,refuse,0,73,
127687.19,refuse,0,73,
127702.19,refuse,0,73,
127717.19,refuse,0,73,
127732.19,refuse,0,73,
127747.19,refuse,0,73,
127762.19,refuse,0,73,
127777.19,refuse,0,73,
127792.19,refuse,0,73,
127807.19,refuse,0,73,
127822.19,refuse,0,73,
127837.19,refuse,0,73,
127852.19,refuse,0,73,
127867.19,refuse,0,73,
127882.19,refuse,0,73,
127897.19,refuse,0,73,
127912.19,refuse,0,73,
127927.19,refuse,0,73,
127942.19,refuse,0,73,
127955.471,conflict-at-land,3,3,
127957.19,refuse,0,73,
127970.471,start,3,3,
127972.19,refuse,0,73,
127987.19,refuse,0,73,
128002.19,refuse,0,73,
128017.19,refuse,0,73,
128032.19,refuse,0,73,
128047.19,refuse,0,73,
128062.19,refuse,0,73,
128077.19,refuse,0,73,
128092.19,refuse,0,73,
128107.19,refuse,0,73,
128122.19,refuse,0,73,
128137.19,refuse,0,73,
128137.36,conflict-at-land,2,56,
128152.19,refuse,0,73,
128152.36,start,2,56,
128167.19,refuse,0,73,
128182.19,refuse,0,73,
128197.19,refuse,0,73,
128212.19,refuse,0,73,
128227.19,refuse,0,73,
128242.19,refuse,0,73,
128257.19,refuse,0,73,
128272.19,refuse,0,73,
128287.19,refuse,0,73,
128302.19,refuse,0,73,
128317.19,refuse,0,73,
128332.19,refuse,0,73,
128347.19,refuse,0,73,
128362.19,refuse,0,73,
128377.19,refuse,0,73,
128392.19,refuse,0,73,
128407.19,refuse,0,73,
128422.19,refuse,0,73,
128437.19,refuse,0,73,
128452.19,refuse,0,73,
128467.19,refuse,0,73,
128467.19,abandon,0,73,
128467.19,refuse,0,74,
128482.19,refuse,0,74,
128497.19,refuse,0,74,
128512.19,refuse,0,74,
128527.19,refuse,0,74,
128542.19,refuse,0,74,
128557.19,refuse,0,74,
128572.19,refuse,0,74,
128587.19,refuse,0,74,
128602.19,refuse,0,74,
128617.19,refuse,0,74,
128632.19,refuse,0,74,
128647.19,refuse,0,74,
128662.19,refuse,0,74,
128677.19,refuse,0,74,
128692.19,refuse,0,74,
128707.19,refuse,0,74,
128722.19,refuse,0,74,
128737.19,refuse,0,74,
128752.19,refuse,0,74,
128767.19,refuse,0,74,
128782.19,refuse,0,74,
128797.19,refuse,0,74,
128812.19,refuse,0,74,
128827.19,refuse,0,74,
128842.19,refuse,0,74,
128857.19,refuse,0,74,
128867.668,conflict-at-land,2,56,
128872.19,start,0,74,
128882.668,refuse,2,56,
128889.075,conflict-at-land,0,74,
128897.668,start,2,56,
128904.075,refuse,0,74,
128919.075,refuse,0,74,
128934.075,refuse,0,74,
128949.075,refuse,0,74,
128964.075,refuse,0,74,
128979.075,refuse,0,74,
128994.075,refuse,0,74,
129009.075,refuse,0,74,
129024.075,refuse,0,74,
129039.075,refuse,0,74,
129054.075,refuse,0,74,
129069.075,refuse,0,74,
129084.075,refuse,0,74,
129099.075,refuse,0,74,
129114.075,refuse,0,74,
129129.075,refuse,0,74,
129144.075,refuse,0,74,
129159.075,refuse,0,74,
129174.075,refuse,0,74,
129189.075,refuse,0,74,
129204.075,refuse,0,74,
129219.075,refuse,0,74,
129234.075,refuse,0,74,
129249.075,refuse,0,74,
129264.075,refuse,0,74,
129279.075,refuse,0,74,
129294.075,refuse,0,74,
129309.075,refuse,0,74,
129324.075,refuse,0,74,
129339.075,refuse,0,74,
129354.075,refuse,0,74,
129369.075,refuse,0,74,
129384.075,refuse,0,74,
129399.075,refuse,0,74,
129414.075,refuse,0,74,
129429.075,refuse,0,74,
129444.075,refuse,0,74,
129452.46,conflict-at-land,2,56,
129459.075,start,0,74,
129467.46,refuse,2,56,
129473.881,conflict-at-land,0,74,
129482.46,start,2,56,
129488.881,refuse,0,74,
129503.881,refuse,0,74,
129518.881,refuse,0,74,
129533.881,refuse,0,74,
129548.881,refuse,0,74,
129563.881,refuse,0,74,
129578.881,refuse,0,74,
129593.881,refuse,0,74,
129608.881,refuse,0,74,
129623.881,refuse,0,74,
129638.881,refuse,0,74,
129653.881,refuse,0,74,
129668.881,refuse,0,74,
129683.881,refuse,0,74,
129698.881,refuse,0,74,
129713.881,refuse,0,74,
129728.881,refuse,0,74,
129743.881,refuse,0,74,
129758.881,refuse,0,74,
129773.881,refuse,0,74,
129788.881,refuse,0,74,
129803.881,refuse,0,74,
129818.881,refuse,0,74,
129833.881,refuse,0,74,
129848.881,refuse,0,74,
129863.881,refuse,0,74,
129878.881,refuse,0,74,
129893.881,refuse,0,74,
129908.881,refuse,0,74,
129923.881,refuse,0,74,
129938.881,refuse,0,74,
129951.392,conflict-at-land,2,56,
129953.881,start,0,74,
129966.392,refuse,2,56,
129979.625,conflict-at-land,0,74,
129981.392,start,2,56,
129994.625,refuse,0,74,
130009.625,refuse,0,74,
130024.625,refuse,0,74,
130039.625,refuse,0,74,
130054.625,refuse,0,74,
130069.625,refuse,0,74,
130084.625,refuse,0,74,
130099.625,refuse,0,74,
130114.625,refuse,0,74,
130129.625,refuse,0,74,
130144.625,refuse,0,74,
130159.625,refuse,0,74,
130174.625,refuse,0,74,
130189.625,refuse,0,74,
130204.625,refuse,0,74,
130219.625,refuse,0,74,
130234.625,refuse,0,74,
130249.625,refuse,0,74,
130264.625,refuse,0,74,
130279.625,refuse,0,74,
130286.409,conflict-at-land,3,3,
130294.625,refuse,0,74,
130301.409,start,3,3,
130309.625,refuse,0,74,
130324.625,refuse,0,74,
130339.625,refuse,0,74,
130354.625,refuse,0,74,
130369.625,refuse,0,74,
130384.625,refuse,0,74,
130391.877,conflict-at-land,2,56,
130399.625,start,0,74,
130406.877,refuse,2,56,
130420.745,conflict-at-land,0,74,
130421.877,start,2,56,
130435.745,refuse,0,74,
130450.745,refuse,0,74,
130465.745,refuse,0,74,
130480.745,refuse,0,74,
130495.745,refuse,0,74,
130510.745,refuse,0,74,
130525.745,refuse,0,74,
130540.745,refuse,0,74,
130555.745,refuse,0,74,
130570.745,refuse,0,74,
130585.745,refuse,0,74,
130600.745,refuse,0,74,
130615.745,refuse,0,74,
130630.745,refuse,0,74,
130645.745,refuse,0,74,
130660.745,refuse,0,74,
130675.745,refuse,0,74,
130690.745,refuse,0,74,
130705.745,refuse,0,74,
130720.745,refuse,0,74,
130735.745,refuse,0,74,
130750.745,refuse,0,74,
130765.745,refuse,0,74,
130780.745,refuse,0,74,
130795.745,refuse,0,74,
130810.745,refuse,0,74,
130825.745,refuse,0,74,
130840.745,refuse,0,74,
130855.745,refuse,0,74,
130870.745,refuse,0,74,
130885.745,refuse,0,74,
130900.745,refuse,0,74,
130915.745,refuse,0,74,
130930.745,refuse,0,74,
130945.745,refuse,0,74,
130960.745,refuse,0,74,
130975.745,refuse,0,74,
130990.745,refuse,0,74,
131005.745,refuse,0,74,
131020.745,refuse,0,74,
131035.745,refuse,0,74,
131050.745,refuse,0,74,
131065.745,refuse,0,74,
131080.745,refuse,0,74,
131095.745,refuse,0,74,
131110.745,refuse,0,74,
131125.745,refuse,0,74,
131140.745,refuse,0,74,
131143.118,conflict-at-land,2,56,
131155.745,start,0,74,
131158.118,refuse,2,56,
131173.118,refuse,2,56,
131182.965,conflict-at-land,0,74,
131188.118,start,2,56,
131197.965,refuse,0,74,
131212.965,refuse,0,74,
131227.965,refuse,0,74,
131242.965,refuse,0,74,
131257.965,refuse,0,74,
131272.965,refuse,0,74,
131287.965,refuse,0,74,
131302.965,refuse,0,74,
131317.965,refuse,0,74,
131332.965,refuse,0,74,
131347.965,refuse,0,74,
131362.965,refuse,0,74,
131377.965,refuse,0,74,
131392.965,refuse,0,74,
131407.965,refuse,0,74,
131422.965,refuse,0,74,
131437.965,refuse,0,74,
131452.965,refuse,0,74,
131467.965,refuse,0,74,
131482.965,refuse,0,74,
131497.965,refuse,0,74,
131512.965,refuse,0,74,
131527.965,refuse,0,74,
131542.965,refuse,0,74,
131557.965,refuse,0,74,
131572.965,refuse,0,74,
131572.965,abandon,0,74,
131572.965,refuse,0,75,
131587.965,refuse,0,75,
131602.965,refuse,0,75,
131617.965,refuse,0,75,
131620.012,conflict-at-land,2,56,
131632.965,refuse,0,75,
131635.012,start,2,56,
131647.965,refuse,0,75,
131662.965,refuse,0,75,
131677.965,refuse,0,75,
131692.965,refuse,0,75,
131707.965,refuse,0,75,
131722.965,refuse,0,75,
131737.965,refuse,0,75,
131752.965,refuse,0,75,
131767.965,refuse,0,75,
131782.965,refuse,0,75,
131797.965,refuse,0,75,
131812.965,refuse,0,75,
131827.965,refuse,0,75,
131842.965,refuse,0,75,
131857.965,refuse,0,75,
131872.965,refuse,0,75,
131887.965,refuse,0,75,
131902.965,refuse,0,75,
131917.965,refuse,0,75,
131932.965,refuse,0,75,
131947.965,refuse,0,75,
131962.965,refuse,0,75,
131977.965,refuse,0,75,
131992.965,refuse,0,75,
132007.965,refuse,0,75,
132022.965,refuse,0,75,
132037.965,refuse,0,75,
132052.965,refuse,0,75,
132067.965,refuse,0,75,
132082.965,refuse,0,75,
132097.965,refuse,0,75,
132112.965,refuse,0,75,
132113.355,conflict-at-land,2,56,
132127.965,refuse,0,75,
132128.355,start,2,56,
132142.965,refuse,0,75,
132157.965,refuse,0,75,
132172.965,refuse,0,75,
132187.965,refuse,0,75,
132202.965,refuse,0,75,
132217.965,refuse,0,75,
132232.965,refuse,0,75,
132247.965,refuse,0,75,
132262.965,refuse,0,75,
132277.965,refuse,0,75,
132292.965,refuse,0,75,
132307.965,refuse,0,75,
132322.965,refuse,0,75,
132337.965,refuse,0,75,
132352.965,refuse,0,75,
132367.965,refuse,0,75,
132382.965,refuse,0,75,
132397.965,refuse,0,75,
132412.965,refuse,0,75,
132427.965,refuse,0,75,
132442.965,refuse,0,75,
132457.965,refuse,0,75,
132472.965,refuse,0,75,
132487.965,refuse,0,75,
132502.965,refuse,0,75,
132517.965,refuse,0,75,
132532.965,refuse,0,75,
132547.965,refuse,0,75,
132562.965,refuse,0,75,
132577.965,refuse,0,75,
132592.965,refuse,0,75,
132607.965,refuse,0,75,
132622.965,refuse,0,75,
132637.965,refuse,0,75,
132652.965,refuse,0,75,
132667.965,refuse,0,75,
132682.965,refuse,0,75,
132697.965,refuse,0,75,
132712.965,refuse,0,75,
132727.965,refuse,0,75,
132733.666,conflict-at-land,3,3,
132742.965,refuse,0,75,
132748.666,start,3,3,
132757.965,refuse,0,75,
132772.965,refuse,0,75,
132787.965,refuse,0,75,
132802.965,refuse,0,75,
132817.965,refuse,0,75,
132832.965,refuse,0,75,
132847.965,refuse,0,75,
132850.882,conflict-at-land,2,56,
132862.965,refuse,0,75,
132865.882,start,2,56,
132877.965,refuse,0,75,
132892.965,refuse,0,75,
132907.965,refuse,0,75,
132922.965,refuse,0,75,
132937.965,refuse,0,75,
132952.965,refuse,0,75,
132967.965,refuse,0,75,
132982.965,refuse,0,75,
132997.965,refuse,0,75,
133012.965,refuse,0,75,
133027.965,refuse,0,75,
133042.965,refuse,0,75,
133057.965,refuse,0,75,
133072.965,refuse,0,75,
133087.965,refuse,0,75,
133102.965,refuse,0,75,
133117.965,refuse,0,75,
133132.965,refuse,0,75,
133147.965,refuse,0,75,
133162.965,refuse,0,75,
133177.965,refuse,0,75,
133192.965,refuse,0,75,
133207.965,refuse,0,75,
133222.965,refuse,0,75,
133237.965,refuse,0,75,
133252.965,refuse,0,75,
133267.965,refuse,0,75,
133282.965,refuse,0,75,
133297.965,refuse,0,75,
133312.965,refuse,0,75,
133316.906,conflict-at-land,2,56,
133327.965,refuse,0,75,
133331.906,start,2,56,
133342.965,refuse,0,75,
133357.965,refuse,0,75,
133372.965,refuse,0,75,
133387.965,refuse,0,75,
133402.965,refuse,0,75,
133417.965,refuse,0,75,
133432.965,refuse,0,75,
133447.965,refuse,0,75,
133462.965,refuse,0,75,
133477.965,refuse,0,75,
133492.965,refuse,0,75,
133507.965,refuse,0,75,
133522.965,refuse,0,75,
133537.965,refuse,0,75,
133552.965,refuse,0,75,
133567.965,refuse,0,75,
133582.965,refuse,0,75,
133597.965,refuse,0,75,
133612.965,refuse,0,75,
133627.965,refuse,0,75,
133642.965,refuse,0,75,
133657.965,refuse,0,75,
133672.965,refuse,0,75,
133687.965,refuse,0,75,
133702.965,refuse,0,75,
133717.965,refuse,0,75,
133732.965,refuse,0,75,
133747.965,refuse,0,75,
133762.965,refuse,0,75,
133777.965,refuse,0,75,
133792.965,refuse,0,75,
133807.965,refuse,0,75,
133822.965,refuse,0,75,
133837.965,refuse,0,75,
133852.965,refuse,0,75,
133867.965,refuse,0,75,
133882.965,refuse,0,75,
133897.965,refuse,0,75,
133912.965,refuse,0,75,
133927.965,refuse,0,75,
133942.965,refuse,0,75,
133957.965,refuse,0,75,
133972.965,refuse,0,75,
133987.965,refuse,0,75,
134002.965,refuse,0,75,
134017.965,refuse,0,75,
134027.767,conflict-at-land,2,56,
134032.965,refuse,0,75,
134042.767,start,2,56,
134047.965,refuse,0,75,
134062.965,refuse,0,75,
134077.965,refuse,0,75,
134092.965,refuse,0,75,
134107.965,refuse,0,75,
134122.965,refuse,0,75,
134137.965,refuse,0,75,
134152.965,refuse,0,75,
134167.965,refuse,0,75,
134182.965,refuse,0,75,
134197.965,refuse,0,75,
134212.965,refuse,0,75,
134227.965,refuse,0,75,
134242.965,refuse,0,75,
134257.965,refuse,0,75,
134272.965,refuse,0,75,
134287.965,refuse,0,75,
134302.965,refuse,0,75,
134317.965,refuse,0,75,
134332.965,refuse,0,75,
134347.965,refuse,0,75,
134362.965,refuse,0,75,
134377.965,refuse,0,75,
134392.965,refuse,0,75,
134407.965,refuse,0,75,
134422.965,refuse,0,75,
134437.965,refuse,0,75,
134452.965,refuse,0,75,
134467.965,refuse,0,75,
134482.965,refuse,0,75,
134497.965,refuse,0,75,
134512.965,refuse,0,75,
134527.965,refuse,0,75,
134542.965,refuse,0,75,
134557.965,refuse,0,75,
134572.965,refuse,0,75,
134572.965,abandon,0,75,
134572.965,refuse,0,76,
134587.965,refuse,0,76,
134602.965,refuse,0,76,
134617.965,refuse,0,76,
134632.965,refuse,0,76,
134640.013,conflict-at-land,2,56,
134647.965,refuse,0,76,
134655.013,start,2,56,
134662.965,refuse,0,76,
134677.965,refuse,0,76,
134692.965,refuse,0,76,
134707.965,refuse,0,76,
134722.965,refuse,0,76,
134737.965,refuse,0,76,
134747.539,conflict-at-land,3,3,
134752.965,refuse,0,76,
134762.539,start,3,3,
134767.965,refuse,0,76,
134782.965,refuse,0,76,
134797.965,refuse,0,76,
134812.965,refuse,0,76,
134827.965,refuse,0,76,
134842.965,refuse,0,76,
134857.965,refuse,0,76,
134872.965,refuse,0,76,
134887.965,refuse,0,76,
134902.965,refuse,0,76,
134917.965,refuse,0,76,
134932.965,refuse,0,76,
134947.965,refuse,0,76,
134962.965,refuse,0,76,
134977.965,refuse,0,76,
134992.965,refuse,0,76,
135007.965,refuse,0,76,
135022.965,refuse,0,76,
135037.965,refuse,0,76,
135052.965,refuse,0,76,
135067.965,refuse,0,76,
135082.965,refuse,0,76,
135097.965,refuse,0,76,
135112.965,refuse,0,76,
135127.965,refuse,0,76,
135142.965,refuse,0,76,
135148.784,conflict-at-land,2,56,
135157.965,refuse,0,76,
135163.784,start,2,56,
135172.965,refuse,0,76,
135187.965,refuse,0,76,
135202.965,refuse,0,76,
135217.965,refuse,0,76,
135232.965,refuse,0,76,
135247.965,refuse,0,76,
135262.965,refuse,0,76,
135277.965,refuse,0,76,
135292.965,refuse,0,76,
135307.965,refuse,0,76,
135322.965,refuse,0,76,
135337.965,refuse,0,76,
135352.965,refuse,0,76,
135367.965,refuse,0,76,
135382.965,refuse,0,76,
135397.965,refuse,0,76,
135412.965,refuse,0,76,
135427.965,refuse,0,76,
135442.965,refuse,0,76,
135457.965,refuse,0,76,
135472.965,refuse,0,76,
135487.965,refuse,0,76,
135502.965,refuse,0,76,
135517.965,refuse,0,76,
135532.965,refuse,0,76,
135547.965,refuse,0,76,
135562.965,refuse,0,76,
135577.965,refuse,0,76,
135592.965,refuse,0,76,
135607.965,refuse,0,76,
135622.965,refuse,0,76,
135637.965,refuse,0,76,
135652.965,refuse,0,76,
135667.965,refuse,0,76,
135682.965,refuse,0,76,
135697.48,conflict-at-land,2,56,
135697.965,refuse,0,76,
135712.48,start,2,56,
135712.965,refuse,0,76,
135727.965,refuse,0,76,
135742.965,refuse,0,76,
135757.965,refuse,0,76,
135772.965,refuse,0,76,
135787.965,refuse,0,76,
135802.965,refuse,0,76,
135817.965,refuse,0,76,
135832.965,refuse,0,76,
135847.965,refuse,0,76,
135862.965,refuse,0,76,
135877.965,refuse,0,76,
135892.965,refuse,0,76,
135907.965,refuse,0,76,
135922.965,refuse,0,76,
135937.965,refuse,0,76,
135952.965,refuse,0,76,
135967.965,refuse,0,76,
135982.965,refuse,0,76,
135997.965,refuse,0,76,
136012.965,refuse,0,76,
136027.965,refuse,0,76,
136042.965,refuse,0,76,
136057.965,refuse,0,76,
136072.965,refuse,0,76,
136087.965,refuse,0,76,
136102.965,refuse,0,76,
136117.965,refuse,0,76,
136132.965,refuse,0,76,
136147.965,refuse,0,76,
136162.965,refuse,0,76,
136177.965,refuse,0,76,
136192.965,refuse,0,76,
136207.965,refuse,0,76,
136222.965,refuse,0,76,
136237.965,refuse,0,76,
136252.965,refuse,0,76,
136256.414,conflict-at-land,2,56,
136267.965,refuse,0,76,
136271.414,start,2,56,
136282.965,refuse,0,76,
136297.965,refuse,0,76,
136312.965,refuse,0,76,
136327.965,refuse,0,76,
136342.965,refuse,0,76,
136357.965,refuse,0,76,
136372.965,refuse,0,76,
136387.965,refuse,0,76,
136402.965,refuse,0,76,
136417.965,refuse,0,76,
136432.965,refuse,0,76,
136447.965,refuse,0,76,
136462.965,refuse,0,76,
136477.965,refuse,0,76,
136492.965,refuse,0,76,
136507.965,refuse,0,76,
136522.965,refuse,0,76,
136537.965,refuse,0,76,
136552.965,refuse,0,76,
136567.965,refuse,0,76,
136582.965,refuse,0,76,
136597.965,refuse,0,76,
136612.965,refuse,0,76,
136627.965,refuse,0,76,
136642.965,refuse,0,76,
136657.965,refuse,0,76,
136672.965,refuse,0,76,
136687.965,refuse,0,76,
136702.965,refuse,0,76,
136717.965,refuse,0,76,
136732.965,refuse,0,76,
136747.965,refuse,0,76,
136762.965,refuse,0,76,
136777.965,refuse,0,76,
136792.965,refuse,0,76,
136807.965,refuse,0,76,
136822.965,refuse,0,76,
136837.965,refuse,0,76,
136846.865,conflict-at-land,2,56,
136852.965,refuse,0,76,
136861.865,start,2,56,
136867.965,refuse,0,76,
136882.965,refuse,0,76,
136897.965,refuse,0,76,
136912.965,refuse,0,76,
136927.965,refuse,0,76,
136942.965,refuse,0,76,
136957.965,refuse,0,76,
136972.965,refuse,0,76,
136987.965,refuse,0,76,
137002.965,refuse,0,76,
137017.965,refuse,0,76,
137032.965,refuse,0,76,
137047.965,refuse,0,76,
137061.178,conflict-at-land,3,3,
137062.965,refuse,0,76,
137076.178,start,3,3,
137077.965,refuse,0,76,
137092.965,refuse,0,76,
137107.965,refuse,0,76,
137122.965,refuse,0,76,
137137.965,refuse,0,76,
137152.965,refuse,0,76,
137167.965,refuse,0,76,
137182.965,refuse,0,76,
137197.965,refuse,0,76,
137212.965,refuse,0,76,
137227.965,refuse,0,76,
137242.965,refuse,0,76,
137257.965,refuse,0,76,
137272.965,refuse,0,76,
137287.965,refuse,0,76,
137302.965,refuse,0,76,
137309.307,conflict-at-land,2,56,
137317.965,refuse,0,76,
137324.307,start,2,56,
137332.965,refuse,0,76,
137347.965,refuse,0,76,
137362.965,refuse,0,76,
137377.965,refuse,0,76,
137392.965,refuse,0,76,
137407.965,refuse,0,76,
137422.965,refuse,0,76,
137437.965,refuse,0,76,
137452.965,refuse,0,76,
137467.965,refuse,0,76,
137482.965,refuse,0,76,
137497.965,refuse,0,76,
137512.965,refuse,0,76,
137527.965,refuse,0,76,
137542.965,refuse,0,76,
137557.965,refuse,0,76,
137572.965,refuse,0,76,
137572.965,abandon,0,76,
137572.965,refuse,0,77,
137587.965,refuse,0,77,
137602.965,refuse,0,77,
137617.965,refuse,0,77,
137632.965,refuse,0,77,
137647.965,refuse,0,77,
137662.965,refuse,0,77,
137677.965,refuse,0,77,
137692.965,refuse,0,77,
137707.965,refuse,0,77,
137722.965,refuse,0,77,
137737.965,refuse,0,77,
137752.965,refuse,0,77,
137767.965,refuse,0,77,
137782.965,refuse,0,77,
137797.965,refuse,0,77,
137812.965,refuse,0,77,
137827.965,refuse,0,77,
137842.965,refuse,0,77,
137857.965,refuse,0,77,
137872.965,refuse,0,77,
137887.965,refuse,0,77,
137902.965,refuse,0,77,
137917.965,refuse,0,77,
137932.965,refuse,0,77,
137947.965,refuse,0,77,
137962.965,refuse,0,77,
137977.965,refuse,0,77,
137992.965,refuse,0,77,
138007.965,refuse,0,77,
138022.965,refuse,0,77,
138034.697,conflict-at-land,2,56,
138037.965,refuse,0,77,
138049.697,start,2,56,
138052.965,refuse,0,77,
138067.965,refuse,0,77,
138082.965,refuse,0,77,
138097.965,refuse,0,77,
138112.965,refuse,0,77,
138127.965,refuse,0,77,
138142.965,refuse,0,77,
138157.965,refuse,0,77,
138172.965,refuse,0,77,
138187.965,refuse,0,77,
138202.965,refuse,0,77,
138217.965,refuse,0,77,
138232.965,refuse,0,77,
138247.965,refuse,0,77,
138262.965,refuse,0,77,
138277.965,refuse,0,77,
138292.965,refuse,0,77,
138307.965,refuse,0,77,
138322.965,refuse,0,77,
138337.965,refuse,0,77,
138352.965,refuse,0,77,
138367.965,refuse,0,77,
138382.965,refuse,0,77,
138397.965,refuse,0,77,
138412.965,refuse,0,77,
138427.965,refuse,0,77,
138442.965,refuse,0,77,
138457.965,refuse,0,77,
138472.965,refuse,0,77,
138487.965,refuse,0,77,
138502.965,refuse,0,77,
138517.965,refuse,0,77,
138532.965,refuse,0,77,
138547.965,refuse,0,77,
138562.965,refuse,0,77,
138577.965,refuse,0,77,
138592.965,refuse,0,77,
138607.965,refuse,0,77,
138622.965,refuse,0,77,
138637.965,refuse,0,77,
138638.512,conflict-at-land,2,56,
138638.512,abandon,2,56,
138638.512,refuse,2,78,
138652.965,refuse,0,77,
138653.512,refuse,2,78,
138667.965,refuse,0,77,
138668.512,refuse,2,78,
138682.965,refuse,0,77,
138683.512,refuse,2,78,
138697.965,refuse,0,77,
138698.512,refuse,2,78,
138712.965,refuse,0,77,
138713.512,refuse,2,78,
138727.965,refuse,0,77,
138728.512,refuse,2,78,
138742.965,refuse,0,77,
138743.512,refuse,2,78,
138757.965,refuse,0,77,
138758.512,refuse,2,78,
138772.965,refuse,0,77,
138773.512,refuse,2,78,
138787.965,refuse,0,77,
138788.512,refuse,2,78,
138802.965,refuse,0,77,
138803.512,refuse,2,78,
138817.965,refuse,0,77,
138818.512,refuse,2,78,
138832.965,refuse,0,77,
138833.512,refuse,2,78,
138847.965,refuse,0,77,
138848.512,refuse,2,78,
138862.965,refuse,0,77,
138863.512,refuse,2,78,
138877.965,refuse,0,77,
138878.512,refuse,2,78,
138892.965,refuse,0,77,
138893.512,refuse,2,78,
138907.965,refuse,0,77,
138908.512,refuse,2,78,
138922.965,refuse,0,77,
138923.512,refuse,2,78,
138937.965,refuse,0,77,
138938.512,refuse,2,78,
138952.965,refuse,0,77,
138953.512,refuse,2,78,
138967.965,refuse,0,77,
138968.512,refuse,2,78,
138982.965,refuse,0,77,
138983.512,refuse,2,78,
138997.965,refuse,0,77,
138998.512,refuse,2,78,
139012.965,refuse,0,77,
139013.512,refuse,2,78,
139027.965,refuse,0,77,
139028.512,refuse,2,78,
139042.965,refuse,0,77,
139043.512,refuse,2,78,
139057.965,refuse,0,77,
139058.512,refuse,2,78,
139072.965,refuse,0,77,
139073.512,refuse,2,78,
139087.965,refuse,0,77,
139088.512,refuse,2,78,
139102.965,refuse,0,77,
139103.512,refuse,2,78,
139117.965,refuse,0,77,
139118.512,refuse,2,78,
139132.965,refuse,0,77,
139133.512,refuse,2,78,
139147.965,refuse,0,77,
139148.512,refuse,2,78,
139162.965,refuse,0,77,
139163.512,refuse,2,78,
139177.965,refuse,0,77,
139178.512,refuse,2,78,
139192.965,refuse,0,77,
139193.512,refuse,2,78,
139207.965,refuse,0,77,
139208.512,refuse,2,78,
139222.965,refuse,0,77,
139223.512,refuse,2,78,
139237.965,refuse,0,77,
139238.512,refuse,2,78,
139252.965,refuse,0,77,
139253.512,refuse,2,78,
139267.965,refuse,0,77,
139268.512,refuse,2,78,
139282.965,refuse,0,77,
139283.512,refuse,2,78,
139297.965,refuse,0,77,
139298.512,refuse,2,78,
139312.965,refuse,0,77,
139313.512,refuse,2,78,
139327.965,refuse,0,77,
139328.512,refuse,2,78,
139342.965,refuse,0,77,
139343.512,refuse,2,78,
139357.965,refuse,0,77,
139358.512,refuse,2,78,
139372.965,refuse,0,77,
139373.512,refuse,2,78,
139387.965,refuse,0,77,
139388.512,refuse,2,78,
139402.965,refuse,0,77,
139403.512,refuse,2,78,
139417.965,refuse,0,77,
139418.512,refuse,2,78,
139432.965,refuse,0,77,
139433.512,refuse,2,78,
139447.965,refuse,0,77,
139448.512,refuse,2,78,
139456.578,conflict-at-land,3,3,
139462.965,start,0,77,
139463.512,start,2,78,
139471.578,refuse,3,3,
139473.946,conflict-at-land,2,78,
139486.578,refuse,3,3,
139488.946,start,2,78,
139494.622,conflict-at-land,0,77,
139498.459,conflict-at-land,2,78,
139501.578,start,3,3,
139509.622,refuse,0,77,
139513.459,refuse,2,78,
139524.622,refuse,0,77,
139528.459,refuse,2,78,
139539.622,refuse,0,77,
139543.459,refuse,2,78,
139554.622,refuse,0,77,
139558.459,refuse,2,78,
139569.622,refuse,0,77,
139573.459,refuse,2,78,
139584.622,refuse,0,77,
139588.459,refuse,2,78,
139599.622,refuse,0,77,
139603.459,refuse,2,78,
139614.622,refuse,0,77,
139618.459,refuse,2,78,
139629.622,refuse,0,77,
139633.459,refuse,2,78,
139644.622,refuse,0,77,
139648.459,refuse,2,78,
139659.622,refuse,0,77,
139663.459,refuse,2,78,
139674.622,refuse,0,77,
139678.459,refuse,2,78,
139689.622,refuse,0,77,
139693.459,refuse,2,78,
139704.622,refuse,0,77,
139708.459,refuse,2,78,
139719.622,refuse,0,77,
139723.459,refuse,2,78,
139734.622,refuse,0,77,
139738.459,refuse,2,78,
139749.622,refuse,0,77,
139753.459,refuse,2,78,
139764.622,refuse,0,77,
139768.459,refuse,2,78,
139779.622,refuse,0,77,
139783.459,refuse,2,78,
139794.622,refuse,0,77,
139798.459,refuse,2,78,
139809.622,refuse,0,77,
139813.459,refuse,2,78,
139824.622,refuse,0,77,
139828.459,refuse,2,78,
139839.622,refuse,0,77,
139843.459,refuse,2,78,
139854.622,refuse,0,77,
139858.459,refuse,2,78,
139869.622,refuse,0,77,
139873.459,refuse,2,78,
139884.622,refuse,0,77,
139888.459,refuse,2,78,
139899.622,refuse,0,77,
139903.459,refuse,2,78,
139914.622,refuse,0,77,
139918.459,refuse,2,78,
139929.622,refuse,0,77,
139933.459,refuse,2,78,
139944.622,refuse,0,77,
139948.459,refuse,2,78,
139959.622,refuse,0,77,
139963.459,refuse,2,78,
139974.622,refuse,0,77,
139978.459,refuse,2,78,
139989.622,refuse,0,77,
139993.459,refuse,2,78,
140004.622,refuse,0,77,
140008.459,refuse,2,78,
140019.622,refuse,0,77,
140023.459,refuse,2,78,
140034.622,refuse,0,77,
140038.459,refuse,2,78,
140049.622,refuse,0,77,
140053.459,refuse,2,78,
140064.622,refuse,0,77,
140068.459,refuse,2,78,
140079.622,refuse,0,77,
140083.459,refuse,2,78,
140094.622,refuse,0,77,
140098.459,refuse,2,78,
140109.622,refuse,0,77,
140113.459,refuse,2,78,
140124.622,refuse,0,77,
140128.459,refuse,2,78,
140139.622,refuse,0,77,
140143.459,refuse,2,78,
140154.622,refuse,0,77,
140158.459,refuse,2,78,
140169.622,refuse,0,77,
140173.459,refuse,2,78,
140184.622,refuse,0,77,
140188.459,refuse,2,78,
140199.622,refuse,0,77,
140203.459,refuse,2,78,
140214.622,refuse,0,77,
140218.459,refuse,2,78,
140229.622,refuse,0,77,
140233.459,refuse,2,78,
140244.622,refuse,0,77,
140248.459,refuse,2,78,
140259.622,refuse,0,77,
140263.459,refuse,2,78,
140274.622,refuse,0,77,
140278.459,refuse,2,78,
140289.622,refuse,0,77,
140293.459,refuse,2,78,
140304.622,refuse,0,77,
140308.459,refuse,2,78,
140319.622,refuse,0,77,
140323.459,refuse,2,78,
140334.622,refuse,0,77,
140338.459,refuse,2,78,
140349.622,refuse,0,77,
140353.459,refuse,2,78,
140364.622,refuse,0,77,
140368.459,refuse,2,78,
140379.622,refuse,0,77,
140383.459,refuse,2,78,
140394.622,refuse,0,77,
140398.459,refuse,2,78,
140409.622,refuse,0,77,
140413.459,refuse,2,78,
140424.622,refuse,0,77,
140428.459,refuse,2,78,
140439.622,refuse,0,77,
140443.459,refuse,2,78,
140454.622,refuse,0,77,
140458.459,refuse,2,78,
140469.622,refuse,0,77,
140473.459,refuse,2,78,
140484.622,refuse,0,77,
140488.459,refuse,2,78,
140499.622,refuse,0,77,
140503.459,refuse,2,78,
140514.622,refuse,0,77,
140518.459,refuse,2,78,
140529.622,refuse,0,77,
140533.459,refuse,2,78,
140544.622,refuse,0,77,
140548.459,refuse,2,78,
140559.622,refuse,0,77,
140563.459,refuse,2,78,
140574.622,refuse,0,77,
140578.459,refuse,2,78,
140589.622,refuse,0,77,
140593.459,refuse,2,78,
140604.622,refuse,0,77,
140604.622,abandon,0,77,
140604.622,refuse,0,79,
140608.459,refuse,2,78,
140619.622,refuse,0,79,
140623.459,refuse,2,78,
140634.622,refuse,0,79,
140638.459,refuse,2,78,
140649.622,refuse,0,79,
140653.459,refuse,2,78,
140664.622,refuse,0,79,
140668.459,refuse,2,78,
140679.622,refuse,0,79,
140683.459,refuse,2,78,
140694.622,refuse,0,79,
140698.459,refuse,2,78,
140709.622,refuse,0,79,
140713.459,refuse,2,78,
140724.622,refuse,0,79,
140728.459,refuse,2,78,
140739.622,refuse,0,79,
140743.459,refuse,2,78,
140754.622,refuse,0,79,
140758.459,refuse,2,78,
140769.622,refuse,0,79,
140773.459,refuse,2,78,
140784.622,refuse,0,79,
140788.459,refuse,2,78,
140799.622,refuse,0,79,
140803.459,refuse,2,78,
140814.622,refuse,0,79,
140818.459,refuse,2,78,
140829.622,refuse,0,79,
140833.459,refuse,2,78,
140844.622,refuse,0,79,
140848.459,refuse,2,78,
140859.622,refuse,0,79,
140863.459,refuse,2,78,
140874.622,refuse,0,79,
140878.459,refuse,2,78,
140889.622,refuse,0,79,
140893.459,refuse,2,78,
140904.622,refuse,0,79,
140908.459,refuse,2,78,
140919.622,refuse,0,79,
140923.459,refuse,2,78,
140934.622,refuse,0,79,
140938.459,refuse,2,78,
140949.622,refuse,0,79,
140953.459,refuse,2,78,
140964.622,refuse,0,79,
140968.459,refuse,2,78,
140979.622,refuse,0,79,
140983.459,refuse,2,78,
140994.622,refuse,0,79,
140998.459,refuse,2,78,
141009.622,refuse,0,79,
141013.459,refuse,2,78,
141024.622,refuse,0,79,
141028.459,refuse,2,78,
141039.622,refuse,0,79,
141043.459,refuse,2,78,
141054.622,refuse,0,79,
141058.459,refuse,2,78,
141068.377,conflict-at-land,3,3,
141069.622,refuse,0,79,
141073.459,start,2,78,
141083.377,refuse,3,3,
141084.622,refuse,0,79,
141088.925,conflict-at-land,2,78,
141098.377,start,3,3,
141099.622,refuse,0,79,
141103.925,refuse,2,78,
141114.622,refuse,0,79,
141118.925,refuse,2,78,
141129.622,refuse,0,79,
141133.925,refuse,2,78,
141144.622,refuse,0,79,
141148.925,refuse,2,78,
141159.622,refuse,0,79,
141163.925,refuse,2,78,
141174.622,refuse,0,79,
141178.925,refuse,2,78,
141189.622,refuse,0,79,
141193.925,refuse,2,78,
141204.622,refuse,0,79,
141208.925,refuse,2,78,
141219.622,refuse,0,79,
141223.925,refuse,2,78,
141234.622,refuse,0,79,
141238.925,refuse,2,78,
141249.622,refuse,0,79,
141253.925,refuse,2,78,
141264.622,refuse,0,79,
141268.925,refuse,2,78,
141279.622,refuse,0,79,
141283.925,refuse,2,78,
141294.622,refuse,0,79,
141298.925,refuse,2,78,
141309.622,refuse,0,79,
141313.925,refuse,2,78,
141324.622,refuse,0,79,
141328.925,refuse,2,78,
141339.622,refuse,0,79,
141343.925,refuse,2,78,
141354.622,refuse,0,79,
141358.925,refuse,2,78,
141369.622,refuse,0,79,
141373.925,refuse,2,78,
141384.622,refuse,0,79,
141388.925,refuse,2,78,
141399.622,refuse,0,79,
141403.925,refuse,2,78,
141414.622,refuse,0,79,
141418.925,refuse,2,78,
141429.622,refuse,0,79,
141433.925,refuse,2,78,
141444.622,refuse,0,79,
141448.925,refuse,2,78,
141459.622,refuse,0,79,
141463.925,refuse,2,78,
141474.622,refuse,0,79,
141478.925,refuse,2,78,
141489.622,refuse,0,79,
141493.925,refuse,2,78,
141504.622,refuse,0,79,
141508.925,refuse,2,78,
141519.622,refuse,0,79,
141523.925,refuse,2,78,
141534.622,refuse,0,79,
141538.925,refuse,2,78,
141549.622,refuse,0,79,
141553.925,refuse,2,78,
141564.622,refuse,0,79,
141568.925,refuse,2,78,
141579.622,refuse,0,79,
141583.925,refuse,2,78,
141594.622,refuse,0,79,
141598.925,refuse,2,78,
141609.622,refuse,0,79,
141613.925,refuse,2,78,
141624.622,refuse,0,79,
141628.925,refuse,2,78,
141639.622,refuse,0,79,
141643.925,refuse,2,78,
141654.622,refuse,0,79,
141658.925,refuse,2,78,
141669.622,refuse,0,79,
141673.925,refuse,2,78,
141673.925,abandon,2,78,
141673.925,start,2,80,
141676.709,land,2,80,
141676.709,start,2,81,
141684.622,refuse,0,79,
141686.544,conflict-at-land,2,81,
141699.622,refuse,0,79,
141701.544,start,2,81,
141711.811,conflict-at-land,2,81,
141714.622,refuse,0,79,
141726.811,start,2,81,
141729.622,refuse,0,79,
141736.449,conflict-at-land,2,81,
141744.622,refuse,0,79,
141751.449,start,2,81,
141759.622,refuse,0,79,
141760.123,conflict-at-land,2,81,
141774.622,refuse,0,79,
141775.123,start,2,81,
141785.823,conflict-at-land,2,81,
141789.622,refuse,0,79,
141800.823,start,2,81,
141804.622,refuse,0,79,
141809.512,conflict-at-land,2,81,
141819.622,refuse,0,79,
141824.512,start,2,81,
141834.622,refuse,0,79,
141835.323,conflict-at-land,2,81,
141849.622,refuse,0,79,
141850.323,start,2,81,
141856.914,conflict-at-land,2,81,
141864.622,refuse,0,79,
141871.914,start,2,81,
141879.622,refuse,0,79,
141882.113,conflict-at-land,2,81,
141894.622,refuse,0,79,
141897.113,start,2,81,
141903.939,conflict-at-land,2,81,
141909.622,refuse,0,79,
141918.939,start,2,81,
141924.622,refuse,0,79,
141927.332,conflict-at-land,2,81,
141939.622,refuse,0,79,
141942.332,start,2,81,
141951.026,conflict-at-land,2,81,
141954.622,refuse,0,79,
141966.026,start,2,81,
141969.622,refuse,0,79,
141973.309,conflict-at-land,2,81,
141984.622,refuse,0,79,
141988.309,start,2,81,
141997.033,conflict-at-land,2,81,
141999.622,refuse,0,79,
142012.033,start,2,81,
142014.622,refuse,0,79,
142022.939,conflict-at-land,2,81,
142029.622,refuse,0,79,
142037.939,start,2,81,
142044.435,conflict-at-land,2,81,
142044.622,refuse,0,79,
142059.435,start,2,81,
142059.622,refuse,0,79,
142066.782,conflict-at-land,2,81,
142074.622,refuse,0,79,
142081.782,start,2,81,
142089.622,refuse,0,79,
142093.351,conflict-at-land,2,81,
142104.622,refuse,0,79,
142108.351,start,2,81,
142117.08,conflict-at-land,2,81,
142119.622,refuse,0,79,
142132.08,start,2,81,
142134.622,refuse,0,79,
142140.485,conflict-at-land,2,81,
142149.622,refuse,0,79,
142155.485,start,2,81,
142164.622,refuse,0,79,
142166.713,conflict-at-land,2,81,
142179.622,refuse,0,79,
142181.713,start,2,81,
142192.203,conflict-at-land,2,81,
142194.622,refuse,0,79,
142207.203,start,2,81,
142209.622,refuse,0,79,
142214.44,conflict-at-land,2,81,
142224.622,refuse,0,79,
142229.44,start,2,81,
142238.969,conflict-at-land,2,81,
142239.622,refuse,0,79,
142253.969,start,2,81,
142254.622,refuse,0,79,
142261.243,conflict-at-land,2,81,
142269.622,refuse,0,79,
142276.243,start,2,81,
142284.622,refuse,0,79,
142286.732,conflict-at-land,2,81,
142299.622,refuse,0,79,
142301.732,start,2,81,
142311.036,conflict-at-land,2,81,
142314.622,refuse,0,79,
142326.036,start,2,81,
142329.622,refuse,0,79,
142336.649,conflict-at-land,2,81,
142344.622,refuse,0,79,
142351.649,start,2,81,
142358.299,conflict-at-land,2,81,
142359.622,refuse,0,79,
142373.299,start,2,81,
142374.622,refuse,0,79,
142384.611,conflict-at-land,2,81,
142389.622,refuse,0,79,
142399.611,start,2,81,
142404.622,refuse,0,79,
142407.152,conflict-at-land,2,81,
142419.622,refuse,0,79,
142422.152,start,2,81,
142433.04,conflict-at-land,2,81,
142434.622,refuse,0,79,
142448.04,start,2,81,
142449.622,refuse,0,79,
142456.725,conflict-at-land,2,81,
142464.622,refuse,0,79,
142471.725,start,2,81,
142479.622,refuse,0,79,
142482.825,conflict-at-land,2,81,
142494.622,refuse,0,79,
142497.825,start,2,81,
142504.674,conflict-at-land,2,81,
142509.622,refuse,0,79,
142519.674,start,2,81,
142524.622,refuse,0,79,
142526.264,conflict-at-land,2,81,
142539.622,refuse,0,79,
142541.264,start,2,81,
142550.093,conflict-at-land,2,81,
142554.622,refuse,0,79,
142565.093,start,2,81,
142569.622,refuse,0,79,
142576.418,conflict-at-land,2,81,
142584.622,refuse,0,79,
142591.418,start,2,81,
142599.622,refuse,0,79,
142600.23,conflict-at-land,2,81,
142614.622,refuse,0,79,
142615.23,start,2,81,
142624.271,conflict-at-land,2,81,
142629.622,refuse,0,79,
142639.271,start,2,81,
142644.622,refuse,0,79,
142646.457,conflict-at-land,2,81,
142659.622,refuse,0,79,
142661.457,start,2,81,
142670.679,conflict-at-land,2,81,
142674.622,refuse,0,79,
142685.679,start,2,81,
142689.622,refuse,0,79,
142694.286,conflict-at-land,2,81,
142704.622,refuse,0,79,
142709.286,start,2,81,
142719.622,refuse,0,79,
142720.38,conflict-at-land,2,81,
142734.622,refuse,0,79,
142735.38,start,2,81,
142745.682,conflict-at-land,2,81,
142749.622,refuse,0,79,
142760.682,start,2,81,
142764.622,refuse,0,79,
142769.561,conflict-at-land,2,81,
142779.622,refuse,0,79,
142784.561,start,2,81,
142791.666,conflict-at-land,2,81,
142794.622,refuse,0,79,
142806.666,start,2,81,
142809.622,refuse,0,79,
142813.754,conflict-at-land,2,81,
142815.597,conflict-at-land,3,3,
142824.622,refuse,0,79,
142828.754,start,2,81,
142830.597,start,3,3,
142839.622,refuse,0,79,
142840.299,conflict-at-land,2,81,
142854.622,refuse,0,79,
142855.299,start,2,81,
142862.814,conflict-at-land,2,81,
142869.622,refuse,0,79,
142877.814,start,2,81,
142884.622,refuse,0,79,
142888.493,conflict-at-land,2,81,
142899.622,refuse,0,79,
142903.493,start,2,81,
142910.96,conflict-at-land,2,81,
142914.622,refuse,0,79,
142925.96,start,2,81,
142929.622,refuse,0,79,
142934.711,conflict-at-land,2,81,
142944.622,refuse,0,79,
142949.711,start,2,81,
142959.622,refuse,0,79,
142960.748,conflict-at-land,2,81,
142974.622,refuse,0,79,
142975.748,start,2,81,
142982.607,conflict-at-land,2,81,
142989.622,refuse,0,79,
142997.607,start,2,81,
143004.463,conflict-at-land,2,81,
143004.622,refuse,0,79,
143019.463,start,2,81,
143019.622,refuse,0,79,
143026.046,conflict-at-land,2,81,
143034.622,refuse,0,79,
143041.046,start,2,81,
143048.166,conflict-at-land,2,81,
143049.622,refuse,0,79,
143063.166,start,2,81,
143064.622,refuse,0,79,
143071.488,conflict-at-land,2,81,
143079.622,refuse,0,79,
143086.488,start,2,81,
143094.525,conflict-at-land,2,81,
143094.622,refuse,0,79,
143109.525,start,2,81,
143109.622,refuse,0,79,
143117.338,conflict-at-land,2,81,
143124.622,refuse,0,79,
143132.338,start,2,81,
143138.714,conflict-at-land,2,81,
143139.622,refuse,0,79,
143153.714,start,2,81,
143154.622,refuse,0,79,
143162.645,conflict-at-land,2,81,
143169.622,refuse,0,79,
143177.645,start,2,81,
143184.622,refuse,0,79,
143186.35,conflict-at-land,2,81,
143199.622,refuse,0,79,
143201.35,start,2,81,
143211.65,conflict-at-land,2,81,
143214.622,refuse,0,79,
143226.65,start,2,81,
143229.622,refuse,0,79,
143234.587,conflict-at-land,2,81,
143244.622,refuse,0,79,
143249.587,start,2,81,
143259.025,conflict-at-land,2,81,
143259.622,refuse,0,79,
143274.025,start,2,81,
143274.622,refuse,0,79,
143282.016,conflict-at-land,2,81,
143289.622,refuse,0,79,
143297.016,start,2,81,
143304.622,refuse,0,79,
143307.382,conflict-at-land,2,81,
143319.622,refuse,0,79,
143322.382,start,2,81,
143329.623,conflict-at-land,2,81,
143334.622,refuse,0,79,
143344.623,start,2,81,
143349.622,refuse,0,79,
143353.565,conflict-at-land,2,81,
143364.622,refuse,0,79,
143368.565,start,2,81,
143377.272,conflict-at-land,2,81,
143379.622,refuse,0,79,
143392.272,start,2,81,
143394.622,refuse,0,79,
143401.049,conflict-at-land,2,81,
143409.622,refuse,0,79,
143416.049,start,2,81,
143424.622,refuse,0,79,
143425.255,conflict-at-land,2,81,
143439.622,refuse,0,79,
143440.255,start,2,81,
143449.45,conflict-at-land,2,81,
143454.622,refuse,0,79,
143464.45,start,2,81,
143469.622,refuse,0,79,
143472.459,conflict-at-land,2,81,
143484.622,refuse,0,79,
143487.459,start,2,81,
143498.209,conflict-at-land,2,81,
143499.622,refuse,0,79,
143513.209,start,2,81,
143514.622,refuse,0,79,
143524.647,conflict-at-land,2,81,
143529.622,refuse,0,79,
143539.647,start,2,81,
143544.622,refuse,0,79,
143548.966,conflict-at-land,2,81,
143559.622,refuse,0,79,
143563.966,start,2,81,
143573.697,conflict-at-land,2,81,
143574.622,refuse,0,79,
143588.697,start,2,81,
143589.622,refuse,0,79,
143598.905,conflict-at-land,2,81,
143604.622,refuse,0,79,
143604.622,abandon,0,79,
143604.622,refuse,0,82,
143613.905,start,2,81,
143619.622,refuse,0,82,
143621.932,conflict-at-land,2,81,
143634.622,refuse,0,82,
143636.932,start,2,81,
143646.43,conflict-at-land,2,81,
143649.622,refuse,0,82,
143661.43,start,2,81,
143664.622,refuse,0,82,
143670.228,conflict-at-land,2,81,
143679.622,refuse,0,82,
143685.228,start,2,81,
143694.144,conflict-at-land,2,81,
143694.622,refuse,0,82,
143709.144,start,2,81,
143709.622,refuse,0,82,
143717.573,conflict-at-land,2,81,
143724.622,refuse,0,82,
143732.573,start,2,81,
143739.622,refuse,0,82,
143741.768,conflict-at-land,2,81,
143754.622,refuse,0,82,
143756.768,start,2,81,
143764.246,conflict-at-land,2,81,
143769.622,refuse,0,82,
143779.246,start,2,81,
143784.622,refuse,0,82,
143786.848,conflict-at-land,2,81,
143799.622,refuse,0,82,
143801.848,start,2,81,
143809.229,conflict-at-land,2,81,
143814.622,refuse,0,82,
143824.229,start,2,81,
143829.622,refuse,0,82,
143833.739,conflict-at-land,2,81,
143844.622,refuse,0,82,
143848.739,start,2,81,
143856.364,conflict-at-land,2,81,
143859.622,refuse,0,82,
143871.364,start,2,81,
143874.622,refuse,0,82,
143881.879,conflict-at-land,2,81,
143889.622,refuse,0,82,
143896.879,start,2,81,
143904.622,refuse,0,82,
143908.068,conflict-at-land,2,81,
143919.622,refuse,0,82,
143923.068,start,2,81,
143933.47,conflict-at-land,2,81,
143934.622,refuse,0,82,
143948.47,start,2,81,
143949.622,refuse,0,82,
143956.543,conflict-at-land,2,81,
143964.622,refuse,0,82,
143971.543,start,2,81,
143979.622,refuse,0,82,
143982.933,conflict-at-land,2,81,
143994.622,refuse,0,82,
143997.933,start,2,81,
144006.092,conflict-at-land,2,81,
144009.622,refuse,0,82,
144021.092,start,2,81,
144024.622,refuse,0,82,
144029.345,conflict-at-land,2,81,
144039.622,refuse,0,82,
144044.345,start,2,81,
144053.859,conflict-at-land,2,81,
144054.622,refuse,0,82,
144068.859,start,2,81,
144069.622,refuse,0,82,
144078.727,conflict-at-land,2,81,
144084.622,refuse,0,82,
144093.727,start,2,81,
144099.622,refuse,0,82,
144102.235,conflict-at-land,2,81,
144114.622,refuse,0,82,
144117.235,start,2,81,
144127.783,conflict-at-land,2,81,
144129.622,refuse,0,82,
144142.783,start,2,81,
144144.622,refuse,0,82,
144153.692,conflict-at-land,2,81,
144159.622,refuse,0,82,
144168.692,start,2,81,
144174.622,refuse,0,82,
144176.55,conflict-at-land,2,81,
144189.622,refuse,0,82,
144191.55,start,2,81,
144199.063,conflict-at-land,2,81,
144204.622,refuse,0,82,
144214.063,start,2,81,
144219.622,refuse,0,82,
144222.509,conflict-at-land,2,81,
144234.622,refuse,0,82,
144237.509,start,2,81,
144247.582,conflict-at-land,2,81,
144249.622,refuse,0,82,
144262.582,start,2,81,
144264.622,refuse,0,82,
144272.499,conflict-at-land,2,81,
144279.622,refuse,0,82,
144287.499,start,2,81,
144294.622,refuse,0,82,
144294.747,conflict-at-land,2,81,
144309.622,refuse,0,82,
144309.747,start,2,81,
144318.146,conflict-at-land,2,81,
144324.622,refuse,0,82,
144333.146,start,2,81,
144339.622,refuse,0,82,
144344.316,conflict-at-land,2,81,
144354.622,refuse,0,82,
144359.316,start,2,81,
144369.622,refuse,0,82,
144370.8,conflict-at-land,2,81,
144384.622,refuse,0,82,
144385.8,start,2,81,
144395.362,conflict-at-land,2,81,
144399.622,refuse,0,82,
144410.362,start,2,81,
144414.622,refuse,0,82,
144420.875,conflict-at-land,2,81,
144429.622,refuse,0,82,
144435.875,start,2,81,
144444.622,refuse,0,82,
144446.71,conflict-at-land,2,81,
144459.622,refuse,0,82,
144461.71,start,2,81,
144469.21,conflict-at-land,2,81,
144474.622,refuse,0,82,
144484.21,start,2,81,
144489.622,refuse,0,82,
144490.866,conflict-at-land,2,81,
144504.622,refuse,0,82,
144505.866,start,2,81,
144515.467,conflict-at-land,2,81,
144519.622,refuse,0,82,
144530.467,start,2,81,
144534.622,refuse,0,82,
144538.844,conflict-at-land,2,81,
144549.622,refuse,0,82,
144553.844,start,2,81,
144563.982,conflict-at-land,2,81,
144564.622,refuse,0,82,
144578.982,start,2,81,
144579.622,refuse,0,82,
144586.868,conflict-at-land,2,81,
144594.622,refuse,0,82,
144601.868,start,2,81,
144609.622,refuse,0,82,
144610.512,conflict-at-land,2,81,
144624.622,refuse,0,82,
144625.512,start,2,81,
144636.176,conflict-at-land,2,81,
144639.622,refuse,0,82,
144651.176,start,2,81,
144654.622,refuse,0,82,
144657.98,conflict-at-land,2,81,
144669.622,refuse,0,82,
144672.98,start,2,81,
144681.482,conflict-at-land,2,81,
144684.622,refuse,0,82,
144696.482,start,2,81,
144699.622,refuse,0,82,
144703.61,conflict-at-land,2,81,
144714.622,refuse,0,82,
144718.61,start,2,81,
144727.791,conflict-at-land,2,81,
144729.622,refuse,0,82,
144742.791,start,2,81,
144744.622,refuse,0,82,
144753.048,conflict-at-land,2,81,
144759.622,refuse,0,82,
144768.048,start,2,81,
144774.622,refuse,0,82,
144779.679,conflict-at-land,2,81,
144789.622,refuse,0,82,
144794.679,start,2,81,
144804.622,refuse,0,82,
144805.048,conflict-at-land,2,81,
144819.622,refuse,0,82,
144820.048,start,2,81,
144827.127,conflict-at-land,2,81,
144834.622,refuse,0,82,
144842.127,start,2,81,
144849.622,refuse,0,82,
144850.787,conflict-at-land,2,81,
144864.622,refuse,0,82,
144865.787,start,2,81,
144875.014,conflict-at-land,2,81,
144879.622,refuse,0,82,
144890.014,start,2,81,
144894.622,refuse,0,82,
144899.758,conflict-at-land,2,81,
144909.622,refuse,0,82,
144914.758,start,2,81,
144924.622,refuse,0,82,
144924.843,conflict-at-land,2,81,
144939.622,refuse,0,82,
144939.843,start,2,81,
144951.399,conflict-at-land,2,81,
144954.622,refuse,0,82,
144966.399,start,2,81,
144969.622,refuse,0,82,
144977.787,conflict-at-land,2,81,
144984.622,refuse,0,82,
144992.787,start,2,81,
144999.622,refuse,0,82,
145000.213,conflict-at-land,2,81,
145014.622,refuse,0,82,
145015.213,start,2,81,
145022.368,conflict-at-land,2,81,
145029.622,refuse,0,82,
145037.368,start,2,81,
145044.622,refuse,0,82,
145048.906,conflict-at-land,2,81,
145059.622,refuse,0,82,
145063.906,start,2,81,
145071.073,conflict-at-land,2,81,
145074.622,refuse,0,82,
145086.073,start,2,81,
145089.622,refuse,0,82,
145097.602,conflict-at-land,2,81,
145104.622,refuse,0,82,
145112.602,start,2,81,
145119.549,conflict-at-land,2,81,
145119.622,refuse,0,82,
145134.549,start,2,81,
145134.622,refuse,0,82,
145144.007,conflict-at-land,2,81,
145149.622,refuse,0,82,
145159.007,start,2,81,
145164.622,refuse,0,82,
145166.009,conflict-at-land,2,81,
145179.622,refuse,0,82,
145181.009,start,2,81,
145188.031,conflict-at-land,2,81,
145194.622,refuse,0,82,
145203.031,start,2,81,
145204.87,conflict-at-land,3,3,
145209.622,start,0,82,
145211.134,conflict-at-land,2,81,
145216.68,conflict-at-land,0,82,
145219.87,start,3,3,
145226.134,start,2,81,
145231.68,refuse,0,82,
145234.147,conflict-at-land,2,81,
145246.68,refuse,0,82,
145249.147,start,2,81,
145256.188,conflict-at-land,2,81,
145261.68,refuse,0,82,
145271.188,start,2,81,
145276.68,refuse,0,82,
145279.424,conflict-at-land,2,81,
145291.68,refuse,0,82,
145294.424,start,2,81,
145301.665,conflict-at-land,2,81,
145306.68,refuse,0,82,
145316.665,start,2,81,
145321.68,refuse,0,82,
145324.234,conflict-at-land,2,81,
145336.68,refuse,0,82,
145339.234,start,2,81,
145348.217,conflict-at-land,2,81,
145351.68,refuse,0,82,
145363.217,start,2,81,
145366.68,refuse,0,82,
145372.156,conflict-at-land,2,81,
145381.68,refuse,0,82,
145387.156,start,2,81,
145396.68,refuse,0,82,
145398.438,conflict-at-land,2,81,
145411.68,refuse,0,82,
145413.438,start,2,81,
145420.223,conflict-at-land,2,81,
145426.68,refuse,0,82,
145435.223,start,2,81,
145441.68,refuse,0,82,
145444.401,conflict-at-land,2,81,
145456.68,refuse,0,82,
145459.401,start,2,81,
145468.751,conflict-at-land,2,81,
145471.68,refuse,0,82,
145483.751,start,2,81,
145486.68,refuse,0,82,
145490.822,conflict-at-land,2,81,
145501.68,refuse,0,82,
145505.822,start,2,81,
145514.068,conflict-at-land,2,81,
145516.68,refuse,0,82,
145529.068,start,2,81,
145531.68,refuse,0,82,
145536.113,conflict-at-land,2,81,
145546.68,refuse,0,82,
145551.113,start,2,81,
145561.68,refuse,0,82,
145562.239,conflict-at-land,2,81,
145576.68,refuse,0,82,
145577.239,start,2,81,
145585.421,conflict-at-land,2,81,
145591.68,refuse,0,82,
145600.421,start,2,81,
145606.68,refuse,0,82,
145607.071,conflict-at-land,2,81,
145621.68,refuse,0,82,
145622.071,start,2,81,
145630.937,conflict-at-land,2,81,
145636.68,refuse,0,82,
145645.937,start,2,81,
145651.68,refuse,0,82,
145655.094,conflict-at-land,2,81,
145666.68,refuse,0,82,
145670.094,start,2,81,
145681.185,conflict-at-land,2,81,
145681.68,refuse,0,82,
145696.185,start,2,81,
145696.68,refuse,0,82,
145706.368,conflict-at-land,2,81,
145711.68,refuse,0,82,
145721.368,start,2,81,
145726.68,refuse,0,82,
145728.781,conflict-at-land,2,81,
145741.68,refuse,0,82,
145743.781,start,2,81,
145754.986,conflict-at-land,2,81,
145756.68,refuse,0,82,
145769.986,start,2,81,
145771.68,refuse,0,82,
145776.313,conflict-at-land,2,81,
145786.68,refuse,0,82,
145791.313,start,2,81,
145801.378,conflict-at-land,2,81,
145801.68,refuse,0,82,
145816.378,start,2,81,
145816.68,refuse,0,82,
145822.906,conflict-at-land,2,81,
145831.68,refuse,0,82,
145837.906,start,2,81,
145846.68,refuse,0,82,
145848.632,conflict-at-land,2,81,
145861.68,refuse,0,82,
145863.632,start,2,81,
145870.955,conflict-at-land,2,81,
145876.68,refuse,0,82,
145885.955,start,2,81,
145891.68,refuse,0,82,
145896.56,conflict-at-land,2,81,
145906.68,refuse,0,82,
145911.56,start,2,81,
145921.68,refuse,0,82,
145922.253,conflict-at-land,2,81,
145936.68,refuse,0,82,
145937.253,start,2,81,
145947.719,conflict-at-land,2,81,
145951.68,refuse,0,82,
145962.719,start,2,81,
145966.68,refuse,0,82,
145969.613,conflict-at-land,2,81,
145981.68,refuse,0,82,
145984.613,start,2,81,
145993.075,conflict-at-land,2,81,
145996.68,refuse,0,82,
146008.075,start,2,81,
146011.68,refuse,0,82,
146014.941,conflict-at-land,2,81,
146026.68,refuse,0,82,
146029.941,start,2,81,
146040.121,conflict-at-land,2,81,
146041.68,refuse,0,82,
146055.121,start,2,81,
146056.68,refuse,0,82,
146066.789,conflict-at-land,2,81,
146071.68,refuse,0,82,
146081.789,start,2,81,
146086.68,refuse,0,82,
146090.912,conflict-at-land,2,81,
146101.68,refuse,0,82,
146105.912,start,2,81,
146115.733,conflict-at-land,2,81,
146116.68,refuse,0,82,
146130.733,start,2,81,
146131.68,refuse,0,82,
146140.635,conflict-at-land,2,81,
146146.68,refuse,0,82,
146155.635,start,2,81,
146161.68,refuse,0,82,
146162.706,conflict-at-land,2,81,
146176.68,refuse,0,82,
146177.706,start,2,81,
146186.011,conflict-at-land,2,81,
146191.68,refuse,0,82,
146201.011,start,2,81,
146206.68,refuse,0,82,
146209.195,conflict-at-land,2,81,
146221.68,refuse,0,82,
146224.195,start,2,81,
146234.549,conflict-at-land,2,81,
146236.68,refuse,0,82,
146249.549,start,2,81,
146251.68,refuse,0,82,
146258.07,conflict-at-land,2,81,
146266.68,refuse,0,82,
146273.07,start,2,81,
146281.358,conflict-at-land,2,81,
146281.68,refuse,0,82,
146296.358,start,2,81,
146296.68,refuse,0,82,
146305.622,conflict-at-land,2,81,
146311.68,refuse,0,82,
146320.622,start,2,81,
146326.68,refuse,0,82,
146328.034,conflict-at-land,2,81,
146341.68,refuse,0,82,
146343.034,start,2,81,
146349.687,conflict-at-land,2,81,
146356.68,refuse,0,82,
146364.687,start,2,81,
146371.68,refuse,0,82,
146372.272,conflict-at-land,2,81,
146386.68,refuse,0,82,
146387.272,start,2,81,
146393.685,conflict-at-land,2,81,
146401.68,refuse,0,82,
146408.685,start,2,81,
146416.68,refuse,0,82,
146418.6,conflict-at-land,2,81,
146431.68,refuse,0,82,
146433.6,start,2,81,
146442.366,conflict-at-land,2,81,
146446.68,refuse,0,82,
146457.366,start,2,81,
146461.68,refuse,0,82,
146466.996,conflict-at-land,2,81,
146466.996,abandon,2,81,
146466.996,refuse,2,83,
146476.68,refuse,0,82,
146481.996,refuse,2,83,
146491.68,refuse,0,82,
146496.996,refuse,2,83,
146506.68,refuse,0,82,
146511.996,refuse,2,83,
146521.68,refuse,0,82,
146526.996,refuse,2,83,
146536.68,refuse,0,82,
146541.996,refuse,2,83,
146551.68,refuse,0,82,
146556.996,refuse,2,83,
146566.68,refuse,0,82,
146571.996,refuse,2,83,
146581.68,refuse,0,82,
146586.996,refuse,2,83,
146596.68,refuse,0,82,
146601.996,refuse,2,83,
146611.68,refuse,0,82,
146611.68,abandon,0,82,
146611.68,refuse,0,84,
146616.996,refuse,2,83,
146626.68,refuse,0,84,
146631.996,refuse,2,83,
146641.68,refuse,0,84,
146646.996,refuse,2,83,
146656.68,refuse,0,84,
146661.996,refuse,2,83,
146671.68,refuse,0,84,
146676.996,refuse,2,83,
146686.68,refuse,0,84,
146691.996,refuse,2,83,
146701.68,refuse,0,84,
146706.996,refuse,2,83,
146716.68,refuse,0,84,
146721.996,refuse,2,83,
146731.68,refuse,0,84,
146736.996,refuse,2,83,
146746.68,refuse,0,84,
146751.996,refuse,2,83,
146761.68,refuse,0,84,
146766.996,refuse,2,83,
146776.68,refuse,0,84,
146781.996,refuse,2,83,
146791.68,refuse,0,84,
146796.996,refuse,2,83,
146806.68,refuse,0,84,
146811.996,refuse,2,83,
146821.68,refuse,0,84,
146826.996,refuse,2,83,
146836.68,refuse,0,84,
146841.996,refuse,2,83,
146851.68,refuse,0,84,
146856.996,refuse,2,83,
146866.68,refuse,0,84,
146871.996,refuse,2,83,
146881.68,refuse,0,84,
146886.996,refuse,2,83,
146896.68,refuse,0,84,
146901.996,refuse,2,83,
146911.68,refuse,0,84,
146916.996,refuse,2,83,
146926.68,refuse,0,84,
146931.996,refuse,2,83,
146941.68,refuse,0,84,
146946.996,refuse,2,83,
146956.68,refuse,0,84,
146961.996,refuse,2,83,
146971.68,refuse,0,84,
146976.996,refuse,2,83,
146986.68,refuse,0,84,
146991.996,refuse,2,83,
147001.68,refuse,0,84,
147006.996,refuse,2,83,
147016.68,refuse,0,84,
147021.996,refuse,2,83,
147031.68,refuse,0,84,
147036.996,refuse,2,83,
147046.68,refuse,0,84,
147051.996,refuse,2,83,
147061.68,refuse,0,84,
147066.996,refuse,2,83,
147076.68,refuse,0,84,
147081.996,refuse,2,83,
147091.68,refuse,0,84,
147096.996,refuse,2,83,
147106.68,refuse,0,84,
147111.996,refuse,2,83,
147121.68,refuse,0,84,
147126.996,refuse,2,83,
147136.68,refuse,0,84,
147141.996,refuse,2,83,
147151.68,refuse,0,84,
147156.996,refuse,2,83,
147166.68,refuse,0,84,
147171.996,refuse,2,83,
147181.68,refuse,0,84,
147186.996,refuse,2,83,
147196.68,refuse,0,84,
147201.996,refuse,2,83,
147211.68,refuse,0,84,
147216.996,refuse,2,83,
147226.68,refuse,0,84,
147231.996,refuse,2,83,
147241.68,refuse,0,84,
147246.996,refuse,2,83,
147256.68,refuse,0,84,
147261.996,refuse,2,83,
147271.68,refuse,0,84,
147276.996,refuse,2,83,
147286.68,refuse,0,84,
147291.996,refuse,2,83,
147301.68,refuse,0,84,
147306.996,refuse,2,83,
147316.68,refuse,0,84,
147321.996,refuse,2,83,
147331.68,refuse,0,84,
147336.996,refuse,2,83,
147346.68,refuse,0,84,
147351.996,refuse,2,83,
147361.68,refuse,0,84,
147366.996,refuse,2,83,
147376.68,refuse,0,84,
147381.996,refuse,2,83,
147391.68,refuse,0,84,
147396.996,refuse,2,83,
147406.68,refuse,0,84,
147411.996,refuse,2,83,
147421.68,refuse,0,84,
147426.996,refuse,2,83,
147436.68,refuse,0,84,
147441.996,refuse,2,83,
147451.68,refuse,0,84,
147456.996,refuse,2,83,
147466.68,refuse,0,84,
147471.996,refuse,2,83,
147481.68,refuse,0,84,
147486.996,refuse,2,83,
147496.68,refuse,0,84,
147501.996,refuse,2,83,
147511.68,refuse,0,84,
147516.996,refuse,2,83,
147526.68,refuse,0,84,
147531.996,refuse,2,83,
147541.68,refuse,0,84,
147546.996,refuse,2,83,
147556.68,refuse,0,84,
147561.996,refuse,2,83,
147571.68,refuse,0,84,
147576.996,refuse,2,83,
147586.68,refuse,0,84,
147591.996,refuse,2,83,
147601.68,refuse,0,84,
147606.996,refuse,2,83,
147616.68,refuse,0,84,
147621.996,refuse,2,83,
147631.68,refuse,0,84,
147636.996,refuse,2,83,
147646.68,refuse,0,84,
147651.996,refuse,2,83,
147661.68,refuse,0,84,
147666.996,refuse,2,83,
147676.68,refuse,0,84,
147681.996,refuse,2,83,
147691.68,refuse,0,84,
147696.996,refuse,2,83,
147706.68,refuse,0,84,
147711.996,refuse,2,83,
147716.013,conflict-at-land,3,3,
147721.68,start,0,84,
147726.996,refuse,2,83,
147727.924,conflict-at-land,0,84,
147731.013,start,3,3,
147741.996,refuse,2,83,
147742.924,refuse,0,84,
147756.996,refuse,2,83,
147757.924,refuse,0,84,
147771.996,refuse,2,83,
147772.924,refuse,0,84,
147786.996,refuse,2,83,
147787.924,refuse,0,84,
147801.996,refuse,2,83,
147802.924,refuse,0,84,
147816.996,refuse,2,83,
147817.924,refuse,0,84,
147831.996,refuse,2,83,
147832.924,refuse,0,84,
147846.996,refuse,2,83,
147847.924,refuse,0,84,
147861.996,refuse,2,83,
147862.924,refuse,0,84,
147876.996,refuse,2,83,
147877.924,refuse,0,84,
147891.996,refuse,2,83,
147892.924,refuse,0,84,
147906.996,refuse,2,83,
147907.924,refuse,0,84,
147921.996,refuse,2,83,
147922.924,refuse,0,84,
147936.996,refuse,2,83,
147937.924,refuse,0,84,
147951.996,refuse,2,83,
147952.924,refuse,0,84,
147966.996,refuse,2,83,
147967.924,refuse,0,84,
147981.996,refuse,2,83,
147982.924,refuse,0,84,
147996.996,refuse,2,83,
147997.924,refuse,0,84,
148011.996,refuse,2,83,
148012.924,refuse,0,84,
148026.996,refuse,2,83,
148027.924,refuse,0,84,
148041.996,refuse,2,83,
148042.924,refuse,0,84,
148056.996,refuse,2,83,
148057.924,refuse,0,84,
148071.996,refuse,2,83,
148072.924,refuse,0,84,
148086.996,refuse,2,83,
148087.924,refuse,0,84,
148101.996,refuse,2,83,
148102.924,refuse,0,84,
148116.996,refuse,2,83,
148117.924,refuse,0,84,
148131.996,refuse,2,83,
148132.924,refuse,0,84,
148146.996,refuse,2,83,
148147.924,refuse,0,84,
148161.996,refuse,2,83,
148162.924,refuse,0,84,
148176.996,refuse,2,83,
148177.924,refuse,0,84,
148191.996,refuse,2,83,
148192.924,refuse,0,84,
148206.996,refuse,2,83,
148207.924,refuse,0,84,
148221.996,refuse,2,83,
148222.924,refuse,0,84,
148236.996,refuse,2,83,
148237.924,refuse,0,84,
148251.996,refuse,2,83,
148252.924,refuse,0,84,
148266.996,refuse,2,83,
148267.924,refuse,0,84,
148281.996,refuse,2,83,
148282.924,refuse,0,84,
148296.996,refuse,2,83,
148297.924,refuse,0,84,
148311.996,refuse,2,83,
148312.924,refuse,0,84,
148326.996,refuse,2,83,
148327.924,refuse,0,84,
148341.996,refuse,2,83,
148342.924,refuse,0,84,
148356.996,refuse,2,83,
148357.924,refuse,0,84,
148371.996,refuse,2,83,
148372.924,refuse,0,84,
148386.996,refuse,2,83,
148387.924,refuse,0,84,
148401.996,refuse,2,83,
148402.924,refuse,0,84,
148416.996,refuse,2,83,
148417.924,refuse,0,84,
148431.996,refuse,2,83,
148432.924,refuse,0,84,
148446.996,refuse,2,83,
148447.924,refuse,0,84,
148461.996,refuse,2,83,
148462.924,refuse,0,84,
148476.996,refuse,2,83,
148477.924,refuse,0,84,
148491.996,refuse,2,83,
148492.924,refuse,0,84,
148506.996,refuse,2,83,
148507.924,refuse,0,84,
148521.996,refuse,2,83,
148522.924,refuse,0,84,
148536.996,refuse,2,83,
148537.924,refuse,0,84,
148551.996,refuse,2,83,
148552.924,refuse,0,84,
148566.996,refuse,2,83,
148567.924,refuse,0,84,
148581.996,refuse,2,83,
148582.924,refuse,0,84,
148596.996,refuse,2,83,
148597.924,refuse,0,84,
148611.996,refuse,2,83,
148612.924,refuse,0,84,
148626.996,refuse,2,83,
148627.924,refuse,0,84,
148641.996,refuse,2,83,
148642.924,refuse,0,84,
148656.996,refuse,2,83,
148657.924,refuse,0,84,
148671.996,refuse,2,83,
148672.924,refuse,0,84,
148686.996,refuse,2,83,
148687.924,refuse,0,84,
148701.996,refuse,2,83,
148702.924,refuse,0,84,
148716.996,refuse,2,83,
148717.924,refuse,0,84,
148731.996,refuse,2,83,
148732.924,refuse,0,84,
148746.996,refuse,2,83,
148747.924,refuse,0,84,
148761.996,refuse,2,83,
148762.924,refuse,0,84,
148776.996,refuse,2,83,
148777.924,refuse,0,84,
148791.996,refuse,2,83,
148792.924,refuse,0,84,
148806.996,refuse,2,83,
148807.924,refuse,0,84,
148821.996,refuse,2,83,
148822.924,refuse,0,84,
148836.996,refuse,2,83,
148837.924,refuse,0,84,
148851.996,refuse,2,83,
148852.924,refuse,0,84,
148866.996,refuse,2,83,
148867.924,refuse,0,84,
148881.996,refuse,2,83,
148882.924,refuse,0,84,
148896.996,refuse,2,83,
148897.924,refuse,0,84,
148911.996,refuse,2,83,
148912.924,refuse,0,84,
148926.996,refuse,2,83,
148927.924,refuse,0,84,
148941.996,refuse,2,83,
148942.924,refuse,0,84,
148956.996,refuse,2,83,
148957.924,refuse,0,84,
148971.996,refuse,2,83,
148972.924,refuse,0,84,
148986.996,refuse,2,83,
148987.924,refuse,0,84,
149001.996,refuse,2,83,
149002.924,refuse,0,84,
149016.996,refuse,2,83,
149017.924,refuse,0,84,
149031.996,refuse,2,83,
149032.924,refuse,0,84,
149046.996,refuse,2,83,
149047.924,refuse,0,84,
149061.996,refuse,2,83,
149062.924,refuse,0,84,
149076.996,refuse,2,83,
149077.924,refuse,0,84,
149091.996,refuse,2,83,
149092.924,refuse,0,84,
149106.996,refuse,2,83,
149107.924,refuse,0,84,
149121.996,refuse,2,83,
149122.924,refuse,0,84,
149136.996,refuse,2,83,
149137.924,refuse,0,84,
149151.996,refuse,2,83,
149152.924,refuse,0,84,
149166.996,refuse,2,83,
149167.924,refuse,0,84,
149181.996,refuse,2,83,
149182.924,refuse,0,84,
149196.996,refuse,2,83,
149197.924,refuse,0,84,
149211.996,refuse,2,83,
149212.924,refuse,0,84,
149226.996,refuse,2,83,
149227.924,refuse,0,84,
149241.996,refuse,2,83,
149242.924,refuse,0,84,
149256.996,refuse,2,83,
149257.924,refuse,0,84,
149271.996,refuse,2,83,
149272.924,refuse,0,84,
149286.996,refuse,2,83,
149287.924,refuse,0,84,
149301.996,refuse,2,83,
149302.924,refuse,0,84,
149316.996,refuse,2,83,
149317.924,refuse,0,84,
149331.996,refuse,2,83,
149332.924,refuse,0,84,
149346.996,refuse,2,83,
149347.924,refuse,0,84,
149361.591,conflict-at-land,3,3,
149361.996,start,2,83,
149362.924,refuse,0,84,
149369.131,conflict-at-land,2,83,
149376.591,start,3,3,
149377.924,refuse,0,84,
149384.131,refuse,2,83,
149392.924,refuse,0,84,
149399.131,refuse,2,83,
149407.924,refuse,0,84,
149414.131,refuse,2,83,
149422.924,refuse,0,84,
149429.131,refuse,2,83,
149437.924,refuse,0,84,
149444.131,refuse,2,83,
149452.924,refuse,0,84,
149459.131,refuse,2,83,
149467.924,refuse,0,84,
149474.131,refuse,2,83,
149474.131,abandon,2,83,
149474.131,refuse,2,85,
149482.924,refuse,0,84,
149489.131,refuse,2,85,
149497.924,refuse,0,84,
149504.131,refuse,2,85,
149512.924,refuse,0,84,
149519.131,refuse,2,85,
149527.924,refuse,0,84,
149534.131,refuse,2,85,
149542.924,refuse,0,84,
149549.131,refuse,2,85,
149557.924,refuse,0,84,
149564.131,refuse,2,85,
149572.924,refuse,0,84,
149579.131,refuse,2,85,
149587.924,refuse,0,84,
149594.131,refuse,2,85,
149602.924,refuse,0,84,
149609.131,refuse,2,85,
149617.924,refuse,0,84,
149617.924,abandon,0,84,
149617.924,refuse,0,86,
149624.131,refuse,2,85,
149632.924,refuse,0,86,
149639.131,refuse,2,85,
149647.924,refuse,0,86,
149654.131,refuse,2,85,
149662.924,refuse,0,86,
149669.131,refuse,2,85,
149677.924,refuse,0,86,
149684.131,refuse,2,85,
149692.924,refuse,0,86,
149699.131,refuse,2,85,
149707.924,refuse,0,86,
149714.131,refuse,2,85,
149722.924,refuse,0,86,
149729.131,refuse,2,85,
149737.924,refuse,0,86,
149744.131,refuse,2,85,
149752.924,refuse,0,86,
149759.131,refuse,2,85,
149767.924,refuse,0,86,
149774.131,refuse,2,85,
149782.924,refuse,0,86,
149789.131,refuse,2,85,
149797.924,refuse,0,86,
149804.131,refuse,2,85,
149812.924,refuse,0,86,
149819.131,refuse,2,85,
149827.924,refuse,0,86,
149834.131,refuse,2,85,
149842.924,refuse,0,86,
149849.131,refuse,2,85,
149857.924,refuse,0,86,
149864.131,refuse,2,85,
149872.924,refuse,0,86,
149879.131,refuse,2,85,
149887.924,refuse,0,86,
149894.131,refuse,2,85,
149902.924,refuse,0,86,
149909.131,refuse,2,85,
149917.924,refuse,0,86,
149924.131,refuse,2,85,
149932.924,refuse,0,86,
149939.131,refuse,2,85,
149947.924,refuse,0,86,
149954.131,refuse,2,85,
149962.924,refuse,0,86,
149969.131,refuse,2,85,
149977.924,refuse,0,86,
149984.131,refuse,2,85,
149992.924,refuse,0,86,
149999.131,refuse,2,85,
150007.924,refuse,0,86,
150014.131,refuse,2,85,
150022.924,refuse,0,86,
150029.131,refuse,2,85,
150037.924,refuse,0,86,
150044.131,refuse,2,85,
150052.924,refuse,0,86,
150059.131,refuse,2,85,
150067.924,refuse,0,86,
150074.131,refuse,2,85,
150082.924,refuse,0,86,
150089.131,refuse,2,85,
150097.924,refuse,0,86,
150104.131,refuse,2,85,
150112.924,refuse,0,86,
150119.131,refuse,2,85,
150127.924,refuse,0,86,
150134.131,refuse,2,85,
150142.924,refuse,0,86,
150149.131,refuse,2,85,
150157.924,refuse,0,86,
150164.131,refuse,2,85,
150172.924,refuse,0,86,
150179.131,refuse,2,85,
150187.924,refuse,0,86,
150194.131,refuse,2,85,
150202.924,refuse,0,86,
150209.131,refuse,2,85,
150217.924,refuse,0,86,
150224.131,refuse,2,85,
150232.924,refuse,0,86,
150239.131,refuse,2,85,
150247.924,refuse,0,86,
150254.131,refuse,2,85,
150262.924,refuse,0,86,
150269.131,refuse,2,85,
150277.924,refuse,0,86,
150284.131,refuse,2,85,
150292.924,refuse,0,86,
150299.131,refuse,2,85,
150307.924,refuse,0,86,
150314.131,refuse,2,85,
150322.924,refuse,0,86,
150329.131,refuse,2,85,
150337.924,refuse,0,86,
150344.131,refuse,2,85,
150352.924,refuse,0,86,
150359.131,refuse,2,85,
150367.924,refuse,0,86,
150374.131,refuse,2,85,
150382.924,refuse,0,86,
150389.131,refuse,2,85,
150397.924,refuse,0,86,
150404.131,refuse,2,85,
150412.924,refuse,0,86,
150419.131,refuse,2,85,
150427.924,refuse,0,86,
150434.131,refuse,2,85,
150442.924,refuse,0,86,
150449.131,refuse,2,85,
150457.924,refuse,0,86,
150464.131,refuse,2,85,
150472.924,refuse,0,86,
150479.131,refuse,2,85,
150487.924,refuse,0,86,
150494.131,refuse,2,85,
150502.924,refuse,0,86,
150509.131,refuse,2,85,
150517.924,refuse,0,86,
150524.131,refuse,2,85,
150532.924,refuse,0,86,
150539.131,refuse,2,85,
150547.924,refuse,0,86,
150554.131,refuse,2,85,
150562.924,refuse,0,86,
150569.131,refuse,2,85,
150577.924,refuse,0,86,
150584.131,refuse,2,85,
150592.924,refuse,0,86,
150599.131,refuse,2,85,
150607.924,refuse,0,86,
150614.131,refuse,2,85,
150622.924,refuse,0,86,
150629.131,refuse,2,85,
150637.924,refuse,0,86,
150644.131,refuse,2,85,
150652.924,refuse,0,86,
150659.131,refuse,2,85,
150667.924,refuse,0,86,
150674.131,refuse,2,85,
150682.924,refuse,0,86,
150689.131,refuse,2,85,
150697.924,refuse,0,86,
150704.131,refuse,2,85,
150712.924,refuse,0,86,
150719.131,refuse,2,85,
150727.924,refuse,0,86,
150734.131,refuse,2,85,
150742.924,refuse,0,86,
150749.131,refuse,2,85,
150757.924,refuse,0,86,
150764.131,refuse,2,85,
150772.924,refuse,0,86,
150779.131,refuse,2,85,
150787.924,refuse,0,86,
150794.131,refuse,2,85,
150802.924,refuse,0,86,
150809.131,refuse,2,85,
150817.924,refuse,0,86,
150824.131,refuse,2,85,
150832.924,refuse,0,86,
150839.131,refuse,2,85,
150847.924,refuse,0,86,
150854.131,refuse,2,85,
150862.924,refuse,0,86,
150869.131,refuse,2,85,
150877.924,refuse,0,86,
150884.131,refuse,2,85,
150892.924,refuse,0,86,
150899.131,refuse,2,85,
150907.924,refuse,0,86,
150914.131,refuse,2,85,
150922.924,refuse,0,86,
150929.131,refuse,2,85,
150937.924,refuse,0,86,
150944.131,refuse,2,85,
150952.924,refuse,0,86,
150959.131,refuse,2,85,
150967.924,refuse,0,86,
150974.131,refuse,2,85,
150982.924,refuse,0,86,
150989.131,refuse,2,85,
150997.924,refuse,0,86,
151004.131,refuse,2,85,
151012.924,refuse,0,86,
151019.131,refuse,2,85,
151027.924,refuse,0,86,
151034.131,refuse,2,85,
151042.924,refuse,0,86,
151049.131,refuse,2,85,
151057.924,refuse,0,86,
151064.131,refuse,2,85,
151072.924,refuse,0,86,
151079.131,refuse,2,85,
151087.924,refuse,0,86,
151094.131,refuse,2,85,
151102.924,refuse,0,86,
151109.131,refuse,2,85,
151117.924,refuse,0,86,
151124.131,refuse,2,85,
151132.924,refuse,0,86,
151139.131,refuse,2,85,
151147.924,refuse,0,86,
151154.131,refuse,2,85,
151162.924,refuse,0,86,
151169.131,refuse,2,85,
151177.924,refuse,0,86,
151184.131,refuse,2,85,
151192.924,refuse,0,86,
151199.131,refuse,2,85,
151207.924,refuse,0,86,
151214.131,refuse,2,85,
151222.924,refuse,0,86,
151229.131,refuse,2,85,
151237.924,refuse,0,86,
151244.131,refuse,2,85,
151252.924,refuse,0,86,
151259.131,refuse,2,85,
151267.924,refuse,0,86,
151274.131,refuse,2,85,
151282.924,refuse,0,86,
151289.131,refuse,2,85,
151297.924,refuse,0,86,
151304.131,refuse,2,85,
151312.924,refuse,0,86,
151319.131,refuse,2,85,
151327.924,refuse,0,86,
151334.131,refuse,2,85,
151342.924,refuse,0,86,
151349.131,refuse,2,85,
151357.924,refuse,0,86,
151364.131,refuse,2,85,
151372.924,refuse,0,86,
151379.131,refuse,2,85,
151387.924,refuse,0,86,
151394.131,refuse,2,85,
151402.924,refuse,0,86,
151409.131,refuse,2,85,
151417.924,refuse,0,86,
151424.131,refuse,2,85,
151432.924,refuse,0,86,
151439.131,refuse,2,85,
151447.924,refuse,0,86,
151454.131,refuse,2,85,
151462.924,refuse,0,86,
151469.131,refuse,2,85,
151477.924,refuse,0,86,
151484.131,refuse,2,85,
151492.924,refuse,0,86,
151499.131,refuse,2,85,
151507.924,refuse,0,86,
151514.131,refuse,2,85,
151522.924,refuse,0,86,
151529.131,refuse,2,85,
151537.924,refuse,0,86,
151544.131,refuse,2,85,
151552.924,refuse,0,86,
151559.131,refuse,2,85,
151567.924,refuse,0,86,
151574.131,refuse,2,85,
151582.924,refuse,0,86,
151589.131,refuse,2,85,
151597.924,refuse,0,86,
151604.131,refuse,2,85,
151612.924,refuse,0,86,
151619.131,refuse,2,85,
151627.924,refuse,0,86,
151634.131,refuse,2,85,
151642.924,refuse,0,86,
151649.131,refuse,2,85,
151657.924,refuse,0,86,
151664.131,refuse,2,85,
151672.924,refuse,0,86,
151679.131,refuse,2,85,
151687.924,refuse,0,86,
151694.131,refuse,2,85,
151702.924,refuse,0,86,
151709.131,refuse,2,85,
151717.924,refuse,0,86,
151724.131,refuse,2,85,
151732.924,refuse,0,86,
151739.131,refuse,2,85,
151747.924,refuse,0,86,
151754.131,refuse,2,85,
151762.924,refuse,0,86,
151769.131,refuse,2,85,
151777.924,refuse,0,86,
151784.131,refuse,2,85,
151792.924,refuse,0,86,
151799.131,refuse,2,85,
151807.924,refuse,0,86,
151814.131,refuse,2,85,
151822.924,refuse,0,86,
151829.131,refuse,2,85,
151837.924,refuse,0,86,
151844.131,refuse,2,85,
151852.924,refuse,0,86,
151859.131,refuse,2,85,
151867.924,refuse,0,86,
151874.131,refuse,2,85,
151882.924,refuse,0,86,
151889.131,refuse,2,85,
151897.924,refuse,0,86,
151904.131,refuse,2,85,
151912.924,refuse,0,86,
151919.131,refuse,2,85,
151927.924,refuse,0,86,
151934.131,refuse,2,85,
151942.924,refuse,0,86,
151949.131,refuse,2,85,
151957.924,refuse,0,86,
151964.131,refuse,2,85,
151972.924,refuse,0,86,
151979.131,refuse,2,85,
151987.924,refuse,0,86,
151994.131,refuse,2,85,
152002.924,refuse,0,86,
152009.131,refuse,2,85,
152017.924,refuse,0,86,
152024.131,refuse,2,85,
152028.477,conflict-at-land,3,3,
152032.924,refuse,0,86,
152039.131,start,2,85,
152043.477,refuse,3,3,
152047.924,refuse,0,86,
152058.477,refuse,3,3,
152062.924,refuse,0,86,
152073.477,refuse,3,3,
152077.924,refuse,0,86,
152088.477,refuse,3,3,
152092.924,refuse,0,86,
152103.477,refuse,3,3,
152106.768,conflict-at-land,2,85,
152107.924,refuse,0,86,
152118.477,start,3,3,
152121.768,refuse,2,85,
152122.924,refuse,0,86,
152136.768,refuse,2,85,
152137.924,refuse,0,86,
152151.768,refuse,2,85,
152152.924,refuse,0,86,
152166.768,refuse,2,85,
152167.924,refuse,0,86,
152181.768,refuse,2,85,
152182.924,refuse,0,86,
152196.768,refuse,2,85,
152197.924,refuse,0,86,
152211.768,refuse,2,85,
152212.924,refuse,0,86,
152226.768,refuse,2,85,
152227.924,refuse,0,86,
152241.768,refuse,2,85,
152242.924,refuse,0,86,
152256.768,refuse,2,85,
152257.924,refuse,0,86,
152271.768,refuse,2,85,
152272.924,refuse,0,86,
152286.768,refuse,2,85,
152287.924,refuse,0,86,
152301.768,refuse,2,85,
152302.924,refuse,0,86,
152316.768,refuse,2,85,
152317.924,refuse,0,86,
152331.768,refuse,2,85,
152332.924,refuse,0,86,
152346.768,refuse,2,85,
152347.924,refuse,0,86,
152361.768,refuse,2,85,
152362.924,refuse,0,86,
152376.768,refuse,2,85,
152377.924,refuse,0,86,
152391.768,refuse,2,85,
152392.924,refuse,0,86,
152406.768,refuse,2,85,
152407.924,refuse,0,86,
152421.768,refuse,2,85,
152422.924,refuse,0,86,
152436.768,refuse,2,85,
152437.924,refuse,0,86,
152451.768,refuse,2,85,
152452.924,refuse,0,86,
152466.768,refuse,2,85,
152467.924,refuse,0,86,
152481.768,refuse,2,85,
152482.924,refuse,0,86,
152496.768,refuse,2,85,
152497.924,refuse,0,86,
152511.768,refuse,2,85,
152512.924,refuse,0,86,
152526.768,refuse,2,85,
152527.924,refuse,0,86,
152541.768,refuse,2,85,
152541.768,abandon,2,85,
152541.768,refuse,2,87,
152542.924,refuse,0,86,
152556.768,refuse,2,87,
152557.924,refuse,0,86,
152571.768,refuse,2,87,
152572.924,refuse,0,86,
152586.768,refuse,2,87,
152587.924,refuse,0,86,
152601.768,refuse,2,87,
152602.924,refuse,0,86,
152616.768,refuse,2,87,
152617.924,refuse,0,86,
152617.924,abandon,0,86,
152617.924,start,0,88,
152631.768,refuse,2,87,
152646.768,refuse,2,87,
152661.768,refuse,2,87,
152676.768,refuse,2,87,
152691.768,refuse,2,87,
152706.768,refuse,2,87,
152719.838,conflict-at-land,0,88,
152721.768,refuse,2,87,
152734.838,start,0,88,
152736.768,refuse,2,87,
152751.768,refuse,2,87,
152766.768,refuse,2,87,
152781.768,refuse,2,87,
152796.768,refuse,2,87,
152811.768,refuse,2,87,
152817.425,conflict-at-land,0,88,
152826.768,refuse,2,87,
152832.425,start,0,88,
152841.768,refuse,2,87,
152856.768,refuse,2,87,
152871.768,refuse,2,87,
152886.768,refuse,2,87,
152901.768,refuse,2,87,
152916.768,refuse,2,87,
152931.768,refuse,2,87,
152938.206,conflict-at-land,0,88,
152946.768,refuse,2,87,
152953.206,start,0,88,
152961.768,refuse,2,87,
152976.768,refuse,2,87,
152991.768,refuse,2,87,
153006.768,refuse,2,87,
153021.768,refuse,2,87,
153036.768,refuse,2,87,
153050.395,conflict-at-land,0,88,
153051.768,refuse,2,87,
153065.395,start,0,88,
153066.768,refuse,2,87,
153081.768,refuse,2,87,
153096.768,refuse,2,87,
153111.768,refuse,2,87,
153126.768,refuse,2,87,
153141.768,refuse,2,87,
153156.768,refuse,2,87,
153160.78,conflict-at-land,0,88,
153171.768,refuse,2,87,
153175.78,start,0,88,
153186.768,refuse,2,87,
153201.768,refuse,2,87,
153216.768,refuse,2,87,
153231.768,refuse,2,87,
153246.768,refuse,2,87,
153261.768,refuse,2,87,
153276.768,refuse,2,87,
153283.961,conflict-at-land,0,88,
153291.768,refuse,2,87,
153298.961,start,0,88,
153306.768,refuse,2,87,
153321.768,refuse,2,87,
153336.768,refuse,2,87,
153351.768,refuse,2,87,
153366.768,refuse,2,87,
153381.768,refuse,2,87,
153396.768,refuse,2,87,
153400.523,conflict-at-land,0,88,
153411.768,refuse,2,87,
153415.523,start,0,88,
153426.768,refuse,2,87,
153441.768,refuse,2,87,
153456.768,refuse,2,87,
153471.768,refuse,2,87,
153486.768,refuse,2,87,
153501.768,refuse,2,87,
153506.958,conflict-at-land,0,88,
153516.768,refuse,2,87,
153521.958,start,0,88,
153531.768,refuse,2,87,
153546.768,refuse,2,87,
153561.768,refuse,2,87,
153576.768,refuse,2,87,
153585.327,conflict-at-land,0,88,
153591.768,refuse,2,87,
153600.327,start,0,88,
153606.768,refuse,2,87,
153621.768,refuse,2,87,
153636.768,refuse,2,87,
153651.768,refuse,2,87,
153666.768,refuse,2,87,
153681.768,refuse,2,87,
153684.951,conflict-at-land,0,88,
153696.768,refuse,2,87,
153699.951,start,0,88,
153711.768,refuse,2,87,
153726.768,refuse,2,87,
153741.768,refuse,2,87,
153756.768,refuse,2,87,
153771.768,refuse,2,87,
153786.768,refuse,2,87,
153796.803,conflict-at-land,0,88,
153801.768,refuse,2,87,
153811.803,start,0,88,
153816.768,refuse,2,87,
153831.768,refuse,2,87,
153846.768,refuse,2,87,
153861.768,refuse,2,87,
153876.768,refuse,2,87,
153891.768,refuse,2,87,
153900.012,conflict-at-land,0,88,
153906.768,refuse,2,87,
153915.012,start,0,88,
153921.768,refuse,2,87,
153936.768,refuse,2,87,
153951.768,refuse,2,87,
153966.768,refuse,2,87,
153981.768,refuse,2,87,
153996.768,refuse,2,87,
154006.435,conflict-at-land,0,88,
154011.768,refuse,2,87,
154021.435,start,0,88,
154026.768,refuse,2,87,
154041.768,refuse,2,87,
154056.768,refuse,2,87,
154071.768,refuse,2,87,
154086.768,refuse,2,87,
154100.571,conflict-at-land,0,88,
154101.768,refuse,2,87,
154115.571,start,0,88,
154116.768,refuse,2,87,
154131.768,refuse,2,87,
154146.768,refuse,2,87,
154161.768,refuse,2,87,
154176.768,refuse,2,87,
154191.768,refuse,2,87,
154206.768,refuse,2,87,
154220.381,conflict-at-land,0,88,
154221.768,refuse,2,87,
154235.381,start,0,88,
154236.768,refuse,2,87,
154251.232,conflict-at-land,3,3,
154251.768,refuse,2,87,
154266.232,start,3,3,
154266.768,refuse,2,87,
154281.768,refuse,2,87,
154296.768,refuse,2,87,
154309.093,conflict-at-land,0,88,
154311.768,refuse,2,87,
154324.093,start,0,88,
154326.768,refuse,2,87,
154341.768,refuse,2,87,
154356.768,refuse,2,87,
154371.768,refuse,2,87,
154386.768,refuse,2,87,
154401.768,refuse,2,87,
154407.792,conflict-at-land,0,88,
154416.768,refuse,2,87,
154422.792,start,0,88,
154431.768,refuse,2,87,
154446.768,refuse,2,87,
154461.768,refuse,2,87,
154476.768,refuse,2,87,
154491.456,conflict-at-land,0,88,
154491.768,refuse,2,87,
154506.456,start,0,88,
154506.768,refuse,2,87,
154521.768,refuse,2,87,
154536.768,refuse,2,87,
154551.768,refuse,2,87,
154566.768,refuse,2,87,
154568.352,conflict-at-land,0,88,
154581.768,refuse,2,87,
154583.352,start,0,88,
154596.768,refuse,2,87,
154611.768,refuse,2,87,
154626.768,refuse,2,87,
154641.768,refuse,2,87,
154651.034,conflict-at-land,0,88,
154656.768,refuse,2,87,
154666.034,start,0,88,
154671.768,refuse,2,87,
154686.768,refuse,2,87,
154701.768,refuse,2,87,
154716.768,refuse,2,87,
154731.768,refuse,2,87,
154741.978,conflict-at-land,0,88,
154746.768,refuse,2,87,
154756.978,start,0,88,
154761.768,refuse,2,87,
154776.768,refuse,2,87,
154791.768,refuse,2,87,
154806.768,refuse,2,87,
154821.768,refuse,2,87,
154836.768,refuse,2,87,
154842.536,conflict-at-land,0,88,
154851.768,refuse,2,87,
154857.536,start,0,88,
154866.768,refuse,2,87,
154881.768,refuse,2,87,
154896.768,refuse,2,87,
154911.768,refuse,2,87,
154919.833,conflict-at-land,0,88,
154926.768,refuse,2,87,
154934.833,start,0,88,
154941.768,refuse,2,87,
154956.768,refuse,2,87,
154971.768,refuse,2,87,
154986.768,refuse,2,87,
154999.238,conflict-at-land,0,88,
155001.768,refuse,2,87,
155014.238,start,0,88,
155016.768,refuse,2,87,
155031.768,refuse,2,87,
155046.768,refuse,2,87,
155061.768,refuse,2,87,
155076.768,refuse,2,87,
155091.768,refuse,2,87,
155106.768,refuse,2,87,
155116.71,conflict-at-land,0,88,
155121.768,refuse,2,87,
155131.71,start,0,88,
155136.768,refuse,2,87,
155151.768,refuse,2,87,
155166.768,refuse,2,87,
155181.768,refuse,2,87,
155196.768,refuse,2,87,
155211.768,refuse,2,87,
155226.768,refuse,2,87,
155241.768,refuse,2,87,
155243.778,conflict-at-land,0,88,
155256.768,refuse,2,87,
155258.778,start,0,88,
155271.768,refuse,2,87,
155286.768,refuse,2,87,
155301.768,refuse,2,87,
155316.768,refuse,2,87,
155331.768,refuse,2,87,
155342.177,conflict-at-land,0,88,
155346.768,refuse,2,87,
155357.177,start,0,88,
155361.768,refuse,2,87,
155376.768,refuse,2,87,
155391.768,refuse,2,87,
155406.768,refuse,2,87,
155421.768,refuse,2,87,
155436.768,refuse,2,87,
155442.6,conflict-at-land,0,88,
155451.768,refuse,2,87,
155457.6,start,0,88,
155466.768,refuse,2,87,
155481.768,refuse,2,87,
155496.768,refuse,2,87,
155511.768,refuse,2,87,
155526.768,refuse,2,87,
155541.768,refuse,2,87,
155541.768,abandon,2,87,
155541.768,refuse,2,89,
155549.961,conflict-at-land,0,88,
155556.768,refuse,2,89,
155564.961,start,0,88,
155571.768,refuse,2,89,
155586.768,refuse,2,89,
155601.768,refuse,2,89,
155616.768,refuse,2,89,
155630.917,conflict-at-land,0,88,
155631.768,refuse,2,89,
155645.917,start,0,88,
155646.768,refuse,2,89,
155661.768,refuse,2,89,
155676.768,refuse,2,89,
155691.768,refuse,2,89,
155706.768,refuse,2,89,
155721.768,refuse,2,89,
155734.937,conflict-at-land,0,88,
155736.768,refuse,2,89,
155749.937,start,0,88,
155751.768,refuse,2,89,
155766.768,refuse,2,89,
155781.768,refuse,2,89,
155796.768,refuse,2,89,
155811.768,refuse,2,89,
155826.768,refuse,2,89,
155841.768,refuse,2,89,
155846.02,conflict-at-land,0,88,
155856.768,refuse,2,89,
155861.02,start,0,88,
155871.768,refuse,2,89,
155886.768,refuse,2,89,
155901.768,refuse,2,89,
155916.768,refuse,2,89,
155931.768,refuse,2,89,
155946.768,refuse,2,89,
155961.768,refuse,2,89,
155971.211,conflict-at-land,0,88,
155976.768,refuse,2,89,
155986.211,start,0,88,
155991.768,refuse,2,89,
156006.768,refuse,2,89,
156021.768,refuse,2,89,
156036.768,refuse,2,89,
156051.768,refuse,2,89,
156066.768,refuse,2,89,
156080.685,conflict-at-land,0,88,
156081.768,refuse,2,89,
156095.685,start,0,88,
156096.768,refuse,2,89,
156111.768,refuse,2,89,
156126.768,refuse,2,89,
156141.768,refuse,2,89,
156156.768,refuse,2,89,
156171.768,refuse,2,89,
156185.028,conflict-at-land,0,88,
156186.768,refuse,2,89,
156200.028,start,0,88,
156201.768,refuse,2,89,
156216.768,refuse,2,89,
156231.768,refuse,2,89,
156246.768,refuse,2,89,
156261.768,refuse,2,89,
156276.768,refuse,2,89,
156282.337,conflict-at-land,0,88,
156291.768,refuse,2,89,
156297.337,start,0,88,
156306.768,refuse,2,89,
156321.768,refuse,2,89,
156336.768,refuse,2,89,
156351.768,refuse,2,89,
156366.768,refuse,2,89,
156381.768,refuse,2,89,
156396.768,refuse,2,89,
156405.834,conflict-at-land,0,88,
156411.768,refuse,2,89,
156420.834,start,0,88,
156426.768,refuse,2,89,
156441.768,refuse,2,89,
156456.768,refuse,2,89,
156471.768,refuse,2,89,
156486.768,refuse,2,89,
156501.768,refuse,2,89,
156509.053,conflict-at-land,0,88,
156516.768,refuse,2,89,
156524.053,start,0,88,
156531.768,refuse,2,89,
156546.768,refuse,2,89,
156561.768,refuse,2,89,
156576.768,refuse,2,89,
156591.768,refuse,2,89,
156606.768,refuse,2,89,
156609.883,conflict-at-land,0,88,
156621.768,refuse,2,89,
156624.883,start,0,88,
156636.768,refuse,2,89,
156651.768,refuse,2,89,
156666.768,refuse,2,89,
156678.601,conflict-at-land,3,3,
156681.768,refuse,2,89,
156693.601,start,3,3,
156696.768,refuse,2,89,
156711.768,refuse,2,89,
156724.086,conflict-at-land,0,88,
156726.768,refuse,2,89,
156739.086,start,0,88,
156741.768,refuse,2,89,
156756.768,refuse,2,89,
156771.768,refuse,2,89,
156786.768,refuse,2,89,
156801.768,refuse,2,89,
156803.497,conflict-at-land,0,88,
156816.768,refuse,2,89,
156818.497,start,0,88,
156831.768,refuse,2,89,
156846.768,refuse,2,89,
156861.768,refuse,2,89,
156876.768,refuse,2,89,
156891.768,refuse,2,89,
156906.768,refuse,2,89,
156910.29,conflict-at-land,0,88,
156921.768,refuse,2,89,
156925.29,start,0,88,
156936.768,refuse,2,89,
156951.768,refuse,2,89,
156966.768,refuse,2,89,
156981.768,refuse,2,89,
156996.768,refuse,2,89,
157011.768,refuse,2,89,
157026.768,refuse,2,89,
157031.396,conflict-at-land,0,88,
157041.768,refuse,2,89,
157046.396,start,0,88,
157056.768,refuse,2,89,
157071.768,refuse,2,89,
157086.768,refuse,2,89,
157101.768,refuse,2,89,
157116.768,refuse,2,89,
157126.574,conflict-at-land,0,88,
157131.768,refuse,2,89,
157141.574,start,0,88,
157146.768,refuse,2,89,
157161.768,refuse,2,89,
157176.768,refuse,2,89,
157191.768,refuse,2,89,
157206.768,refuse,2,89,
157207.495,conflict-at-land,0,88,
157221.768,refuse,2,89,
157222.495,start,0,88,
157236.768,refuse,2,89,
157251.768,refuse,2,89,
157266.768,refuse,2,89,
157281.768,refuse,2,89,
157288.913,conflict-at-land,0,88,
157296.768,refuse,2,89,
157303.913,start,0,88,
157311.768,refuse,2,89,
157326.768,refuse,2,89,
157341.768,refuse,2,89,
157356.768,refuse,2,89,
157371.768,refuse,2,89,
157386.768,refuse,2,89,
157401.768,refuse,2,89,
157412.123,conflict-at-land,0,88,
157416.768,refuse,2,89,
157427.123,start,0,88,
157431.768,refuse,2,89,
157446.768,refuse,2,89,
157461.768,refuse,2,89,
157476.768,refuse,2,89,
157491.768,refuse,2,89,
157493.822,conflict-at-land,0,88,
157506.768,refuse,2,89,
157508.822,start,0,88,
157521.768,refuse,2,89,
157536.768,refuse,2,89,
157551.768,refuse,2,89,
157566.768,refuse,2,89,
157581.768,refuse,2,89,
157596.768,refuse,2,89,
157603.872,conflict-at-land,0,88,
157611.768,refuse,2,89,
157618.872,start,0,88,
157626.768,refuse,2,89,
157641.768,refuse,2,89,
157656.768,refuse,2,89,
157671.768,refuse,2,89,
157684.34,conflict-at-land,0,88,
157686.768,refuse,2,89,
157699.34,start,0,88,
157701.768,refuse,2,89,
157716.768,refuse,2,89,
157731.768,refuse,2,89,
157746.768,refuse,2,89,
157761.768,refuse,2,89,
157776.768,refuse,2,89,
157786.985,conflict-at-land,0,88,
157791.768,refuse,2,89,
157801.985,start,0,88,
157806.768,refuse,2,89,
157821.768,refuse,2,89,
157836.768,refuse,2,89,
157851.768,refuse,2,89,
157866.768,refuse,2,89,
157881.768,refuse,2,89,
157896.768,refuse,2,89,
157910.45,conflict-at-land,0,88,
157911.768,refuse,2,89,
157925.45,start,0,88,
157926.768,refuse,2,89,
157941.768,refuse,2,89,
157956.768,refuse,2,89,
157971.768,refuse,2,89,
157986.768,refuse,2,89,
157998.589,conflict-at-land,0,88,
158001.768,refuse,2,89,
158013.589,start,0,88,
158016.768,refuse,2,89,
158031.768,refuse,2,89,
158046.768,refuse,2,89,
158061.768,refuse,2,89,
158076.768,refuse,2,89,
158090.534,conflict-at-land,0,88,
158091.768,refuse,2,89,
158105.534,start,0,88,
158106.768,refuse,2,89,
158121.768,refuse,2,89,
158136.768,refuse,2,89,
158151.768,refuse,2,89,
158166.768,refuse,2,89,
158181.768,refuse,2,89,
158196.768,refuse,2,89,
158198.347,conflict-at-land,0,88,
158211.768,refuse,2,89,
158213.347,start,0,88,
158226.768,refuse,2,89,
158241.768,refuse,2,89,
158256.768,refuse,2,89,
158271.768,refuse,2,89,
158286.768,refuse,2,89,
158301.768,refuse,2,89,
158304.182,conflict-at-land,0,88,
158316.768,refuse,2,89,
158319.182,start,0,88,
158331.768,refuse,2,89,
158346.768,refuse,2,89,
158361.768,refuse,2,89,
158376.768,refuse,2,89,
158391.768,refuse,2,89,
158406.768,refuse,2,89,
158409.339,conflict-at-land,0,88,
158421.768,refuse,2,89,
158424.339,start,0,88,
158436.768,refuse,2,89,
158451.768,refuse,2,89,
158466.768,refuse,2,89,
158481.768,refuse,2,89,
158496.768,refuse,2,89,
158505.704,conflict-at-land,0,88,
158511.768,refuse,2,89,
158520.704,start,0,88,
158526.768,refuse,2,89,
158541.768,refuse,2,89,
158541.768,abandon,2,89,
158541.768,refuse,2,90,
158556.768,refuse,2,90,
158571.768,refuse,2,90,
158583.738,conflict-at-land,0,88,
158586.768,refuse,2,90,
158598.738,start,0,88,
158601.768,refuse,2,90,
158616.768,refuse,2,90,
158631.768,refuse,2,90,
158646.768,refuse,2,90,
158661.768,refuse,2,90,
158676.768,refuse,2,90,
158690.71,conflict-at-land,0,88,
158691.768,refuse,2,90,
158705.71,start,0,88,
158706.768,refuse,2,90,
158721.768,refuse,2,90,
158736.768,refuse,2,90,
158751.768,refuse,2,90,
158766.768,refuse,2,90,
158781.057,conflict-at-land,0,88,
158781.768,refuse,2,90,
158796.057,start,0,88,
158796.768,refuse,2,90,
158811.768,refuse,2,90,
158826.768,refuse,2,90,
158836.613,conflict-at-land,3,3,
158841.768,refuse,2,90,
158851.613,start,3,3,
158856.768,refuse,2,90,
158871.768,refuse,2,90,
158886.768,refuse,2,90,
158889.343,conflict-at-land,0,88,
158901.768,refuse,2,90,
158904.343,start,0,88,
158916.768,refuse,2,90,
158931.768,refuse,2,90,
158946.768,refuse,2,90,
158961.768,refuse,2,90,
158976.768,refuse,2,90,
158979.265,conflict-at-land,0,88,
158991.768,refuse,2,90,
158994.265,start,0,88,
159006.768,refuse,2,90,
159021.768,refuse,2,90,
159036.768,refuse,2,90,
159051.768,refuse,2,90,
159066.768,refuse,2,90,
159081.768,refuse,2,90,
159096.768,refuse,2,90,
159107.145,conflict-at-land,0,88,
159111.768,refuse,2,90,
159122.145,start,0,88,
159126.768,refuse,2,90,
159141.768,refuse,2,90,
159143.362,conflict-at-land,1,8,
159156.768,refuse,2,90,
159158.362,start,1,8,
159171.768,refuse,2,90,
159186.768,refuse,2,90,
159199.834,conflict-at-land,0,88,
159201.768,refuse,2,90,
159214.834,start,0,88,
159216.768,refuse,2,90,
159231.768,refuse,2,90,
159246.768,refuse,2,90,
159261.768,refuse,2,90,
159276.768,refuse,2,90,
159291.768,refuse,2,90,
159300.671,conflict-at-land,0,88,
159306.768,refuse,2,90,
159315.671,start,0,88,
159321.768,refuse,2,90,
159336.768,refuse,2,90,
159351.768,refuse,2,90,
159366.768,refuse,2,90,
159381.768,refuse,2,90,
159396.768,refuse,2,90,
159404.447,conflict-at-land,0,88,
159411.768,refuse,2,90,
159419.447,start,0,88,
159426.768,refuse,2,90,
159441.768,refuse,2,90,
159456.768,refuse,2,90,
159471.768,refuse,2,90,
159486.768,refuse,2,90,
159494.382,conflict-at-land,0,88,
159501.768,refuse,2,90,
159509.382,start,0,88,
159516.768,refuse,2,90,
159531.768,refuse,2,90,
159546.768,refuse,2,90,
159561.768,refuse,2,90,
159576.768,refuse,2,90,
159579.355,conflict-at-land,0,88,
159591.768,refuse,2,90,
159594.355,start,0,88,
159606.768,refuse,2,90,
159621.768,refuse,2,90,
159636.768,refuse,2,90,
159651.768,refuse,2,90,
159666.768,refuse,2,90,
159681.768,refuse,2,90,
159692.116,conflict-at-land,0,88,
159696.768,refuse,2,90,
159707.116,start,0,88,
159711.768,refuse,2,90,
159726.768,refuse,2,90,
159741.768,refuse,2,90,
159756.768,refuse,2,90,
159771.768,refuse,2,90,
159786.768,refuse,2,90,
159791.795,conflict-at-land,0,88,
159801.768,refuse,2,90,
159806.795,start,0,88,
159816.768,refuse,2,90,
159831.768,refuse,2,90,
159846.768,refuse,2,90,
159861.768,refuse,2,90,
159876.768,refuse,2,90,
159891.768,refuse,2,90,
159898.241,conflict-at-land,0,88,
159906.768,refuse,2,90,
159913.241,start,0,88,
159921.768,refuse,2,90,
159936.768,refuse,2,90,
159951.768,refuse,2,90,
159966.768,refuse,2,90,
159981.768,refuse,2,90,
159983.673,conflict-at-land,0,88,
159996.768,refuse,2,90,
159998.673,start,0,88,
160011.768,refuse,2,90,
160026.768,refuse,2,90,
160041.768,refuse,2,90,
160056.768,refuse,2,90,
160071.768,refuse,2,90,
160086.193,conflict-at-land,0,88,
160086.768,refuse,2,90,
160101.193,start,0,88,
160101.768,refuse,2,90,
160116.768,refuse,2,90,
160131.768,refuse,2,90,
160146.768,refuse,2,90,
160161.768,refuse,2,90,
160176.768,refuse,2,90,
160191.768,refuse,2,90,
160196.476,conflict-at-land,0,88,
160206.768,refuse,2,90,
160211.476,start,0,88,
160221.768,refuse,2,90,
160236.768,refuse,2,90,
160251.768,refuse,2,90,
160266.768,refuse,2,90,
160281.768,refuse,2,90,
160296.768,refuse,2,90,
160311.768,refuse,2,90,
160312.036,conflict-at-land,0,88,
160326.768,refuse,2,90,
160327.036,start,0,88,
160341.768,refuse,2,90,
160356.768,refuse,2,90,
160371.768,refuse,2,90,
160386.768,refuse,2,90,
160401.768,refuse,2,90,
160416.768,refuse,2,90,
160422.729,conflict-at-land,0,88,
160431.768,refuse,2,90,
160437.729,start,0,88,
160446.768,refuse,2,90,
160461.768,refuse,2,90,
160476.768,refuse,2,90,
160491.768,refuse,2,90,
160506.768,refuse,2,90,
160520.229,conflict-at-land,0,88,
160521.768,refuse,2,90,
160535.229,start,0,88,
160536.768,refuse,2,90,
160551.768,refuse,2,90,
160566.768,refuse,2,90,
160581.768,refuse,2,90,
160596.768,refuse,2,90,
160611.768,refuse,2,90,
160626.768,refuse,2,90,
160631.899,conflict-at-land,0,88,
160641.768,refuse,2,90,
160646.899,start,0,88,
160656.768,refuse,2,90,
160671.768,refuse,2,90,
160686.768,refuse,2,90,
160701.768,refuse,2,90,
160716.768,refuse,2,90,
160731.768,refuse,2,90,
160738.956,conflict-at-land,0,88,
160746.768,refuse,2,90,
160753.956,start,0,88,
160761.768,refuse,2,90,
160776.768,refuse,2,90,
160791.768,refuse,2,90,
160806.768,refuse,2,90,
160821.768,refuse,2,90,
160836.768,refuse,2,90,
160839.776,conflict-at-land,0,88,
160851.768,refuse,2,90,
160854.776,start,0,88,
160866.768,refuse,2,90,
160881.768,refuse,2,90,
160896.768,refuse,2,90,
160911.768,refuse,2,90,
160926.768,refuse,2,90,
160941.768,refuse,2,90,
160948.578,conflict-at-land,0,88,
160956.768,refuse,2,90,
160963.578,start,0,88,
160971.768,refuse,2,90,
160986.768,refuse,2,90,
160994.654,conflict-at-land,3,3,
161001.768,refuse,2,90,
161009.654,start,3,3,
161016.768,refuse,2,90,
161031.768,refuse,2,90,
161040.47,conflict-at-land,0,88,
161046.768,refuse,2,90,
161055.47,start,0,88,
161061.768,refuse,2,90,
161076.768,refuse,2,90,
161091.768,refuse,2,90,
161106.768,refuse,2,90,
161121.768,refuse,2,90,
161124.087,conflict-at-land,0,88,
161136.768,refuse,2,90,
161139.087,start,0,88,
161151.768,refuse,2,90,
161166.768,refuse,2,90,
161181.768,refuse,2,90,
161196.768,refuse,2,90,
161211.768,refuse,2,90,
161226.768,refuse,2,90,
161241.768,refuse,2,90,
161250.763,conflict-at-land,0,88,
161256.768,refuse,2,90,
161265.763,start,0,88,
161271.768,refuse,2,90,
161286.768,refuse,2,90,
161301.768,refuse,2,90,
161316.768,refuse,2,90,
161331.768,refuse,2,90,
161346.768,refuse,2,90,
161361.768,refuse,2,90,
161373.262,conflict-at-land,0,88,
161376.768,refuse,2,90,
161388.262,start,0,88,
161391.768,refuse,2,90,
161406.768,refuse,2,90,
161421.768,refuse,2,90,
161436.768,refuse,2,90,
161451.768,refuse,2,90,
161466.768,refuse,2,90,
161481.768,refuse,2,90,
161492.334,conflict-at-land,0,88,
161496.768,refuse,2,90,
161507.334,start,0,88,
161511.768,refuse,2,90,
161526.768,refuse,2,90,
161541.768,refuse,2,90,
161541.768,abandon,2,90,
161541.768,refuse,2,91,
161556.768,refuse,2,91,
161571.768,refuse,2,91,
161581.762,conflict-at-land,0,88,
161586.768,refuse,2,91,
161596.762,start,0,88,
161601.768,refuse,2,91,
161616.768,refuse,2,91,
161631.768,refuse,2,91,
161646.768,refuse,2,91,
161661.768,refuse,2,91,
161676.768,refuse,2,91,
161691.768,refuse,2,91,
161701.45,conflict-at-land,0,88,
161706.768,refuse,2,91,
161716.45,start,0,88,
161721.768,refuse,2,91,
161736.768,refuse,2,91,
161751.768,refuse,2,91,
161766.768,refuse,2,91,
161781.768,refuse,2,91,
161796.768,refuse,2,91,
161811.768,refuse,2,91,
161818.565,conflict-at-land,0,88,
161826.768,refuse,2,91,
161833.565,start,0,88,
161841.768,refuse,2,91,
161856.768,refuse,2,91,
161871.768,refuse,2,91,
161886.768,refuse,2,91,
161901.768,refuse,2,91,
161916.768,refuse,2,91,
161922.717,conflict-at-land,0,88,
161931.768,refuse,2,91,
161937.717,start,0,88,
161946.768,refuse,2,91,
161961.768,refuse,2,91,
161976.768,refuse,2,91,
161991.768,refuse,2,91,
162006.768,refuse,2,91,
162014.432,conflict-at-land,0,88,
162021.768,refuse,2,91,
162029.432,start,0,88,
162036.768,refuse,2,91,
162051.768,refuse,2,91,
162066.768,refuse,2,91,
162081.768,refuse,2,91,
162095.909,conflict-at-land,0,88,
162096.768,refuse,2,91,
162110.909,start,0,88,
162111.768,refuse,2,91,
162126.768,refuse,2,91,
162141.768,refuse,2,91,
162156.768,refuse,2,91,
162171.768,refuse,2,91,
162186.768,refuse,2,91,
162201.768,refuse,2,91,
162216.768,refuse,2,91,
162223.894,conflict-at-land,0,88,
162231.768,refuse,2,91,
162238.894,start,0,88,
162246.768,refuse,2,91,
162261.768,refuse,2,91,
162276.768,refuse,2,91,
162291.768,refuse,2,91,
162306.768,refuse,2,91,
162321.768,refuse,2,91,
162336.768,refuse,2,91,
162351.768,refuse,2,91,
162351.93,conflict-at-land,0,88,
162366.768,refuse,2,91,
162366.93,start,0,88,
162381.768,refuse,2,91,
162396.768,refuse,2,91,
162411.768,refuse,2,91,
162426.768,refuse,2,91,
162441.768,refuse,2,91,
162456.768,refuse,2,91,
162471.768,refuse,2,91,
162472.247,conflict-at-land,0,88,
162486.768,refuse,2,91,
162487.247,start,0,88,
162501.768,refuse,2,91,
162516.768,refuse,2,91,
162531.768,refuse,2,91,
162546.768,refuse,2,91,
162561.768,refuse,2,91,
162571.416,conflict-at-land,0,88,
162576.768,refuse,2,91,
162586.416,start,0,88,
162591.768,refuse,2,91,
162606.768,refuse,2,91,
162621.768,refuse,2,91,
162636.768,refuse,2,91,
162651.768,refuse,2,91,
162652.221,conflict-at-land,3,3,
162666.768,refuse,2,91,
162667.221,start,3,3,
162681.768,refuse,2,91,
162685.403,conflict-at-land,0,88,
162696.768,refuse,2,91,
162700.403,start,0,88,
162711.768,refuse,2,91,
162726.768,refuse,2,91,
162741.768,refuse,2,91,
162756.768,refuse,2,91,
162771.768,refuse,2,91,
162786.768,refuse,2,91,
162789.595,conflict-at-land,0,88,
162801.768,refuse,2,91,
162804.595,start,0,88,
162816.768,refuse,2,91,
162831.768,refuse,2,91,
162846.768,refuse,2,91,
162861.768,refuse,2,91,
162872.026,conflict-at-land,0,88,
162876.768,refuse,2,91,
162887.026,start,0,88,
162891.768,refuse,2,91,
162906.768,refuse,2,91,
162921.768,refuse,2,91,
162936.768,refuse,2,91,
162951.768,refuse,2,91,
162966.768,refuse,2,91,
162981.768,refuse,2,91,
162996.768,refuse,2,91,
162998.887,conflict-at-land,0,88,
163011.768,refuse,2,91,
163013.887,start,0,88,
163026.768,refuse,2,91,
163041.768,refuse,2,91,
163056.768,refuse,2,91,
163071.768,refuse,2,91,
163086.768,refuse,2,91,
163101.768,refuse,2,91,
163102.857,conflict-at-land,0,88,
163116.768,refuse,2,91,
163117.857,start,0,88,
163131.768,refuse,2,91,
163146.768,refuse,2,91,
163161.768,refuse,2,91,
163176.768,refuse,2,91,
163191.768,refuse,2,91,
163206.768,refuse,2,91,
163218.932,conflict-at-land,0,88,
163221.768,refuse,2,91,
163233.932,start,0,88,
163236.768,refuse,2,91,
163251.768,refuse,2,91,
163266.768,refuse,2,91,
163281.768,refuse,2,91,
163296.768,refuse,2,91,
163311.768,refuse,2,91,
163326.768,refuse,2,91,
163327.327,conflict-at-land,0,88,
163341.768,refuse,2,91,
163342.327,start,0,88,
163356.768,refuse,2,91,
163371.768,refuse,2,91,
163386.768,refuse,2,91,
163401.768,refuse,2,91,
163406.608,conflict-at-land,0,88,
163416.768,refuse,2,91,
163421.608,start,0,88,
163431.768,refuse,2,91,
163446.768,refuse,2,91,
163461.768,refuse,2,91,
163476.768,refuse,2,91,
163491.768,refuse,2,91,
163506.623,conflict-at-land,0,88,
163506.768,refuse,2,91,
163521.623,start,0,88,
163521.768,refuse,2,91,
163536.768,refuse,2,91,
163551.768,refuse,2,91,
163566.768,refuse,2,91,
163581.768,refuse,2,91,
163583.148,conflict-at-land,0,88,
163596.768,refuse,2,91,
163598.148,start,0,88,
163611.768,refuse,2,91,
163626.768,refuse,2,91,
163641.768,refuse,2,91,
163656.768,refuse,2,91,
163671.768,refuse,2,91,
163672.928,conflict-at-land,0,88,
163686.768,refuse,2,91,
163687.928,start,0,88,
163701.768,refuse,2,91,
163716.768,refuse,2,91,
163731.768,refuse,2,91,
163746.768,refuse,2,91,
163761.768,refuse,2,91,
163776.768,refuse,2,91,
163791.768,refuse,2,91,
163799.02,conflict-at-land,0,88,
163806.768,refuse,2,91,
163814.02,start,0,88,
163821.768,refuse,2,91,
163836.768,refuse,2,91,
163851.768,refuse,2,91,
163866.768,refuse,2,91,
163881.768,refuse,2,91,
163896.768,refuse,2,91,
163911.014,conflict-at-land,0,88,
163911.768,refuse,2,91,
163926.014,start,0,88,
163926.768,refuse,2,91,
163941.768,refuse,2,91,
163956.768,refuse,2,91,
163971.768,refuse,2,91,
163986.768,refuse,2,91,
164001.768,refuse,2,91,
164016.443,conflict-at-land,0,88,
164016.768,refuse,2,91,
164031.443,start,0,88,
164031.768,refuse,2,91,
164046.768,refuse,2,91,
164061.768,refuse,2,91,
164076.768,refuse,2,91,
164091.768,refuse,2,91,
164098.192,conflict-at-land,0,88,
164106.768,refuse,2,91,
164113.192,start,0,88,
164121.768,refuse,2,91,
164136.768,refuse,2,91,
164151.768,refuse,2,91,
164166.768,refuse,2,91,
164181.768,refuse,2,91,
164196.768,refuse,2,91,
164209.862,conflict-at-land,0,88,
164211.768,refuse,2,91,
164224.862,start,0,88,
164226.768,refuse,2,91,
164241.768,refuse,2,91,
164256.768,refuse,2,91,
164271.768,refuse,2,91,
164286.768,refuse,2,91,
164301.768,refuse,2,91,
164316.768,refuse,2,91,
164317.366,conflict-at-land,0,88,
164331.768,refuse,2,91,
164332.366,start,0,88,
164346.768,refuse,2,91,
164361.768,refuse,2,91,
164376.768,refuse,2,91,
164391.768,refuse,2,91,
164406.768,refuse,2,91,
164421.768,refuse,2,91,
164426.541,conflict-at-land,0,88,
164436.768,refuse,2,91,
164441.541,start,0,88,
164451.768,refuse,2,91,
164466.768,refuse,2,91,
164481.768,refuse,2,91,
164496.768,refuse,2,91,
164511.768,refuse,2,91,
164526.768,refuse,2,91,
164538.372,conflict-at-land,0,88,
164541.768,refuse,2,91,
164541.768,abandon,2,91,
164541.768,start,2,92,
164549.308,conflict-at-land,2,92,
164553.372,start,0,88,
164564.308,start,2,92,
164570.708,conflict-at-land,2,92,
164585.708,start,2,92,
164591.815,conflict-at-land,2,92,
164606.815,start,2,92,
164613.135,conflict-at-land,2,92,
164628.135,start,2,92,
164634.781,conflict-at-land,2,92,
164637.625,conflict-at-land,0,88,
164649.781,start,2,92,
164652.625,start,0,88,
164654.658,conflict-at-land,2,92,
164669.658,start,2,92,
164674.276,conflict-at-land,2,92,
164689.276,start,2,92,
164693.63,conflict-at-land,2,92,
164708.63,start,2,92,
164714.828,conflict-at-land,2,92,
164716.424,conflict-at-land,0,88,
164729.828,start,2,92,
164731.424,start,0,88,
164735.127,conflict-at-land,2,92,
164750.127,start,2,92,
164754.91,conflict-at-land,2,92,
164769.91,start,2,92,
164774.65,conflict-at-land,2,92,
164789.65,start,2,92,
164796.966,conflict-at-land,2,92,
164811.966,start,2,92,
164816.489,conflict-at-land,2,92,
164831.489,start,2,92,
164833.283,conflict-at-land,0,88,
164836.96,conflict-at-land,2,92,
164848.283,start,0,88,
164851.96,start,2,92,
164858.185,conflict-at-land,2,92,
164873.185,start,2,92,
164878.346,conflict-at-land,2,92,
164893.346,start,2,92,
164898.031,conflict-at-land,2,92,
164913.031,start,2,92,
164919.311,conflict-at-land,2,92,
164934.311,start,2,92,
164939.404,conflict-at-land,2,92,
164945.203,conflict-at-land,0,88,
164954.404,start,2,92,
164960.203,start,0,88,
164961.686,conflict-at-land,2,92,
164976.686,start,2,92,
164984.245,conflict-at-land,2,92,
164999.245,start,2,92,
165003.523,conflict-at-land,2,92,
165018.523,start,2,92,
165024.923,conflict-at-land,2,92,
165034.929,conflict-at-land,0,88,
165039.923,start,2,92,
165045.139,conflict-at-land,2,92,
165049.929,start,0,88,
165060.139,start,2,92,
165065.911,conflict-at-land,2,92,
165080.911,start,2,92,
165088.023,conflict-at-land,2,92,
165103.023,start,2,92,
165107.89,conflict-at-land,2,92,
165122.89,start,2,92,
165129.854,conflict-at-land,2,92,
165135.604,conflict-at-land,0,88,
165144.854,start,2,92,
165149.177,conflict-at-land,2,92,
165150.604,start,0,88,
165164.177,start,2,92,
165171.342,conflict-at-land,2,92,
165186.342,start,2,92,
165192.088,conflict-at-land,2,92,
165207.088,start,2,92,
165214.345,conflict-at-land,2,92,
165229.345,start,2,92,
165234.822,conflict-at-land,2,92,
165244.741,conflict-at-land,0,88,
165249.822,start,2,92,
165255.3,conflict-at-land,2,92,
165259.741,start,0,88,
165270.3,start,2,92,
165278.065,conflict-at-land,2,92,
165293.065,start,2,92,
165300.106,conflict-at-land,2,92,
165315.106,start,2,92,
165320.132,conflict-at-land,2,92,
165335.132,start,2,92,
165342.725,conflict-at-land,2,92,
165357.725,start,2,92,
165363.241,conflict-at-land,2,92,
165368.187,conflict-at-land,0,88,
165378.241,start,2,92,
165383.187,start,0,88,
165385.564,conflict-at-land,2,92,
165400.564,start,2,92,
165405.548,conflict-at-land,2,92,
165420.548,start,2,92,
165425.676,conflict-at-land,2,92,
165440.676,start,2,92,
165441.478,conflict-at-land,3,3,
165447.363,conflict-at-land,2,92,
165456.478,start,3,3,
165460.889,conflict-at-land,0,88,
165462.363,start,2,92,
165468.438,conflict-at-land,2,92,
165475.889,start,0,88,
165483.438,start,2,92,
165490.103,conflict-at-land,2,92,
165505.103,start,2,92,
165512.538,conflict-at-land,2,92,
165527.538,start,2,92,
165534.552,conflict-at-land,2,92,
165542.385,conflict-at-land,0,88,
165549.552,start,2,92,
165553.758,conflict-at-land,2,92,
165557.385,start,0,88,
165568.758,start,2,92,
165575.754,conflict-at-land,2,92,
165590.754,start,2,92,
165597.479,conflict-at-land,2,92,
165612.479,start,2,92,
165620.265,conflict-at-land,2,92,
165634.581,conflict-at-land,0,88,
165635.265,start,2,92,
165642.698,conflict-at-land,2,92,
165649.581,start,0,88,
165657.698,start,2,92,
165664.38,conflict-at-land,2,92,
165679.38,start,2,92,
165684.95,conflict-at-land,2,92,
165699.95,start,2,92,
165704.276,conflict-at-land,2,92,
165719.276,start,2,92,
165726.242,conflict-at-land,2,92,
165741.242,start,2,92,
165747.087,conflict-at-land,2,92,
165752.148,conflict-at-land,0,88,
165762.087,start,2,92,
165767.148,start,0,88,
165769.401,conflict-at-land,2,92,
165784.401,start,2,92,
165791.687,conflict-at-land,2,92,
165806.687,start,2,92,
165813.211,conflict-at-land,2,92,
165828.211,start,2,92,
165834.927,conflict-at-land,0,88,
165835.601,conflict-at-land,2,92,
165849.927,start,0,88,
165850.601,start,2,92,
165856.371,conflict-at-land,2,92,
165871.371,start,2,92,
165877.428,conflict-at-land,2,92,
165892.428,start,2,92,
165896.983,conflict-at-land,2,92,
165911.983,start,2,92,
165917.055,conflict-at-land,2,92,
165932.055,start,2,92,
165938.325,conflict-at-land,2,92,
165947.434,conflict-at-land,0,88,
165953.325,start,2,92,
165958.165,conflict-at-land,2,92,
165962.434,start,0,88,
165973.165,start,2,92,
165979.681,conflict-at-land,2,92,
165994.681,start,2,92,
166001.022,conflict-at-land,2,92,
166016.022,start,2,92,
166023.44,conflict-at-land,2,92,
166038.44,start,2,92,
166042.047,conflict-at-land,0,88,
166044.199,conflict-at-land,2,92,
166057.047,start,0,88,
166059.199,start,2,92,
166064.918,conflict-at-land,2,92,
166079.918,start,2,92,
166086.835,conflict-at-land,2,92,
166101.835,start,2,92,
166108.288,conflict-at-land,2,92,
166123.288,start,2,92,
166130.891,conflict-at-land,2,92,
166145.891,start,2,92,
166146.847,conflict-at-land,0,88,
166150.6,conflict-at-land,2,92,
166161.847,start,0,88,
166165.6,start,2,92,
166170.853,conflict-at-land,2,92,
166185.853,start,2,92,
166192.272,conflict-at-land,2,92,
166207.272,start,2,92,
166213.77,conflict-at-land,2,92,
166228.77,start,2,92,
166229.387,conflict-at-land,0,88,
166233.696,conflict-at-land,2,92,
166244.387,start,0,88,
166248.696,start,2,92,
166255.04,conflict-at-land,2,92,
166270.04,start,2,92,
166275.191,conflict-at-land,2,92,
166290.191,start,2,92,
166297.379,conflict-at-land,2,92,
166312.379,start,2,92,
166316.963,conflict-at-land,2,92,
166319.455,conflict-at-land,0,88,
166331.963,start,2,92,
166334.455,start,0,88,
166338.98,conflict-at-land,2,92,
166353.98,start,2,92,
166360.751,conflict-at-land,2,92,
166375.751,start,2,92,
166382.767,conflict-at-land,2,92,
166397.767,start,2,92,
166403.343,conflict-at-land,0,88,
166405.363,conflict-at-land,2,92,
166418.343,start,0,88,
166420.363,start,2,92,
166424.651,conflict-at-land,2,92,
166439.651,start,2,92,
166446.231,conflict-at-land,2,92,
166461.231,start,2,92,
166468.709,conflict-at-land,2,92,
166483.709,start,2,92,
166490.682,conflict-at-land,2,92,
166505.682,start,2,92,
166511.517,conflict-at-land,2,92,
166526.332,conflict-at-land,0,88,
166526.517,start,2,92,
166533.418,conflict-at-land,2,92,
166541.332,start,0,88,
166548.418,start,2,92,
166555.509,conflict-at-land,2,92,
166570.509,start,2,92,
166576.172,conflict-at-land,2,92,
166591.172,start,2,92,
166598.867,conflict-at-land,2,92,
166613.867,start,2,92,
166617.061,conflict-at-land,0,88,
166618.167,conflict-at-land,2,92,
166632.061,start,0,88,
166633.167,start,2,92,
166637.835,conflict-at-land,2,92,
166652.835,start,2,92,
166659.793,conflict-at-land,2,92,
166674.793,start,2,92,
166682.487,conflict-at-land,2,92,
166697.487,start,2,92,
166703.458,conflict-at-land,2,92,
166718.458,start,2,92,
166723.379,conflict-at-land,0,88,
166725.687,conflict-at-land,2,92,
166738.379,start,0,88,
166740.687,start,2,92,
166744.988,conflict-at-land,2,92,
166759.988,start,2,92,
166767.08,conflict-at-land,2,92,
166782.08,start,2,92,
166787.758,conflict-at-land,2,92,
166802.758,start,2,92,
166807.26,conflict-at-land,2,92,
166811.442,conflict-at-land,0,88,
166822.26,start,2,92,
166826.442,start,0,88,
166828.882,conflict-at-land,2,92,
166843.882,start,2,92,
166848.384,conflict-at-land,2,92,
166863.384,start,2,92,
166869.783,conflict-at-land,2,92,
166884.783,start,2,92,
166890.234,conflict-at-land,2,92,
166905.234,start,2,92,
166909.587,conflict-at-land,2,92,
166924.587,start,2,92,
166929.05,conflict-at-land,2,92,
166934.38,conflict-at-land,0,88,
166944.05,start,2,92,
166948.414,conflict-at-land,2,92,
166949.38,start,0,88,
166963.414,start,2,92,
166968.722,conflict-at-land,2,92,
166983.722,start,2,92,
166989.857,conflict-at-land,2,92,
167004.857,start,2,92,
167011.292,conflict-at-land,2,92,
167026.29,conflict-at-land,0,88,
167026.292,start,2,92,
167033.553,conflict-at-land,2,92,
167041.29,start,0,88,
167048.553,start,2,92,
167053.369,conflict-at-land,2,92,
167068.369,start,2,92,
167074.829,conflict-at-land,2,92,
167089.829,start,2,92,
167097.185,conflict-at-land,2,92,
167112.185,start,2,92,
167117.284,conflict-at-land,2,92,
167132.284,start,2,92,
167138.655,conflict-at-land,2,92,
167146.885,conflict-at-land,0,88,
167153.655,start,2,92,
167161.413,conflict-at-land,2,92,
167161.885,start,0,88,
167176.413,start,2,92,
167183.138,conflict-at-land,2,92,
167198.138,start,2,92,
167203.457,conflict-at-land,2,92,
167218.457,start,2,92,
167226.23,conflict-at-land,2,92,
167241.23,start,2,92,
167248.424,conflict-at-land,2,92,
167255.9,conflict-at-land,0,88,
167263.424,start,2,92,
167268.786,conflict-at-land,2,92,
167270.9,start,0,88,
167283.786,start,2,92,
167288.003,conflict-at-land,2,92,
167303.003,start,2,92,
167308.935,conflict-at-land,2,92,
167323.935,start,2,92,
167331.279,conflict-at-land,2,92,
167346.279,start,2,92,
167347.554,conflict-at-land,0,88,
167353.305,conflict-at-land,2,92,
167362.554,start,0,88,
167368.305,start,2,92,
167373.375,conflict-at-land,2,92,
167388.375,start,2,92,
167393.155,conflict-at-land,2,92,
167408.155,start,2,92,
167413.29,conflict-at-land,2,92,
167428.29,start,2,92,
167431.156,conflict-at-land,0,88,
167433.219,conflict-at-land,2,92,
167446.156,start,0,88,
167448.219,start,2,92,
167454.411,conflict-at-land,2,92,
167469.411,start,2,92,
167476.902,conflict-at-land,2,92,
167491.902,start,2,92,
167499.179,conflict-at-land,2,92,
167514.179,start,2,92,
167515.669,conflict-at-land,0,88,
167520.616,conflict-at-land,2,92,
167530.669,start,0,88,
167535.616,start,2,92,
167543.086,conflict-at-land,2,92,
167558.086,start,2,92,
167563.045,conflict-at-land,2,92,
167578.045,start,2,92,
167582.385,conflict-at-land,2,92,
167597.385,start,2,92,
167602.362,conflict-at-land,2,92,
167608.074,conflict-at-land,0,88,
167617.362,start,2,92,
167623.074,start,0,88,
167624.406,conflict-at-land,2,92,
167639.406,start,2,92,
167644.725,conflict-at-land,2,92,
167659.725,start,2,92,
167664.717,conflict-at-land,2,92,
167679.717,start,2,92,
167686.211,conflict-at-land,2,92,
167701.211,start,2,92,
167707.252,conflict-at-land,2,92,
167720.55,conflict-at-land,0,88,
167722.252,start,2,92,
167729.311,conflict-at-land,2,92,
167735.55,start,0,88,
167744.311,start,2,92,
167748.811,conflict-at-land,2,92,
167763.811,start,2,92,
167768.265,conflict-at-land,2,92,
167783.265,start,2,92,
167788.296,conflict-at-land,2,92,
167803.296,start,2,92,
167809.381,conflict-at-land,2,92,
167819.723,conflict-at-land,0,88,
167824.381,start,2,92,
167831.154,conflict-at-land,2,92,
167834.723,start,0,88,
167846.154,start,2,92,
167850.389,conflict-at-land,2,92,
167865.389,start,2,92,
167873.02,conflict-at-land,2,92,
167888.02,start,2,92,
167893.869,conflict-at-land,2,92,
167908.869,start,2,92,
167915.015,conflict-at-land,2,92,
167924.653,conflict-at-land,0,88,
167930.015,start,2,92,
167934.906,conflict-at-land,2,92,
167939.653,start,0,88,
167949.906,start,2,92,
167954.878,conflict-at-land,2,92,
167969.878,start,2,92,
167976.261,conflict-at-land,2,92,
167991.261,start,2,92,
167998.732,conflict-at-land,2,92,
168013.258,conflict-at-land,0,88,
168013.732,start,2,92,
168018.883,conflict-at-land,2,92,
168028.258,start,0,88,
168033.883,start,2,92,
168039.118,conflict-at-land,2,92,
168054.118,start,2,92,
168058.423,conflict-at-land,2,92,
168073.423,start,2,92,
168077.66,conflict-at-land,2,92,
168092.66,start,2,92,
168099.672,conflict-at-land,2,92,
168107.399,conflict-at-land,0,88,
168114.672,start,2,92,
168122.391,conflict-at-land,2,92,
168122.399,start,0,88,
168137.391,start,2,92,
168141.868,conflict-at-land,2,92,
168156.868,start,2,92,
168162.696,conflict-at-land,2,92,
168177.696,start,2,92,
168182.991,conflict-at-land,2,92,
168185.512,conflict-at-land,0,88,
168197.991,start,2,92,
168200.512,start,0,88,
168203.079,conflict-at-land,2,92,
168218.079,start,2,92,
168222.974,conflict-at-land,2,92,
168237.974,start,2,92,
168242.875,conflict-at-land,2,92,
168257.875,start,2,92,
168265.336,conflict-at-land,2,92,
168280.336,start,2,92,
168286.78,conflict-at-land,2,92,
168301.78,start,2,92,
168306.814,conflict-at-land,0,88,
168308.449,conflict-at-land,2,92,
168321.814,start,0,88,
168322.978,conflict-at-land,3,3,
168323.449,start,2,92,
168327.742,conflict-at-land,2,92,
168337.978,start,3,3,
168342.742,start,2,92,
168347.046,conflict-at-land,2,92,
168362.046,start,2,92,
168367.064,conflict-at-land,2,92,
168382.064,start,2,92,
168387.975,conflict-at-land,2,92,
168402.975,start,2,92,
168410.191,conflict-at-land,2,92,
168417.602,conflict-at-land,0,88,
168425.191,start,2,92,
168432.602,start,0,88,
168432.809,conflict-at-land,2,92,
168447.809,start,2,92,
168452.507,conflict-at-land,2,92,
168467.507,start,2,92,
168471.764,conflict-at-land,2,92,
168486.764,start,2,92,
168491.458,conflict-at-land,2,92,
168493.964,conflict-at-land,0,88,
168506.458,start,2,92,
168508.964,start,0,88,
168513.948,conflict-at-land,2,92,
168528.948,start,2,92,
168535.089,conflict-at-land,2,92,
168550.089,start,2,92,
168554.99,conflict-at-land,2,92,
168569.99,start,2,92,
168574.218,conflict-at-land,2,92,
168574.285,conflict-at-land,0,88,
168589.218,start,2,92,
168589.285,start,0,88,
168594.425,conflict-at-land,2,92,
168609.425,start,2,92,
168615.579,conflict-at-land,2,92,
168630.579,start,2,92,
168637.925,conflict-at-land,2,92,
168652.925,start,2,92,
168659.033,conflict-at-land,2,92,
168663.702,conflict-at-land,0,88,
168674.033,start,2,92,
168678.702,start,0,88,
168680.153,conflict-at-land,2,92,
168695.153,start,2,92,
168700.001,conflict-at-land,2,92,
168715.001,start,2,92,
168720.926,conflict-at-land,2,92,
168735.926,start,2,92,
168741.545,conflict-at-land,2,92,
168741.545,abandon,2,92,
168741.545,refuse,2,93,
168754.163,conflict-at-land,0,88,
168756.545,refuse,2,93,
168769.163,start,0,88,
168771.545,refuse,2,93,
168786.545,refuse,2,93,
168801.545,refuse,2,93,
168816.545,refuse,2,93,
168831.545,refuse,2,93,
168846.545,refuse,2,93,
168861.545,refuse,2,93,
168876.545,refuse,2,93,
168877.133,conflict-at-land,0,88,
168891.545,refuse,2,93,
168892.133,start,0,88,
168906.545,refuse,2,93,
168921.545,refuse,2,93,
168936.545,refuse,2,93,
168951.545,refuse,2,93,
168963.905,conflict-at-land,0,88,
168966.545,refuse,2,93,
168978.905,start,0,88,
168981.545,refuse,2,93,
168996.545,refuse,2,93,
169011.545,refuse,2,93,
169026.545,refuse,2,93,
169041.143,conflict-at-land,0,88,
169041.545,refuse,2,93,
169056.143,start,0,88,
169056.545,refuse,2,93,
169071.545,refuse,2,93,
169086.545,refuse,2,93,
169101.545,refuse,2,93,
169116.545,refuse,2,93,
169119.74,conflict-at-land,0,88,
169131.545,refuse,2,93,
169134.74,start,0,88,
169146.545,refuse,2,93,
169161.545,refuse,2,93,
169176.545,refuse,2,93,
169191.545,refuse,2,93,
169206.545,refuse,2,93,
169212.195,conflict-at-land,0,88,
169221.545,refuse,2,93,
169227.195,start,0,88,
169236.545,refuse,2,93,
169251.545,refuse,2,93,
169266.545,refuse,2,93,
169281.545,refuse,2,93,
169296.545,refuse,2,93,
169299.52,conflict-at-land,0,88,
169311.545,refuse,2,93,
169314.52,start,0,88,
169326.545,refuse,2,93,
169341.545,refuse,2,93,
169356.545,refuse,2,93,
169371.545,refuse,2,93,
169386.545,refuse,2,93,
169396.138,conflict-at-land,0,88,
169401.545,refuse,2,93,
169411.138,start,0,88,
169416.545,refuse,2,93,
169431.545,refuse,2,93,
169446.545,refuse,2,93,
169461.545,refuse,2,93,
169476.545,refuse,2,93,
169491.545,refuse,2,93,
169506.545,refuse,2,93,
169517.988,conflict-at-land,0,88,
169521.545,refuse,2,93,
169532.988,start,0,88,
169536.545,refuse,2,93,
169551.545,refuse,2,93,
169566.545,refuse,2,93,
169581.545,refuse,2,93,
169596.545,refuse,2,93,
169611.545,refuse,2,93,
169626.545,refuse,2,93,
169631.898,conflict-at-land,0,88,
169641.545,refuse,2,93,
169646.898,start,0,88,
169656.545,refuse,2,93,
169671.545,refuse,2,93,
169686.545,refuse,2,93,
169701.545,refuse,2,93,
169716.545,refuse,2,93,
169731.545,refuse,2,93,
169738.773,conflict-at-land,0,88,
169746.545,refuse,2,93,
169753.773,start,0,88,
169761.545,refuse,2,93,
169776.545,refuse,2,93,
169791.545,refuse,2,93,
169806.545,refuse,2,93,
169821.545,refuse,2,93,
169836.545,refuse,2,93,
169851.545,refuse,2,93,
169858.101,conflict-at-land,0,88,
169866.545,refuse,2,93,
169873.101,start,0,88,
169881.545,refuse,2,93,
169896.545,refuse,2,93,
169911.545,refuse,2,93,
169926.545,refuse,2,93,
169941.545,refuse,2,93,
169956.545,refuse,2,93,
169971.545,refuse,2,93,
169979.888,conflict-at-land,0,88,
169986.545,refuse,2,93,
169994.888,start,0,88,
170001.545,refuse,2,93,
170016.545,refuse,2,93,
170031.545,refuse,2,93,
170046.545,refuse,2,93,
170059.178,conflict-at-land,0,88,
170061.545,refuse,2,93,
170074.178,start,0,88,
170076.545,refuse,2,93,
170091.545,refuse,2,93,
170106.545,refuse,2,93,
170121.545,refuse,2,93,
170136.545,refuse,2,93,
170151.545,refuse,2,93,
170166.545,refuse,2,93,
170171.051,conflict-at-land,0,88,
170181.545,refuse,2,93,
170186.051,start,0,88,
170196.545,refuse,2,93,
170211.545,refuse,2,93,
170226.545,refuse,2,93,
170241.545,refuse,2,93,
170253.795,conflict-at-land,0,88,
170256.545,refuse,2,93,
170268.795,start,0,88,
170271.545,refuse,2,93,
170286.545,refuse,2,93,
170301.545,refuse,2,93,
170316.545,refuse,2,93,
170331.545,refuse,2,93,
170346.545,refuse,2,93,
170351.137,conflict-at-land,0,88,
170361.545,refuse,2,93,
170366.137,start,0,88,
170376.545,refuse,2,93,
170391.545,refuse,2,93,
170406.545,refuse,2,93,
170421.545,refuse,2,93,
170436.545,refuse,2,93,
170447.375,conflict-at-land,0,88,
170451.545,refuse,2,93,
170462.375,start,0,88,
170466.545,refuse,2,93,
170481.545,refuse,2,93,
170496.545,refuse,2,93,
170511.545,refuse,2,93,
170526.545,refuse,2,93,
170537.452,conflict-at-land,0,88,
170541.545,refuse,2,93,
170552.452,start,0,88,
170556.545,refuse,2,93,
170571.545,refuse,2,93,
170586.545,refuse,2,93,
170601.545,refuse,2,93,
170615.669,conflict-at-land,0,88,
170616.545,refuse,2,93,
170630.669,start,0,88,
170631.545,refuse,2,93,
170646.545,refuse,2,93,
170661.545,refuse,2,93,
170676.545,refuse,2,93,
170691.545,refuse,2,93,
170701.711,conflict-at-land,0,88,
170706.545,refuse,2,93,
170716.711,start,0,88,
170721.545,refuse,2,93,
170736.545,refuse,2,93,
170751.545,refuse,2,93,
170766.545,refuse,2,93,
170781.545,refuse,2,93,
170796.545,refuse,2,93,
170811.545,refuse,2,93,
170814.483,conflict-at-land,0,88,
170826.545,refuse,2,93,
170829.483,start,0,88,
170841.545,refuse,2,93,
170856.545,refuse,2,93,
170871.545,refuse,2,93,
170886.545,refuse,2,93,
170901.545,refuse,2,93,
170916.545,refuse,2,93,
170931.545,refuse,2,93,
170940.356,conflict-at-land,0,88,
170946.545,refuse,2,93,
170955.356,start,0,88,
170961.545,refuse,2,93,
170976.545,refuse,2,93,
170991.545,refuse,2,93,
171006.545,refuse,2,93,
171021.545,refuse,2,93,
171036.545,refuse,2,93,
171051.545,refuse,2,93,
171063.735,conflict-at-land,0,88,
171066.545,refuse,2,93,
171078.735,start,0,88,
171081.545,refuse,2,93,
171096.545,refuse,2,93,
171111.545,refuse,2,93,
171126.545,refuse,2,93,
171140.83,conflict-at-land,0,88,
171141.545,refuse,2,93,
171155.83,start,0,88,
171156.545,refuse,2,93,
171171.545,refuse,2,93,
171186.545,refuse,2,93,
171201.545,refuse,2,93,
171202.316,conflict-at-land,3,3,
171216.545,refuse,2,93,
171217.316,start,3,3,
171231.545,refuse,2,93,
171246.461,conflict-at-land,0,88,
171246.545,refuse,2,93,
171261.461,start,0,88,
171261.545,refuse,2,93,
171276.545,refuse,2,93,
171291.545,refuse,2,93,
171306.545,refuse,2,93,
171321.545,refuse,2,93,
171336.545,refuse,2,93,
171349.551,conflict-at-land,0,88,
171351.545,refuse,2,93,
171364.551,start,0,88,
171366.545,refuse,2,93,
171381.545,refuse,2,93,
171396.545,refuse,2,93,
171411.545,refuse,2,93,
171426.545,refuse,2,93,
171441.545,refuse,2,93,
171453.303,conflict-at-land,0,88,
171456.545,refuse,2,93,
171468.303,start,0,88,
171471.545,refuse,2,93,
171486.545,refuse,2,93,
171501.545,refuse,2,93,
171516.545,refuse,2,93,
171531.545,refuse,2,93,
171537.68,conflict-at-land,0,88,
171546.545,refuse,2,93,
171552.68,start,0,88,
171561.545,refuse,2,93,
171576.545,refuse,2,93,
171591.545,refuse,2,93,
171606.545,refuse,2,93,
171618.17,conflict-at-land,0,88,
171621.545,refuse,2,93,
171633.17,start,0,88,
171636.545,refuse,2,93,
171651.545,refuse,2,93,
171666.545,refuse,2,93,
171681.545,refuse,2,93,
171696.545,refuse,2,93,
171711.545,refuse,2,93,
171719.148,conflict-at-land,0,88,
171726.545,refuse,2,93,
171734.148,start,0,88,
171741.545,refuse,2,93,
171741.545,abandon,2,93,
171741.545,start,2,94,
171748.773,land,2,94,
171748.773,start,2,95,
171763.571,land,2,95,
171763.571,start,2,96,
171772.078,land,2,96,
171772.078,start,2,97,
171786.244,land,2,97,
171786.244,start,2,98,
171797.794,conflict-at-land,0,88,
171804.292,land,2,98,
171804.292,start,2,99,
171812.794,start,0,88,
171828.179,land,2,99,
171828.179,start,2,100,
171834.089,land,2,100,
171834.089,start,2,101,
171846.166,land,2,101,
171846.166,start,2,102,
171860.461,land,2,102,
171860.461,start,2,103,
171904.344,conflict-at-land,0,88,
171919.344,start,0,88,
172022.648,conflict-at-land,0,88,
172035.145,land,2,103,
172035.145,refuse,2,104,
172037.648,start,0,88,
172050.145,refuse,2,104,
172065.145,refuse,2,104,
172080.145,refuse,2,104,
172095.145,refuse,2,104,
172110.145,refuse,2,104,
172125.145,refuse,2,104,
172140.145,refuse,2,104,
172147.361,conflict-at-land,0,88,
172155.145,refuse,2,104,
172162.361,start,0,88,
172170.145,refuse,2,104,
172185.145,refuse,2,104,
172200.145,refuse,2,104,
172215.145,refuse,2,104,
172230.145,refuse,2,104,
172245.145,refuse,2,104,
172260.145,refuse,2,104,
172273.889,conflict-at-land,0,88,
172275.145,refuse,2,104,
172288.889,start,0,88,
172290.145,refuse,2,104,
172305.145,refuse,2,104,
172320.145,refuse,2,104,
172335.145,refuse,2,104,
172350.145,refuse,2,104,
172365.145,refuse,2,104,
172380.145,refuse,2,104,
172384.378,conflict-at-land,0,88,
172395.145,refuse,2,104,
172399.378,start,0,88,
172410.145,refuse,2,104,
172425.145,refuse,2,104,
172440.145,refuse,2,104,
172455.145,refuse,2,104,
172470.145,refuse,2,104,
172485.145,refuse,2,104,
172500.145,refuse,2,104,
172505.842,conflict-at-land,0,88,
172515.145,refuse,2,104,
172520.842,start,0,88,
172530.145,refuse,2,104,
172545.145,refuse,2,104,
172560.145,refuse,2,104,
172575.145,refuse,2,104,
172585.054,conflict-at-land,0,88,
172590.145,refuse,2,104,
172600.054,start,0,88,
172605.145,refuse,2,104,
172620.145,refuse,2,104,
172635.145,refuse,2,104,
172650.145,refuse,2,104,
172665.145,refuse,2,104,
172678.592,conflict-at-land,0,88,
172680.145,refuse,2,104,
172693.592,start,0,88,
172695.145,refuse,2,104,
172710.145,refuse,2,104,
172725.145,refuse,2,104,
172740.145,refuse,2,104,
172755.145,refuse,2,104,
172770.145,refuse,2,104,
172779.279,conflict-at-land,0,88,
172785.145,refuse,2,104,
172794.279,start,0,88,
172800.145,refuse,2,104,
172815.145,refuse,2,104,
172830.145,refuse,2,104,
172845.145,refuse,2,104,
172860.145,refuse,2,104,
172875.145,refuse,2,104,
172881.916,conflict-at-land,0,88,
172890.145,refuse,2,104,
172896.916,start,0,88,
172905.145,refuse,2,104,
172920.145,refuse,2,104,
172935.145,refuse,2,104,
172950.145,refuse,2,104,
172965.145,refuse,2,104,
172977.003,conflict-at-land,0,88,
172977.003,abandon,0,88,
172977.003,refuse,0,105,
172980.145,refuse,2,104,
172992.003,refuse,0,105,
172995.145,refuse,2,104,
173007.003,refuse,0,105,
173010.145,refuse,2,104,
173022.003,refuse,0,105,
173025.145,refuse,2,104,
173030.235,conflict-at-land,3,3,
173037.003,refuse,0,105,
173040.145,refuse,2,104,
173045.235,start,3,3,
173052.003,refuse,0,105,
173055.145,refuse,2,104,
173067.003,refuse,0,105,
173070.145,refuse,2,104,
173082.003,refuse,0,105,
173085.145,refuse,2,104,
173097.003,refuse,0,105,
173100.145,refuse,2,104,
173112.003,refuse,0,105,
173115.145,refuse,2,104,
173127.003,refuse,0,105,
173130.145,refuse,2,104,
173142.003,refuse,0,105,
173145.145,refuse,2,104,
173157.003,refuse,0,105,
173160.145,refuse,2,104,
173172.003,refuse,0,105,
173175.145,refuse,2,104,
173187.003,refuse,0,105,
173190.145,refuse,2,104,
173202.003,refuse,0,105,
173205.145,refuse,2,104,
173217.003,refuse,0,105,
173220.145,refuse,2,104,
173232.003,refuse,0,105,
173235.145,refuse,2,104,
173247.003,refuse,0,105,
173250.145,refuse,2,104,
173262.003,refuse,0,105,
173265.145,refuse,2,104,
173277.003,refuse,0,105,
173280.145,refuse,2,104,
173292.003,refuse,0,105,
173295.145,refuse,2,104,
173307.003,refuse,0,105,
173310.145,refuse,2,104,
173322.003,refuse,0,105,
173325.145,refuse,2,104,
173337.003,refuse,0,105,
173340.145,refuse,2,104,
173352.003,refuse,0,105,
173355.145,refuse,2,104,
173367.003,refuse,0,105,
173370.145,refuse,2,104,
173382.003,refuse,0,105,
173385.145,refuse,2,104,
173397.003,refuse,0,105,
173400.145,refuse,2,104,
173412.003,refuse,0,105,
173415.145,refuse,2,104,
173427.003,refuse,0,105,
173430.145,refuse,2,104,
173442.003,refuse,0,105,
173445.145,refuse,2,104,
173457.003,refuse,0,105,
173460.145,refuse,2,104,
173472.003,refuse,0,105,
173475.145,refuse,2,104,
173487.003,refuse,0,105,
173490.145,refuse,2,104,
173502.003,refuse,0,105,
173505.145,refuse,2,104,
173517.003,refuse,0,105,
173520.145,refuse,2,104,
173532.003,refuse,0,105,
173535.145,refuse,2,104,
173547.003,refuse,0,105,
173550.145,refuse,2,104,
173562.003,refuse,0,105,
173565.145,refuse,2,104,
173577.003,refuse,0,105,
173580.145,refuse,2,104,
173592.003,refuse,0,105,
173595.145,refuse,2,104,
173607.003,refuse,0,105,
173610.145,refuse,2,104,
173622.003,refuse,0,105,
173625.145,refuse,2,104,
173637.003,refuse,0,105,
173640.145,refuse,2,104,
173652.003,refuse,0,105,
173655.145,refuse,2,104,
173667.003,refuse,0,105,
173670.145,refuse,2,104,
173682.003,refuse,0,105,
173685.145,refuse,2,104,
173697.003,refuse,0,105,
173700.145,refuse,2,104,
173712.003,refuse,0,105,
173715.145,refuse,2,104,
173727.003,refuse,0,105,
173730.145,refuse,2,104,
173742.003,refuse,0,105,
173745.145,refuse,2,104,
173757.003,refuse,0,105,
173760.145,refuse,2,104,
173772.003,refuse,0,105,
173775.145,refuse,2,104,
173787.003,refuse,0,105,
173790.145,refuse,2,104,
173802.003,refuse,0,105,
173805.145,refuse,2,104,
173817.003,refuse,0,105,
173820.145,refuse,2,104,
173832.003,refuse,0,105,
173835.145,refuse,2,104,
173847.003,refuse,0,105,
173850.145,refuse,2,104,
173862.003,refuse,0,105,
173865.145,refuse,2,104,
173877.003,refuse,0,105,
173880.145,refuse,2,104,
173892.003,refuse,0,105,
173895.145,refuse,2,104,
173907.003,refuse,0,105,
173910.145,refuse,2,104,
173922.003,refuse,0,105,
173925.145,refuse,2,104,
173937.003,refuse,0,105,
173940.145,refuse,2,104,
173952.003,refuse,0,105,
173955.145,refuse,2,104,
173967.003,refuse,0,105,
173970.145,refuse,2,104,
173982.003,refuse,0,105,
173985.145,refuse,2,104,
173997.003,refuse,0,105,
174000.145,refuse,2,104,
174012.003,refuse,0,105,
174015.145,refuse,2,104,
174027.003,refuse,0,105,
174030.145,refuse,2,104,
174042.003,refuse,0,105,
174045.145,refuse,2,104,
174057.003,refuse,0,105,
174060.145,refuse,2,104,
174072.003,refuse,0,105,
174075.145,refuse,2,104,
174087.003,refuse,0,105,
174090.145,refuse,2,104,
174102.003,refuse,0,105,
174105.145,refuse,2,104,
174117.003,refuse,0,105,
174120.145,refuse,2,104,
174132.003,refuse,0,105,
174135.145,refuse,2,104,
174147.003,refuse,0,105,
174150.145,refuse,2,104,
174162.003,refuse,0,105,
174165.145,refuse,2,104,
174177.003,refuse,0,105,
174180.145,refuse,2,104,
174192.003,refuse,0,105,
174195.145,refuse,2,104,
174207.003,refuse,0,105,
174210.145,refuse,2,104,
174222.003,refuse,0,105,
174225.145,refuse,2,104,
174237.003,refuse,0,105,
174240.145,refuse,2,104,
174252.003,refuse,0,105,
174255.145,refuse,2,104,
174267.003,refuse,0,105,
174270.145,refuse,2,104,
174282.003,refuse,0,105,
174285.145,refuse,2,104,
174297.003,refuse,0,105,
174300.145,refuse,2,104,
174312.003,refuse,0,105,
174315.145,refuse,2,104,
174327.003,refuse,0,105,
174330.145,refuse,2,104,
174342.003,refuse,0,105,
174345.145,refuse,2,104,
174357.003,refuse,0,105,
174360.145,refuse,2,104,
174372.003,refuse,0,105,
174375.145,refuse,2,104,
174387.003,refuse,0,105,
174390.145,refuse,2,104,
174402.003,refuse,0,105,
174405.145,refuse,2,104,
174417.003,refuse,0,105,
174420.145,refuse,2,104,
174432.003,refuse,0,105,
174435.145,refuse,2,104,
174447.003,refuse,0,105,
174450.145,refuse,2,104,
174462.003,refuse,0,105,
174465.145,refuse,2,104,
174477.003,refuse,0,105,
174480.145,refuse,2,104,
174492.003,refuse,0,105,
174495.145,refuse,2,104,
174507.003,refuse,0,105,
174510.145,refuse,2,104,
174522.003,refuse,0,105,
174525.145,refuse,2,104,
174537.003,refuse,0,105,
174540.145,refuse,2,104,
174552.003,refuse,0,105,
174555.145,refuse,2,104,
174567.003,refuse,0,105,
174570.145,refuse,2,104,
174582.003,refuse,0,105,
174585.145,refuse,2,104,
174597.003,refuse,0,105,
174600.145,refuse,2,104,
174612.003,refuse,0,105,
174615.145,refuse,2,104,
174627.003,refuse,0,105,
174630.145,refuse,2,104,
174642.003,refuse,0,105,
174645.145,refuse,2,104,
174657.003,refuse,0,105,
174660.145,refuse,2,104,
174672.003,refuse,0,105,
174675.145,refuse,2,104,
174687.003,refuse,0,105,
174690.145,refuse,2,104,
174702.003,refuse,0,105,
174705.145,refuse,2,104,
174717.003,refuse,0,105,
174720.145,refuse,2,104,
174732.003,refuse,0,105,
174735.145,refuse,2,104,
174747.003,refuse,0,105,
174750.145,refuse,2,104,
174762.003,refuse,0,105,
174765.145,refuse,2,104,
174777.003,refuse,0,105,
174780.145,refuse,2,104,
174792.003,refuse,0,105,
174795.145,refuse,2,104,
174807.003,refuse,0,105,
174810.145,refuse,2,104,
174822.003,refuse,0,105,
174825.145,refuse,2,104,
174837.003,refuse,0,105,
174840.145,refuse,2,104,
174852.003,refuse,0,105,
174855.145,refuse,2,104,
174867.003,refuse,0,105,
174870.145,refuse,2,104,
174882.003,refuse,0,105,
174885.145,refuse,2,104,
174897.003,refuse,0,105,
174900.145,refuse,2,104,
174912.003,refuse,0,105,
174915.145,refuse,2,104,
174927.003,refuse,0,105,
174930.145,refuse,2,104,
174942.003,refuse,0,105,
174945.145,refuse,2,104,
174957.003,refuse,0,105,
174960.145,refuse,2,104,
174972.003,refuse,0,105,
174975.145,refuse,2,104,
174987.003,refuse,0,105,
174990.145,refuse,2,104,
175002.003,refuse,0,105,
175005.145,refuse,2,104,
175017.003,refuse,0,105,
175020.145,refuse,2,104,
175032.003,refuse,0,105,
175035.145,refuse,2,104,
175035.145,abandon,2,104,
175035.145,refuse,2,106,
175047.003,refuse,0,105,
175050.145,refuse,2,106,
175062.003,refuse,0,105,
175065.145,refuse,2,106,
175077.003,refuse,0,105,
175080.145,refuse,2,106,
175092.003,refuse,0,105,
175095.145,refuse,2,106,
175107.003,refuse,0,105,
175110.145,refuse,2,106,
175122.003,refuse,0,105,
175125.145,refuse,2,106,
175137.003,refuse,0,105,
175140.145,refuse,2,106,
175152.003,refuse,0,105,
175155.145,refuse,2,106,
175167.003,refuse,0,105,
175170.145,refuse,2,106,
175182.003,refuse,0,105,
175185.145,refuse,2,106,
175197.003,refuse,0,105,
175200.145,refuse,2,106,
175212.003,refuse,0,105,
175215.145,refuse,2,106,
175227.003,refuse,0,105,
175230.145,refuse,2,106,
175242.003,refuse,0,105,
175245.145,refuse,2,106,
175257.003,refuse,0,105,
175260.145,refuse,2,106,
175272.003,refuse,0,105,
175275.145,refuse,2,106,
175287.003,refuse,0,105,
175290.145,refuse,2,106,
175302.003,refuse,0,105,
175305.145,refuse,2,106,
175317.003,refuse,0,105,
175320.145,refuse,2,106,
175332.003,refuse,0,105,
175335.145,refuse,2,106,
175347.003,refuse,0,105,
175350.145,refuse,2,106,
175362.003,refuse,0,105,
175365.145,refuse,2,106,
175377.003,refuse,0,105,
175380.145,refuse,2,106,
175392.003,refuse,0,105,
175395.145,refuse,2,106,
175407.003,refuse,0,105,
175410.145,refuse,2,106,
175422.003,refuse,0,105,
175425.145,refuse,2,106,
175437.003,refuse,0,105,
175440.145,refuse,2,106,
175452.003,refuse,0,105,
175455.145,refuse,2,106,
175467.003,refuse,0,105,
175470.145,refuse,2,106,
175482.003,refuse,0,105,
175485.145,refuse,2,106,
175497.003,refuse,0,105,
175500.145,refuse,2,106,
175512.003,refuse,0,105,
175515.145,refuse,2,106,
175527.003,refuse,0,105,
175530.145,refuse,2,106,
175542.003,refuse,0,105,
175545.145,refuse,2,106,
175557.003,refuse,0,105,
175560.145,refuse,2,106,
175572.003,refuse,0,105,
175575.145,refuse,2,106,
175587.003,refuse,0,105,
175590.145,refuse,2,106,
175602.003,refuse,0,105,
175605.145,refuse,2,106,
175617.003,refuse,0,105,
175620.145,refuse,2,106,
175632.003,refuse,0,105,
175635.145,refuse,2,106,
175647.003,refuse,0,105,
175650.145,refuse,2,106,
175662.003,refuse,0,105,
175665.145,refuse,2,106,
175677.003,refuse,0,105,
175680.145,refuse,2,106,
175692.003,refuse,0,105,
175694.603,conflict-at-land,3,3,
175695.145,refuse,2,106,
175707.003,refuse,0,105,
175709.603,start,3,3,
175710.145,refuse,2,106,
175722.003,refuse,0,105,
175725.145,refuse,2,106,
175737.003,refuse,0,105,
175740.145,refuse,2,106,
175752.003,refuse,0,105,
175755.145,refuse,2,106,
175767.003,refuse,0,105,
175770.145,refuse,2,106,
175782.003,refuse,0,105,
175785.145,refuse,2,106,
175797.003,refuse,0,105,
175800.145,refuse,2,106,
175812.003,refuse,0,105,
175815.145,refuse,2,106,
175827.003,refuse,0,105,
175830.145,refuse,2,106,
175842.003,refuse,0,105,
175845.145,refuse,2,106,
175857.003,refuse,0,105,
175860.145,refuse,2,106,
175872.003,refuse,0,105,
175875.145,refuse,2,106,
175887.003,refuse,0,105,
175890.145,refuse,2,106,
175902.003,refuse,0,105,
175905.145,refuse,2,106,
175917.003,refuse,0,105,
175920.145,refuse,2,106,
175932.003,refuse,0,105,
175935.145,refuse,2,106,
175947.003,refuse,0,105,
175950.145,refuse,2,106,
175962.003,refuse,0,105,
175965.145,refuse,2,106,
175977.003,refuse,0,105,
175977.003,abandon,0,105,
175977.003,refuse,0,107,
175980.145,refuse,2,106,
175992.003,refuse,0,107,
175995.145,refuse,2,106,
176007.003,refuse,0,107,
176010.145,refuse,2,106,
176022.003,refuse,0,107,
176025.145,refuse,2,106,
176037.003,refuse,0,107,
176040.145,refuse,2,106,
176052.003,refuse,0,107,
176055.145,refuse,2,106,
176067.003,refuse,0,107,
176070.145,refuse,2,106,
176082.003,refuse,0,107,
176085.145,refuse,2,106,
176097.003,refuse,0,107,
176100.145,refuse,2,106,
176112.003,refuse,0,107,
176115.145,refuse,2,106,
176127.003,refuse,0,107,
176130.145,refuse,2,106,
176142.003,refuse,0,107,
176145.145,refuse,2,106,
176157.003,refuse,0,107,
176160.145,refuse,2,106,
176172.003,refuse,0,107,
176175.145,refuse,2,106,
176187.003,refuse,0,107,
176190.145,refuse,2,106,
176202.003,refuse,0,107,
176205.145,refuse,2,106,
176217.003,refuse,0,107,
176220.145,refuse,2,106,
176232.003,refuse,0,107,
176235.145,refuse,2,106,
176247.003,refuse,0,107,
176250.145,refuse,2,106,
176262.003,refuse,0,107,
176265.145,refuse,2,106,
176277.003,refuse,0,107,
176280.145,refuse,2,106,
176292.003,refuse,0,107,
176295.145,refuse,2,106,
176307.003,refuse,0,107,
176310.145,refuse,2,106,
176322.003,refuse,0,107,
176325.145,refuse,2,106,
176337.003,refuse,0,107,
176340.145,refuse,2,106,
176352.003,refuse,0,107,
176355.145,refuse,2,106,
176367.003,refuse,0,107,
176370.145,refuse,2,106,
176382.003,refuse,0,107,
176385.145,refuse,2,106,
176397.003,refuse,0,107,
176400.145,refuse,2,106,
176412.003,refuse,0,107,
176415.145,refuse,2,106,
176427.003,refuse,0,107,
176430.145,refuse,2,106,
176442.003,refuse,0,107,
176445.145,refuse,2,106,
176457.003,refuse,0,107,
176460.145,refuse,2,106,
176472.003,refuse,0,107,
176475.145,refuse,2,106,
176487.003,refuse,0,107,
176490.145,refuse,2,106,
176502.003,refuse,0,107,
176505.145,refuse,2,106,
176517.003,refuse,0,107,
176520.145,refuse,2,106,
176532.003,refuse,0,107,
176535.145,refuse,2,106,
176547.003,refuse,0,107,
176550.145,refuse,2,106,
176562.003,refuse,0,107,
176565.145,refuse,2,106,
176577.003,refuse,0,107,
176580.145,refuse,2,106,
176592.003,refuse,0,107,
176595.145,refuse,2,106,
176607.003,refuse,0,107,
176610.145,refuse,2,106,
176622.003,refuse,0,107,
176625.145,refuse,2,106,
176637.003,refuse,0,107,
176640.145,refuse,2,106,
176652.003,refuse,0,107,
176655.145,refuse,2,106,
176667.003,refuse,0,107,
176670.145,refuse,2,106,
176682.003,refuse,0,107,
176685.145,refuse,2,106,
176697.003,refuse,0,107,
176700.145,refuse,2,106,
176712.003,refuse,0,107,
176715.145,refuse,2,106,
176727.003,refuse,0,107,
176730.145,refuse,2,106,
176742.003,refuse,0,107,
176745.145,refuse,2,106,
176757.003,refuse,0,107,
176760.145,refuse,2,106,
176772.003,refuse,0,107,
176775.145,refuse,2,106,
176787.003,refuse,0,107,
176790.145,refuse,2,106,
176802.003,refuse,0,107,
176805.145,refuse,2,106,
176817.003,refuse,0,107,
176820.145,refuse,2,106,
176832.003,refuse,0,107,
176835.145,refuse,2,106,
176847.003,refuse,0,107,
176850.145,refuse,2,106,
176862.003,refuse,0,107,
176865.145,refuse,2,106,
176877.003,refuse,0,107,
176880.145,refuse,2,106,
176892.003,refuse,0,107,
176895.145,refuse,2,106,
176907.003,refuse,0,107,
176910.145,refuse,2,106,
176922.003,refuse,0,107,
176925.145,refuse,2,106,
176937.003,refuse,0,107,
176940.145,refuse,2,106,
176952.003,refuse,0,107,
176955.145,refuse,2,106,
176967.003,refuse,0,107,
176970.145,refuse,2,106,
176982.003,refuse,0,107,
176985.145,refuse,2,106,
176997.003,refuse,0,107,
177000.145,refuse,2,106,
177012.003,refuse,0,107,
177015.145,refuse,2,106,
177027.003,refuse,0,107,
177030.145,refuse,2,106,
177042.003,refuse,0,107,
177045.145,refuse,2,106,
177057.003,refuse,0,107,
177060.145,refuse,2,106,
177072.003,refuse,0,107,
177075.145,refuse,2,106,
177087.003,refuse,0,107,
177090.145,refuse,2,106,
177102.003,refuse,0,107,
177105.145,refuse,2,106,
177117.003,refuse,0,107,
177120.145,refuse,2,106,
177132.003,refuse,0,107,
177135.145,refuse,2,106,
177147.003,refuse,0,107,
177150.145,refuse,2,106,
177162.003,refuse,0,107,
177165.145,refuse,2,106,
177177.003,refuse,0,107,
177180.145,refuse,2,106,
177192.003,refuse,0,107,
177195.145,refuse,2,106,
177207.003,refuse,0,107,
177210.145,refuse,2,106,
177222.003,refuse,0,107,
177225.145,refuse,2,106,
177237.003,refuse,0,107,
177240.145,refuse,2,106,
177252.003,refuse,0,107,
177255.145,refuse,2,106,
177267.003,refuse,0,107,
177270.145,refuse,2,106,
177282.003,refuse,0,107,
177285.145,refuse,2,106,
177297.003,refuse,0,107,
177300.145,refuse,2,106,
177312.003,refuse,0,107,
177315.145,refuse,2,106,
177327.003,refuse,0,107,
177330.145,refuse,2,106,
177342.003,refuse,0,107,
177345.145,refuse,2,106,
177357.003,refuse,0,107,
177360.145,refuse,2,106,
177372.003,refuse,0,107,
177375.145,refuse,2,106,
177387.003,refuse,0,107,
177390.145,refuse,2,106,
177402.003,refuse,0,107,
177405.145,refuse,2,106,
177417.003,refuse,0,107,
177420.145,refuse,2,106,
177432.003,refuse,0,107,
177435.145,refuse,2,106,
177447.003,refuse,0,107,
177450.145,refuse,2,106,
177462.003,refuse,0,107,
177465.145,refuse,2,106,
177477.003,refuse,0,107,
177480.145,refuse,2,106,
177492.003,refuse,0,107,
177495.145,refuse,2,106,
177507.003,refuse,0,107,
177510.145,refuse,2,106,
177522.003,refuse,0,107,
177525.145,refuse,2,106,
177537.003,refuse,0,107,
177540.145,refuse,2,106,
177552.003,refuse,0,107,
177555.145,refuse,2,106,
177567.003,refuse,0,107,
177570.145,refuse,2,106,
177582.003,refuse,0,107,
177585.145,refuse,2,106,
177597.003,refuse,0,107,
177600.145,refuse,2,106,
177612.003,refuse,0,107,
177615.145,refuse,2,106,
177627.003,refuse,0,107,
177630.145,refuse,2,106,
177642.003,refuse,0,107,
177645.145,refuse,2,106,
177657.003,refuse,0,107,
177660.145,refuse,2,106,
177672.003,refuse,0,107,
177675.145,refuse,2,106,
177687.003,refuse,0,107,
177690.145,refuse,2,106,
177702.003,refuse,0,107,
177705.145,refuse,2,106,
177717.003,refuse,0,107,
177720.145,refuse,2,106,
177732.003,refuse,0,107,
177735.145,refuse,2,106,
177747.003,refuse,0,107,
177750.145,refuse,2,106,
177762.003,refuse,0,107,
177765.145,refuse,2,106,
177777.003,refuse,0,107,
177780.145,refuse,2,106,
177792.003,refuse,0,107,
177795.145,refuse,2,106,
177807.003,refuse,0,107,
177810.145,refuse,2,106,
177822.003,refuse,0,107,
177825.145,refuse,2,106,
177837.003,refuse,0,107,
177840.145,refuse,2,106,
177852.003,refuse,0,107,
177855.145,refuse,2,106,
177867.003,refuse,0,107,
177870.145,refuse,2,106,
177882.003,refuse,0,107,
177885.145,refuse,2,106,
177897.003,refuse,0,107,
177900.145,refuse,2,106,
177912.003,refuse,0,107,
177915.145,refuse,2,106,
177927.003,refuse,0,107,
177930.145,refuse,2,106,
177942.003,refuse,0,107,
177945.145,refuse,2,106,
177957.003,refuse,0,107,
177960.145,refuse,2,106,
177972.003,refuse,0,107,
177975.145,refuse,2,106,
177987.003,refuse,0,107,
177990.145,refuse,2,106,
178002.003,refuse,0,107,
178005.145,refuse,2,106,
178017.003,refuse,0,107,
178020.145,refuse,2,106,
178032.003,refuse,0,107,
178035.145,refuse,2,106,
178035.145,abandon,2,106,
178035.145,refuse,2,108,
178045.556,conflict-at-land,3,3,
178047.003,refuse,0,107,
178050.145,refuse,2,108,
178060.556,start,3,3,
178062.003,refuse,0,107,
178065.145,refuse,2,108,
178077.003,refuse,0,107,
178080.145,refuse,2,108,
178092.003,refuse,0,107,
178095.145,refuse,2,108,
178107.003,refuse,0,107,
178110.145,refuse,2,108,
178122.003,refuse,0,107,
178125.145,refuse,2,108,
178137.003,refuse,0,107,
178140.145,refuse,2,108,
178152.003,refuse,0,107,
178155.145,refuse,2,108,
178167.003,refuse,0,107,
178170.145,refuse,2,108,
178182.003,refuse,0,107,
178185.145,refuse,2,108,
178197.003,refuse,0,107,
178200.145,refuse,2,108,
178212.003,refuse,0,107,
178215.145,refuse,2,108,
178227.003,refuse,0,107,
178230.145,refuse,2,108,
178242.003,refuse,0,107,
178245.145,refuse,2,108,
178257.003,refuse,0,107,
178260.145,refuse,2,108,
178272.003,refuse,0,107,
178275.145,refuse,2,108,
178287.003,refuse,0,107,
178290.145,refuse,2,108,
178302.003,refuse,0,107,
178305.145,refuse,2,108,
178317.003,refuse,0,107,
178320.145,refuse,2,108,
178332.003,refuse,0,107,
178335.145,refuse,2,108,
178347.003,refuse,0,107,
178350.145,refuse,2,108,
178362.003,refuse,0,107,
178365.145,refuse,2,108,
178377.003,refuse,0,107,
178380.145,refuse,2,108,
178392.003,refuse,0,107,
178395.145,refuse,2,108,
178407.003,refuse,0,107,
178410.145,refuse,2,108,
178422.003,refuse,0,107,
178425.145,refuse,2,108,
178437.003,refuse,0,107,
178440.145,refuse,2,108,
178452.003,refuse,0,107,
178455.145,refuse,2,108,
178467.003,refuse,0,107,
178470.145,refuse,2,108,
178482.003,refuse,0,107,
178485.145,refuse,2,108,
178497.003,refuse,0,107,
178500.145,refuse,2,108,
178512.003,refuse,0,107,
178515.145,refuse,2,108,
178527.003,refuse,0,107,
178530.145,refuse,2,108,
178542.003,refuse,0,107,
178545.145,refuse,2,108,
178557.003,refuse,0,107,
178560.145,refuse,2,108,
178572.003,refuse,0,107,
178575.145,refuse,2,108,
178587.003,refuse,0,107,
178590.145,refuse,2,108,
178602.003,refuse,0,107,
178605.145,refuse,2,108,
178617.003,refuse,0,107,
178620.145,refuse,2,108,
178632.003,refuse,0,107,
178635.145,refuse,2,108,
178647.003,refuse,0,107,
178650.145,refuse,2,108,
178662.003,refuse,0,107,
178665.145,refuse,2,108,
178677.003,refuse,0,107,
178680.145,refuse,2,108,
178692.003,refuse,0,107,
178695.145,refuse,2,108,
178707.003,refuse,0,107,
178710.145,refuse,2,108,
178722.003,refuse,0,107,
178725.145,refuse,2,108,
178737.003,refuse,0,107,
178740.145,refuse,2,108,
178752.003,refuse,0,107,
178755.145,refuse,2,108,
178767.003,refuse,0,107,
178770.145,refuse,2,108,
178782.003,refuse,0,107,
178785.145,refuse,2,108,
178797.003,refuse,0,107,
178800.145,refuse,2,108,
178812.003,refuse,0,107,
178815.145,refuse,2,108,
178827.003,refuse,0,107,
178830.145,refuse,2,108,
178842.003,refuse,0,107,
178845.145,refuse,2,108,
178857.003,refuse,0,107,
178860.145,refuse,2,108,
178872.003,refuse,0,107,
178875.145,refuse,2,108,
178887.003,refuse,0,107,
178890.145,refuse,2,108,
178902.003,refuse,0,107,
178905.145,refuse,2,108,
178917.003,refuse,0,107,
178920.145,refuse,2,108,
178932.003,refuse,0,107,
178935.145,refuse,2,108,
178947.003,refuse,0,107,
178950.145,refuse,2,108,
178962.003,refuse,0,107,
178965.145,refuse,2,108,
178977.003,refuse,0,107,
178977.003,abandon,0,107,
178977.003,refuse,0,109,
178980.145,refuse,2,108,
178992.003,refuse,0,109,
178995.145,refuse,2,108,
179007.003,refuse,0,109,
179010.145,refuse,2,108,
179022.003,refuse,0,109,
179025.145,refuse,2,108,
179037.003,refuse,0,109,
179040.145,refuse,2,108,
179052.003,refuse,0,109,
179055.145,refuse,2,108,
179067.003,refuse,0,109,
179070.145,refuse,2,108,
179082.003,refuse,0,109,
179085.145,refuse,2,108,
179097.003,refuse,0,109,
179100.145,refuse,2,108,
179112.003,refuse,0,109,
179115.145,refuse,2,108,
179127.003,refuse,0,109,
179130.145,refuse,2,108,
179142.003,refuse,0,109,
179145.145,refuse,2,108,
179157.003,refuse,0,109,
179160.145,refuse,2,108,
179172.003,refuse,0,109,
179175.145,refuse,2,108,
179187.003,refuse,0,109,
179190.145,refuse,2,108,
179202.003,refuse,0,109,
179205.145,refuse,2,108,
179217.003,refuse,0,109,
179220.145,refuse,2,108,
179232.003,refuse,0,109,
179235.145,refuse,2,108,
179247.003,refuse,0,109,
179250.145,refuse,2,108,
179262.003,refuse,0,109,
179265.145,refuse,2,108,
179277.003,refuse,0,109,
179280.145,refuse,2,108,
179292.003,refuse,0,109,
179295.145,refuse,2,108,
179307.003,refuse,0,109,
179310.145,refuse,2,108,
179322.003,refuse,0,109,
179325.145,refuse,2,108,
179337.003,refuse,0,109,
179340.145,refuse,2,108,
179352.003,refuse,0,109,
179355.145,refuse,2,108,
179367.003,refuse,0,109,
179370.145,refuse,2,108,
179382.003,refuse,0,109,
179385.145,refuse,2,108,
179397.003,refuse,0,109,
179400.145,refuse,2,108,
179412.003,refuse,0,109,
179415.145,refuse,2,108,
179427.003,refuse,0,109,
179430.145,refuse,2,108,
179442.003,refuse,0,109,
179445.145,refuse,2,108,
179457.003,refuse,0,109,
179460.145,refuse,2,108,
179472.003,refuse,0,109,
179475.145,refuse,2,108,
179487.003,refuse,0,109,
179490.145,refuse,2,108,
179502.003,refuse,0,109,
179505.145,refuse,2,108,
179517.003,refuse,0,109,
179520.145,refuse,2,108,
179532.003,refuse,0,109,
179535.145,refuse,2,108,
179547.003,refuse,0,109,
179550.145,refuse,2,108,
179562.003,refuse,0,109,
179565.145,refuse,2,108,
179577.003,refuse,0,109,
179580.145,refuse,2,108,
179592.003,refuse,0,109,
179595.145,refuse,2,108,
179607.003,refuse,0,109,
179610.145,refuse,2,108,
179622.003,refuse,0,109,
179625.145,refuse,2,108,
179637.003,refuse,0,109,
179640.145,refuse,2,108,
179652.003,refuse,0,109,
179655.145,refuse,2,108,
179667.003,refuse,0,109,
179670.145,refuse,2,108,
179682.003,refuse,0,109,
179685.145,refuse,2,108,
179697.003,refuse,0,109,
179700.145,refuse,2,108,
179712.003,refuse,0,109,
179715.145,refuse,2,108,
179727.003,refuse,0,109,
179730.145,refuse,2,108,
179742.003,refuse,0,109,
179745.145,refuse,2,108,
179757.003,refuse,0,109,
179760.145,refuse,2,108,
179772.003,refuse,0,109,
179775.145,refuse,2,108,
179787.003,refuse,0,109,
179790.145,refuse,2,108,
179802.003,refuse,0,109,
179805.145,refuse,2,108,
179817.003,refuse,0,109,
179820.145,refuse,2,108,
179832.003,refuse,0,109,
179835.145,refuse,2,108,
179847.003,refuse,0,109,
179850.145,refuse,2,108,
179862.003,refuse,0,109,
179865.145,refuse,2,108,
179877.003,refuse,0,109,
179880.145,refuse,2,108,
179892.003,refuse,0,109,
179895.145,refuse,2,108,
179907.003,refuse,0,109,
179910.145,refuse,2,108,
179922.003,refuse,0,109,
179925.145,refuse,2,108,
179937.003,refuse,0,109,
179940.145,refuse,2,108,
179952.003,refuse,0,109,
179955.145,refuse,2,108,
179967.003,refuse,0,109,
179970.145,refuse,2,108,
179982.003,refuse,0,109,
179985.145,refuse,2,108,
179997.003,refuse,0,109,
180000.145,refuse,2,108,
180012.003,refuse,0,109,
180015.145,refuse,2,108,
180027.003,refuse,0,109,
180030.145,refuse,2,108,
180042.003,refuse,0,109,
180045.145,refuse,2,108,
180057.003,refuse,0,109,
180060.145,refuse,2,108,
180072.003,refuse,0,109,
180075.145,refuse,2,108,
180087.003,refuse,0,109,
180090.145,refuse,2,108,
180102.003,refuse,0,109,
180105.145,refuse,2,108,
180117.003,refuse,0,109,
180120.145,refuse,2,108,
180132.003,refuse,0,109,
180135.145,refuse,2,108,
180147.003,refuse,0,109,
180150.145,refuse,2,108,
180162.003,refuse,0,109,
180165.145,refuse,2,108,
180177.003,refuse,0,109,
180180.145,refuse,2,108,
180192.003,refuse,0,109,
180195.145,refuse,2,108,
180207.003,refuse,0,109,
180210.145,refuse,2,108,
180222.003,refuse,0,109,
180225.145,refuse,2,108,
180237.003,refuse,0,109,
180240.145,refuse,2,108,
180252.003,refuse,0,109,
180255.145,refuse,2,108,
180267.003,refuse,0,109,
180270.145,refuse,2,108,
180282.003,refuse,0,109,
180285.145,refuse,2,108,
180297.003,refuse,0,109,
180300.145,refuse,2,108,
180312.003,refuse,0,109,
180315.145,refuse,2,108,
180327.003,refuse,0,109,
180330.145,refuse,2,108,
180342.003,refuse,0,109,
180345.145,refuse,2,108,
180357.003,refuse,0,109,
180360.145,refuse,2,108,
180372.003,refuse,0,109,
180375.145,refuse,2,108,
180387.003,refuse,0,109,
180390.145,refuse,2,108,
180402.003,refuse,0,109,
180405.145,refuse,2,108,
180417.003,refuse,0,109,
180420.145,refuse,2,108,
180432.003,refuse,0,109,
180435.145,refuse,2,108,
180447.003,refuse,0,109,
180450.145,refuse,2,108,
180462.003,refuse,0,109,
180465.145,refuse,2,108,
180477.003,refuse,0,109,
180480.145,refuse,2,108,
180492.003,refuse,0,109,
180495.145,refuse,2,108,
180507.003,refuse,0,109,
180510.145,refuse,2,108,
180522.003,refuse,0,109,
180525.145,refuse,2,108,
180537.003,refuse,0,109,
180540.145,refuse,2,108,
180552.003,refuse,0,109,
180555.145,refuse,2,108,
180567.003,refuse,0,109,
180570.145,refuse,2,108,
180582.003,refuse,0,109,
180585.145,refuse,2,108,
180597.003,refuse,0,109,
180600.145,refuse,2,108,
180612.003,refuse,0,109,
180615.145,refuse,2,108,
180627.003,refuse,0,109,
180630.145,refuse,2,108,
180642.003,refuse,0,109,
180645.145,refuse,2,108,
180657.003,refuse,0,109,
180660.145,refuse,2,108,
180672.003,refuse,0,109,
180675.145,refuse,2,108,
180687.003,refuse,0,109,
180690.145,refuse,2,108,
180702.003,refuse,0,109,
180705.145,refuse,2,108,
180717.003,refuse,0,109,
180720.145,refuse,2,108,
180732.003,refuse,0,109,
180735.145,refuse,2,108,
180747.003,refuse,0,109,
180749.508,conflict-at-land,3,3,
180750.145,refuse,2,108,
180762.003,refuse,0,109,
180764.508,start,3,3,
180765.145,refuse,2,108,
180777.003,refuse,0,109,
180780.145,refuse,2,108,
180792.003,refuse,0,109,
180795.145,refuse,2,108,
180807.003,refuse,0,109,
180810.145,refuse,2,108,
180822.003,refuse,0,109,
180825.145,refuse,2,108,
180837.003,refuse,0,109,
180840.145,refuse,2,108,
180852.003,refuse,0,109,
180855.145,refuse,2,108,
180867.003,refuse,0,109,
180870.145,refuse,2,108,
180882.003,refuse,0,109,
180885.145,refuse,2,108,
180897.003,refuse,0,109,
180900.145,refuse,2,108,
180912.003,refuse,0,109,
180915.145,refuse,2,108,
180927.003,refuse,0,109,
180930.145,refuse,2,108,
180942.003,refuse,0,109,
180945.145,refuse,2,108,
180957.003,refuse,0,109,
180960.145,refuse,2,108,
180972.003,refuse,0,109,
180975.145,refuse,2,108,
180987.003,refuse,0,109,
180990.145,refuse,2,108,
181002.003,refuse,0,109,
181005.145,refuse,2,108,
181017.003,refuse,0,109,
181020.145,refuse,2,108,
181032.003,refuse,0,109,
181035.145,refuse,2,108,
181035.145,abandon,2,108,
181035.145,refuse,2,110,
181047.003,refuse,0,109,
181050.145,refuse,2,110,
181062.003,refuse,0,109,
181065.145,refuse,2,110,
181077.003,refuse,0,109,
181080.145,refuse,2,110,
181092.003,refuse,0,109,
181095.145,refuse,2,110,
181107.003,refuse,0,109,
181110.145,refuse,2,110,
181122.003,refuse,0,109,
181125.145,refuse,2,110,
181137.003,refuse,0,109,
181140.145,refuse,2,110,
181152.003,refuse,0,109,
181155.145,refuse,2,110,
181167.003,refuse,0,109,
181170.145,refuse,2,110,
181182.003,refuse,0,109,
181185.145,refuse,2,110,
181197.003,refuse,0,109,
181200.145,refuse,2,110,
181212.003,refuse,0,109,
181215.145,refuse,2,110,
181227.003,refuse,0,109,
181230.145,refuse,2,110,
181242.003,refuse,0,109,
181245.145,refuse,2,110,
181257.003,refuse,0,109,
181260.145,refuse,2,110,
181272.003,refuse,0,109,
181275.145,refuse,2,110,
181287.003,refuse,0,109,
181290.145,refuse,2,110,
181302.003,refuse,0,109,
181305.145,refuse,2,110,
181317.003,refuse,0,109,
181320.145,refuse,2,110,
181332.003,refuse,0,109,
181335.145,refuse,2,110,
181347.003,refuse,0,109,
181350.145,refuse,2,110,
181362.003,refuse,0,109,
181365.145,refuse,2,110,
181377.003,refuse,0,109,
181380.145,refuse,2,110,
181392.003,refuse,0,109,
181395.145,refuse,2,110,
181407.003,refuse,0,109,
181410.145,refuse,2,110,
181422.003,refuse,0,109,
181425.145,refuse,2,110,
181437.003,refuse,0,109,
181440.145,refuse,2,110,
181452.003,refuse,0,109,
181455.145,refuse,2,110,
181467.003,refuse,0,109,
181470.145,refuse,2,110,
181482.003,refuse,0,109,
181485.145,refuse,2,110,
181497.003,refuse,0,109,
181500.145,refuse,2,110,
181512.003,refuse,0,109,
181515.145,refuse,2,110,
181527.003,refuse,0,109,
181530.145,refuse,2,110,
181542.003,refuse,0,109,
181545.145,refuse,2,110,
181557.003,refuse,0,109,
181560.145,refuse,2,110,
181572.003,refuse,0,109,
181575.145,refuse,2,110,
181587.003,refuse,0,109,
181590.145,refuse,2,110,
181602.003,refuse,0,109,
181605.145,refuse,2,110,
181617.003,refuse,0,109,
181620.145,refuse,2,110,
181632.003,refuse,0,109,
181635.145,refuse,2,110,
181647.003,refuse,0,109,
181650.145,refuse,2,110,
181662.003,refuse,0,109,
181665.145,refuse,2,110,
181677.003,refuse,0,109,
181680.145,refuse,2,110,
181692.003,refuse,0,109,
181695.145,refuse,2,110,
181707.003,refuse,0,109,
181710.145,refuse,2,110,
181722.003,refuse,0,109,
181725.145,refuse,2,110,
181737.003,refuse,0,109,
181740.145,refuse,2,110,
181752.003,refuse,0,109,
181755.145,refuse,2,110,
181767.003,refuse,0,109,
181770.145,refuse,2,110,
181782.003,refuse,0,109,
181785.145,refuse,2,110,
181797.003,refuse,0,109,
181800.145,refuse,2,110,
181812.003,refuse,0,109,
181815.145,refuse,2,110,
181827.003,refuse,0,109,
181830.145,refuse,2,110,
181842.003,refuse,0,109,
181845.145,refuse,2,110,
181857.003,refuse,0,109,
181860.145,refuse,2,110,
181872.003,refuse,0,109,
181875.145,refuse,2,110,
181887.003,refuse,0,109,
181890.145,refuse,2,110,
181902.003,refuse,0,109,
181905.145,refuse,2,110,
181917.003,refuse,0,109,
181920.145,refuse,2,110,
181932.003,refuse,0,109,
181935.145,refuse,2,110,
181947.003,refuse,0,109,
181950.145,refuse,2,110,
181962.003,refuse,0,109,
181965.145,refuse,2,110,
181977.003,refuse,0,109,
181977.003,abandon,0,109,
181977.003,refuse,0,111,
181980.145,refuse,2,110,
181992.003,refuse,0,111,
181995.145,refuse,2,110,
182007.003,refuse,0,111,
182010.145,refuse,2,110,
182022.003,refuse,0,111,
182025.145,refuse,2,110,
182037.003,refuse,0,111,
182040.145,refuse,2,110,
182052.003,refuse,0,111,
182055.145,refuse,2,110,
182067.003,refuse,0,111,
182070.145,refuse,2,110,
182082.003,refuse,0,111,
182085.145,refuse,2,110,
182097.003,refuse,0,111,
182100.145,refuse,2,110,
182112.003,refuse,0,111,
182115.145,refuse,2,110,
182127.003,refuse,0,111,
182130.145,refuse,2,110,
182142.003,refuse,0,111,
182145.145,refuse,2,110,
182157.003,refuse,0,111,
182160.145,refuse,2,110,
182172.003,refuse,0,111,
182175.145,refuse,2,110,
182187.003,refuse,0,111,
182190.145,refuse,2,110,
182202.003,refuse,0,111,
182205.145,refuse,2,110,
182217.003,refuse,0,111,
182220.145,refuse,2,110,
182232.003,refuse,0,111,
182235.145,refuse,2,110,
182247.003,refuse,0,111,
182250.145,refuse,2,110,
182262.003,refuse,0,111,
182265.145,refuse,2,110,
182277.003,refuse,0,111,
182280.145,refuse,2,110,
182292.003,refuse,0,111,
182295.145,refuse,2,110,
182307.003,refuse,0,111,
182310.145,refuse,2,110,
182322.003,refuse,0,111,
182325.145,refuse,2,110,
182337.003,refuse,0,111,
182340.145,refuse,2,110,
182352.003,refuse,0,111,
182355.145,refuse,2,110,
182367.003,refuse,0,111,
182370.145,refuse,2,110,
182382.003,refuse,0,111,
182385.145,refuse,2,110,
182397.003,refuse,0,111,
182400.145,refuse,2,110,
182412.003,refuse,0,111,
182415.145,refuse,2,110,
182427.003,refuse,0,111,
182430.145,refuse,2,110,
182442.003,refuse,0,111,
182445.145,refuse,2,110,
182457.003,refuse,0,111,
182460.145,refuse,2,110,
182472.003,refuse,0,111,
182475.145,refuse,2,110,
182487.003,refuse,0,111,
182490.145,refuse,2,110,
182502.003,refuse,0,111,
182505.145,refuse,2,110,
182517.003,refuse,0,111,
182520.145,refuse,2,110,
182532.003,refuse,0,111,
182535.145,refuse,2,110,
182547.003,refuse,0,111,
182550.145,refuse,2,110,
182562.003,refuse,0,111,
182565.145,refuse,2,110,
182577.003,refuse,0,111,
182580.145,refuse,2,110,
182592.003,refuse,0,111,
182595.145,refuse,2,110,
182607.003,refuse,0,111,
182610.145,refuse,2,110,
182622.003,refuse,0,111,
182625.145,refuse,2,110,
182637.003,refuse,0,111,
182640.145,refuse,2,110,
182652.003,refuse,0,111,
182655.145,refuse,2,110,
182667.003,refuse,0,111,
182670.145,refuse,2,110,
182682.003,refuse,0,111,
182685.145,refuse,2,110,
182697.003,refuse,0,111,
182700.145,refuse,2,110,
182712.003,refuse,0,111,
182715.145,refuse,2,110,
182727.003,refuse,0,111,
182730.145,refuse,2,110,
182742.003,refuse,0,111,
182745.145,refuse,2,110,
182757.003,refuse,0,111,
182760.145,refuse,2,110,
182772.003,refuse,0,111,
182775.145,refuse,2,110,
182787.003,refuse,0,111,
182790.145,refuse,2,110,
182802.003,refuse,0,111,
182805.145,refuse,2,110,
182817.003,refuse,0,111,
182820.145,refuse,2,110,
182832.003,refuse,0,111,
182835.145,refuse,2,110,
182847.003,refuse,0,111,
182850.145,refuse,2,110,
182862.003,refuse,0,111,
182865.145,refuse,2,110,
182877.003,refuse,0,111,
182880.145,refuse,2,110,
182892.003,refuse,0,111,
182895.145,refuse,2,110,
182907.003,refuse,0,111,
182910.145,refuse,2,110,
182914.476,conflict-at-land,3,3,
182922.003,start,0,111,
182925.145,refuse,2,110,
182929.476,refuse,3,3,
182940.145,refuse,2,110,
182944.476,refuse,3,3,
182955.145,refuse,2,110,
182959.476,refuse,3,3,
182970.145,refuse,2,110,
182974.476,refuse,3,3,
182985.145,refuse,2,110,
182986.521,conflict-at-land,0,111,
182989.476,start,3,3,
183000.145,refuse,2,110,
183001.521,refuse,0,111,
183015.145,refuse,2,110,
183016.521,refuse,0,111,
183030.145,refuse,2,110,
183031.521,refuse,0,111,
183045.145,refuse,2,110,
183046.521,refuse,0,111,
183060.145,refuse,2,110,
183061.521,refuse,0,111,
183075.145,refuse,2,110,
183076.521,refuse,0,111,
183090.145,refuse,2,110,
183091.521,refuse,0,111,
183105.145,refuse,2,110,
183106.521,refuse,0,111,
183120.145,refuse,2,110,
183121.521,refuse,0,111,
183135.145,refuse,2,110,
183136.521,refuse,0,111,
183150.145,refuse,2,110,
183151.521,refuse,0,111,
183165.145,refuse,2,110,
183166.521,refuse,0,111,
183180.145,refuse,2,110,
183181.521,refuse,0,111,
183195.145,refuse,2,110,
183196.521,refuse,0,111,
183210.145,refuse,2,110,
183211.521,refuse,0,111,
183225.145,refuse,2,110,
183226.521,refuse,0,111,
183240.145,refuse,2,110,
183241.521,refuse,0,111,
183255.145,refuse,2,110,
183256.521,refuse,0,111,
183270.145,refuse,2,110,
183271.521,refuse,0,111,
183285.145,refuse,2,110,
183286.521,refuse,0,111,
183300.145,refuse,2,110,
183301.521,refuse,0,111,
183315.145,refuse,2,110,
183316.521,refuse,0,111,
183330.145,refuse,2,110,
183331.521,refuse,0,111,
183345.145,refuse,2,110,
183346.521,refuse,0,111,
183360.145,refuse,2,110,
183361.521,refuse,0,111,
183375.145,refuse,2,110,
183376.521,refuse,0,111,
183390.145,refuse,2,110,
183391.521,refuse,0,111,
183405.145,refuse,2,110,
183406.521,refuse,0,111,
183420.145,refuse,2,110,
183421.521,refuse,0,111,
183435.145,refuse,2,110,
183436.521,refuse,0,111,
183450.145,refuse,2,110,
183451.521,refuse,0,111,
183465.145,refuse,2,110,
183466.521,refuse,0,111,
183480.145,refuse,2,110,
183481.521,refuse,0,111,
183495.145,refuse,2,110,
183496.521,refuse,0,111,
183510.145,refuse,2,110,
183511.521,refuse,0,111,
183525.145,refuse,2,110,
183526.521,refuse,0,111,
183540.145,refuse,2,110,
183541.521,refuse,0,111,
183555.145,refuse,2,110,
183556.521,refuse,0,111,
183570.145,refuse,2,110,
183571.521,refuse,0,111,
183585.145,refuse,2,110,
183586.521,refuse,0,111,
183600.145,refuse,2,110,
183601.521,refuse,0,111,
183615.145,refuse,2,110,
183616.521,refuse,0,111,
183630.145,refuse,2,110,
183631.521,refuse,0,111,
183645.145,refuse,2,110,
183646.521,refuse,0,111,
183660.145,refuse,2,110,
183661.521,refuse,0,111,
183675.145,refuse,2,110,
183676.521,refuse,0,111,
183690.145,refuse,2,110,
183691.521,refuse,0,111,
183705.145,refuse,2,110,
183706.521,refuse,0,111,
183720.145,refuse,2,110,
183721.521,refuse,0,111,
183735.145,refuse,2,110,
183736.521,refuse,0,111,
183750.145,refuse,2,110,
183751.521,refuse,0,111,
183765.145,refuse,2,110,
183766.521,refuse,0,111,
183780.145,refuse,2,110,
183781.521,refuse,0,111,
183795.145,refuse,2,110,
183796.521,refuse,0,111,
183810.145,refuse,2,110,
183811.521,refuse,0,111,
183825.145,refuse,2,110,
183826.521,refuse,0,111,
183840.145,refuse,2,110,
183841.521,refuse,0,111,
183855.145,refuse,2,110,
183856.521,refuse,0,111,
183870.145,refuse,2,110,
183871.521,refuse,0,111,
183885.145,refuse,2,110,
183886.521,refuse,0,111,
183900.145,refuse,2,110,
183901.521,refuse,0,111,
183915.145,refuse,2,110,
183916.521,refuse,0,111,
183930.145,refuse,2,110,
183931.521,refuse,0,111,
183945.145,refuse,2,110,
183946.521,refuse,0,111,
183960.145,refuse,2,110,
183961.521,refuse,0,111,
183975.145,refuse,2,110,
183976.521,refuse,0,111,
183990.145,refuse,2,110,
183991.521,refuse,0,111,
184005.145,refuse,2,110,
184006.521,refuse,0,111,
184020.145,refuse,2,110,
184021.521,refuse,0,111,
184035.145,refuse,2,110,
184035.145,abandon,2,110,
184035.145,refuse,2,112,
184036.521,refuse,0,111,
184050.145,refuse,2,112,
184051.521,refuse,0,111,
184065.145,refuse,2,112,
184066.521,refuse,0,111,
184080.145,refuse,2,112,
184081.521,refuse,0,111,
184095.145,refuse,2,112,
184096.521,refuse,0,111,
184110.145,refuse,2,112,
184111.521,refuse,0,111,
184125.145,refuse,2,112,
184126.521,refuse,0,111,
184140.145,refuse,2,112,
184141.521,refuse,0,111,
184155.145,refuse,2,112,
184156.521,refuse,0,111,
184170.145,refuse,2,112,
184171.521,refuse,0,111,
184185.145,refuse,2,112,
184186.521,refuse,0,111,
184200.145,refuse,2,112,
184201.521,refuse,0,111,
184215.145,refuse,2,112,
184216.521,refuse,0,111,
184230.145,refuse,2,112,
184231.521,refuse,0,111,
184245.145,refuse,2,112,
184246.521,refuse,0,111,
184260.145,refuse,2,112,
184261.521,refuse,0,111,
184275.145,refuse,2,112,
184276.521,refuse,0,111,
184290.145,refuse,2,112,
184291.521,refuse,0,111,
184305.145,refuse,2,112,
184306.521,refuse,0,111,
184320.145,refuse,2,112,
184321.521,refuse,0,111,
184335.145,refuse,2,112,
184336.521,refuse,0,111,
184350.145,refuse,2,112,
184351.521,refuse,0,111,
184365.145,refuse,2,112,
184366.521,refuse,0,111,
184380.145,refuse,2,112,
184381.521,refuse,0,111,
184395.145,refuse,2,112,
184396.521,refuse,0,111,
184410.145,refuse,2,112,
184411.521,refuse,0,111,
184425.145,refuse,2,112,
184426.521,refuse,0,111,
184440.145,refuse,2,112,
184441.521,refuse,0,111,
184455.145,refuse,2,112,
184456.521,refuse,0,111,
184470.145,refuse,2,112,
184471.521,refuse,0,111,
184485.145,refuse,2,112,
184486.521,refuse,0,111,
184500.145,refuse,2,112,
184501.521,refuse,0,111,
184515.145,refuse,2,112,
184516.521,refuse,0,111,
184530.145,refuse,2,112,
184531.521,refuse,0,111,
184545.145,refuse,2,112,
184546.521,refuse,0,111,
184560.145,refuse,2,112,
184561.521,refuse,0,111,
184575.145,refuse,2,112,
184576.521,refuse,0,111,
184590.145,refuse,2,112,
184591.521,refuse,0,111,
184605.145,refuse,2,112,
184606.521,refuse,0,111,
184620.145,refuse,2,112,
184621.521,refuse,0,111,
184635.145,refuse,2,112,
184636.521,refuse,0,111,
184650.145,refuse,2,112,
184651.521,refuse,0,111,
184665.145,refuse,2,112,
184666.521,refuse,0,111,
184680.145,refuse,2,112,
184681.521,refuse,0,111,
184695.145,refuse,2,112,
184696.521,refuse,0,111,
184710.145,refuse,2,112,
184711.521,refuse,0,111,
184725.145,refuse,2,112,
184726.521,refuse,0,111,
184740.145,refuse,2,112,
184741.521,refuse,0,111,
184755.145,refuse,2,112,
184756.521,refuse,0,111,
184770.145,refuse,2,112,
184771.521,refuse,0,111,
184785.145,refuse,2,112,
184786.521,refuse,0,111,
184800.145,refuse,2,112,
184801.521,refuse,0,111,
184815.145,refuse,2,112,
184816.521,refuse,0,111,
184830.145,refuse,2,112,
184831.521,refuse,0,111,
184845.145,refuse,2,112,
184846.521,refuse,0,111,
184860.145,refuse,2,112,
184861.521,refuse,0,111,
184875.145,refuse,2,112,
184876.521,refuse,0,111,
184890.145,refuse,2,112,
184891.521,refuse,0,111,
184905.145,refuse,2,112,
184906.521,refuse,0,111,
184920.145,refuse,2,112,
184921.521,refuse,0,111,
184935.145,refuse,2,112,
184936.521,refuse,0,111,
184950.145,refuse,2,112,
184951.521,refuse,0,111,
184965.145,refuse,2,112,
184966.521,refuse,0,111,
184980.145,refuse,2,112,
184981.521,refuse,0,111,
184995.145,refuse,2,112,
184996.521,refuse,0,111,
185010.145,refuse,2,112,
185011.521,refuse,0,111,
185022.961,conflict-at-land,3,3,
185025.145,refuse,2,112,
185026.521,start,0,111,
185037.961,refuse,3,3,
185040.145,refuse,2,112,
185052.961,refuse,3,3,
185055.145,refuse,2,112,
185067.961,refuse,3,3,
185070.145,refuse,2,112,
185082.961,refuse,3,3,
185085.145,refuse,2,112,
185092.613,conflict-at-land,0,111,
185097.961,start,3,3,
185100.145,refuse,2,112,
185107.613,refuse,0,111,
185107.613,abandon,0,111,
185107.613,refuse,0,113,
185115.145,refuse,2,112,
185122.613,refuse,0,113,
185130.145,refuse,2,112,
185137.613,refuse,0,113,
185145.145,refuse,2,112,
185152.613,refuse,0,113,
185160.145,refuse,2,112,
185167.613,refuse,0,113,
185175.145,refuse,2,112,
185182.613,refuse,0,113,
185190.145,refuse,2,112,
185197.613,refuse,0,113,
185205.145,refuse,2,112,
185212.613,refuse,0,113,
185220.145,refuse,2,112,
185227.613,refuse,0,113,
185235.145,refuse,2,112,
185242.613,refuse,0,113,
185250.145,refuse,2,112,
185257.613,refuse,0,113,
185265.145,refuse,2,112,
185272.613,refuse,0,113,
185280.145,refuse,2,112,
185287.613,refuse,0,113,
185295.145,refuse,2,112,
185302.613,refuse,0,113,
185310.145,refuse,2,112,
185317.613,refuse,0,113,
185325.145,refuse,2,112,
185332.613,refuse,0,113,
185340.145,refuse,2,112,
185347.613,refuse,0,113,
185355.145,refuse,2,112,
185362.613,refuse,0,113,
185370.145,refuse,2,112,
185377.613,refuse,0,113,
185385.145,refuse,2,112,
185392.613,refuse,0,113,
185400.145,refuse,2,112,
185407.613,refuse,0,113,
185415.145,refuse,2,112,
185422.613,refuse,0,113,
185430.145,refuse,2,112,
185437.613,refuse,0,113,
185445.145,refuse,2,112,
185452.613,refuse,0,113,
185460.145,refuse,2,112,
185467.613,refuse,0,113,
185475.145,refuse,2,112,
185482.613,refuse,0,113,
185490.145,refuse,2,112,
185497.613,refuse,0,113,
185505.145,refuse,2,112,
185512.613,refuse,0,113,
185520.145,refuse,2,112,
185527.613,refuse,0,113,
185535.145,refuse,2,112,
185542.613,refuse,0,113,
185550.145,refuse,2,112,
185557.613,refuse,0,113,
185565.145,refuse,2,112,
185572.613,refuse,0,113,
185580.145,refuse,2,112,
185587.613,refuse,0,113,
185595.145,refuse,2,112,
185602.613,refuse,0,113,
185610.145,refuse,2,112,
185617.613,refuse,0,113,
185625.145,refuse,2,112,
185632.613,refuse,0,113,
185640.145,refuse,2,112,
185647.613,refuse,0,113,
185655.145,refuse,2,112,
185662.613,refuse,0,113,
185670.145,refuse,2,112,
185677.613,refuse,0,113,
185685.145,refuse,2,112,
185692.613,refuse,0,113,
185700.145,refuse,2,112,
185707.613,refuse,0,113,
185715.145,refuse,2,112,
185722.613,refuse,0,113,
185730.145,refuse,2,112,
185737.613,refuse,0,113,
185745.145,refuse,2,112,
185752.613,refuse,0,113,
185760.145,refuse,2,112,
185767.613,refuse,0,113,
185775.145,refuse,2,112,
185782.613,refuse,0,113,
185790.145,refuse,2,112,
185797.613,refuse,0,113,
185805.145,refuse,2,112,
185812.613,refuse,0,113,
185820.145,refuse,2,112,
185827.613,refuse,0,113,
185835.145,refuse,2,112,
185842.613,refuse,0,113,
185850.145,refuse,2,112,
185857.613,refuse,0,113,
185865.145,refuse,2,112,
185872.613,refuse,0,113,
185880.145,refuse,2,112,
185887.613,refuse,0,113,
185895.145,refuse,2,112,
185902.613,refuse,0,113,
185910.145,refuse,2,112,
185917.613,refuse,0,113,
185925.145,refuse,2,112,
185932.613,refuse,0,113,
185940.145,refuse,2,112,
185947.613,refuse,0,113,
185955.145,refuse,2,112,
185962.613,refuse,0,113,
185970.145,refuse,2,112,
185977.613,refuse,0,113,
185985.145,refuse,2,112,
185992.613,refuse,0,113,
186000.145,refuse,2,112,
186007.613,refuse,0,113,
186015.145,refuse,2,112,
186022.613,refuse,0,113,
186030.145,refuse,2,112,
186037.613,refuse,0,113,
186045.145,refuse,2,112,
186052.613,refuse,0,113,
186060.145,refuse,2,112,
186067.613,refuse,0,113,
186075.145,refuse,2,112,
186082.613,refuse,0,113,
186090.145,refuse,2,112,
186097.613,refuse,0,113,
186105.145,refuse,2,112,
186112.613,refuse,0,113,
186120.145,refuse,2,112,
186127.613,refuse,0,113,
186135.145,refuse,2,112,
186142.613,refuse,0,113,
186150.145,refuse,2,112,
186157.613,refuse,0,113,
186165.145,refuse,2,112,
186172.613,refuse,0,113,
186180.145,refuse,2,112,
186187.613,refuse,0,113,
186195.145,refuse,2,112,
186202.613,refuse,0,113,
186210.145,refuse,2,112,
186217.613,refuse,0,113,
186225.145,refuse,2,112,
186232.613,refuse,0,113,
186240.145,refuse,2,112,
186247.613,refuse,0,113,
186255.145,refuse,2,112,
186262.613,refuse,0,113,
186270.145,refuse,2,112,
186277.613,refuse,0,113,
186285.145,refuse,2,112,
186292.613,refuse,0,113,
186300.145,refuse,2,112,
186307.613,refuse,0,113,
186315.145,refuse,2,112,
186322.613,refuse,0,113,
186330.145,refuse,2,112,
186337.613,refuse,0,113,
186345.145,refuse,2,112,
186352.613,refuse,0,113,
186360.145,refuse,2,112,
186367.613,refuse,0,113,
186375.145,refuse,2,112,
186382.613,refuse,0,113,
186390.145,refuse,2,112,
186397.613,refuse,0,113,
186405.145,refuse,2,112,
186412.613,refuse,0,113,
186420.145,refuse,2,112,
186427.613,refuse,0,113,
186435.145,refuse,2,112,
186442.613,refuse,0,113,
186450.145,refuse,2,112,
186457.613,refuse,0,113,
186465.145,refuse,2,112,
186472.613,refuse,0,113,
186480.145,refuse,2,112,
186487.613,refuse,0,113,
186495.145,refuse,2,112,
186502.613,refuse,0,113,
186510.145,refuse,2,112,
186517.613,refuse,0,113,
186525.145,refuse,2,112,
186532.613,refuse,0,113,
186540.145,refuse,2,112,
186547.613,refuse,0,113,
186555.145,refuse,2,112,
186562.613,refuse,0,113,
186570.145,refuse,2,112,
186577.613,refuse,0,113,
186585.145,refuse,2,112,
186592.613,refuse,0,113,
186600.145,refuse,2,112,
186607.613,refuse,0,113,
186615.145,refuse,2,112,
186622.613,refuse,0,113,
186630.145,refuse,2,112,
186637.613,refuse,0,113,
186645.145,refuse,2,112,
186652.613,refuse,0,113,
186660.145,refuse,2,112,
186667.613,refuse,0,113,
186675.145,refuse,2,112,
186682.613,refuse,0,113,
186690.145,refuse,2,112,
186697.613,refuse,0,113,
186705.145,refuse,2,112,
186712.613,refuse,0,113,
186720.145,refuse,2,112,
186727.613,refuse,0,113,
186735.145,refuse,2,112,
186742.613,refuse,0,113,
186750.145,refuse,2,112,
186757.613,refuse,0,113,
186765.145,refuse,2,112,
186772.613,refuse,0,113,
186780.145,refuse,2,112,
186787.613,refuse,0,113,
186795.145,refuse,2,112,
186802.613,refuse,0,113,
186810.145,refuse,2,112,
186817.613,refuse,0,113,
186825.145,refuse,2,112,
186832.613,refuse,0,113,
186840.145,refuse,2,112,
186847.613,refuse,0,113,
186855.145,refuse,2,112,
186862.613,refuse,0,113,
186870.145,refuse,2,112,
186877.613,refuse,0,113,
186885.145,refuse,2,112,
186892.613,refuse,0,113,
186900.145,refuse,2,112,
186907.613,refuse,0,113,
186915.145,refuse,2,112,
186922.613,refuse,0,113,
186930.145,refuse,2,112,
186937.613,refuse,0,113,
186945.145,refuse,2,112,
186952.613,refuse,0,113,
186960.145,refuse,2,112,
186967.613,refuse,0,113,
186975.145,refuse,2,112,
186982.613,refuse,0,113,
186990.145,refuse,2,112,
186997.613,refuse,0,113,
187005.145,refuse,2,112,
187012.613,refuse,0,113,
187020.145,refuse,2,112,
187027.613,refuse,0,113,
187035.145,refuse,2,112,
187035.145,abandon,2,112,
187035.145,start,2,114,
187042.613,refuse,0,113,
187049.04,conflict-at-land,2,114,
187057.613,refuse,0,113,
187064.04,start,2,114,
187072.613,refuse,0,113,
187080.125,conflict-at-land,2,114,
187087.613,refuse,0,113,
187095.125,start,2,114,
187102.613,refuse,0,113,
187106.582,conflict-at-land,2,114,
187117.613,refuse,0,113,
187121.582,start,2,114,
187132.613,refuse,0,113,
187138.264,conflict-at-land,2,114,
187147.613,refuse,0,113,
187153.264,start,2,114,
187162.613,refuse,0,113,
187169.162,conflict-at-land,2,114,
187177.613,refuse,0,113,
187184.162,start,2,114,
187192.613,refuse,0,113,
187201.909,conflict-at-land,2,114,
187207.613,refuse,0,113,
187216.909,start,2,114,
187222.613,refuse,0,113,
187228.09,conflict-at-land,2,114,
187237.613,refuse,0,113,
187243.09,start,2,114,
187252.613,refuse,0,113,
187257.366,conflict-at-land,2,114,
187267.613,refuse,0,113,
187272.366,start,2,114,
187282.613,refuse,0,113,
187288.142,conflict-at-land,2,114,
187297.613,refuse,0,113,
187303.142,start,2,114,
187312.613,refuse,0,113,
187314.189,conflict-at-land,2,114,
187327.613,refuse,0,113,
187329.189,start,2,114,
187342.613,refuse,0,113,
187346.553,conflict-at-land,2,114,
187357.613,refuse,0,113,
187361.553,start,2,114,
187372.613,refuse,0,113,
187380.156,conflict-at-land,2,114,
187387.613,refuse,0,113,
187395.156,start,2,114,
187402.613,refuse,0,113,
187411.288,conflict-at-land,2,114,
187412.543,conflict-at-land,3,3,
187417.613,start,0,113,
187426.288,start,2,114,
187427.543,refuse,3,3,
187442.543,refuse,3,3,
187445.288,conflict-at-land,2,114,
187457.543,refuse,3,3,
187460.288,start,2,114,
187472.543,refuse,3,3,
187474.879,conflict-at-land,2,114,
187487.123,land,0,113,
187487.123,start,0,115,
187487.543,start,3,3,
187489.879,start,2,114,
187506.47,conflict-at-land,2,114,
187511.295,land,0,115,
187511.295,start,0,116,
187521.47,start,2,114,
187521.687,conflict-at-land,0,116,
187536.687,start,0,116,
187537.275,conflict-at-land,2,114,
187550.612,conflict-at-land,0,116,
187552.275,start,2,114,
187565.612,start,0,116,
187570.373,conflict-at-land,2,114,
187574.947,conflict-at-land,0,116,
187585.373,start,2,114,
187589.947,start,0,116,
187597.377,conflict-at-land,2,114,
187603.296,conflict-at-land,0,116,
187612.377,start,2,114,
187618.296,start,0,116,
187629.321,conflict-at-land,2,114,
187631.949,conflict-at-land,0,116,
187644.321,start,2,114,
187646.949,start,0,116,
187658.112,conflict-at-land,0,116,
187659.224,conflict-at-land,2,114,
187673.112,start,0,116,
187674.224,start,2,114,
187687.017,conflict-at-land,2,114,
187688.427,conflict-at-land,0,116,
187702.017,start,2,114,
187703.427,start,0,116,
187712.006,conflict-at-land,0,116,
187715.097,conflict-at-land,2,114,
187727.006,start,0,116,
187730.097,start,2,114,
187736.014,conflict-at-land,0,116,
187746.225,conflict-at-land,2,114,
187751.014,start,0,116,
187761.225,start,2,114,
187764.185,conflict-at-land,0,116,
187773.695,conflict-at-land,2,114,
187779.185,start,0,116,
187788.695,start,2,114,
187792.914,conflict-at-land,0,116,
187800.729,conflict-at-land,2,114,
187807.914,start,0,116,
187815.729,start,2,114,
187818.992,conflict-at-land,0,116,
187831.96,conflict-at-land,2,114,
187833.992,start,0,116,
187846.96,start,2,114,
187847.989,conflict-at-land,0,116,
187861.535,conflict-at-land,2,114,
187862.989,start,0,116,
187876.535,start,2,114,
187877.209,conflict-at-land,0,116,
187891.284,conflict-at-land,2,114,
187892.209,start,0,116,
187905.389,conflict-at-land,0,116,
187906.284,start,2,114,
187920.389,start,0,116,
187924.285,conflict-at-land,2,114,
187932.84,conflict-at-land,0,116,
187939.285,start,2,114,
187947.84,start,0,116,
187954.848,conflict-at-land,2,114,
187962.958,conflict-at-land,0,116,
187969.848,start,2,114,
187977.958,start,0,116,
187980.654,conflict-at-land,2,114,
187986.492,conflict-at-land,0,116,
187995.654,start,2,114,
188001.492,start,0,116,
188006.482,conflict-at-land,2,114,
188012.131,conflict-at-land,0,116,
188021.482,start,2,114,
188027.131,start,0,116,
188036.82,conflict-at-land,2,114,
188039.98,conflict-at-land,0,116,
188051.82,start,2,114,
188054.98,start,0,116,
188063.503,conflict-at-land,0,116,
188068.453,conflict-at-land,2,114,
188078.503,start,0,116,
188083.453,start,2,114,
188093.195,conflict-at-land,0,116,
188096.09,conflict-at-land,2,114,
188108.195,start,0,116,
188111.09,start,2,114,
188123.56,conflict-at-land,0,116,
188124.703,conflict-at-land,2,114,
188138.56,start,0,116,
188139.703,start,2,114,
188153.042,conflict-at-land,0,116,
188156.617,conflict-at-land,2,114,
188168.042,start,0,116,
188171.617,start,2,114,
188176.607,conflict-at-land,0,116,
188186.726,conflict-at-land,2,114,
188191.607,start,0,116,
188201.726,start,2,114,
188202.842,conflict-at-land,0,116,
188217.842,start,0,116,
188221.166,conflict-at-land,2,114,
188227.912,conflict-at-land,0,116,
188236.166,start,2,114,
188242.912,start,0,116,
188250.221,conflict-at-land,2,114,
188252.567,conflict-at-land,0,116,
188265.221,start,2,114,
188267.567,start,0,116,
188275.763,conflict-at-land,2,114,
188279.843,conflict-at-land,0,116,
188290.763,start,2,114,
188294.843,start,0,116,
188304.414,conflict-at-land,0,116,
188306.844,conflict-at-land,2,114,
188319.414,start,0,116,
188321.844,start,2,114,
188333.844,conflict-at-land,0,116,
188334.343,conflict-at-land,2,114,
188348.844,start,0,116,
188349.343,start,2,114,
188363.993,conflict-at-land,0,116,
188365.904,conflict-at-land,2,114,
188378.993,start,0,116,
188380.904,start,2,114,
188394.386,conflict-at-land,0,116,
188395.345,conflict-at-land,2,114,
188409.386,start,0,116,
188410.345,start,2,114,
188423.822,conflict-at-land,0,116,
188426.292,conflict-at-land,2,114,
188438.822,start,0,116,
188441.292,start,2,114,
188452.37,conflict-at-land,0,116,
188455.486,conflict-at-land,2,114,
188467.37,start,0,116,
188470.486,start,2,114,
188479.452,conflict-at-land,0,116,
188483.433,conflict-at-land,2,114,
188494.452,start,0,116,
188498.433,start,2,114,
188505.278,conflict-at-land,0,116,
188517.263,conflict-at-land,2,114,
188520.278,start,0,116,
188529.242,conflict-at-land,0,116,
188532.263,start,2,114,
188544.242,start,0,116,
188550.253,conflict-at-land,2,114,
188558.042,conflict-at-land,0,116,
188565.253,start,2,114,
188573.042,start,0,116,
188577.211,conflict-at-land,2,114,
188584.542,conflict-at-land,0,116,
188592.211,start,2,114,
188599.542,start,0,116,
188610.228,conflict-at-land,2,114,
188611.606,conflict-at-land,0,116,
188625.228,start,2,114,
188626.606,start,0,116,
188638.633,conflict-at-land,0,116,
188640.299,conflict-at-land,2,114,
188653.633,start,0,116,
188655.299,start,2,114,
188663.271,conflict-at-land,0,116,
188674.715,conflict-at-land,2,114,
188678.271,start,0,116,
188689.715,start,2,114,
188692.059,conflict-at-land,0,116,
188702.785,conflict-at-land,2,114,
188707.059,start,0,116,
188717.785,start,2,114,
188717.959,conflict-at-land,0,116,
188732.959,start,0,116,
188734.654,conflict-at-land,2,114,
188747.624,conflict-at-land,0,116,
188749.654,start,2,114,
188762.624,start,0,116,
188765.117,conflict-at-land,2,114,
188773.086,conflict-at-land,0,116,
188780.117,start,2,114,
188788.086,start,0,116,
188793.847,conflict-at-land,2,114,
188800.408,conflict-at-land,0,116,
188808.847,start,2,114,
188815.408,start,0,116,
188827.324,conflict-at-land,2,114,
188828.876,conflict-at-land,0,116,
188842.324,start,2,114,
188843.876,start,0,116,
188852.421,conflict-at-land,0,116,
188854.854,conflict-at-land,2,114,
188867.421,start,0,116,
188869.854,start,2,114,
188880.554,conflict-at-land,0,116,
188882.724,conflict-at-land,2,114,
188895.554,start,0,116,
188897.724,start,2,114,
188909.668,conflict-at-land,2,114,
188910.266,conflict-at-land,0,116,
188924.668,start,2,114,
188925.266,start,0,116,
188939.431,conflict-at-land,0,116,
188944.134,conflict-at-land,2,114,
188954.431,start,0,116,
188959.134,start,2,114,
188964.648,conflict-at-land,0,116,
188969.776,conflict-at-land,2,114,
188979.648,start,0,116,
188984.776,start,2,114,
188993.958,conflict-at-land,0,116,
188996.27,conflict-at-land,2,114,
189008.958,start,0,116,
189011.27,start,2,114,
189018.453,conflict-at-land,0,116,
189025.23,conflict-at-land,2,114,
189033.453,start,0,116,
189040.23,start,2,114,
189043.095,conflict-at-land,0,116,
189051.583,conflict-at-land,2,114,
189058.095,start,0,116,
189066.583,start,2,114,
189070.449,conflict-at-land,0,116,
189082.976,conflict-at-land,2,114,
189085.449,start,0,116,
189097.976,start,2,114,
189099.504,conflict-at-land,0,116,
189108.997,conflict-at-land,2,114,
189114.504,start,0,116,
189123.273,conflict-at-land,0,116,
189123.997,start,2,114,
189138.273,start,0,116,
189138.748,conflict-at-land,2,114,
189152.013,conflict-at-land,0,116,
189153.748,start,2,114,
189166.119,conflict-at-land,2,114,
189167.013,start,0,116,
189179.701,conflict-at-land,0,116,
189181.119,start,2,114,
189192.614,conflict-at-land,2,114,
189194.701,start,0,116,
189207.614,start,2,114,
189209.571,conflict-at-land,0,116,
189224.571,start,0,116,
189225.976,conflict-at-land,2,114,
189239.713,conflict-at-land,0,116,
189240.976,start,2,114,
189254.713,start,0,116,
189254.977,conflict-at-land,2,114,
189263.708,conflict-at-land,0,116,
189269.977,start,2,114,
189278.708,start,0,116,
189287.835,conflict-at-land,2,114,
189290.286,conflict-at-land,0,116,
189302.835,start,2,114,
189305.286,start,0,116,
189316.48,conflict-at-land,2,114,
189316.763,conflict-at-land,0,116,
189331.48,start,2,114,
189331.763,start,0,116,
189345.405,conflict-at-land,0,116,
189348.363,conflict-at-land,2,114,
189360.405,start,0,116,
189363.363,start,2,114,
189371.943,conflict-at-land,0,116,
189376.262,conflict-at-land,2,114,
189386.943,start,0,116,
189391.262,start,2,114,
189396.429,conflict-at-land,0,116,
189402.238,conflict-at-land,2,114,
189411.429,start,0,116,
189417.238,start,2,114,
189426.757,conflict-at-land,0,116,
189436.443,conflict-at-land,2,114,
189441.757,start,0,116,
189450.642,conflict-at-land,0,116,
189451.443,start,2,114,
189465.642,start,0,116,
189467.28,conflict-at-land,2,114,
189481.048,conflict-at-land,0,116,
189482.28,start,2,114,
189496.048,start,0,116,
189497.963,conflict-at-land,2,114,
189511.437,conflict-at-land,0,116,
189512.963,start,2,114,
189524.771,conflict-at-land,2,114,
189526.437,start,0,116,
189539.771,start,2,114,
189540.016,conflict-at-land,0,116,
189555.016,start,0,116,
189557.842,conflict-at-land,2,114,
189564.241,conflict-at-land,0,116,
189572.842,start,2,114,
189579.241,start,0,116,
189585.182,conflict-at-land,2,114,
189594.457,conflict-at-land,0,116,
189600.182,start,2,114,
189609.457,start,0,116,
189612.78,conflict-at-land,2,114,
189622.296,conflict-at-land,0,116,
189627.78,start,2,114,
189637.296,start,0,116,
189646.486,conflict-at-land,2,114,
189650.818,conflict-at-land,0,116,
189661.486,start,2,114,
189665.818,start,0,116,
189676.371,conflict-at-land,0,116,
189678.943,conflict-at-land,2,114,
189691.371,start,0,116,
189693.943,start,2,114,
189705.688,conflict-at-land,2,114,
189705.888,conflict-at-land,0,116,
189720.688,start,2,114,
189720.888,start,0,116,
189732.809,conflict-at-land,0,116,
189734.787,conflict-at-land,2,114,
189747.809,start,0,116,
189749.787,start,2,114,
189760.594,conflict-at-land,2,114,
189761.278,conflict-at-land,0,116,
189775.594,start,2,114,
189776.278,start,0,116,
189786.771,conflict-at-land,2,114,
189787.328,conflict-at-land,0,116,
189801.771,start,2,114,
189802.328,start,0,116,
189813.672,conflict-at-land,2,114,
189817.278,conflict-at-land,0,116,
189828.672,start,2,114,
189832.278,start,0,116,
189843.165,conflict-at-land,2,114,
189844.92,conflict-at-land,0,116,
189858.165,start,2,114,
189859.92,start,0,116,
189872.5,conflict-at-land,2,114,
189874.507,conflict-at-land,0,116,
189887.5,start,2,114,
189889.507,start,0,116,
189904.389,conflict-at-land,0,116,
189906.33,conflict-at-land,2,114,
189919.389,start,0,116,
189921.33,start,2,114,
189928.374,conflict-at-land,0,116,
189937.329,conflict-at-land,2,114,
189943.374,start,0,116,
189952.329,start,2,114,
189957.368,conflict-at-land,0,116,
189971.086,conflict-at-land,2,114,
189972.368,start,0,116,
189984.772,conflict-at-land,0,116,
189986.086,start,2,114,
189999.772,start,0,116,
190000.816,conflict-at-land,2,114,
190009.44,conflict-at-land,0,116,
190015.816,start,2,114,
190024.44,start,0,116,
190026.389,conflict-at-land,2,114,
190033.014,conflict-at-land,0,116,
190041.389,start,2,114,
190048.014,start,0,116,
190054.396,conflict-at-land,2,114,
190061.6,conflict-at-land,0,116,
190069.396,start,2,114,
190076.6,start,0,116,
190083.517,conflict-at-land,2,114,
190088.901,conflict-at-land,0,116,
190098.517,start,2,114,
190103.901,start,0,116,
190111.459,conflict-at-land,2,114,
190119.309,conflict-at-land,0,116,
190126.459,start,2,114,
190134.309,start,0,116,
190144.61,conflict-at-land,0,116,
190145.242,conflict-at-land,2,114,
190159.61,start,0,116,
190160.242,start,2,114,
190170.777,conflict-at-land,0,116,
190171.69,conflict-at-land,2,114,
190185.777,start,0,116,
190186.69,start,2,114,
190197.023,conflict-at-land,0,116,
190199.363,conflict-at-land,2,114,
190212.023,start,0,116,
190214.363,start,2,114,
190225.655,conflict-at-land,0,116,
190227.677,conflict-at-land,2,114,
190232.01,conflict-at-land,3,3,
190240.655,start,0,116,
190242.677,start,2,114,
190247.01,start,3,3,
190253.416,conflict-at-land,2,114,
190253.993,conflict-at-land,0,116,
190268.416,start,2,114,
190268.993,start,0,116,
190279.484,conflict-at-land,0,116,
190284.652,conflict-at-land,2,114,
190294.484,start,0,116,
190299.652,start,2,114,
190308.436,conflict-at-land,0,116,
190317.93,conflict-at-land,2,114,
190323.436,start,0,116,
190332.93,start,2,114,
190338.357,conflict-at-land,0,116,
190349.68,conflict-at-land,2,114,
190353.357,start,0,116,
190364.68,start,2,114,
190364.919,conflict-at-land,0,116,
190379.919,start,0,116,
190380.444,conflict-at-land,2,114,
190393.806,conflict-at-land,0,116,
190395.444,start,2,114,
190408.785,conflict-at-land,2,114,
190408.806,start,0,116,
190423.566,conflict-at-land,0,116,
190423.785,start,2,114,
190438.566,start,0,116,
190441.365,conflict-at-land,2,114,
190451.965,conflict-at-land,0,116,
190456.365,start,2,114,
190466.965,start,0,116,
190473.696,conflict-at-land,2,114,
190475.734,conflict-at-land,0,116,
190488.696,start,2,114,
190490.734,start,0,116,
190502.349,conflict-at-land,0,116,
190506.513,conflict-at-land,2,114,
190517.349,start,0,116,
190521.513,start,2,114,
190530.692,conflict-at-land,0,116,
190537.87,conflict-at-land,2,114,
190545.692,start,0,116,
190552.87,start,2,114,
190557.142,conflict-at-land,0,116,
190569.992,conflict-at-land,2,114,
190572.142,start,0,116,
190584.992,start,2,114,
190586.717,conflict-at-land,0,116,
190601.717,start,0,116,
190604.442,conflict-at-land,2,114,
190610.243,conflict-at-land,0,116,
190619.442,start,2,114,
190625.243,start,0,116,
190638.176,conflict-at-land,2,114,
190639.224,conflict-at-land,0,116,
190653.176,start,2,114,
190654.224,start,0,116,
190668.112,conflict-at-land,0,116,
190669.037,conflict-at-land,2,114,
190683.112,start,0,116,
190684.037,start,2,114,
190694.019,conflict-at-land,0,116,
190698.177,conflict-at-land,2,114,
190709.019,start,0,116,
190713.177,start,2,114,
190717.712,conflict-at-land,0,116,
190732.033,conflict-at-land,2,114,
190732.712,start,0,116,
190746.924,conflict-at-land,0,116,
190747.033,start,2,114,
190761.924,start,0,116,
190762.181,conflict-at-land,2,114,
190774.735,conflict-at-land,0,116,
190777.181,start,2,114,
190789.735,start,0,116,
190795.096,conflict-at-land,2,114,
190799.331,conflict-at-land,0,116,
190810.096,start,2,114,
190814.331,start,0,116,
190825.728,conflict-at-land,2,114,
190827.938,conflict-at-land,0,116,
190840.728,start,2,114,
190842.938,start,0,116,
190856.473,conflict-at-land,2,114,
190858.37,conflict-at-land,0,116,
190871.473,start,2,114,
190873.37,start,0,116,
190884.28,conflict-at-land,2,114,
190886.661,conflict-at-land,0,116,
190899.28,start,2,114,
190901.661,start,0,116,
190912.875,conflict-at-land,0,116,
190916.792,conflict-at-land,2,114,
190927.875,start,0,116,
190931.792,start,2,114,
190943.045,conflict-at-land,0,116,
190946.0,conflict-at-land,2,114,
190958.045,start,0,116,
190961.0,start,2,114,
190967.499,conflict-at-land,0,116,
190973.033,conflict-at-land,2,114,
190982.499,start,0,116,
190988.033,start,2,114,
190993.73,conflict-at-land,0,116,
191007.416,conflict-at-land,2,114,
191008.73,start,0,116,
191022.416,start,2,114,
191023.717,conflict-at-land,0,116,
191038.717,start,0,116,
191041.013,conflict-at-land,2,114,
191051.892,conflict-at-land,0,116,
191056.013,start,2,114,
191066.892,start,0,116,
191071.042,conflict-at-land,2,114,
191079.917,conflict-at-land,0,116,
191086.042,start,2,114,
191094.917,start,0,116,
191101.989,conflict-at-land,2,114,
191110.191,conflict-at-land,0,116,
191116.989,start,2,114,
191125.191,start,0,116,
191131.025,conflict-at-land,2,114,
191136.412,conflict-at-land,0,116,
191146.025,start,2,114,
191151.412,start,0,116,
191163.088,conflict-at-land,2,114,
191165.599,conflict-at-land,0,116,
191178.088,start,2,114,
191180.599,start,0,116,
191190.148,conflict-at-land,0,116,
191195.242,conflict-at-land,2,114,
191205.148,start,0,116,
191210.242,start,2,114,
191218.11,conflict-at-land,0,116,
191223.162,conflict-at-land,2,114,
191233.11,start,0,116,
191238.162,start,2,114,
191243.484,conflict-at-land,0,116,
191250.961,conflict-at-land,2,114,
191258.484,start,0,116,
191265.961,start,2,114,
191266.948,conflict-at-land,0,116,
191277.537,conflict-at-land,2,114,
191281.948,start,0,116,
191292.537,start,2,114,
191295.185,conflict-at-land,0,116,
191310.185,start,0,116,
191310.2,conflict-at-land,2,114,
191319.354,conflict-at-land,0,116,
191325.2,start,2,114,
191334.354,start,0,116,
191344.221,conflict-at-land,2,114,
191346.108,conflict-at-land,0,116,
191359.221,start,2,114,
191361.108,start,0,116,
191369.807,conflict-at-land,0,116,
191376.763,conflict-at-land,2,114,
191384.807,start,0,116,
191391.763,start,2,114,
191393.783,conflict-at-land,0,116,
191408.783,start,0,116,
191409.594,conflict-at-land,2,114,
191417.878,conflict-at-land,0,116,
191424.594,start,2,114,
191432.878,start,0,116,
191435.431,conflict-at-land,2,114,
191446.012,conflict-at-land,0,116,
191450.431,start,2,114,
191461.012,start,0,116,
191461.325,conflict-at-land,2,114,
191472.4,conflict-at-land,0,116,
191476.325,start,2,114,
191487.4,start,0,116,
191494.161,conflict-at-land,2,114,
191496.621,conflict-at-land,0,116,
191509.161,start,2,114,
191511.621,start,0,116,
191526.574,conflict-at-land,0,116,
191527.245,conflict-at-land,2,114,
191541.574,start,0,116,
191542.245,start,2,114,
191556.994,conflict-at-land,0,116,
191558.272,conflict-at-land,2,114,
191571.994,start,0,116,
191573.272,start,2,114,
191585.205,conflict-at-land,2,114,
191586.308,conflict-at-land,0,116,
191600.205,start,2,114,
191601.308,start,0,116,
191615.873,conflict-at-land,2,114,
191616.01,conflict-at-land,0,116,
191630.873,start,2,114,
191631.01,start,0,116,
191640.646,conflict-at-land,0,116,
191649.162,conflict-at-land,2,114,
191655.646,start,0,116,
191664.162,start,2,114,
191670.013,conflict-at-land,0,116,
191678.245,conflict-at-land,2,114,
191685.013,start,0,116,
191693.245,start,2,114,
191697.103,conflict-at-land,0,116,
191710.92,conflict-at-land,2,114,
191712.103,start,0,116,
191725.314,conflict-at-land,0,116,
191725.92,start,2,114,
191739.354,conflict-at-land,2,114,
191740.314,start,0,116,
191754.354,start,2,114,
191754.877,conflict-at-land,0,116,
191769.877,start,0,116,
191773.231,conflict-at-land,2,114,
191784.098,conflict-at-land,0,116,
191788.231,start,2,114,
191799.098,start,0,116,
191799.179,conflict-at-land,2,114,
191807.608,conflict-at-land,0,116,
191814.179,start,2,114,
191822.608,start,0,116,
191829.858,conflict-at-land,2,114,
191831.724,conflict-at-land,0,116,
191844.858,start,2,114,
191846.724,start,0,116,
191856.142,conflict-at-land,2,114,
191861.396,conflict-at-land,0,116,
191871.142,start,2,114,
191876.396,start,0,116,
191882.071,conflict-at-land,2,114,
191886.821,conflict-at-land,0,116,
191897.071,start,2,114,
191901.821,start,0,116,
191910.316,conflict-at-land,2,114,
191916.935,conflict-at-land,0,116,
191925.316,start,2,114,
191931.935,start,0,116,
191944.336,conflict-at-land,2,114,
191945.984,conflict-at-land,0,116,
191959.336,start,2,114,
191960.984,start,0,116,
191970.228,conflict-at-land,0,116,
191973.964,conflict-at-land,2,114,
191985.228,start,0,116,
191988.964,start,2,114,
192000.568,conflict-at-land,0,116,
192001.475,conflict-at-land,2,114,
192015.568,start,0,116,
192016.475,start,2,114,
192028.584,conflict-at-land,0,116,
192033.981,conflict-at-land,2,114,
192043.584,start,0,116,
192048.981,start,2,114,
192055.654,conflict-at-land,0,116,
192067.451,conflict-at-land,2,114,
192070.654,start,0,116,
192082.451,start,2,114,
192085.814,conflict-at-land,0,116,
192096.245,conflict-at-land,2,114,
192100.814,start,0,116,
192111.245,start,2,114,
192114.322,conflict-at-land,0,116,
192122.595,conflict-at-land,2,114,
192129.322,start,0,116,
192137.595,start,2,114,
192140.824,conflict-at-land,0,116,
192154.144,conflict-at-land,2,114,
192155.824,start,0,116,
192166.203,conflict-at-land,0,116,
192169.144,start,2,114,
192181.203,start,0,116,
192183.003,conflict-at-land,2,114,
192195.071,conflict-at-land,0,116,
192198.003,start,2,114,
192210.071,start,0,116,
192210.403,conflict-at-land,2,114,
192225.112,conflict-at-land,0,116,
192225.403,start,2,114,
192237.171,conflict-at-land,2,114,
192240.112,start,0,116,
192250.117,conflict-at-land,0,116,
192252.171,start,2,114,
192265.117,start,0,116,
192268.2,conflict-at-land,2,114,
192275.174,conflict-at-land,0,116,
192283.2,start,2,114,
192290.174,start,0,116,
192301.157,conflict-at-land,0,116,
192301.26,conflict-at-land,2,114,
192316.157,start,0,116,
192316.26,start,2,114,
192325.473,conflict-at-land,0,116,
192332.781,conflict-at-land,2,114,
192340.473,start,0,116,
192347.781,start,2,114,
192351.951,conflict-at-land,0,116,
192363.896,conflict-at-land,2,114,
192366.951,start,0,116,
192376.157,conflict-at-land,0,116,
192378.896,start,2,114,
192389.873,conflict-at-land,2,114,
192391.157,start,0,116,
192401.683,conflict-at-land,0,116,
192404.873,start,2,114,
192416.683,start,0,116,
192420.01,conflict-at-land,2,114,
192426.516,conflict-at-land,0,116,
192435.01,start,2,114,
192441.516,start,0,116,
192447.384,conflict-at-land,2,114,
192455.937,conflict-at-land,0,116,
192462.384,start,2,114,
192470.937,start,0,116,
192475.062,conflict-at-land,2,114,
192481.835,conflict-at-land,0,116,
192490.062,start,2,114,
192496.835,start,0,116,
192508.404,conflict-at-land,2,114,
192512.42,conflict-at-land,0,116,
192523.404,start,2,114,
192527.42,start,0,116,
192536.832,conflict-at-land,0,116,
192540.854,conflict-at-land,2,114,
192551.832,start,0,116,
192555.854,start,2,114,
192565.738,conflict-at-land,0,116,
192567.168,conflict-at-land,2,114,
192580.738,start,0,116,
192582.168,start,2,114,
192594.894,conflict-at-land,0,116,
192595.152,conflict-at-land,2,114,
192609.894,start,0,116,
192610.152,start,2,114,
192619.873,conflict-at-land,0,116,
192624.487,conflict-at-land,2,114,
192634.873,start,0,116,
192639.487,start,2,114,
192644.297,conflict-at-land,0,116,
192655.989,conflict-at-land,2,114,
192659.297,start,0,116,
192670.989,start,2,114,
192673.623,conflict-at-land,0,116,
192687.486,conflict-at-land,2,114,
192688.623,start,0,116,
192702.486,start,2,114,
192702.765,conflict-at-land,0,116,
192714.438,conflict-at-land,2,114,
192717.765,start,0,116,
192728.127,conflict-at-land,0,116,
192729.438,start,2,114,
192743.127,start,0,116,
192747.474,conflict-at-land,2,114,
192749.173,conflict-at-land,3,3,
192753.878,conflict-at-land,0,116,
192762.474,start,2,114,
192764.173,start,3,3,
192768.878,start,0,116,
192778.353,conflict-at-land,0,116,
192779.697,conflict-at-land,2,114,
192793.353,start,0,116,
192794.697,start,2,114,
192803.347,conflict-at-land,0,116,
192813.506,conflict-at-land,2,114,
192818.347,start,0,116,
192828.506,start,2,114,
192833.241,conflict-at-land,0,116,
192844.37,conflict-at-land,2,114,
192848.241,start,0,116,
192856.756,conflict-at-land,0,116,
192859.37,start,2,114,
192870.021,conflict-at-land,2,114,
192871.756,start,0,116,
192885.021,start,2,114,
192886.907,conflict-at-land,0,116,
192901.907,start,0,116,
192902.709,conflict-at-land,2,114,
192915.332,conflict-at-land,0,116,
192917.709,start,2,114,
192930.332,start,0,116,
192930.545,conflict-at-land,2,114,
192945.275,conflict-at-land,0,116,
192945.545,start,2,114,
192956.702,conflict-at-land,2,114,
192960.275,start,0,116,
192971.702,start,2,114,
192973.628,conflict-at-land,0,116,
192973.628,abandon,0,116,
192973.628,start,0,117,
192979.161,conflict-at-land,0,117,
192988.396,conflict-at-land,2,114,
192994.161,start,0,117,
193001.287,conflict-at-land,0,117,
193003.396,start,2,114,
193015.602,conflict-at-land,2,114,
193016.287,start,0,117,
193023.951,conflict-at-land,0,117,
193030.602,start,2,114,
193038.951,start,0,117,
193044.372,conflict-at-land,0,117,
193049.498,conflict-at-land,2,114,
193049.498,abandon,2,114,
193049.498,start,2,118,
193054.885,conflict-at-land,2,118,
193059.372,start,0,117,
193066.433,conflict-at-land,0,117,
193069.885,start,2,118,
193075.32,conflict-at-land,2,118,
193081.433,start,0,117,
193087.752,conflict-at-land,0,117,
193090.32,start,2,118,
193097.008,conflict-at-land,2,118,
193102.752,start,0,117,
193110.355,conflict-at-land,0,117,
193112.008,start,2,118,
193118.923,conflict-at-land,2,118,
193125.355,start,0,117,
193130.548,conflict-at-land,0,117,
193133.923,start,2,118,
193139.395,conflict-at-land,2,118,
193145.548,start,0,117,
193150.018,conflict-at-land,0,117,
193154.395,start,2,118,
193161.49,conflict-at-land,2,118,
193165.018,start,0,117,
193172.259,conflict-at-land,0,117,
193176.49,start,2,118,
193181.493,conflict-at-land,2,118,
193187.259,start,0,117,
193193.158,conflict-at-land,0,117,
193196.493,start,2,118,
193201.939,conflict-at-land,2,118,
193208.158,start,0,117,
193213.377,conflict-at-land,0,117,
193216.939,start,2,118,
193221.244,conflict-at-land,2,118,
193228.377,start,0,117,
193234.718,conflict-at-land,0,117,
193236.244,start,2,118,
193243.866,conflict-at-land,2,118,
193249.718,start,0,117,
193254.533,conflict-at-land,0,117,
193258.866,start,2,118,
193265.781,conflict-at-land,2,118,
193269.533,start,0,117,
193276.516,conflict-at-land,0,117,
193280.781,start,2,118,
193286.909,conflict-at-land,2,118,
193291.516,start,0,117,
193298.769,conflict-at-land,0,117,
193301.909,start,2,118,
193307.633,conflict-at-land,2,118,
193313.769,start,0,117,
193320.205,conflict-at-land,0,117,
193322.633,start,2,118,
193327.078,conflict-at-land,2,118,
193335.205,start,0,117,
193339.955,conflict-at-land,0,117,
193342.078,start,2,118,
193348.391,conflict-at-land,2,118,
193354.955,start,0,117,
193362.187,conflict-at-land,0,117,
193363.391,start,2,118,
193369.298,conflict-at-land,2,118,
193377.187,start,0,117,
193384.298,refuse,2,118,
193384.748,conflict-at-land,0,117,
193399.298,start,2,118,
193399.748,refuse,0,117,
193405.276,conflict-at-land,2,118,
193414.748,start,0,117,
193420.276,refuse,2,118,
193420.425,conflict-at-land,0,117,
193435.276,start,2,118,
193435.425,refuse,0,117,
193442.297,conflict-at-land,2,118,
193450.425,start,0,117,
193457.297,refuse,2,118,
193457.939,conflict-at-land,0,117,
193472.297,start,2,118,
193472.939,refuse,0,117,
193479.74,conflict-at-land,2,118,
193487.939,start,0,117,
193494.513,conflict-at-land,0,117,
193494.74,start,2,118,
193499.714,conflict-at-land,2,118,
193509.513,start,0,117,
193514.714,refuse,2,118,
193514.825,conflict-at-land,0,117,
193529.714,start,2,118,
193529.825,refuse,0,117,
193535.921,conflict-at-land,2,118,
193544.825,start,0,117,
193549.155,conflict-at-land,0,117,
193550.921,start,2,118,
193556.197,conflict-at-land,2,118,
193564.155,start,0,117,
193571.192,conflict-at-land,0,117,
193571.197,start,2,118,
193576.301,conflict-at-land,2,118,
193586.192,start,0,117,
193591.301,refuse,2,118,
193592.725,conflict-at-land,0,117,
193606.301,start,2,118,
193607.725,refuse,0,117,
193611.595,conflict-at-land,2,118,
193622.725,start,0,117,
193626.595,refuse,2,118,
193627.405,conflict-at-land,0,117,
193641.595,start,2,118,
193642.405,refuse,0,117,
193646.995,conflict-at-land,2,118,
193657.405,start,0,117,
193661.995,refuse,2,118,
193662.762,conflict-at-land,0,117,
193676.995,start,2,118,
193677.762,refuse,0,117,
193682.195,conflict-at-land,2,118,
193692.762,start,0,117,
193697.195,refuse,2,118,
193698.08,conflict-at-land,0,117,
193712.195,start,2,118,
193713.08,refuse,0,117,
193719.702,conflict-at-land,2,118,
193728.08,start,0,117,
193734.349,conflict-at-land,0,117,
193734.702,start,2,118,
193740.692,conflict-at-land,2,118,
193749.349,start,0,117,
193754.5,conflict-at-land,0,117,
193755.692,start,2,118,
193760.936,conflict-at-land,2,118,
193769.5,start,0,117,
193775.936,refuse,2,118,
193776.578,conflict-at-land,0,117,
193790.936,start,2,118,
193791.578,refuse,0,117,
193796.338,conflict-at-land,2,118,
193806.578,start,0,117,
193811.314,conflict-at-land,0,117,
193811.338,start,2,118,
193816.932,conflict-at-land,2,118,
193826.314,start,0,117,
193831.932,refuse,2,118,
193832.938,conflict-at-land,0,117,
193846.932,start,2,118,
193847.938,refuse,0,117,
193854.519,conflict-at-land,2,118,
193862.938,start,0,117,
193869.519,refuse,2,118,
193870.137,conflict-at-land,0,117,
193884.519,start,2,118,
193885.137,refuse,0,117,
193890.5,conflict-at-land,2,118,
193900.137,start,0,117,
193904.943,conflict-at-land,0,117,
193905.5,start,2,118,
193912.89,conflict-at-land,2,118,
193919.943,start,0,117,
193924.286,conflict-at-land,0,117,
193927.89,start,2,118,
193934.189,conflict-at-land,2,118,
193939.286,start,0,117,
193946.983,conflict-at-land,0,117,
193949.189,start,2,118,
193954.53,conflict-at-land,2,118,
193961.983,start,0,117,
193968.066,conflict-at-land,0,117,
193969.53,start,2,118,
193974.829,conflict-at-land,2,118,
193983.066,start,0,117,
193988.762,conflict-at-land,0,117,
193989.829,start,2,118,
193994.421,conflict-at-land,2,118,
194003.762,start,0,117,
194009.421,refuse,2,118,
194010.185,conflict-at-land,0,117,
194024.421,start,2,118,
194025.185,refuse,0,117,
194031.146,conflict-at-land,2,118,
194040.185,start,0,117,
194044.85,conflict-at-land,0,117,
194046.146,start,2,118,
194050.384,conflict-at-land,2,118,
194059.85,start,0,117,
194064.919,conflict-at-land,0,117,
194065.384,start,2,118,
194070.859,conflict-at-land,2,118,
194079.919,start,0,117,
194085.684,conflict-at-land,0,117,
194085.859,start,2,118,
194092.624,conflict-at-land,2,118,
194100.684,start,0,117,
194106.757,conflict-at-land,0,117,
194107.624,start,2,118,
194111.941,conflict-at-land,2,118,
194121.757,start,0,117,
194126.025,conflict-at-land,0,117,
194126.941,start,2,118,
194132.738,conflict-at-land,2,118,
194141.025,start,0,117,
194145.832,conflict-at-land,0,117,
194147.738,start,2,118,
194154.848,conflict-at-land,2,118,
194160.832,start,0,117,
194167.717,conflict-at-land,0,117,
194169.848,start,2,118,
194176.943,conflict-at-land,2,118,
194182.717,start,0,117,
194189.138,conflict-at-land,0,117,
194191.943,start,2,118,
194196.897,conflict-at-land,2,118,
194204.138,start,0,117,
194211.19,conflict-at-land,0,117,
194211.897,start,2,118,
194217.138,conflict-at-land,2,118,
194226.19,start,0,117,
194230.984,conflict-at-land,0,117,
194232.138,start,2,118,
194236.478,conflict-at-land,2,118,
194245.984,start,0,117,
194251.478,refuse,2,118,
194251.589,conflict-at-land,0,117,
194266.478,start,2,118,
194266.589,refuse,0,117,
194274.116,conflict-at-land,2,118,
194281.589,start,0,117,
194288.252,conflict-at-land,0,117,
194289.116,start,2,118,
194295.692,conflict-at-land,2,118,
194303.252,start,0,117,
194308.82,conflict-at-land,0,117,
194310.692,start,2,118,
194316.462,conflict-at-land,2,118,
194323.82,start,0,117,
194331.295,conflict-at-land,0,117,
194331.462,start,2,118,
194339.258,conflict-at-land,2,118,
194346.295,start,0,117,
194351.696,conflict-at-land,0,117,
194354.258,start,2,118,
194360.575,conflict-at-land,2,118,
194366.696,start,0,117,
194372.649,conflict-at-land,0,117,
194375.575,start,2,118,
194380.506,conflict-at-land,2,118,
194387.649,start,0,117,
194393.689,conflict-at-land,0,117,
194395.506,start,2,118,
194400.026,conflict-at-land,2,118,
194408.689,start,0,117,
194415.026,refuse,2,118,
194415.756,conflict-at-land,0,117,
194430.026,start,2,118,
194430.756,refuse,0,117,
194435.683,conflict-at-land,2,118,
194445.756,start,0,117,
194450.683,refuse,2,118,
194452.311,conflict-at-land,0,117,
194465.683,start,2,118,
194467.311,refuse,0,117,
194472.692,conflict-at-land,2,118,
194482.311,start,0,117,
194487.359,conflict-at-land,0,117,
194487.692,start,2,118,
194495.304,conflict-at-land,2,118,
194502.359,start,0,117,
194510.112,conflict-at-land,0,117,
194510.304,start,2,118,
194516.251,conflict-at-land,2,118,
194525.112,start,0,117,
194529.572,conflict-at-land,0,117,
194531.251,start,2,118,
194537.753,conflict-at-land,2,118,
194544.572,start,0,117,
194551.214,conflict-at-land,0,117,
194552.753,start,2,118,
194557.738,conflict-at-land,2,118,
194566.214,start,0,117,
194572.738,refuse,2,118,
194573.215,conflict-at-land,0,117,
194587.738,start,2,118,
194588.215,refuse,0,117,
194592.953,conflict-at-land,2,118,
194603.215,start,0,117,
194607.953,refuse,2,118,
194608.351,conflict-at-land,0,117,
194622.953,start,2,118,
194623.351,refuse,0,117,
194627.46,conflict-at-land,2,118,
194638.351,start,0,117,
194642.46,refuse,2,118,
194644.78,conflict-at-land,0,117,
194657.46,start,2,118,
194659.78,refuse,0,117,
194664.382,conflict-at-land,2,118,
194674.78,start,0,117,
194679.382,refuse,2,118,
194681.479,conflict-at-land,0,117,
194694.382,start,2,118,
194696.479,refuse,0,117,
194699.682,conflict-at-land,2,118,
194711.479,start,0,117,
194714.682,refuse,2,118,
194716.749,conflict-at-land,0,117,
194729.682,start,2,118,
194731.749,refuse,0,117,
194734.076,conflict-at-land,2,118,
194746.749,start,0,117,
194749.076,refuse,2,118,
194751.581,conflict-at-land,0,117,
194764.076,start,2,118,
194766.581,refuse,0,117,
194769.192,conflict-at-land,2,118,
194781.581,start,0,117,
194784.192,refuse,2,118,
194786.533,conflict-at-land,0,117,
194799.192,start,2,118,
194801.533,refuse,0,117,
194803.543,conflict-at-land,2,118,
194816.533,start,0,117,
194818.543,refuse,2,118,
194822.17,conflict-at-land,0,117,
194833.543,start,2,118,
194837.17,refuse,0,117,
194837.779,conflict-at-land,2,118,
194852.17,start,0,117,
194852.779,refuse,2,118,
194858.182,conflict-at-land,0,117,
194867.779,start,2,118,
194871.989,conflict-at-land,2,118,
194873.182,start,0,117,
194878.756,conflict-at-land,0,117,
194886.989,start,2,118,
194891.538,conflict-at-land,2,118,
194893.756,start,0,117,
194898.539,conflict-at-land,0,117,
194906.538,start,2,118,
194913.246,conflict-at-land,2,118,
194913.539,start,0,117,
194918.001,conflict-at-land,0,117,
194928.246,start,2,118,
194933.001,refuse,0,117,
194935.256,conflict-at-land,2,118,
194948.001,start,0,117,
194950.256,refuse,2,118,
194954.65,conflict-at-land,0,117,
194965.256,start,2,118,
194969.65,refuse,0,117,
194971.763,conflict-at-land,2,118,
194984.65,start,0,117,
194986.763,refuse,2,118,
194990.761,conflict-at-land,0,117,
195001.763,start,2,118,
195005.761,refuse,0,117,
195008.562,conflict-at-land,2,118,
195020.761,start,0,117,
195023.562,refuse,2,118,
195025.754,conflict-at-land,0,117,
195038.562,start,2,118,
195040.754,refuse,0,117,
195044.225,conflict-at-land,2,118,
195055.754,start,0,117,
195059.225,refuse,2,118,
195060.018,conflict-at-land,0,117,
195074.225,start,2,118,
195075.018,refuse,0,117,
195078.44,conflict-at-land,2,118,
195079.501,conflict-at-land,3,3,
195090.018,start,0,117,
195093.44,refuse,2,118,
195094.501,start,3,3,
195095.715,conflict-at-land,0,117,
195108.44,start,2,118,
195110.715,refuse,0,117,
195116.115,conflict-at-land,2,118,
195125.715,start,0,117,
195131.115,refuse,2,118,
195132.935,conflict-at-land,0,117,
195146.115,start,2,118,
195147.935,refuse,0,117,
195150.508,conflict-at-land,2,118,
195162.935,start,0,117,
195165.508,refuse,2,118,
195170.437,conflict-at-land,0,117,
195180.508,start,2,118,
195185.437,refuse,0,117,
195186.133,conflict-at-land,2,118,
195200.437,start,0,117,
195201.133,refuse,2,118,
195206.129,conflict-at-land,0,117,
195216.133,start,2,118,
195220.906,conflict-at-land,2,118,
195221.129,start,0,117,
195225.659,conflict-at-land,0,117,
195235.906,start,2,118,
195240.659,refuse,0,117,
195241.733,conflict-at-land,2,118,
195255.659,start,0,117,
195256.733,refuse,2,118,
195261.819,conflict-at-land,0,117,
195271.733,start,2,118,
195276.819,refuse,0,117,
195279.0,conflict-at-land,2,118,
195291.819,start,0,117,
195294.0,refuse,2,118,
195298.411,conflict-at-land,0,117,
195309.0,start,2,118,
195313.411,refuse,0,117,
195313.891,conflict-at-land,2,118,
195328.411,start,0,117,
195328.891,refuse,2,118,
195334.756,conflict-at-land,0,117,
195343.891,start,2,118,
195349.756,refuse,0,117,
195351.046,conflict-at-land,2,118,
195364.756,start,0,117,
195366.046,refuse,2,118,
195369.847,conflict-at-land,0,117,
195381.046,start,2,118,
195384.847,refuse,0,117,
195386.299,conflict-at-land,2,118,
195399.847,start,0,117,
195401.299,refuse,2,118,
195404.975,conflict-at-land,0,117,
195416.299,start,2,118,
195419.975,refuse,0,117,
195423.998,conflict-at-land,2,118,
195434.975,start,0,117,
195438.998,refuse,2,118,
195439.705,conflict-at-land,0,117,
195453.998,start,2,118,
195454.705,refuse,0,117,
195460.475,conflict-at-land,2,118,
195469.705,start,0,117,
195475.207,conflict-at-land,0,117,
195475.475,start,2,118,
195482.285,conflict-at-land,2,118,
195490.207,start,0,117,
195496.208,conflict-at-land,0,117,
195497.285,start,2,118,
195502.273,conflict-at-land,2,118,
195511.208,start,0,117,
195517.273,refuse,2,118,
195518.503,conflict-at-land,0,117,
195532.273,start,2,118,
195533.503,refuse,0,117,
195538.406,conflict-at-land,2,118,
195548.503,start,0,117,
195552.782,conflict-at-land,0,117,
195553.406,start,2,118,
195558.393,conflict-at-land,2,118,
195567.782,start,0,117,
195572.589,conflict-at-land,0,117,
195573.393,start,2,118,
195578.753,conflict-at-land,2,118,
195587.589,start,0,117,
195592.375,conflict-at-land,0,117,
195593.753,start,2,118,
195600.275,conflict-at-land,2,118,
195607.375,start,0,117,
195613.766,conflict-at-land,0,117,
195615.275,start,2,118,
195620.872,conflict-at-land,2,118,
195628.766,start,0,117,
195633.893,conflict-at-land,0,117,
195635.872,start,2,118,
195642.359,conflict-at-land,2,118,
195648.893,start,0,117,
195654.445,conflict-at-land,0,117,
195657.359,start,2,118,
195664.323,conflict-at-land,2,118,
195669.445,start,0,117,
195676.755,conflict-at-land,0,117,
195679.323,start,2,118,
195686.114,conflict-at-land,2,118,
195691.755,start,0,117,
195699.336,conflict-at-land,0,117,
195701.114,start,2,118,
195706.399,conflict-at-land,2,118,
195714.336,start,0,117,
195721.399,refuse,2,118,
195721.6,conflict-at-land,0,117,
195736.399,start,2,118,
195736.6,refuse,0,117,
195742.059,conflict-at-land,2,118,
195751.6,start,0,117,
195757.059,refuse,2,118,
195758.888,conflict-at-land,0,117,
195772.059,start,2,118,
195773.888,refuse,0,117,
195778.482,conflict-at-land,2,118,
195788.888,start,0,117,
195793.482,refuse,2,118,
195794.12,conflict-at-land,0,117,
195808.482,start,2,118,
195809.12,refuse,0,117,
195813.691,conflict-at-land,2,118,
195824.12,start,0,117,
195828.691,refuse,2,118,
195831.405,conflict-at-land,0,117,
195843.691,start,2,118,
195846.405,refuse,0,117,
195849.631,conflict-at-land,2,118,
195861.405,start,0,117,
195864.631,refuse,2,118,
195866.155,conflict-at-land,0,117,
195879.631,start,2,118,
195881.155,refuse,0,117,
195885.919,conflict-at-land,2,118,
195896.155,start,0,117,
195900.864,conflict-at-land,0,117,
195900.919,start,2,118,
195905.339,conflict-at-land,2,118,
195915.864,start,0,117,
195920.339,refuse,2,118,
195921.001,conflict-at-land,0,117,
195935.339,start,2,118,
195936.001,refuse,0,117,
195942.33,conflict-at-land,2,118,
195951.001,start,0,117,
195955.95,conflict-at-land,0,117,
195957.33,start,2,118,
195964.638,conflict-at-land,2,118,
195970.95,start,0,117,
195975.295,conflict-at-land,0,117,
195979.638,start,2,118,
195985.052,conflict-at-land,2,118,
195990.295,start,0,117,
195994.511,conflict-at-land,0,117,
196000.052,start,2,118,
196006.728,conflict-at-land,2,118,
196009.511,start,0,117,
196015.925,conflict-at-land,0,117,
196021.728,start,2,118,
196028.752,conflict-at-land,2,118,
196030.925,start,0,117,
196038.062,conflict-at-land,0,117,
196043.752,start,2,118,
196051.22,conflict-at-land,2,118,
196053.062,start,0,117,
196058.787,conflict-at-land,0,117,
196066.22,start,2,118,
196071.74,conflict-at-land,2,118,
196073.787,start,0,117,
196080.177,conflict-at-land,0,117,
196086.74,start,2,118,
196092.689,conflict-at-land,2,118,
196095.177,start,0,117,
196100.074,conflict-at-land,0,117,
196107.689,start,2,118,
196113.447,conflict-at-land,2,118,
196115.074,start,0,117,
196120.684,conflict-at-land,0,117,
196128.447,start,2,118,
196135.684,refuse,0,117,
196135.847,conflict-at-land,2,118,
196150.684,start,0,117,
196150.847,refuse,2,118,
196155.175,conflict-at-land,0,117,
196165.847,start,2,118,
196170.175,refuse,0,117,
196172.663,conflict-at-land,2,118,
196185.175,start,0,117,
196187.663,refuse,2,118,
196191.917,conflict-at-land,0,117,
196202.663,start,2,118,
196206.917,refuse,0,117,
196210.154,conflict-at-land,2,118,
196221.917,start,0,117,
196225.154,refuse,2,118,
196228.163,conflict-at-land,0,117,
196240.154,start,2,118,
196243.163,refuse,0,117,
196246.893,conflict-at-land,2,118,
196258.163,start,0,117,
196261.893,refuse,2,118,
196262.806,conflict-at-land,0,117,
196276.893,start,2,118,
196277.806,refuse,0,117,
196284.238,conflict-at-land,2,118,
196292.806,start,0,117,
196297.193,conflict-at-land,0,117,
196299.238,start,2,118,
196305.627,conflict-at-land,2,118,
196312.193,start,0,117,
196316.799,conflict-at-land,0,117,
196320.627,start,2,118,
196325.652,conflict-at-land,2,118,
196331.799,start,0,117,
196338.474,conflict-at-land,0,117,
196340.652,start,2,118,
196346.233,conflict-at-land,2,118,
196353.474,start,0,117,
196360.144,conflict-at-land,0,117,
196361.233,start,2,118,
196366.225,conflict-at-land,2,118,
196375.144,start,0,117,
196379.689,conflict-at-land,0,117,
196381.225,start,2,118,
196386.674,conflict-at-land,2,118,
196394.689,start,0,117,
196400.71,conflict-at-land,0,117,
196401.674,start,2,118,
196408.789,conflict-at-land,2,118,
196415.71,start,0,117,
196423.029,conflict-at-land,0,117,
196423.789,start,2,118,
196429.352,conflict-at-land,2,118,
196438.029,start,0,117,
196444.352,refuse,2,118,
196445.623,conflict-at-land,0,117,
196459.352,start,2,118,
196460.623,refuse,0,117,
196465.579,conflict-at-land,2,118,
196475.623,start,0,117,
196480.486,conflict-at-land,0,117,
196480.579,start,2,118,
196486.592,conflict-at-land,2,118,
196495.486,start,0,117,
196501.592,refuse,2,118,
196502.133,conflict-at-land,0,117,
196516.592,start,2,118,
196517.133,refuse,0,117,
196523.539,conflict-at-land,2,118,
196532.133,start,0,117,
196536.764,conflict-at-land,0,117,
196538.539,start,2,118,
196546.24,conflict-at-land,2,118,
196551.764,start,0,117,
196557.969,conflict-at-land,0,117,
196561.24,start,2,118,
196565.458,conflict-at-land,2,118,
196572.969,start,0,117,
196578.196,conflict-at-land,0,117,
196580.458,start,2,118,
196587.654,conflict-at-land,2,118,
196593.196,start,0,117,
196597.592,conflict-at-land,0,117,
196602.654,start,2,118,
196607.976,conflict-at-land,2,118,
196612.592,start,0,117,
196619.235,conflict-at-land,0,117,
196622.976,start,2,118,
196627.635,conflict-at-land,2,118,
196634.235,start,0,117,
196641.019,conflict-at-land,0,117,
196642.635,start,2,118,
196648.957,conflict-at-land,2,118,
196656.019,start,0,117,
196661.186,conflict-at-land,0,117,
196663.957,start,2,118,
196671.074,conflict-at-land,2,118,
196676.186,start,0,117,
196680.648,conflict-at-land,0,117,
196686.074,start,2,118,
196690.97,conflict-at-land,2,118,
196695.648,start,0,117,
196702.6,conflict-at-land,0,117,
196705.97,start,2,118,
196712.338,conflict-at-land,2,118,
196717.6,start,0,117,
196722.58,conflict-at-land,0,117,
196727.338,start,2,118,
196732.951,conflict-at-land,2,118,
196737.58,start,0,117,
196744.834,conflict-at-land,0,117,
196747.951,start,2,118,
196752.774,conflict-at-land,2,118,
196759.834,start,0,117,
196764.266,conflict-at-land,0,117,
196767.774,start,2,118,
196773.769,conflict-at-land,2,118,
196779.266,start,0,117,
196784.2,conflict-at-land,0,117,
196788.769,start,2,118,
196795.426,conflict-at-land,2,118,
196799.2,start,0,117,
196804.28,conflict-at-land,0,117,
196810.426,start,2,118,
196815.307,conflict-at-land,2,118,
196819.28,start,0,117,
196825.69,conflict-at-land,0,117,
196830.307,start,2,118,
196837.962,conflict-at-land,2,118,
196840.69,start,0,117,
196846.864,conflict-at-land,0,117,
196846.864,abandon,0,117,
196846.864,refuse,0,119,
196852.962,start,2,118,
196860.64,conflict-at-land,2,118,
196861.864,refuse,0,119,
196875.64,start,2,118,
196876.864,refuse,0,119,
196883.41,conflict-at-land,2,118,
196891.864,refuse,0,119,
196898.41,start,2,118,
196905.316,conflict-at-land,2,118,
196906.864,refuse,0,119,
196920.316,start,2,118,
196921.864,refuse,0,119,
196926.582,conflict-at-land,2,118,
196936.864,refuse,0,119,
196941.582,start,2,118,
196947.122,conflict-at-land,2,118,
196947.122,abandon,2,118,
196947.122,start,2,120,
196951.864,refuse,0,119,
196966.864,refuse,0,119,
196974.026,conflict-at-land,2,120,
196981.864,refuse,0,119,
196989.026,start,2,120,
196996.864,refuse,0,119,
197011.864,refuse,0,119,
197025.637,conflict-at-land,2,120,
197026.864,refuse,0,119,
197040.637,start,2,120,
197041.864,refuse,0,119,
197056.864,refuse,0,119,
197069.709,conflict-at-land,2,120,
197071.864,refuse,0,119,
197084.709,start,2,120,
197086.864,refuse,0,119,
197101.864,refuse,0,119,
197116.864,refuse,0,119,
197122.155,conflict-at-land,2,120,
197131.864,refuse,0,119,
197137.155,start,2,120,
197146.864,refuse,0,119,
197161.864,refuse,0,119,
197171.72,conflict-at-land,2,120,
197176.864,refuse,0,119,
197186.72,start,2,120,
197191.864,refuse,0,119,
197206.864,refuse,0,119,
197221.864,refuse,0,119,
197223.947,conflict-at-land,2,120,
197236.864,refuse,0,119,
197238.947,start,2,120,
197251.864,refuse,0,119,
197266.864,refuse,0,119,
197276.582,conflict-at-land,2,120,
197281.864,refuse,0,119,
197291.582,start,2,120,
197296.864,refuse,0,119,
197311.864,refuse,0,119,
197326.864,refuse,0,119,
197328.879,conflict-at-land,2,120,
197341.864,refuse,0,119,
197343.879,start,2,120,
197356.864,refuse,0,119,
197371.864,refuse,0,119,
197386.864,refuse,0,119,
197389.113,conflict-at-land,2,120,
197401.864,refuse,0,119,
197404.113,start,2,120,
197416.864,refuse,0,119,
197431.864,refuse,0,119,
197441.278,conflict-at-land,2,120,
197446.864,refuse,0,119,
197456.278,start,2,120,
197461.864,refuse,0,119,
197476.607,conflict-at-land,3,3,
197476.864,start,0,119,
197484.017,conflict-at-land,2,120,
197491.607,refuse,3,3,
197499.017,start,2,120,
197506.607,refuse,3,3,
197521.607,refuse,3,3,
197536.607,refuse,3,3,
197540.235,conflict-at-land,2,120,
197551.607,refuse,3,3,
197555.235,start,2,120,
197566.607,refuse,3,3,
197581.607,refuse,3,3,
197588.377,conflict-at-land,2,120,
197596.607,refuse,3,3,
197603.377,start,2,120,
197611.607,refuse,3,3,
197626.607,refuse,3,3,
197638.163,conflict-at-land,2,120,
197641.607,refuse,3,3,
197653.163,start,2,120,
197654.076,conflict-at-land,0,119,
197656.607,start,3,3,
197669.076,refuse,0,119,
197684.076,refuse,0,119,
197690.507,conflict-at-land,2,120,
197699.076,refuse,0,119,
197705.507,start,2,120,
197714.076,refuse,0,119,
197729.076,refuse,0,119,
197744.076,refuse,0,119,
197745.172,conflict-at-land,2,120,
197759.076,refuse,0,119,
197760.172,start,2,120,
197774.076,refuse,0,119,
197789.076,refuse,0,119,
197804.076,refuse,0,119,
197806.931,conflict-at-land,2,120,
197819.076,refuse,0,119,
197821.931,start,2,120,
197834.076,refuse,0,119,
197848.261,conflict-at-land,2,120,
197849.076,refuse,0,119,
197863.261,start,2,120,
197864.076,refuse,0,119,
197879.076,refuse,0,119,
197894.076,refuse,0,119,
197908.28,conflict-at-land,2,120,
197909.076,refuse,0,119,
197923.28,start,2,120,
197924.076,refuse,0,119,
197939.076,refuse,0,119,
197954.076,refuse,0,119,
197969.076,refuse,0,119,
197969.864,conflict-at-land,2,120,
197984.076,refuse,0,119,
197984.864,start,2,120,
197999.076,refuse,0,119,
198014.076,refuse,0,119,
198028.705,conflict-at-land,2,120,
198029.076,refuse,0,119,
198043.705,start,2,120,
198044.076,refuse,0,119,
198059.076,refuse,0,119,
198074.076,refuse,0,119,
198078.914,conflict-at-land,2,120,
198089.076,refuse,0,119,
198093.914,start,2,120,
198104.076,refuse,0,119,
198119.076,refuse,0,119,
198133.44,conflict-at-land,2,120,
198134.076,refuse,0,119,
198148.44,start,2,120,
198149.076,refuse,0,119,
198164.076,refuse,0,119,
198179.076,refuse,0,119,
198183.72,conflict-at-land,2,120,
198194.076,refuse,0,119,
198198.72,start,2,120,
198209.076,refuse,0,119,
198224.076,refuse,0,119,
198231.981,conflict-at-land,2,120,
198239.076,refuse,0,119,
198246.981,start,2,120,
198254.076,refuse,0,119,
198269.076,refuse,0,119,
198275.556,conflict-at-land,2,120,
198284.076,refuse,0,119,
198290.556,start,2,120,
198299.076,refuse,0,119,
198314.076,refuse,0,119,
198320.097,conflict-at-land,2,120,
198329.076,refuse,0,119,
198335.097,start,2,120,
198344.076,refuse,0,119,
198359.076,refuse,0,119,
198370.605,conflict-at-land,2,120,
198374.076,refuse,0,119,
198385.605,start,2,120,
198389.076,refuse,0,119,
198404.076,refuse,0,119,
198416.9,conflict-at-land,2,120,
198419.076,refuse,0,119,
198431.9,start,2,120,
198434.076,refuse,0,119,
198449.076,refuse,0,119,
198461.594,conflict-at-land,2,120,
198464.076,refuse,0,119,
198476.594,start,2,120,
198479.076,refuse,0,119,
198494.076,refuse,0,119,
198509.076,refuse,0,119,
198514.949,conflict-at-land,2,120,
198524.076,refuse,0,119,
198529.949,start,2,120,
198539.076,refuse,0,119,
198554.076,refuse,0,119,
198561.255,conflict-at-land,2,120,
198569.076,refuse,0,119,
198576.255,start,2,120,
198584.076,refuse,0,119,
198599.076,refuse,0,119,
198614.076,refuse,0,119,
198619.433,conflict-at-land,2,120,
198629.076,refuse,0,119,
198634.433,start,2,120,
198644.076,refuse,0,119,
198659.076,refuse,0,119,
198661.535,conflict-at-land,2,120,
198674.076,refuse,0,119,
198676.535,start,2,120,
198689.076,refuse,0,119,
198704.076,refuse,0,119,
198706.638,conflict-at-land,2,120,
198719.076,refuse,0,119,
198721.638,start,2,120,
198734.076,refuse,0,119,
198749.076,refuse,0,119,
198756.005,conflict-at-land,2,120,
198764.076,refuse,0,119,
198771.005,start,2,120,
198779.076,refuse,0,119,
198794.076,refuse,0,119,
198800.832,conflict-at-land,2,120,
198809.076,refuse,0,119,
198815.832,start,2,120,
198824.076,refuse,0,119,
198839.076,refuse,0,119,
198854.076,refuse,0,119,
198859.111,conflict-at-land,2,120,
198869.076,refuse,0,119,
198874.111,start,2,120,
198884.076,refuse,0,119,
198899.076,refuse,0,119,
198909.942,conflict-at-land,2,120,
198914.076,refuse,0,119,
198924.942,start,2,120,
198929.076,refuse,0,119,
198944.076,refuse,0,119,
198951.475,conflict-at-land,2,120,
198959.076,refuse,0,119,
198966.475,start,2,120,
198974.076,refuse,0,119,
198989.076,refuse,0,119,
198996.081,conflict-at-land,2,120,
199004.076,refuse,0,119,
199011.081,start,2,120,
199019.076,refuse,0,119,
199034.076,refuse,0,119,
199049.076,refuse,0,119,
199051.372,conflict-at-land,2,120,
199064.076,refuse,0,119,
199066.372,start,2,120,
199079.076,refuse,0,119,
199094.076,refuse,0,119,
199098.246,conflict-at-land,2,120,
199109.076,refuse,0,119,
199113.246,start,2,120,
199124.076,refuse,0,119,
199139.076,refuse,0,119,
199144.913,conflict-at-land,2,120,
199154.076,refuse,0,119,
199159.913,start,2,120,
199169.076,refuse,0,119,
199184.076,refuse,0,119,
199189.665,conflict-at-land,2,120,
199199.076,refuse,0,119,
199204.665,start,2,120,
199214.076,refuse,0,119,
199229.076,refuse,0,119,
199230.135,conflict-at-land,2,120,
199244.076,refuse,0,119,
199245.135,start,2,120,
199259.076,refuse,0,119,
199274.076,refuse,0,119,
199286.714,conflict-at-land,2,120,
199289.076,refuse,0,119,
199301.714,start,2,120,
199304.076,refuse,0,119,
199319.076,refuse,0,119,
199333.946,conflict-at-land,2,120,
199334.076,refuse,0,119,
199348.946,start,2,120,
199349.076,refuse,0,119,
199364.076,refuse,0,119,
199379.076,refuse,0,119,
199379.417,conflict-at-land,2,120,
199394.076,refuse,0,119,
199394.417,start,2,120,
199409.076,refuse,0,119,
199421.89,conflict-at-land,2,120,
199424.076,refuse,0,119,
199436.89,start,2,120,
199439.076,refuse,0,119,
199454.076,refuse,0,119,
199469.076,refuse,0,119,
199473.007,conflict-at-land,2,120,
199484.076,refuse,0,119,
199488.007,start,2,120,
199499.076,refuse,0,119,
199514.076,refuse,0,119,
199529.076,refuse,0,119,
199529.164,conflict-at-land,2,120,
199544.076,refuse,0,119,
199544.164,start,2,120,
199559.076,refuse,0,119,
199574.076,refuse,0,119,
199589.076,refuse,0,119,
199589.821,conflict-at-land,2,120,
199604.076,refuse,0,119,
199604.821,start,2,120,
199619.076,refuse,0,119,
199634.076,refuse,0,119,
199649.076,refuse,0,119,
199650.166,conflict-at-land,2,120,
199664.076,refuse,0,119,
199665.166,start,2,120,
199679.076,refuse,0,119,
199690.739,conflict-at-land,2,120,
199694.076,refuse,0,119,
199705.739,start,2,120,
199709.076,refuse,0,119,
199724.076,refuse,0,119,
199738.04,conflict-at-land,3,3,
199739.076,start,0,119,
199741.652,conflict-at-land,2,120,
199753.04,refuse,3,3,
199756.652,start,2,120,
199768.04,refuse,3,3,
199783.04,refuse,3,3,
199793.715,conflict-at-land,2,120,
199798.04,refuse,3,3,
199808.715,start,2,120,
199813.04,refuse,3,3,
199828.04,refuse,3,3,
199843.04,refuse,3,3,
199843.128,conflict-at-land,2,120,
199858.04,refuse,3,3,
199858.128,start,2,120,
199873.04,refuse,3,3,
199881.805,conflict-at-land,0,119,
199888.04,start,3,3,
199896.805,refuse,0,119,
199903.363,conflict-at-land,2,120,
199911.805,refuse,0,119,
199918.363,start,2,120,
199926.805,refuse,0,119,
199941.805,refuse,0,119,
199952.979,conflict-at-land,2,120,
199956.805,refuse,0,119,
199967.979,start,2,120,
199971.805,refuse,0,119,
199986.805,refuse,0,119,
200001.805,refuse,0,119,
200013.975,conflict-at-land,2,120,
200016.805,refuse,0,119,
200028.975,start,2,120,
200031.805,refuse,0,119,
200046.805,refuse,0,119,
200061.805,refuse,0,119,
200065.361,conflict-at-land,2,120,
200076.805,refuse,0,119,
200080.361,start,2,120,
200091.805,refuse,0,119,
200105.737,conflict-at-land,2,120,
200106.805,refuse,0,119,
200120.737,start,2,120,
200121.805,refuse,0,119,
200136.805,refuse,0,119,
200151.805,refuse,0,119,
200159.481,conflict-at-land,2,120,
200166.805,refuse,0,119,
200166.805,abandon,0,119,
200166.805,start,0,121,
200174.481,start,2,120,
200213.789,conflict-at-land,2,120,
200228.789,start,2,120,
200243.548,land,0,121,
200243.548,start,0,122,
200257.984,land,0,122,
200257.984,start,0,123,
200258.303,conflict-at-land,2,120,
200262.313,conflict-at-land,0,123,
200273.303,start,2,120,
200277.313,start,0,123,
200281.998,conflict-at-land,0,123,
200296.998,start,0,123,
200304.226,conflict-at-land,0,123,
200316.8,conflict-at-land,2,120,
200319.226,start,0,123,
200324.069,conflict-at-land,0,123,
200331.8,start,2,120,
200339.069,start,0,123,
200344.175,conflict-at-land,0,123,
200359.175,start,0,123,
200360.161,conflict-at-land,2,120,
200365.189,conflict-at-land,0,123,
200375.161,start,2,120,
200380.189,start,0,123,
200386.234,conflict-at-land,0,123,
200401.234,start,0,123,
200405.689,conflict-at-land,0,123,
200415.314,conflict-at-land,2,120,
200420.689,start,0,123,
200428.299,conflict-at-land,0,123,
200430.314,start,2,120,
200443.299,start,0,123,
200448.819,conflict-at-land,0,123,
200463.819,start,0,123,
200468.154,conflict-at-land,0,123,
200473.627,conflict-at-land,2,120,
200483.154,start,0,123,
200488.627,start,2,120,
200488.828,conflict-at-land,0,123,
200503.828,start,0,123,
200511.462,conflict-at-land,0,123,
200526.462,start,0,123,
200531.27,conflict-at-land,0,123,
200534.629,conflict-at-land,2,120,
200546.27,start,0,123,
200549.629,start,2,120,
200551.179,conflict-at-land,0,123,
200566.179,start,0,123,
200571.598,conflict-at-land,0,123,
200586.598,start,0,123,
200593.304,conflict-at-land,0,123,
200595.929,conflict-at-land,2,120,
200608.304,start,0,123,
200610.929,start,2,120,
200615.848,conflict-at-land,0,123,
200630.848,start,0,123,
200637.944,conflict-at-land,0,123,
200652.944,start,0,123,
200653.967,conflict-at-land,2,120,
200659.349,conflict-at-land,0,123,
200661.661,conflict-at-land,1,8,
200668.967,start,2,120,
200674.349,start,0,123,
200676.661,start,1,8,
200679.396,conflict-at-land,0,123,
200694.396,start,0,123,
200699.363,conflict-at-land,0,123,
200711.614,conflict-at-land,2,120,
200714.363,start,0,123,
200719.007,conflict-at-land,0,123,
200726.614,start,2,120,
200734.007,start,0,123,
200741.776,conflict-at-land,0,123,
200756.776,start,0,123,
200763.708,conflict-at-land,0,123,
200768.439,conflict-at-land,2,120,
200778.708,start,0,123,
200783.439,start,2,120,
200785.152,conflict-at-land,0,123,
200800.152,start,0,123,
200806.254,conflict-at-land,0,123,
200810.561,conflict-at-land,2,120,
200821.254,start,0,123,
200825.561,start,2,120,
200826.096,conflict-at-land,0,123,
200841.096,start,0,123,
200846.771,conflict-at-land,0,123,
200861.771,start,0,123,
200862.441,conflict-at-land,2,120,
200866.476,conflict-at-land,0,123,
200877.441,start,2,120,
200881.476,start,0,123,
200888.526,conflict-at-land,0,123,
200903.526,start,0,123,
200910.299,conflict-at-land,0,123,
200914.392,conflict-at-land,2,120,
200925.299,start,0,123,
200929.392,start,2,120,
200930.004,conflict-at-land,0,123,
200945.004,start,0,123,
200952.559,conflict-at-land,0,123,
200967.559,start,0,123,
200973.05,conflict-at-land,0,123,
200974.817,conflict-at-land,2,120,
200988.05,start,0,123,
200989.817,start,2,120,
200995.77,conflict-at-land,0,123,
201010.77,start,0,123,
201016.411,conflict-at-land,0,123,
201019.131,conflict-at-land,2,120,
201031.411,start,0,123,
201034.131,start,2,120,
201038.639,conflict-at-land,0,123,
201053.639,start,0,123,
201059.258,conflict-at-land,0,123,
201061.187,conflict-at-land,2,120,
201074.258,start,0,123,
201076.187,start,2,120,
201078.493,conflict-at-land,0,123,
201093.493,start,0,123,
201098.975,conflict-at-land,0,123,
201105.957,conflict-at-land,2,120,
201113.975,start,0,123,
201120.957,start,2,120,
201121.178,conflict-at-land,0,123,
201136.178,start,0,123,
201140.719,conflict-at-land,0,123,
201155.719,start,0,123,
201159.664,conflict-at-land,2,120,
201162.787,conflict-at-land,0,123,
201174.664,start,2,120,
201177.787,start,0,123,
201183.091,conflict-at-land,0,123,
201198.091,start,0,123,
201202.915,conflict-at-land,0,123,
201216.258,conflict-at-land,2,120,
201217.915,start,0,123,
201224.76,conflict-at-land,0,123,
201231.258,start,2,120,
201239.76,start,0,123,
201244.749,conflict-at-land,0,123,
201259.749,start,0,123,
201265.137,conflict-at-land,0,123,
201276.71,conflict-at-land,2,120,
201280.137,start,0,123,
201285.534,conflict-at-land,0,123,
201291.71,start,2,120,
201300.534,start,0,123,
201304.917,conflict-at-land,0,123,
201319.917,start,0,123,
201324.184,conflict-at-land,0,123,
201337.796,conflict-at-land,2,120,
201339.184,start,0,123,
201344.039,conflict-at-land,0,123,
201352.796,start,2,120,
201359.039,start,0,123,
201366.717,conflict-at-land,0,123,
201381.717,start,0,123,
201386.049,conflict-at-land,0,123,
201387.984,conflict-at-land,2,120,
201401.049,start,0,123,
201402.984,start,2,120,
201408.12,conflict-at-land,0,123,
201423.12,start,0,123,
201430.525,conflict-at-land,0,123,
201439.533,conflict-at-land,2,120,
201445.525,start,0,123,
201453.195,conflict-at-land,0,123,
201454.533,start,2,120,
201468.195,start,0,123,
201473.295,conflict-at-land,0,123,
201488.295,start,0,123,
201495.24,conflict-at-land,2,120,
201495.772,conflict-at-land,0,123,
201510.24,start,2,120,
201510.772,start,0,123,
201518.529,conflict-at-land,0,123,
201533.529,start,0,123,
201535.697,conflict-at-land,2,120,
201539.217,conflict-at-land,0,123,
201550.697,start,2,120,
201554.217,start,0,123,
201561.596,conflict-at-land,0,123,
201576.596,start,0,123,
201581.728,conflict-at-land,2,120,
201582.59,conflict-at-land,0,123,
201596.728,start,2,120,
201597.59,start,0,123,
201602.889,conflict-at-land,0,123,
201617.889,start,0,123,
201623.598,conflict-at-land,0,123,
201630.26,conflict-at-land,2,120,
201638.598,start,0,123,
201643.692,conflict-at-land,0,123,
201645.26,start,2,120,
201658.692,start,0,123,
201664.461,conflict-at-land,0,123,
201679.461,start,0,123,
201681.648,conflict-at-land,2,120,
201684.611,conflict-at-land,0,123,
201696.648,start,2,120,
201699.611,start,0,123,
201704.357,conflict-at-land,0,123,
201719.357,start,0,123,
201721.974,conflict-at-land,2,120,
201726.369,conflict-at-land,0,123,
201736.974,start,2,120,
201741.369,start,0,123,
201748.895,conflict-at-land,0,123,
201763.895,start,0,123,
201768.631,conflict-at-land,0,123,
201777.479,conflict-at-land,2,120,
201783.631,start,0,123,
201791.167,conflict-at-land,0,123,
201792.479,start,2,120,
201806.167,start,0,123,
201811.627,conflict-at-land,0,123,
201826.627,start,0,123,
201834.263,conflict-at-land,0,123,
201836.844,conflict-at-land,2,120,
201849.263,start,0,123,
201851.844,start,2,120,
201857.005,conflict-at-land,0,123,
201872.005,start,0,123,
201878.21,conflict-at-land,0,123,
201893.21,start,0,123,
201895.31,conflict-at-land,2,120,
201900.546,conflict-at-land,0,123,
201910.31,start,2,120,
201915.546,start,0,123,
201920.224,conflict-at-land,0,123,
201935.224,start,0,123,
201938.844,conflict-at-land,2,120,
201939.924,conflict-at-land,0,123,
201953.844,start,2,120,
201954.924,start,0,123,
201962.58,conflict-at-land,0,123,
201977.58,start,0,123,
201982.48,conflict-at-land,0,123,
201994.05,conflict-at-land,2,120,
201997.48,start,0,123,
202002.172,conflict-at-land,0,123,
202009.05,start,2,120,
202017.172,start,0,123,
202024.534,conflict-at-land,0,123,
202039.534,start,0,123,
202044.192,conflict-at-land,0,123,
202053.375,conflict-at-land,2,120,
202059.192,start,0,123,
202063.512,conflict-at-land,0,123,
202068.375,start,2,120,
202078.512,start,0,123,
202083.695,conflict-at-land,0,123,
202098.695,start,0,123,
202099.585,conflict-at-land,2,120,
202102.922,conflict-at-land,0,123,
202114.585,start,2,120,
202117.922,start,0,123,
202125.128,conflict-at-land,0,123,
202140.128,start,0,123,
202142.925,conflict-at-land,2,120,
202144.558,conflict-at-land,0,123,
202157.925,start,2,120,
202159.558,start,0,123,
202166.337,conflict-at-land,0,123,
202181.337,start,0,123,
202188.108,conflict-at-land,0,123,
202192.978,conflict-at-land,2,120,
202203.108,start,0,123,
202207.978,start,2,120,
202208.422,conflict-at-land,0,123,
202223.422,start,0,123,
202229.156,conflict-at-land,0,123,
202236.066,conflict-at-land,2,120,
202239.494,conflict-at-land,3,3,
202244.156,start,0,123,
202249.652,conflict-at-land,0,123,
202251.066,start,2,120,
202254.494,start,3,3,
202264.652,start,0,123,
202270.562,conflict-at-land,0,123,
202285.562,start,0,123,
202285.941,conflict-at-land,2,120,
202293.27,conflict-at-land,0,123,
202300.941,start,2,120,
202308.27,start,0,123,
202313.298,conflict-at-land,0,123,
202326.313,conflict-at-land,2,120,
202328.298,start,0,123,
202335.554,conflict-at-land,0,123,
202341.313,start,2,120,
202350.554,start,0,123,
202357.577,conflict-at-land,0,123,
202372.577,start,0,123,
202377.062,conflict-at-land,0,123,
202377.302,conflict-at-land,2,120,
202392.062,start,0,123,
202392.302,start,2,120,
202399.825,conflict-at-land,0,123,
202414.825,start,0,123,
202417.556,conflict-at-land,2,120,
202421.856,conflict-at-land,0,123,
202432.556,start,2,120,
202436.856,start,0,123,
202443.618,conflict-at-land,0,123,
202458.618,start,0,123,
202463.058,conflict-at-land,2,120,
202465.715,conflict-at-land,0,123,
202478.058,start,2,120,
202480.715,start,0,123,
202488.352,conflict-at-land,0,123,
202503.352,start,0,123,
202508.353,conflict-at-land,0,123,
202519.123,conflict-at-land,2,120,
202523.353,start,0,123,
202530.621,conflict-at-land,0,123,
202534.123,start,2,120,
202545.621,start,0,123,
202550.481,conflict-at-land,0,123,
202565.481,start,0,123,
202570.466,conflict-at-land,0,123,
202572.665,conflict-at-land,2,120,
202585.466,start,0,123,
202587.665,start,2,120,
202589.992,conflict-at-land,0,123,
202604.992,start,0,123,
202610.382,conflict-at-land,0,123,
202625.382,start,0,123,
202630.83,conflict-at-land,0,123,
202632.359,conflict-at-land,2,120,
202645.83,start,0,123,
202647.359,start,2,120,
202650.47,conflict-at-land,0,123,
202665.47,start,0,123,
202671.672,conflict-at-land,0,123,
202686.672,start,0,123,
202689.906,conflict-at-land,2,120,
202691.609,conflict-at-land,0,123,
202704.906,start,2,120,
202706.609,start,0,123,
202712.74,conflict-at-land,0,123,
202727.74,start,0,123,
202734.794,conflict-at-land,0,123,
202747.283,conflict-at-land,2,120,
202749.794,start,0,123,
202756.535,conflict-at-land,0,123,
202762.283,start,2,120,
202771.535,start,0,123,
202777.018,conflict-at-land,0,123,
202792.018,start,0,123,
202796.8,conflict-at-land,2,120,
202799.432,conflict-at-land,0,123,
202811.8,start,2,120,
202814.432,start,0,123,
202818.998,conflict-at-land,0,123,
202833.998,start,0,123,
202840.911,conflict-at-land,2,120,
202841.289,conflict-at-land,0,123,
202855.911,start,2,120,
202856.289,start,0,123,
202863.822,conflict-at-land,0,123,
202878.822,start,0,123,
202885.22,conflict-at-land,0,123,
202895.96,conflict-at-land,2,120,
202900.22,start,0,123,
202908.017,conflict-at-land,0,123,
202910.96,start,2,120,
202923.017,start,0,123,
202927.446,conflict-at-land,0,123,
202942.446,start,0,123,
202945.478,conflict-at-land,2,120,
202949.043,conflict-at-land,0,123,
202960.478,start,2,120,
202964.043,start,0,123,
202969.655,conflict-at-land,0,123,
202984.655,start,0,123,
202990.181,conflict-at-land,0,123,
202991.114,conflict-at-land,2,120,
203005.181,start,0,123,
203006.114,start,2,120,
203010.556,conflict-at-land,0,123,
203025.556,start,0,123,
203031.911,conflict-at-land,0,123,
203042.473,conflict-at-land,2,120,
203046.911,start,0,123,
203051.365,conflict-at-land,0,123,
203057.473,start,2,120,
203066.365,start,0,123,
203071.817,conflict-at-land,0,123,
203086.817,start,0,123,
203093.671,conflict-at-land,0,123,
203101.967,conflict-at-land,2,120,
203108.671,start,0,123,
203114.119,conflict-at-land,0,123,
203116.967,start,2,120,
203129.119,start,0,123,
203134.504,conflict-at-land,0,123,
203144.746,conflict-at-land,2,120,
203149.504,start,0,123,
203154.515,conflict-at-land,0,123,
203159.746,start,2,120,
203169.515,start,0,123,
203176.12,conflict-at-land,0,123,
203191.12,start,0,123,
203191.515,conflict-at-land,2,120,
203197.763,conflict-at-land,0,123,
203206.515,start,2,120,
203212.763,start,0,123,
203219.502,conflict-at-land,0,123,
203234.502,start,0,123,
203235.852,conflict-at-land,2,120,
203240.92,conflict-at-land,0,123,
203250.852,start,2,120,
203255.92,start,0,123,
203262.208,conflict-at-land,0,123,
203277.208,start,0,123,
203279.558,conflict-at-land,2,120,
203281.613,conflict-at-land,0,123,
203294.558,start,2,120,
203296.613,start,0,123,
203301.77,conflict-at-land,0,123,
203316.77,start,0,123,
203323.092,conflict-at-land,0,123,
203334.027,conflict-at-land,2,120,
203338.092,start,0,123,
203345.667,conflict-at-land,0,123,
203349.027,start,2,120,
203360.667,start,0,123,
203366.877,conflict-at-land,0,123,
203381.877,start,0,123,
203388.128,conflict-at-land,0,123,
203389.484,conflict-at-land,2,120,
203403.128,start,0,123,
203404.484,start,2,120,
203408.221,conflict-at-land,0,123,
203423.221,start,0,123,
203427.617,conflict-at-land,0,123,
203439.804,conflict-at-land,2,120,
203442.617,start,0,123,
203448.591,conflict-at-land,0,123,
203454.804,start,2,120,
203463.591,start,0,123,
203469.602,conflict-at-land,0,123,
203484.602,start,0,123,
203491.481,conflict-at-land,0,123,
203500.917,conflict-at-land,2,120,
203506.481,start,0,123,
203513.931,conflict-at-land,0,123,
203515.917,start,2,120,
203528.931,start,0,123,
203533.598,conflict-at-land,0,123,
203548.598,start,0,123,
203553.341,conflict-at-land,2,120,
203556.363,conflict-at-land,0,123,
203568.341,start,2,120,
203571.363,start,0,123,
203577.104,conflict-at-land,0,123,
203592.104,start,0,123,
203596.529,conflict-at-land,0,123,
203604.533,conflict-at-land,2,120,
203611.529,start,0,123,
203618.333,conflict-at-land,0,123,
203619.533,start,2,120,
203633.333,start,0,123,
203639.448,conflict-at-land,0,123,
203654.448,start,0,123,
203659.315,conflict-at-land,0,123,
203663.026,conflict-at-land,2,120,
203674.315,start,0,123,
203678.026,start,2,120,
203681.057,conflict-at-land,0,123,
203696.057,start,0,123,
203701.507,conflict-at-land,0,123,
203707.32,conflict-at-land,2,120,
203716.507,start,0,123,
203721.567,conflict-at-land,0,123,
203722.32,start,2,120,
203736.567,start,0,123,
203743.105,conflict-at-land,0,123,
203758.105,start,0,123,
203758.901,conflict-at-land,2,120,
203764.315,conflict-at-land,0,123,
203773.901,start,2,120,
203779.315,start,0,123,
203784.36,conflict-at-land,0,123,
203799.36,start,0,123,
203802.67,conflict-at-land,2,120,
203804.351,conflict-at-land,0,123,
203817.67,start,2,120,
203819.351,start,0,123,
203827.02,conflict-at-land,0,123,
203842.02,start,0,123,
203848.581,conflict-at-land,0,123,
203853.895,conflict-at-land,2,120,
203863.581,start,0,123,
203868.895,start,2,120,
203870.875,conflict-at-land,0,123,
203885.875,start,0,123,
203890.164,conflict-at-land,0,123,
203896.044,conflict-at-land,2,120,
203905.164,start,0,123,
203911.044,start,2,120,
203911.324,conflict-at-land,0,123,
203926.324,start,0,123,
203931.721,conflict-at-land,0,123,
203941.204,conflict-at-land,2,120,
203946.721,start,0,123,
203953.553,conflict-at-land,0,123,
203956.204,start,2,120,
203968.553,start,0,123,
203975.915,conflict-at-land,0,123,
203983.429,conflict-at-land,2,120,
203990.915,start,0,123,
203996.601,conflict-at-land,0,123,
203998.429,start,2,120,
204011.601,start,0,123,
204015.954,conflict-at-land,0,123,
204030.954,start,0,123,
204035.377,conflict-at-land,0,123,
204036.456,conflict-at-land,2,120,
204050.377,start,0,123,
204051.456,start,2,120,
204057.001,conflict-at-land,0,123,
204072.001,start,0,123,
204077.472,conflict-at-land,2,120,
204078.493,conflict-at-land,0,123,
204092.472,start,2,120,
204093.493,start,0,123,
204098.774,conflict-at-land,0,123,
204113.774,start,0,123,
204121.414,conflict-at-land,0,123,
204124.398,conflict-at-land,2,120,
204136.414,start,0,123,
204139.398,start,2,120,
204143.721,conflict-at-land,0,123,
204158.721,start,0,123,
204164.307,conflict-at-land,0,123,
204171.226,conflict-at-land,2,120,
204179.307,start,0,123,
204184.568,conflict-at-land,0,123,
204186.226,start,2,120,
204199.568,start,0,123,
204203.19,conflict-at-land,3,3,
204207.2,conflict-at-land,0,123,
204214.015,conflict-at-land,2,120,
204218.19,start,3,3,
204222.2,start,0,123,
204228.972,conflict-at-land,0,123,
204229.015,start,2,120,
204243.972,start,0,123,
204248.923,conflict-at-land,0,123,
204263.373,conflict-at-land,2,120,
204263.923,start,0,123,
204270.394,conflict-at-land,0,123,
204278.373,start,2,120,
204285.394,start,0,123,
204292.882,conflict-at-land,0,123,
204307.882,start,0,123,
204308.879,conflict-at-land,2,120,
204315.484,conflict-at-land,0,123,
204323.879,start,2,120,
204330.484,start,0,123,
204335.457,conflict-at-land,0,123,
204350.457,start,0,123,
204355.723,conflict-at-land,0,123,
204369.987,conflict-at-land,2,120,
204370.723,start,0,123,
204378.028,conflict-at-land,0,123,
204384.987,start,2,120,
204393.028,start,0,123,
204399.238,conflict-at-land,0,123,
204414.238,start,0,123,
204420.233,conflict-at-land,2,120,
204421.008,conflict-at-land,0,123,
204435.233,start,2,120,
204436.008,start,0,123,
204441.874,conflict-at-land,0,123,
204456.874,start,0,123,
204461.374,conflict-at-land,0,123,
204461.374,abandon,0,123,
204461.374,start,0,124,
204463.53,land,0,124,
204463.53,start,0,125,
204464.978,conflict-at-land,2,120,
204478.902,land,0,125,
204478.902,refuse,0,126,
204479.978,start,2,120,
204493.902,refuse,0,126,
204508.902,refuse,0,126,
204520.775,conflict-at-land,2,120,
204523.902,refuse,0,126,
204535.775,start,2,120,
204538.902,refuse,0,126,
204553.902,refuse,0,126,
204568.902,refuse,0,126,
204574.407,conflict-at-land,2,120,
204583.902,refuse,0,126,
204589.407,start,2,120,
204598.902,refuse,0,126,
204613.902,refuse,0,126,
204619.032,conflict-at-land,2,120,
204628.902,refuse,0,126,
204634.032,start,2,120,
204643.902,refuse,0,126,
204658.902,refuse,0,126,
204665.61,conflict-at-land,2,120,
204673.902,refuse,0,126,
204680.61,start,2,120,
204688.902,refuse,0,126,
204703.902,refuse,0,126,
204718.902,refuse,0,126,
204725.674,conflict-at-land,2,120,
204733.902,refuse,0,126,
204740.674,start,2,120,
204748.902,refuse,0,126,
204763.902,refuse,0,126,
204778.902,refuse,0,126,
204787.342,conflict-at-land,2,120,
204793.902,refuse,0,126,
204802.342,start,2,120,
204808.902,refuse,0,126,
204823.902,refuse,0,126,
204838.902,refuse,0,126,
204841.421,conflict-at-land,2,120,
204853.902,refuse,0,126,
204856.421,start,2,120,
204868.902,refuse,0,126,
204883.902,refuse,0,126,
204898.902,refuse,0,126,
204901.567,conflict-at-land,2,120,
204913.902,refuse,0,126,
204916.567,start,2,120,
204928.902,refuse,0,126,
204943.902,refuse,0,126,
204950.293,conflict-at-land,2,120,
204958.902,refuse,0,126,
204965.293,start,2,120,
204973.902,refuse,0,126,
204988.902,refuse,0,126,
205003.902,refuse,0,126,
205008.719,conflict-at-land,2,120,
205018.902,refuse,0,126,
205023.719,start,2,120,
205033.902,refuse,0,126,
205048.902,refuse,0,126,
205063.902,refuse,0,126,
205064.643,conflict-at-land,2,120,
205078.902,refuse,0,126,
205079.643,start,2,120,
205093.902,refuse,0,126,
205108.902,refuse,0,126,
205109.623,conflict-at-land,2,120,
205123.902,refuse,0,126,
205124.623,start,2,120,
205138.902,refuse,0,126,
205153.902,refuse,0,126,
205168.902,refuse,0,126,
205169.732,conflict-at-land,2,120,
205183.902,refuse,0,126,
205184.732,start,2,120,
205198.902,refuse,0,126,
205210.237,conflict-at-land,2,120,
205213.902,refuse,0,126,
205225.237,start,2,120,
205228.902,refuse,0,126,
205243.902,refuse,0,126,
205256.233,conflict-at-land,2,120,
205258.902,refuse,0,126,
205271.233,start,2,120,
205273.902,refuse,0,126,
205288.902,refuse,0,126,
205303.902,refuse,0,126,
205307.093,conflict-at-land,2,120,
205318.902,refuse,0,126,
205322.093,start,2,120,
205333.902,refuse,0,126,
205348.902,refuse,0,126,
205363.902,refuse,0,126,
205367.555,conflict-at-land,2,120,
205378.902,refuse,0,126,
205382.555,start,2,120,
205393.902,refuse,0,126,
205408.902,refuse,0,126,
205415.359,conflict-at-land,2,120,
205423.902,refuse,0,126,
205430.359,start,2,120,
205438.902,refuse,0,126,
205453.902,refuse,0,126,
205457.923,conflict-at-land,2,120,
205468.902,refuse,0,126,
205472.923,start,2,120,
205483.902,refuse,0,126,
205498.902,refuse,0,126,
205513.729,conflict-at-land,2,120,
205513.902,refuse,0,126,
205528.729,start,2,120,
205528.902,refuse,0,126,
205543.902,refuse,0,126,
205558.902,refuse,0,126,
205568.402,conflict-at-land,2,120,
205573.902,refuse,0,126,
205583.402,start,2,120,
205588.902,refuse,0,126,
205603.902,refuse,0,126,
205611.192,conflict-at-land,2,120,
205618.902,refuse,0,126,
205626.192,start,2,120,
205633.902,refuse,0,126,
205648.902,refuse,0,126,
205663.902,refuse,0,126,
205666.277,conflict-at-land,2,120,
205678.902,refuse,0,126,
205681.277,start,2,120,
205693.902,refuse,0,126,
205708.902,refuse,0,126,
205714.859,conflict-at-land,2,120,
205723.902,refuse,0,126,
205729.859,start,2,120,
205738.902,refuse,0,126,
205753.902,refuse,0,126,
205764.154,conflict-at-land,2,120,
205768.902,refuse,0,126,
205779.154,start,2,120,
205783.902,refuse,0,126,
205798.902,refuse,0,126,
205813.902,refuse,0,126,
205824.673,conflict-at-land,2,120,
205828.902,refuse,0,126,
205839.673,start,2,120,
205843.902,refuse,0,126,
205858.902,refuse,0,126,
205873.902,refuse,0,126,
205882.851,conflict-at-land,2,120,
205888.902,refuse,0,126,
205897.851,start,2,120,
205903.902,refuse,0,126,
205918.902,refuse,0,126,
205933.902,refuse,0,126,
205944.159,conflict-at-land,2,120,
205948.902,refuse,0,126,
205959.159,start,2,120,
205963.902,refuse,0,126,
205978.902,refuse,0,126,
205993.902,refuse,0,126,
205999.525,conflict-at-land,2,120,
206008.902,refuse,0,126,
206014.525,start,2,120,
206023.902,refuse,0,126,
206038.902,refuse,0,126,
206048.073,conflict-at-land,2,120,
206053.902,refuse,0,126,
206063.073,start,2,120,
206068.902,refuse,0,126,
206083.902,refuse,0,126,
206096.342,conflict-at-land,2,120,
206098.902,refuse,0,126,
206111.342,start,2,120,
206113.902,refuse,0,126,
206128.902,refuse,0,126,
206139.603,conflict-at-land,2,120,
206143.902,refuse,0,126,
206154.603,start,2,120,
206158.902,refuse,0,126,
206173.902,refuse,0,126,
206181.271,conflict-at-land,2,120,
206188.902,refuse,0,126,
206196.271,start,2,120,
206203.902,refuse,0,126,
206218.902,refuse,0,126,
206232.525,conflict-at-land,2,120,
206233.902,refuse,0,126,
206247.525,start,2,120,
206248.902,refuse,0,126,
206263.902,refuse,0,126,
206276.176,conflict-at-land,2,120,
206278.902,refuse,0,126,
206291.176,start,2,120,
206293.902,refuse,0,126,
206308.902,refuse,0,126,
206323.902,refuse,0,126,
206328.95,conflict-at-land,2,120,
206338.902,refuse,0,126,
206343.95,start,2,120,
206353.902,refuse,0,126,
206368.902,refuse,0,126,
206373.732,conflict-at-land,2,120,
206383.902,refuse,0,126,
206388.732,start,2,120,
206398.902,refuse,0,126,
206413.902,refuse,0,126,
206424.792,conflict-at-land,2,120,
206428.902,refuse,0,126,
206439.792,start,2,120,
206443.902,refuse,0,126,
206458.902,refuse,0,126,
206473.902,refuse,0,126,
206484.39,conflict-at-land,2,120,
206488.902,refuse,0,126,
206499.39,start,2,120,
206503.902,refuse,0,126,
206518.902,refuse,0,126,
206533.902,refuse,0,126,
206534.641,conflict-at-land,2,120,
206548.902,refuse,0,126,
206549.641,start,2,120,
206563.902,refuse,0,126,
206578.902,refuse,0,126,
206593.902,refuse,0,126,
206594.812,conflict-at-land,2,120,
206608.902,refuse,0,126,
206609.812,start,2,120,
206623.902,refuse,0,126,
206638.902,refuse,0,126,
206641.513,conflict-at-land,2,120,
206645.677,conflict-at-land,3,3,
206653.902,start,0,126,
206656.513,start,2,120,
206660.677,refuse,3,3,
206672.643,conflict-at-land,0,126,
206675.677,start,3,3,
206687.643,refuse,0,126,
206696.991,conflict-at-land,2,120,
206702.643,refuse,0,126,
206711.991,start,2,120,
206717.643,refuse,0,126,
206732.643,refuse,0,126,
206747.643,refuse,0,126,
206751.634,conflict-at-land,2,120,
206762.643,refuse,0,126,
206766.634,start,2,120,
206777.643,refuse,0,126,
206792.643,refuse,0,126,
206804.334,conflict-at-land,2,120,
206807.643,refuse,0,126,
206819.334,start,2,120,
206822.643,refuse,0,126,
206837.643,refuse,0,126,
206852.643,refuse,0,126,
206853.946,conflict-at-land,2,120,
206867.643,refuse,0,126,
206868.946,start,2,120,
206882.643,refuse,0,126,
206897.643,refuse,0,126,
206901.993,conflict-at-land,2,120,
206912.643,refuse,0,126,
206916.993,start,2,120,
206927.643,refuse,0,126,
206942.643,refuse,0,126,
206946.898,conflict-at-land,2,120,
206957.643,refuse,0,126,
206961.898,start,2,120,
206972.643,refuse,0,126,
206987.643,refuse,0,126,
207002.643,refuse,0,126,
207008.511,conflict-at-land,2,120,
207017.643,refuse,0,126,
207023.511,start,2,120,
207032.643,refuse,0,126,
207047.643,refuse,0,126,
207053.103,conflict-at-land,2,120,
207062.643,refuse,0,126,
207068.103,start,2,120,
207077.643,refuse,0,126,
207092.643,refuse,0,126,
207103.263,conflict-at-land,2,120,
207107.643,refuse,0,126,
207118.263,start,2,120,
207122.643,refuse,0,126,
207137.643,refuse,0,126,
207152.643,refuse,0,126,
207162.739,conflict-at-land,2,120,
207162.739,abandon,2,120,
207162.739,refuse,2,127,
207167.643,refuse,0,126,
207177.739,refuse,2,127,
207182.643,refuse,0,126,
207192.739,refuse,2,127,
207197.643,refuse,0,126,
207207.739,refuse,2,127,
207212.643,refuse,0,126,
207222.739,refuse,2,127,
207227.643,refuse,0,126,
207237.739,refuse,2,127,
207242.643,refuse,0,126,
207252.739,refuse,2,127,
207257.643,refuse,0,126,
207267.739,refuse,2,127,
207272.643,refuse,0,126,
207282.739,refuse,2,127,
207287.643,refuse,0,126,
207297.739,refuse,2,127,
207302.643,refuse,0,126,
207312.739,refuse,2,127,
207317.643,refuse,0,126,
207327.739,refuse,2,127,
207332.643,refuse,0,126,
207342.739,refuse,2,127,
207347.643,refuse,0,126,
207357.739,refuse,2,127,
207362.643,refuse,0,126,
207372.739,refuse,2,127,
207377.643,refuse,0,126,
207387.739,refuse,2,127,
207392.643,refuse,0,126,
207402.739,refuse,2,127,
207407.643,refuse,0,126,
207417.739,refuse,2,127,
207422.643,refuse,0,126,
207432.739,refuse,2,127,
207437.643,refuse,0,126,
207447.739,refuse,2,127,
207452.643,refuse,0,126,
207462.739,refuse,2,127,
207467.643,refuse,0,126,
207477.739,refuse,2,127,
207482.643,refuse,0,126,
207492.739,refuse,2,127,
207497.643,refuse,0,126,
207497.643,abandon,0,126,
207497.643,start,0,128,
207501.212,land,0,128,
207501.212,start,0,129,
207507.739,refuse,2,127,
207522.739,refuse,2,127,
207537.739,refuse,2,127,
207552.739,refuse,2,127,
207567.739,refuse,2,127,
207582.739,refuse,2,127,
207597.739,refuse,2,127,
207612.739,refuse,2,127,
207627.739,refuse,2,127,
207642.739,refuse,2,127,
207644.357,land,0,129,
207644.357,start,0,130,
207654.024,land,0,130,
207654.024,start,0,131,
207657.739,refuse,2,127,
207672.739,refuse,2,127,
207687.739,refuse,2,127,
207702.739,refuse,2,127,
207717.739,refuse,2,127,
207732.739,refuse,2,127,
207747.739,refuse,2,127,
207750.674,land,0,131,
207750.674,start,0,132,
207762.739,refuse,2,127,
207768.987,land,0,132,
207768.987,start,0,133,
207777.739,refuse,2,127,
207786.735,land,0,133,
207786.735,start,0,134,
207792.739,refuse,2,127,
207798.123,land,0,134,
207798.123,start,0,135,
207803.935,conflict-at-land,0,135,
207807.739,refuse,2,127,
207818.935,start,0,135,
207822.739,refuse,2,127,
207825.59,conflict-at-land,0,135,
207837.739,refuse,2,127,
207840.59,start,0,135,
207848.009,conflict-at-land,0,135,
207852.739,refuse,2,127,
207863.009,start,0,135,
207867.739,refuse,2,127,
207869.077,conflict-at-land,0,135,
207882.739,refuse,2,127,
207884.077,start,0,135,
207891.23,conflict-at-land,0,135,
207897.739,refuse,2,127,
207906.23,start,0,135,
207912.739,refuse,2,127,
207913.45,conflict-at-land,0,135,
207927.739,refuse,2,127,
207928.45,start,0,135,
207934.482,conflict-at-land,0,135,
207942.739,refuse,2,127,
207949.482,start,0,135,
207956.962,conflict-at-land,0,135,
207957.739,refuse,2,127,
207971.962,start,0,135,
207972.739,refuse,2,127,
207977.056,conflict-at-land,0,135,
207987.739,refuse,2,127,
207992.056,start,0,135,
207996.821,conflict-at-land,0,135,
208002.739,refuse,2,127,
208011.821,start,0,135,
208017.739,refuse,2,127,
208018.57,conflict-at-land,0,135,
208032.739,refuse,2,127,
208033.57,start,0,135,
208040.737,conflict-at-land,0,135,
208047.739,refuse,2,127,
208055.737,start,0,135,
208061.42,conflict-at-land,0,135,
208062.739,refuse,2,127,
208076.42,start,0,135,
208077.739,refuse,2,127,
208080.729,conflict-at-land,0,135,
208092.739,refuse,2,127,
208095.729,start,0,135,
208101.474,conflict-at-land,0,135,
208107.739,refuse,2,127,
208116.474,start,0,135,
208121.485,conflict-at-land,0,135,
208122.739,refuse,2,127,
208136.485,start,0,135,
208137.739,refuse,2,127,
208140.944,conflict-at-land,0,135,
208152.739,refuse,2,127,
208155.944,start,0,135,
208160.739,conflict-at-land,0,135,
208167.739,refuse,2,127,
208175.739,start,0,135,
208182.107,conflict-at-land,0,135,
208182.739,refuse,2,127,
208197.107,start,0,135,
208197.739,refuse,2,127,
208202.673,conflict-at-land,0,135,
208212.739,refuse,2,127,
208217.673,start,0,135,
208224.741,conflict-at-land,0,135,
208227.739,refuse,2,127,
208239.741,start,0,135,
208242.739,refuse,2,127,
208244.733,conflict-at-land,0,135,
208257.739,refuse,2,127,
208259.733,start,0,135,
208266.107,conflict-at-land,0,135,
208272.739,refuse,2,127,
208281.107,start,0,135,
208286.273,conflict-at-land,0,135,
208287.739,refuse,2,127,
208301.273,start,0,135,
208302.739,refuse,2,127,
208306.495,conflict-at-land,0,135,
208317.739,refuse,2,127,
208321.495,start,0,135,
208326.234,conflict-at-land,0,135,
208332.739,refuse,2,127,
208341.234,start,0,135,
208347.739,refuse,2,127,
208348.105,conflict-at-land,0,135,
208362.739,refuse,2,127,
208363.105,start,0,135,
208368.319,conflict-at-land,0,135,
208377.739,refuse,2,127,
208383.319,start,0,135,
208389.933,conflict-at-land,0,135,
208392.739,refuse,2,127,
208404.933,start,0,135,
208407.739,refuse,2,127,
208411.612,conflict-at-land,0,135,
208422.739,refuse,2,127,
208426.612,start,0,135,
208432.807,conflict-at-land,0,135,
208437.739,refuse,2,127,
208447.807,start,0,135,
208452.739,refuse,2,127,
208454.391,conflict-at-land,0,135,
208467.739,refuse,2,127,
208469.391,start,0,135,
208476.045,conflict-at-land,0,135,
208482.739,refuse,2,127,
208491.045,start,0,135,
208495.596,conflict-at-land,0,135,
208497.739,refuse,2,127,
208510.596,start,0,135,
208512.739,refuse,2,127,
208517.577,conflict-at-land,0,135,
208527.739,refuse,2,127,
208532.577,start,0,135,
208538.643,conflict-at-land,0,135,
208542.739,refuse,2,127,
208553.643,start,0,135,
208557.739,refuse,2,127,
208560.776,conflict-at-land,0,135,
208572.739,refuse,2,127,
208575.776,start,0,135,
208580.375,conflict-at-land,0,135,
208587.739,refuse,2,127,
208595.375,start,0,135,
208599.782,conflict-at-land,0,135,
208602.739,refuse,2,127,
208614.782,start,0,135,
208617.739,refuse,2,127,
208621.31,conflict-at-land,0,135,
208632.739,refuse,2,127,
208636.31,start,0,135,
208641.616,conflict-at-land,0,135,
208647.739,refuse,2,127,
208656.616,start,0,135,
208662.739,refuse,2,127,
208664.362,conflict-at-land,0,135,
208677.739,refuse,2,127,
208679.362,start,0,135,
208684.664,conflict-at-land,0,135,
208692.739,refuse,2,127,
208699.664,start,0,135,
208705.488,conflict-at-land,0,135,
208707.739,refuse,2,127,
208720.488,start,0,135,
208722.739,refuse,2,127,
208725.927,conflict-at-land,0,135,
208737.739,refuse,2,127,
208740.927,start,0,135,
208747.139,conflict-at-land,0,135,
208752.739,refuse,2,127,
208762.139,start,0,135,
208767.104,conflict-at-land,0,135,
208767.739,refuse,2,127,
208782.104,start,0,135,
208782.739,refuse,2,127,
208789.762,conflict-at-land,0,135,
208797.739,refuse,2,127,
208804.762,start,0,135,
208809.948,conflict-at-land,0,135,
208812.739,refuse,2,127,
208813.134,conflict-at-land,3,3,
208824.948,start,0,135,
208827.739,start,2,127,
208828.134,refuse,3,3,
208828.134,abandon,3,3,
208828.134,refuse,3,136,
208832.458,conflict-at-land,0,135,
208843.134,start,3,136,
208843.23,conflict-at-land,2,127,
208847.458,refuse,0,135,
208851.261,conflict-at-land,3,136,
208858.23,start,2,127,
208862.458,start,0,135,
208866.261,refuse,3,136,
208869.885,conflict-at-land,0,135,
208872.511,conflict-at-land,2,127,
208881.261,start,3,136,
208884.885,refuse,0,135,
208887.511,start,2,127,
208887.753,conflict-at-land,3,136,
208899.885,start,0,135,
208902.753,refuse,3,136,
208902.901,conflict-at-land,2,127,
208905.466,conflict-at-land,0,135,
208917.753,start,3,136,
208917.901,start,2,127,
208920.466,refuse,0,135,
208925.883,conflict-at-land,3,136,
208932.085,conflict-at-land,2,127,
208935.466,start,0,135,
208940.269,conflict-at-land,0,135,
208940.883,start,3,136,
208947.085,start,2,127,
208947.331,conflict-at-land,3,136,
208955.269,start,0,135,
208959.532,conflict-at-land,0,135,
208962.331,start,3,136,
208962.456,conflict-at-land,2,127,
208972.075,conflict-at-land,3,136,
208974.532,start,0,135,
208977.456,start,2,127,
208980.78,conflict-at-land,0,135,
208987.075,start,3,136,
208988.883,conflict-at-land,2,127,
208995.78,refuse,0,135,
208997.837,conflict-at-land,3,136,
209003.883,start,2,127,
209010.78,start,0,135,
209012.837,refuse,3,136,
209015.068,conflict-at-land,0,135,
209018.16,conflict-at-land,2,127,
209027.837,start,3,136,
209030.068,refuse,0,135,
209033.16,start,2,127,
209037.474,conflict-at-land,3,136,
209045.068,start,0,135,
209047.741,conflict-at-land,2,127,
209050.669,conflict-at-land,0,135,
209052.474,start,3,136,
209059.447,conflict-at-land,3,136,
209062.741,start,2,127,
209065.669,start,0,135,
209069.928,conflict-at-land,0,135,
209074.447,start,3,136,
209075.276,conflict-at-land,2,127,
209082.819,conflict-at-land,3,136,
209084.928,start,0,135,
209090.276,start,2,127,
209090.926,conflict-at-land,0,135,
209097.819,start,3,136,
209100.222,conflict-at-land,2,127,
209105.926,refuse,0,135,
209107.28,conflict-at-land,3,136,
209115.222,start,2,127,
209120.926,start,0,135,
209122.28,refuse,3,136,
209126.825,conflict-at-land,0,135,
209129.582,conflict-at-land,2,127,
209137.28,start,3,136,
209141.825,refuse,0,135,
209144.582,start,2,127,
209146.509,conflict-at-land,3,136,
209154.345,conflict-at-land,2,127,
209156.825,start,0,135,
209161.055,conflict-at-land,0,135,
209161.509,start,3,136,
209169.345,start,2,127,
209170.357,conflict-at-land,3,136,
209176.055,start,0,135,
209179.548,conflict-at-land,2,127,
209182.528,conflict-at-land,0,135,
209185.357,start,3,136,
209192.2,conflict-at-land,3,136,
209194.548,start,2,127,
209197.528,start,0,135,
209203.587,conflict-at-land,0,135,
209206.207,conflict-at-land,2,127,
209207.2,start,3,136,
209217.732,conflict-at-land,3,136,
209218.587,start,0,135,
209221.207,start,2,127,
209222.974,conflict-at-land,0,135,
209232.732,start,3,136,
209236.009,conflict-at-land,2,127,
209237.974,refuse,0,135,
209239.863,conflict-at-land,3,136,
209251.009,start,2,127,
209252.974,start,0,135,
209254.863,refuse,3,136,
209260.096,conflict-at-land,0,135,
209266.021,conflict-at-land,2,127,
209269.863,start,3,136,
209275.096,refuse,0,135,
209280.971,conflict-at-land,3,136,
209281.021,start,2,127,
209290.096,start,0,135,
209294.594,conflict-at-land,0,135,
209295.971,start,3,136,
209296.084,conflict-at-land,2,127,
209304.224,conflict-at-land,3,136,
209309.594,start,0,135,
209311.084,start,2,127,
209315.927,conflict-at-land,0,135,
209319.224,start,3,136,
209321.869,conflict-at-land,2,127,
209329.09,conflict-at-land,3,136,
209330.927,start,0,135,
209336.869,start,2,127,
209338.26,conflict-at-land,0,135,
209344.09,start,3,136,
209346.734,conflict-at-land,2,127,
209352.105,conflict-at-land,3,136,
209353.26,start,0,135,
209360.597,conflict-at-land,0,135,
209361.734,start,2,127,
209367.105,start,3,136,
209372.513,conflict-at-land,2,127,
209373.846,conflict-at-land,3,136,
209375.597,start,0,135,
209382.485,conflict-at-land,0,135,
209387.513,start,2,127,
209388.846,start,3,136,
209397.485,refuse,0,135,
209398.024,conflict-at-land,2,127,
209398.296,conflict-at-land,3,136,
209412.485,start,0,135,
209413.024,start,2,127,
209413.296,refuse,3,136,
209416.922,conflict-at-land,0,135,
209425.492,conflict-at-land,2,127,
209428.296,start,3,136,
209431.922,refuse,0,135,
209438.991,conflict-at-land,3,136,
209440.492,start,2,127,
209446.922,start,0,135,
209452.093,conflict-at-land,2,127,
209452.433,conflict-at-land,0,135,
209453.991,start,3,136,
209464.447,conflict-at-land,3,136,
209467.093,start,2,127,
209467.433,start,0,135,
209473.343,conflict-at-land,0,135,
209479.274,conflict-at-land,2,127,
209479.447,start,3,136,
209486.689,conflict-at-land,3,136,
209488.343,start,0,135,
209494.274,start,2,127,
209494.987,conflict-at-land,0,135,
209501.689,start,3,136,
209507.99,conflict-at-land,3,136,
209508.643,conflict-at-land,2,127,
209509.987,start,0,135,
209515.297,conflict-at-land,0,135,
209522.99,start,3,136,
209523.643,start,2,127,
209530.297,refuse,0,135,
209532.809,conflict-at-land,3,136,
209533.123,conflict-at-land,2,127,
209545.297,start,0,135,
209547.809,refuse,3,136,
209548.123,start,2,127,
209552.588,conflict-at-land,0,135,
209557.491,conflict-at-land,2,127,
209562.809,start,3,136,
209567.588,refuse,0,135,
209570.426,conflict-at-land,3,136,
209572.491,start,2,127,
209582.588,start,0,135,
209584.184,conflict-at-land,2,127,
209585.426,refuse,3,136,
209587.285,conflict-at-land,0,135,
209599.184,start,2,127,
209600.426,start,3,136,
209602.285,refuse,0,135,
209609.461,conflict-at-land,3,136,
209614.104,conflict-at-land,2,127,
209617.285,start,0,135,
209622.887,conflict-at-land,0,135,
209624.461,start,3,136,
209629.104,start,2,127,
209634.059,conflict-at-land,3,136,
209637.887,start,0,135,
209642.886,conflict-at-land,2,127,
209644.046,conflict-at-land,0,135,
209649.059,start,3,136,
209657.886,start,2,127,
209658.849,conflict-at-land,3,136,
209659.046,start,0,135,
209664.817,conflict-at-land,0,135,
209671.192,conflict-at-land,2,127,
209673.849,start,3,136,
209679.817,refuse,0,135,
209681.661,conflict-at-land,3,136,
209686.192,start,2,127,
209694.817,start,0,135,
209695.495,conflict-at-land,2,127,
209696.661,refuse,3,136,
209701.402,conflict-at-land,0,135,
209710.495,start,2,127,
209711.661,start,3,136,
209716.402,refuse,0,135,
209721.617,conflict-at-land,2,127,
209723.11,conflict-at-land,3,136,
209731.402,start,0,135,
209736.59,conflict-at-land,0,135,
209736.617,start,2,127,
209738.11,start,3,136,
209746.786,conflict-at-land,3,136,
209750.652,conflict-at-land,2,127,
209751.59,start,0,135,
209756.348,conflict-at-land,0,135,
209761.786,start,3,136,
209765.652,start,2,127,
209770.194,conflict-at-land,3,136,
209771.348,start,0,135,
209777.973,conflict-at-land,0,135,
209778.571,conflict-at-land,2,127,
209785.194,start,3,136,
209792.973,refuse,0,135,
209793.371,conflict-at-land,3,136,
209793.571,start,2,127,
209803.597,conflict-at-land,2,127,
209807.973,start,0,135,
209808.371,refuse,3,136,
209812.735,conflict-at-land,0,135,
209818.597,start,2,127,
209823.371,start,3,136,
209827.735,refuse,0,135,
209831.265,conflict-at-land,2,127,
209833.342,conflict-at-land,3,136,
209842.735,start,0,135,
209846.265,start,2,127,
209848.342,refuse,3,136,
209850.178,conflict-at-land,0,135,
209858.191,conflict-at-land,2,127,
209863.342,start,3,136,
209865.178,refuse,0,135,
209871.428,conflict-at-land,3,136,
209873.191,start,2,127,
209880.178,start,0,135,
209886.428,refuse,3,136,
209886.665,conflict-at-land,0,135,
209887.342,conflict-at-land,2,127,
209901.428,start,3,136,
209901.665,refuse,0,135,
209902.342,start,2,127,
209911.206,conflict-at-land,2,127,
209911.644,conflict-at-land,3,136,
209916.665,start,0,135,
209923.829,conflict-at-land,0,135,
209926.206,start,2,127,
209926.644,start,3,136,
209936.566,conflict-at-land,3,136,
209937.439,conflict-at-land,2,127,
209938.829,start,0,135,
209943.292,conflict-at-land,0,135,
209951.566,start,3,136,
209952.439,start,2,127,
209957.867,conflict-at-land,3,136,
209958.292,start,0,135,
209961.055,conflict-at-land,2,127,
209962.762,conflict-at-land,0,135,
209972.867,start,3,136,
209976.055,start,2,127,
209977.762,refuse,0,135,
209979.639,conflict-at-land,3,136,
209990.656,conflict-at-land,2,127,
209992.762,start,0,135,
209994.639,refuse,3,136,
209998.936,conflict-at-land,0,135,
210005.656,start,2,127,
210009.639,start,3,136,
210013.936,refuse,0,135,
210014.499,conflict-at-land,2,127,
210021.332,conflict-at-land,3,136,
210028.936,start,0,135,
210029.499,start,2,127,
210034.687,conflict-at-land,0,135,
210036.332,start,3,136,
210042.809,conflict-at-land,2,127,
210046.209,conflict-at-land,3,136,
210049.687,start,0,135,
210055.167,conflict-at-land,0,135,
210057.809,start,2,127,
210061.209,start,3,136,
210070.167,refuse,0,135,
210072.154,conflict-at-land,2,127,
210072.73,conflict-at-land,3,136,
210085.167,start,0,135,
210087.154,start,2,127,
210087.73,refuse,3,136,
210090.842,conflict-at-land,0,135,
210098.105,conflict-at-land,2,127,
210102.73,start,3,136,
210105.842,refuse,0,135,
210111.313,conflict-at-land,3,136,
210113.105,start,2,127,
210120.842,start,0,135,
210126.313,refuse,3,136,
210126.85,conflict-at-land,0,135,
210127.493,conflict-at-land,2,127,
210141.313,start,3,136,
210141.85,refuse,0,135,
210142.493,start,2,127,
210148.162,conflict-at-land,3,136,
210150.967,conflict-at-land,2,127,
210156.85,start,0,135,
210163.162,refuse,3,136,
210163.43,conflict-at-land,0,135,
210165.967,start,2,127,
210175.434,conflict-at-land,2,127,
210178.162,start,3,136,
210178.43,refuse,0,135,
210188.602,conflict-at-land,3,136,
210190.434,start,2,127,
210193.43,start,0,135,
210198.39,conflict-at-land,0,135,
210203.152,conflict-at-land,2,127,
210203.602,start,3,136,
210210.27,conflict-at-land,3,136,
210213.39,start,0,135,
210218.152,start,2,127,
210220.0,conflict-at-land,0,135,
210225.27,start,3,136,
210227.706,conflict-at-land,2,127,
210235.0,refuse,0,135,
210236.867,conflict-at-land,3,136,
210242.706,start,2,127,
210250.0,start,0,135,
210251.867,refuse,3,136,
210254.805,conflict-at-land,2,127,
210255.378,conflict-at-land,0,135,
210266.867,start,3,136,
210269.805,start,2,127,
210270.378,refuse,0,135,
210277.509,conflict-at-land,3,136,
210282.652,conflict-at-land,2,127,
210285.378,start,0,135,
210291.949,conflict-at-land,0,135,
210292.509,start,3,136,
210297.652,start,2,127,
210303.069,conflict-at-land,3,136,
210306.949,start,0,135,
210309.309,conflict-at-land,2,127,
210311.307,conflict-at-land,0,135,
210318.069,start,3,136,
210324.309,start,2,127,
210325.23,conflict-at-land,3,136,
210326.307,start,0,135,
210332.753,conflict-at-land,0,135,
210339.846,conflict-at-land,2,127,
210340.23,start,3,136,
210346.658,conflict-at-land,3,136,
210347.753,start,0,135,
210352.486,conflict-at-land,0,135,
210354.846,start,2,127,
210361.658,start,3,136,
210364.014,conflict-at-land,2,127,
210367.486,refuse,0,135,
210369.344,conflict-at-land,3,136,
210379.014,start,2,127,
210382.486,start,0,135,
210384.344,refuse,3,136,
210390.024,conflict-at-land,0,135,
210392.124,conflict-at-land,2,127,
210399.344,start,3,136,
210405.024,refuse,0,135,
210407.124,start,2,127,
210408.731,conflict-at-land,3,136,
210419.118,conflict-at-land,2,127,
210420.024,start,0,135,
210423.731,refuse,3,136,
210427.544,conflict-at-land,0,135,
210434.118,start,2,127,
210438.731,start,3,136,
210442.544,refuse,0,135,
210443.46,conflict-at-land,2,127,
210449.884,conflict-at-land,3,136,
210457.544,start,0,135,
210458.46,start,2,127,
210464.058,conflict-at-land,0,135,
210464.884,start,3,136,
210468.559,conflict-at-land,2,127,
210475.33,conflict-at-land,3,136,
210479.058,start,0,135,
210483.559,start,2,127,
210483.887,conflict-at-land,0,135,
210490.33,start,3,136,
210496.221,conflict-at-land,2,127,
210498.887,refuse,0,135,
210499.114,conflict-at-land,3,136,
210511.221,start,2,127,
210513.887,start,0,135,
210514.114,refuse,3,136,
210520.395,conflict-at-land,2,127,
210521.461,conflict-at-land,0,135,
210529.114,start,3,136,
210535.395,start,2,127,
210536.461,refuse,0,135,
210536.471,conflict-at-land,3,136,
210546.427,conflict-at-land,2,127,
210551.461,start,0,135,
210551.471,refuse,3,136,
210557.954,conflict-at-land,0,135,
210561.427,start,2,127,
210566.471,start,3,136,
210571.772,conflict-at-land,2,127,
210572.954,refuse,0,135,
210573.282,conflict-at-land,3,136,
210586.772,start,2,127,
210587.954,start,0,135,
210588.282,refuse,3,136,
210593.51,conflict-at-land,0,135,
210597.334,conflict-at-land,2,127,
210603.282,start,3,136,
210608.51,refuse,0,135,
210612.334,start,2,127,
210613.939,conflict-at-land,3,136,
210623.51,start,0,135,
210624.659,conflict-at-land,2,127,
210628.939,refuse,3,136,
210631.03,conflict-at-land,0,135,
210639.659,start,2,127,
210643.939,start,3,136,
210646.03,refuse,0,135,
210649.062,conflict-at-land,2,127,
210654.705,conflict-at-land,3,136,
210661.03,start,0,135,
210664.062,start,2,127,
210668.779,conflict-at-land,0,135,
210669.705,start,3,136,
210677.622,conflict-at-land,3,136,
210679.541,conflict-at-land,2,127,
210683.779,start,0,135,
210688.341,conflict-at-land,0,135,
210692.622,start,3,136,
210694.541,start,2,127,
210703.048,conflict-at-land,3,136,
210703.341,start,0,135,
210706.109,conflict-at-land,2,127,
210709.845,conflict-at-land,0,135,
210718.048,start,3,136,
210721.109,start,2,127,
210724.845,refuse,0,135,
210724.876,conflict-at-land,3,136,
210736.45,conflict-at-land,2,127,
210739.845,start,0,135,
210739.876,refuse,3,136,
210745.468,conflict-at-land,0,135,
210751.45,start,2,127,
210754.876,start,3,136,
210760.468,refuse,0,135,
210761.217,conflict-at-land,3,136,
210766.802,conflict-at-land,2,127,
210775.468,start,0,135,
210776.217,refuse,3,136,
210780.726,conflict-at-land,0,135,
210781.802,start,2,127,
210791.217,start,3,136,
210793.582,conflict-at-land,2,127,
210795.726,refuse,0,135,
210799.51,conflict-at-land,3,136,
210808.582,start,2,127,
210810.726,start,0,135,
210814.51,refuse,3,136,
210818.455,conflict-at-land,0,135,
210818.489,conflict-at-land,2,127,
210829.51,start,3,136,
210833.455,refuse,0,135,
210833.489,start,2,127,
210838.77,conflict-at-land,3,136,
210848.455,start,0,135,
210848.633,conflict-at-land,2,127,
210853.77,refuse,3,136,
210854.523,conflict-at-land,0,135,
210863.633,start,2,127,
210868.77,start,3,136,
210869.523,refuse,0,135,
210877.694,conflict-at-land,2,127,
210878.536,conflict-at-land,3,136,
210884.523,start,0,135,
210889.219,conflict-at-land,0,135,
210892.694,start,2,127,
210893.536,start,3,136,
210903.873,conflict-at-land,3,136,
210904.219,start,0,135,
210906.121,conflict-at-land,2,127,
210911.0,conflict-at-land,0,135,
210918.873,start,3,136,
210921.121,start,2,127,
210926.0,refuse,0,135,
210927.826,conflict-at-land,3,136,
210929.872,conflict-at-land,2,127,
210941.0,start,0,135,
210942.826,refuse,3,136,
210944.872,start,2,127,
210948.189,conflict-at-land,0,135,
210957.826,start,3,136,
210960.245,conflict-at-land,2,127,
210963.189,refuse,0,135,
210964.487,conflict-at-land,3,136,
210975.245,start,2,127,
210978.189,start,0,135,
210979.487,refuse,3,136,
210983.944,conflict-at-land,0,135,
210983.952,conflict-at-land,2,127,
210994.487,start,3,136,
210998.944,refuse,0,135,
210998.952,start,2,127,
211004.766,conflict-at-land,3,136,
211010.588,conflict-at-land,2,127,
211013.944,start,0,135,
211019.766,refuse,3,136,
211021.089,conflict-at-land,0,135,
211025.588,start,2,127,
211034.766,start,3,136,
211036.089,refuse,0,135,
211040.325,conflict-at-land,2,127,
211044.282,conflict-at-land,3,136,
211051.089,start,0,135,
211055.325,start,2,127,
211057.508,conflict-at-land,0,135,
211059.282,start,3,136,
211067.586,conflict-at-land,3,136,
211068.361,conflict-at-land,2,127,
211072.508,start,0,135,
211077.441,conflict-at-land,0,135,
211082.586,start,3,136,
211083.361,start,2,127,
211092.441,refuse,0,135,
211093.63,conflict-at-land,2,127,
211093.802,conflict-at-land,3,136,
211107.441,start,0,135,
211108.63,start,2,127,
211108.802,refuse,3,136,
211114.616,conflict-at-land,0,135,
211120.76,conflict-at-land,2,127,
211123.802,start,3,136,
211129.616,refuse,0,135,
211134.095,conflict-at-land,3,136,
211135.76,start,2,127,
211144.616,start,0,135,
211149.095,refuse,3,136,
211149.83,conflict-at-land,2,127,
211151.996,conflict-at-land,0,135,
211164.095,start,3,136,
211164.83,start,2,127,
211166.996,refuse,0,135,
211174.922,conflict-at-land,3,136,
211175.589,conflict-at-land,2,127,
211181.996,start,0,135,
211189.199,conflict-at-land,0,135,
211189.922,start,3,136,
211190.589,start,2,127,
211200.915,conflict-at-land,3,136,
211203.611,conflict-at-land,2,127,
211204.199,start,0,135,
211209.114,conflict-at-land,0,135,
211215.915,start,3,136,
211218.611,start,2,127,
211224.114,refuse,0,135,
211227.535,conflict-at-land,3,136,
211232.763,conflict-at-land,2,127,
211239.114,start,0,135,
211242.535,refuse,3,136,
211244.697,conflict-at-land,0,135,
211247.763,start,2,127,
211257.535,start,3,136,
211258.344,conflict-at-land,2,127,
211258.344,abandon,2,127,
211258.344,refuse,2,137,
211259.697,refuse,0,135,
211268.233,conflict-at-land,3,136,
211273.344,start,2,137,
211274.697,refuse,0,135,
211283.233,refuse,3,136,
211286.494,conflict-at-land,2,137,
211289.697,start,0,135,
211295.245,conflict-at-land,0,135,
211298.233,start,3,136,
211301.494,refuse,2,137,
211309.43,conflict-at-land,3,136,
211310.245,start,0,135,
211316.494,refuse,2,137,
211318.009,conflict-at-land,0,135,
211324.43,start,3,136,
211331.494,refuse,2,137,
211333.009,refuse,0,135,
211334.395,conflict-at-land,3,136,
211346.494,start,2,137,
211348.009,refuse,0,135,
211349.395,refuse,3,136,
211360.881,conflict-at-land,2,137,
211363.009,start,0,135,
211364.395,refuse,3,136,
211369.357,conflict-at-land,0,135,
211375.881,start,2,137,
211379.395,refuse,3,136,
211384.357,refuse,0,135,
211386.477,conflict-at-land,2,137,
211394.395,start,3,136,
211399.357,refuse,0,135,
211401.477,refuse,2,137,
211405.007,conflict-at-land,3,136,
211414.357,start,0,135,
211416.477,refuse,2,137,
211420.007,refuse,3,136,
211421.077,conflict-at-land,0,135,
211431.477,start,2,137,
211435.007,refuse,3,136,
211436.077,refuse,0,135,
211446.22,conflict-at-land,2,137,
211450.007,start,3,136,
211451.077,refuse,0,135,
211458.186,conflict-at-land,3,136,
211461.22,start,2,137,
211466.077,refuse,0,135,
211473.186,refuse,3,136,
211476.378,conflict-at-land,2,137,
211481.077,start,0,135,
211487.779,conflict-at-land,0,135,
211488.186,start,3,136,
211491.378,refuse,2,137,
211498.538,conflict-at-land,3,136,
211502.779,start,0,135,
211506.378,refuse,2,137,
211510.012,conflict-at-land,0,135,
211513.538,start,3,136,
211521.378,refuse,2,137,
211522.296,conflict-at-land,3,136,
211525.012,start,0,135,
211532.233,conflict-at-land,0,135,
211536.378,start,2,137,
211537.296,refuse,3,136,
211547.233,refuse,0,135,
211551.193,conflict-at-land,2,137,
211552.296,start,3,136,
211562.233,refuse,0,135,
211563.839,conflict-at-land,3,136,
211566.193,start,2,137,
211577.233,refuse,0,135,
211578.839,refuse,3,136,
211578.909,conflict-at-land,2,137,
211592.233,start,0,135,
211593.839,refuse,3,136,
211593.909,refuse,2,137,
211596.655,conflict-at-land,0,135,
211608.839,start,3,136,
211608.909,refuse,2,137,
211611.655,refuse,0,135,
211616.442,conflict-at-land,3,136,
211623.909,start,2,137,
211626.655,refuse,0,135,
211626.655,abandon,0,135,
211626.655,start,0,138,
211631.361,land,0,138,
211631.361,start,0,139,
211631.442,refuse,3,136,
211633.729,conflict-at-land,2,137,
211639.705,land,0,139,
211639.705,start,0,140,
211646.021,land,0,140,
211646.021,start,0,141,
211646.442,start,3,136,
211648.729,refuse,2,137,
211653.187,conflict-at-land,3,136,
211653.784,land,0,141,
211653.784,start,0,142,
211661.43,land,0,142,
211661.43,start,0,143,
211663.729,start,2,137,
211667.599,land,0,143,
211667.599,start,0,144,
211668.187,refuse,3,136,
211671.189,land,0,144,
211671.189,start,0,145,
211677.897,conflict-at-land,2,137,
211682.135,land,0,145,
211682.135,start,0,146,
211683.187,start,3,136,
211688.865,land,0,146,
211688.865,start,0,147,
211692.897,refuse,2,137,
211693.504,conflict-at-land,3,136,
211694.25,land,0,147,
211694.25,start,0,148,
211701.779,land,0,148,
211701.779,start,0,149,
211707.897,start,2,137,
211708.504,refuse,3,136,
211709.154,land,0,149,
211709.154,start,0,150,
211716.376,conflict-at-land,2,137,
211716.43,land,0,150,
211716.43,start,0,151,
211722.023,land,0,151,
211722.023,start,0,152,
211723.504,start,3,136,
211729.669,land,0,152,
211729.669,start,0,153,
211730.12,conflict-at-land,3,136,
211731.376,start,2,137,
211736.904,land,0,153,
211736.904,start,0,154,
211742.099,land,0,154,
211742.099,start,0,155,
211743.46,conflict-at-land,2,137,
211745.12,start,3,136,
211755.925,conflict-at-land,3,136,
211758.46,start,2,137,
211769.944,conflict-at-land,2,137,
211770.925,start,3,136,
211779.686,conflict-at-land,3,136,
211784.944,start,2,137,
211794.686,refuse,3,136,
211799.708,conflict-at-land,2,137,
211809.686,start,3,136,
211814.708,refuse,2,137,
211820.525,conflict-at-land,3,136,
211829.708,start,2,137,
211835.525,refuse,3,136,
211839.693,conflict-at-land,2,137,
211850.525,start,3,136,
211854.693,refuse,2,137,
211859.587,conflict-at-land,3,136,
211869.693,start,2,137,
211874.587,refuse,3,136,
211880.98,conflict-at-land,2,137,
211889.587,start,3,136,
211895.98,refuse,2,137,
211896.923,conflict-at-land,3,136,
211910.98,start,2,137,
211911.923,refuse,3,136,
211920.83,conflict-at-land,2,137,
211926.923,start,3,136,
211933.827,conflict-at-land,3,136,
211935.83,start,2,137,
211945.435,conflict-at-land,2,137,
211948.827,start,3,136,
211957.404,conflict-at-land,3,136,
211960.435,start,2,137,
211970.656,conflict-at-land,2,137,
211972.404,start,3,136,
211982.62,conflict-at-land,3,136,
211985.656,start,2,137,
211994.724,conflict-at-land,2,137,
211997.62,start,3,136,
212005.214,conflict-at-land,3,136,
212009.724,start,2,137,
212020.214,refuse,3,136,
212025.048,conflict-at-land,2,137,
212035.214,start,3,136,
212040.048,refuse,2,137,
212044.595,conflict-at-land,3,136,
212055.048,start,2,137,
212059.595,refuse,3,136,
212064.772,conflict-at-land,2,137,
212074.595,start,3,136,
212079.772,refuse,2,137,
212085.33,conflict-at-land,3,136,
212094.772,start,2,137,
212100.33,refuse,3,136,
212103.294,conflict-at-land,2,137,
212115.33,start,3,136,
212118.294,refuse,2,137,
212123.278,conflict-at-land,3,136,
212133.294,start,2,137,
212138.278,refuse,3,136,
212142.691,conflict-at-land,2,137,
212153.278,start,3,136,
212157.691,refuse,2,137,
212161.801,conflict-at-land,3,136,
212172.691,start,2,137,
212176.801,refuse,3,136,
212184.455,conflict-at-land,2,137,
212191.801,start,3,136,
212199.455,refuse,2,137,
212203.048,conflict-at-land,3,136,
212214.455,start,2,137,
212218.048,refuse,3,136,
212226.423,conflict-at-land,2,137,
212233.048,start,3,136,
212241.423,refuse,2,137,
212244.203,conflict-at-land,3,136,
212256.423,start,2,137,
212259.203,refuse,3,136,
212271.72,conflict-at-land,2,137,
212274.203,start,3,136,
212280.745,conflict-at-land,3,136,
212286.72,start,2,137,
212295.745,refuse,3,136,
212295.884,conflict-at-land,2,137,
212310.745,start,3,136,
212310.884,refuse,2,137,
212321.421,conflict-at-land,3,136,
212325.884,start,2,137,
212336.401,conflict-at-land,2,137,
212336.421,start,3,136,
212345.224,conflict-at-land,3,136,
212351.401,start,2,137,
212360.224,refuse,3,136,
212364.516,conflict-at-land,2,137,
212375.224,start,3,136,
212379.516,refuse,2,137,
212383.831,conflict-at-land,3,136,
212394.516,start,2,137,
212398.831,refuse,3,136,
212409.156,conflict-at-land,2,137,
212413.831,start,3,136,
212420.275,conflict-at-land,3,136,
212424.156,start,2,137,
212434.446,conflict-at-land,2,137,
212435.275,start,3,136,
212441.909,conflict-at-land,3,136,
212449.446,start,2,137,
212456.909,refuse,3,136,
212459.714,conflict-at-land,2,137,
212471.909,start,3,136,
212474.714,refuse,2,137,
212483.533,conflict-at-land,3,136,
212489.714,start,2,137,
212498.321,conflict-at-land,2,137,
212498.533,start,3,136,
212507.77,conflict-at-land,3,136,
212513.321,start,2,137,
212522.77,refuse,3,136,
212523.292,conflict-at-land,2,137,
212537.77,start,3,136,
212538.292,refuse,2,137,
212548.073,conflict-at-land,3,136,
212553.292,start,2,137,
212562.872,conflict-at-land,2,137,
212563.073,start,3,136,
212573.389,conflict-at-land,3,136,
212577.872,start,2,137,
212588.389,refuse,3,136,
212590.013,conflict-at-land,2,137,
212603.389,start,3,136,
212605.013,refuse,2,137,
212614.888,conflict-at-land,3,136,
212620.013,start,2,137,
212628.984,conflict-at-land,2,137,
212629.888,start,3,136,
212639.015,conflict-at-land,3,136,
212643.984,start,2,137,
212654.015,refuse,3,136,
212658.939,conflict-at-land,2,137,
212669.015,start,3,136,
212673.939,refuse,2,137,
212678.129,conflict-at-land,3,136,
212688.939,start,2,137,
212693.129,refuse,3,136,
212700.405,conflict-at-land,2,137,
212708.129,start,3,136,
212715.405,refuse,2,137,
212719.416,conflict-at-land,3,136,
212730.405,start,2,137,
212734.416,refuse,3,136,
212744.772,conflict-at-land,2,137,
212749.416,start,3,136,
212759.772,refuse,2,137,
212759.937,conflict-at-land,3,136,
212774.772,start,2,137,
212774.937,refuse,3,136,
212786.097,conflict-at-land,2,137,
212789.937,start,3,136,
212798.007,conflict-at-land,3,136,
212801.097,start,2,137,
212811.528,conflict-at-land,2,137,
212813.007,start,3,136,
212824.565,conflict-at-land,3,136,
212826.528,start,2,137,
212835.487,conflict-at-land,2,137,
212839.565,start,3,136,
212846.594,conflict-at-land,3,136,
212850.487,start,2,137,
212861.594,refuse,3,136,
212863.441,conflict-at-land,2,137,
212876.594,start,3,136,
212878.441,refuse,2,137,
212887.665,conflict-at-land,3,136,
212893.441,start,2,137,
212902.665,refuse,3,136,
212908.889,conflict-at-land,2,137,
212917.665,start,3,136,
212923.889,refuse,2,137,
212927.252,conflict-at-land,3,136,
212938.889,start,2,137,
212942.252,refuse,3,136,
212953.484,conflict-at-land,2,137,
212957.252,start,3,136,
212965.517,conflict-at-land,3,136,
212968.484,start,2,137,
212980.517,refuse,3,136,
212980.595,conflict-at-land,2,137,
212995.517,start,3,136,
212995.595,refuse,2,137,
213005.968,conflict-at-land,3,136,
213005.968,abandon,3,136,
213005.968,refuse,3,156,
213010.595,start,2,137,
213020.253,conflict-at-land,2,137,
213020.968,refuse,3,156,
213035.253,start,2,137,
213035.968,refuse,3,156,
213048.71,conflict-at-land,2,137,
213050.968,refuse,3,156,
213063.71,start,2,137,
213065.968,refuse,3,156,
213075.167,conflict-at-land,2,137,
213080.968,refuse,3,156,
213090.167,start,2,137,
213095.968,refuse,3,156,
213098.895,conflict-at-land,2,137,
213110.968,refuse,3,156,
213113.895,start,2,137,
213124.858,conflict-at-land,2,137,
213125.968,refuse,3,156,
213139.858,start,2,137,
213140.968,refuse,3,156,
213153.593,conflict-at-land,2,137,
213155.968,refuse,3,156,
213168.593,start,2,137,
213170.968,refuse,3,156,
213182.75,conflict-at-land,2,137,
213185.968,refuse,3,156,
213197.75,start,2,137,
213200.968,refuse,3,156,
213211.08,conflict-at-land,2,137,
213215.968,refuse,3,156,
213226.08,start,2,137,
213230.968,refuse,3,156,
213239.688,conflict-at-land,2,137,
213245.968,refuse,3,156,
213254.688,start,2,137,
213260.968,refuse,3,156,
213265.752,conflict-at-land,2,137,
213275.968,refuse,3,156,
213280.752,start,2,137,
213290.968,refuse,3,156,
213291.384,conflict-at-land,2,137,
213305.968,refuse,3,156,
213306.384,start,2,137,
213317.654,conflict-at-land,2,137,
213320.968,refuse,3,156,
213332.654,start,2,137,
213335.968,refuse,3,156,
213344.21,conflict-at-land,2,137,
213350.968,refuse,3,156,
213359.21,start,2,137,
213365.968,refuse,3,156,
213369.958,conflict-at-land,2,137,
213380.968,refuse,3,156,
213384.958,start,2,137,
213395.968,refuse,3,156,
213399.734,conflict-at-land,2,137,
213410.968,refuse,3,156,
213414.734,start,2,137,
213425.968,refuse,3,156,
213428.178,conflict-at-land,2,137,
213440.968,refuse,3,156,
213443.178,start,2,137,
213452.669,conflict-at-land,2,137,
213455.968,refuse,3,156,
213467.669,start,2,137,
213470.968,refuse,3,156,
213477.025,conflict-at-land,2,137,
213485.968,refuse,3,156,
213492.025,start,2,137,
213497.266,conflict-at-land,0,155,
213500.968,start,3,156,
213503.865,conflict-at-land,2,137,
213512.266,refuse,0,155,
213518.865,start,2,137,
213527.266,refuse,0,155,
213532.261,conflict-at-land,2,137,
213542.266,refuse,0,155,
213547.261,start,2,137,
213557.266,refuse,0,155,
213558.737,conflict-at-land,2,137,
213572.266,refuse,0,155,
213573.737,start,2,137,
213586.296,conflict-at-land,2,137,
213587.266,refuse,0,155,
213601.296,start,2,137,
213602.266,refuse,0,155,
213614.053,conflict-at-land,2,137,
213617.266,refuse,0,155,
213629.053,start,2,137,
213632.266,refuse,0,155,
213639.571,conflict-at-land,2,137,
213647.266,refuse,0,155,
213654.571,start,2,137,
213662.266,refuse,0,155,
213668.77,conflict-at-land,2,137,
213676.284,conflict-at-land,3,156,
213677.266,start,0,155,
213683.77,start,2,137,
213691.284,refuse,3,156,
213693.116,conflict-at-land,2,137,
213706.284,refuse,3,156,
213708.116,start,2,137,
213717.56,conflict-at-land,2,137,
213721.284,refuse,3,156,
213732.56,start,2,137,
213736.284,refuse,3,156,
213745.628,conflict-at-land,2,137,
213751.284,refuse,3,156,
213760.628,start,2,137,
213766.284,refuse,3,156,
213772.443,conflict-at-land,2,137,
213781.284,refuse,3,156,
213787.443,start,2,137,
213796.284,refuse,3,156,
213801.927,conflict-at-land,2,137,
213811.284,refuse,3,156,
213816.927,start,2,137,
213826.284,refuse,3,156,
213831.64,conflict-at-land,2,137,
213841.284,refuse,3,156,
213846.64,start,2,137,
213856.284,refuse,3,156,
213856.716,conflict-at-land,2,137,
213871.284,refuse,3,156,
213871.716,start,2,137,
213885.732,conflict-at-land,2,137,
213886.284,refuse,3,156,
213900.732,start,2,137,
213901.284,refuse,3,156,
213914.047,conflict-at-land,2,137,
213916.284,refuse,3,156,
213929.047,start,2,137,
213931.284,refuse,3,156,
213941.498,conflict-at-land,2,137,
213946.284,refuse,3,156,
213956.498,start,2,137,
213961.284,refuse,3,156,
213972.066,conflict-at-land,2,137,
213976.284,refuse,3,156,
213987.066,start,2,137,
213991.284,refuse,3,156,
213996.69,conflict-at-land,2,137,
214006.284,refuse,3,156,
214011.69,start,2,137,
214021.284,refuse,3,156,
214023.114,conflict-at-land,2,137,
214036.284,refuse,3,156,
214038.114,start,2,137,
214049.465,conflict-at-land,2,137,
214051.284,refuse,3,156,
214064.465,start,2,137,
214066.284,refuse,3,156,
214074.808,conflict-at-land,2,137,
214081.284,refuse,3,156,
214089.808,start,2,137,
214096.284,refuse,3,156,
214102.649,conflict-at-land,2,137,
214111.284,refuse,3,156,
214117.649,start,2,137,
214126.284,refuse,3,156,
214132.21,conflict-at-land,2,137,
214141.284,refuse,3,156,
214147.21,start,2,137,
214156.284,refuse,3,156,
214159.064,conflict-at-land,2,137,
214171.284,refuse,3,156,
214174.064,start,2,137,
214183.048,conflict-at-land,2,137,
214186.284,refuse,3,156,
214198.048,start,2,137,
214201.284,refuse,3,156,
214208.339,conflict-at-land,2,137,
214216.284,refuse,3,156,
214223.339,start,2,137,
214231.284,refuse,3,156,
214236.919,conflict-at-land,2,137,
214246.284,refuse,3,156,
214251.919,start,2,137,
214261.284,refuse,3,156,
214263.627,conflict-at-land,2,137,
214276.284,refuse,3,156,
214278.627,start,2,137,
214287.355,conflict-at-land,2,137,
214291.284,refuse,3,156,
214302.355,start,2,137,
214306.284,refuse,3,156,
214312.577,conflict-at-land,2,137,
214321.284,refuse,3,156,
214327.577,start,2,137,
214336.284,refuse,3,156,
214339.795,conflict-at-land,2,137,
214351.284,refuse,3,156,
214354.795,start,2,137,
214365.513,conflict-at-land,2,137,
214366.284,refuse,3,156,
214380.513,start,2,137,
214381.284,refuse,3,156,
214390.396,conflict-at-land,2,137,
214396.284,refuse,3,156,
214405.396,start,2,137,
214411.284,refuse,3,156,
214416.541,conflict-at-land,2,137,
214426.284,refuse,3,156,
214431.541,start,2,137,
214440.74,conflict-at-land,2,137,
214441.284,refuse,3,156,
214455.74,start,2,137,
214456.284,refuse,3,156,
214470.525,conflict-at-land,2,137,
214471.284,refuse,3,156,
214485.525,start,2,137,
214486.284,refuse,3,156,
214496.239,conflict-at-land,2,137,
214501.284,refuse,3,156,
214511.239,start,2,137,
214516.284,refuse,3,156,
214523.016,conflict-at-land,2,137,
214531.284,refuse,3,156,
214538.016,start,2,137,
214546.284,refuse,3,156,
214550.167,conflict-at-land,2,137,
214561.284,refuse,3,156,
214565.167,start,2,137,
214576.284,refuse,3,156,
214576.8,conflict-at-land,2,137,
214591.284,refuse,3,156,
214591.8,start,2,137,
214606.284,refuse,3,156,
214606.836,conflict-at-land,2,137,
214621.284,refuse,3,156,
214621.836,start,2,137,
214631.348,conflict-at-land,2,137,
214636.284,refuse,3,156,
214646.348,start,2,137,
214651.284,refuse,3,156,
214658.305,conflict-at-land,2,137,
214666.284,refuse,3,156,
214673.305,start,2,137,
214681.284,refuse,3,156,
214682.827,conflict-at-land,2,137,
214696.284,refuse,3,156,
214697.827,start,2,137,
214706.665,conflict-at-land,2,137,
214711.284,refuse,3,156,
214721.665,start,2,137,
214726.284,refuse,3,156,
214735.138,conflict-at-land,2,137,
214741.284,refuse,3,156,
214750.138,start,2,137,
214756.284,refuse,3,156,
214760.945,conflict-at-land,2,137,
214771.284,refuse,3,156,
214775.945,start,2,137,
214786.284,refuse,3,156,
214789.675,conflict-at-land,2,137,
214801.284,refuse,3,156,
214804.675,start,2,137,
214816.284,refuse,3,156,
214816.589,conflict-at-land,2,137,
214831.284,refuse,3,156,
214831.589,start,2,137,
214840.255,conflict-at-land,2,137,
214846.284,refuse,3,156,
214855.255,start,2,137,
214861.284,refuse,3,156,
214864.235,conflict-at-land,2,137,
214876.284,refuse,3,156,
214879.235,start,2,137,
214887.827,conflict-at-land,2,137,
214891.284,refuse,3,156,
214902.827,start,2,137,
214906.284,refuse,3,156,
214915.371,conflict-at-land,2,137,
214921.284,refuse,3,156,
214930.371,start,2,137,
214936.284,refuse,3,156,
214941.685,conflict-at-land,2,137,
214951.284,refuse,3,156,
214956.685,start,2,137,
214966.284,refuse,3,156,
214967.185,conflict-at-land,2,137,
214981.284,refuse,3,156,
214982.185,start,2,137,
214992.746,conflict-at-land,2,137,
214996.284,refuse,3,156,
215007.746,start,2,137,
215011.284,refuse,3,156,
215019.256,conflict-at-land,2,137,
215026.284,refuse,3,156,
215034.256,start,2,137,
215041.284,refuse,3,156,
215048.883,conflict-at-land,2,137,
215056.284,refuse,3,156,
215063.883,start,2,137,
215071.284,refuse,3,156,
215078.703,conflict-at-land,2,137,
215086.284,refuse,3,156,
215093.703,start,2,137,
215101.284,refuse,3,156,
215108.035,conflict-at-land,2,137,
215116.284,refuse,3,156,
215123.035,start,2,137,
215131.284,refuse,3,156,
215136.805,conflict-at-land,2,137,
215146.284,refuse,3,156,
215151.805,start,2,137,
215161.072,conflict-at-land,2,137,
215161.284,refuse,3,156,
215176.072,start,2,137,
215176.284,refuse,3,156,
215187.149,conflict-at-land,2,137,
215191.284,refuse,3,156,
215202.149,start,2,137,
215206.284,refuse,3,156,
215216.465,conflict-at-land,2,137,
215221.284,refuse,3,156,
215231.465,start,2,137,
215236.284,refuse,3,156,
215241.328,conflict-at-land,2,137,
215251.284,refuse,3,156,
215256.328,start,2,137,
215266.284,refuse,3,156,
215269.951,conflict-at-land,2,137,
215276.849,conflict-at-land,0,155,
215281.284,start,3,156,
215284.951,start,2,137,
215291.849,refuse,0,155,
215299.218,conflict-at-land,2,137,
215306.849,refuse,0,155,
215314.218,start,2,137,
215321.849,refuse,0,155,
215324.478,conflict-at-land,2,137,
215336.849,refuse,0,155,
215339.478,start,2,137,
215349.735,conflict-at-land,2,137,
215351.849,refuse,0,155,
215364.735,start,2,137,
215366.849,refuse,0,155,
215380.081,conflict-at-land,2,137,
215381.849,refuse,0,155,
215395.081,start,2,137,
215396.849,refuse,0,155,
215404.276,conflict-at-land,2,137,
215405.253,conflict-at-land,3,156,
215411.849,start,0,155,
215419.276,start,2,137,
215420.253,refuse,3,156,
215429.799,conflict-at-land,2,137,
215435.253,refuse,3,156,
215444.799,start,2,137,
215450.253,refuse,3,156,
215455.212,conflict-at-land,2,137,
215465.253,refuse,3,156,
215470.212,start,2,137,
215479.652,conflict-at-land,2,137,
215480.253,refuse,3,156,
215494.652,start,2,137,
215495.253,refuse,3,156,
215503.467,conflict-at-land,2,137,
215510.253,refuse,3,156,
215518.467,start,2,137,
215525.253,refuse,3,156,
215529.595,conflict-at-land,2,137,
215540.253,refuse,3,156,
215544.595,start,2,137,
215555.253,refuse,3,156,
215556.195,conflict-at-land,2,137,
215570.253,refuse,3,156,
215571.195,start,2,137,
215581.849,conflict-at-land,2,137,
215585.253,refuse,3,156,
215596.849,start,2,137,
215600.253,refuse,3,156,
215605.298,conflict-at-land,2,137,
215615.253,refuse,3,156,
215620.298,start,2,137,
215630.253,refuse,3,156,
215635.114,conflict-at-land,2,137,
215645.253,refuse,3,156,
215650.114,start,2,137,
215660.253,refuse,3,156,
215664.58,conflict-at-land,2,137,
215675.253,refuse,3,156,
215679.58,start,2,137,
215690.253,refuse,3,156,
215692.51,conflict-at-land,2,137,
215705.253,refuse,3,156,
215707.51,start,2,137,
215716.892,conflict-at-land,2,137,
215720.253,refuse,3,156,
215731.892,start,2,137,
215735.253,refuse,3,156,
215741.372,conflict-at-land,2,137,
215750.253,refuse,3,156,
215756.372,start,2,137,
215765.253,refuse,3,156,
215768.265,conflict-at-land,2,137,
215780.253,refuse,3,156,
215783.265,start,2,137,
215792.903,conflict-at-land,2,137,
215795.253,refuse,3,156,
215807.903,start,2,137,
215810.253,refuse,3,156,
215818.329,conflict-at-land,2,137,
215825.253,refuse,3,156,
215833.329,start,2,137,
215840.253,refuse,3,156,
215843.308,conflict-at-land,2,137,
215855.253,refuse,3,156,
215858.308,start,2,137,
215870.253,refuse,3,156,
215872.248,conflict-at-land,2,137,
215885.253,refuse,3,156,
215887.248,start,2,137,
215900.253,refuse,3,156,
215900.46,conflict-at-land,2,137,
215915.253,refuse,3,156,
215915.46,start,2,137,
215925.353,conflict-at-land,2,137,
215930.253,refuse,3,156,
215940.353,start,2,137,
215945.253,refuse,3,156,
215955.58,conflict-at-land,2,137,
215960.253,refuse,3,156,
215970.58,start,2,137,
215975.253,refuse,3,156,
215983.327,conflict-at-land,2,137,
215990.253,refuse,3,156,
215998.327,start,2,137,
216005.253,refuse,3,156,
216012.438,conflict-at-land,2,137,
216020.253,refuse,3,156,
216027.438,start,2,137,
216035.253,refuse,3,156,
216040.67,conflict-at-land,2,137,
216050.253,refuse,3,156,
216055.67,start,2,137,
216065.253,refuse,3,156,
216067.407,conflict-at-land,2,137,
216080.253,refuse,3,156,
216082.407,start,2,137,
216094.189,conflict-at-land,2,137,
216095.253,refuse,3,156,
216109.189,start,2,137,
216110.253,refuse,3,156,
216120.665,conflict-at-land,2,137,
216125.253,refuse,3,156,
216135.665,start,2,137,
216140.253,refuse,3,156,
216144.557,conflict-at-land,2,137,
216155.253,refuse,3,156,
216159.557,start,2,137,
216170.253,refuse,3,156,
216174.741,conflict-at-land,2,137,
216185.253,refuse,3,156,
216189.741,start,2,137,
216200.253,refuse,3,156,
216200.622,conflict-at-land,2,137,
216215.253,refuse,3,156,
216215.622,start,2,137,
216224.422,conflict-at-land,2,137,
216224.422,abandon,2,137,
216224.422,refuse,2,157,
216230.253,refuse,3,156,
216239.422,refuse,2,157,
216245.253,refuse,3,156,
216254.422,refuse,2,157,
216260.253,refuse,3,156,
216269.422,refuse,2,157,
216275.253,refuse,3,156,
216284.422,refuse,2,157,
216290.253,refuse,3,156,
216299.422,refuse,2,157,
216305.253,refuse,3,156,
216305.253,abandon,3,156,
216305.253,refuse,3,158,
216314.422,refuse,2,157,
216320.253,refuse,3,158,
216329.422,refuse,2,157,
216335.253,refuse,3,158,
216344.422,refuse,2,157,
216350.253,refuse,3,158,
216359.422,refuse,2,157,
216365.253,refuse,3,158,
216374.422,refuse,2,157,
216380.253,refuse,3,158,
216389.422,refuse,2,157,
216395.253,refuse,3,158,
216404.422,refuse,2,157,
216410.253,refuse,3,158,
216419.422,refuse,2,157,
216425.253,refuse,3,158,
216434.422,refuse,2,157,
216440.253,refuse,3,158,
216449.422,refuse,2,157,
216455.253,refuse,3,158,
216464.422,refuse,2,157,
216470.253,refuse,3,158,
216479.422,refuse,2,157,
216485.253,refuse,3,158,
216494.422,refuse,2,157,
216500.253,refuse,3,158,
216509.422,refuse,2,157,
216515.253,refuse,3,158,
216524.422,refuse,2,157,
216530.253,refuse,3,158,
216539.422,refuse,2,157,
216545.253,refuse,3,158,
216554.422,refuse,2,157,
216560.253,refuse,3,158,
216569.422,refuse,2,157,
216575.253,refuse,3,158,
216584.422,refuse,2,157,
216590.253,refuse,3,158,
216599.422,refuse,2,157,
216605.253,refuse,3,158,
216614.422,refuse,2,157,
216620.253,refuse,3,158,
216629.422,refuse,2,157,
216635.253,refuse,3,158,
216644.422,refuse,2,157,
216650.253,refuse,3,158,
216659.422,refuse,2,157,
216665.253,refuse,3,158,
216674.422,refuse,2,157,
216680.253,refuse,3,158,
216689.422,refuse,2,157,
216695.253,refuse,3,158,
216704.422,refuse,2,157,
216710.253,refuse,3,158,
216719.422,refuse,2,157,
216725.253,refuse,3,158,
216734.422,refuse,2,157,
216740.253,refuse,3,158,
216749.422,refuse,2,157,
216755.253,refuse,3,158,
216764.422,refuse,2,157,
216770.253,refuse,3,158,
216779.422,refuse,2,157,
216785.253,refuse,3,158,
216794.422,refuse,2,157,
216800.253,refuse,3,158,
216809.422,refuse,2,157,
216815.253,refuse,3,158,
216824.422,refuse,2,157,
216830.253,refuse,3,158,
216839.422,refuse,2,157,
216845.253,refuse,3,158,
216854.422,refuse,2,157,
216860.253,refuse,3,158,
216869.422,refuse,2,157,
216875.253,refuse,3,158,
216884.422,refuse,2,157,
216890.253,refuse,3,158,
216899.422,refuse,2,157,
216905.253,refuse,3,158,
216914.422,refuse,2,157,
216920.253,refuse,3,158,
216929.422,refuse,2,157,
216935.253,refuse,3,158,
216944.422,refuse,2,157,
216950.253,refuse,3,158,
216959.422,refuse,2,157,
216965.253,refuse,3,158,
216974.422,refuse,2,157,
216980.253,refuse,3,158,
216989.422,refuse,2,157,
216995.253,refuse,3,158,
217004.422,refuse,2,157,
217010.253,refuse,3,158,
217019.422,refuse,2,157,
217025.253,refuse,3,158,
217034.422,refuse,2,157,
217040.253,refuse,3,158,
217049.422,refuse,2,157,
217055.253,refuse,3,158,
217064.422,refuse,2,157,
217070.253,refuse,3,158,
217079.422,refuse,2,157,
217085.253,refuse,3,158,
217094.422,refuse,2,157,
217100.253,refuse,3,158,
217109.422,refuse,2,157,
217115.253,refuse,3,158,
217124.422,refuse,2,157,
217130.253,refuse,3,158,
217139.422,refuse,2,157,
217145.253,refuse,3,158,
217154.422,refuse,2,157,
217160.253,refuse,3,158,
217169.422,refuse,2,157,
217175.253,refuse,3,158,
217184.422,refuse,2,157,
217190.253,refuse,3,158,
217199.422,refuse,2,157,
217205.253,refuse,3,158,
217214.422,refuse,2,157,
217220.253,refuse,3,158,
217229.422,refuse,2,157,
217235.253,refuse,3,158,
217244.422,refuse,2,157,
217250.253,refuse,3,158,
217259.422,refuse,2,157,
217265.253,refuse,3,158,
217274.422,refuse,2,157,
217280.253,refuse,3,158,
217289.422,refuse,2,157,
217295.253,refuse,3,158,
217304.422,refuse,2,157,
217310.253,refuse,3,158,
217319.422,refuse,2,157,
217325.253,refuse,3,158,
217334.422,refuse,2,157,
217340.253,refuse,3,158,
217349.422,refuse,2,157,
217355.253,refuse,3,158,
217364.422,refuse,2,157,
217370.253,refuse,3,158,
217379.422,refuse,2,157,
217385.253,refuse,3,158,
217394.422,refuse,2,157,
217400.253,refuse,3,158,
217409.422,refuse,2,157,
217415.253,refuse,3,158,
217424.422,refuse,2,157,
217430.253,refuse,3,158,
217439.422,refuse,2,157,
217445.253,refuse,3,158,
217454.422,refuse,2,157,
217460.253,refuse,3,158,
217469.422,refuse,2,157,
217475.253,refuse,3,158,
217484.422,refuse,2,157,
217490.253,refuse,3,158,
217499.422,refuse,2,157,
217505.253,refuse,3,158,
217514.422,refuse,2,157,
217520.253,refuse,3,158,
217529.422,refuse,2,157,
217535.253,refuse,3,158,
217544.422,refuse,2,157,
217550.253,refuse,3,158,
217559.422,refuse,2,157,
217565.253,refuse,3,158,
217574.422,refuse,2,157,
217580.253,refuse,3,158,
217589.422,refuse,2,157,
217595.253,refuse,3,158,
217598.965,conflict-at-land,0,155,
217604.422,refuse,2,157,
217610.253,refuse,3,158,
217613.965,start,0,155,
217619.422,refuse,2,157,
217625.253,refuse,3,158,
217634.422,refuse,2,157,
217640.253,refuse,3,158,
217649.422,refuse,2,157,
217655.253,refuse,3,158,
217664.422,refuse,2,157,
217670.253,refuse,3,158,
217679.422,refuse,2,157,
217685.253,refuse,3,158,
217694.422,refuse,2,157,
217700.253,refuse,3,158,
217709.422,refuse,2,157,
217715.253,refuse,3,158,
217724.422,refuse,2,157,
217730.253,refuse,3,158,
217739.422,refuse,2,157,
217745.253,refuse,3,158,
217754.422,refuse,2,157,
217760.253,refuse,3,158,
217769.422,refuse,2,157,
217775.253,refuse,3,158,
217784.422,refuse,2,157,
217790.253,refuse,3,158,
217799.422,refuse,2,157,
217805.253,refuse,3,158,
217814.422,refuse,2,157,
217820.253,refuse,3,158,
217829.422,refuse,2,157,
217835.253,refuse,3,158,
217844.422,refuse,2,157,
217850.253,refuse,3,158,
217859.422,refuse,2,157,
217865.253,refuse,3,158,
217874.422,refuse,2,157,
217880.253,refuse,3,158,
217889.422,refuse,2,157,
217895.253,refuse,3,158,
217904.422,refuse,2,157,
217910.253,refuse,3,158,
217919.422,refuse,2,157,
217925.253,refuse,3,158,
217934.422,refuse,2,157,
217940.253,refuse,3,158,
217949.422,refuse,2,157,
217955.253,refuse,3,158,
217964.422,refuse,2,157,
217970.253,refuse,3,158,
217979.422,refuse,2,157,
217985.253,refuse,3,158,
217994.422,refuse,2,157,
218000.253,refuse,3,158,
218009.422,refuse,2,157,
218015.253,refuse,3,158,
218024.422,refuse,2,157,
218030.253,refuse,3,158,
218039.422,refuse,2,157,
218045.253,refuse,3,158,
218054.422,refuse,2,157,
218060.253,refuse,3,158,
218069.422,refuse,2,157,
218075.253,refuse,3,158,
218084.422,refuse,2,157,
218090.253,refuse,3,158,
218099.422,refuse,2,157,
218105.253,refuse,3,158,
218114.422,refuse,2,157,
218120.253,refuse,3,158,
218129.422,refuse,2,157,
218135.253,refuse,3,158,
218144.422,refuse,2,157,
218150.253,refuse,3,158,
218159.422,refuse,2,157,
218165.253,refuse,3,158,
218174.422,refuse,2,157,
218180.253,refuse,3,158,
218189.422,refuse,2,157,
218195.253,refuse,3,158,
218204.422,refuse,2,157,
218210.253,refuse,3,158,
218219.422,refuse,2,157,
218225.253,refuse,3,158,
218234.422,refuse,2,157,
218240.253,refuse,3,158,
218249.422,refuse,2,157,
218255.253,refuse,3,158,
218264.422,refuse,2,157,
218270.253,refuse,3,158,
218279.422,refuse,2,157,
218285.253,refuse,3,158,
218294.422,refuse,2,157,
218300.253,refuse,3,158,
218309.422,refuse,2,157,
218315.253,refuse,3,158,
218324.422,refuse,2,157,
218330.253,refuse,3,158,
218339.422,refuse,2,157,
218345.253,refuse,3,158,
218354.422,refuse,2,157,
218360.253,refuse,3,158,
218369.422,refuse,2,157,
218375.253,refuse,3,158,
218384.422,refuse,2,157,
218390.253,refuse,3,158,
218399.422,refuse,2,157,
218405.253,refuse,3,158,
218414.422,refuse,2,157,
218420.253,refuse,3,158,
218429.422,refuse,2,157,
218435.253,refuse,3,158,
218444.422,refuse,2,157,
218450.253,refuse,3,158,
218459.422,refuse,2,157,
218465.253,refuse,3,158,
218474.422,refuse,2,157,
218480.253,refuse,3,158,
218489.422,refuse,2,157,
218495.253,refuse,3,158,
218504.422,refuse,2,157,
218510.253,refuse,3,158,
218519.422,refuse,2,157,
218525.253,refuse,3,158,
218534.422,refuse,2,157,
218540.253,refuse,3,158,
218549.422,refuse,2,157,
218555.253,refuse,3,158,
218564.422,refuse,2,157,
218570.253,refuse,3,158,
218579.422,refuse,2,157,
218585.253,refuse,3,158,
218594.422,refuse,2,157,
218600.253,refuse,3,158,
218609.422,refuse,2,157,
218615.253,refuse,3,158,
218624.422,refuse,2,157,
218630.253,refuse,3,158,
218639.422,refuse,2,157,
218645.253,refuse,3,158,
218654.422,refuse,2,157,
218660.253,refuse,3,158,
218669.422,refuse,2,157,
218675.253,refuse,3,158,
218684.422,refuse,2,157,
218690.253,refuse,3,158,
218699.422,refuse,2,157,
218705.253,refuse,3,158,
218714.422,refuse,2,157,
218720.253,refuse,3,158,
218729.422,refuse,2,157,
218735.253,refuse,3,158,
218744.422,refuse,2,157,
218750.253,refuse,3,158,
218759.422,refuse,2,157,
218765.253,refuse,3,158,
218774.422,refuse,2,157,
218780.253,refuse,3,158,
218789.422,refuse,2,157,
218795.253,refuse,3,158,
218804.422,refuse,2,157,
218810.253,refuse,3,158,
218819.422,refuse,2,157,
218825.253,refuse,3,158,
218834.422,refuse,2,157,
218840.253,refuse,3,158,
218849.422,refuse,2,157,
218855.253,refuse,3,158,
218864.422,refuse,2,157,
218870.253,refuse,3,158,
218879.422,refuse,2,157,
218885.253,refuse,3,158,
218894.422,refuse,2,157,
218900.253,refuse,3,158,
218909.422,refuse,2,157,
218915.253,refuse,3,158,
218924.422,refuse,2,157,
218930.253,refuse,3,158,
218939.422,refuse,2,157,
218945.253,refuse,3,158,
218954.422,refuse,2,157,
218958.808,conflict-at-land,0,155,
218960.253,refuse,3,158,
218969.422,refuse,2,157,
218973.808,start,0,155,
218975.253,refuse,3,158,
218984.422,refuse,2,157,
218990.253,refuse,3,158,
218999.422,refuse,2,157,
219005.253,refuse,3,158,
219014.422,refuse,2,157,
219020.253,refuse,3,158,
219029.422,refuse,2,157,
219035.253,refuse,3,158,
219044.422,refuse,2,157,
219050.253,refuse,3,158,
219059.422,refuse,2,157,
219065.253,refuse,3,158,
219074.422,refuse,2,157,
219080.253,refuse,3,158,
219089.422,refuse,2,157,
219095.253,refuse,3,158,
219104.422,refuse,2,157,
219110.253,refuse,3,158,
219119.422,refuse,2,157,
219125.253,refuse,3,158,
219134.422,refuse,2,157,
219140.253,refuse,3,158,
219149.422,refuse,2,157,
219155.253,refuse,3,158,
219164.422,refuse,2,157,
219170.253,refuse,3,158,
219179.422,refuse,2,157,
219185.253,refuse,3,158,
219194.422,refuse,2,157,
219200.253,refuse,3,158,
219209.422,refuse,2,157,
219215.253,refuse,3,158,
219224.422,refuse,2,157,
219224.422,abandon,2,157,
219224.422,refuse,2,159,
219230.253,refuse,3,158,
219239.422,refuse,2,159,
219245.253,refuse,3,158,
219254.422,refuse,2,159,
219260.253,refuse,3,158,
219269.422,refuse,2,159,
219275.253,refuse,3,158,
219284.422,refuse,2,159,
219290.253,refuse,3,158,
219299.422,refuse,2,159,
219305.253,refuse,3,158,
219305.253,abandon,3,158,
219305.253,start,3,160,
219314.422,refuse,2,159,
219329.422,refuse,2,159,
219344.422,refuse,2,159,
219359.422,refuse,2,159,
219374.422,refuse,2,159,
219389.422,refuse,2,159,
219404.422,refuse,2,159,
219419.422,refuse,2,159,
219434.422,refuse,2,159,
219449.422,refuse,2,159,
219461.043,conflict-at-land,3,160,
219464.422,refuse,2,159,
219476.043,start,3,160,
219479.422,refuse,2,159,
219494.422,refuse,2,159,
219509.422,refuse,2,159,
219524.422,refuse,2,159,
219539.422,refuse,2,159,
219554.422,refuse,2,159,
219569.422,refuse,2,159,
219584.422,refuse,2,159,
219599.422,refuse,2,159,
219614.032,conflict-at-land,3,160,
219614.422,refuse,2,159,
219629.032,start,3,160,
219629.422,refuse,2,159,
219644.422,refuse,2,159,
219659.422,refuse,2,159,
219674.422,refuse,2,159,
219689.422,refuse,2,159,
219704.422,refuse,2,159,
219719.422,refuse,2,159,
219734.422,refuse,2,159,
219749.422,refuse,2,159,
219753.029,conflict-at-land,3,160,
219764.422,refuse,2,159,
219768.029,start,3,160,
219779.422,refuse,2,159,
219794.422,refuse,2,159,
219809.422,refuse,2,159,
219824.422,refuse,2,159,
219839.422,refuse,2,159,
219854.422,refuse,2,159,
219869.422,refuse,2,159,
219884.422,refuse,2,159,
219899.422,refuse,2,159,
219914.422,refuse,2,159,
219929.422,refuse,2,159,
219939.652,conflict-at-land,3,160,
219944.422,refuse,2,159,
219954.652,start,3,160,
219959.422,refuse,2,159,
219974.422,refuse,2,159,
219989.422,refuse,2,159,
220004.422,refuse,2,159,
220019.422,refuse,2,159,
220034.422,refuse,2,159,
220049.422,refuse,2,159,
220056.922,conflict-at-land,3,160,
220064.422,refuse,2,159,
220071.922,start,3,160,
220079.422,refuse,2,159,
220094.422,refuse,2,159,
220109.422,refuse,2,159,
220124.422,refuse,2,159,
220139.422,refuse,2,159,
220154.422,refuse,2,159,
220169.422,refuse,2,159,
220184.422,refuse,2,159,
220190.738,conflict-at-land,3,160,
220199.422,refuse,2,159,
220205.738,start,3,160,
220214.422,refuse,2,159,
220229.422,refuse,2,159,
220244.422,refuse,2,159,
220259.422,refuse,2,159,
220274.422,refuse,2,159,
220289.422,refuse,2,159,
220304.422,refuse,2,159,
220319.422,refuse,2,159,
220334.422,refuse,2,159,
220349.422,refuse,2,159,
220364.422,refuse,2,159,
220375.521,conflict-at-land,3,160,
220379.422,refuse,2,159,
220390.521,start,3,160,
220394.422,refuse,2,159,
220409.422,refuse,2,159,
220424.422,refuse,2,159,
220439.422,refuse,2,159,
220454.422,refuse,2,159,
220469.422,refuse,2,159,
220484.422,refuse,2,159,
220499.422,refuse,2,159,
220514.422,refuse,2,159,
220525.92,conflict-at-land,3,160,
220529.422,refuse,2,159,
220540.92,start,3,160,
220544.422,refuse,2,159,
220559.422,refuse,2,159,
220574.422,refuse,2,159,
220589.422,refuse,2,159,
220604.422,refuse,2,159,
220614.556,conflict-at-land,0,155,
220619.422,refuse,2,159,
220629.556,start,0,155,
220634.422,refuse,2,159,
220649.422,refuse,2,159,
220664.422,refuse,2,159,
220676.062,conflict-at-land,3,160,
220679.422,refuse,2,159,
220691.062,start,3,160,
220694.422,refuse,2,159,
220709.422,refuse,2,159,
220724.422,refuse,2,159,
220739.422,refuse,2,159,
220754.422,refuse,2,159,
220769.422,refuse,2,159,
220784.422,refuse,2,159,
220799.422,refuse,2,159,
220814.422,refuse,2,159,
220829.422,refuse,2,159,
220837.089,conflict-at-land,3,160,
220844.422,refuse,2,159,
220852.089,start,3,160,
220859.422,refuse,2,159,
220874.422,refuse,2,159,
220889.422,refuse,2,159,
220904.422,refuse,2,159,
220919.422,refuse,2,159,
220934.422,refuse,2,159,
220949.422,refuse,2,159,
220964.422,refuse,2,159,
220979.422,refuse,2,159,
220994.422,refuse,2,159,
221008.984,conflict-at-land,3,160,
221009.422,refuse,2,159,
221023.984,start,3,160,
221024.422,refuse,2,159,
221039.422,refuse,2,159,
221054.422,refuse,2,159,
221069.422,refuse,2,159,
221084.422,refuse,2,159,
221099.422,refuse,2,159,
221114.422,refuse,2,159,
221129.422,refuse,2,159,
221144.422,refuse,2,159,
221159.422,refuse,2,159,
221174.422,refuse,2,159,
221189.422,refuse,2,159,
221190.008,conflict-at-land,3,160,
221204.422,refuse,2,159,
221205.008,start,3,160,
221219.422,refuse,2,159,
221234.422,refuse,2,159,
221249.422,refuse,2,159,
221264.422,refuse,2,159,
221279.422,refuse,2,159,
221294.422,refuse,2,159,
221309.422,refuse,2,159,
221311.002,conflict-at-land,3,160,
221324.422,refuse,2,159,
221326.002,start,3,160,
221339.422,refuse,2,159,
221354.422,refuse,2,159,
221369.422,refuse,2,159,
221384.422,refuse,2,159,
221399.422,refuse,2,159,
221414.422,refuse,2,159,
221429.422,refuse,2,159,
221444.422,refuse,2,159,
221459.422,refuse,2,159,
221469.909,conflict-at-land,3,160,
221474.422,refuse,2,159,
221484.909,start,3,160,
221489.422,refuse,2,159,
221504.422,refuse,2,159,
221519.422,refuse,2,159,
221534.422,refuse,2,159,
221549.422,refuse,2,159,
221564.422,refuse,2,159,
221579.422,refuse,2,159,
221594.422,refuse,2,159,
221609.422,refuse,2,159,
221624.422,refuse,2,159,
221639.422,refuse,2,159,
221649.067,conflict-at-land,3,160,
221654.422,refuse,2,159,
221664.067,start,3,160,
221669.422,refuse,2,159,
221684.422,refuse,2,159,
221699.422,refuse,2,159,
221714.422,refuse,2,159,
221729.422,refuse,2,159,
221744.422,refuse,2,159,
221759.422,refuse,2,159,
221774.422,refuse,2,159,
221789.422,refuse,2,159,
221804.422,refuse,2,159,
221819.422,refuse,2,159,
221834.422,refuse,2,159,
221834.535,conflict-at-land,3,160,
221849.422,refuse,2,159,
221849.535,start,3,160,
221864.422,refuse,2,159,
221879.422,refuse,2,159,
221894.422,refuse,2,159,
221909.422,refuse,2,159,
221924.422,refuse,2,159,
221939.422,refuse,2,159,
221949.137,conflict-at-land,0,155,
221953.85,conflict-at-land,3,160,
221954.422,refuse,2,159,
221964.137,start,0,155,
221968.85,start,3,160,
221969.422,refuse,2,159,
221984.422,refuse,2,159,
221999.422,refuse,2,159,
222014.422,refuse,2,159,
222029.422,refuse,2,159,
222044.422,refuse,2,159,
222059.422,refuse,2,159,
222074.422,refuse,2,159,
222089.422,refuse,2,159,
222104.422,refuse,2,159,
222119.422,refuse,2,159,
222134.422,refuse,2,159,
222140.457,conflict-at-land,3,160,
222149.422,refuse,2,159,
222155.457,start,3,160,
222164.422,refuse,2,159,
222179.422,refuse,2,159,
222194.422,refuse,2,159,
222209.422,refuse,2,159,
222224.422,refuse,2,159,
222224.422,abandon,2,159,
222224.422,refuse,2,161,
222239.422,refuse,2,161,
222254.422,refuse,2,161,
222269.422,refuse,2,161,
222283.711,conflict-at-land,3,160,
222284.422,start,2,161,
222295.872,conflict-at-land,2,161,
222298.711,start,3,160,
222310.872,refuse,2,161,
222325.872,refuse,2,161,
222340.872,refuse,2,161,
222355.872,refuse,2,161,
222370.872,refuse,2,161,
222385.872,refuse,2,161,
222400.872,refuse,2,161,
222415.872,refuse,2,161,
222430.872,refuse,2,161,
222445.872,refuse,2,161,
222456.016,conflict-at-land,3,160,
222460.872,start,2,161,
222470.844,conflict-at-land,2,161,
222471.016,start,3,160,
222485.844,refuse,2,161,
222500.844,refuse,2,161,
222515.844,refuse,2,161,
222530.844,refuse,2,161,
222545.844,refuse,2,161,
222560.844,refuse,2,161,
222575.844,refuse,2,161,
222579.756,conflict-at-land,3,160,
222590.844,start,2,161,
222594.756,refuse,3,160,
222603.274,conflict-at-land,2,161,
222609.756,start,3,160,
222618.274,refuse,2,161,
222633.274,refuse,2,161,
222648.274,refuse,2,161,
222663.274,refuse,2,161,
222678.274,refuse,2,161,
222693.274,refuse,2,161,
222708.274,refuse,2,161,
222723.274,refuse,2,161,
222738.274,refuse,2,161,
222753.274,refuse,2,161,
222757.481,conflict-at-land,3,160,
222768.274,start,2,161,
222772.481,refuse,3,160,
222783.407,conflict-at-land,2,161,
222787.481,start,3,160,
222798.407,refuse,2,161,
222813.407,refuse,2,161,
222828.407,refuse,2,161,
222843.407,refuse,2,161,
222858.407,refuse,2,161,
222873.407,refuse,2,161,
222888.407,refuse,2,161,
222892.479,conflict-at-land,3,160,
222903.407,start,2,161,
222907.479,refuse,3,160,
222916.454,conflict-at-land,2,161,
222922.479,start,3,160,
222931.454,refuse,2,161,
222946.454,refuse,2,161,
222961.454,refuse,2,161,
222976.454,refuse,2,161,
222991.454,refuse,2,161,
223006.454,refuse,2,161,
223021.454,refuse,2,161,
223029.376,conflict-at-land,3,160,
223036.454,start,2,161,
223044.376,refuse,3,160,
223049.052,conflict-at-land,2,161,
223059.376,start,3,160,
223064.052,refuse,2,161,
223079.052,refuse,2,161,
223094.052,refuse,2,161,
223109.052,refuse,2,161,
223124.052,refuse,2,161,
223139.052,refuse,2,161,
223154.052,refuse,2,161,
223169.052,refuse,2,161,
223184.052,refuse,2,161,
223199.052,refuse,2,161,
223209.256,conflict-at-land,3,160,
223214.052,start,2,161,
223224.256,refuse,3,160,
223225.452,conflict-at-land,2,161,
223239.256,start,3,160,
223240.452,refuse,2,161,
223255.452,refuse,2,161,
223270.452,refuse,2,161,
223285.452,refuse,2,161,
223300.452,refuse,2,161,
223315.452,refuse,2,161,
223330.452,refuse,2,161,
223345.452,refuse,2,161,
223351.917,conflict-at-land,0,155,
223360.452,refuse,2,161,
223366.917,start,0,155,
223368.523,conflict-at-land,3,160,
223375.452,start,2,161,
223383.523,refuse,3,160,
223389.775,conflict-at-land,2,161,
223398.523,start,3,160,
223404.775,refuse,2,161,
223419.775,refuse,2,161,
223434.775,refuse,2,161,
223449.775,refuse,2,161,
223464.775,refuse,2,161,
223479.775,refuse,2,161,
223494.775,refuse,2,161,
223509.775,refuse,2,161,
223524.775,refuse,2,161,
223539.775,refuse,2,161,
223554.775,refuse,2,161,
223565.472,conflict-at-land,3,160,
223569.775,start,2,161,
223580.472,refuse,3,160,
223581.423,conflict-at-land,2,161,
223595.472,start,3,160,
223596.423,refuse,2,161,
223611.423,refuse,2,161,
223626.423,refuse,2,161,
223641.423,refuse,2,161,
223656.423,refuse,2,161,
223671.423,refuse,2,161,
223686.423,refuse,2,161,
223701.423,refuse,2,161,
223716.423,refuse,2,161,
223731.423,refuse,2,161,
223746.423,refuse,2,161,
223753.687,conflict-at-land,3,160,
223761.423,start,2,161,
223768.687,refuse,3,160,
223772.961,conflict-at-land,2,161,
223783.687,start,3,160,
223787.961,refuse,2,161,
223802.961,refuse,2,161,
223817.961,refuse,2,161,
223832.961,refuse,2,161,
223847.961,refuse,2,161,
223862.961,refuse,2,161,
223877.961,refuse,2,161,
223892.961,refuse,2,161,
223907.961,refuse,2,161,
223916.77,conflict-at-land,3,160,
223922.961,start,2,161,
223931.77,refuse,3,160,
223935.844,conflict-at-land,2,161,
223946.77,start,3,160,
223950.844,refuse,2,161,
223965.844,refuse,2,161,
223980.844,refuse,2,161,
223995.844,refuse,2,161,
224010.844,refuse,2,161,
224025.844,refuse,2,161,
224040.844,refuse,2,161,
224055.844,refuse,2,161,
224070.844,refuse,2,161,
224085.844,refuse,2,161,
224093.733,conflict-at-land,3,160,
224100.844,start,2,161,
224108.733,refuse,3,160,
224112.536,conflict-at-land,2,161,
224123.733,start,3,160,
224127.536,refuse,2,161,
224142.536,refuse,2,161,
224157.536,refuse,2,161,
224172.536,refuse,2,161,
224187.536,refuse,2,161,
224202.536,refuse,2,161,
224217.536,refuse,2,161,
224232.536,refuse,2,161,
224247.536,refuse,2,161,
224259.92,conflict-at-land,3,160,
224262.536,start,2,161,
224274.92,refuse,3,160,
224277.14,conflict-at-land,2,161,
224289.92,start,3,160,
224292.14,refuse,2,161,
224307.14,refuse,2,161,
224322.14,refuse,2,161,
224337.14,refuse,2,161,
224352.14,refuse,2,161,
224367.14,refuse,2,161,
224382.14,refuse,2,161,
224397.14,refuse,2,161,
224412.14,refuse,2,161,
224414.013,conflict-at-land,3,160,
224427.14,start,2,161,
224429.013,refuse,3,160,
224440.054,conflict-at-land,2,161,
224444.013,start,3,160,
224455.054,refuse,2,161,
224470.054,refuse,2,161,
224485.054,refuse,2,161,
224500.054,refuse,2,161,
224515.054,refuse,2,161,
224530.054,refuse,2,161,
224545.054,refuse,2,161,
224552.298,conflict-at-land,3,160,
224560.054,start,2,161,
224567.298,refuse,3,160,
224575.494,conflict-at-land,2,161,
224582.298,start,3,160,
224590.494,refuse,2,161,
224605.494,refuse,2,161,
224620.494,refuse,2,161,
224635.494,refuse,2,161,
224650.494,refuse,2,161,
224665.494,refuse,2,161,
224680.494,refuse,2,161,
224682.502,conflict-at-land,3,160,
224695.494,start,2,161,
224697.502,refuse,3,160,
224709.513,conflict-at-land,2,161,
224712.502,start,3,160,
224724.513,refuse,2,161,
224739.513,refuse,2,161,
224754.513,refuse,2,161,
224769.513,refuse,2,161,
224784.513,refuse,2,161,
224799.513,refuse,2,161,
224814.513,refuse,2,161,
224822.887,conflict-at-land,3,160,
224829.513,start,2,161,
224837.887,refuse,3,160,
224842.657,conflict-at-land,2,161,
224852.887,start,3,160,
224857.657,refuse,2,161,
224872.657,refuse,2,161,
224887.657,refuse,2,161,
224902.657,refuse,2,161,
224917.657,refuse,2,161,
224932.657,refuse,2,161,
224947.657,refuse,2,161,
224949.86,conflict-at-land,3,160,
224962.657,start,2,161,
224964.86,refuse,3,160,
224973.411,conflict-at-land,2,161,
224979.86,start,3,160,
224988.411,refuse,2,161,
225003.411,refuse,2,161,
225018.411,refuse,2,161,
225033.411,refuse,2,161,
225039.735,conflict-at-land,0,155,
225048.411,refuse,2,161,
225054.735,start,0,155,
225063.411,refuse,2,161,
225078.411,refuse,2,161,
225079.871,conflict-at-land,3,160,
225093.411,start,2,161,
225094.871,refuse,3,160,
225106.268,conflict-at-land,2,161,
225109.871,start,3,160,
225121.268,refuse,2,161,
225136.268,refuse,2,161,
225151.268,refuse,2,161,
225166.268,refuse,2,161,
225181.268,refuse,2,161,
225196.268,refuse,2,161,
225207.904,conflict-at-land,3,160,
225211.268,start,2,161,
225222.904,refuse,3,160,
225223.624,conflict-at-land,2,161,
225237.904,start,3,160,
225238.624,refuse,2,161,
225253.624,refuse,2,161,
225268.624,refuse,2,161,
225283.624,refuse,2,161,
225298.624,refuse,2,161,
225313.624,refuse,2,161,
225328.624,refuse,2,161,
225343.624,refuse,2,161,
225358.624,refuse,2,161,
225367.768,conflict-at-land,3,160,
225373.624,start,2,161,
225382.768,refuse,3,160,
225388.307,conflict-at-land,2,161,
225397.768,start,3,160,
225403.307,refuse,2,161,
225418.307,refuse,2,161,
225433.307,refuse,2,161,
225448.307,refuse,2,161,
225463.307,refuse,2,161,
225478.307,refuse,2,161,
225493.307,refuse,2,161,
225493.307,abandon,2,161,
225493.307,refuse,2,162,
225508.307,refuse,2,162,
225523.307,refuse,2,162,
225527.091,conflict-at-land,3,160,
225538.307,refuse,2,162,
225542.091,start,3,160,
225553.307,refuse,2,162,
225568.307,refuse,2,162,
225583.307,refuse,2,162,
225598.307,refuse,2,162,
225613.307,refuse,2,162,
225628.307,refuse,2,162,
225640.967,conflict-at-land,3,160,
225643.307,refuse,2,162,
225655.967,start,3,160,
225658.307,refuse,2,162,
225673.307,refuse,2,162,
225688.307,refuse,2,162,
225703.307,refuse,2,162,
225718.307,refuse,2,162,
225733.307,refuse,2,162,
225748.307,refuse,2,162,
225763.307,refuse,2,162,
225772.452,conflict-at-land,3,160,
225778.307,refuse,2,162,
225787.452,start,3,160,
225793.307,refuse,2,162,
225808.307,refuse,2,162,
225823.307,refuse,2,162,
225838.307,refuse,2,162,
225853.307,refuse,2,162,
225868.307,refuse,2,162,
225883.307,refuse,2,162,
225898.307,refuse,2,162,
225913.307,refuse,2,162,
225928.307,refuse,2,162,
225943.307,refuse,2,162,
225956.495,conflict-at-land,3,160,
225958.307,refuse,2,162,
225971.495,start,3,160,
225973.307,refuse,2,162,
225988.307,refuse,2,162,
226003.307,refuse,2,162,
226018.307,refuse,2,162,
226033.307,refuse,2,162,
226048.307,refuse,2,162,
226063.307,refuse,2,162,
226078.307,refuse,2,162,
226093.307,refuse,2,162,
226108.307,refuse,2,162,
226108.342,conflict-at-land,3,160,
226123.307,refuse,2,162,
226123.342,start,3,160,
226138.307,refuse,2,162,
226153.307,refuse,2,162,
226168.307,refuse,2,162,
226183.307,refuse,2,162,
226198.307,refuse,2,162,
226213.307,refuse,2,162,
226228.307,refuse,2,162,
226243.307,refuse,2,162,
226252.277,conflict-at-land,3,160,
226258.307,refuse,2,162,
226267.277,start,3,160,
226273.307,refuse,2,162,
226288.307,refuse,2,162,
226303.307,refuse,2,162,
226318.307,refuse,2,162,
226333.307,refuse,2,162,
226348.307,refuse,2,162,
226363.307,refuse,2,162,
226378.307,refuse,2,162,
226389.868,conflict-at-land,3,160,
226393.307,refuse,2,162,
226404.868,start,3,160,
226408.307,refuse,2,162,
226423.307,refuse,2,162,
226438.307,refuse,2,162,
226453.307,refuse,2,162,
226468.307,refuse,2,162,
226483.307,refuse,2,162,
226498.307,refuse,2,162,
226513.307,refuse,2,162,
226525.352,conflict-at-land,3,160,
226528.307,refuse,2,162,
226540.352,start,3,160,
226543.307,refuse,2,162,
226558.307,refuse,2,162,
226573.307,refuse,2,162,
226588.307,refuse,2,162,
226603.307,refuse,2,162,
226618.307,refuse,2,162,
226633.307,refuse,2,162,
226648.307,refuse,2,162,
226648.48,conflict-at-land,3,160,
226663.307,refuse,2,162,
226663.48,start,3,160,
226678.307,refuse,2,162,
226693.307,refuse,2,162,
226708.307,refuse,2,162,
226723.307,refuse,2,162,
226736.041,conflict-at-land,0,155,
226738.307,refuse,2,162,
226751.041,start,0,155,
226753.307,refuse,2,162,
226768.307,refuse,2,162,
226783.307,refuse,2,162,
226798.307,refuse,2,162,
226806.953,conflict-at-land,3,160,
226813.307,refuse,2,162,
226821.953,start,3,160,
226828.307,refuse,2,162,
226843.307,refuse,2,162,
226858.307,refuse,2,162,
226873.307,refuse,2,162,
226888.307,refuse,2,162,
226903.307,refuse,2,162,
226918.307,refuse,2,162,
226930.254,conflict-at-land,3,160,
226933.307,refuse,2,162,
226945.254,start,3,160,
226948.307,refuse,2,162,
226963.307,refuse,2,162,
226978.307,refuse,2,162,
226993.307,refuse,2,162,
227008.307,refuse,2,162,
227023.307,refuse,2,162,
227038.307,refuse,2,162,
227053.307,refuse,2,162,
227053.924,conflict-at-land,3,160,
227068.307,refuse,2,162,
227068.924,start,3,160,
227083.307,refuse,2,162,
227098.307,refuse,2,162,
227113.307,refuse,2,162,
227128.307,refuse,2,162,
227143.307,refuse,2,162,
227158.307,refuse,2,162,
227173.307,refuse,2,162,
227185.144,conflict-at-land,3,160,
227188.307,refuse,2,162,
227200.144,start,3,160,
227203.307,refuse,2,162,
227218.307,refuse,2,162,
227233.307,refuse,2,162,
227248.307,refuse,2,162,
227263.307,refuse,2,162,
227278.307,refuse,2,162,
227293.307,refuse,2,162,
227308.307,refuse,2,162,
227323.307,refuse,2,162,
227338.307,refuse,2,162,
227353.307,refuse,2,162,
227368.307,refuse,2,162,
227370.779,conflict-at-land,3,160,
227383.307,refuse,2,162,
227385.779,start,3,160,
227398.307,refuse,2,162,
227413.307,refuse,2,162,
227428.307,refuse,2,162,
227443.307,refuse,2,162,
227458.307,refuse,2,162,
227473.307,refuse,2,162,
227488.307,refuse,2,162,
227498.805,conflict-at-land,3,160,
227503.307,refuse,2,162,
227513.805,start,3,160,
227518.307,refuse,2,162,
227533.307,refuse,2,162,
227548.307,refuse,2,162,
227563.307,refuse,2,162,
227578.307,refuse,2,162,
227593.307,refuse,2,162,
227608.307,refuse,2,162,
227612.944,conflict-at-land,3,160,
227623.307,refuse,2,162,
227627.944,start,3,160,
227638.307,refuse,2,162,
227653.307,refuse,2,162,
227668.307,refuse,2,162,
227683.307,refuse,2,162,
227698.307,refuse,2,162,
227713.307,refuse,2,162,
227728.307,refuse,2,162,
227743.307,refuse,2,162,
227758.307,refuse,2,162,
227773.307,refuse,2,162,
227788.307,refuse,2,162,
227803.188,conflict-at-land,3,160,
227803.307,refuse,2,162,
227818.188,start,3,160,
227818.307,refuse,2,162,
227833.307,refuse,2,162,
227848.307,refuse,2,162,
227863.307,refuse,2,162,
227878.307,refuse,2,162,
227893.307,refuse,2,162,
227908.307,refuse,2,162,
227923.307,refuse,2,162,
227938.307,refuse,2,162,
227953.307,refuse,2,162,
227955.333,conflict-at-land,3,160,
227968.307,refuse,2,162,
227970.333,start,3,160,
227983.307,refuse,2,162,
227998.307,refuse,2,162,
228013.307,refuse,2,162,
228028.307,refuse,2,162,
228043.307,refuse,2,162,
228058.307,refuse,2,162,
228073.307,refuse,2,162,
228088.307,refuse,2,162,
228103.307,refuse,2,162,
228118.307,refuse,2,162,
228133.307,refuse,2,162,
228133.982,conflict-at-land,0,155,
228147.248,conflict-at-land,3,160,
228148.307,start,2,162,
228148.982,refuse,0,155,
228162.248,refuse,3,160,
228163.982,refuse,0,155,
228177.248,refuse,3,160,
228178.982,refuse,0,155,
228192.248,refuse,3,160,
228193.982,refuse,0,155,
228207.248,refuse,3,160,
228208.982,refuse,0,155,
228222.248,refuse,3,160,
228223.982,refuse,0,155,
228237.248,refuse,3,160,
228238.982,refuse,0,155,
228252.248,refuse,3,160,
228253.982,refuse,0,155,
228267.248,refuse,3,160,
228268.982,refuse,0,155,
228274.944,conflict-at-land,2,162,
228282.248,start,3,160,
228283.982,start,0,155,
228289.944,refuse,2,162,
228304.944,refuse,2,162,
228319.944,refuse,2,162,
228334.944,refuse,2,162,
228349.944,refuse,2,162,
228364.944,refuse,2,162,
228379.944,refuse,2,162,
228394.944,refuse,2,162,
228409.944,refuse,2,162,
228417.738,conflict-at-land,3,160,
228424.944,refuse,2,162,
228432.738,start,3,160,
228439.944,refuse,2,162,
228454.944,refuse,2,162,
228469.944,refuse,2,162,
228484.944,refuse,2,162,
228499.944,refuse,2,162,
228514.944,refuse,2,162,
228529.379,conflict-at-land,3,160,
228529.944,refuse,2,162,
228544.379,start,3,160,
228544.944,refuse,2,162,
228559.944,refuse,2,162,
228574.944,refuse,2,162,
228589.944,refuse,2,162,
228604.944,refuse,2,162,
228619.944,refuse,2,162,
228619.944,abandon,2,162,
228619.944,refuse,2,163,
228634.944,refuse,2,163,
228649.944,refuse,2,163,
228664.944,refuse,2,163,
228675.759,conflict-at-land,3,160,
228679.944,refuse,2,163,
228690.759,start,3,160,
228694.944,refuse,2,163,
228709.944,refuse,2,163,
228724.944,refuse,2,163,
228739.944,refuse,2,163,
228754.944,refuse,2,163,
228769.944,refuse,2,163,
228784.944,refuse,2,163,
228799.944,refuse,2,163,
228807.113,conflict-at-land,3,160,
228814.944,refuse,2,163,
228822.113,start,3,160,
228829.944,refuse,2,163,
228844.944,refuse,2,163,
228859.944,refuse,2,163,
228874.944,refuse,2,163,
228889.944,refuse,2,163,
228904.944,refuse,2,163,
228919.944,refuse,2,163,
228934.944,refuse,2,163,
228949.944,refuse,2,163,
228950.094,conflict-at-land,3,160,
228964.944,refuse,2,163,
228965.094,start,3,160,
228979.944,refuse,2,163,
228994.944,refuse,2,163,
229009.944,refuse,2,163,
229024.944,refuse,2,163,
229039.944,refuse,2,163,
229054.944,refuse,2,163,
229069.944,refuse,2,163,
229084.944,refuse,2,163,
229099.944,refuse,2,163,
229114.944,refuse,2,163,
229129.944,refuse,2,163,
229132.757,conflict-at-land,3,160,
229144.944,refuse,2,163,
229147.757,start,3,160,
229159.944,refuse,2,163,
229174.944,refuse,2,163,
229189.944,refuse,2,163,
229204.944,refuse,2,163,
229219.944,refuse,2,163,
229234.944,refuse,2,163,
229249.944,refuse,2,163,
229264.944,refuse,2,163,
229279.944,refuse,2,163,
229294.944,refuse,2,163,
229295.608,conflict-at-land,3,160,
229309.944,refuse,2,163,
229310.608,start,3,160,
229324.944,refuse,2,163,
229339.944,refuse,2,163,
229354.944,refuse,2,163,
229369.944,refuse,2,163,
229384.944,refuse,2,163,
229399.944,refuse,2,163,
229414.944,refuse,2,163,
229429.944,refuse,2,163,
229444.944,refuse,2,163,
229459.944,refuse,2,163,
229474.944,refuse,2,163,
229485.233,conflict-at-land,3,160,
229489.944,refuse,2,163,
229500.233,start,3,160,
229504.944,refuse,2,163,
229519.944,refuse,2,163,
229534.944,refuse,2,163,
229549.944,refuse,2,163,
229564.944,refuse,2,163,
229579.944,refuse,2,163,
229594.944,refuse,2,163,
229609.944,refuse,2,163,
229624.944,refuse,2,163,
229639.944,refuse,2,163,
229654.944,refuse,2,163,
229660.482,conflict-at-land,3,160,
229669.944,refuse,2,163,
229675.482,start,3,160,
229684.944,refuse,2,163,
229699.944,refuse,2,163,
229714.944,refuse,2,163,
229729.944,refuse,2,163,
229744.944,refuse,2,163,
229759.944,refuse,2,163,
229774.944,refuse,2,163,
229789.944,refuse,2,163,
229804.944,refuse,2,163,
229819.944,refuse,2,163,
229834.944,refuse,2,163,
229842.726,conflict-at-land,3,160,
229849.944,refuse,2,163,
229857.726,start,3,160,
229864.944,refuse,2,163,
229879.944,refuse,2,163,
229894.944,refuse,2,163,
229909.944,refuse,2,163,
229924.944,refuse,2,163,
229939.944,refuse,2,163,
229954.944,refuse,2,163,
229963.331,conflict-at-land,3,160,
229969.944,refuse,2,163,
229971.876,conflict-at-land,0,155,
229978.331,start,3,160,
229984.944,start,2,163,
229986.876,refuse,0,155,
230001.876,refuse,0,155,
230013.589,conflict-at-land,2,163,
230016.876,start,0,155,
230028.589,refuse,2,163,
230043.589,refuse,2,163,
230058.589,refuse,2,163,
230073.589,refuse,2,163,
230088.589,refuse,2,163,
230103.589,refuse,2,163,
230117.428,conflict-at-land,3,160,
230118.589,refuse,2,163,
230132.428,start,3,160,
230133.589,refuse,2,163,
230148.589,refuse,2,163,
230163.589,refuse,2,163,
230178.589,refuse,2,163,
230193.589,refuse,2,163,
230208.589,refuse,2,163,
230223.589,refuse,2,163,
230238.589,refuse,2,163,
230253.589,refuse,2,163,
230268.589,refuse,2,163,
230283.589,refuse,2,163,
230296.854,conflict-at-land,3,160,
230298.589,refuse,2,163,
230311.854,start,3,160,
230313.589,refuse,2,163,
230328.589,refuse,2,163,
230343.589,refuse,2,163,
230358.589,refuse,2,163,
230373.589,refuse,2,163,
230388.589,refuse,2,163,
230403.589,refuse,2,163,
230418.589,refuse,2,163,
230433.589,refuse,2,163,
230443.931,conflict-at-land,3,160,
230448.589,refuse,2,163,
230458.931,start,3,160,
230463.589,refuse,2,163,
230478.589,refuse,2,163,
230493.589,refuse,2,163,
230508.589,refuse,2,163,
230523.589,refuse,2,163,
230538.589,refuse,2,163,
230553.589,refuse,2,163,
230566.23,conflict-at-land,3,160,
230568.589,refuse,2,163,
230581.23,start,3,160,
230583.589,refuse,2,163,
230598.589,refuse,2,163,
230613.589,refuse,2,163,
230628.589,refuse,2,163,
230643.589,refuse,2,163,
230658.589,refuse,2,163,
230673.589,refuse,2,163,
230688.589,refuse,2,163,
230703.589,refuse,2,163,
230718.589,refuse,2,163,
230720.976,conflict-at-land,3,160,
230733.589,refuse,2,163,
230735.976,start,3,160,
230748.589,refuse,2,163,
230763.589,refuse,2,163,
230778.589,refuse,2,163,
230793.589,refuse,2,163,
230808.589,refuse,2,163,
230823.589,refuse,2,163,
230838.589,refuse,2,163,
230853.589,refuse,2,163,
230868.589,refuse,2,163,
230879.581,conflict-at-land,3,160,
230883.589,refuse,2,163,
230894.581,start,3,160,
230898.589,refuse,2,163,
230913.589,refuse,2,163,
230928.589,refuse,2,163,
230943.589,refuse,2,163,
230958.589,refuse,2,163,
230973.589,refuse,2,163,
230988.589,refuse,2,163,
231003.589,refuse,2,163,
231018.589,refuse,2,163,
231033.589,refuse,2,163,
231048.589,refuse,2,163,
231054.305,conflict-at-land,3,160,
231063.589,refuse,2,163,
231069.305,start,3,160,
231078.589,refuse,2,163,
231093.589,refuse,2,163,
231108.589,refuse,2,163,
231123.589,refuse,2,163,
231138.589,refuse,2,163,
231153.589,refuse,2,163,
231168.589,refuse,2,163,
231183.589,refuse,2,163,
231196.326,conflict-at-land,3,160,
231198.589,refuse,2,163,
231211.326,start,3,160,
231213.589,refuse,2,163,
231228.589,refuse,2,163,
231243.589,refuse,2,163,
231258.589,refuse,2,163,
231273.589,refuse,2,163,
231288.589,refuse,2,163,
231303.589,refuse,2,163,
231318.589,refuse,2,163,
231333.589,refuse,2,163,
231348.589,refuse,2,163,
231363.589,refuse,2,163,
231378.589,refuse,2,163,
231382.235,conflict-at-land,3,160,
231393.589,refuse,2,163,
231397.235,start,3,160,
231408.589,refuse,2,163,
231423.589,refuse,2,163,
231438.589,refuse,2,163,
231453.589,refuse,2,163,
231468.589,refuse,2,163,
231483.589,refuse,2,163,
231498.589,refuse,2,163,
231513.589,refuse,2,163,
231528.589,refuse,2,163,
231543.589,refuse,2,163,
231558.589,refuse,2,163,
231566.427,conflict-at-land,3,160,
231573.589,refuse,2,163,
231581.427,start,3,160,
231588.589,refuse,2,163,
231603.589,refuse,2,163,
231618.589,refuse,2,163,
231633.589,refuse,2,163,
231648.589,refuse,2,163,
231648.589,abandon,2,163,
231648.589,start,2,164,
231655.469,conflict-at-land,2,164,
231670.469,start,2,164,
231678.232,conflict-at-land,2,164,
231693.232,start,2,164,
231697.76,conflict-at-land,2,164,
231712.76,start,2,164,
231718.22,conflict-at-land,2,164,
231733.22,start,2,164,
231739.011,conflict-at-land,2,164,
231739.995,conflict-at-land,3,160,
231754.011,start,2,164,
231754.995,start,3,160,
231759.73,conflict-at-land,2,164,
231774.73,start,2,164,
231780.511,conflict-at-land,2,164,
231795.511,start,2,164,
231801.066,conflict-at-land,2,164,
231816.066,start,2,164,
231820.368,conflict-at-land,2,164,
231835.368,start,2,164,
231839.74,conflict-at-land,2,164,
231854.74,start,2,164,
231860.697,conflict-at-land,2,164,
231875.697,start,2,164,
231881.058,conflict-at-land,2,164,
231896.058,start,2,164,
231901.09,conflict-at-land,2,164,
231907.589,conflict-at-land,3,160,
231916.09,start,2,164,
231920.361,conflict-at-land,2,164,
231922.589,start,3,160,
231935.361,start,2,164,
231940.207,conflict-at-land,2,164,
231955.207,start,2,164,
231961.117,conflict-at-land,2,164,
231976.117,start,2,164,
231981.149,conflict-at-land,2,164,
231996.149,start,2,164,
232002.004,conflict-at-land,2,164,
232017.004,start,2,164,
232023.873,conflict-at-land,2,164,
232025.571,conflict-at-land,3,160,
232038.873,start,2,164,
232040.571,start,3,160,
232043.345,conflict-at-land,2,164,
232058.345,start,2,164,
232065.268,conflict-at-land,2,164,
232074.009,conflict-at-land,0,155,
232080.268,start,2,164,
232087.725,conflict-at-land,2,164,
232089.009,start,0,155,
232102.725,start,2,164,
232107.598,conflict-at-land,2,164,
232122.598,start,2,164,
232126.954,conflict-at-land,2,164,
232141.954,start,2,164,
232148.49,conflict-at-land,2,164,
232163.49,start,2,164,
232169.647,conflict-at-land,2,164,
232184.647,start,2,164,
232189.198,conflict-at-land,3,160,
232192.108,conflict-at-land,2,164,
232204.198,start,3,160,
232207.108,start,2,164,
232214.268,conflict-at-land,2,164,
232229.268,start,2,164,
232233.508,conflict-at-land,2,164,
232248.508,start,2,164,
232254.4,conflict-at-land,2,164,
232269.4,start,2,164,
232274.315,conflict-at-land,2,164,
232289.315,start,2,164,
232294.168,conflict-at-land,2,164,
232309.168,start,2,164,
232313.628,conflict-at-land,2,164,
232328.628,start,2,164,
232336.232,conflict-at-land,2,164,
232350.089,conflict-at-land,3,160,
232351.232,start,2,164,
232356.842,conflict-at-land,2,164,
232365.089,start,3,160,
232371.842,start,2,164,
232378.828,conflict-at-land,2,164,
232393.828,start,2,164,
232400.937,conflict-at-land,2,164,
232415.937,start,2,164,
232421.226,conflict-at-land,2,164,
232436.226,start,2,164,
232443.19,conflict-at-land,2,164,
232458.19,start,2,164,
232464.026,conflict-at-land,2,164,
232479.026,start,2,164,
232486.591,conflict-at-land,2,164,
232501.591,start,2,164,
232508.241,conflict-at-land,2,164,
232523.241,start,2,164,
232527.683,conflict-at-land,3,160,
232530.673,conflict-at-land,2,164,
232542.683,start,3,160,
232545.673,start,2,164,
232551.16,conflict-at-land,2,164,
232566.16,start,2,164,
232571.644,conflict-at-land,2,164,
232586.644,start,2,164,
232590.854,conflict-at-land,2,164,
232605.854,start,2,164,
232613.052,conflict-at-land,2,164,
232628.052,start,2,164,
232634.475,conflict-at-land,2,164,
232649.475,start,2,164,
232654.267,conflict-at-land,2,164,
232669.267,start,2,164,
232675.708,conflict-at-land,2,164,
232690.708,start,2,164,
232698.302,conflict-at-land,2,164,
232713.302,start,2,164,
232718.223,conflict-at-land,3,160,
232720.835,conflict-at-land,2,164,
232733.223,start,3,160,
232735.835,start,2,164,
232741.248,conflict-at-land,2,164,
232756.248,start,2,164,
232761.35,conflict-at-land,2,164,
232776.35,start,2,164,
232780.561,conflict-at-land,2,164,
232795.561,start,2,164,
232800.278,conflict-at-land,2,164,
232815.278,start,2,164,
232820.404,conflict-at-land,2,164,
232835.404,start,2,164,
232841.86,conflict-at-land,2,164,
232856.86,start,2,164,
232861.083,conflict-at-land,2,164,
232876.083,start,2,164,
232883.628,conflict-at-land,2,164,
232898.628,start,2,164,
232905.162,conflict-at-land,2,164,
232911.877,conflict-at-land,3,160,
232920.162,start,2,164,
232926.877,start,3,160,
232927.449,conflict-at-land,2,164,
232942.449,start,2,164,
232948.533,conflict-at-land,2,164,
232963.533,start,2,164,
232971.024,conflict-at-land,2,164,
232986.024,start,2,164,
232990.619,conflict-at-land,2,164,
233005.619,start,2,164,
233010.1,conflict-at-land,2,164,
233025.1,start,2,164,
233029.838,conflict-at-land,2,164,
233044.838,start,2,164,
233047.037,conflict-at-land,3,160,
233049.769,conflict-at-land,2,164,
233062.037,start,3,160,
233064.769,start,2,164,
233069.081,conflict-at-land,2,164,
233084.081,start,2,164,
233088.846,conflict-at-land,2,164,
233103.846,start,2,164,
233109.63,conflict-at-land,2,164,
233124.63,start,2,164,
233129.984,conflict-at-land,2,164,
233144.984,start,2,164,
233150.792,conflict-at-land,2,164,
233165.792,start,2,164,
233171.799,conflict-at-land,2,164,
233173.391,conflict-at-land,3,160,
233186.799,start,2,164,
233188.391,start,3,160,
233193.546,conflict-at-land,2,164,
233208.546,start,2,164,
233216.241,conflict-at-land,2,164,
233231.241,start,2,164,
233238.842,conflict-at-land,2,164,
233253.842,start,2,164,
233261.278,conflict-at-land,2,164,
233276.278,start,2,164,
233282.356,conflict-at-land,2,164,
233297.356,start,2,164,
233302.432,conflict-at-land,2,164,
233317.432,start,2,164,
233323.26,conflict-at-land,2,164,
233332.902,conflict-at-land,3,160,
233338.26,start,2,164,
233344.23,conflict-at-land,2,164,
233347.902,start,3,160,
233359.23,start,2,164,
233366.813,conflict-at-land,2,164,
233381.813,start,2,164,
233388.426,conflict-at-land,2,164,
233403.426,start,2,164,
233410.996,conflict-at-land,2,164,
233425.996,start,2,164,
233430.739,conflict-at-land,2,164,
233445.739,start,2,164,
233452.243,conflict-at-land,2,164,
233467.243,start,2,164,
233472.397,conflict-at-land,2,164,
233487.058,conflict-at-land,3,160,
233487.397,start,2,164,
233491.663,conflict-at-land,2,164,
233502.058,start,3,160,
233506.663,start,2,164,
233512.198,conflict-at-land,2,164,
233527.198,start,2,164,
233532.061,conflict-at-land,2,164,
233547.061,start,2,164,
233552.439,conflict-at-land,2,164,
233567.439,start,2,164,
233571.791,conflict-at-land,2,164,
233586.791,start,2,164,
233591.097,conflict-at-land,2,164,
233599.011,conflict-at-land,3,160,
233606.097,start,2,164,
233611.189,conflict-at-land,2,164,
233614.011,start,3,160,
233626.189,start,2,164,
233632.125,conflict-at-land,2,164,
233647.125,start,2,164,
233653.924,conflict-at-land,2,164,
233668.924,start,2,164,
233676.421,conflict-at-land,2,164,
233691.421,start,2,164,
233697.418,conflict-at-land,2,164,
233712.418,start,2,164,
233718.732,conflict-at-land,2,164,
233733.732,start,2,164,
233738.651,conflict-at-land,2,164,
233753.651,start,2,164,
233759.115,conflict-at-land,2,164,
233770.656,conflict-at-land,3,160,
233774.115,start,2,164,
233781.01,conflict-at-land,2,164,
233785.656,start,3,160,
233796.01,start,2,164,
233800.73,conflict-at-land,2,164,
233815.73,start,2,164,
233820.628,conflict-at-land,2,164,
233835.628,start,2,164,
233841.49,conflict-at-land,2,164,
233856.49,start,2,164,
233862.303,conflict-at-land,2,164,
233877.303,start,2,164,
233883.715,conflict-at-land,2,164,
233898.715,start,2,164,
233906.033,conflict-at-land,2,164,
233921.033,start,2,164,
233926.122,conflict-at-land,2,164,
233941.122,start,2,164,
233945.664,conflict-at-land,2,164,
233947.338,conflict-at-land,3,160,
233960.664,start,2,164,
233962.338,start,3,160,
233965.181,conflict-at-land,2,164,
233980.181,start,2,164,
233985.713,conflict-at-land,2,164,
234000.713,start,2,164,
234005.352,conflict-at-land,2,164,
234020.352,start,2,164,
234027.546,conflict-at-land,2,164,
234042.546,start,2,164,
234048.044,conflict-at-land,2,164,
234063.044,start,2,164,
234068.141,conflict-at-land,2,164,
234083.141,start,2,164,
234084.792,conflict-at-land,3,160,
234088.362,conflict-at-land,2,164,
234099.792,start,3,160,
234103.362,start,2,164,
234109.827,conflict-at-land,2,164,
234124.827,start,2,164,
234131.941,conflict-at-land,2,164,
234146.941,start,2,164,
234151.589,conflict-at-land,2,164,
234166.589,start,2,164,
234171.392,conflict-at-land,2,164,
234186.392,start,2,164,
234192.055,conflict-at-land,2,164,
234207.055,start,2,164,
234212.926,conflict-at-land,2,164,
234227.926,start,2,164,
234232.617,conflict-at-land,2,164,
234247.617,start,2,164,
234252.526,conflict-at-land,2,164,
234267.526,start,2,164,
234269.552,conflict-at-land,3,160,
234272.012,conflict-at-land,2,164,
234284.552,start,3,160,
234287.012,start,2,164,
234291.766,conflict-at-land,2,164,
234306.766,start,2,164,
234311.844,conflict-at-land,2,164,
234326.844,start,2,164,
234332.129,conflict-at-land,2,164,
234347.129,start,2,164,
234353.496,conflict-at-land,2,164,
234368.496,start,2,164,
234375.932,conflict-at-land,0,155,
234376.292,conflict-at-land,2,164,
234387.172,conflict-at-land,3,160,
234390.932,start,0,155,
234391.292,start,2,164,
234397.216,conflict-at-land,2,164,
234402.172,start,3,160,
234412.216,start,2,164,
234416.807,conflict-at-land,2,164,
234431.807,start,2,164,
234438.383,conflict-at-land,2,164,
234453.383,start,2,164,
234459.218,conflict-at-land,2,164,
234474.218,start,2,164,
234480.791,conflict-at-land,2,164,
234495.791,start,2,164,
234501.412,conflict-at-land,2,164,
234516.412,start,2,164,
234521.376,conflict-at-land,2,164,
234530.761,conflict-at-land,3,160,
234536.376,start,2,164,
234541.777,conflict-at-land,2,164,
234545.761,start,3,160,
234556.777,start,2,164,
234561.943,conflict-at-land,2,164,
234576.943,start,2,164,
234584.572,conflict-at-land,2,164,
234599.572,start,2,164,
234604.477,conflict-at-land,2,164,
234619.477,start,2,164,
234625.83,conflict-at-land,2,164,
234640.83,start,2,164,
234648.363,conflict-at-land,2,164,
234654.805,conflict-at-land,3,160,
234663.363,start,2,164,
234669.012,conflict-at-land,2,164,
234669.805,start,3,160,
234684.012,start,2,164,
234688.598,conflict-at-land,2,164,
234703.598,start,2,164,
234708.276,conflict-at-land,2,164,
234723.276,start,2,164,
234730.817,conflict-at-land,2,164,
234745.817,start,2,164,
234751.711,conflict-at-land,2,164,
234766.711,start,2,164,
234772.079,conflict-at-land,2,164,
234787.079,start,2,164,
234791.434,conflict-at-land,2,164,
234793.062,conflict-at-land,3,160,
234806.434,start,2,164,
234808.062,start,3,160,
234813.188,conflict-at-land,2,164,
234828.188,start,2,164,
234834.184,conflict-at-land,2,164,
234849.184,start,2,164,
234856.101,conflict-at-land,2,164,
234871.101,start,2,164,
234878.19,conflict-at-land,2,164,
234893.19,start,2,164,
234900.481,conflict-at-land,2,164,
234915.481,start,2,164,
234915.769,conflict-at-land,3,160,
234920.608,conflict-at-land,2,164,
234930.769,start,3,160,
234935.608,start,2,164,
234940.236,conflict-at-land,2,164,
234955.236,start,2,164,
234960.58,conflict-at-land,2,164,
234975.58,start,2,164,
234981.01,conflict-at-land,2,164,
234996.01,start,2,164,
235000.917,conflict-at-land,2,164,
235015.917,start,2,164,
235020.555,conflict-at-land,2,164,
235035.555,start,2,164,
235040.289,conflict-at-land,3,160,
235041.251,conflict-at-land,2,164,
235055.289,start,3,160,
235056.251,start,2,164,
235060.93,conflict-at-land,2,164,
235075.93,start,2,164,
235083.083,conflict-at-land,2,164,
235098.083,start,2,164,
235102.603,conflict-at-land,2,164,
235117.603,start,2,164,
235123.202,conflict-at-land,2,164,
235138.202,start,2,164,
235143.791,conflict-at-land,2,164,
235158.791,start,2,164,
235164.409,conflict-at-land,2,164,
235179.409,start,2,164,
235185.835,conflict-at-land,2,164,
235186.704,conflict-at-land,3,160,
235200.835,start,2,164,
235201.704,start,3,160,
235206.894,conflict-at-land,2,164,
235221.894,start,2,164,
235228.73,conflict-at-land,2,164,
235243.73,start,2,164,
235248.265,conflict-at-land,2,164,
235263.265,start,2,164,
235270.941,conflict-at-land,2,164,
235285.941,start,2,164,
235292.025,conflict-at-land,2,164,
235307.025,start,2,164,
235313.94,conflict-at-land,2,164,
235328.94,start,2,164,
235333.859,conflict-at-land,2,164,
235348.166,conflict-at-land,3,160,
235348.859,start,2,164,
235354.761,conflict-at-land,2,164,
235363.166,start,3,160,
235369.761,start,2,164,
235375.105,conflict-at-land,2,164,
235390.105,start,2,164,
235396.312,conflict-at-land,2,164,
235411.312,start,2,164,
235418.652,conflict-at-land,2,164,
235433.652,start,2,164,
235439.755,conflict-at-land,2,164,
235454.755,start,2,164,
235460.841,conflict-at-land,2,164,
235475.841,start,2,164,
235482.558,conflict-at-land,2,164,
235497.558,start,2,164,
235505.076,conflict-at-land,2,164,
235520.076,start,2,164,
235523.656,conflict-at-land,3,160,
235525.214,conflict-at-land,2,164,
235538.656,start,3,160,
235540.214,start,2,164,
235547.079,conflict-at-land,2,164,
235562.079,start,2,164,
235567.695,conflict-at-land,2,164,
235582.695,start,2,164,
235587.509,conflict-at-land,2,164,
235602.509,start,2,164,
235607.643,conflict-at-land,2,164,
235622.643,start,2,164,
235628.308,conflict-at-land,2,164,
235643.308,start,2,164,
235650.05,conflict-at-land,2,164,
235665.05,start,2,164,
235670.705,conflict-at-land,2,164,
235685.705,start,2,164,
235690.098,conflict-at-land,2,164,
235705.098,start,2,164,
235709.592,conflict-at-land,2,164,
235715.933,conflict-at-land,3,160,
235724.592,start,2,164,
235730.933,start,3,160,
235732.173,conflict-at-land,2,164,
235747.173,start,2,164,
235754.624,conflict-at-land,2,164,
235769.624,start,2,164,
235777.113,conflict-at-land,2,164,
235792.113,start,2,164,
235798.512,conflict-at-land,2,164,
235813.512,start,2,164,
235820.087,conflict-at-land,2,164,
235820.087,abandon,2,164,
235820.087,start,2,165,
235827.36,conflict-at-land,2,165,
235834.117,conflict-at-land,3,160,
235842.36,start,2,165,
235849.117,start,3,160,
235849.569,conflict-at-land,2,165,
235864.569,start,2,165,
235871.483,conflict-at-land,2,165,
235886.483,start,2,165,
235894.004,conflict-at-land,2,165,
235909.004,start,2,165,
235914.074,conflict-at-land,2,165,
235929.074,start,2,165,
235934.749,conflict-at-land,2,165,
235949.749,start,2,165,
235956.658,conflict-at-land,2,165,
235971.658,start,2,165,
235978.319,conflict-at-land,2,165,
235993.319,start,2,165,
235998.963,conflict-at-land,2,165,
236004.752,conflict-at-land,3,160,
236013.963,start,2,165,
236019.752,start,3,160,
236021.753,conflict-at-land,2,165,
236036.753,start,2,165,
236041.63,conflict-at-land,2,165,
236056.63,start,2,165,
236061.361,conflict-at-land,2,165,
236076.361,start,2,165,
236081.782,conflict-at-land,2,165,
236096.782,start,2,165,
236104.36,conflict-at-land,2,165,
236119.36,start,2,165,
236120.195,conflict-at-land,3,160,
236127.129,conflict-at-land,2,165,
236135.195,start,3,160,
236142.129,start,2,165,
236147.843,conflict-at-land,2,165,
236162.843,start,2,165,
236170.389,conflict-at-land,2,165,
236185.389,start,2,165,
236190.786,conflict-at-land,2,165,
236205.786,start,2,165,
236211.919,conflict-at-land,2,165,
236226.919,start,2,165,
236232.68,conflict-at-land,0,155,
236233.701,conflict-at-land,2,165,
236247.68,start,0,155,
236248.701,start,2,165,
236255.448,conflict-at-land,2,165,
236270.448,start,2,165,
236277.946,conflict-at-land,2,165,
236292.946,start,2,165,
236295.629,conflict-at-land,3,160,
236298.408,conflict-at-land,2,165,
236310.629,start,3,160,
236313.408,start,2,165,
236317.865,conflict-at-land,2,165,
236332.865,start,2,165,
236340.332,conflict-at-land,2,165,
236355.332,start,2,165,
236361.216,conflict-at-land,2,165,
236376.216,start,2,165,
236381.701,conflict-at-land,2,165,
236396.701,start,2,165,
236404.351,conflict-at-land,2,165,
236419.351,start,2,165,
236423.884,conflict-at-land,2,165,
236438.884,start,2,165,
236444.939,conflict-at-land,2,165,
236459.939,start,2,165,
236467.576,conflict-at-land,2,165,
236471.344,conflict-at-land,3,160,
236482.576,start,2,165,
236486.344,start,3,160,
236488.135,conflict-at-land,2,165,
236503.135,start,2,165,
236508.983,conflict-at-land,2,165,
236523.983,start,2,165,
236530.576,conflict-at-land,2,165,
236545.576,start,2,165,
236550.725,conflict-at-land,2,165,
236565.725,start,2,165,
236573.323,conflict-at-land,2,165,
236588.323,start,2,165,
236595.819,conflict-at-land,2,165,
236604.71,conflict-at-land,3,160,
236610.819,start,2,165,
236617.843,conflict-at-land,2,165,
236619.71,start,3,160,
236632.843,start,2,165,
236638.568,conflict-at-land,2,165,
236653.568,start,2,165,
236658.62,conflict-at-land,2,165,
236673.62,start,2,165,
236679.084,conflict-at-land,2,165,
236694.084,start,2,165,
236699.96,conflict-at-land,2,165,
236714.96,start,2,165,
236720.353,conflict-at-land,2,165,
236735.353,start,2,165,
236741.424,conflict-at-land,2,165,
236756.424,start,2,165,
236759.997,conflict-at-land,3,160,
236760.666,conflict-at-land,2,165,
236774.997,start,3,160,
236775.666,start,2,165,
236782.598,conflict-at-land,2,165,
236797.598,start,2,165,
236804.631,conflict-at-land,2,165,
236819.631,start,2,165,
236824.187,conflict-at-land,2,165,
236839.187,start,2,165,
236844.369,conflict-at-land,2,165,
236859.369,start,2,165,
236864.375,conflict-at-land,2,165,
236879.375,start,2,165,
236885.608,conflict-at-land,2,165,
236900.608,start,2,165,
236908.274,conflict-at-land,2,165,
236923.274,start,2,165,
236928.762,conflict-at-land,2,165,
236938.374,conflict-at-land,3,160,
236943.762,start,2,165,
236950.967,conflict-at-land,2,165,
236953.374,start,3,160,
236965.967,start,2,165,
236972.582,conflict-at-land,2,165,
236987.582,start,2,165,
236993.182,conflict-at-land,2,165,
237008.182,start,2,165,
237013.654,conflict-at-land,2,165,
237028.654,start,2,165,
237035.236,conflict-at-land,2,165,
237050.236,start,2,165,
237053.2,conflict-at-land,3,160,
237057.477,conflict-at-land,2,165,
237068.2,start,3,160,
237072.477,start,2,165,
237078.148,conflict-at-land,2,165,
237093.148,start,2,165,
237099.181,conflict-at-land,2,165,
237114.181,start,2,165,
237120.031,conflict-at-land,2,165,
237135.031,start,2,165,
237139.423,conflict-at-land,2,165,
237154.423,start,2,165,
237160.627,conflict-at-land,2,165,
237175.627,start,2,165,
237182.501,conflict-at-land,2,165,
237197.501,start,2,165,
237205.011,conflict-at-land,2,165,
237220.011,start,2,165,
237224.976,conflict-at-land,2,165,
237239.976,start,2,165,
237242.095,conflict-at-land,3,160,
237246.182,conflict-at-land,2,165,
237257.095,start,3,160,
237261.182,start,2,165,
237266.102,conflict-at-land,2,165,
237281.102,start,2,165,
237286.306,conflict-at-land,2,165,
237301.306,start,2,165,
237307.008,conflict-at-land,2,165,
237322.008,start,2,165,
237328.657,conflict-at-land,2,165,
237343.657,start,2,165,
237350.909,conflict-at-land,2,165,
237365.909,start,2,165,
237371.162,conflict-at-land,2,165,
237386.162,start,2,165,
237392.539,conflict-at-land,2,165,
237407.539,start,2,165,
237415.201,conflict-at-land,2,165,
237419.565,conflict-at-land,3,160,
237430.201,start,2,165,
237434.565,start,3,160,
237437.827,conflict-at-land,2,165,
237452.827,start,2,165,
237458.513,conflict-at-land,2,165,
237473.513,start,2,165,
237480.234,conflict-at-land,2,165,
237495.234,start,2,165,
237501.168,conflict-at-land,2,165,
237516.168,start,2,165,
237522.221,conflict-at-land,2,165,
237537.221,start,2,165,
237542.714,conflict-at-land,2,165,
237557.714,start,2,165,
237565.486,conflict-at-land,2,165,
237580.486,start,2,165,
237587.387,conflict-at-land,2,165,
237599.514,conflict-at-land,3,160,
237602.387,start,2,165,
237608.544,conflict-at-land,2,165,
237614.514,start,3,160,
237623.544,start,2,165,
237628.908,conflict-at-land,2,165,
237643.908,start,2,165,
237651.205,conflict-at-land,2,165,
237666.205,start,2,165,
237670.731,conflict-at-land,2,165,
237685.731,start,2,165,
237693.115,conflict-at-land,2,165,
237708.115,start,2,165,
237713.702,conflict-at-land,3,160,
237713.904,conflict-at-land,2,165,
237728.702,start,3,160,
237728.904,start,2,165,
237734.799,conflict-at-land,2,165,
237749.799,start,2,165,
237756.856,conflict-at-land,2,165,
237771.856,start,2,165,
237776.236,conflict-at-land,2,165,
237791.236,start,2,165,
237797.215,conflict-at-land,2,165,
237812.215,start,2,165,
237818.897,conflict-at-land,2,165,
237832.388,conflict-at-land,3,160,
237833.897,start,2,165,
237839.667,conflict-at-land,2,165,
237847.388,start,3,160,
237852.13,conflict-at-land,0,155,
237854.667,start,2,165,
237861.053,conflict-at-land,2,165,
237867.13,start,0,155,
237876.053,start,2,165,
237880.682,conflict-at-land,2,165,
237895.682,start,2,165,
237903.095,conflict-at-land,2,165,
237918.095,start,2,165,
237925.37,conflict-at-land,2,165,
237940.37,start,2,165,
237946.492,conflict-at-land,2,165,
237961.492,start,2,165,
237968.365,conflict-at-land,3,160,
237969.003,conflict-at-land,2,165,
237983.365,start,3,160,
237984.003,start,2,165,
237988.324,conflict-at-land,2,165,
238003.324,start,2,165,
238010.914,conflict-at-land,2,165,
238025.914,start,2,165,
238032.514,conflict-at-land,2,165,
238047.514,start,2,165,
238052.259,conflict-at-land,2,165,
238067.259,start,2,165,
238071.538,conflict-at-land,2,165,
238086.538,start,2,165,
238093.445,conflict-at-land,2,165,
238108.445,start,2,165,
238114.016,conflict-at-land,2,165,
238129.016,start,2,165,
238131.09,conflict-at-land,3,160,
238133.693,conflict-at-land,2,165,
238146.09,start,3,160,
238148.693,start,2,165,
238154.891,conflict-at-land,2,165,
238169.891,start,2,165,
238177.063,conflict-at-land,2,165,
238192.063,start,2,165,
238198.431,conflict-at-land,2,165,
238213.431,start,2,165,
238219.252,conflict-at-land,2,165,
238234.252,start,2,165,
238239.633,conflict-at-land,2,165,
238254.633,start,2,165,
238262.403,conflict-at-land,2,165,
238277.403,start,2,165,
238285.028,conflict-at-land,2,165,
238298.183,conflict-at-land,3,160,
238300.028,start,2,165,
238304.459,conflict-at-land,2,165,
238313.183,start,3,160,
238319.459,start,2,165,
238326.396,conflict-at-land,2,165,
238341.396,start,2,165,
238346.504,conflict-at-land,2,165,
238361.504,start,2,165,
238368.524,conflict-at-land,2,165,
238383.524,start,2,165,
238390.063,conflict-at-land,2,165,
238405.063,start,2,165,
238411.525,conflict-at-land,2,165,
238426.525,start,2,165,
238433.863,conflict-at-land,2,165,
238448.863,start,2,165,
238454.15,conflict-at-land,2,165,
238469.15,start,2,165,
238476.291,conflict-at-land,2,165,
238491.291,start,2,165,
238491.874,conflict-at-land,3,160,
238497.532,conflict-at-land,2,165,
238506.874,start,3,160,
238512.532,start,2,165,
238520.231,conflict-at-land,2,165,
238535.231,start,2,165,
238539.704,conflict-at-land,2,165,
238554.704,start,2,165,
238561.019,conflict-at-land,2,165,
238576.019,start,2,165,
238583.253,conflict-at-land,2,165,
238598.253,start,2,165,
238602.679,conflict-at-land,2,165,
238617.679,start,2,165,
238624.974,conflict-at-land,2,165,
238634.769,conflict-at-land,3,160,
238639.974,start,2,165,
238646.071,conflict-at-land,2,165,
238649.769,start,3,160,
238661.071,start,2,165,
238666.391,conflict-at-land,2,165,
238681.391,start,2,165,
238688.355,conflict-at-land,2,165,
238703.355,start,2,165,
238708.072,conflict-at-land,2,165,
238723.072,start,2,165,
238729.019,conflict-at-land,2,165,
238744.019,start,2,165,
238749.542,conflict-at-land,2,165,
238764.542,start,2,165,
238770.714,conflict-at-land,2,165,
238785.714,start,2,165,
238790.657,conflict-at-land,2,165,
238792.175,conflict-at-land,3,160,
238805.657,start,2,165,
238807.175,start,3,160,
238811.808,conflict-at-land,2,165,
238826.808,start,2,165,
238833.259,conflict-at-land,2,165,
238848.259,start,2,165,
238854.58,conflict-at-land,2,165,
238869.58,start,2,165,
238874.299,conflict-at-land,2,165,
238889.299,start,2,165,
238894.637,conflict-at-land,2,165,
238904.945,conflict-at-land,3,160,
238909.637,start,2,165,
238915.426,conflict-at-land,2,165,
238919.945,start,3,160,
238930.426,start,2,165,
238938.196,conflict-at-land,2,165,
238953.196,start,2,165,
238959.527,conflict-at-land,2,165,
238974.527,start,2,165,
238981.551,conflict-at-land,2,165,
238996.551,start,2,165,
239002.084,conflict-at-land,2,165,
239017.084,start,2,165,
239024.537,conflict-at-land,2,165,
239039.537,start,2,165,
239047.146,conflict-at-land,2,165,
239062.146,start,2,165,
239069.921,conflict-at-land,2,165,
239084.921,start,2,165,
239085.668,conflict-at-land,3,160,
239091.346,conflict-at-land,2,165,
239100.668,start,3,160,
239106.346,start,2,165,
239111.322,conflict-at-land,2,165,
239126.322,start,2,165,
239131.324,conflict-at-land,2,165,
239146.324,start,2,165,
239152.719,conflict-at-land,2,165,
239167.719,start,2,165,
239173.17,conflict-at-land,2,165,
239188.17,start,2,165,
239193.93,conflict-at-land,2,165,
239204.212,conflict-at-land,3,160,
239208.93,start,2,165,
239215.885,conflict-at-land,2,165,
239219.212,start,3,160,
239230.885,start,2,165,
239235.19,conflict-at-land,2,165,
239250.19,start,2,165,
239255.23,conflict-at-land,2,165,
239270.23,start,2,165,
239276.757,conflict-at-land,2,165,
239291.757,start,2,165,
239296.821,conflict-at-land,2,165,
239311.821,start,2,165,
239319.362,conflict-at-land,2,165,
239323.77,conflict-at-land,3,160,
239334.362,start,2,165,
239338.77,start,3,160,
239340.466,conflict-at-land,2,165,
239355.466,start,2,165,
239361.502,conflict-at-land,2,165,
239376.502,start,2,165,
239380.924,conflict-at-land,2,165,
239395.924,start,2,165,
239402.418,conflict-at-land,2,165,
239417.418,start,2,165,
239423.729,conflict-at-land,2,165,
239438.729,start,2,165,
239445.483,conflict-at-land,2,165,
239460.483,start,2,165,
239465.885,conflict-at-land,2,165,
239480.828,conflict-at-land,3,160,
239480.885,start,2,165,
239488.284,conflict-at-land,2,165,
239495.828,start,3,160,
239503.284,start,2,165,
239510.253,conflict-at-land,2,165,
239525.253,start,2,165,
239529.459,conflict-at-land,2,165,
239544.459,start,2,165,
239550.751,conflict-at-land,2,165,
239565.751,start,2,165,
239573.299,conflict-at-land,2,165,
239588.299,start,2,165,
239593.142,conflict-at-land,2,165,
239608.142,start,2,165,
239612.349,conflict-at-land,2,165,
239627.349,start,2,165,
239627.513,conflict-at-land,3,160,
239631.609,conflict-at-land,2,165,
239642.513,start,3,160,
239646.609,start,2,165,
239653.773,conflict-at-land,2,165,
239668.773,start,2,165,
239673.759,conflict-at-land,2,165,
239677.916,conflict-at-land,0,155,
239688.759,start,2,165,
239692.916,start,0,155,
239695.331,conflict-at-land,2,165,
239710.331,start,2,165,
239715.408,conflict-at-land,2,165,
239730.408,start,2,165,
239737.818,conflict-at-land,2,165,
239752.818,start,2,165,
239759.13,conflict-at-land,2,165,
239769.408,conflict-at-land,3,160,
239774.13,start,2,165,
239779.826,conflict-at-land,2,165,
239784.408,start,3,160,
239794.826,start,2,165,
239799.642,conflict-at-land,2,165,
239814.642,start,2,165,
239821.845,conflict-at-land,2,165,
239836.845,start,2,165,
239843.987,conflict-at-land,2,165,
239858.987,start,2,165,
239863.936,conflict-at-land,2,165,
239878.936,start,2,165,
239883.342,conflict-at-land,2,165,
239898.342,start,2,165,
239903.073,conflict-at-land,2,165,
239912.43,conflict-at-land,3,160,
239918.073,start,2,165,
239923.688,conflict-at-land,2,165,
239927.43,start,3,160,
239938.688,start,2,165,
239946.26,conflict-at-land,2,165,
239961.26,start,2,165,
239968.211,conflict-at-land,2,165,
239983.211,start,2,165,
239988.018,conflict-at-land,2,165,
240003.018,start,2,165,
240010.431,conflict-at-land,2,165,
240025.431,start,2,165,
240033.09,conflict-at-land,2,165,
240048.09,start,2,165,
240053.866,conflict-at-land,3,160,
240055.744,conflict-at-land,2,165,
240055.744,abandon,2,165,
240055.744,refuse,2,166,
240068.866,start,3,160,
240070.744,refuse,2,166,
240085.744,refuse,2,166,
240100.744,refuse,2,166,
240115.744,refuse,2,166,
240130.744,refuse,2,166,
240145.744,refuse,2,166,
240160.744,refuse,2,166,
240175.744,refuse,2,166,
240190.744,refuse,2,166,
240205.744,refuse,2,166,
240206.848,conflict-at-land,3,160,
240220.744,refuse,2,166,
240221.848,start,3,160,
240235.744,refuse,2,166,
240250.744,refuse,2,166,
240265.744,refuse,2,166,
240280.744,refuse,2,166,
240295.744,refuse,2,166,
240310.744,refuse,2,166,
240325.744,refuse,2,166,
240340.744,refuse,2,166,
240355.744,refuse,2,166,
240370.744,refuse,2,166,
240371.864,conflict-at-land,3,160,
240385.744,refuse,2,166,
240386.864,start,3,160,
240400.744,refuse,2,166,
240415.744,refuse,2,166,
240430.744,refuse,2,166,
240445.744,refuse,2,166,
240460.744,refuse,2,166,
240475.744,refuse,2,166,
240490.744,refuse,2,166,
240505.744,refuse,2,166,
240520.744,refuse,2,166,
240535.744,refuse,2,166,
240550.744,refuse,2,166,
240558.575,conflict-at-land,3,160,
240565.744,refuse,2,166,
240573.575,start,3,160,
240580.744,refuse,2,166,
240595.744,refuse,2,166,
240610.744,refuse,2,166,
240625.744,refuse,2,166,
240640.744,refuse,2,166,
240655.744,refuse,2,166,
240670.744,refuse,2,166,
240685.307,conflict-at-land,3,160,
240685.744,refuse,2,166,
240700.307,start,3,160,
240700.744,refuse,2,166,
240715.744,refuse,2,166,
240730.744,refuse,2,166,
240745.744,refuse,2,166,
240760.744,refuse,2,166,
240775.744,refuse,2,166,
240790.744,refuse,2,166,
240805.744,refuse,2,166,
240820.744,refuse,2,166,
240835.744,refuse,2,166,
240850.744,refuse,2,166,
240865.744,refuse,2,166,
240879.503,conflict-at-land,3,160,
240880.613,conflict-at-land,1,8,
240880.744,refuse,2,166,
240894.503,start,3,160,
240895.613,start,1,8,
240895.744,refuse,2,166,
240910.744,refuse,2,166,
240925.744,refuse,2,166,
240940.744,refuse,2,166,
240955.744,refuse,2,166,
240970.744,refuse,2,166,
240985.744,refuse,2,166,
241000.744,refuse,2,166,
241014.945,conflict-at-land,3,160,
241015.744,refuse,2,166,
241029.945,start,3,160,
241030.744,refuse,2,166,
241045.744,refuse,2,166,
241060.744,refuse,2,166,
241075.744,refuse,2,166,
241090.744,refuse,2,166,
241105.744,refuse,2,166,
241120.744,refuse,2,166,
241135.744,refuse,2,166,
241146.612,conflict-at-land,3,160,
241150.744,refuse,2,166,
241161.612,start,3,160,
241165.744,refuse,2,166,
241180.744,refuse,2,166,
241195.744,refuse,2,166,
241210.744,refuse,2,166,
241225.744,refuse,2,166,
241240.744,refuse,2,166,
241255.744,refuse,2,166,
241270.744,refuse,2,166,
241285.744,refuse,2,166,
241300.744,refuse,2,166,
241315.744,refuse,2,166,
241316.554,conflict-at-land,3,160,
241330.744,refuse,2,166,
241331.554,start,3,160,
241345.744,refuse,2,166,
241360.744,refuse,2,166,
241375.744,refuse,2,166,
241390.744,refuse,2,166,
241405.744,refuse,2,166,
241420.744,refuse,2,166,
241435.744,refuse,2,166,
241450.744,refuse,2,166,
241465.744,refuse,2,166,
241480.744,refuse,2,166,
241488.721,conflict-at-land,3,160,
241495.744,refuse,2,166,
241503.721,start,3,160,
241510.744,refuse,2,166,
241525.744,refuse,2,166,
241540.744,refuse,2,166,
241555.744,refuse,2,166,
241570.744,refuse,2,166,
241585.744,refuse,2,166,
241600.744,refuse,2,166,
241615.744,refuse,2,166,
241619.264,conflict-at-land,3,160,
241630.744,refuse,2,166,
241634.264,start,3,160,
241645.744,refuse,2,166,
241660.744,refuse,2,166,
241675.744,refuse,2,166,
241690.744,refuse,2,166,
241705.744,refuse,2,166,
241720.744,refuse,2,166,
241735.744,refuse,2,166,
241748.894,conflict-at-land,3,160,
241750.744,refuse,2,166,
241763.894,start,3,160,
241765.744,refuse,2,166,
241775.339,conflict-at-land,0,155,
241780.744,start,2,166,
241790.339,refuse,0,155,
241794.95,conflict-at-land,2,166,
241805.339,start,0,155,
241809.95,refuse,2,166,
241824.95,refuse,2,166,
241839.95,refuse,2,166,
241854.95,refuse,2,166,
241869.95,refuse,2,166,
241884.95,refuse,2,166,
241899.95,refuse,2,166,
241914.95,refuse,2,166,
241929.95,refuse,2,166,
241942.858,conflict-at-land,3,160,
241944.95,refuse,2,166,
241957.858,start,3,160,
241959.95,refuse,2,166,
241974.95,refuse,2,166,
241989.95,refuse,2,166,
242004.95,refuse,2,166,
242019.95,refuse,2,166,
242034.95,refuse,2,166,
242049.95,refuse,2,166,
242064.95,refuse,2,166,
242079.95,refuse,2,166,
242094.95,refuse,2,166,
242109.95,refuse,2,166,
242121.727,conflict-at-land,3,160,
242124.95,refuse,2,166,
242136.727,start,3,160,
242139.95,refuse,2,166,
242154.95,refuse,2,166,
242169.95,refuse,2,166,
242184.95,refuse,2,166,
242199.95,refuse,2,166,
242214.95,refuse,2,166,
242229.95,refuse,2,166,
242244.95,refuse,2,166,
242259.95,refuse,2,166,
242274.95,refuse,2,166,
242289.95,refuse,2,166,
242291.559,conflict-at-land,3,160,
242304.95,refuse,2,166,
242306.559,start,3,160,
242319.95,refuse,2,166,
242334.95,refuse,2,166,
242349.95,refuse,2,166,
242364.95,refuse,2,166,
242379.95,refuse,2,166,
242394.95,refuse,2,166,
242409.95,refuse,2,166,
242424.95,refuse,2,166,
242438.784,conflict-at-land,3,160,
242439.95,refuse,2,166,
242453.784,start,3,160,
242454.95,refuse,2,166,
242469.95,refuse,2,166,
242484.95,refuse,2,166,
242499.95,refuse,2,166,
242514.95,refuse,2,166,
242529.95,refuse,2,166,
242544.95,refuse,2,166,
242559.95,refuse,2,166,
242574.95,refuse,2,166,
242589.95,refuse,2,166,
242604.95,refuse,2,166,
242619.95,refuse,2,166,
242628.286,conflict-at-land,3,160,
242634.95,refuse,2,166,
242643.286,start,3,160,
242649.95,refuse,2,166,
242664.95,refuse,2,166,
242679.95,refuse,2,166,
242694.95,refuse,2,166,
242709.95,refuse,2,166,
242724.95,refuse,2,166,
242739.95,refuse,2,166,
242754.95,refuse,2,166,
242769.95,refuse,2,166,
242784.95,refuse,2,166,
242799.95,refuse,2,166,
242800.899,conflict-at-land,3,160,
242814.95,refuse,2,166,
242815.899,start,3,160,
242829.95,refuse,2,166,
242844.95,refuse,2,166,
242859.95,refuse,2,166,
242874.95,refuse,2,166,
242889.95,refuse,2,166,
242904.95,refuse,2,166,
242919.95,refuse,2,166,
242934.95,refuse,2,166,
242935.679,conflict-at-land,3,160,
242949.95,refuse,2,166,
242950.679,start,3,160,
242964.95,refuse,2,166,
242979.95,refuse,2,166,
242994.95,refuse,2,166,
243009.95,refuse,2,166,
243024.95,refuse,2,166,
243039.95,refuse,2,166,
243054.95,refuse,2,166,
243069.95,refuse,2,166,
243069.95,abandon,2,166,
243069.95,refuse,2,167,
243084.95,refuse,2,167,
243099.95,refuse,2,167,
243114.95,refuse,2,167,
243122.75,conflict-at-land,3,160,
243129.95,refuse,2,167,
243137.75,start,3,160,
243144.95,refuse,2,167,
243159.95,refuse,2,167,
243174.95,refuse,2,167,
243189.95,refuse,2,167,
243204.95,refuse,2,167,
243219.95,refuse,2,167,
243234.95,refuse,2,167,
243249.95,refuse,2,167,
243264.135,conflict-at-land,3,160,
243264.95,refuse,2,167,
243279.135,start,3,160,
243279.95,refuse,2,167,
243294.95,refuse,2,167,
243309.95,refuse,2,167,
243324.667,conflict-at-land,0,155,
243324.95,start,2,167,
243336.879,conflict-at-land,2,167,
243339.667,start,0,155,
243351.879,refuse,2,167,
243366.879,refuse,2,167,
243381.879,refuse,2,167,
243396.879,refuse,2,167,
243411.879,refuse,2,167,
243426.879,refuse,2,167,
243440.564,conflict-at-land,3,160,
243441.879,refuse,2,167,
243455.564,start,3,160,
243456.879,refuse,2,167,
243471.879,refuse,2,167,
243486.879,refuse,2,167,
243501.879,refuse,2,167,
243516.879,refuse,2,167,
243531.879,refuse,2,167,
243546.879,refuse,2,167,
243561.879,refuse,2,167,
243568.883,conflict-at-land,3,160,
243576.879,refuse,2,167,
243583.883,start,3,160,
243591.879,refuse,2,167,
243606.879,refuse,2,167,
243621.879,refuse,2,167,
243636.879,refuse,2,167,
243651.879,refuse,2,167,
243666.879,refuse,2,167,
243681.879,refuse,2,167,
243696.879,refuse,2,167,
243711.879,refuse,2,167,
243723.005,conflict-at-land,3,160,
243726.879,refuse,2,167,
243738.005,start,3,160,
243741.879,refuse,2,167,
243756.879,refuse,2,167,
243771.879,refuse,2,167,
243786.879,refuse,2,167,
243801.879,refuse,2,167,
243816.879,refuse,2,167,
243831.879,refuse,2,167,
243846.879,refuse,2,167,
243861.879,refuse,2,167,
243876.879,refuse,2,167,
243878.46,conflict-at-land,3,160,
243891.879,refuse,2,167,
243893.46,start,3,160,
243906.879,refuse,2,167,
243921.879,refuse,2,167,
243936.879,refuse,2,167,
243951.879,refuse,2,167,
243966.879,refuse,2,167,
243981.879,refuse,2,167,
243996.879,refuse,2,167,
244011.879,refuse,2,167,
244016.189,conflict-at-land,3,160,
244026.879,refuse,2,167,
244031.189,start,3,160,
244041.879,refuse,2,167,
244056.879,refuse,2,167,
244071.879,refuse,2,167,
244086.879,refuse,2,167,
244101.879,refuse,2,167,
244116.879,refuse,2,167,
244131.879,refuse,2,167,
244146.879,refuse,2,167,
244147.043,conflict-at-land,3,160,
244161.879,refuse,2,167,
244162.043,start,3,160,
244176.879,refuse,2,167,
244191.879,refuse,2,167,
244206.879,refuse,2,167,
244221.879,refuse,2,167,
244236.879,refuse,2,167,
244251.879,refuse,2,167,
244266.879,refuse,2,167,
244281.879,refuse,2,167,
244296.879,refuse,2,167,
244303.335,conflict-at-land,3,160,
244311.879,refuse,2,167,
244318.335,start,3,160,
244326.879,refuse,2,167,
244341.879,refuse,2,167,
244356.879,refuse,2,167,
244371.879,refuse,2,167,
244386.879,refuse,2,167,
244401.879,refuse,2,167,
244416.879,refuse,2,167,
244431.879,refuse,2,167,
244446.879,refuse,2,167,
244449.992,conflict-at-land,3,160,
244461.879,refuse,2,167,
244464.992,start,3,160,
244476.879,refuse,2,167,
244491.879,refuse,2,167,
244506.879,refuse,2,167,
244521.879,refuse,2,167,
244536.879,refuse,2,167,
244551.879,refuse,2,167,
244566.879,refuse,2,167,
244581.879,refuse,2,167,
244596.879,refuse,2,167,
244606.634,conflict-at-land,3,160,
244611.879,refuse,2,167,
244621.634,start,3,160,
244626.879,refuse,2,167,
244641.879,refuse,2,167,
244656.879,refuse,2,167,
244671.879,refuse,2,167,
244686.879,refuse,2,167,
244701.879,refuse,2,167,
244716.879,refuse,2,167,
244731.879,refuse,2,167,
244746.879,refuse,2,167,
244761.879,refuse,2,167,
244776.879,refuse,2,167,
244781.283,conflict-at-land,3,160,
244791.879,refuse,2,167,
244796.283,start,3,160,
244806.879,refuse,2,167,
244821.879,refuse,2,167,
244836.879,refuse,2,167,
244851.879,refuse,2,167,
244866.879,refuse,2,167,
244881.879,refuse,2,167,
244896.879,refuse,2,167,
244911.879,refuse,2,167,
244926.879,refuse,2,167,
244941.879,refuse,2,167,
244956.879,refuse,2,167,
244969.909,conflict-at-land,3,160,
244971.879,refuse,2,167,
244984.909,start,3,160,
244986.879,refuse,2,167,
245001.879,refuse,2,167,
245009.364,conflict-at-land,0,155,
245016.879,start,2,167,
245024.364,refuse,0,155,
245029.605,conflict-at-land,2,167,
245039.364,start,0,155,
245044.605,refuse,2,167,
245059.605,refuse,2,167,
245074.605,refuse,2,167,
245089.605,refuse,2,167,
245104.605,refuse,2,167,
245119.605,refuse,2,167,
245123.951,conflict-at-land,3,160,
245134.605,refuse,2,167,
245138.951,start,3,160,
245149.605,refuse,2,167,
245164.605,refuse,2,167,
245179.605,refuse,2,167,
245194.605,refuse,2,167,
245209.605,refuse,2,167,
245224.605,refuse,2,167,
245239.605,refuse,2,167,
245252.329,conflict-at-land,3,160,
245254.605,refuse,2,167,
245267.329,start,3,160,
245269.605,refuse,2,167,
245284.605,refuse,2,167,
245299.605,refuse,2,167,
245314.605,refuse,2,167,
245329.605,refuse,2,167,
245344.605,refuse,2,167,
245359.605,refuse,2,167,
245374.605,refuse,2,167,
245389.605,refuse,2,167,
245396.28,conflict-at-land,3,160,
245404.605,refuse,2,167,
245411.28,start,3,160,
245419.605,refuse,2,167,
245434.605,refuse,2,167,
245449.605,refuse,2,167,
245464.605,refuse,2,167,
245479.605,refuse,2,167,
245494.605,refuse,2,167,
245509.605,refuse,2,167,
245524.605,refuse,2,167,
245539.605,refuse,2,167,
245553.021,conflict-at-land,3,160,
245554.605,refuse,2,167,
245568.021,start,3,160,
245569.605,refuse,2,167,
245584.605,refuse,2,167,
245599.605,refuse,2,167,
245614.605,refuse,2,167,
245629.605,refuse,2,167,
245644.605,refuse,2,167,
245659.605,refuse,2,167,
245674.605,refuse,2,167,
245682.092,conflict-at-land,3,160,
245689.605,refuse,2,167,
245697.092,start,3,160,
245704.605,refuse,2,167,
245719.605,refuse,2,167,
245734.605,refuse,2,167,
245749.605,refuse,2,167,
245764.605,refuse,2,167,
245779.605,refuse,2,167,
245794.605,refuse,2,167,
245809.605,refuse,2,167,
245824.605,refuse,2,167,
245837.207,conflict-at-land,3,160,
245839.605,refuse,2,167,
245852.207,start,3,160,
245854.605,refuse,2,167,
245869.605,refuse,2,167,
245884.605,refuse,2,167,
245899.605,refuse,2,167,
245914.605,refuse,2,167,
245929.605,refuse,2,167,
245944.605,refuse,2,167,
245959.605,refuse,2,167,
245974.605,refuse,2,167,
245989.605,refuse,2,167,
246004.605,refuse,2,167,
246010.536,conflict-at-land,3,160,
246019.605,refuse,2,167,
246025.536,start,3,160,
246034.605,refuse,2,167,
246049.605,refuse,2,167,
246064.605,refuse,2,167,
246079.605,refuse,2,167,
246094.605,refuse,2,167,
246094.605,abandon,2,167,
246094.605,refuse,2,168,
246109.605,refuse,2,168,
246124.605,refuse,2,168,
246139.605,refuse,2,168,
246154.605,refuse,2,168,
246169.605,refuse,2,168,
246181.419,conflict-at-land,3,160,
246181.419,abandon,3,160,
246181.419,refuse,3,169,
246184.605,refuse,2,168,
246196.419,refuse,3,169,
246199.605,refuse,2,168,
246211.419,refuse,3,169,
246214.605,refuse,2,168,
246226.419,refuse,3,169,
246229.605,refuse,2,168,
246241.419,refuse,3,169,
246244.605,refuse,2,168,
246256.419,refuse,3,169,
246259.605,refuse,2,168,
246271.419,refuse,3,169,
246274.605,refuse,2,168,
246286.419,refuse,3,169,
246289.605,refuse,2,168,
246301.419,refuse,3,169,
246304.605,refuse,2,168,
246316.419,refuse,3,169,
246319.605,refuse,2,168,
246331.419,refuse,3,169,
246334.605,refuse,2,168,
246346.419,refuse,3,169,
246349.605,refuse,2,168,
246361.419,refuse,3,169,
246364.605,refuse,2,168,
246374.304,conflict-at-land,0,155,
246376.419,start,3,169,
246379.605,refuse,2,168,
246383.691,conflict-at-land,3,169,
246389.304,start,0,155,
246394.605,refuse,2,168,
246398.691,refuse,3,169,
246409.605,refuse,2,168,
246413.691,refuse,3,169,
246424.605,refuse,2,168,
246428.691,refuse,3,169,
246439.605,refuse,2,168,
246443.691,refuse,3,169,
246454.605,refuse,2,168,
246458.691,refuse,3,169,
246469.605,refuse,2,168,
246473.691,refuse,3,169,
246484.605,refuse,2,168,
246488.691,refuse,3,169,
246499.605,refuse,2,168,
246503.691,refuse,3,169,
246514.605,refuse,2,168,
246518.691,refuse,3,169,
246529.605,refuse,2,168,
246533.691,refuse,3,169,
246544.605,refuse,2,168,
246548.691,refuse,3,169,
246559.605,refuse,2,168,
246563.691,refuse,3,169,
246574.605,refuse,2,168,
246578.691,refuse,3,169,
246589.605,refuse,2,168,
246593.691,refuse,3,169,
246604.605,refuse,2,168,
246608.691,refuse,3,169,
246619.605,refuse,2,168,
246623.691,refuse,3,169,
246634.605,refuse,2,168,
246638.691,refuse,3,169,
246649.605,refuse,2,168,
246653.691,refuse,3,169,
246664.605,refuse,2,168,
246668.691,refuse,3,169,
246679.605,refuse,2,168,
246683.691,refuse,3,169,
246694.605,refuse,2,168,
246698.691,refuse,3,169,
246709.605,refuse,2,168,
246713.691,refuse,3,169,
246724.605,refuse,2,168,
246728.691,refuse,3,169,
246739.605,refuse,2,168,
246743.691,refuse,3,169,
246754.605,refuse,2,168,
246758.691,refuse,3,169,
246769.605,refuse,2,168,
246773.691,refuse,3,169,
246784.605,refuse,2,168,
246788.691,refuse,3,169,
246799.605,refuse,2,168,
246803.691,refuse,3,169,
246814.605,refuse,2,168,
246818.691,refuse,3,169,
246829.605,refuse,2,168,
246833.691,refuse,3,169,
246844.605,refuse,2,168,
246848.691,refuse,3,169,
246859.605,refuse,2,168,
246863.691,refuse,3,169,
246874.605,refuse,2,168,
246878.691,refuse,3,169,
246889.605,refuse,2,168,
246893.691,refuse,3,169,
246904.605,refuse,2,168,
246908.691,refuse,3,169,
246919.605,refuse,2,168,
246923.691,refuse,3,169,
246934.605,refuse,2,168,
246938.691,refuse,3,169,
246949.605,refuse,2,168,
246953.691,refuse,3,169,
246964.605,refuse,2,168,
246968.691,refuse,3,169,
246979.605,refuse,2,168,
246983.691,refuse,3,169,
246994.605,refuse,2,168,
246998.691,refuse,3,169,
247009.605,refuse,2,168,
247013.691,refuse,3,169,
247024.605,refuse,2,168,
247028.691,refuse,3,169,
247039.605,refuse,2,168,
247043.691,refuse,3,169,
247054.605,refuse,2,168,
247058.691,refuse,3,169,
247069.605,refuse,2,168,
247073.691,refuse,3,169,
247084.605,refuse,2,168,
247088.691,refuse,3,169,
247099.605,refuse,2,168,
247103.691,refuse,3,169,
247114.605,refuse,2,168,
247118.691,refuse,3,169,
247129.605,refuse,2,168,
247133.691,refuse,3,169,
247144.605,refuse,2,168,
247148.691,refuse,3,169,
247159.605,refuse,2,168,
247163.691,refuse,3,169,
247174.605,refuse,2,168,
247178.691,refuse,3,169,
247189.605,refuse,2,168,
247193.691,refuse,3,169,
247204.605,refuse,2,168,
247208.691,refuse,3,169,
247219.605,refuse,2,168,
247223.691,refuse,3,169,
247234.605,refuse,2,168,
247238.691,refuse,3,169,
247249.605,refuse,2,168,
247253.691,refuse,3,169,
247264.605,refuse,2,168,
247268.691,refuse,3,169,
247279.605,refuse,2,168,
247283.691,refuse,3,169,
247294.605,refuse,2,168,
247298.691,refuse,3,169,
247309.605,refuse,2,168,
247313.691,refuse,3,169,
247324.605,refuse,2,168,
247328.691,refuse,3,169,
247339.605,refuse,2,168,
247343.691,refuse,3,169,
247354.605,refuse,2,168,
247358.691,refuse,3,169,
247369.605,refuse,2,168,
247373.691,refuse,3,169,
247384.605,refuse,2,168,
247388.691,refuse,3,169,
247399.605,refuse,2,168,
247403.691,refuse,3,169,
247414.605,refuse,2,168,
247418.691,refuse,3,169,
247429.605,refuse,2,168,
247433.691,refuse,3,169,
247444.605,refuse,2,168,
247448.691,refuse,3,169,
247459.605,refuse,2,168,
247463.691,refuse,3,169,
247474.605,refuse,2,168,
247478.691,refuse,3,169,
247489.605,refuse,2,168,
247493.691,refuse,3,169,
247504.605,refuse,2,168,
247508.691,refuse,3,169,
247519.605,refuse,2,168,
247523.691,refuse,3,169,
247534.605,refuse,2,168,
247538.691,refuse,3,169,
247549.605,refuse,2,168,
247553.691,refuse,3,169,
247564.605,refuse,2,168,
247568.691,refuse,3,169,
247579.605,refuse,2,168,
247583.691,refuse,3,169,
247594.605,refuse,2,168,
247598.691,refuse,3,169,
247609.605,refuse,2,168,
247613.691,refuse,3,169,
247624.605,refuse,2,168,
247628.691,refuse,3,169,
247639.605,refuse,2,168,
247643.691,refuse,3,169,
247654.605,refuse,2,168,
247658.691,refuse,3,169,
247669.605,refuse,2,168,
247673.691,refuse,3,169,
247684.605,refuse,2,168,
247688.691,refuse,3,169,
247699.605,refuse,2,168,
247703.691,refuse,3,169,
247714.605,refuse,2,168,
247718.691,refuse,3,169,
247729.605,refuse,2,168,
247733.691,refuse,3,169,
247744.605,refuse,2,168,
247748.691,refuse,3,169,
247759.605,refuse,2,168,
247763.691,refuse,3,169,
247774.605,refuse,2,168,
247778.691,refuse,3,169,
247789.605,refuse,2,168,
247793.691,refuse,3,169,
247804.605,refuse,2,168,
247808.691,refuse,3,169,
247819.605,refuse,2,168,
247823.691,refuse,3,169,
247834.605,refuse,2,168,
247838.691,refuse,3,169,
247849.605,refuse,2,168,
247853.691,refuse,3,169,
247864.605,refuse,2,168,
247868.691,refuse,3,169,
247879.605,refuse,2,168,
247883.691,refuse,3,169,
247894.605,refuse,2,168,
247898.691,refuse,3,169,
247909.605,refuse,2,168,
247913.691,refuse,3,169,
247924.605,refuse,2,168,
247928.691,refuse,3,169,
247939.605,refuse,2,168,
247943.691,refuse,3,169,
247954.605,refuse,2,168,
247958.691,refuse,3,169,
247969.605,refuse,2,168,
247973.691,refuse,3,169,
247984.605,refuse,2,168,
247988.691,refuse,3,169,
247999.605,refuse,2,168,
248003.691,refuse,3,169,
248014.605,refuse,2,168,
248018.691,refuse,3,169,
248029.605,refuse,2,168,
248033.691,refuse,3,169,
248044.605,refuse,2,168,
248048.691,refuse,3,169,
248059.605,refuse,2,168,
248063.691,refuse,3,169,
248074.605,refuse,2,168,
248078.691,refuse,3,169,
248089.605,refuse,2,168,
248093.691,refuse,3,169,
248104.605,refuse,2,168,
248108.691,refuse,3,169,
248119.605,refuse,2,168,
248123.691,refuse,3,169,
248134.605,refuse,2,168,
248138.691,refuse,3,169,
248149.605,refuse,2,168,
248153.691,refuse,3,169,
248164.605,refuse,2,168,
248168.691,refuse,3,169,
248179.605,refuse,2,168,
248183.691,refuse,3,169,
248194.605,refuse,2,168,
248198.691,refuse,3,169,
248209.605,refuse,2,168,
248213.691,refuse,3,169,
248224.605,refuse,2,168,
248228.691,refuse,3,169,
248239.605,refuse,2,168,
248243.691,refuse,3,169,
248254.605,refuse,2,168,
248258.691,refuse,3,169,
248262.643,conflict-at-land,0,155,
248269.605,start,2,168,
248273.691,refuse,3,169,
248277.643,refuse,0,155,
248288.691,refuse,3,169,
248292.643,refuse,0,155,
248303.691,refuse,3,169,
248307.643,refuse,0,155,
248318.691,refuse,3,169,
248322.643,refuse,0,155,
248333.691,refuse,3,169,
248337.643,refuse,0,155,
248348.691,refuse,3,169,
248352.643,refuse,0,155,
248363.691,refuse,3,169,
248367.643,refuse,0,155,
248373.233,conflict-at-land,2,168,
248378.691,start,3,169,
248382.643,refuse,0,155,
248385.195,conflict-at-land,3,169,
248388.233,start,2,168,
248397.643,refuse,0,155,
248400.195,refuse,3,169,
248412.643,refuse,0,155,
248415.195,refuse,3,169,
248427.643,refuse,0,155,
248430.195,refuse,3,169,
248442.643,refuse,0,155,
248445.195,refuse,3,169,
248456.913,conflict-at-land,2,168,
248457.643,start,0,155,
248460.195,refuse,3,169,
248471.913,refuse,2,168,
248475.195,refuse,3,169,
248486.913,refuse,2,168,
248490.195,refuse,3,169,
248501.913,refuse,2,168,
248505.195,refuse,3,169,
248516.913,refuse,2,168,
248520.195,refuse,3,169,
248531.913,refuse,2,168,
248535.195,refuse,3,169,
248546.913,refuse,2,168,
248550.195,refuse,3,169,
248561.913,refuse,2,168,
248565.195,refuse,3,169,
248576.913,refuse,2,168,
248580.195,refuse,3,169,
248591.913,refuse,2,168,
248595.195,refuse,3,169,
248606.913,refuse,2,168,
248610.195,refuse,3,169,
248621.913,refuse,2,168,
248625.195,refuse,3,169,
248636.913,refuse,2,168,
248640.195,refuse,3,169,
248651.913,refuse,2,168,
248655.195,refuse,3,169,
248666.913,refuse,2,168,
248670.195,refuse,3,169,
248681.913,refuse,2,168,
248685.195,refuse,3,169,
248696.913,refuse,2,168,
248700.195,refuse,3,169,
248711.913,refuse,2,168,
248715.195,refuse,3,169,
248726.913,refuse,2,168,
248730.195,refuse,3,169,
248741.913,refuse,2,168,
248745.195,refuse,3,169,
248756.913,refuse,2,168,
248760.195,refuse,3,169,
248771.913,refuse,2,168,
248775.195,refuse,3,169,
248786.913,refuse,2,168,
248790.195,refuse,3,169,
248801.913,refuse,2,168,
248805.195,refuse,3,169,
248816.913,refuse,2,168,
248820.195,refuse,3,169,
248831.913,refuse,2,168,
248835.195,refuse,3,169,
248846.913,refuse,2,168,
248850.195,refuse,3,169,
248861.913,refuse,2,168,
248865.195,refuse,3,169,
248876.913,refuse,2,168,
248880.195,refuse,3,169,
248891.913,refuse,2,168,
248895.195,refuse,3,169,
248906.913,refuse,2,168,
248910.195,refuse,3,169,
248921.913,refuse,2,168,
248925.195,refuse,3,169,
248936.913,refuse,2,168,
248940.195,refuse,3,169,
248951.913,refuse,2,168,
248955.195,refuse,3,169,
248966.913,refuse,2,168,
248970.195,refuse,3,169,
248981.913,refuse,2,168,
248985.195,refuse,3,169,
248996.913,refuse,2,168,
249000.195,refuse,3,169,
249011.913,refuse,2,168,
249015.195,refuse,3,169,
249026.913,refuse,2,168,
249030.195,refuse,3,169,
249041.913,refuse,2,168,
249045.195,refuse,3,169,
249056.913,refuse,2,168,
249060.195,refuse,3,169,
249071.913,refuse,2,168,
249075.195,refuse,3,169,
249086.913,refuse,2,168,
249090.195,refuse,3,169,
249101.913,refuse,2,168,
249105.195,refuse,3,169,
249116.913,refuse,2,168,
249120.195,refuse,3,169,
249131.913,refuse,2,168,
249135.195,refuse,3,169,
249146.913,refuse,2,168,
249150.195,refuse,3,169,
249161.913,refuse,2,168,
249165.195,refuse,3,169,
249176.913,refuse,2,168,
249180.195,refuse,3,169,
249191.913,refuse,2,168,
249195.195,refuse,3,169,
249195.195,abandon,3,169,
249195.195,start,3,170,
249206.913,refuse,2,168,
249218.437,conflict-at-land,3,170,
249221.913,refuse,2,168,
249233.437,start,3,170,
249236.913,refuse,2,168,
249251.841,conflict-at-land,3,170,
249251.913,refuse,2,168,
249266.841,start,3,170,
249266.913,refuse,2,168,
249266.913,abandon,2,168,
249266.913,start,2,171,
249286.244,conflict-at-land,2,171,
249291.566,conflict-at-land,3,170,
249301.244,start,2,171,
249306.566,start,3,170,
249326.724,conflict-at-land,2,171,
249332.321,conflict-at-land,3,170,
249341.724,start,2,171,
249347.321,start,3,170,
249361.737,conflict-at-land,2,171,
249372.044,conflict-at-land,3,170,
249376.737,start,2,171,
249387.044,start,3,170,
249394.542,conflict-at-land,2,171,
249404.142,conflict-at-land,3,170,
249409.542,start,2,171,
249419.142,start,3,170,
249434.919,conflict-at-land,3,170,
249435.015,conflict-at-land,2,171,
249449.919,start,3,170,
249450.015,start,2,171,
249473.215,conflict-at-land,3,170,
249474.049,conflict-at-land,2,171,
249488.215,start,3,170,
249489.049,start,2,171,
249506.974,conflict-at-land,2,171,
249509.119,conflict-at-land,3,170,
249521.974,start,2,171,
249524.119,start,3,170,
249537.097,conflict-at-land,2,171,
249543.783,conflict-at-land,3,170,
249552.097,start,2,171,
249558.783,start,3,170,
249571.856,conflict-at-land,2,171,
249579.333,conflict-at-land,3,170,
249586.856,start,2,171,
249594.333,start,3,170,
249604.131,conflict-at-land,2,171,
249612.629,conflict-at-land,3,170,
249619.131,start,2,171,
249627.629,start,3,170,
249636.758,conflict-at-land,2,171,
249644.131,conflict-at-land,3,170,
249651.758,start,2,171,
249659.131,start,3,170,
249670.701,conflict-at-land,2,171,
249684.845,conflict-at-land,3,170,
249685.701,start,2,171,
249699.845,start,3,170,
249711.4,conflict-at-land,2,171,
249721.353,conflict-at-land,3,170,
249726.4,start,2,171,
249736.353,start,3,170,
249749.629,conflict-at-land,2,171,
249758.748,conflict-at-land,3,170,
249764.629,start,2,171,
249773.748,start,3,170,
249786.662,conflict-at-land,2,171,
249794.136,conflict-at-land,3,170,
249801.662,start,2,171,
249809.136,start,3,170,
249824.853,conflict-at-land,2,171,
249828.549,conflict-at-land,3,170,
249839.853,start,2,171,
249843.549,start,3,170,
249858.499,conflict-at-land,2,171,
249861.113,conflict-at-land,3,170,
249873.499,start,2,171,
249876.113,start,3,170,
249893.168,conflict-at-land,2,171,
249900.194,conflict-at-land,3,170,
249908.168,start,2,171,
249915.194,start,3,170,
249923.349,conflict-at-land,2,171,
249938.349,start,2,171,
249939.698,conflict-at-land,3,170,
249954.698,start,3,170,
249963.119,conflict-at-land,2,171,
249977.982,conflict-at-land,3,170,
249978.119,start,2,171,
249992.982,start,3,170,
250001.129,conflict-at-land,2,171,
250009.4,conflict-at-land,3,170,
250016.129,start,2,171,
250024.4,start,3,170,
250035.259,conflict-at-land,2,171,
250040.912,conflict-at-land,3,170,
250050.259,start,2,171,
250055.912,start,3,170,
250071.267,conflict-at-land,2,171,
250076.245,conflict-at-land,3,170,
250086.267,start,2,171,
250091.245,start,3,170,
250105.996,conflict-at-land,2,171,
250118.34,conflict-at-land,3,170,
250120.996,start,2,171,
250133.34,start,3,170,
250140.946,conflict-at-land,2,171,
250155.946,start,2,171,
250158.952,conflict-at-land,3,170,
250173.952,start,3,170,
250174.659,conflict-at-land,2,171,
250189.659,start,2,171,
250191.258,conflict-at-land,3,170,
250206.258,start,3,170,
250209.226,conflict-at-land,2,171,
250224.226,start,2,171,
250225.997,conflict-at-land,3,170,
250240.997,start,3,170,
250245.356,conflict-at-land,2,171,
250256.833,conflict-at-land,3,170,
250260.356,start,2,171,
250271.833,start,3,170,
250283.088,conflict-at-land,2,171,
250298.088,start,2,171,
250298.718,conflict-at-land,3,170,
250313.718,start,3,170,
250314.206,conflict-at-land,2,171,
250329.206,start,2,171,
250338.652,conflict-at-land,3,170,
250348.695,conflict-at-land,2,171,
250353.652,start,3,170,
250363.695,start,2,171,
250365.576,conflict-at-land,0,155,
250369.76,conflict-at-land,3,170,
250380.576,start,0,155,
250384.76,start,3,170,
250388.113,conflict-at-land,2,171,
250403.113,start,2,171,
250408.604,conflict-at-land,3,170,
250423.604,start,3,170,
250427.902,conflict-at-land,2,171,
250442.902,start,2,171,
250448.943,conflict-at-land,3,170,
250463.943,start,3,170,
250467.935,conflict-at-land,2,171,
250482.935,start,2,171,
250484.525,conflict-at-land,3,170,
250499.525,start,3,170,
250503.72,conflict-at-land,2,171,
250515.256,conflict-at-land,3,170,
250518.72,start,2,171,
250530.256,start,3,170,
250542.922,conflict-at-land,2,171,
250556.375,conflict-at-land,3,170,
250557.922,start,2,171,
250571.375,start,3,170,
250584.644,conflict-at-land,2,171,
250598.018,conflict-at-land,3,170,
250599.644,start,2,171,
250613.018,start,3,170,
250620.134,conflict-at-land,2,171,
250635.134,start,2,171,
250637.234,conflict-at-land,3,170,
250652.234,start,3,170,
250654.669,conflict-at-land,2,171,
250669.669,start,2,171,
250677.639,conflict-at-land,3,170,
250686.748,conflict-at-land,2,171,
250692.639,start,3,170,
250701.748,start,2,171,
250708.112,conflict-at-land,3,170,
250718.926,conflict-at-land,2,171,
250723.112,start,3,170,
250733.926,start,2,171,
250741.344,conflict-at-land,3,170,
250750.877,conflict-at-land,2,171,
250756.344,start,3,170,
250765.877,start,2,171,
250777.312,conflict-at-land,3,170,
250789.938,conflict-at-land,2,171,
250792.312,start,3,170,
250804.938,start,2,171,
250813.66,conflict-at-land,3,170,
250828.66,start,3,170,
250831.168,conflict-at-land,2,171,
250845.316,conflict-at-land,3,170,
250846.168,start,2,171,
250860.316,start,3,170,
250860.996,conflict-at-land,2,171,
250875.996,start,2,171,
250878.892,conflict-at-land,3,170,
250893.892,start,3,170,
250899.441,conflict-at-land,2,171,
250910.916,conflict-at-land,3,170,
250914.441,start,2,171,
250925.916,start,3,170,
250929.443,conflict-at-land,2,171,
250944.263,conflict-at-land,3,170,
250944.443,start,2,171,
250959.263,start,3,170,
250970.448,conflict-at-land,2,171,
250977.556,conflict-at-land,3,170,
250985.448,start,2,171,
250992.556,start,3,170,
251002.299,conflict-at-land,2,171,
251011.016,conflict-at-land,3,170,
251017.299,start,2,171,
251026.016,start,3,170,
251038.408,conflict-at-land,2,171,
251050.729,conflict-at-land,3,170,
251053.408,start,2,171,
251065.729,start,3,170,
251076.515,conflict-at-land,2,171,
251091.338,conflict-at-land,3,170,
251091.515,start,2,171,
251106.338,start,3,170,
251111.867,conflict-at-land,2,171,
251123.702,conflict-at-land,3,170,
251126.867,start,2,171,
251138.702,start,3,170,
251144.016,conflict-at-land,2,171,
251154.059,conflict-at-land,3,170,
251159.016,start,2,171,
251169.059,start,3,170,
251181.35,conflict-at-land,2,171,
251187.888,conflict-at-land,3,170,
251196.35,start,2,171,
251202.888,start,3,170,
251215.541,conflict-at-land,2,171,
251222.415,conflict-at-land,3,170,
251230.541,start,2,171,
251237.415,start,3,170,
251245.797,conflict-at-land,2,171,
251257.097,conflict-at-land,3,170,
251260.797,start,2,171,
251272.097,start,3,170,
251277.479,conflict-at-land,2,171,
251288.738,conflict-at-land,3,170,
251292.479,start,2,171,
251303.738,start,3,170,
251318.464,conflict-at-land,2,171,
251320.716,conflict-at-land,3,170,
251333.464,start,2,171,
251335.716,start,3,170,
251356.225,conflict-at-land,3,170,
251356.899,conflict-at-land,2,171,
251371.225,start,3,170,
251371.899,start,2,171,
251390.27,conflict-at-land,3,170,
251398.829,conflict-at-land,2,171,
251405.27,start,3,170,
251413.829,start,2,171,
251426.465,conflict-at-land,3,170,
251440.141,conflict-at-land,2,171,
251441.465,start,3,170,
251455.141,start,2,171,
251458.907,conflict-at-land,3,170,
251473.907,start,3,170,
251476.692,conflict-at-land,2,171,
251491.65,conflict-at-land,3,170,
251491.692,start,2,171,
251506.65,start,3,170,
251516.478,conflict-at-land,2,171,
251522.146,conflict-at-land,3,170,
251531.478,start,2,171,
251537.146,start,3,170,
251549.201,conflict-at-land,2,171,
251563.769,conflict-at-land,3,170,
251564.201,start,2,171,
251578.769,start,3,170,
251585.642,conflict-at-land,2,171,
251599.313,conflict-at-land,3,170,
251600.642,start,2,171,
251614.313,start,3,170,
251619.557,conflict-at-land,2,171,
251634.557,start,2,171,
251641.321,conflict-at-land,3,170,
251656.321,start,3,170,
251661.515,conflict-at-land,2,171,
251676.515,start,2,171,
251677.218,conflict-at-land,3,170,
251692.218,start,3,170,
251697.363,conflict-at-land,2,171,
251708.59,conflict-at-land,3,170,
251712.363,start,2,171,
251723.59,start,3,170,
251732.418,conflict-at-land,2,171,
251740.647,conflict-at-land,3,170,
251747.418,start,2,171,
251755.647,start,3,170,
251769.183,conflict-at-land,2,171,
251775.107,conflict-at-land,3,170,
251784.183,start,2,171,
251790.107,start,3,170,
251809.892,conflict-at-land,2,171,
251813.279,conflict-at-land,3,170,
251824.892,start,2,171,
251828.279,start,3,170,
251849.711,conflict-at-land,2,171,
251851.772,conflict-at-land,3,170,
251864.711,start,2,171,
251866.772,start,3,170,
251882.478,conflict-at-land,2,171,
251887.573,conflict-at-land,3,170,
251897.478,start,2,171,
251902.573,start,3,170,
251916.463,conflict-at-land,2,171,
251922.882,conflict-at-land,3,170,
251931.463,start,2,171,
251937.882,start,3,170,
251947.155,conflict-at-land,2,171,
251962.155,start,2,171,
251963.415,conflict-at-land,3,170,
251978.415,start,3,170,
251989.027,conflict-at-land,2,171,
252004.027,start,2,171,
252004.991,conflict-at-land,3,170,
252019.991,start,3,170,
252020.708,conflict-at-land,2,171,
252035.358,conflict-at-land,3,170,
252035.708,start,2,171,
252050.358,start,3,170,
252056.361,conflict-at-land,2,171,
252071.361,start,2,171,
252075.819,conflict-at-land,3,170,
252090.819,start,3,170,
252093.744,conflict-at-land,2,171,
252108.744,start,2,171,
252113.626,conflict-at-land,3,170,
252123.98,conflict-at-land,2,171,
252128.626,start,3,170,
252138.98,start,2,171,
252143.764,conflict-at-land,3,170,
252158.764,start,3,170,
252165.46,conflict-at-land,2,171,
252179.479,conflict-at-land,3,170,
252180.46,start,2,171,
252194.479,start,3,170,
252200.939,conflict-at-land,2,171,
252215.063,conflict-at-land,3,170,
252215.939,start,2,171,
252230.063,start,3,170,
252236.049,conflict-at-land,2,171,
252249.876,conflict-at-land,3,170,
252251.049,start,2,171,
252264.876,start,3,170,
252267.056,conflict-at-land,2,171,
252282.056,start,2,171,
252283.166,conflict-at-land,3,170,
252298.166,start,3,170,
252299.656,conflict-at-land,2,171,
252314.195,conflict-at-land,3,170,
252314.656,start,2,171,
252329.195,start,3,170,
252334.767,conflict-at-land,2,171,
252349.767,start,2,171,
252352.266,conflict-at-land,3,170,
252367.266,start,3,170,
252375.884,conflict-at-land,2,171,
252390.884,start,2,171,
252391.471,conflict-at-land,3,170,
252406.471,start,3,170,
252415.62,conflict-at-land,2,171,
252425.034,conflict-at-land,3,170,
252430.62,start,2,171,
252440.034,start,3,170,
252453.271,conflict-at-land,2,171,
252456.483,conflict-at-land,3,170,
252468.271,start,2,171,
252471.483,start,3,170,
252486.914,conflict-at-land,2,171,
252490.107,conflict-at-land,3,170,
252501.914,start,2,171,
252505.107,start,3,170,
252524.01,conflict-at-land,2,171,
252532.229,conflict-at-land,3,170,
252539.01,start,2,171,
252547.229,start,3,170,
252554.159,conflict-at-land,2,171,
252564.407,conflict-at-land,3,170,
252569.159,start,2,171,
252579.407,start,3,170,
252589.712,conflict-at-land,2,171,
252603.223,conflict-at-land,3,170,
252604.712,start,2,171,
252618.223,start,3,170,
252630.003,conflict-at-land,2,171,
252635.729,conflict-at-land,3,170,
252640.531,conflict-at-land,0,155,
252645.003,start,2,171,
252650.729,start,3,170,
252655.531,start,0,155,
252659.745,conflict-at-land,2,171,
252674.745,start,2,171,
252677.203,conflict-at-land,3,170,
252692.203,start,3,170,
252694.819,conflict-at-land,2,171,
252709.819,start,2,171,
252710.083,conflict-at-land,3,170,
252725.083,start,3,170,
252726.283,conflict-at-land,2,171,
252741.283,start,2,171,
252748.602,conflict-at-land,3,170,
252762.342,conflict-at-land,2,171,
252763.602,start,3,170,
252777.342,start,2,171,
252783.023,conflict-at-land,3,170,
252796.369,conflict-at-land,2,171,
252798.023,start,3,170,
252811.369,start,2,171,
252824.145,conflict-at-land,3,170,
252836.971,conflict-at-land,2,171,
252839.145,start,3,170,
252851.971,start,2,171,
252854.505,conflict-at-land,3,170,
252869.505,start,3,170,
252877.259,conflict-at-land,2,171,
252886.265,conflict-at-land,3,170,
252892.259,start,2,171,
252901.265,start,3,170,
252909.851,conflict-at-land,2,171,
252922.015,conflict-at-land,3,170,
252924.851,start,2,171,
252937.015,start,3,170,
252947.386,conflict-at-land,2,171,
252958.594,conflict-at-land,3,170,
252962.386,start,2,171,
252973.594,start,3,170,
252978.466,conflict-at-land,2,171,
252993.466,start,2,171,
253000.643,conflict-at-land,3,170,
253015.643,start,3,170,
253017.753,conflict-at-land,2,171,
253032.753,start,2,171,
253038.065,conflict-at-land,3,170,
253053.065,start,3,170,
253059.714,conflict-at-land,2,171,
253074.714,start,2,171,
253080.337,conflict-at-land,3,170,
253095.337,start,3,170,
253096.837,conflict-at-land,2,171,
253111.837,start,2,171,
253115.521,conflict-at-land,3,170,
253130.521,start,3,170,
253134.594,conflict-at-land,2,171,
253149.594,start,2,171,
253154.56,conflict-at-land,3,170,
253164.685,conflict-at-land,2,171,
253169.56,start,3,170,
253179.685,start,2,171,
253193.071,conflict-at-land,3,170,
253200.424,conflict-at-land,2,171,
253208.071,start,3,170,
253215.424,start,2,171,
253230.327,conflict-at-land,3,170,
253231.793,conflict-at-land,2,171,
253245.327,start,3,170,
253246.793,start,2,171,
253260.588,conflict-at-land,3,170,
253268.272,conflict-at-land,2,171,
253275.588,start,3,170,
253283.272,start,2,171,
253294.088,conflict-at-land,3,170,
253308.142,conflict-at-land,2,171,
253309.088,start,3,170,
253323.142,start,2,171,
253336.003,conflict-at-land,3,170,
253345.05,conflict-at-land,2,171,
253351.003,start,3,170,
253360.05,start,2,171,
253377.314,conflict-at-land,3,170,
253377.99,conflict-at-land,2,171,
253392.314,start,3,170,
253392.99,start,2,171,
253411.408,conflict-at-land,3,170,
253411.888,conflict-at-land,2,171,
253426.408,start,3,170,
253426.888,start,2,171,
253442.015,conflict-at-land,2,171,
253445.713,conflict-at-land,3,170,
253457.015,start,2,171,
253460.713,start,3,170,
253477.098,conflict-at-land,2,171,
253481.67,conflict-at-land,3,170,
253492.098,start,2,171,
253496.67,start,3,170,
253516.049,conflict-at-land,3,170,
253519.06,conflict-at-land,2,171,
253531.049,start,3,170,
253534.06,start,2,171,
253548.938,conflict-at-land,3,170,
253560.89,conflict-at-land,2,171,
253563.938,start,3,170,
253575.89,start,2,171,
253588.163,conflict-at-land,3,170,
253591.423,conflict-at-land,2,171,
253603.163,start,3,170,
253606.423,start,2,171,
253621.135,conflict-at-land,3,170,
253624.81,conflict-at-land,2,171,
253636.135,start,3,170,
253639.81,start,2,171,
253658.21,conflict-at-land,2,171,
253660.58,conflict-at-land,3,170,
253673.21,start,2,171,
253675.58,start,3,170,
253699.183,conflict-at-land,3,170,
253699.542,conflict-at-land,2,171,
253714.183,start,3,170,
253714.542,start,2,171,
253739.804,conflict-at-land,3,170,
253739.915,conflict-at-land,2,171,
253754.804,start,3,170,
253754.915,start,2,171,
253776.298,conflict-at-land,2,171,
253777.985,conflict-at-land,3,170,
253791.298,start,2,171,
253792.985,start,3,170,
253810.193,conflict-at-land,3,170,
253817.459,conflict-at-land,2,171,
253825.193,start,3,170,
253832.459,start,2,171,
253847.097,conflict-at-land,3,170,
253853.747,conflict-at-land,2,171,
253862.097,start,3,170,
253868.747,start,2,171,
253880.4,conflict-at-land,3,170,
253890.444,conflict-at-land,2,171,
253895.4,start,3,170,
253905.444,start,2,171,
253912.946,conflict-at-land,3,170,
253927.946,start,3,170,
253928.408,conflict-at-land,2,171,
253943.408,start,2,171,
253944.477,conflict-at-land,3,170,
253959.477,start,3,170,
253967.168,conflict-at-land,2,171,
253982.129,conflict-at-land,3,170,
253982.168,start,2,171,
253997.129,start,3,170,
254007.7,conflict-at-land,0,155,
254008.968,conflict-at-land,2,171,
254019.808,conflict-at-land,3,170,
254022.7,start,0,155,
254023.968,start,2,171,
254034.808,start,3,170,
254046.301,conflict-at-land,2,171,
254059.31,conflict-at-land,3,170,
254061.301,start,2,171,
254074.31,start,3,170,
254084.405,conflict-at-land,2,171,
254099.405,start,2,171,
254101.168,conflict-at-land,3,170,
254116.168,start,3,170,
254125.253,conflict-at-land,2,171,
254140.253,start,2,171,
254140.5,conflict-at-land,3,170,
254155.5,start,3,170,
254155.591,conflict-at-land,2,171,
254170.591,start,2,171,
254171.163,conflict-at-land,3,170,
254186.163,start,3,170,
254195.172,conflict-at-land,2,171,
254210.172,start,2,171,
254212.207,conflict-at-land,3,170,
254227.207,start,3,170,
254227.237,conflict-at-land,2,171,
254242.237,start,2,171,
254252.477,conflict-at-land,3,170,
254256.999,conflict-at-land,2,171,
254267.477,start,3,170,
254271.999,start,2,171,
254287.543,conflict-at-land,3,170,
254289.797,conflict-at-land,2,171,
254302.543,start,3,170,
254304.797,start,2,171,
254320.916,conflict-at-land,2,171,
254328.646,conflict-at-land,3,170,
254335.916,start,2,171,
254343.646,start,3,170,
254355.332,conflict-at-land,2,171,
254368.975,conflict-at-land,3,170,
254370.332,start,2,171,
254383.975,start,3,170,
254392.603,conflict-at-land,2,171,
254407.603,start,2,171,
254409.444,conflict-at-land,3,170,
254424.444,start,3,170,
254428.897,conflict-at-land,2,171,
254440.328,conflict-at-land,3,170,
254443.897,start,2,171,
254455.328,start,3,170,
254462.608,conflict-at-land,2,171,
254477.608,start,2,171,
254477.992,conflict-at-land,3,170,
254492.992,start,3,170,
254498.201,conflict-at-land,2,171,
254513.201,start,2,171,
254520.237,conflict-at-land,3,170,
254534.978,conflict-at-land,2,171,
254535.237,start,3,170,
254549.978,start,2,171,
254555.393,conflict-at-land,3,170,
254570.393,start,3,170,
254572.255,conflict-at-land,2,171,
254587.255,start,2,171,
254589.831,conflict-at-land,3,170,
254604.831,start,3,170,
254606.292,conflict-at-land,2,171,
254621.292,start,2,171,
254623.225,conflict-at-land,3,170,
254638.225,start,3,170,
254641.011,conflict-at-land,2,171,
254656.011,start,2,171,
254665.021,conflict-at-land,3,170,
254675.364,conflict-at-land,2,171,
254680.021,start,3,170,
254690.364,start,2,171,
254705.332,conflict-at-land,3,170,
254710.2,conflict-at-land,2,171,
254720.332,start,3,170,
254725.2,start,2,171,
254740.429,conflict-at-land,3,170,
254751.522,conflict-at-land,2,171,
254755.429,start,3,170,
254766.522,start,2,171,
254778.833,conflict-at-land,3,170,
254785.388,conflict-at-land,2,171,
254793.833,start,3,170,
254800.388,start,2,171,
254810.31,conflict-at-land,3,170,
254825.31,start,3,170,
254826.601,conflict-at-land,2,171,
254841.601,start,2,171,
254843.961,conflict-at-land,3,170,
254858.961,start,3,170,
254866.026,conflict-at-land,2,171,
254881.026,start,2,171,
254884.813,conflict-at-land,3,170,
254899.813,start,3,170,
254900.421,conflict-at-land,2,171,
254915.421,start,2,171,
254919.081,conflict-at-land,3,170,
254931.13,conflict-at-land,2,171,
254934.081,start,3,170,
254946.13,start,2,171,
254958.255,conflict-at-land,3,170,
254962.49,conflict-at-land,2,171,
254973.255,start,3,170,
254977.49,start,2,171,
254992.647,conflict-at-land,2,171,
254996.084,conflict-at-land,3,170,
255007.647,start,2,171,
255011.084,start,3,170,
255024.13,conflict-at-land,2,171,
255035.018,conflict-at-land,3,170,
255039.13,start,2,171,
255050.018,start,3,170,
255057.163,conflict-at-land,2,171,
255065.229,conflict-at-land,3,170,
255072.163,start,2,171,
255080.229,start,3,170,
255088.471,conflict-at-land,2,171,
255097.952,conflict-at-land,3,170,
255103.471,start,2,171,
255112.952,start,3,170,
255130.309,conflict-at-land,3,170,
255130.564,conflict-at-land,2,171,
255145.309,start,3,170,
255145.564,start,2,171,
255161.992,conflict-at-land,3,170,
255162.773,conflict-at-land,2,171,
255176.992,start,3,170,
255177.773,start,2,171,
255196.385,conflict-at-land,3,170,
255196.394,conflict-at-land,2,171,
255211.385,start,3,170,
255211.394,start,2,171,
255231.892,conflict-at-land,2,171,
255233.565,conflict-at-land,3,170,
255246.892,start,2,171,
255248.565,start,3,170,
255268.825,conflict-at-land,2,171,
255272.508,conflict-at-land,3,170,
255283.825,start,2,171,
255287.508,start,3,170,
255302.607,conflict-at-land,3,170,
255306.425,conflict-at-land,2,171,
255317.607,start,3,170,
255321.425,start,2,171,
255334.082,conflict-at-land,3,170,
255344.438,conflict-at-land,2,171,
255349.082,start,3,170,
255359.438,start,2,171,
255370.245,conflict-at-land,3,170,
255376.816,conflict-at-land,2,171,
255385.245,start,3,170,
255391.816,start,2,171,
255411.264,conflict-at-land,3,170,
255414.111,conflict-at-land,2,171,
255426.264,start,3,170,
255429.111,start,2,171,
255447.572,conflict-at-land,3,170,
255450.282,conflict-at-land,2,171,
255462.572,start,3,170,
255465.282,start,2,171,
255488.797,conflict-at-land,3,170,
255488.925,conflict-at-land,2,171,
255503.797,start,3,170,
255503.925,start,2,171,
255527.349,conflict-at-land,2,171,
255527.726,conflict-at-land,3,170,
255542.349,start,2,171,
255542.726,start,3,170,
255563.292,conflict-at-land,3,170,
255564.092,conflict-at-land,2,171,
255578.292,start,3,170,
255579.092,start,2,171,
255600.295,conflict-at-land,3,170,
255605.189,conflict-at-land,2,171,
255615.295,start,3,170,
255620.189,start,2,171,
255636.229,conflict-at-land,2,171,
255637.114,conflict-at-land,3,170,
255651.229,start,2,171,
255652.114,start,3,170,
255669.709,conflict-at-land,2,171,
255676.64,conflict-at-land,3,170,
255684.709,start,2,171,
255691.64,start,3,170,
255702.402,conflict-at-land,2,171,
255708.931,conflict-at-land,3,170,
255717.402,start,2,171,
255723.931,start,3,170,
255734.359,conflict-at-land,2,171,
255748.111,conflict-at-land,3,170,
255749.359,start,2,171,
255763.111,start,3,170,
255773.551,conflict-at-land,2,171,
255788.551,start,2,171,
255789.022,conflict-at-land,3,170,
255804.022,start,3,170,
255811.227,conflict-at-land,2,171,
255826.227,start,2,171,
255829.139,conflict-at-land,3,170,
255843.839,conflict-at-land,2,171,
255844.139,start,3,170,
255858.839,start,2,171,
255866.93,conflict-at-land,3,170,
255879.686,conflict-at-land,2,171,
255881.93,start,3,170,
255894.686,start,2,171,
255905.325,conflict-at-land,3,170,
255920.325,start,3,170,
255920.803,conflict-at-land,2,171,
255935.803,start,2,171,
255936.957,conflict-at-land,3,170,
255951.957,start,3,170,
255962.675,conflict-at-land,2,171,
255974.574,conflict-at-land,3,170,
255977.675,start,2,171,
255989.574,start,3,170,
255993.844,conflict-at-land,2,171,
256008.281,conflict-at-land,0,155,
256008.844,start,2,171,
256009.88,conflict-at-land,3,170,
256023.281,start,0,155,
256024.88,start,3,170,
256032.004,conflict-at-land,2,171,
256047.004,start,2,171,
256049.729,conflict-at-land,3,170,
256064.729,start,3,170,
256069.736,conflict-at-land,2,171,
256084.736,start,2,171,
256089.144,conflict-at-land,3,170,
256102.577,conflict-at-land,2,171,
256104.144,start,3,170,
256117.577,start,2,171,
256130.16,conflict-at-land,3,170,
256134.462,conflict-at-land,2,171,
256145.16,start,3,170,
256149.462,start,2,171,
256165.021,conflict-at-land,2,171,
256167.532,conflict-at-land,3,170,
256180.021,start,2,171,
256182.532,start,3,170,
256198.322,conflict-at-land,3,170,
256205.538,conflict-at-land,2,171,
256213.322,start,3,170,
256220.538,start,2,171,
256238.501,conflict-at-land,3,170,
256244.019,conflict-at-land,2,171,
256253.501,start,3,170,
256259.019,start,2,171,
256274.754,conflict-at-land,3,170,
256277.524,conflict-at-land,2,171,
256289.754,start,3,170,
256292.524,start,2,171,
256312.946,conflict-at-land,3,170,
256314.087,conflict-at-land,2,171,
256327.946,start,3,170,
256329.087,start,2,171,
256347.761,conflict-at-land,2,171,
256350.688,conflict-at-land,3,170,
256362.761,start,2,171,
256365.688,start,3,170,
256379.317,conflict-at-land,2,171,
256386.688,conflict-at-land,3,170,
256394.317,start,2,171,
256401.688,start,3,170,
256417.837,conflict-at-land,2,171,
256418.564,conflict-at-land,3,170,
256432.837,start,2,171,
256433.564,start,3,170,
256456.026,conflict-at-land,3,170,
256456.026,abandon,3,170,
256456.026,start,3,172,
256457.304,conflict-at-land,2,171,
256457.304,abandon,2,171,
256457.304,start,2,173,
256460.229,land,3,172,
256460.229,start,3,174,
256466.202,conflict-at-land,2,173,
256466.372,conflict-at-land,3,174,
256481.202,start,2,173,
256481.372,start,3,174,
256485.745,conflict-at-land,3,174,
256496.237,conflict-at-land,2,173,
256500.745,start,3,174,
256508.062,conflict-at-land,3,174,
256511.237,start,2,173,
256523.062,start,3,174,
256524.302,conflict-at-land,2,173,
256529.184,conflict-at-land,3,174,
256539.302,start,2,173,
256544.184,start,3,174,
256550.425,conflict-at-land,3,174,
256551.011,conflict-at-land,2,173,
256565.425,start,3,174,
256566.011,start,2,173,
256573.144,conflict-at-land,3,174,
256574.538,conflict-at-land,2,173,
256588.144,start,3,174,
256589.538,start,2,173,
256593.625,conflict-at-land,3,174,
256598.516,conflict-at-land,2,173,
256608.625,start,3,174,
256613.057,conflict-at-land,3,174,
256613.516,start,2,173,
256623.192,conflict-at-land,2,173,
256628.057,start,3,174,
256634.321,conflict-at-land,3,174,
256638.192,start,2,173,
256649.321,start,3,174,
256650.746,conflict-at-land,2,173,
256654.219,conflict-at-land,3,174,
256665.746,start,2,173,
256669.219,start,3,174,
256676.817,conflict-at-land,3,174,
256678.968,conflict-at-land,2,173,
256691.817,start,3,174,
256693.968,start,2,173,
256697.768,conflict-at-land,3,174,
256704.873,conflict-at-land,2,173,
256712.768,start,3,174,
256719.873,start,2,173,
256720.057,conflict-at-land,3,174,
256734.83,conflict-at-land,2,173,
256735.057,start,3,174,
256741.023,conflict-at-land,3,174,
256749.83,start,2,173,
256756.023,start,3,174,
256758.971,conflict-at-land,2,173,
256763.333,conflict-at-land,3,174,
256773.971,start,2,173,
256778.333,start,3,174,
256783.17,conflict-at-land,3,174,
256786.262,conflict-at-land,2,173,
256798.17,start,3,174,
256801.262,start,2,173,
256805.66,conflict-at-land,3,174,
256810.362,conflict-at-land,2,173,
256820.66,start,3,174,
256825.362,start,2,173,
256825.939,conflict-at-land,3,174,
256840.248,conflict-at-land,2,173,
256840.939,start,3,174,
256847.374,conflict-at-land,3,174,
256855.248,start,2,173,
256862.374,start,3,174,
256867.763,conflict-at-land,2,173,
256868.509,conflict-at-land,3,174,
256882.763,start,2,173,
256883.509,start,3,174,
256889.801,conflict-at-land,3,174,
256895.309,conflict-at-land,2,173,
256904.801,start,3,174,
256910.309,start,2,173,
256910.584,conflict-at-land,3,174,
256924.159,conflict-at-land,2,173,
256925.584,start,3,174,
256931.365,conflict-at-land,3,174,
256939.159,start,2,173,
256946.365,start,3,174,
256952.483,conflict-at-land,3,174,
256953.214,conflict-at-land,2,173,
256967.483,start,3,174,
256968.214,start,2,173,
256973.804,conflict-at-land,3,174,
256978.803,conflict-at-land,2,173,
256988.804,start,3,174,
256993.803,start,2,173,
256993.975,conflict-at-land,3,174,
257008.236,conflict-at-land,2,173,
257008.975,start,3,174,
257016.155,conflict-at-land,3,174,
257023.236,start,2,173,
257031.155,start,3,174,
257035.477,conflict-at-land,3,174,
257038.75,conflict-at-land,2,173,
257050.477,start,3,174,
257053.75,start,2,173,
257057.806,conflict-at-land,3,174,
257067.31,conflict-at-land,2,173,
257072.806,start,3,174,
257078.768,conflict-at-land,3,174,
257082.31,start,2,173,
257093.768,start,3,174,
257097.504,conflict-at-land,2,173,
257100.921,conflict-at-land,3,174,
257112.504,start,2,173,
257115.921,start,3,174,
257122.703,conflict-at-land,3,174,
257126.161,conflict-at-land,2,173,
257137.703,start,3,174,
257141.161,start,2,173,
257144.303,conflict-at-land,3,174,
257156.44,conflict-at-land,2,173,
257159.303,start,3,174,
257165.583,conflict-at-land,3,174,
257171.44,start,2,173,
257180.583,start,3,174,
257182.978,conflict-at-land,2,173,
257185.661,conflict-at-land,3,174,
257197.978,start,2,173,
257200.661,start,3,174,
257205.124,conflict-at-land,3,174,
257210.27,conflict-at-land,2,173,
257220.124,start,3,174,
257225.27,start,2,173,
257226.751,conflict-at-land,3,174,
257235.497,conflict-at-land,2,173,
257241.751,start,3,174,
257248.406,conflict-at-land,3,174,
257250.497,start,2,173,
257263.406,start,3,174,
257264.426,conflict-at-land,2,173,
257268.826,conflict-at-land,3,174,
257279.426,start,2,173,
257283.826,start,3,174,
257289.399,conflict-at-land,3,174,
257294.43,conflict-at-land,2,173,
257304.399,start,3,174,
257309.072,conflict-at-land,3,174,
257309.43,start,2,173,
257324.072,start,3,174,
257324.824,conflict-at-land,2,173,
257329.439,conflict-at-land,3,174,
257339.824,start,2,173,
257344.439,start,3,174,
257348.931,conflict-at-land,3,174,
257351.153,conflict-at-land,2,173,
257363.931,start,3,174,
257366.153,start,2,173,
257370.228,conflict-at-land,3,174,
257381.574,conflict-at-land,2,173,
257385.228,start,3,174,
257390.992,conflict-at-land,3,174,
257396.574,start,2,173,
257405.992,start,3,174,
257407.812,conflict-at-land,2,173,
257412.247,conflict-at-land,3,174,
257422.812,start,2,173,
257427.247,start,3,174,
257433.667,conflict-at-land,3,174,
257436.762,conflict-at-land,2,173,
257448.667,start,3,174,
257451.762,start,2,173,
257455.592,conflict-at-land,3,174,
257461.122,conflict-at-land,2,173,
257470.592,start,3,174,
257476.122,start,2,173,
257477.843,conflict-at-land,3,174,
257491.695,conflict-at-land,2,173,
257492.843,start,3,174,
257497.107,conflict-at-land,3,174,
257506.695,start,2,173,
257512.107,start,3,174,
257516.5,conflict-at-land,3,174,
257519.724,conflict-at-land,2,173,
257531.5,start,3,174,
257534.724,start,2,173,
257537.287,conflict-at-land,3,174,
257545.615,conflict-at-land,2,173,
257552.287,start,3,174,
257559.435,conflict-at-land,3,174,
257560.615,start,2,173,
257571.366,conflict-at-land,2,173,
257574.435,start,3,174,
257581.525,conflict-at-land,3,174,
257586.366,start,2,173,
257596.525,start,3,174,
257599.795,conflict-at-land,2,173,
257604.184,conflict-at-land,3,174,
257614.795,start,2,173,
257619.184,start,3,174,
257625.625,conflict-at-land,3,174,
257628.421,conflict-at-land,2,173,
257640.625,start,3,174,
257643.421,start,2,173,
257645.597,conflict-at-land,3,174,
257653.262,conflict-at-land,2,173,
257660.597,start,3,174,
257666.198,conflict-at-land,3,174,
257668.262,start,2,173,
257681.198,start,3,174,
257682.232,conflict-at-land,2,173,
257687.949,conflict-at-land,3,174,
257697.232,start,2,173,
257702.949,start,3,174,
257707.641,conflict-at-land,2,173,
257707.73,conflict-at-land,3,174,
257722.641,start,2,173,
257722.73,start,3,174,
257729.69,conflict-at-land,3,174,
257735.865,conflict-at-land,2,173,
257744.69,start,3,174,
257750.865,start,2,173,
257751.078,conflict-at-land,3,174,
257759.771,conflict-at-land,2,173,
257766.078,start,3,174,
257772.504,conflict-at-land,3,174,
257774.771,start,2,173,
257787.281,conflict-at-land,2,173,
257787.504,start,3,174,
257793.663,conflict-at-land,3,174,
257802.281,start,2,173,
257808.663,start,3,174,
257812.436,conflict-at-land,2,173,
257814.662,conflict-at-land,3,174,
257827.436,start,2,173,
257829.662,start,3,174,
257835.824,conflict-at-land,3,174,
257839.075,conflict-at-land,2,173,
257850.824,start,3,174,
257854.075,start,2,173,
257855.43,conflict-at-land,3,174,
257869.464,conflict-at-land,2,173,
257870.43,start,3,174,
257875.799,conflict-at-land,3,174,
257884.464,start,2,173,
257890.799,start,3,174,
257896.358,conflict-at-land,3,174,
257898.009,conflict-at-land,2,173,
257911.358,start,3,174,
257913.009,start,2,173,
257916.365,conflict-at-land,3,174,
257922.099,conflict-at-land,2,173,
257931.365,start,3,174,
257937.099,start,2,173,
257937.187,conflict-at-land,3,174,
257946.305,conflict-at-land,2,173,
257952.187,start,3,174,
257959.141,conflict-at-land,3,174,
257961.305,start,2,173,
257974.141,start,3,174,
257976.846,conflict-at-land,2,173,
257979.247,conflict-at-land,3,174,
257991.846,start,2,173,
257994.247,start,3,174,
257999.536,conflict-at-land,3,174,
258003.949,conflict-at-land,2,173,
258014.536,start,3,174,
258018.808,conflict-at-land,3,174,
258018.949,start,2,173,
258031.701,conflict-at-land,2,173,
258033.808,start,3,174,
258040.46,conflict-at-land,3,174,
258046.701,start,2,173,
258055.46,start,3,174,
258057.868,conflict-at-land,2,173,
258061.213,conflict-at-land,3,174,
258072.868,start,2,173,
258076.213,start,3,174,
258082.028,conflict-at-land,3,174,
258084.879,conflict-at-land,2,173,
258097.028,start,3,174,
258099.879,start,2,173,
258102.941,conflict-at-land,3,174,
258110.126,conflict-at-land,2,173,
258117.941,start,3,174,
258124.799,conflict-at-land,3,174,
258125.126,start,2,173,
258139.191,conflict-at-land,2,173,
258139.799,start,3,174,
258146.077,conflict-at-land,3,174,
258154.191,start,2,173,
258161.077,start,3,174,
258163.08,conflict-at-land,2,173,
258165.717,conflict-at-land,3,174,
258178.08,start,2,173,
258180.717,start,3,174,
258185.343,conflict-at-land,3,174,
258189.247,conflict-at-land,2,173,
258200.343,start,3,174,
258204.247,start,2,173,
258205.506,conflict-at-land,3,174,
258218.783,conflict-at-land,2,173,
258220.506,start,3,174,
258225.037,conflict-at-land,3,174,
258233.783,start,2,173,
258240.037,start,3,174,
258244.661,conflict-at-land,2,173,
258245.649,conflict-at-land,3,174,
258259.661,start,2,173,
258260.649,start,3,174,
258268.222,conflict-at-land,3,174,
258270.75,conflict-at-land,0,155,
258272.92,conflict-at-land,2,173,
258283.222,start,3,174,
258285.75,start,0,155,
258287.92,start,2,173,
258290.109,conflict-at-land,3,174,
258300.937,conflict-at-land,2,173,
258305.109,start,3,174,
258310.749,conflict-at-land,3,174,
258315.937,start,2,173,
258325.749,start,3,174,
258326.22,conflict-at-land,2,173,
258332.38,conflict-at-land,3,174,
258341.22,start,2,173,
258347.38,start,3,174,
258351.636,conflict-at-land,3,174,
258352.394,conflict-at-land,2,173,
258366.636,start,3,174,
258367.394,start,2,173,
258373.272,conflict-at-land,3,174,
258379.664,conflict-at-land,2,173,
258388.272,start,3,174,
258392.736,conflict-at-land,3,174,
258394.664,start,2,173,
258405.974,conflict-at-land,2,173,
258407.736,start,3,174,
258412.322,conflict-at-land,3,174,
258420.974,start,2,173,
258427.322,start,3,174,
258434.803,conflict-at-land,3,174,
258434.93,conflict-at-land,2,173,
258449.803,start,3,174,
258449.93,start,2,173,
258457.442,conflict-at-land,3,174,
258461.655,conflict-at-land,2,173,
258472.442,start,3,174,
258476.655,start,2,173,
258478.097,conflict-at-land,3,174,
258487.98,conflict-at-land,2,173,
258493.097,start,3,174,
258497.39,conflict-at-land,3,174,
258502.98,start,2,173,
258512.39,start,3,174,
258513.401,conflict-at-land,2,173,
258519.384,conflict-at-land,3,174,
258528.401,start,2,173,
258534.384,start,3,174,
258540.091,conflict-at-land,3,174,
258540.303,conflict-at-land,2,173,
258555.091,start,3,174,
258555.303,start,2,173,
258562.088,conflict-at-land,3,174,
258564.971,conflict-at-land,2,173,
258577.088,start,3,174,
258579.971,start,2,173,
258581.968,conflict-at-land,3,174,
258591.08,conflict-at-land,2,173,
258596.968,start,3,174,
258602.19,conflict-at-land,3,174,
258606.08,start,2,173,
258617.19,start,3,174,
258621.183,conflict-at-land,2,173,
258624.822,conflict-at-land,3,174,
258636.183,start,2,173,
258639.822,start,3,174,
258645.509,conflict-at-land,3,174,
258648.527,conflict-at-land,2,173,
258660.509,start,3,174,
258663.527,start,2,173,
258665.236,conflict-at-land,3,174,
258679.004,conflict-at-land,2,173,
258680.236,start,3,174,
258685.505,conflict-at-land,3,174,
258694.004,start,2,173,
258700.505,start,3,174,
258706.812,conflict-at-land,3,174,
258707.085,conflict-at-land,2,173,
258721.812,start,3,174,
258722.085,start,2,173,
258726.125,conflict-at-land,3,174,
258734.254,conflict-at-land,2,173,
258741.125,start,3,174,
258746.383,conflict-at-land,3,174,
258749.254,start,2,173,
258761.164,conflict-at-land,2,173,
258761.383,start,3,174,
258768.957,conflict-at-land,3,174,
258776.164,start,2,173,
258783.957,start,3,174,
258789.894,conflict-at-land,2,173,
258790.959,conflict-at-land,3,174,
258804.894,start,2,173,
258805.959,start,3,174,
258811.539,conflict-at-land,3,174,
258818.711,conflict-at-land,2,173,
258826.539,start,3,174,
258833.268,conflict-at-land,3,174,
258833.711,start,2,173,
258845.661,conflict-at-land,2,173,
258848.268,start,3,174,
258855.4,conflict-at-land,3,174,
258860.661,start,2,173,
258870.4,start,3,174,
258874.691,conflict-at-land,2,173,
258876.112,conflict-at-land,3,174,
258889.691,start,2,173,
258891.112,start,3,174,
258898.484,conflict-at-land,3,174,
258900.215,conflict-at-land,2,173,
258913.484,start,3,174,
258915.215,start,2,173,
258918.934,conflict-at-land,3,174,
258926.079,conflict-at-land,2,173,
258933.934,start,3,174,
258939.015,conflict-at-land,3,174,
258941.079,start,2,173,
258954.015,start,3,174,
258956.273,conflict-at-land,2,173,
258961.226,conflict-at-land,3,174,
258971.273,start,2,173,
258976.226,start,3,174,
258980.352,conflict-at-land,2,173,
258980.983,conflict-at-land,3,174,
258995.352,start,2,173,
258995.983,start,3,174,
259002.315,conflict-at-land,3,174,
259006.027,conflict-at-land,2,173,
259017.315,start,3,174,
259021.027,start,2,173,
259025.114,conflict-at-land,3,174,
259032.84,conflict-at-land,2,173,
259040.114,start,3,174,
259045.7,conflict-at-land,3,174,
259047.84,start,2,173,
259060.157,conflict-at-land,2,173,
259060.7,start,3,174,
259065.744,conflict-at-land,3,174,
259075.157,start,2,173,
259080.744,start,3,174,
259086.925,conflict-at-land,3,174,
259087.339,conflict-at-land,2,173,
259101.925,start,3,174,
259102.339,start,2,173,
259109.425,conflict-at-land,3,174,
259113.743,conflict-at-land,2,173,
259124.425,start,3,174,
259128.743,start,2,173,
259130.014,conflict-at-land,3,174,
259144.051,conflict-at-land,2,173,
259145.014,start,3,174,
259149.245,conflict-at-land,3,174,
259159.051,start,2,173,
259164.245,start,3,174,
259170.502,conflict-at-land,3,174,
259173.607,conflict-at-land,2,173,
259185.502,start,3,174,
259188.607,start,2,173,
259191.726,conflict-at-land,3,174,
259199.284,conflict-at-land,2,173,
259206.726,start,3,174,
259213.784,conflict-at-land,3,174,
259214.284,start,2,173,
259228.784,start,3,174,
259229.042,conflict-at-land,2,173,
259236.123,conflict-at-land,3,174,
259244.042,start,2,173,
259251.123,start,3,174,
259256.109,conflict-at-land,3,174,
259256.973,conflict-at-land,2,173,
259271.109,start,3,174,
259271.973,start,2,173,
259276.883,conflict-at-land,3,174,
259281.645,conflict-at-land,2,173,
259291.883,start,3,174,
259296.645,start,2,173,
259298.127,conflict-at-land,3,174,
259310.241,conflict-at-land,2,173,
259313.127,start,3,174,
259318.399,conflict-at-land,3,174,
259325.241,start,2,173,
259333.399,start,3,174,
259339.3,conflict-at-land,3,174,
259340.088,conflict-at-land,2,173,
259354.3,start,3,174,
259355.088,start,2,173,
259361.269,conflict-at-land,3,174,
259367.282,conflict-at-land,2,173,
259376.269,start,3,174,
259382.282,start,2,173,
259383.647,conflict-at-land,3,174,
259396.883,conflict-at-land,2,173,
259398.647,start,3,174,
259405.151,conflict-at-land,3,174,
259411.883,start,2,173,
259420.151,start,3,174,
259422.01,conflict-at-land,2,173,
259424.605,conflict-at-land,3,174,
259437.01,start,2,173,
259439.605,start,3,174,
259444.976,conflict-at-land,3,174,
259451.577,conflict-at-land,2,173,
259459.976,start,3,174,
259466.536,conflict-at-land,3,174,
259466.577,start,2,173,
259479.37,conflict-at-land,2,173,
259481.536,start,3,174,
259486.526,conflict-at-land,3,174,
259494.37,start,2,173,
259501.526,start,3,174,
259506.307,conflict-at-land,3,174,
259508.342,conflict-at-land,2,173,
259521.307,start,3,174,
259523.342,start,2,173,
259528.468,conflict-at-land,3,174,
259532.151,conflict-at-land,2,173,
259543.468,start,3,174,
259547.151,start,2,173,
259548.951,conflict-at-land,3,174,
259561.787,conflict-at-land,2,173,
259563.951,start,3,174,
259570.377,conflict-at-land,3,174,
259576.787,start,2,173,
259585.377,start,3,174,
259587.379,conflict-at-land,2,173,
259589.726,conflict-at-land,3,174,
259602.379,start,2,173,
259604.726,start,3,174,
259612.466,conflict-at-land,3,174,
259613.995,conflict-at-land,2,173,
259627.466,start,3,174,
259628.995,start,2,173,
259634.353,conflict-at-land,3,174,
259638.645,conflict-at-land,2,173,
259649.353,start,3,174,
259653.645,start,2,173,
259655.57,conflict-at-land,3,174,
259667.869,conflict-at-land,2,173,
259670.57,start,3,174,
259677.22,conflict-at-land,3,174,
259682.869,start,2,173,
259692.22,start,3,174,
259694.858,conflict-at-land,2,173,
259699.024,conflict-at-land,3,174,
259709.858,start,2,173,
259714.024,start,3,174,
259718.794,conflict-at-land,3,174,
259720.467,conflict-at-land,2,173,
259733.794,start,3,174,
259735.467,start,2,173,
259740.398,conflict-at-land,3,174,
259747.687,conflict-at-land,2,173,
259755.398,start,3,174,
259762.222,conflict-at-land,3,174,
259762.687,start,2,173,
259776.997,conflict-at-land,2,173,
259777.222,start,3,174,
259784.15,conflict-at-land,3,174,
259791.997,start,2,173,
259799.15,start,3,174,
259803.488,conflict-at-land,2,173,
259804.222,conflict-at-land,3,174,
259818.488,start,2,173,
259819.222,start,3,174,
259824.73,conflict-at-land,3,174,
259833.929,conflict-at-land,2,173,
259839.73,start,3,174,
259847.301,conflict-at-land,3,174,
259848.929,start,2,173,
259859.866,conflict-at-land,2,173,
259862.301,start,3,174,
259869.068,conflict-at-land,3,174,
259874.866,start,2,173,
259884.068,start,3,174,
259885.905,conflict-at-land,2,173,
259890.704,conflict-at-land,3,174,
259900.905,start,2,173,
259905.704,start,3,174,
259912.375,conflict-at-land,3,174,
259914.076,conflict-at-land,2,173,
259927.375,start,3,174,
259929.076,start,2,173,
259931.73,conflict-at-land,3,174,
259941.578,conflict-at-land,2,173,
259946.73,start,3,174,
259954.249,conflict-at-land,3,174,
259956.578,start,2,173,
259968.71,conflict-at-land,2,173,
259969.249,start,3,174,
259974.835,conflict-at-land,3,174,
259983.71,start,2,173,
259989.835,start,3,174,
259992.801,conflict-at-land,2,173,
259994.043,conflict-at-land,3,174,
260007.801,start,2,173,
260009.043,start,3,174,
260013.888,conflict-at-land,3,174,
260016.218,conflict-at-land,2,173,
260028.888,start,3,174,
260031.218,start,2,173,
260033.48,conflict-at-land,3,174,
260042.304,conflict-at-land,2,173,
260048.48,start,3,174,
260054.524,conflict-at-land,3,174,
260057.304,start,2,173,
260068.589,conflict-at-land,2,173,
260069.524,start,3,174,
260075.3,conflict-at-land,3,174,
260083.589,start,2,173,
260090.3,start,3,174,
260096.356,conflict-at-land,3,174,
260096.358,conflict-at-land,2,173,
260111.356,start,3,174,
260111.358,start,2,173,
260116.536,conflict-at-land,3,174,
260123.208,conflict-at-land,2,173,
260131.536,start,3,174,
260136.392,conflict-at-land,3,174,
260138.208,start,2,173,
260151.35,conflict-at-land,2,173,
260151.392,start,3,174,
260159.165,conflict-at-land,3,174,
260166.35,start,2,173,
260174.165,start,3,174,
260178.645,conflict-at-land,3,174,
260179.418,conflict-at-land,2,173,
260193.645,start,3,174,
260194.418,start,2,173,
260201.217,conflict-at-land,3,174,
260202.728,conflict-at-land,0,155,
260203.979,conflict-at-land,2,173,
260216.217,start,3,174,
260217.728,start,0,155,
260218.979,start,2,173,
260221.225,conflict-at-land,3,174,
260233.519,conflict-at-land,2,173,
260236.225,start,3,174,
260243.685,conflict-at-land,3,174,
260248.519,start,2,173,
260257.273,conflict-at-land,2,173,
260258.685,start,3,174,
260265.054,conflict-at-land,3,174,
260272.273,start,2,173,
260280.054,start,3,174,
260280.719,conflict-at-land,2,173,
260286.758,conflict-at-land,3,174,
260295.719,start,2,173,
260301.758,start,3,174,
260304.209,conflict-at-land,2,173,
260309.242,conflict-at-land,3,174,
260319.209,start,2,173,
260324.242,start,3,174,
260329.132,conflict-at-land,3,174,
260330.793,conflict-at-land,2,173,
260344.132,start,3,174,
260345.793,start,2,173,
260349.687,conflict-at-land,3,174,
260355.268,conflict-at-land,2,173,
260364.687,start,3,174,
260370.108,conflict-at-land,3,174,
260370.268,start,2,173,
260383.118,conflict-at-land,2,173,
260385.108,start,3,174,
260389.698,conflict-at-land,3,174,
260398.118,start,2,173,
260404.698,start,3,174,
260411.115,conflict-at-land,3,174,
260412.361,conflict-at-land,2,173,
260426.115,start,3,174,
260427.361,start,2,173,
260431.536,conflict-at-land,3,174,
260438.804,conflict-at-land,2,173,
260446.536,start,3,174,
260453.336,conflict-at-land,3,174,
260453.804,start,2,173,
260463.395,conflict-at-land,2,173,
260468.336,start,3,174,
260474.339,conflict-at-land,3,174,
260478.395,start,2,173,
260489.339,start,3,174,
260490.166,conflict-at-land,2,173,
260496.713,conflict-at-land,3,174,
260505.166,start,2,173,
260511.713,start,3,174,
260514.16,conflict-at-land,2,173,
260516.687,conflict-at-land,3,174,
260529.16,start,2,173,
260531.687,start,3,174,
260536.391,conflict-at-land,3,174,
260541.885,conflict-at-land,2,173,
260551.391,start,3,174,
260556.486,conflict-at-land,3,174,
260556.885,start,2,173,
260567.009,conflict-at-land,2,173,
260571.486,start,3,174,
260578.779,conflict-at-land,3,174,
260582.009,start,2,173,
260593.009,conflict-at-land,2,173,
260593.779,start,3,174,
260599.858,conflict-at-land,3,174,
260608.009,start,2,173,
260614.858,start,3,174,
260619.771,conflict-at-land,3,174,
260620.526,conflict-at-land,2,173,
260634.771,start,3,174,
260635.526,start,2,173,
260639.087,conflict-at-land,3,174,
260644.637,conflict-at-land,2,173,
260654.087,start,3,174,
260659.637,start,2,173,
260659.766,conflict-at-land,3,174,
260659.766,abandon,3,174,
260659.766,start,3,175,
260670.452,conflict-at-land,3,175,
260674.232,conflict-at-land,2,173,
260685.452,start,3,175,
260689.232,start,2,173,
260694.481,conflict-at-land,3,175,
260699.286,conflict-at-land,2,173,
260709.481,start,3,175,
260714.286,start,2,173,
260716.085,conflict-at-land,3,175,
260723.903,conflict-at-land,2,173,
260731.085,start,3,175,
260738.903,start,2,173,
260741.665,conflict-at-land,3,175,
260752.09,conflict-at-land,2,173,
260756.665,start,3,175,
260765.295,conflict-at-land,3,175,
260767.09,start,2,173,
260779.369,conflict-at-land,2,173,
260780.295,start,3,175,
260788.047,conflict-at-land,3,175,
260794.369,start,2,173,
260803.047,start,3,175,
260808.175,conflict-at-land,2,173,
260814.197,conflict-at-land,3,175,
260823.175,start,2,173,
260829.197,start,3,175,
260837.245,conflict-at-land,2,173,
260838.4,conflict-at-land,3,175,
260852.245,start,2,173,
260853.4,start,3,175,
260860.979,conflict-at-land,3,175,
260862.77,conflict-at-land,2,173,
260875.979,start,3,175,
260877.77,start,2,173,
260885.224,conflict-at-land,3,175,
260888.544,conflict-at-land,2,173,
260900.224,start,3,175,
260903.544,start,2,173,
260909.528,conflict-at-land,3,175,
260917.271,conflict-at-land,2,173,
260924.528,start,3,175,
260932.271,start,2,173,
260933.06,conflict-at-land,3,175,
260944.595,conflict-at-land,2,173,
260948.06,start,3,175,
260957.593,conflict-at-land,3,175,
260959.595,start,2,173,
260972.593,start,3,175,
260974.541,conflict-at-land,2,173,
260983.092,conflict-at-land,3,175,
260989.541,start,2,173,
260998.092,start,3,175,
261001.784,conflict-at-land,2,173,
261004.547,conflict-at-land,3,175,
261016.784,start,2,173,
261019.547,start,3,175,
261026.952,conflict-at-land,3,175,
261028.619,conflict-at-land,2,173,
261041.952,start,3,175,
261043.619,start,2,173,
261048.786,conflict-at-land,3,175,
261055.187,conflict-at-land,2,173,
261063.786,start,3,175,
261070.187,start,2,173,
261073.498,conflict-at-land,3,175,
261085.295,conflict-at-land,2,173,
261088.498,start,3,175,
261097.465,conflict-at-land,3,175,
261100.295,start,2,173,
261112.465,start,3,175,
261112.667,conflict-at-land,2,173,
261122.847,conflict-at-land,3,175,
261127.667,start,2,173,
261137.847,start,3,175,
261139.289,conflict-at-land,2,173,
261147.815,conflict-at-land,3,175,
261154.289,start,2,173,
261162.815,start,3,175,
261164.075,conflict-at-land,2,173,
261173.193,conflict-at-land,3,175,
261179.075,start,2,173,
261188.193,start,3,175,
261192.167,conflict-at-land,2,173,
261197.925,conflict-at-land,3,175,
261207.167,start,2,173,
261212.925,start,3,175,
261219.921,conflict-at-land,2,173,
261223.957,conflict-at-land,3,175,
261234.921,start,2,173,
261238.957,start,3,175,
261243.375,conflict-at-land,2,173,
261249.643,conflict-at-land,3,175,
261258.375,start,2,173,
261264.643,start,3,175,
261271.583,conflict-at-land,2,173,
261273.03,conflict-at-land,3,175,
261286.583,start,2,173,
261288.03,start,3,175,
261297.058,conflict-at-land,3,175,
261300.778,conflict-at-land,2,173,
261312.058,start,3,175,
261315.778,start,2,173,
261319.837,conflict-at-land,3,175,
261328.253,conflict-at-land,2,173,
261334.837,start,3,175,
261343.253,start,2,173,
261345.283,conflict-at-land,3,175,
261355.678,conflict-at-land,2,173,
261360.283,start,3,175,
261369.025,conflict-at-land,3,175,
261370.678,start,2,173,
261381.816,conflict-at-land,2,173,
261384.025,start,3,175,
261392.457,conflict-at-land,3,175,
261396.816,start,2,173,
261405.613,conflict-at-land,2,173,
261407.457,start,3,175,
261414.084,conflict-at-land,3,175,
261420.613,start,2,173,
261429.084,start,3,175,
261431.56,conflict-at-land,2,173,
261439.311,conflict-at-land,3,175,
261446.56,start,2,173,
261454.311,start,3,175,
261458.27,conflict-at-land,2,173,
261463.149,conflict-at-land,3,175,
261473.27,start,2,173,
261478.149,start,3,175,
261481.942,conflict-at-land,2,173,
261489.709,conflict-at-land,3,175,
261496.942,start,2,173,
261504.709,start,3,175,
261506.718,conflict-at-land,2,173,
261512.745,conflict-at-land,3,175,
261521.718,start,2,173,
261527.745,start,3,175,
261535.662,conflict-at-land,3,175,
261536.693,conflict-at-land,2,173,
261550.662,start,3,175,
261551.693,start,2,173,
261562.023,conflict-at-land,3,175,
261565.365,conflict-at-land,2,173,
261577.023,start,3,175,
261580.365,start,2,173,
261584.667,conflict-at-land,3,175,
261593.818,conflict-at-land,2,173,
261599.667,start,3,175,
261606.816,conflict-at-land,3,175,
261608.818,start,2,173,
261621.816,start,3,175,
261623.624,conflict-at-land,2,173,
261631.294,conflict-at-land,3,175,
261638.624,start,2,173,
261646.294,start,3,175,
261651.95,conflict-at-land,2,173,
261657.308,conflict-at-land,3,175,
261666.95,start,2,173,
261672.308,start,3,175,
261678.047,conflict-at-land,2,173,
261679.186,conflict-at-land,3,175,
261693.047,start,2,173,
261694.186,start,3,175,
261702.781,conflict-at-land,3,175,
261706.413,conflict-at-land,2,173,
261717.781,start,3,175,
261721.413,start,2,173,
261726.37,conflict-at-land,3,175,
261735.692,conflict-at-land,2,173,
261741.37,start,3,175,
261748.877,conflict-at-land,3,175,
261750.692,start,2,173,
261756.418,conflict-at-land,0,155,
261760.365,conflict-at-land,2,173,
261763.877,start,3,175,
261771.418,start,0,155,
261773.393,conflict-at-land,3,175,
261775.365,start,2,173,
261787.128,conflict-at-land,2,173,
261788.393,start,3,175,
261795.246,conflict-at-land,3,175,
261802.128,start,2,173,
261810.246,start,3,175,
261813.416,conflict-at-land,2,173,
261821.226,conflict-at-land,3,175,
261828.416,start,2,173,
261836.226,start,3,175,
261842.242,conflict-at-land,2,173,
261843.56,conflict-at-land,3,175,
261857.242,start,2,173,
261858.56,start,3,175,
261867.956,conflict-at-land,3,175,
261870.538,conflict-at-land,2,173,
261882.956,start,3,175,
261885.538,start,2,173,
261894.339,conflict-at-land,3,175,
261896.513,conflict-at-land,2,173,
261896.513,abandon,2,173,
261896.513,start,2,176,
261909.339,start,3,175,
261918.553,conflict-at-land,3,175,
261921.883,conflict-at-land,2,176,
261933.553,start,3,175,
261936.883,start,2,176,
261944.237,conflict-at-land,3,175,
261959.237,start,3,175,
261962.177,conflict-at-land,2,176,
261966.819,conflict-at-land,3,175,
261977.177,start,2,176,
261981.819,start,3,175,
261991.432,conflict-at-land,3,175,
261999.526,conflict-at-land,2,176,
262006.432,start,3,175,
262014.172,conflict-at-land,3,175,
262014.526,start,2,176,
262029.172,start,3,175,
262033.661,conflict-at-land,2,176,
262040.658,conflict-at-land,3,175,
262048.661,start,2,176,
262055.658,start,3,175,
262063.103,conflict-at-land,3,175,
262076.751,conflict-at-land,2,176,
262078.103,start,3,175,
262086.265,conflict-at-land,3,175,
262091.751,start,2,176,
262101.265,start,3,175,
262111.143,conflict-at-land,2,176,
262112.947,conflict-at-land,3,175,
262126.143,start,2,176,
262127.947,start,3,175,
262134.869,conflict-at-land,3,175,
262147.13,conflict-at-land,2,176,
262149.869,start,3,175,
262160.684,conflict-at-land,3,175,
262162.13,start,2,176,
262175.684,start,3,175,
262182.064,conflict-at-land,3,175,
262188.254,conflict-at-land,2,176,
262197.064,start,3,175,
262203.254,start,2,176,
262204.919,conflict-at-land,3,175,
262219.919,start,3,175,
262222.154,conflict-at-land,2,176,
262229.349,conflict-at-land,3,175,
262237.154,start,2,176,
262244.349,start,3,175,
262253.609,conflict-at-land,3,175,
262262.709,conflict-at-land,2,176,
262268.609,start,3,175,
262275.573,conflict-at-land,3,175,
262277.709,start,2,176,
262290.573,start,3,175,
262297.964,conflict-at-land,3,175,
262303.966,conflict-at-land,2,176,
262312.964,start,3,175,
262318.966,start,2,176,
262322.635,conflict-at-land,3,175,
262337.635,start,3,175,
262347.219,conflict-at-land,2,176,
262347.808,conflict-at-land,3,175,
262362.219,start,2,176,
262362.808,start,3,175,
262370.06,conflict-at-land,3,175,
262385.06,start,3,175,
262387.721,conflict-at-land,2,176,
262394.913,conflict-at-land,3,175,
262402.721,start,2,176,
262409.913,start,3,175,
262421.373,conflict-at-land,3,175,
262422.264,conflict-at-land,2,176,
262436.373,start,3,175,
262437.264,start,2,176,
262447.485,conflict-at-land,3,175,
262455.659,conflict-at-land,2,176,
262462.485,start,3,175,
262470.659,start,2,176,
262471.93,conflict-at-land,3,175,
262486.93,start,3,175,
262494.685,conflict-at-land,3,175,
262500.601,conflict-at-land,2,176,
262509.685,start,3,175,
262515.601,start,2,176,
262515.999,conflict-at-land,3,175,
262530.999,start,3,175,
262541.167,conflict-at-land,3,175,
262541.583,conflict-at-land,2,176,
262556.167,start,3,175,
262556.583,start,2,176,
262567.203,conflict-at-land,3,175,
262577.75,conflict-at-land,2,176,
262582.203,start,3,175,
262591.415,conflict-at-land,3,175,
262592.75,start,2,176,
262606.415,start,3,175,
262614.427,conflict-at-land,3,175,
262615.372,conflict-at-land,2,176,
262629.427,start,3,175,
262630.372,start,2,176,
262636.455,conflict-at-land,3,175,
262651.455,start,3,175,
262659.859,conflict-at-land,2,176,
262661.033,conflict-at-land,3,175,
262674.859,start,2,176,
262676.033,start,3,175,
262684.823,conflict-at-land,3,175,
262693.958,conflict-at-land,2,176,
262699.823,start,3,175,
262708.195,conflict-at-land,3,175,
262708.958,start,2,176,
262723.195,start,3,175,
262727.104,conflict-at-land,2,176,
262731.883,conflict-at-land,3,175,
262742.104,start,2,176,
262746.883,start,3,175,
262754.193,conflict-at-land,3,175,
262760.658,conflict-at-land,2,176,
262769.193,start,3,175,
262775.658,start,2,176,
262780.584,conflict-at-land,3,175,
262795.584,start,3,175,
262804.85,conflict-at-land,2,176,
262806.273,conflict-at-land,3,175,
262819.85,start,2,176,
262821.273,start,3,175,
262829.185,conflict-at-land,3,175,
262844.185,start,3,175,
262847.346,conflict-at-land,2,176,
262852.414,conflict-at-land,3,175,
262862.346,start,2,176,
262867.414,start,3,175,
262877.334,conflict-at-land,3,175,
262889.227,conflict-at-land,2,176,
262892.334,start,3,175,
262903.181,conflict-at-land,3,175,
262904.227,start,2,176,
262918.181,start,3,175,
262927.393,conflict-at-land,3,175,
262931.873,conflict-at-land,2,176,
262942.393,start,3,175,
262946.873,start,2,176,
262952.168,conflict-at-land,3,175,
262967.168,start,3,175,
262975.525,conflict-at-land,2,176,
262975.796,conflict-at-land,3,175,
262990.525,start,2,176,
262990.796,start,3,175,
262999.981,conflict-at-land,3,175,
263011.098,conflict-at-land,2,176,
263014.981,start,3,175,
263026.098,start,2,176,
263026.187,conflict-at-land,3,175,
263041.187,start,3,175,
263048.765,conflict-at-land,3,175,
263051.974,conflict-at-land,2,176,
263063.765,start,3,175,
263066.974,start,2,176,
263073.655,conflict-at-land,3,175,
263088.655,start,3,175,
263095.307,conflict-at-land,2,176,
263098.53,conflict-at-land,3,175,
263110.307,start,2,176,
263113.53,start,3,175,
263120.111,conflict-at-land,3,175,
263135.111,start,3,175,
263138.453,conflict-at-land,2,176,
263145.506,conflict-at-land,3,175,
263153.453,start,2,176,
263160.506,start,3,175,
263171.454,conflict-at-land,3,175,
263183.839,conflict-at-land,2,176,
263186.454,start,3,175,
263196.556,conflict-at-land,3,175,
263198.839,start,2,176,
263211.556,start,3,175,
263216.482,conflict-at-land,2,176,
263221.441,conflict-at-land,3,175,
263231.482,start,2,176,
263236.441,start,3,175,
263248.095,conflict-at-land,3,175,
263249.11,conflict-at-land,2,176,
263263.095,start,3,175,
263264.11,start,2,176,
263269.593,conflict-at-land,3,175,
263284.593,start,3,175,
263286.01,conflict-at-land,2,176,
263295.497,conflict-at-land,3,175,
263301.01,start,2,176,
263310.497,start,3,175,
263317.772,conflict-at-land,3,175,
263320.244,conflict-at-land,2,176,
263332.772,start,3,175,
263335.244,start,2,176,
263340.084,conflict-at-land,3,175,
263355.084,start,3,175,
263363.74,conflict-at-land,2,176,
263364.865,conflict-at-land,3,175,
263378.74,start,2,176,
263379.865,start,3,175,
263389.471,conflict-at-land,3,175,
263396.164,conflict-at-land,2,176,
263404.471,start,3,175,
263411.164,start,2,176,
263414.083,conflict-at-land,3,175,
263429.083,start,3,175,
263437.0,conflict-at-land,2,176,
263440.111,conflict-at-land,3,175,
263452.0,start,2,176,
263455.111,start,3,175,
263464.08,conflict-at-land,3,175,
263478.583,conflict-at-land,2,176,
263479.08,start,3,175,
263488.767,conflict-at-land,3,175,
263493.583,start,2,176,
263503.767,start,3,175,
263511.362,conflict-at-land,3,175,
263518.175,conflict-at-land,2,176,
263526.362,start,3,175,
263533.175,start,2,176,
263537.909,conflict-at-land,3,175,
263552.909,start,3,175,
263553.438,conflict-at-land,2,176,
263559.792,conflict-at-land,3,175,
263568.438,start,2,176,
263574.792,start,3,175,
263582.046,conflict-at-land,3,175,
263589.918,conflict-at-land,2,176,
263597.046,start,3,175,
263604.918,start,2,176,
263608.233,conflict-at-land,3,175,
263623.233,start,3,175,
263629.14,conflict-at-land,2,176,
263631.62,conflict-at-land,3,175,
263644.14,start,2,176,
263646.62,start,3,175,
263657.867,conflict-at-land,3,175,
263663.349,conflict-at-land,0,155,
263666.036,conflict-at-land,2,176,
263672.867,start,3,175,
263678.349,start,0,155,
263681.011,conflict-at-land,3,175,
263681.036,start,2,176,
263696.011,start,3,175,
263704.654,conflict-at-land,2,176,
263706.22,conflict-at-land,3,175,
263719.654,start,2,176,
263721.22,start,3,175,
263727.849,conflict-at-land,3,175,
263738.811,conflict-at-land,2,176,
263742.849,start,3,175,
263752.944,conflict-at-land,3,175,
263753.811,start,2,176,
263767.944,start,3,175,
263775.345,conflict-at-land,2,176,
263777.315,conflict-at-land,3,175,
263790.345,start,2,176,
263792.315,start,3,175,
263799.446,conflict-at-land,3,175,
263807.593,conflict-at-land,2,176,
263814.446,start,3,175,
263821.807,conflict-at-land,3,175,
263822.593,start,2,176,
263836.807,start,3,175,
263846.4,conflict-at-land,3,175,
263851.304,conflict-at-land,2,176,
263861.4,start,3,175,
263866.304,start,2,176,
263870.225,conflict-at-land,3,175,
263885.225,start,3,175,
263886.363,conflict-at-land,2,176,
263891.847,conflict-at-land,3,175,
263901.363,start,2,176,
263906.847,start,3,175,
263914.034,conflict-at-land,3,175,
263927.018,conflict-at-land,2,176,
263929.034,start,3,175,
263937.782,conflict-at-land,3,175,
263942.018,start,2,176,
263952.782,start,3,175,
263963.897,conflict-at-land,3,175,
263967.2,conflict-at-land,2,176,
263978.897,start,3,175,
263982.2,start,2,176,
263985.203,conflict-at-land,3,175,
263999.668,conflict-at-land,2,176,
264000.203,start,3,175,
264009.853,conflict-at-land,3,175,
264014.668,start,2,176,
264024.853,start,3,175,
264032.529,conflict-at-land,2,176,
264034.961,conflict-at-land,3,175,
264047.529,start,2,176,
264049.961,start,3,175,
264061.075,conflict-at-land,3,175,
264070.122,conflict-at-land,2,176,
264076.075,start,3,175,
264085.122,start,2,176,
264086.656,conflict-at-land,3,175,
264101.656,start,3,175,
264111.836,conflict-at-land,2,176,
264112.387,conflict-at-land,3,175,
264126.836,start,2,176,
264127.387,start,3,175,
264134.24,conflict-at-land,3,175,
264148.52,conflict-at-land,2,176,
264149.24,start,3,175,
264157.641,conflict-at-land,3,175,
264163.52,start,2,176,
264172.641,start,3,175,
264182.173,conflict-at-land,3,175,
264184.881,conflict-at-land,2,176,
264197.173,start,3,175,
264199.881,start,2,176,
264204.564,conflict-at-land,3,175,
264219.564,start,3,175,
264230.752,conflict-at-land,2,176,
264231.227,conflict-at-land,3,175,
264245.752,start,2,176,
264246.227,start,3,175,
264256.014,conflict-at-land,3,175,
264271.014,start,3,175,
264272.6,conflict-at-land,2,176,
264280.511,conflict-at-land,3,175,
264287.6,start,2,176,
264295.511,start,3,175,
264303.394,conflict-at-land,3,175,
264308.802,conflict-at-land,2,176,
264318.394,start,3,175,
264323.802,start,2,176,
264327.42,conflict-at-land,3,175,
264342.42,start,3,175,
264342.919,conflict-at-land,2,176,
264349.632,conflict-at-land,3,175,
264357.919,start,2,176,
264364.632,start,3,175,
264373.991,conflict-at-land,3,175,
264387.843,conflict-at-land,2,176,
264388.991,start,3,175,
264398.843,conflict-at-land,3,175,
264402.843,start,2,176,
264413.843,start,3,175,
264423.222,conflict-at-land,3,175,
264429.584,conflict-at-land,2,176,
264438.222,start,3,175,
264444.584,start,2,176,
264446.875,conflict-at-land,3,175,
264461.875,start,3,175,
264472.804,conflict-at-land,2,176,
264473.363,conflict-at-land,3,175,
264487.804,start,2,176,
264488.363,start,3,175,
264497.019,conflict-at-land,3,175,
264505.987,conflict-at-land,2,176,
264512.019,start,3,175,
264520.987,start,2,176,
264521.285,conflict-at-land,3,175,
264536.285,start,3,175,
264545.081,conflict-at-land,3,175,
264545.224,conflict-at-land,2,176,
264560.081,start,3,175,
264560.224,start,2,176,
264570.372,conflict-at-land,3,175,
264585.372,start,3,175,
264586.618,conflict-at-land,2,176,
264596.027,conflict-at-land,3,175,
264601.618,start,2,176,
264611.027,start,3,175,
264618.364,conflict-at-land,3,175,
264626.663,conflict-at-land,2,176,
264633.364,start,3,175,
264641.663,start,2,176,
264644.968,conflict-at-land,3,175,
264659.968,start,3,175,
264668.661,conflict-at-land,2,176,
264670.921,conflict-at-land,3,175,
264683.661,start,2,176,
264685.921,start,3,175,
264697.34,conflict-at-land,3,175,
264705.023,conflict-at-land,2,176,
264712.34,start,3,175,
264719.279,conflict-at-land,3,175,
264720.023,start,2,176,
264734.279,start,3,175,
264738.531,conflict-at-land,2,176,
264740.856,conflict-at-land,3,175,
264753.531,start,2,176,
264755.856,start,3,175,
264764.076,conflict-at-land,3,175,
264778.33,conflict-at-land,2,176,
264779.076,start,3,175,
264790.21,conflict-at-land,3,175,
264793.33,start,2,176,
264805.21,start,3,175,
264811.652,conflict-at-land,2,176,
264816.343,conflict-at-land,3,175,
264826.652,start,2,176,
264831.343,start,3,175,
264839.412,conflict-at-land,3,175,
264844.29,conflict-at-land,2,176,
264854.412,start,3,175,
264859.29,start,2,176,
264863.075,conflict-at-land,3,175,
264878.075,start,3,175,
264886.85,conflict-at-land,3,175,
264887.919,conflict-at-land,2,176,
264901.85,start,3,175,
264902.919,start,2,176,
264908.834,conflict-at-land,3,175,
264923.834,start,3,175,
264927.372,conflict-at-land,2,176,
264930.746,conflict-at-land,3,175,
264942.372,start,2,176,
264945.746,start,3,175,
264957.077,conflict-at-land,3,175,
264967.719,conflict-at-land,2,176,
264972.077,start,3,175,
264978.817,conflict-at-land,3,175,
264982.719,start,2,176,
264993.817,start,3,175,
265002.861,conflict-at-land,3,175,
265005.687,conflict-at-land,2,176,
265017.861,start,3,175,
265020.687,start,2,176,
265024.624,conflict-at-land,3,175,
265039.624,start,3,175,
265042.613,conflict-at-land,2,176,
265051.035,conflict-at-land,3,175,
265057.613,start,2,176,
265066.035,start,3,175,
265075.444,conflict-at-land,3,175,
265076.837,conflict-at-land,2,176,
265090.444,start,3,175,
265091.837,start,2,176,
265099.44,conflict-at-land,3,175,
265114.44,start,3,175,
265117.983,conflict-at-land,2,176,
265125.235,conflict-at-land,3,175,
265132.983,start,2,176,
265140.235,start,3,175,
265150.663,conflict-at-land,3,175,
265157.095,conflict-at-land,2,176,
265165.663,start,3,175,
265172.095,start,2,176,
265176.97,conflict-at-land,3,175,
265191.97,start,3,175,
265199.717,conflict-at-land,2,176,
265200.793,conflict-at-land,3,175,
265214.717,start,2,176,
265215.793,start,3,175,
265226.326,conflict-at-land,3,175,
265234.525,conflict-at-land,2,176,
265241.326,start,3,175,
265248.665,conflict-at-land,3,175,
265249.525,start,2,176,
265263.665,start,3,175,
265267.22,conflict-at-land,2,176,
265271.461,conflict-at-land,3,175,
265282.22,start,2,176,
265286.461,start,3,175,
265295.146,conflict-at-land,3,175,
265299.219,conflict-at-land,2,176,
265310.146,start,3,175,
265314.219,start,2,176,
265318.868,conflict-at-land,3,175,
265333.868,start,3,175,
265340.624,conflict-at-land,2,176,
265341.294,conflict-at-land,3,175,
265355.624,start,2,176,
265356.294,start,3,175,
265364.228,conflict-at-land,3,175,
265376.514,conflict-at-land,0,155,
265379.228,start,3,175,
265385.138,conflict-at-land,2,176,
265385.987,conflict-at-land,3,175,
265391.514,start,0,155,
265400.138,start,2,176,
265400.987,start,3,175,
265410.848,conflict-at-land,3,175,
265424.579,conflict-at-land,2,176,
265425.848,start,3,175,
265433.069,conflict-at-land,3,175,
265439.579,start,2,176,
265448.069,start,3,175,
265455.52,conflict-at-land,3,175,
265458.802,conflict-at-land,2,176,
265470.52,start,3,175,
265473.802,start,2,176,
265479.097,conflict-at-land,3,175,
265479.097,abandon,3,175,
265479.097,refuse,3,177,
265494.097,refuse,3,177,
265494.242,conflict-at-land,2,176,
265509.097,start,3,177,
265509.242,refuse,2,176,
265523.068,conflict-at-land,3,177,
265524.242,start,2,176,
265538.068,refuse,3,177,
265543.251,conflict-at-land,2,176,
265553.068,start,3,177,
265558.251,refuse,2,176,
265565.481,conflict-at-land,3,177,
265573.251,start,2,176,
265580.481,refuse,3,177,
265595.481,refuse,3,177,
265603.547,conflict-at-land,2,176,
265610.481,start,3,177,
265618.547,refuse,2,176,
265621.245,conflict-at-land,3,177,
265633.547,start,2,176,
265636.245,refuse,3,177,
265651.245,refuse,3,177,
265661.332,conflict-at-land,2,176,
265666.245,start,3,177,
265676.332,refuse,2,176,
265681.339,conflict-at-land,3,177,
265691.332,start,2,176,
265696.339,refuse,3,177,
265711.339,refuse,3,177,
265719.283,conflict-at-land,2,176,
265726.339,start,3,177,
265734.283,refuse,2,176,
265740.137,conflict-at-land,3,177,
265749.283,start,2,176,
265755.137,refuse,3,177,
265769.408,conflict-at-land,2,176,
265770.137,start,3,177,
265783.088,conflict-at-land,3,177,
265784.408,start,2,176,
265798.088,refuse,3,177,
265802.027,conflict-at-land,2,176,
265813.088,start,3,177,
265817.027,refuse,2,176,
265823.114,conflict-at-land,3,177,
265832.027,start,2,176,
265838.114,refuse,3,177,
265853.114,refuse,3,177,
265858.577,conflict-at-land,2,176,
265868.114,start,3,177,
265873.577,refuse,2,176,
265879.584,conflict-at-land,3,177,
265888.577,start,2,176,
265894.584,refuse,3,177,
265905.441,conflict-at-land,2,176,
265909.584,start,3,177,
265918.227,conflict-at-land,3,177,
265920.441,start,2,176,
265933.227,refuse,3,177,
265947.115,conflict-at-land,2,176,
265948.227,start,3,177,
265960.958,conflict-at-land,3,177,
265962.115,start,2,176,
265975.958,refuse,3,177,
265990.467,conflict-at-land,2,176,
265990.958,start,3,177,
266002.523,conflict-at-land,3,177,
266005.467,start,2,176,
266017.523,refuse,3,177,
266032.523,refuse,3,177,
266032.844,conflict-at-land,2,176,
266047.523,start,3,177,
266047.844,refuse,2,176,
266062.629,conflict-at-land,3,177,
266062.844,start,2,176,
266077.629,refuse,3,177,
266081.755,conflict-at-land,2,176,
266092.629,start,3,177,
266096.755,refuse,2,176,
266103.651,conflict-at-land,3,177,
266111.755,start,2,176,
266118.651,refuse,3,177,
266133.651,refuse,3,177,
266140.86,conflict-at-land,2,176,
266148.651,start,3,177,
266155.86,refuse,2,176,
266162.506,conflict-at-land,3,177,
266170.86,start,2,176,
266177.506,refuse,3,177,
266192.506,refuse,3,177,
266195.77,conflict-at-land,2,176,
266207.506,start,3,177,
266210.77,refuse,2,176,
266221.918,conflict-at-land,3,177,
266225.77,start,2,176,
266236.918,refuse,3,177,
266251.918,refuse,3,177,
266256.648,conflict-at-land,2,176,
266266.918,start,3,177,
266271.648,refuse,2,176,
266279.339,conflict-at-land,3,177,
266286.648,start,2,176,
266294.339,refuse,3,177,
266307.47,conflict-at-land,2,176,
266309.339,start,3,177,
266321.354,conflict-at-land,3,177,
266322.47,start,2,176,
266336.354,refuse,3,177,
266343.421,conflict-at-land,2,176,
266351.354,start,3,177,
266358.421,refuse,2,176,
266361.866,conflict-at-land,3,177,
266373.421,start,2,176,
266376.866,refuse,3,177,
266391.866,refuse,3,177,
266397.792,conflict-at-land,2,176,
266406.866,start,3,177,
266412.792,refuse,2,176,
266415.712,conflict-at-land,3,177,
266427.792,start,2,176,
266430.712,refuse,3,177,
266445.384,conflict-at-land,2,176,
266445.712,start,3,177,
266456.778,conflict-at-land,3,177,
266460.384,start,2,176,
266471.778,refuse,3,177,
266478.834,conflict-at-land,2,176,
266486.778,start,3,177,
266493.834,refuse,2,176,
266498.808,conflict-at-land,3,177,
266508.834,start,2,176,
266513.808,refuse,3,177,
266528.808,refuse,3,177,
266529.589,conflict-at-land,2,176,
266543.808,start,3,177,
266544.589,refuse,2,176,
266557.32,conflict-at-land,3,177,
266559.589,start,2,176,
266572.32,refuse,3,177,
266577.19,conflict-at-land,2,176,
266587.32,start,3,177,
266592.19,refuse,2,176,
266602.791,conflict-at-land,3,177,
266607.19,start,2,176,
266617.791,refuse,3,177,
266628.867,conflict-at-land,2,176,
266632.791,start,3,177,
266643.702,conflict-at-land,3,177,
266643.867,start,2,176,
266658.702,refuse,3,177,
266671.725,conflict-at-land,2,176,
266673.702,start,3,177,
266686.725,refuse,2,176,
266689.128,conflict-at-land,3,177,
266701.725,start,2,176,
266704.128,refuse,3,177,
266719.128,refuse,3,177,
266725.583,conflict-at-land,2,176,
266734.128,start,3,177,
266740.583,refuse,2,176,
266748.004,conflict-at-land,3,177,
266755.583,start,2,176,
266763.004,refuse,3,177,
266773.357,conflict-at-land,2,176,
266778.004,start,3,177,
266788.357,refuse,2,176,
266789.343,conflict-at-land,3,177,
266803.357,start,2,176,
266804.343,refuse,3,177,
266819.343,refuse,3,177,
266826.923,conflict-at-land,2,176,
266834.343,start,3,177,
266841.923,refuse,2,176,
266848.702,conflict-at-land,3,177,
266856.923,start,2,176,
266863.702,refuse,3,177,
266878.702,refuse,3,177,
266879.669,conflict-at-land,2,176,
266893.702,start,3,177,
266894.669,refuse,2,176,
266905.23,conflict-at-land,3,177,
266909.669,start,2,176,
266920.23,refuse,3,177,
266933.044,conflict-at-land,2,176,
266935.23,start,3,177,
266947.326,conflict-at-land,3,177,
266948.044,start,2,176,
266962.326,refuse,3,177,
266966.023,conflict-at-land,2,176,
266977.326,start,3,177,
266981.023,refuse,2,176,
266989.382,conflict-at-land,3,177,
266996.023,start,2,176,
267004.382,refuse,3,177,
267018.294,conflict-at-land,2,176,
267019.382,start,3,177,
267029.228,conflict-at-land,3,177,
267033.294,start,2,176,
267044.228,refuse,3,177,
267059.023,conflict-at-land,2,176,
267059.228,start,3,177,
267067.898,conflict-at-land,3,177,
267074.023,start,2,176,
267082.898,refuse,3,177,
267092.882,conflict-at-land,2,176,
267097.898,start,3,177,
267107.882,refuse,2,176,
267113.393,conflict-at-land,3,177,
267122.882,start,2,176,
267128.393,refuse,3,177,
267143.393,refuse,3,177,
267144.758,conflict-at-land,2,176,
267158.393,start,3,177,
267159.758,refuse,2,176,
267172.558,conflict-at-land,3,177,
267174.758,start,2,176,
267187.558,refuse,3,177,
267202.558,refuse,3,177,
267205.548,conflict-at-land,2,176,
267217.558,start,3,177,
267220.548,refuse,2,176,
267232.125,conflict-at-land,3,177,
267235.548,start,2,176,
267247.125,refuse,3,177,
267262.125,refuse,3,177,
267263.801,conflict-at-land,2,176,
267277.125,start,3,177,
267278.801,refuse,2,176,
267286.201,conflict-at-land,3,177,
267293.801,start,2,176,
267301.201,refuse,3,177,
267316.201,refuse,3,177,
267322.897,conflict-at-land,2,176,
267331.201,start,3,177,
267337.897,refuse,2,176,
267341.336,conflict-at-land,3,177,
267352.897,start,2,176,
267356.336,refuse,3,177,
267371.336,refuse,3,177,
267384.008,conflict-at-land,2,176,
267386.336,start,3,177,
267394.863,conflict-at-land,3,177,
267399.008,start,2,176,
267409.863,refuse,3,177,
267424.863,refuse,3,177,
267425.506,conflict-at-land,2,176,
267439.863,start,3,177,
267440.506,refuse,2,176,
267451.392,conflict-at-land,3,177,
267455.506,start,2,176,
267466.392,refuse,3,177,
267476.129,conflict-at-land,2,176,
267481.392,start,3,177,
267491.129,refuse,2,176,
267492.246,conflict-at-land,3,177,
267496.427,conflict-at-land,0,155,
267506.129,start,2,176,
267507.246,refuse,3,177,
267511.427,start,0,155,
267522.246,refuse,3,177,
267533.27,conflict-at-land,2,176,
267537.246,start,3,177,
267548.27,refuse,2,176,
267551.011,conflict-at-land,3,177,
267563.27,start,2,176,
267566.011,refuse,3,177,
267581.011,refuse,3,177,
267583.94,conflict-at-land,2,176,
267596.011,start,3,177,
267598.94,refuse,2,176,
267607.476,conflict-at-land,3,177,
267613.94,start,2,176,
267622.476,refuse,3,177,
267637.476,refuse,3,177,
267644.411,conflict-at-land,2,176,
267652.476,start,3,177,
267659.411,refuse,2,176,
267668.064,conflict-at-land,3,177,
267674.411,start,2,176,
267683.064,refuse,3,177,
267698.064,refuse,3,177,
267703.132,conflict-at-land,2,176,
267713.064,start,3,177,
267718.132,refuse,2,176,
267727.46,conflict-at-land,3,177,
267733.132,start,2,176,
267742.46,refuse,3,177,
267755.28,conflict-at-land,2,176,
267757.46,start,3,177,
267770.28,refuse,2,176,
267770.312,conflict-at-land,3,177,
267785.28,start,2,176,
267785.312,refuse,3,177,
267800.312,refuse,3,177,
267813.085,conflict-at-land,2,176,
267815.312,start,3,177,
267825.413,conflict-at-land,3,177,
267828.085,start,2,176,
267840.413,refuse,3,177,
267855.112,conflict-at-land,2,176,
267855.413,start,3,177,
267865.075,conflict-at-land,3,177,
267870.112,start,2,176,
267880.075,refuse,3,177,
267895.075,refuse,3,177,
267896.536,conflict-at-land,2,176,
267910.075,start,3,177,
267911.536,refuse,2,176,
267925.378,conflict-at-land,3,177,
267926.536,start,2,176,
267940.378,refuse,3,177,
267955.378,refuse,3,177,
267957.101,conflict-at-land,2,176,
267970.378,start,3,177,
267972.101,refuse,2,176,
267984.898,conflict-at-land,3,177,
267987.101,start,2,176,
267999.898,refuse,3,177,
268006.682,conflict-at-land,2,176,
268014.898,start,3,177,
268021.682,refuse,2,176,
268027.83,conflict-at-land,3,177,
268036.682,start,2,176,
268042.83,refuse,3,177,
268056.807,conflict-at-land,2,176,
268057.83,start,3,177,
268069.21,conflict-at-land,3,177,
268071.807,start,2,176,
268084.21,refuse,3,177,
268099.146,conflict-at-land,2,176,
268099.21,start,3,177,
268108.648,conflict-at-land,3,177,
268114.146,start,2,176,
268123.648,refuse,3,177,
268138.648,refuse,3,177,
268140.656,conflict-at-land,2,176,
268153.648,start,3,177,
268155.656,refuse,2,176,
268165.405,conflict-at-land,3,177,
268170.656,start,2,176,
268180.405,refuse,3,177,
268195.405,refuse,3,177,
268199.423,conflict-at-land,2,176,
268210.405,start,3,177,
268214.423,refuse,2,176,
268223.104,conflict-at-land,3,177,
268229.423,start,2,176,
268238.104,refuse,3,177,
268253.104,refuse,3,177,
268258.535,conflict-at-land,2,176,
268268.104,start,3,177,
268273.535,refuse,2,176,
268283.312,conflict-at-land,3,177,
268288.535,start,2,176,
268298.312,refuse,3,177,
268313.312,refuse,3,177,
268316.872,conflict-at-land,2,176,
268328.312,start,3,177,
268331.872,refuse,2,176,
268341.836,conflict-at-land,3,177,
268346.872,start,2,176,
268356.836,refuse,3,177,
268365.113,conflict-at-land,2,176,
268371.836,start,3,177,
268380.113,refuse,2,176,
268381.587,conflict-at-land,3,177,
268395.113,start,2,176,
268396.587,refuse,3,177,
268411.587,refuse,3,177,
268412.82,conflict-at-land,2,176,
268426.587,start,3,177,
268427.82,refuse,2,176,
268439.101,conflict-at-land,3,177,
268442.82,start,2,176,
268454.101,refuse,3,177,
268462.744,conflict-at-land,2,176,
268469.101,start,3,177,
268477.744,refuse,2,176,
268479.794,conflict-at-land,3,177,
268492.744,start,2,176,
268494.794,refuse,3,177,
268509.794,refuse,3,177,
268515.176,conflict-at-land,2,176,
268524.794,start,3,177,
268530.176,refuse,2,176,
268534.429,conflict-at-land,3,177,
268545.176,start,2,176,
268549.429,refuse,3,177,
268564.429,refuse,3,177,
268566.183,conflict-at-land,2,176,
268566.183,abandon,2,176,
268566.183,refuse,2,178,
268579.429,start,3,177,
268581.183,refuse,2,178,
268589.84,conflict-at-land,3,177,
268596.183,refuse,2,178,
268604.84,start,3,177,
268611.183,refuse,2,178,
268619.588,conflict-at-land,3,177,
268626.183,refuse,2,178,
268634.588,start,3,177,
268641.183,refuse,2,178,
268644.632,conflict-at-land,3,177,
268656.183,refuse,2,178,
268659.632,start,3,177,
268668.892,conflict-at-land,3,177,
268671.183,refuse,2,178,
268683.892,start,3,177,
268686.183,refuse,2,178,
268699.119,conflict-at-land,3,177,
268701.183,refuse,2,178,
268714.119,start,3,177,
268716.183,refuse,2,178,
268723.544,conflict-at-land,3,177,
268731.183,refuse,2,178,
268738.544,start,3,177,
268746.183,refuse,2,178,
268753.639,conflict-at-land,3,177,
268761.183,refuse,2,178,
268768.639,start,3,177,
268776.183,refuse,2,178,
268779.57,conflict-at-land,3,177,
268791.183,refuse,2,178,
268794.57,start,3,177,
268806.183,refuse,2,178,
268807.269,conflict-at-land,3,177,
268821.183,refuse,2,178,
268822.269,start,3,177,
268834.315,conflict-at-land,0,155,
268834.93,conflict-at-land,3,177,
268836.183,start,2,178,
268843.629,conflict-at-land,2,178,
268849.315,start,0,155,
268849.93,start,3,177,
268858.629,refuse,2,178,
268858.98,conflict-at-land,3,177,
268873.629,refuse,2,178,
268873.98,start,3,177,
268885.506,conflict-at-land,3,177,
268888.629,refuse,2,178,
268900.506,start,3,177,
268903.629,refuse,2,178,
268911.346,conflict-at-land,3,177,
268918.629,refuse,2,178,
268926.346,start,3,177,
268933.629,refuse,2,178,
268938.53,conflict-at-land,3,177,
268948.629,refuse,2,178,
268953.53,start,3,177,
268963.629,refuse,2,178,
268965.82,conflict-at-land,3,177,
268978.629,refuse,2,178,
268980.82,start,3,177,
268993.629,refuse,2,178,
268996.248,conflict-at-land,3,177,
269008.629,refuse,2,178,
269011.248,start,3,177,
269023.389,conflict-at-land,3,177,
269023.629,refuse,2,178,
269038.389,start,3,177,
269038.629,refuse,2,178,
269048.845,conflict-at-land,3,177,
269053.629,refuse,2,178,
269063.845,start,3,177,
269068.629,refuse,2,178,
269075.965,conflict-at-land,3,177,
269083.629,refuse,2,178,
269090.965,start,3,177,
269098.629,refuse,2,178,
269101.688,conflict-at-land,3,177,
269113.629,refuse,2,178,
269116.688,start,3,177,
269126.159,conflict-at-land,3,177,
269128.629,refuse,2,178,
269141.159,start,3,177,
269143.629,refuse,2,178,
269150.281,conflict-at-land,3,177,
269158.629,refuse,2,178,
269165.281,start,3,177,
269173.629,refuse,2,178,
269178.437,conflict-at-land,3,177,
269188.629,refuse,2,178,
269193.437,start,3,177,
269202.929,conflict-at-land,3,177,
269203.629,refuse,2,178,
269217.929,start,3,177,
269218.629,refuse,2,178,
269227.931,conflict-at-land,3,177,
269233.629,refuse,2,178,
269242.931,start,3,177,
269248.629,refuse,2,178,
269253.509,conflict-at-land,3,177,
269263.629,refuse,2,178,
269268.509,start,3,177,
269278.629,refuse,2,178,
269279.947,conflict-at-land,3,177,
269293.629,refuse,2,178,
269294.947,start,3,177,
269308.629,refuse,2,178,
269309.871,conflict-at-land,3,177,
269323.629,refuse,2,178,
269324.871,start,3,177,
269335.168,conflict-at-land,3,177,
269338.629,refuse,2,178,
269350.168,start,3,177,
269353.629,refuse,2,178,
269363.091,conflict-at-land,3,177,
269368.629,refuse,2,178,
269378.091,start,3,177,
269383.629,refuse,2,178,
269390.987,conflict-at-land,3,177,
269398.629,refuse,2,178,
269405.987,start,3,177,
269413.629,refuse,2,178,
269420.634,conflict-at-land,3,177,
269428.629,refuse,2,178,
269435.634,start,3,177,
269443.629,refuse,2,178,
269448.649,conflict-at-land,3,177,
269458.629,refuse,2,178,
269463.649,start,3,177,
269473.629,refuse,2,178,
269478.74,conflict-at-land,3,177,
269488.629,refuse,2,178,
269493.74,start,3,177,
269503.629,refuse,2,178,
269505.327,conflict-at-land,3,177,
269518.629,refuse,2,178,
269520.327,start,3,177,
269529.133,conflict-at-land,3,177,
269533.629,refuse,2,178,
269544.133,start,3,177,
269548.629,refuse,2,178,
269556.567,conflict-at-land,3,177,
269563.629,refuse,2,178,
269571.567,start,3,177,
269578.629,refuse,2,178,
269579.969,conflict-at-land,3,177,
269593.629,refuse,2,178,
269594.969,start,3,177,
269608.629,refuse,2,178,
269610.153,conflict-at-land,3,177,
269623.629,refuse,2,178,
269625.153,start,3,177,
269635.698,conflict-at-land,3,177,
269638.629,refuse,2,178,
269650.698,start,3,177,
269653.629,refuse,2,178,
269662.706,conflict-at-land,3,177,
269668.629,refuse,2,178,
269677.706,start,3,177,
269683.629,refuse,2,178,
269690.737,conflict-at-land,3,177,
269698.629,refuse,2,178,
269705.737,start,3,177,
269713.629,refuse,2,178,
269714.948,conflict-at-land,3,177,
269728.629,refuse,2,178,
269729.948,start,3,177,
269740.961,conflict-at-land,3,177,
269740.961,abandon,3,177,
269740.961,refuse,3,179,
269743.629,refuse,2,178,
269755.961,refuse,3,179,
269758.629,refuse,2,178,
269770.961,refuse,3,179,
269773.629,refuse,2,178,
269785.961,refuse,3,179,
269788.629,refuse,2,178,
269800.961,refuse,3,179,
269803.629,refuse,2,178,
269815.961,refuse,3,179,
269818.629,refuse,2,178,
269830.961,refuse,3,179,
269833.629,refuse,2,178,
269845.961,refuse,3,179,
269848.629,refuse,2,178,
269860.961,refuse,3,179,
269863.629,refuse,2,178,
269875.961,refuse,3,179,
269878.629,refuse,2,178,
269890.961,refuse,3,179,
269893.629,refuse,2,178,
269905.961,refuse,3,179,
269908.629,refuse,2,178,
269920.961,refuse,3,179,
269923.629,refuse,2,178,
269935.961,refuse,3,179,
269938.629,refuse,2,178,
269950.961,refuse,3,179,
269953.629,refuse,2,178,
269965.961,refuse,3,179,
269968.629,refuse,2,178,
269980.961,refuse,3,179,
269983.629,refuse,2,178,
269995.961,refuse,3,179,
269998.629,refuse,2,178,
270010.961,refuse,3,179,
270013.629,refuse,2,178,
270025.961,refuse,3,179,
270028.629,refuse,2,178,
270040.961,refuse,3,179,
270043.629,refuse,2,178,
270055.961,refuse,3,179,
270058.629,refuse,2,178,
270070.961,refuse,3,179,
270073.629,refuse,2,178,
270085.961,refuse,3,179,
270088.629,refuse,2,178,
270100.961,refuse,3,179,
270103.629,refuse,2,178,
270115.961,refuse,3,179,
270118.629,refuse,2,178,
270130.961,refuse,3,179,
270133.629,refuse,2,178,
270145.961,refuse,3,179,
270148.629,refuse,2,178,
270160.961,refuse,3,179,
270163.629,refuse,2,178,
270175.961,refuse,3,179,
270178.629,refuse,2,178,
270190.961,refuse,3,179,
270193.629,refuse,2,178,
270205.961,refuse,3,179,
270208.629,refuse,2,178,
270220.961,refuse,3,179,
270223.629,refuse,2,178,
270235.961,refuse,3,179,
270238.629,refuse,2,178,
270250.961,refuse,3,179,
270253.629,refuse,2,178,
270265.961,refuse,3,179,
270268.629,refuse,2,178,
270280.961,refuse,3,179,
270283.629,refuse,2,178,
270295.961,refuse,3,179,
270298.629,refuse,2,178,
270310.961,refuse,3,179,
270313.629,refuse,2,178,
270325.961,refuse,3,179,
270328.629,refuse,2,178,
270336.596,conflict-at-land,1,8,
270340.961,refuse,3,179,
270343.629,refuse,2,178,
270351.596,start,1,8,
270355.961,refuse,3,179,
270358.629,refuse,2,178,
270370.961,refuse,3,179,
270373.629,refuse,2,178,
270385.961,refuse,3,179,
270388.629,refuse,2,178,
270400.961,refuse,3,179,
270403.629,refuse,2,178,
270415.961,refuse,3,179,
270418.629,refuse,2,178,
270430.961,refuse,3,179,
270433.629,refuse,2,178,
270445.961,refuse,3,179,
270448.629,refuse,2,178,
270460.961,refuse,3,179,
270463.629,refuse,2,178,
270475.961,refuse,3,179,
270478.629,refuse,2,178,
270490.961,refuse,3,179,
270493.629,refuse,2,178,
270505.961,refuse,3,179,
270508.629,refuse,2,178,
270520.961,refuse,3,179,
270523.629,refuse,2,178,
270535.961,refuse,3,179,
270538.629,refuse,2,178,
270550.961,refuse,3,179,
270553.629,refuse,2,178,
270565.961,refuse,3,179,
270568.629,refuse,2,178,
270580.961,refuse,3,179,
270583.629,refuse,2,178,
270595.961,refuse,3,179,
270598.629,refuse,2,178,
270610.961,refuse,3,179,
270613.629,refuse,2,178,
270625.961,refuse,3,179,
270628.629,refuse,2,178,
270638.653,conflict-at-land,0,155,
270640.961,start,3,179,
270643.629,refuse,2,178,
270653.653,refuse,0,155,
270656.228,conflict-at-land,3,179,
270658.629,start,2,178,
270663.37,conflict-at-land,2,178,
270668.653,start,0,155,
270671.228,refuse,3,179,
270678.37,refuse,2,178,
270686.228,refuse,3,179,
270693.37,refuse,2,178,
270701.228,refuse,3,179,
270708.37,refuse,2,178,
270716.228,refuse,3,179,
270723.37,refuse,2,178,
270731.228,refuse,3,179,
270738.37,refuse,2,178,
270746.228,refuse,3,179,
270753.37,refuse,2,178,
270761.228,refuse,3,179,
270768.37,refuse,2,178,
270776.228,refuse,3,179,
270783.37,refuse,2,178,
270791.228,refuse,3,179,
270798.37,refuse,2,178,
270806.228,refuse,3,179,
270813.37,refuse,2,178,
270821.228,refuse,3,179,
270828.37,refuse,2,178,
270836.228,refuse,3,179,
270843.37,refuse,2,178,
270851.228,refuse,3,179,
270858.37,refuse,2,178,
270866.228,refuse,3,179,
270873.37,refuse,2,178,
270881.228,refuse,3,179,
270888.37,refuse,2,178,
270896.228,refuse,3,179,
270903.37,refuse,2,178,
270911.228,refuse,3,179,
270918.37,refuse,2,178,
270926.228,refuse,3,179,
270933.37,refuse,2,178,
270941.228,refuse,3,179,
270948.37,refuse,2,178,
270956.228,refuse,3,179,
270963.37,refuse,2,178,
270971.228,refuse,3,179,
270978.37,refuse,2,178,
270986.228,refuse,3,179,
270993.37,refuse,2,178,
271001.228,refuse,3,179,
271008.37,refuse,2,178,
271016.228,refuse,3,179,
271023.37,refuse,2,178,
271031.228,refuse,3,179,
271038.37,refuse,2,178,
271046.228,refuse,3,179,
271053.37,refuse,2,178,
271061.228,refuse,3,179,
271068.37,refuse,2,178,
271076.228,refuse,3,179,
271083.37,refuse,2,178,
271091.228,refuse,3,179,
271098.37,refuse,2,178,
271106.228,refuse,3,179,
271113.37,refuse,2,178,
271121.228,refuse,3,179,
271128.37,refuse,2,178,
271136.228,refuse,3,179,
271143.37,refuse,2,178,
271151.228,refuse,3,179,
271158.37,refuse,2,178,
271166.228,refuse,3,179,
271173.37,refuse,2,178,
271181.228,refuse,3,179,
271188.37,refuse,2,178,
271196.228,refuse,3,179,
271203.37,refuse,2,178,
271211.228,refuse,3,179,
271218.37,refuse,2,178,
271226.228,refuse,3,179,
271233.37,refuse,2,178,
271241.228,refuse,3,179,
271248.37,refuse,2,178,
271256.228,refuse,3,179,
271263.37,refuse,2,178,
271271.228,refuse,3,179,
271278.37,refuse,2,178,
271286.228,refuse,3,179,
271293.37,refuse,2,178,
271301.228,refuse,3,179,
271308.37,refuse,2,178,
271316.228,refuse,3,179,
271323.37,refuse,2,178,
271331.228,refuse,3,179,
271338.37,refuse,2,178,
271346.228,refuse,3,179,
271353.37,refuse,2,178,
271361.228,refuse,3,179,
271368.37,refuse,2,178,
271376.228,refuse,3,179,
271383.37,refuse,2,178,
271391.228,refuse,3,179,
271398.37,refuse,2,178,
271406.228,refuse,3,179,
271413.37,refuse,2,178,
271421.228,refuse,3,179,
271428.37,refuse,2,178,
271436.228,refuse,3,179,
271443.37,refuse,2,178,
271451.228,refuse,3,179,
271458.37,refuse,2,178,
271466.228,refuse,3,179,
271473.37,refuse,2,178,
271481.228,refuse,3,179,
271488.37,refuse,2,178,
271496.228,refuse,3,179,
271503.37,refuse,2,178,
271511.228,refuse,3,179,
271518.37,refuse,2,178,
271526.228,refuse,3,179,
271533.37,refuse,2,178,
271541.228,refuse,3,179,
271548.37,refuse,2,178,
271556.228,refuse,3,179,
271563.37,refuse,2,178,
271571.228,refuse,3,179,
271578.37,refuse,2,178,
271578.37,abandon,2,178,
271578.37,refuse,2,180,
271586.228,refuse,3,179,
271593.37,refuse,2,180,
271601.228,refuse,3,179,
271608.37,refuse,2,180,
271616.228,refuse,3,179,
271623.37,refuse,2,180,
271631.228,refuse,3,179,
271638.37,refuse,2,180,
271646.228,refuse,3,179,
271653.37,refuse,2,180,
271661.228,refuse,3,179,
271668.37,refuse,2,180,
271676.228,refuse,3,179,
271683.37,refuse,2,180,
271691.228,refuse,3,179,
271698.37,refuse,2,180,
271706.228,refuse,3,179,
271713.37,refuse,2,180,
271721.228,refuse,3,179,
271728.37,refuse,2,180,
271736.228,refuse,3,179,
271743.37,refuse,2,180,
271751.228,refuse,3,179,
271758.37,refuse,2,180,
271766.228,refuse,3,179,
271773.37,refuse,2,180,
271781.228,refuse,3,179,
271788.37,refuse,2,180,
271796.228,refuse,3,179,
271803.37,refuse,2,180,
271811.228,refuse,3,179,
271818.37,refuse,2,180,
271826.228,refuse,3,179,
271833.37,refuse,2,180,
271841.228,refuse,3,179,
271848.37,refuse,2,180,
271856.228,refuse,3,179,
271863.37,refuse,2,180,
271871.228,refuse,3,179,
271878.37,refuse,2,180,
271886.228,refuse,3,179,
271893.37,refuse,2,180,
271901.228,refuse,3,179,
271908.37,refuse,2,180,
271916.228,refuse,3,179,
271923.37,refuse,2,180,
271931.228,refuse,3,179,
271938.37,refuse,2,180,
271946.228,refuse,3,179,
271953.37,refuse,2,180,
271961.228,refuse,3,179,
271968.37,refuse,2,180,
271976.228,refuse,3,179,
271983.37,refuse,2,180,
271991.228,refuse,3,179,
271998.37,refuse,2,180,
272006.228,refuse,3,179,
272013.37,refuse,2,180,
272021.228,refuse,3,179,
272028.37,refuse,2,180,
272036.228,refuse,3,179,
272043.37,refuse,2,180,
272051.228,refuse,3,179,
272058.37,refuse,2,180,
272066.228,refuse,3,179,
272073.37,refuse,2,180,
272081.228,refuse,3,179,
272088.37,refuse,2,180,
272096.228,refuse,3,179,
272103.37,refuse,2,180,
272111.228,refuse,3,179,
272118.37,refuse,2,180,
272126.228,refuse,3,179,
272133.37,refuse,2,180,
272141.228,refuse,3,179,
272148.37,refuse,2,180,
272156.228,refuse,3,179,
272163.37,refuse,2,180,
272171.228,refuse,3,179,
272178.37,refuse,2,180,
272186.228,refuse,3,179,
272193.37,refuse,2,180,
272201.228,refuse,3,179,
272208.37,refuse,2,180,
272216.228,refuse,3,179,
272223.37,refuse,2,180,
272231.228,refuse,3,179,
272238.37,refuse,2,180,
272246.228,refuse,3,179,
272253.37,refuse,2,180,
272261.228,refuse,3,179,
272268.37,refuse,2,180,
272276.228,refuse,3,179,
272283.37,refuse,2,180,
272291.228,refuse,3,179,
272298.37,refuse,2,180,
272306.228,refuse,3,179,
272313.37,refuse,2,180,
272321.228,refuse,3,179,
272328.37,refuse,2,180,
272336.228,refuse,3,179,
272343.37,refuse,2,180,
272351.228,refuse,3,179,
272358.37,refuse,2,180,
272366.228,refuse,3,179,
272373.37,refuse,2,180,
272381.228,refuse,3,179,
272388.37,refuse,2,180,
272396.228,refuse,3,179,
272403.37,refuse,2,180,
272411.228,refuse,3,179,
272418.37,refuse,2,180,
272426.228,refuse,3,179,
272433.37,refuse,2,180,
272441.228,refuse,3,179,
272448.37,refuse,2,180,
272456.228,refuse,3,179,
272463.37,refuse,2,180,
272471.228,refuse,3,179,
272478.37,refuse,2,180,
272486.228,refuse,3,179,
272493.37,refuse,2,180,
272501.228,refuse,3,179,
272508.37,refuse,2,180,
272516.228,refuse,3,179,
272523.37,refuse,2,180,
272531.228,refuse,3,179,
272538.37,refuse,2,180,
272546.228,refuse,3,179,
272553.37,refuse,2,180,
272561.228,refuse,3,179,
272568.37,refuse,2,180,
272576.228,refuse,3,179,
272583.37,refuse,2,180,
272591.228,refuse,3,179,
272598.37,refuse,2,180,
272606.228,refuse,3,179,
272613.37,refuse,2,180,
272621.228,refuse,3,179,
272628.37,refuse,2,180,
272636.228,refuse,3,179,
272643.37,refuse,2,180,
272651.228,refuse,3,179,
272658.37,refuse,2,180,
272666.228,refuse,3,179,
272673.37,refuse,2,180,
272681.228,refuse,3,179,
272688.37,refuse,2,180,
272696.228,refuse,3,179,
272703.37,refuse,2,180,
272711.228,refuse,3,179,
272718.37,refuse,2,180,
272726.228,refuse,3,179,
272733.37,refuse,2,180,
272741.228,refuse,3,179,
272748.37,refuse,2,180,
272756.228,refuse,3,179,
272756.228,abandon,3,179,
272756.228,refuse,3,181,
272763.37,refuse,2,180,
272767.905,conflict-at-land,0,155,
272771.228,start,3,181,
272778.37,refuse,2,180,
272782.905,refuse,0,155,
272784.454,conflict-at-land,3,181,
272793.37,start,2,180,
272797.905,refuse,0,155,
272799.454,refuse,3,181,
272807.013,conflict-at-land,2,180,
272812.905,start,0,155,
272814.454,refuse,3,181,
272822.013,refuse,2,180,
272829.454,refuse,3,181,
272837.013,refuse,2,180,
272844.454,refuse,3,181,
272852.013,refuse,2,180,
272859.454,refuse,3,181,
272867.013,refuse,2,180,
272874.454,refuse,3,181,
272882.013,refuse,2,180,
272889.454,refuse,3,181,
272897.013,refuse,2,180,
272904.454,refuse,3,181,
272912.013,refuse,2,180,
272919.454,refuse,3,181,
272927.013,refuse,2,180,
272934.454,refuse,3,181,
272942.013,refuse,2,180,
272949.454,refuse,3,181,
272957.013,refuse,2,180,
272964.454,refuse,3,181,
272972.013,refuse,2,180,
272979.454,refuse,3,181,
272987.013,refuse,2,180,
272994.454,refuse,3,181,
273002.013,refuse,2,180,
273009.454,refuse,3,181,
273017.013,refuse,2,180,
273024.454,refuse,3,181,
273032.013,refuse,2,180,
273039.454,refuse,3,181,
273047.013,refuse,2,180,
273054.454,refuse,3,181,
273062.013,refuse,2,180,
273069.454,refuse,3,181,
273077.013,refuse,2,180,
273084.454,refuse,3,181,
273092.013,refuse,2,180,
273099.454,refuse,3,181,
273107.013,refuse,2,180,
273114.454,refuse,3,181,
273122.013,refuse,2,180,
273129.454,refuse,3,181,
273137.013,refuse,2,180,
273144.454,refuse,3,181,
273152.013,refuse,2,180,
273159.454,refuse,3,181,
273167.013,refuse,2,180,
273174.454,refuse,3,181,
273182.013,refuse,2,180,
273189.454,refuse,3,181,
273197.013,refuse,2,180,
273204.454,refuse,3,181,
273212.013,refuse,2,180,
273219.454,refuse,3,181,
273227.013,refuse,2,180,
273234.454,refuse,3,181,
273242.013,refuse,2,180,
273249.454,refuse,3,181,
273257.013,refuse,2,180,
273264.454,refuse,3,181,
273272.013,refuse,2,180,
273279.454,refuse,3,181,
273287.013,refuse,2,180,
273294.454,refuse,3,181,
273302.013,refuse,2,180,
273309.454,refuse,3,181,
273317.013,refuse,2,180,
273324.454,refuse,3,181,
273332.013,refuse,2,180,
273339.454,refuse,3,181,
273347.013,refuse,2,180,
273354.454,refuse,3,181,
273362.013,refuse,2,180,
273369.454,refuse,3,181,
273377.013,refuse,2,180,
273384.454,refuse,3,181,
273392.013,refuse,2,180,
273399.454,refuse,3,181,
273407.013,refuse,2,180,
273414.454,refuse,3,181,
273422.013,refuse,2,180,
273429.454,refuse,3,181,
273437.013,refuse,2,180,
273444.454,refuse,3,181,
273452.013,refuse,2,180,
273459.454,refuse,3,181,
273467.013,refuse,2,180,
273474.454,refuse,3,181,
273482.013,refuse,2,180,
273489.454,refuse,3,181,
273497.013,refuse,2,180,
273504.454,refuse,3,181,
273512.013,refuse,2,180,
273519.454,refuse,3,181,
273527.013,refuse,2,180,
273534.454,refuse,3,181,
273542.013,refuse,2,180,
273549.454,refuse,3,181,
273557.013,refuse,2,180,
273564.454,refuse,3,181,
273572.013,refuse,2,180,
273579.454,refuse,3,181,
273587.013,refuse,2,180,
273594.454,refuse,3,181,
273602.013,refuse,2,180,
273609.454,refuse,3,181,
273617.013,refuse,2,180,
273624.454,refuse,3,181,
273632.013,refuse,2,180,
273639.454,refuse,3,181,
273647.013,refuse,2,180,
273654.454,refuse,3,181,
273662.013,refuse,2,180,
273669.454,refuse,3,181,
273677.013,refuse,2,180,
273684.454,refuse,3,181,
273692.013,refuse,2,180,
273699.454,refuse,3,181,
273707.013,refuse,2,180,
273714.454,refuse,3,181,
273722.013,refuse,2,180,
273729.454,refuse,3,181,
273737.013,refuse,2,180,
273744.454,refuse,3,181,
273752.013,refuse,2,180,
273759.454,refuse,3,181,
273767.013,refuse,2,180,
273774.454,refuse,3,181,
273782.013,refuse,2,180,
273789.454,refuse,3,181,
273797.013,refuse,2,180,
273804.454,refuse,3,181,
273812.013,refuse,2,180,
273819.454,refuse,3,181,
273827.013,refuse,2,180,
273834.454,refuse,3,181,
273842.013,refuse,2,180,
273849.454,refuse,3,181,
273857.013,refuse,2,180,
273864.454,refuse,3,181,
273872.013,refuse,2,180,
273879.454,refuse,3,181,
273887.013,refuse,2,180,
273894.454,refuse,3,181,
273902.013,refuse,2,180,
273909.454,refuse,3,181,
273917.013,refuse,2,180,
273924.454,refuse,3,181,
273932.013,refuse,2,180,
273939.454,refuse,3,181,
273947.013,refuse,2,180,
273954.454,refuse,3,181,
273962.013,refuse,2,180,
273969.454,refuse,3,181,
273977.013,refuse,2,180,
273984.454,refuse,3,181,
273992.013,refuse,2,180,
273999.454,refuse,3,181,
274007.013,refuse,2,180,
274014.454,refuse,3,181,
274022.013,refuse,2,180,
274029.454,refuse,3,181,
274037.013,refuse,2,180,
274044.454,refuse,3,181,
274052.013,refuse,2,180,
274059.454,refuse,3,181,
274067.013,refuse,2,180,
274074.454,refuse,3,181,
274082.013,refuse,2,180,
274089.454,refuse,3,181,
274097.013,refuse,2,180,
274104.454,refuse,3,181,
274112.013,refuse,2,180,
274119.454,refuse,3,181,
274127.013,refuse,2,180,
274134.454,refuse,3,181,
274142.013,refuse,2,180,
274149.454,refuse,3,181,
274157.013,refuse,2,180,
274164.454,refuse,3,181,
274172.013,refuse,2,180,
274179.454,refuse,3,181,
274187.013,refuse,2,180,
274194.454,refuse,3,181,
274202.013,refuse,2,180,
274209.454,refuse,3,181,
274217.013,refuse,2,180,
274224.454,refuse,3,181,
274232.013,refuse,2,180,
274239.454,refuse,3,181,
274247.013,refuse,2,180,
274254.454,refuse,3,181,
274262.013,refuse,2,180,
274269.454,refuse,3,181,
274277.013,refuse,2,180,
274284.454,refuse,3,181,
274292.013,refuse,2,180,
274299.454,refuse,3,181,
274307.013,refuse,2,180,
274314.454,refuse,3,181,
274322.013,refuse,2,180,
274329.454,refuse,3,181,
274337.013,refuse,2,180,
274344.454,refuse,3,181,
274352.013,refuse,2,180,
274359.454,refuse,3,181,
274367.013,refuse,2,180,
274374.454,refuse,3,181,
274382.013,refuse,2,180,
274389.454,refuse,3,181,
274397.013,refuse,2,180,
274404.454,refuse,3,181,
274412.013,refuse,2,180,
274419.454,refuse,3,181,
274427.013,refuse,2,180,
274434.454,refuse,3,181,
274442.013,refuse,2,180,
274449.454,refuse,3,181,
274457.013,refuse,2,180,
274464.454,refuse,3,181,
274472.013,refuse,2,180,
274479.454,refuse,3,181,
274487.013,refuse,2,180,
274494.454,refuse,3,181,
274502.013,refuse,2,180,
274509.454,refuse,3,181,
274517.013,refuse,2,180,
274524.454,refuse,3,181,
274532.013,refuse,2,180,
274539.454,refuse,3,181,
274547.013,refuse,2,180,
274554.454,refuse,3,181,
274562.013,refuse,2,180,
274569.454,refuse,3,181,
274577.013,refuse,2,180,
274584.454,refuse,3,181,
274592.013,refuse,2,180,
274592.013,abandon,2,180,
274592.013,refuse,2,182,
274599.454,refuse,3,181,
274607.013,refuse,2,182,
274614.454,refuse,3,181,
274622.013,refuse,2,182,
274629.454,refuse,3,181,
274637.013,refuse,2,182,
274644.454,refuse,3,181,
274652.013,refuse,2,182,
274659.454,refuse,3,181,
274667.013,refuse,2,182,
274674.454,refuse,3,181,
274682.013,refuse,2,182,
274689.454,refuse,3,181,
274697.013,refuse,2,182,
274704.454,refuse,3,181,
274712.013,refuse,2,182,
274719.454,refuse,3,181,
274727.013,refuse,2,182,
274734.454,refuse,3,181,
274742.013,refuse,2,182,
274749.454,refuse,3,181,
274757.013,refuse,2,182,
274764.454,refuse,3,181,
274772.013,refuse,2,182,
274779.454,refuse,3,181,
274787.013,refuse,2,182,
274794.454,refuse,3,181,
274802.013,refuse,2,182,
274809.454,refuse,3,181,
274817.013,refuse,2,182,
274824.454,refuse,3,181,
274832.013,refuse,2,182,
274839.454,refuse,3,181,
274847.013,refuse,2,182,
274854.454,refuse,3,181,
274862.013,refuse,2,182,
274869.454,refuse,3,181,
274877.013,refuse,2,182,
274884.454,refuse,3,181,
274892.013,refuse,2,182,
274899.454,refuse,3,181,
274902.668,conflict-at-land,0,155,
274907.013,start,2,182,
274914.454,refuse,3,181,
274917.668,refuse,0,155,
274918.933,conflict-at-land,2,182,
274929.454,start,3,181,
274932.668,refuse,0,155,
274933.933,refuse,2,182,
274944.764,conflict-at-land,3,181,
274947.668,start,0,155,
274948.933,refuse,2,182,
274959.764,refuse,3,181,
274963.933,refuse,2,182,
274974.764,refuse,3,181,
274978.933,refuse,2,182,
274989.764,refuse,3,181,
274993.933,refuse,2,182,
275004.764,refuse,3,181,
275008.933,refuse,2,182,
275019.764,refuse,3,181,
275023.933,refuse,2,182,
275034.764,refuse,3,181,
275038.933,refuse,2,182,
275049.764,refuse,3,181,
275053.933,refuse,2,182,
275064.764,refuse,3,181,
275068.933,refuse,2,182,
275079.764,refuse,3,181,
275083.933,refuse,2,182,
275094.764,refuse,3,181,
275098.933,refuse,2,182,
275109.764,refuse,3,181,
275113.933,refuse,2,182,
275124.764,refuse,3,181,
275128.933,refuse,2,182,
275139.764,refuse,3,181,
275143.933,refuse,2,182,
275154.764,refuse,3,181,
275158.933,refuse,2,182,
275169.764,refuse,3,181,
275173.933,refuse,2,182,
275184.764,refuse,3,181,
275188.933,refuse,2,182,
275199.764,refuse,3,181,
275203.933,refuse,2,182,
275214.764,refuse,3,181,
275218.933,refuse,2,182,
275229.764,refuse,3,181,
275233.933,refuse,2,182,
275244.764,refuse,3,181,
275248.933,refuse,2,182,
275259.764,refuse,3,181,
275263.933,refuse,2,182,
275274.764,refuse,3,181,
275278.933,refuse,2,182,
275289.764,refuse,3,181,
275293.933,refuse,2,182,
275304.764,refuse,3,181,
275308.933,refuse,2,182,
275319.764,refuse,3,181,
275323.933,refuse,2,182,
275334.764,refuse,3,181,
275338.933,refuse,2,182,
275349.764,refuse,3,181,
275353.933,refuse,2,182,
275364.764,refuse,3,181,
275368.933,refuse,2,182,
275379.764,refuse,3,181,
275383.933,refuse,2,182,
275394.764,refuse,3,181,
275398.933,refuse,2,182,
275409.764,refuse,3,181,
275413.933,refuse,2,182,
275424.764,refuse,3,181,
275428.933,refuse,2,182,
275439.764,refuse,3,181,
275443.933,refuse,2,182,
275454.764,refuse,3,181,
275458.933,refuse,2,182,
275469.764,refuse,3,181,
275473.933,refuse,2,182,
275484.764,refuse,3,181,
275488.933,refuse,2,182,
275499.764,refuse,3,181,
275503.933,refuse,2,182,
275514.764,refuse,3,181,
275518.933,refuse,2,182,
275529.764,refuse,3,181,
275533.933,refuse,2,182,
275544.764,refuse,3,181,
275548.933,refuse,2,182,
275559.764,refuse,3,181,
275563.933,refuse,2,182,
275574.764,refuse,3,181,
275578.933,refuse,2,182,
275589.764,refuse,3,181,
275593.933,refuse,2,182,
275604.764,refuse,3,181,
275608.933,refuse,2,182,
275619.764,refuse,3,181,
275623.933,refuse,2,182,
275634.764,refuse,3,181,
275638.933,refuse,2,182,
275649.764,refuse,3,181,
275653.933,refuse,2,182,
275664.764,refuse,3,181,
275668.933,refuse,2,182,
275679.764,refuse,3,181,
275683.933,refuse,2,182,
275694.764,refuse,3,181,
275698.933,refuse,2,182,
275709.764,refuse,3,181,
275713.933,refuse,2,182,
275724.764,refuse,3,181,
275728.933,refuse,2,182,
275739.764,refuse,3,181,
275743.933,refuse,2,182,
275754.764,refuse,3,181,
275758.933,refuse,2,182,
275769.764,refuse,3,181,
275773.933,refuse,2,182,
275784.764,refuse,3,181,
275784.764,abandon,3,181,
275784.764,start,3,183,
275788.933,refuse,2,182,
275795.7,conflict-at-land,3,183,
275803.933,refuse,2,182,
275810.7,start,3,183,
275818.933,refuse,2,182,
275819.501,conflict-at-land,3,183,
275833.933,refuse,2,182,
275834.501,start,3,183,
275843.748,conflict-at-land,3,183,
275848.933,refuse,2,182,
275858.748,start,3,183,
275863.933,refuse,2,182,
275870.726,conflict-at-land,3,183,
275878.933,refuse,2,182,
275885.726,start,3,183,
275893.933,refuse,2,182,
275899.069,conflict-at-land,3,183,
275908.933,refuse,2,182,
275914.069,start,3,183,
275923.14,conflict-at-land,3,183,
275923.933,refuse,2,182,
275938.14,start,3,183,
275938.933,refuse,2,182,
275946.981,conflict-at-land,3,183,
275953.933,refuse,2,182,
275961.981,start,3,183,
275968.933,refuse,2,182,
275975.649,conflict-at-land,3,183,
275983.933,refuse,2,182,
275990.649,start,3,183,
275998.933,refuse,2,182,
275999.569,conflict-at-land,3,183,
276013.933,refuse,2,182,
276014.569,start,3,183,
276023.05,conflict-at-land,3,183,
276028.933,refuse,2,182,
276038.05,start,3,183,
276043.933,refuse,2,182,
276050.732,conflict-at-land,3,183,
276058.933,refuse,2,182,
276065.732,start,3,183,
276073.933,refuse,2,182,
276081.18,conflict-at-land,3,183,
276088.933,refuse,2,182,
276096.18,start,3,183,
276103.933,refuse,2,182,
276109.001,conflict-at-land,3,183,
276118.933,refuse,2,182,
276124.001,start,3,183,
276133.933,refuse,2,182,
276139.323,conflict-at-land,3,183,
276148.933,refuse,2,182,
276154.323,start,3,183,
276163.933,refuse,2,182,
276164.385,conflict-at-land,3,183,
276178.933,refuse,2,182,
276179.385,start,3,183,
276192.953,conflict-at-land,3,183,
276193.933,refuse,2,182,
276207.953,start,3,183,
276208.933,refuse,2,182,
276220.344,conflict-at-land,3,183,
276223.933,refuse,2,182,
276235.344,start,3,183,
276238.933,refuse,2,182,
276246.666,conflict-at-land,3,183,
276253.933,refuse,2,182,
276261.666,start,3,183,
276268.933,refuse,2,182,
276274.256,conflict-at-land,3,183,
276283.933,refuse,2,182,
276289.256,start,3,183,
276298.933,refuse,2,182,
276302.661,conflict-at-land,3,183,
276313.933,refuse,2,182,
276317.661,start,3,183,
276327.188,conflict-at-land,3,183,
276328.933,refuse,2,182,
276342.188,start,3,183,
276343.933,refuse,2,182,
276355.435,conflict-at-land,3,183,
276358.933,refuse,2,182,
276370.435,start,3,183,
276373.933,refuse,2,182,
276384.908,conflict-at-land,3,183,
276388.933,refuse,2,182,
276399.908,start,3,183,
276403.933,refuse,2,182,
276408.711,conflict-at-land,3,183,
276418.933,refuse,2,182,
276423.711,start,3,183,
276432.322,conflict-at-land,3,183,
276433.933,refuse,2,182,
276447.322,start,3,183,
276448.933,refuse,2,182,
276462.372,conflict-at-land,3,183,
276463.933,refuse,2,182,
276477.372,start,3,183,
276478.933,refuse,2,182,
276490.558,conflict-at-land,3,183,
276493.933,refuse,2,182,
276505.558,start,3,183,
276508.933,refuse,2,182,
276517.213,conflict-at-land,3,183,
276523.933,refuse,2,182,
276532.213,start,3,183,
276538.933,refuse,2,182,
276540.864,conflict-at-land,3,183,
276553.933,refuse,2,182,
276555.864,start,3,183,
276568.933,refuse,2,182,
276569.339,conflict-at-land,3,183,
276583.933,refuse,2,182,
276584.339,start,3,183,
276598.472,conflict-at-land,3,183,
276598.933,refuse,2,182,
276613.472,start,3,183,
276613.933,refuse,2,182,
276624.626,conflict-at-land,3,183,
276628.933,refuse,2,182,
276639.626,start,3,183,
276643.933,refuse,2,182,
276652.683,conflict-at-land,3,183,
276658.933,refuse,2,182,
276667.683,start,3,183,
276673.933,refuse,2,182,
276681.603,conflict-at-land,3,183,
276688.933,refuse,2,182,
276696.603,start,3,183,
276703.933,refuse,2,182,
276705.277,conflict-at-land,3,183,
276718.933,refuse,2,182,
276720.277,start,3,183,
276732.455,conflict-at-land,3,183,
276733.933,refuse,2,182,
276747.455,start,3,183,
276748.933,refuse,2,182,
276757.182,conflict-at-land,3,183,
276762.03,conflict-at-land,0,155,
276763.933,start,2,182,
276772.182,start,3,183,
276776.751,conflict-at-land,2,182,
276777.03,start,0,155,
276782.613,conflict-at-land,3,183,
276791.751,refuse,2,182,
276797.613,start,3,183,
276806.751,refuse,2,182,
276810.161,conflict-at-land,3,183,
276821.751,refuse,2,182,
276825.161,start,3,183,
276834.89,conflict-at-land,3,183,
276836.751,refuse,2,182,
276849.89,start,3,183,
276851.751,refuse,2,182,
276862.561,conflict-at-land,3,183,
276866.751,refuse,2,182,
276877.561,start,3,183,
276881.751,refuse,2,182,
276889.406,conflict-at-land,3,183,
276896.751,refuse,2,182,
276904.406,start,3,183,
276911.751,refuse,2,182,
276918.285,conflict-at-land,3,183,
276926.751,refuse,2,182,
276933.285,start,3,183,
276941.751,refuse,2,182,
276943.515,conflict-at-land,3,183,
276956.751,refuse,2,182,
276958.515,start,3,183,
276971.751,refuse,2,182,
276973.214,conflict-at-land,3,183,
276986.751,refuse,2,182,
276988.214,start,3,183,
277000.61,conflict-at-land,3,183,
277001.751,refuse,2,182,
277015.61,start,3,183,
277016.751,refuse,2,182,
277029.872,conflict-at-land,3,183,
277031.751,refuse,2,182,
277044.872,start,3,183,
277046.751,refuse,2,182,
277058.15,conflict-at-land,3,183,
277061.751,refuse,2,182,
277073.15,start,3,183,
277076.751,refuse,2,182,
277082.505,conflict-at-land,3,183,
277091.751,refuse,2,182,
277097.505,start,3,183,
277106.751,refuse,2,182,
277107.565,conflict-at-land,3,183,
277121.751,refuse,2,182,
277122.565,start,3,183,
277133.386,conflict-at-land,3,183,
277136.751,refuse,2,182,
277148.386,start,3,183,
277151.751,refuse,2,182,
277159.957,conflict-at-land,3,183,
277166.751,refuse,2,182,
277174.957,start,3,183,
277181.751,refuse,2,182,
277185.865,conflict-at-land,3,183,
277196.751,refuse,2,182,
277200.865,start,3,183,
277211.751,refuse,2,182,
277214.782,conflict-at-land,3,183,
277226.751,refuse,2,182,
277229.782,start,3,183,
277241.751,refuse,2,182,
277243.326,conflict-at-land,3,183,
277256.751,refuse,2,182,
277258.326,start,3,183,
277266.808,conflict-at-land,3,183,
277271.751,refuse,2,182,
277281.808,start,3,183,
277286.751,refuse,2,182,
277296.841,conflict-at-land,3,183,
277301.751,refuse,2,182,
277311.841,start,3,183,
277316.751,refuse,2,182,
277325.514,conflict-at-land,3,183,
277331.751,refuse,2,182,
277340.514,start,3,183,
277346.751,refuse,2,182,
277353.025,conflict-at-land,3,183,
277361.751,refuse,2,182,
277368.025,start,3,183,
277376.751,refuse,2,182,
277382.482,conflict-at-land,3,183,
277391.751,refuse,2,182,
277397.482,start,3,183,
277405.987,conflict-at-land,3,183,
277406.751,refuse,2,182,
277420.987,start,3,183,
277421.751,refuse,2,182,
277433.322,conflict-at-land,3,183,
277436.751,refuse,2,182,
277448.322,start,3,183,
277451.751,refuse,2,182,
277462.14,conflict-at-land,3,183,
277466.751,refuse,2,182,
277477.14,start,3,183,
277481.751,refuse,2,182,
277491.986,conflict-at-land,3,183,
277496.751,refuse,2,182,
277506.986,start,3,183,
277511.751,refuse,2,182,
277517.505,conflict-at-land,3,183,
277526.751,refuse,2,182,
277532.505,start,3,183,
277541.751,refuse,2,182,
277547.752,conflict-at-land,3,183,
277556.751,refuse,2,182,
277562.752,start,3,183,
277571.751,refuse,2,182,
277575.653,conflict-at-land,3,183,
277586.751,refuse,2,182,
277590.653,start,3,183,
277601.751,refuse,2,182,
277606.154,conflict-at-land,3,183,
277616.751,refuse,2,182,
277616.751,abandon,2,182,
277616.751,start,2,184,
277621.154,refuse,3,183,
277629.12,conflict-at-land,2,184,
277636.154,start,3,183,
277644.12,refuse,2,184,
277651.057,conflict-at-land,3,183,
277659.12,start,2,184,
277666.057,refuse,3,183,
277671.675,conflict-at-land,2,184,
277681.057,start,3,183,
277686.675,refuse,2,184,
277693.087,conflict-at-land,3,183,
277701.675,start,2,184,
277708.087,refuse,3,183,
277716.273,conflict-at-land,2,184,
277723.087,start,3,183,
277731.273,refuse,2,184,
277736.463,conflict-at-land,3,183,
277746.273,start,2,184,
277751.463,refuse,3,183,
277758.651,conflict-at-land,2,184,
277766.463,start,3,183,
277773.651,refuse,2,184,
277778.459,conflict-at-land,3,183,
277788.651,start,2,184,
277793.459,refuse,3,183,
277800.45,conflict-at-land,2,184,
277808.459,start,3,183,
277815.45,refuse,2,184,
277819.34,conflict-at-land,3,183,
277830.45,start,2,184,
277834.34,refuse,3,183,
277841.79,conflict-at-land,2,184,
277849.34,start,3,183,
277856.79,refuse,2,184,
277862.629,conflict-at-land,3,183,
277871.79,start,2,184,
277877.629,refuse,3,183,
277880.9,conflict-at-land,2,184,
277892.629,start,3,183,
277895.9,refuse,2,184,
277906.946,conflict-at-land,3,183,
277910.9,start,2,184,
277921.946,refuse,3,183,
277925.113,conflict-at-land,2,184,
277936.946,start,3,183,
277940.113,refuse,2,184,
277946.832,conflict-at-land,3,183,
277955.113,start,2,184,
277961.832,refuse,3,183,
277968.568,conflict-at-land,2,184,
277976.832,start,3,183,
277983.568,refuse,2,184,
277989.574,conflict-at-land,3,183,
277998.568,start,2,184,
278004.574,refuse,3,183,
278011.199,conflict-at-land,2,184,
278019.574,start,3,183,
278026.199,refuse,2,184,
278028.403,conflict-at-land,3,183,
278041.199,start,2,184,
278043.403,refuse,3,183,
278056.754,conflict-at-land,2,184,
278058.403,start,3,183,
278068.397,conflict-at-land,3,183,
278071.754,start,2,184,
278083.397,refuse,3,183,
278086.451,conflict-at-land,2,184,
278098.397,start,3,183,
278101.451,refuse,2,184,
278113.915,conflict-at-land,3,183,
278116.451,start,2,184,
278128.915,refuse,3,183,
278130.54,conflict-at-land,2,184,
278137.5,conflict-at-land,0,155,
278143.915,start,3,183,
278145.54,refuse,2,184,
278152.5,start,0,155,
278155.028,conflict-at-land,3,183,
278160.54,start,2,184,
278169.308,conflict-at-land,2,184,
278170.028,start,3,183,
278183.914,conflict-at-land,3,183,
278184.308,start,2,184,
278198.914,refuse,3,183,
278199.011,conflict-at-land,2,184,
278213.914,start,3,183,
278214.011,refuse,2,184,
278228.666,conflict-at-land,3,183,
278229.011,start,2,184,
278242.815,conflict-at-land,2,184,
278243.666,start,3,183,
278254.065,conflict-at-land,3,183,
278257.815,start,2,184,
278269.065,refuse,3,183,
278272.521,conflict-at-land,2,184,
278284.065,start,3,183,
278287.521,refuse,2,184,
278296.638,conflict-at-land,3,183,
278302.521,start,2,184,
278311.638,refuse,3,183,
278315.948,conflict-at-land,2,184,
278326.638,start,3,183,
278330.948,refuse,2,184,
278335.783,conflict-at-land,3,183,
278345.948,start,2,184,
278350.783,refuse,3,183,
278360.478,conflict-at-land,2,184,
278365.783,start,3,183,
278375.478,refuse,2,184,
278376.688,conflict-at-land,3,183,
278390.478,start,2,184,
278391.688,refuse,3,183,
278402.239,conflict-at-land,2,184,
278406.688,start,3,183,
278417.239,refuse,2,184,
278420.341,conflict-at-land,3,183,
278432.239,start,2,184,
278435.341,refuse,3,183,
278443.659,conflict-at-land,2,184,
278450.341,start,3,183,
278458.659,refuse,2,184,
278463.82,conflict-at-land,3,183,
278473.659,start,2,184,
278478.82,refuse,3,183,
278488.506,conflict-at-land,2,184,
278493.82,start,3,183,
278503.506,refuse,2,184,
278508.957,conflict-at-land,3,183,
278518.506,start,2,184,
278523.957,refuse,3,183,
278527.097,conflict-at-land,2,184,
278538.957,start,3,183,
278542.097,refuse,2,184,
278552.751,conflict-at-land,3,183,
278557.097,start,2,184,
278567.751,refuse,3,183,
278572.561,conflict-at-land,2,184,
278582.751,start,3,183,
278587.561,refuse,2,184,
278597.382,conflict-at-land,3,183,
278602.561,start,2,184,
278612.382,refuse,3,183,
278615.762,conflict-at-land,2,184,
278627.382,start,3,183,
278630.762,refuse,2,184,
278637.103,conflict-at-land,3,183,
278645.762,start,2,184,
278652.103,refuse,3,183,
278654.745,conflict-at-land,2,184,
278667.103,start,3,183,
278669.745,refuse,2,184,
278679.806,conflict-at-land,3,183,
278684.745,start,2,184,
278694.806,refuse,3,183,
278698.518,conflict-at-land,2,184,
278709.806,start,3,183,
278713.518,refuse,2,184,
278722.612,conflict-at-land,3,183,
278728.518,start,2,184,
278737.108,conflict-at-land,2,184,
278737.612,start,3,183,
278747.385,conflict-at-land,3,183,
278752.108,start,2,184,
278762.385,refuse,3,183,
278766.655,conflict-at-land,2,184,
278777.385,start,3,183,
278781.655,refuse,2,184,
278786.223,conflict-at-land,3,183,
278796.655,start,2,184,
278801.223,refuse,3,183,
278807.924,conflict-at-land,2,184,
278816.223,start,3,183,
278822.924,refuse,2,184,
278826.564,conflict-at-land,3,183,
278837.924,start,2,184,
278841.564,refuse,3,183,
278849.36,conflict-at-land,2,184,
278856.564,start,3,183,
278864.36,refuse,2,184,
278871.591,conflict-at-land,3,183,
278879.36,start,2,184,
278886.591,refuse,3,183,
278894.165,conflict-at-land,2,184,
278901.591,start,3,183,
278909.165,refuse,2,184,
278913.245,conflict-at-land,3,183,
278924.165,start,2,184,
278928.245,refuse,3,183,
278933.066,conflict-at-land,2,184,
278943.245,start,3,183,
278948.066,refuse,2,184,
278953.142,conflict-at-land,3,183,
278963.066,start,2,184,
278968.142,refuse,3,183,
278971.687,conflict-at-land,2,184,
278983.142,start,3,183,
278986.687,refuse,2,184,
278994.507,conflict-at-land,3,183,
279001.687,start,2,184,
279009.507,refuse,3,183,
279016.129,conflict-at-land,2,184,
279024.507,start,3,183,
279031.129,refuse,2,184,
279036.073,conflict-at-land,3,183,
279046.129,start,2,184,
279051.073,refuse,3,183,
279055.81,conflict-at-land,2,184,
279066.073,start,3,183,
279070.81,refuse,2,184,
279075.852,conflict-at-land,3,183,
279085.81,start,2,184,
279090.852,refuse,3,183,
279094.878,conflict-at-land,2,184,
279105.852,start,3,183,
279109.878,refuse,2,184,
279119.254,conflict-at-land,3,183,
279124.878,start,2,184,
279134.254,refuse,3,183,
279135.884,conflict-at-land,2,184,
279149.254,start,3,183,
279150.884,refuse,2,184,
279164.296,conflict-at-land,3,183,
279165.884,start,2,184,
279179.182,conflict-at-land,2,184,
279179.296,start,3,183,
279191.51,conflict-at-land,3,183,
279194.182,start,2,184,
279206.51,refuse,3,183,
279206.597,conflict-at-land,2,184,
279221.51,start,3,183,
279221.597,refuse,2,184,
279229.964,conflict-at-land,3,183,
279236.597,start,2,184,
279244.964,refuse,3,183,
279247.007,conflict-at-land,2,184,
279259.964,start,3,183,
279262.007,refuse,2,184,
279270.951,conflict-at-land,3,183,
279277.007,start,2,184,
279285.608,conflict-at-land,2,184,
279285.951,start,3,183,
279300.608,refuse,2,184,
279301.488,conflict-at-land,3,183,
279315.608,start,2,184,
279316.488,refuse,3,183,
279327.07,conflict-at-land,2,184,
279331.488,start,3,183,
279342.07,refuse,2,184,
279342.545,conflict-at-land,3,183,
279357.07,start,2,184,
279357.545,refuse,3,183,
279370.313,conflict-at-land,2,184,
279372.545,start,3,183,
279385.313,refuse,2,184,
279386.851,conflict-at-land,3,183,
279400.313,start,2,184,
279401.851,refuse,3,183,
279412.045,conflict-at-land,2,184,
279416.851,start,3,183,
279427.045,refuse,2,184,
279430.384,conflict-at-land,3,183,
279441.864,conflict-at-land,0,155,
279442.045,start,2,184,
279445.384,refuse,3,183,
279455.8,conflict-at-land,2,184,
279456.864,start,0,155,
279460.384,start,3,183,
279470.8,refuse,2,184,
279474.066,conflict-at-land,3,183,
279485.8,start,2,184,
279489.066,refuse,3,183,
279499.69,conflict-at-land,2,184,
279504.066,start,3,183,
279514.69,refuse,2,184,
279518.787,conflict-at-land,3,183,
279529.69,start,2,184,
279533.787,refuse,3,183,
279539.597,conflict-at-land,2,184,
279548.787,start,3,183,
279554.597,refuse,2,184,
279559.652,conflict-at-land,3,183,
279569.597,start,2,184,
279574.652,refuse,3,183,
279581.103,conflict-at-land,2,184,
279589.652,start,3,183,
279596.103,refuse,2,184,
279603.124,conflict-at-land,3,183,
279611.103,start,2,184,
279618.124,refuse,3,183,
279625.089,conflict-at-land,2,184,
279633.124,start,3,183,
279640.089,refuse,2,184,
279641.942,conflict-at-land,3,183,
279655.089,start,2,184,
279656.942,refuse,3,183,
279664.167,conflict-at-land,2,184,
279671.942,start,3,183,
279679.167,refuse,2,184,
279682.582,conflict-at-land,3,183,
279694.167,start,2,184,
279697.582,refuse,3,183,
279709.398,conflict-at-land,2,184,
279712.582,start,3,183,
279724.398,refuse,2,184,
279726.79,conflict-at-land,3,183,
279739.398,start,2,184,
279741.79,refuse,3,183,
279750.399,conflict-at-land,2,184,
279756.79,start,3,183,
279765.399,refuse,2,184,
279765.789,conflict-at-land,3,183,
279780.399,start,2,184,
279780.789,refuse,3,183,
279791.004,conflict-at-land,2,184,
279795.789,start,3,183,
279806.004,refuse,2,184,
279807.374,conflict-at-land,3,183,
279821.004,start,2,184,
279822.374,refuse,3,183,
279830.585,conflict-at-land,2,184,
279837.374,start,3,183,
279845.585,refuse,2,184,
279849.895,conflict-at-land,3,183,
279860.585,start,2,184,
279864.895,refuse,3,183,
279872.825,conflict-at-land,2,184,
279879.895,start,3,183,
279887.825,refuse,2,184,
279889.724,conflict-at-land,3,183,
279902.825,start,2,184,
279904.724,refuse,3,183,
279918.185,conflict-at-land,2,184,
279919.724,start,3,183,
279930.485,conflict-at-land,3,183,
279933.185,start,2,184,
279945.485,refuse,3,183,
279945.886,conflict-at-land,2,184,
279960.485,start,3,183,
279960.886,refuse,2,184,
279973.081,conflict-at-land,3,183,
279975.886,start,2,184,
279987.239,conflict-at-land,2,184,
279988.081,start,3,183,
280002.239,refuse,2,184,
280003.649,conflict-at-land,3,183,
280017.239,start,2,184,
280018.649,refuse,3,183,
280030.362,conflict-at-land,2,184,
280033.649,start,3,183,
280044.772,conflict-at-land,3,183,
280045.362,start,2,184,
280057.865,conflict-at-land,2,184,
280059.772,start,3,183,
280070.898,conflict-at-land,3,183,
280072.865,start,2,184,
280083.293,conflict-at-land,2,184,
280085.898,start,3,183,
280096.865,conflict-at-land,3,183,
280098.293,start,2,184,
280111.865,refuse,3,183,
280112.703,conflict-at-land,2,184,
280126.865,start,3,183,
280127.703,refuse,2,184,
280136.274,conflict-at-land,3,183,
280142.703,start,2,184,
280151.274,refuse,3,183,
280154.981,conflict-at-land,2,184,
280166.274,start,3,183,
280169.981,refuse,2,184,
280176.82,conflict-at-land,3,183,
280184.981,start,2,184,
280191.82,refuse,3,183,
280199.583,conflict-at-land,2,184,
280206.82,start,3,183,
280214.583,refuse,2,184,
280215.902,conflict-at-land,3,183,
280229.583,start,2,184,
280230.902,refuse,3,183,
280241.492,conflict-at-land,2,184,
280245.902,start,3,183,
280256.492,refuse,2,184,
280256.824,conflict-at-land,3,183,
280271.492,start,2,184,
280271.824,refuse,3,183,
280282.747,conflict-at-land,2,184,
280286.824,start,3,183,
280297.747,refuse,2,184,
280301.125,conflict-at-land,3,183,
280312.747,start,2,184,
280316.125,refuse,3,183,
280325.9,conflict-at-land,2,184,
280331.125,start,3,183,
280340.136,conflict-at-land,3,183,
280340.9,start,2,184,
280355.136,refuse,3,183,
280356.294,conflict-at-land,2,184,
280370.136,start,3,183,
280371.294,refuse,2,184,
280385.176,conflict-at-land,3,183,
280386.294,start,2,184,
280395.125,conflict-at-land,2,184,
280400.176,start,3,183,
280409.69,conflict-at-land,3,183,
280410.125,start,2,184,
280422.702,conflict-at-land,2,184,
280424.69,start,3,183,
280437.702,refuse,2,184,
280440.015,conflict-at-land,3,183,
280452.702,start,2,184,
280455.015,refuse,3,183,
280455.015,abandon,3,183,
280455.015,start,3,185,
280459.464,conflict-at-land,3,185,
280462.423,conflict-at-land,2,184,
280474.464,start,3,185,
280477.423,start,2,184,
280480.08,conflict-at-land,3,185,
280487.214,conflict-at-land,2,184,
280495.08,start,3,185,
280500.692,conflict-at-land,3,185,
280502.214,start,2,184,
280513.171,conflict-at-land,2,184,
280515.692,start,3,185,
280522.007,conflict-at-land,3,185,
280528.171,start,2,184,
280537.007,start,3,185,
280537.824,conflict-at-land,2,184,
280542.672,conflict-at-land,3,185,
280552.824,start,2,184,
280557.672,start,3,185,
280562.713,conflict-at-land,3,185,
280567.94,conflict-at-land,2,184,
280577.713,start,3,185,
280582.94,start,2,184,
280584.58,conflict-at-land,3,185,
280594.039,conflict-at-land,2,184,
280599.58,start,3,185,
280605.982,conflict-at-land,3,185,
280609.039,start,2,184,
280617.497,conflict-at-land,2,184,
280620.982,start,3,185,
280628.058,conflict-at-land,3,185,
280632.497,start,2,184,
280643.058,start,3,185,
280645.908,conflict-at-land,2,184,
280648.294,conflict-at-land,3,185,
280660.908,start,2,184,
280663.294,start,3,185,
280668.457,conflict-at-land,3,185,
280674.813,conflict-at-land,2,184,
280683.457,start,3,185,
280689.813,start,2,184,
280690.972,conflict-at-land,3,185,
280699.695,conflict-at-land,2,184,
280705.972,start,3,185,
280712.918,conflict-at-land,3,185,
280714.695,start,2,184,
280723.375,conflict-at-land,2,184,
280727.918,start,3,185,
280734.893,conflict-at-land,3,185,
280738.375,start,2,184,
280747.602,conflict-at-land,2,184,
280749.893,start,3,185,
280756.519,conflict-at-land,3,185,
280762.602,start,2,184,
280771.372,conflict-at-land,2,184,
280771.519,start,3,185,
280778.059,conflict-at-land,3,185,
280786.372,start,2,184,
280793.059,start,3,185,
280798.356,conflict-at-land,2,184,
280799.012,conflict-at-land,3,185,
280808.473,conflict-at-land,0,155,
280813.356,start,2,184,
280814.012,start,3,185,
280819.026,conflict-at-land,3,185,
280823.473,start,0,155,
280826.193,conflict-at-land,2,184,
280834.026,start,3,185,
280839.72,conflict-at-land,3,185,
280841.193,start,2,184,
280849.972,conflict-at-land,2,184,
280854.72,start,3,185,
280862.444,conflict-at-land,3,185,
280864.972,start,2,184,
280877.444,start,3,185,
280880.152,conflict-at-land,2,184,
280881.806,conflict-at-land,3,185,
280895.152,start,2,184,
280896.806,start,3,185,
280903.356,conflict-at-land,3,185,
280907.175,conflict-at-land,2,184,
280918.356,start,3,185,
280922.175,start,2,184,
280923.243,conflict-at-land,3,185,
280935.094,conflict-at-land,2,184,
280938.243,start,3,185,
280943.023,conflict-at-land,3,185,
280950.094,start,2,184,
280958.023,start,3,185,
280960.033,conflict-at-land,2,184,
280962.291,conflict-at-land,3,185,
280975.033,start,2,184,
280977.291,start,3,185,
280985.034,conflict-at-land,3,185,
280987.958,conflict-at-land,2,184,
281000.034,start,3,185,
281002.958,start,2,184,
281005.692,conflict-at-land,3,185,
281014.006,conflict-at-land,2,184,
281020.692,start,3,185,
281026.093,conflict-at-land,3,185,
281029.006,start,2,184,
281038.495,conflict-at-land,2,184,
281041.093,start,3,185,
281046.455,conflict-at-land,3,185,
281053.495,start,2,184,
281061.455,start,3,185,
281066.855,conflict-at-land,2,184,
281067.927,conflict-at-land,3,185,
281081.855,start,2,184,
281082.927,start,3,185,
281088.759,conflict-at-land,3,185,
281092.586,conflict-at-land,2,184,
281103.759,start,3,185,
281107.586,start,2,184,
281111.077,conflict-at-land,3,185,
281117.155,conflict-at-land,2,184,
281126.077,start,3,185,
281132.155,start,2,184,
281133.583,conflict-at-land,3,185,
281145.774,conflict-at-land,2,184,
281148.583,start,3,185,
281154.538,conflict-at-land,3,185,
281160.774,start,2,184,
281169.538,start,3,185,
281175.858,conflict-at-land,2,184,
281176.829,conflict-at-land,3,185,
281190.858,start,2,184,
281191.829,start,3,185,
281198.268,conflict-at-land,3,185,
281200.614,conflict-at-land,2,184,
281213.268,start,3,185,
281215.614,start,2,184,
281218.95,conflict-at-land,3,185,
281230.002,conflict-at-land,2,184,
281233.95,start,3,185,
281238.545,conflict-at-land,3,185,
281245.002,start,2,184,
281253.545,start,3,185,
281257.121,conflict-at-land,2,184,
281257.903,conflict-at-land,3,185,
281272.121,start,2,184,
281272.903,start,3,185,
281277.883,conflict-at-land,3,185,
281285.928,conflict-at-land,2,184,
281292.883,start,3,185,
281299.071,conflict-at-land,3,185,
281300.928,start,2,184,
281314.071,start,3,185,
281314.368,conflict-at-land,2,184,
281321.217,conflict-at-land,3,185,
281329.368,start,2,184,
281336.217,start,3,185,
281340.795,conflict-at-land,2,184,
281341.623,conflict-at-land,3,185,
281355.795,start,2,184,
281356.623,start,3,185,
281364.112,conflict-at-land,3,185,
281370.745,conflict-at-land,2,184,
281379.112,start,3,185,
281384.758,conflict-at-land,3,185,
281385.745,start,2,184,
281399.758,start,3,185,
281400.575,conflict-at-land,2,184,
281407.245,conflict-at-land,3,185,
281415.575,start,2,184,
281422.245,start,3,185,
281425.913,conflict-at-land,2,184,
281429.52,conflict-at-land,3,185,
281440.913,start,2,184,
281444.52,start,3,185,
281449.407,conflict-at-land,2,184,
281450.327,conflict-at-land,3,185,
281464.407,start,2,184,
281465.327,start,3,185,
281471.568,conflict-at-land,3,185,
281473.19,conflict-at-land,2,184,
281486.568,start,3,185,
281488.19,start,2,184,
281493.627,conflict-at-land,3,185,
281501.59,conflict-at-land,2,184,
281508.627,start,3,185,
281514.812,conflict-at-land,3,185,
281516.59,start,2,184,
281525.226,conflict-at-land,2,184,
281529.812,start,3,185,
281534.618,conflict-at-land,3,185,
281540.226,start,2,184,
281549.618,start,3,185,
281555.485,conflict-at-land,2,184,
281556.199,conflict-at-land,3,185,
281570.485,start,2,184,
281571.199,start,3,185,
281575.441,conflict-at-land,3,185,
281582.203,conflict-at-land,2,184,
281590.441,start,3,185,
281596.616,conflict-at-land,3,185,
281597.203,start,2,184,
281611.616,start,3,185,
281611.669,conflict-at-land,2,184,
281616.629,conflict-at-land,3,185,
281626.669,start,2,184,
281631.629,start,3,185,
281637.665,conflict-at-land,3,185,
281638.897,conflict-at-land,2,184,
281652.665,start,3,185,
281653.897,start,2,184,
281659.183,conflict-at-land,3,185,
281666.56,conflict-at-land,2,184,
281674.183,start,3,185,
281681.365,conflict-at-land,3,185,
281681.56,start,2,184,
281696.365,start,3,185,
281696.939,conflict-at-land,2,184,
281703.098,conflict-at-land,3,185,
281711.939,start,2,184,
281718.098,start,3,185,
281724.052,conflict-at-land,3,185,
281725.458,conflict-at-land,2,184,
281739.052,start,3,185,
281740.458,start,2,184,
281744.454,conflict-at-land,3,185,
281754.055,conflict-at-land,2,184,
281759.454,start,3,185,
281764.42,conflict-at-land,3,185,
281769.055,start,2,184,
281779.214,conflict-at-land,2,184,
281779.42,start,3,185,
281785.979,conflict-at-land,3,185,
281794.214,start,2,184,
281800.979,start,3,185,
281805.773,conflict-at-land,3,185,
281809.045,conflict-at-land,2,184,
281820.773,start,3,185,
281824.045,start,2,184,
281826.057,conflict-at-land,3,185,
281833.012,conflict-at-land,2,184,
281841.057,start,3,185,
281846.007,conflict-at-land,3,185,
281848.012,start,2,184,
281861.007,start,3,185,
281863.144,conflict-at-land,2,184,
281865.479,conflict-at-land,3,185,
281878.144,start,2,184,
281880.479,start,3,185,
281887.47,conflict-at-land,3,185,
281891.965,conflict-at-land,2,184,
281902.47,start,3,185,
281906.965,start,2,184,
281907.599,conflict-at-land,3,185,
281917.965,conflict-at-land,2,184,
281922.599,start,3,185,
281927.306,conflict-at-land,3,185,
281932.965,start,2,184,
281942.306,start,3,185,
281945.575,conflict-at-land,2,184,
281947.366,conflict-at-land,3,185,
281960.575,start,2,184,
281962.366,start,3,185,
281968.469,conflict-at-land,3,185,
281969.513,conflict-at-land,2,184,
281983.469,start,3,185,
281984.513,start,2,184,
281988.295,conflict-at-land,3,185,
281993.346,conflict-at-land,2,184,
282003.295,start,3,185,
282008.346,start,2,184,
282009.441,conflict-at-land,3,185,
282017.059,conflict-at-land,2,184,
282024.441,start,3,185,
282032.059,start,2,184,
282032.23,conflict-at-land,3,185,
282044.467,conflict-at-land,2,184,
282047.23,start,3,185,
282053.539,conflict-at-land,3,185,
282059.467,start,2,184,
282068.539,start,3,185,
282071.304,conflict-at-land,2,184,
282074.237,conflict-at-land,3,185,
282086.304,start,2,184,
282089.237,start,3,185,
282093.842,conflict-at-land,3,185,
282098.967,conflict-at-land,2,184,
282108.842,start,3,185,
282113.967,start,2,184,
282115.601,conflict-at-land,3,185,
282128.548,conflict-at-land,2,184,
282130.601,start,3,185,
282136.615,conflict-at-land,3,185,
282143.548,start,2,184,
282151.615,start,3,185,
282157.319,conflict-at-land,2,184,
282158.529,conflict-at-land,3,185,
282172.319,start,2,184,
282173.529,start,3,185,
282178.659,conflict-at-land,3,185,
282185.488,conflict-at-land,2,184,
282193.659,start,3,185,
282200.488,start,2,184,
282200.525,conflict-at-land,3,185,
282210.936,conflict-at-land,2,184,
282215.525,start,3,185,
282222.617,conflict-at-land,3,185,
282225.936,start,2,184,
282236.474,conflict-at-land,2,184,
282237.617,start,3,185,
282243.651,conflict-at-land,3,185,
282251.474,start,2,184,
282258.651,start,3,185,
282263.504,conflict-at-land,2,184,
282265.058,conflict-at-land,3,185,
282278.504,start,2,184,
282280.058,start,3,185,
282284.492,conflict-at-land,3,185,
282287.704,conflict-at-land,2,184,
282299.492,start,3,185,
282302.704,start,2,184,
282306.943,conflict-at-land,3,185,
282313.35,conflict-at-land,2,184,
282313.35,abandon,2,184,
282313.35,refuse,2,186,
282321.943,start,3,185,
282328.35,refuse,2,186,
282329.684,conflict-at-land,3,185,
282343.35,refuse,2,186,
282344.684,start,3,185,
282351.194,conflict-at-land,3,185,
282358.35,refuse,2,186,
282366.194,start,3,185,
282371.734,conflict-at-land,3,185,
282373.35,refuse,2,186,
282386.734,start,3,185,
282388.35,refuse,2,186,
282393.009,conflict-at-land,3,185,
282403.35,refuse,2,186,
282408.009,start,3,185,
282414.747,conflict-at-land,3,185,
282418.35,refuse,2,186,
282429.747,start,3,185,
282433.35,refuse,2,186,
282437.544,conflict-at-land,3,185,
282448.35,refuse,2,186,
282452.544,start,3,185,
282459.872,conflict-at-land,3,185,
282463.35,refuse,2,186,
282474.872,start,3,185,
282478.35,refuse,2,186,
282482.289,conflict-at-land,3,185,
282493.35,refuse,2,186,
282497.289,start,3,185,
282505.087,conflict-at-land,3,185,
282508.35,refuse,2,186,
282520.087,start,3,185,
282523.35,refuse,2,186,
282526.968,conflict-at-land,3,185,
282538.35,refuse,2,186,
282541.968,start,3,185,
282547.983,conflict-at-land,3,185,
282553.35,refuse,2,186,
282562.983,start,3,185,
282567.993,conflict-at-land,3,185,
282568.35,refuse,2,186,
282582.993,start,3,185,
282583.35,refuse,2,186,
282590.331,conflict-at-land,3,185,
282598.35,refuse,2,186,
282605.331,start,3,185,
282610.442,conflict-at-land,3,185,
282613.35,refuse,2,186,
282625.442,start,3,185,
282628.35,refuse,2,186,
282631.134,conflict-at-land,3,185,
282643.35,refuse,2,186,
282646.134,start,3,185,
282652.694,conflict-at-land,3,185,
282658.35,refuse,2,186,
282667.694,start,3,185,
282672.517,conflict-at-land,3,185,
282673.35,refuse,2,186,
282687.517,start,3,185,
282688.35,refuse,2,186,
282692.123,conflict-at-land,3,185,
282703.35,refuse,2,186,
282707.123,start,3,185,
282713.913,conflict-at-land,3,185,
282718.35,refuse,2,186,
282728.913,start,3,185,
282733.35,refuse,2,186,
282734.689,conflict-at-land,3,185,
282748.35,refuse,2,186,
282749.689,start,3,185,
282756.5,conflict-at-land,3,185,
282763.35,refuse,2,186,
282771.5,start,3,185,
282778.35,refuse,2,186,
282778.431,conflict-at-land,3,185,
282778.966,conflict-at-land,0,155,
282793.35,start,2,186,
282793.431,start,3,185,
282793.966,refuse,0,155,
282798.887,conflict-at-land,3,185,
282808.821,conflict-at-land,2,186,
282808.966,start,0,155,
282813.887,start,3,185,
282819.219,conflict-at-land,3,185,
282823.821,refuse,2,186,
282834.219,start,3,185,
282838.821,refuse,2,186,
282841.897,conflict-at-land,3,185,
282853.821,refuse,2,186,
282856.897,start,3,185,
282861.689,conflict-at-land,3,185,
282868.821,refuse,2,186,
282876.689,start,3,185,
282883.544,conflict-at-land,3,185,
282883.821,refuse,2,186,
282898.544,start,3,185,
282898.821,refuse,2,186,
282904.359,conflict-at-land,3,185,
282913.821,refuse,2,186,
282919.359,start,3,185,
282926.429,conflict-at-land,3,185,
282928.821,refuse,2,186,
282941.429,start,3,185,
282943.821,refuse,2,186,
282948.725,conflict-at-land,3,185,
282958.821,refuse,2,186,
282963.725,start,3,185,
282969.719,conflict-at-land,3,185,
282973.821,refuse,2,186,
282984.719,start,3,185,
282988.821,refuse,2,186,
282990.948,conflict-at-land,3,185,
283003.821,refuse,2,186,
283005.948,start,3,185,
283011.306,conflict-at-land,3,185,
283018.821,refuse,2,186,
283026.306,start,3,185,
283030.858,conflict-at-land,3,185,
283033.821,refuse,2,186,
283045.858,start,3,185,
283048.821,refuse,2,186,
283050.414,conflict-at-land,3,185,
283063.821,refuse,2,186,
283065.414,start,3,185,
283070.491,conflict-at-land,3,185,
283078.821,refuse,2,186,
283085.491,start,3,185,
283090.564,conflict-at-land,3,185,
283093.821,refuse,2,186,
283105.564,start,3,185,
283108.821,refuse,2,186,
283113.192,conflict-at-land,3,185,
283123.821,refuse,2,186,
283128.192,start,3,185,
283132.551,conflict-at-land,3,185,
283138.821,refuse,2,186,
283147.551,start,3,185,
283153.821,refuse,2,186,
283154.77,conflict-at-land,3,185,
283168.821,refuse,2,186,
283169.77,start,3,185,
283174.192,conflict-at-land,3,185,
283183.821,refuse,2,186,
283189.192,start,3,185,
283196.941,conflict-at-land,3,185,
283198.821,refuse,2,186,
283211.941,start,3,185,
283213.821,refuse,2,186,
283218.606,conflict-at-land,3,185,
283228.821,refuse,2,186,
283233.606,start,3,185,
283238.903,conflict-at-land,3,185,
283243.821,refuse,2,186,
283253.903,start,3,185,
283258.821,refuse,2,186,
283260.344,conflict-at-land,3,185,
283273.821,refuse,2,186,
283275.344,start,3,185,
283282.192,conflict-at-land,3,185,
283288.821,refuse,2,186,
283297.192,start,3,185,
283303.821,refuse,2,186,
283304.381,conflict-at-land,3,185,
283318.821,refuse,2,186,
283319.381,start,3,185,
283324.107,conflict-at-land,3,185,
283333.821,refuse,2,186,
283339.107,start,3,185,
283346.628,conflict-at-land,3,185,
283348.821,refuse,2,186,
283361.628,start,3,185,
283363.821,refuse,2,186,
283368.527,conflict-at-land,3,185,
283378.821,refuse,2,186,
283383.527,start,3,185,
283391.041,conflict-at-land,3,185,
283393.821,refuse,2,186,
283406.041,start,3,185,
283408.821,refuse,2,186,
283410.495,conflict-at-land,3,185,
283423.821,refuse,2,186,
283425.495,start,3,185,
283433.065,conflict-at-land,3,185,
283438.821,refuse,2,186,
283448.065,start,3,185,
283453.821,refuse,2,186,
283455.071,conflict-at-land,3,185,
283468.821,refuse,2,186,
283470.071,start,3,185,
283474.905,conflict-at-land,3,185,
283483.821,refuse,2,186,
283489.905,start,3,185,
283496.865,conflict-at-land,3,185,
283498.821,refuse,2,186,
283511.865,start,3,185,
283513.821,refuse,2,186,
283518.616,conflict-at-land,3,185,
283528.821,refuse,2,186,
283533.616,start,3,185,
283539.385,conflict-at-land,3,185,
283543.821,refuse,2,186,
283554.385,start,3,185,
283558.821,refuse,2,186,
283561.033,conflict-at-land,3,185,
283573.821,refuse,2,186,
283576.033,start,3,185,
283581.181,conflict-at-land,3,185,
283588.821,refuse,2,186,
283596.181,start,3,185,
283600.961,conflict-at-land,3,185,
283603.821,refuse,2,186,
283615.961,start,3,185,
283618.821,refuse,2,186,
283621.621,conflict-at-land,3,185,
283633.821,refuse,2,186,
283636.621,start,3,185,
283643.891,conflict-at-land,3,185,
283648.821,refuse,2,186,
283658.891,start,3,185,
283663.758,conflict-at-land,3,185,
283663.821,refuse,2,186,
283678.758,start,3,185,
283678.821,refuse,2,186,
283683.818,conflict-at-land,3,185,
283693.821,refuse,2,186,
283698.818,start,3,185,
283704.691,conflict-at-land,3,185,
283708.821,refuse,2,186,
283719.691,start,3,185,
283723.821,refuse,2,186,
283726.105,conflict-at-land,3,185,
283738.821,refuse,2,186,
283741.105,start,3,185,
283748.632,conflict-at-land,3,185,
283753.821,refuse,2,186,
283763.632,start,3,185,
283768.821,refuse,2,186,
283770.03,conflict-at-land,3,185,
283783.821,refuse,2,186,
283785.03,start,3,185,
283790.244,conflict-at-land,3,185,
283798.821,refuse,2,186,
283805.244,start,3,185,
283810.611,conflict-at-land,3,185,
283813.821,refuse,2,186,
283825.611,start,3,185,
283828.821,refuse,2,186,
283832.248,conflict-at-land,3,185,
283843.821,refuse,2,186,
283847.248,start,3,185,
283854.778,conflict-at-land,3,185,
283858.821,refuse,2,186,
283869.778,start,3,185,
283873.821,refuse,2,186,
283877.336,conflict-at-land,3,185,
283888.821,refuse,2,186,
283892.336,start,3,185,
283898.602,conflict-at-land,3,185,
283903.821,refuse,2,186,
283913.602,start,3,185,
283918.816,conflict-at-land,3,185,
283918.821,refuse,2,186,
283933.816,start,3,185,
283933.821,refuse,2,186,
283941.064,conflict-at-land,3,185,
283948.821,refuse,2,186,
283956.064,start,3,185,
283960.966,conflict-at-land,3,185,
283963.821,refuse,2,186,
283975.966,start,3,185,
283978.821,refuse,2,186,
283983.395,conflict-at-land,3,185,
283993.821,refuse,2,186,
283998.395,start,3,185,
284003.61,conflict-at-land,3,185,
284008.821,refuse,2,186,
284018.61,start,3,185,
284023.322,conflict-at-land,3,185,
284023.821,refuse,2,186,
284038.322,start,3,185,
284038.821,refuse,2,186,
284042.615,conflict-at-land,3,185,
284053.821,refuse,2,186,
284057.615,start,3,185,
284063.385,conflict-at-land,3,185,
284068.821,refuse,2,186,
284078.385,start,3,185,
284083.821,refuse,2,186,
284083.846,conflict-at-land,3,185,
284098.821,refuse,2,186,
284098.846,start,3,185,
284105.63,conflict-at-land,3,185,
284113.821,refuse,2,186,
284120.63,start,3,185,
284127.932,conflict-at-land,3,185,
284128.821,refuse,2,186,
284142.932,start,3,185,
284143.821,refuse,2,186,
284148.673,conflict-at-land,3,185,
284158.821,refuse,2,186,
284163.673,start,3,185,
284170.356,conflict-at-land,0,155,
284171.243,conflict-at-land,3,185,
284173.821,start,2,186,
284185.356,refuse,0,155,
284186.243,start,3,185,
284189.387,conflict-at-land,2,186,
284191.733,conflict-at-land,3,185,
284200.356,start,0,155,
284204.387,refuse,2,186,
284206.733,start,3,185,
284211.179,conflict-at-land,3,185,
284219.387,refuse,2,186,
284226.179,start,3,185,
284231.323,conflict-at-land,3,185,
284234.387,refuse,2,186,
284246.323,start,3,185,
284249.387,refuse,2,186,
284251.731,conflict-at-land,3,185,
284264.387,refuse,2,186,
284266.731,start,3,185,
284274.501,conflict-at-land,3,185,
284279.387,refuse,2,186,
284289.501,start,3,185,
284294.387,refuse,2,186,
284294.799,conflict-at-land,3,185,
284309.387,refuse,2,186,
284309.799,start,3,185,
284314.559,conflict-at-land,3,185,
284324.387,refuse,2,186,
284329.559,start,3,185,
284337.174,conflict-at-land,3,185,
284339.387,refuse,2,186,
284352.174,start,3,185,
284354.387,refuse,2,186,
284358.537,conflict-at-land,3,185,
284369.387,refuse,2,186,
284373.537,start,3,185,
284380.062,conflict-at-land,3,185,
284384.387,refuse,2,186,
284395.062,start,3,185,
284399.387,refuse,2,186,
284402.179,conflict-at-land,3,185,
284414.387,refuse,2,186,
284417.179,start,3,185,
284423.055,conflict-at-land,3,185,
284429.387,refuse,2,186,
284438.055,start,3,185,
284444.387,refuse,2,186,
284445.053,conflict-at-land,3,185,
284459.387,refuse,2,186,
284460.053,start,3,185,
284466.46,conflict-at-land,3,185,
284474.387,refuse,2,186,
284481.46,start,3,185,
284485.976,conflict-at-land,3,185,
284489.387,refuse,2,186,
284500.976,start,3,185,
284504.387,refuse,2,186,
284505.205,conflict-at-land,3,185,
284519.387,refuse,2,186,
284520.205,start,3,185,
284527.17,conflict-at-land,3,185,
284534.387,refuse,2,186,
284542.17,start,3,185,
284546.428,conflict-at-land,3,185,
284549.387,refuse,2,186,
284561.428,start,3,185,
284564.387,refuse,2,186,
284568.412,conflict-at-land,3,185,
284579.387,refuse,2,186,
284583.412,start,3,185,
284588.942,conflict-at-land,3,185,
284594.387,refuse,2,186,
284603.942,start,3,185,
284609.387,refuse,2,186,
284611.433,conflict-at-land,3,185,
284624.387,refuse,2,186,
284626.433,start,3,185,
284630.792,conflict-at-land,3,185,
284639.387,refuse,2,186,
284645.792,start,3,185,
284650.171,conflict-at-land,3,185,
284654.387,refuse,2,186,
284665.171,start,3,185,
284669.387,refuse,2,186,
284672.643,conflict-at-land,3,185,
284672.643,abandon,3,185,
284672.643,refuse,3,187,
284684.387,refuse,2,186,
284687.643,refuse,3,187,
284699.387,refuse,2,186,
284702.643,refuse,3,187,
284714.387,refuse,2,186,
284717.643,refuse,3,187,
284729.387,refuse,2,186,
284732.643,refuse,3,187,
284744.387,refuse,2,186,
284747.643,refuse,3,187,
284759.387,refuse,2,186,
284762.643,refuse,3,187,
284774.387,refuse,2,186,
284777.643,refuse,3,187,
284789.387,refuse,2,186,
284792.643,refuse,3,187,
284804.387,refuse,2,186,
284807.643,refuse,3,187,
284819.387,refuse,2,186,
284822.643,refuse,3,187,
284834.387,refuse,2,186,
284837.643,refuse,3,187,
284849.387,refuse,2,186,
284852.643,refuse,3,187,
284864.387,refuse,2,186,
284867.643,refuse,3,187,
284879.387,refuse,2,186,
284882.643,refuse,3,187,
284894.387,refuse,2,186,
284897.643,refuse,3,187,
284909.387,refuse,2,186,
284912.643,refuse,3,187,
284924.387,refuse,2,186,
284927.643,refuse,3,187,
284939.387,refuse,2,186,
284942.643,refuse,3,187,
284954.387,refuse,2,186,
284957.643,refuse,3,187,
284969.387,refuse,2,186,
284972.643,refuse,3,187,
284984.387,refuse,2,186,
284987.643,refuse,3,187,
284999.387,refuse,2,186,
285002.643,refuse,3,187,
285014.387,refuse,2,186,
285017.643,refuse,3,187,
285029.387,refuse,2,186,
285032.643,refuse,3,187,
285044.387,refuse,2,186,
285047.643,refuse,3,187,
285059.387,refuse,2,186,
285062.643,refuse,3,187,
285074.387,refuse,2,186,
285077.643,refuse,3,187,
285089.387,refuse,2,186,
285092.643,refuse,3,187,
285104.387,refuse,2,186,
285107.643,refuse,3,187,
285119.387,refuse,2,186,
285122.643,refuse,3,187,
285134.387,refuse,2,186,
285137.643,refuse,3,187,
285149.387,refuse,2,186,
285152.643,refuse,3,187,
285164.387,refuse,2,186,
285167.643,refuse,3,187,
285179.387,refuse,2,186,
285182.643,refuse,3,187,
285194.387,refuse,2,186,
285197.643,refuse,3,187,
285209.387,refuse,2,186,
285212.643,refuse,3,187,
285224.387,refuse,2,186,
285227.643,refuse,3,187,
285239.387,refuse,2,186,
285242.643,refuse,3,187,
285254.387,refuse,2,186,
285257.643,refuse,3,187,
285269.387,refuse,2,186,
285272.643,refuse,3,187,
285284.387,refuse,2,186,
285287.643,refuse,3,187,
285299.387,refuse,2,186,
285302.643,refuse,3,187,
285314.387,refuse,2,186,
285317.643,refuse,3,187,
285329.387,refuse,2,186,
285332.643,refuse,3,187,
285344.387,refuse,2,186,
285344.387,abandon,2,186,
285344.387,refuse,2,188,
285347.643,refuse,3,187,
285359.387,refuse,2,188,
285362.643,refuse,3,187,
285374.387,refuse,2,188,
285377.643,refuse,3,187,
285389.387,refuse,2,188,
285392.643,refuse,3,187,
285404.387,refuse,2,188,
285407.643,refuse,3,187,
285419.387,refuse,2,188,
285422.643,refuse,3,187,
285434.387,refuse,2,188,
285437.643,refuse,3,187,
285449.387,refuse,2,188,
285452.643,refuse,3,187,
285464.387,refuse,2,188,
285467.643,refuse,3,187,
285479.387,refuse,2,188,
285482.643,refuse,3,187,
285494.387,refuse,2,188,
285497.643,refuse,3,187,
285509.387,refuse,2,188,
285512.643,refuse,3,187,
285524.387,refuse,2,188,
285527.643,refuse,3,187,
285539.387,refuse,2,188,
285542.643,refuse,3,187,
285554.387,refuse,2,188,
285557.643,refuse,3,187,
285569.387,refuse,2,188,
285572.643,refuse,3,187,
285584.387,refuse,2,188,
285587.643,refuse,3,187,
285599.387,refuse,2,188,
285602.643,refuse,3,187,
285614.387,refuse,2,188,
285617.643,refuse,3,187,
285619.48,conflict-at-land,0,155,
285629.387,start,2,188,
285632.643,refuse,3,187,
285634.48,refuse,0,155,
285639.231,conflict-at-land,2,188,
285647.643,start,3,187,
285649.48,refuse,0,155,
285654.231,refuse,2,188,
285661.567,conflict-at-land,3,187,
285664.48,start,0,155,
285669.231,refuse,2,188,
285676.567,refuse,3,187,
285684.231,refuse,2,188,
285691.567,refuse,3,187,
285699.231,refuse,2,188,
285706.567,refuse,3,187,
285714.231,refuse,2,188,
285721.567,refuse,3,187,
285729.231,refuse,2,188,
285736.567,refuse,3,187,
285744.231,refuse,2,188,
285751.567,refuse,3,187,
285759.231,refuse,2,188,
285766.567,refuse,3,187,
285774.231,refuse,2,188,
285781.567,refuse,3,187,
285789.231,refuse,2,188,
285796.567,refuse,3,187,
285804.231,refuse,2,188,
285811.567,refuse,3,187,
285819.231,refuse,2,188,
285826.567,refuse,3,187,
285834.231,refuse,2,188,
285841.567,refuse,3,187,
285849.231,refuse,2,188,
285856.567,refuse,3,187,
285864.231,refuse,2,188,
285871.567,refuse,3,187,
285879.231,refuse,2,188,
285886.567,refuse,3,187,
285894.231,refuse,2,188,
285901.567,refuse,3,187,
285909.231,refuse,2,188,
285916.567,refuse,3,187,
285924.231,refuse,2,188,
285931.567,refuse,3,187,
285939.231,refuse,2,188,
285946.567,refuse,3,187,
285954.231,refuse,2,188,
285961.567,refuse,3,187,
285969.231,refuse,2,188,
285976.567,refuse,3,187,
285984.231,refuse,2,188,
285991.567,refuse,3,187,
285999.231,refuse,2,188,
286006.567,refuse,3,187,
286014.231,refuse,2,188,
286021.567,refuse,3,187,
286029.231,refuse,2,188,
286036.567,refuse,3,187,
286044.231,refuse,2,188,
286051.567,refuse,3,187,
286059.231,refuse,2,188,
286066.567,refuse,3,187,
286074.231,refuse,2,188,
286081.567,refuse,3,187,
286089.231,refuse,2,188,
286096.567,refuse,3,187,
286104.231,refuse,2,188,
286111.567,refuse,3,187,
286119.231,refuse,2,188,
286126.567,refuse,3,187,
286134.231,refuse,2,188,
286141.567,refuse,3,187,
286149.231,refuse,2,188,
286156.567,refuse,3,187,
286164.231,refuse,2,188,
286171.567,refuse,3,187,
286179.231,refuse,2,188,
286186.567,refuse,3,187,
286194.231,refuse,2,188,
286201.567,refuse,3,187,
286209.231,refuse,2,188,
286216.567,refuse,3,187,
286224.231,refuse,2,188,
286231.567,refuse,3,187,
286239.231,refuse,2,188,
286246.567,refuse,3,187,
286254.231,refuse,2,188,
286261.567,refuse,3,187,
286269.231,refuse,2,188,
286276.567,refuse,3,187,
286284.231,refuse,2,188,
286291.567,refuse,3,187,
286299.231,refuse,2,188,
286306.567,refuse,3,187,
286314.231,refuse,2,188,
286321.567,refuse,3,187,
286329.231,refuse,2,188,
286336.567,refuse,3,187,
286344.231,refuse,2,188,
286351.567,refuse,3,187,
286359.231,refuse,2,188,
286366.567,refuse,3,187,
286374.231,refuse,2,188,
286381.567,refuse,3,187,
286389.231,refuse,2,188,
286396.567,refuse,3,187,
286404.231,refuse,2,188,
286411.567,refuse,3,187,
286419.231,refuse,2,188,
286426.567,refuse,3,187,
286434.231,refuse,2,188,
286441.567,refuse,3,187,
286449.231,refuse,2,188,
286456.567,refuse,3,187,
286464.231,refuse,2,188,
286471.567,refuse,3,187,
286479.231,refuse,2,188,
286486.567,refuse,3,187,
286494.231,refuse,2,188,
286501.567,refuse,3,187,
286509.231,refuse,2,188,
286516.567,refuse,3,187,
286524.231,refuse,2,188,
286531.567,refuse,3,187,
286539.231,refuse,2,188,
286546.567,refuse,3,187,
286554.231,refuse,2,188,
286561.567,refuse,3,187,
286569.231,refuse,2,188,
286576.567,refuse,3,187,
286584.231,refuse,2,188,
286591.567,refuse,3,187,
286599.231,refuse,2,188,
286606.567,refuse,3,187,
286614.231,refuse,2,188,
286621.567,refuse,3,187,
286629.231,refuse,2,188,
286636.567,refuse,3,187,
286644.231,refuse,2,188,
286651.567,refuse,3,187,
286659.231,refuse,2,188,
286666.567,refuse,3,187,
286674.231,refuse,2,188,
286681.567,refuse,3,187,
286689.231,refuse,2,188,
286696.567,refuse,3,187,
286704.231,refuse,2,188,
286711.567,refuse,3,187,
286719.231,refuse,2,188,
286726.567,refuse,3,187,
286734.231,refuse,2,188,
286741.567,refuse,3,187,
286749.231,refuse,2,188,
286756.567,refuse,3,187,
286764.231,refuse,2,188,
286771.567,refuse,3,187,
286779.231,refuse,2,188,
286786.567,refuse,3,187,
286794.231,refuse,2,188,
286801.567,refuse,3,187,
286809.231,refuse,2,188,
286816.567,refuse,3,187,
286824.231,refuse,2,188,
286831.567,refuse,3,187,
286839.231,refuse,2,188,
286846.567,refuse,3,187,
286854.231,refuse,2,188,
286861.567,refuse,3,187,
286869.231,refuse,2,188,
286876.567,refuse,3,187,
286884.231,refuse,2,188,
286891.567,refuse,3,187,
286899.231,refuse,2,188,
286906.567,refuse,3,187,
286914.231,refuse,2,188,
286921.567,refuse,3,187,
286929.231,refuse,2,188,
286936.567,refuse,3,187,
286944.231,refuse,2,188,
286951.567,refuse,3,187,
286959.231,refuse,2,188,
286966.567,refuse,3,187,
286974.231,refuse,2,188,
286981.567,refuse,3,187,
286989.231,refuse,2,188,
286996.567,refuse,3,187,
287004.231,refuse,2,188,
287011.567,refuse,3,187,
287019.231,refuse,2,188,
287026.567,refuse,3,187,
287034.231,refuse,2,188,
287041.567,refuse,3,187,
287049.231,refuse,2,188,
287056.567,refuse,3,187,
287064.231,refuse,2,188,
287071.567,refuse,3,187,
287079.231,refuse,2,188,
287086.567,refuse,3,187,
287094.231,refuse,2,188,
287101.567,refuse,3,187,
287103.558,conflict-at-land,0,155,
287109.231,start,2,188,
287116.567,refuse,3,187,
287118.558,refuse,0,155,
287121.755,conflict-at-land,2,188,
287131.567,start,3,187,
287133.558,refuse,0,155,
287136.755,refuse,2,188,
287141.396,conflict-at-land,3,187,
287148.558,start,0,155,
287151.755,refuse,2,188,
287156.396,refuse,3,187,
287166.755,refuse,2,188,
287171.396,refuse,3,187,
287181.755,refuse,2,188,
287186.396,refuse,3,187,
287196.755,refuse,2,188,
287201.396,refuse,3,187,
287211.755,refuse,2,188,
287216.396,refuse,3,187,
287226.755,refuse,2,188,
287231.396,refuse,3,187,
287241.755,refuse,2,188,
287246.396,refuse,3,187,
287256.755,refuse,2,188,
287261.396,refuse,3,187,
287271.755,refuse,2,188,
287276.396,refuse,3,187,
287286.755,refuse,2,188,
287291.396,refuse,3,187,
287301.755,refuse,2,188,
287306.396,refuse,3,187,
287316.755,refuse,2,188,
287321.396,refuse,3,187,
287331.755,refuse,2,188,
287336.396,refuse,3,187,
287346.755,refuse,2,188,
287351.396,refuse,3,187,
287361.755,refuse,2,188,
287366.396,refuse,3,187,
287376.755,refuse,2,188,
287381.396,refuse,3,187,
287391.755,refuse,2,188,
287396.396,refuse,3,187,
287406.755,refuse,2,188,
287411.396,refuse,3,187,
287421.755,refuse,2,188,
287426.396,refuse,3,187,
287436.755,refuse,2,188,
287441.396,refuse,3,187,
287451.755,refuse,2,188,
287456.396,refuse,3,187,
287466.755,refuse,2,188,
287471.396,refuse,3,187,
287481.755,refuse,2,188,
287486.396,refuse,3,187,
287496.755,refuse,2,188,
287501.396,refuse,3,187,
287511.755,refuse,2,188,
287516.396,refuse,3,187,
287526.755,refuse,2,188,
287531.396,refuse,3,187,
287541.755,refuse,2,188,
287546.396,refuse,3,187,
287556.755,refuse,2,188,
287561.396,refuse,3,187,
287571.755,refuse,2,188,
287576.396,refuse,3,187,
287586.755,refuse,2,188,
287591.396,refuse,3,187,
287601.755,refuse,2,188,
287606.396,refuse,3,187,
287616.755,refuse,2,188,
287621.396,refuse,3,187,
287631.755,refuse,2,188,
287636.396,refuse,3,187,
287646.755,refuse,2,188,
287651.396,refuse,3,187,
287661.755,refuse,2,188,
287666.396,refuse,3,187,
287676.755,refuse,2,188,
287681.396,refuse,3,187,
287691.755,refuse,2,188,
287696.396,refuse,3,187,
287696.396,abandon,3,187,
287696.396,refuse,3,189,
287706.755,refuse,2,188,
287711.396,refuse,3,189,
287721.755,refuse,2,188,
287726.396,refuse,3,189,
287736.755,refuse,2,188,
287741.396,refuse,3,189,
287751.755,refuse,2,188,
287756.396,refuse,3,189,
287766.755,refuse,2,188,
287771.396,refuse,3,189,
287781.755,refuse,2,188,
287786.396,refuse,3,189,
287796.755,refuse,2,188,
287801.396,refuse,3,189,
287811.755,refuse,2,188,
287816.396,refuse,3,189,
287826.755,refuse,2,188,
287831.396,refuse,3,189,
287841.755,refuse,2,188,
287846.396,refuse,3,189,
287856.755,refuse,2,188,
287861.396,refuse,3,189,
287871.755,refuse,2,188,
287876.396,refuse,3,189,
287886.755,refuse,2,188,
287891.396,refuse,3,189,
287901.755,refuse,2,188,
287906.396,refuse,3,189,
287916.755,refuse,2,188,
287921.396,refuse,3,189,
287931.755,refuse,2,188,
287936.396,refuse,3,189,
287946.755,refuse,2,188,
287951.396,refuse,3,189,
287961.755,refuse,2,188,
287966.396,refuse,3,189,
287976.755,refuse,2,188,
287981.396,refuse,3,189,
287991.755,refuse,2,188,
287996.396,refuse,3,189,
288006.755,refuse,2,188,
288011.396,refuse,3,189,
288021.755,refuse,2,188,
288026.396,refuse,3,189,
288036.755,refuse,2,188,
288041.396,refuse,3,189,
288051.755,refuse,2,188,
288056.396,refuse,3,189,
288066.755,refuse,2,188,
288071.396,refuse,3,189,
288081.755,refuse,2,188,
288086.396,refuse,3,189,
288096.755,refuse,2,188,
288101.396,refuse,3,189,
288111.755,refuse,2,188,
288116.396,refuse,3,189,
288126.755,refuse,2,188,
288131.396,refuse,3,189,
288141.755,refuse,2,188,
288146.396,refuse,3,189,
288156.755,refuse,2,188,
288161.396,refuse,3,189,
288171.755,refuse,2,188,
288176.396,refuse,3,189,
288186.755,refuse,2,188,
288191.396,refuse,3,189,
288201.755,refuse,2,188,
288206.396,refuse,3,189,
288216.755,refuse,2,188,
288221.396,refuse,3,189,
288231.755,refuse,2,188,
288236.396,refuse,3,189,
288246.755,refuse,2,188,
288251.396,refuse,3,189,
288261.755,refuse,2,188,
288266.396,refuse,3,189,
288276.755,refuse,2,188,
288281.396,refuse,3,189,
288291.755,refuse,2,188,
288296.396,refuse,3,189,
288306.755,refuse,2,188,
288311.396,refuse,3,189,
288321.755,refuse,2,188,
288326.396,refuse,3,189,
288336.755,refuse,2,188,
288341.396,refuse,3,189,
288351.755,refuse,2,188,
288356.396,refuse,3,189,
288366.755,refuse,2,188,
288366.755,abandon,2,188,
288366.755,refuse,2,190,
288371.396,refuse,3,189,
288381.755,refuse,2,190,
288386.396,refuse,3,189,
288396.755,refuse,2,190,
288401.396,refuse,3,189,
288411.755,refuse,2,190,
288416.396,refuse,3,189,
288426.755,refuse,2,190,
288431.396,refuse,3,189,
288441.755,refuse,2,190,
288446.396,refuse,3,189,
288456.755,refuse,2,190,
288461.396,refuse,3,189,
288471.755,refuse,2,190,
288476.396,refuse,3,189,
288486.755,refuse,2,190,
288491.396,refuse,3,189,
288501.755,refuse,2,190,
288506.396,refuse,3,189,
288516.755,refuse,2,190,
288521.396,refuse,3,189,
288531.755,refuse,2,190,
288536.396,refuse,3,189,
288546.755,refuse,2,190,
288551.396,refuse,3,189,
288561.755,refuse,2,190,
288566.396,refuse,3,189,
288576.755,refuse,2,190,
288581.396,refuse,3,189,
288591.755,refuse,2,190,
288596.396,refuse,3,189,
288606.755,refuse,2,190,
288611.396,refuse,3,189,
288621.755,refuse,2,190,
288626.396,refuse,3,189,
288636.755,refuse,2,190,
288641.396,refuse,3,189,
288651.755,refuse,2,190,
288656.396,refuse,3,189,
288666.755,refuse,2,190,
288671.396,refuse,3,189,
288681.755,refuse,2,190,
288686.396,refuse,3,189,
288696.755,refuse,2,190,
288701.396,refuse,3,189,
288711.755,refuse,2,190,
288716.396,refuse,3,189,
288726.755,refuse,2,190,
288731.396,refuse,3,189,
288741.755,refuse,2,190,
288746.396,refuse,3,189,
288756.755,refuse,2,190,
288761.396,refuse,3,189,
288771.755,refuse,2,190,
288776.396,refuse,3,189,
288786.755,refuse,2,190,
288791.396,refuse,3,189,
288801.755,refuse,2,190,
288806.396,refuse,3,189,
288816.755,refuse,2,190,
288821.396,refuse,3,189,
288831.755,refuse,2,190,
288836.396,refuse,3,189,
288846.755,refuse,2,190,
288851.396,refuse,3,189,
288861.755,refuse,2,190,
288866.396,refuse,3,189,
288876.755,refuse,2,190,
288881.396,refuse,3,189,
288891.755,refuse,2,190,
288896.396,refuse,3,189,
288906.755,refuse,2,190,
288911.396,refuse,3,189,
288921.755,refuse,2,190,
288926.396,refuse,3,189,
288936.755,refuse,2,190,
288941.396,refuse,3,189,
288945.881,conflict-at-land,0,155,
288951.755,start,2,190,
288956.396,refuse,3,189,
288958.577,conflict-at-land,2,190,
288960.881,start,0,155,
288971.396,refuse,3,189,
288973.577,refuse,2,190,
288986.396,refuse,3,189,
288988.577,refuse,2,190,
289001.396,refuse,3,189,
289003.577,refuse,2,190,
289016.396,refuse,3,189,
289018.577,refuse,2,190,
289031.396,refuse,3,189,
289033.577,refuse,2,190,
289046.396,refuse,3,189,
289048.577,refuse,2,190,
289061.396,refuse,3,189,
289063.577,refuse,2,190,
289076.396,refuse,3,189,
289078.577,refuse,2,190,
289091.396,refuse,3,189,
289093.577,refuse,2,190,
289106.396,refuse,3,189,
289108.577,refuse,2,190,
289121.396,refuse,3,189,
289123.577,refuse,2,190,
289136.396,refuse,3,189,
289138.577,refuse,2,190,
289151.396,refuse,3,189,
289153.577,refuse,2,190,
289166.396,refuse,3,189,
289168.577,refuse,2,190,
289181.396,refuse,3,189,
289183.577,refuse,2,190,
289196.396,refuse,3,189,
289198.577,refuse,2,190,
289211.396,refuse,3,189,
289213.577,refuse,2,190,
289226.396,refuse,3,189,
289228.577,refuse,2,190,
289241.396,refuse,3,189,
289243.577,refuse,2,190,
289256.396,refuse,3,189,
289258.577,refuse,2,190,
289271.396,refuse,3,189,
289273.577,refuse,2,190,
289286.396,refuse,3,189,
289288.577,refuse,2,190,
289301.396,refuse,3,189,
289303.577,refuse,2,190,
289316.396,refuse,3,189,
289318.577,refuse,2,190,
289331.396,refuse,3,189,
289333.577,refuse,2,190,
289346.396,refuse,3,189,
289348.577,refuse,2,190,
289361.396,refuse,3,189,
289363.577,refuse,2,190,
289376.396,refuse,3,189,
289378.577,refuse,2,190,
289391.396,refuse,3,189,
289393.577,refuse,2,190,
289406.396,refuse,3,189,
289408.577,refuse,2,190,
289421.396,refuse,3,189,
289423.577,refuse,2,190,
289436.396,refuse,3,189,
289438.577,refuse,2,190,
289451.396,refuse,3,189,
289453.577,refuse,2,190,
289466.396,refuse,3,189,
289468.577,refuse,2,190,
289481.396,refuse,3,189,
289483.577,refuse,2,190,
289496.396,refuse,3,189,
289498.577,refuse,2,190,
289511.396,refuse,3,189,
289513.577,refuse,2,190,
289526.396,refuse,3,189,
289528.577,refuse,2,190,
289541.396,refuse,3,189,
289543.577,refuse,2,190,
289556.396,refuse,3,189,
289558.577,refuse,2,190,
289571.396,refuse,3,189,
289573.577,refuse,2,190,
289586.396,refuse,3,189,
289588.577,refuse,2,190,
289601.396,refuse,3,189,
289603.577,refuse,2,190,
289616.396,refuse,3,189,
289618.577,refuse,2,190,
289631.396,refuse,3,189,
289633.577,refuse,2,190,
289646.396,refuse,3,189,
289648.577,refuse,2,190,
289661.396,refuse,3,189,
289663.577,refuse,2,190,
289676.396,refuse,3,189,
289678.577,refuse,2,190,
289691.396,refuse,3,189,
289693.577,refuse,2,190,
289706.396,refuse,3,189,
289708.577,refuse,2,190,
289721.396,refuse,3,189,
289723.577,refuse,2,190,
289736.396,refuse,3,189,
289738.577,refuse,2,190,
289751.396,refuse,3,189,
289753.577,refuse,2,190,
289766.396,refuse,3,189,
289768.577,refuse,2,190,
289781.396,refuse,3,189,
289783.577,refuse,2,190,
289796.396,refuse,3,189,
289798.577,refuse,2,190,
289811.396,refuse,3,189,
289813.577,refuse,2,190,
289826.396,refuse,3,189,
289828.577,refuse,2,190,
289841.396,refuse,3,189,
289843.577,refuse,2,190,
289856.396,refuse,3,189,
289858.577,refuse,2,190,
289871.396,refuse,3,189,
289873.577,refuse,2,190,
289886.396,refuse,3,189,
289888.577,refuse,2,190,
289901.396,refuse,3,189,
289903.577,refuse,2,190,
289916.396,refuse,3,189,
289918.577,refuse,2,190,
289931.396,refuse,3,189,
289933.577,refuse,2,190,
289946.396,refuse,3,189,
289948.577,refuse,2,190,
289961.396,refuse,3,189,
289963.577,refuse,2,190,
289976.396,refuse,3,189,
289978.577,refuse,2,190,
289991.396,refuse,3,189,
289993.577,refuse,2,190,
290006.396,refuse,3,189,
290008.577,refuse,2,190,
290021.396,refuse,3,189,
290023.577,refuse,2,190,
290036.396,refuse,3,189,
290038.577,refuse,2,190,
290051.396,refuse,3,189,
290053.577,refuse,2,190,
290066.396,refuse,3,189,
290068.577,refuse,2,190,
290081.396,refuse,3,189,
290083.577,refuse,2,190,
290096.396,refuse,3,189,
290098.577,refuse,2,190,
290111.396,refuse,3,189,
290113.577,refuse,2,190,
290126.396,refuse,3,189,
290128.577,refuse,2,190,
290141.396,refuse,3,189,
290143.577,refuse,2,190,
290156.396,refuse,3,189,
290158.577,refuse,2,190,
290171.396,refuse,3,189,
290173.577,refuse,2,190,
290186.396,refuse,3,189,
290188.577,refuse,2,190,
290201.396,refuse,3,189,
290203.577,refuse,2,190,
290216.396,refuse,3,189,
290218.577,refuse,2,190,
290231.396,refuse,3,189,
290233.577,refuse,2,190,
290246.396,refuse,3,189,
290248.577,refuse,2,190,
290261.396,refuse,3,189,
290263.577,refuse,2,190,
290276.396,refuse,3,189,
290278.577,refuse,2,190,
290291.396,refuse,3,189,
290293.577,refuse,2,190,
290306.396,refuse,3,189,
290308.577,refuse,2,190,
290321.396,refuse,3,189,
290323.577,refuse,2,190,
290336.396,refuse,3,189,
290338.577,refuse,2,190,
290351.396,refuse,3,189,
290353.577,refuse,2,190,
290366.396,refuse,3,189,
290368.577,refuse,2,190,
290381.396,refuse,3,189,
290383.577,refuse,2,190,
290396.396,refuse,3,189,
290398.577,refuse,2,190,
290411.396,refuse,3,189,
290413.577,refuse,2,190,
290426.396,refuse,3,189,
290428.577,refuse,2,190,
290441.396,refuse,3,189,
290443.577,refuse,2,190,
290456.396,refuse,3,189,
290458.577,refuse,2,190,
290471.396,refuse,3,189,
290473.577,refuse,2,190,
290486.396,refuse,3,189,
290488.577,refuse,2,190,
290501.396,refuse,3,189,
290503.577,refuse,2,190,
290516.396,refuse,3,189,
290518.577,refuse,2,190,
290531.396,refuse,3,189,
290533.577,refuse,2,190,
290546.396,refuse,3,189,
290548.577,refuse,2,190,
290561.396,refuse,3,189,
290563.577,refuse,2,190,
290576.396,refuse,3,189,
290578.577,refuse,2,190,
290591.396,refuse,3,189,
290593.577,refuse,2,190,
290606.396,refuse,3,189,
290608.577,refuse,2,190,
290621.396,refuse,3,189,
290623.577,refuse,2,190,
290636.396,refuse,3,189,
290638.577,refuse,2,190,
290651.396,refuse,3,189,
290653.577,refuse,2,190,
290666.396,refuse,3,189,
290668.577,refuse,2,190,
290681.396,refuse,3,189,
290683.577,refuse,2,190,
290696.396,refuse,3,189,
290696.396,abandon,3,189,
290696.396,start,3,191,
290698.577,refuse,2,190,
290713.577,refuse,2,190,
290728.577,refuse,2,190,
290743.577,refuse,2,190,
290758.577,refuse,2,190,
290773.577,refuse,2,190,
290788.577,refuse,2,190,
290796.465,conflict-at-land,0,155,
290803.577,start,2,190,
290808.908,conflict-at-land,2,190,
290811.465,start,0,155,
290823.908,refuse,2,190,
290838.908,refuse,2,190,
290853.908,refuse,2,190,
290860.675,land,3,191,
290860.675,start,3,192,
290867.133,land,3,192,
290867.133,start,3,193,
290868.908,refuse,2,190,
290883.908,refuse,2,190,
290889.695,conflict-at-land,3,193,
290898.908,refuse,2,190,
290904.695,start,3,193,
290913.908,refuse,2,190,
290924.435,conflict-at-land,3,193,
290928.908,refuse,2,190,
290939.435,start,3,193,
290943.908,refuse,2,190,
290952.285,conflict-at-land,3,193,
290958.908,refuse,2,190,
290967.285,start,3,193,
290973.908,refuse,2,190,
290985.052,conflict-at-land,3,193,
290988.908,refuse,2,190,
291000.052,start,3,193,
291003.908,refuse,2,190,
291012.793,conflict-at-land,3,193,
291018.908,refuse,2,190,
291027.793,start,3,193,
291033.908,refuse,2,190,
291043.847,conflict-at-land,3,193,
291048.908,refuse,2,190,
291058.847,start,3,193,
291063.908,refuse,2,190,
291078.908,refuse,2,190,
291081.199,conflict-at-land,3,193,
291093.908,refuse,2,190,
291096.199,start,3,193,
291108.908,refuse,2,190,
291112.676,conflict-at-land,3,193,
291123.908,refuse,2,190,
291127.676,start,3,193,
291138.908,refuse,2,190,
291144.719,conflict-at-land,3,193,
291153.908,refuse,2,190,
291159.719,start,3,193,
291168.908,refuse,2,190,
291182.29,conflict-at-land,3,193,
291183.908,refuse,2,190,
291197.29,start,3,193,
291198.908,refuse,2,190,
291213.908,refuse,2,190,
291217.493,conflict-at-land,3,193,
291228.908,refuse,2,190,
291232.493,start,3,193,
291243.908,refuse,2,190,
291246.27,conflict-at-land,3,193,
291258.908,refuse,2,190,
291261.27,start,3,193,
291273.908,refuse,2,190,
291284.529,conflict-at-land,3,193,
291288.908,refuse,2,190,
291299.529,start,3,193,
291303.908,refuse,2,190,
291318.908,refuse,2,190,
291319.23,conflict-at-land,3,193,
291333.908,refuse,2,190,
291334.23,start,3,193,
291348.908,refuse,2,190,
291356.308,conflict-at-land,3,193,
291363.908,refuse,2,190,
291371.308,start,3,193,
291378.908,refuse,2,190,
291378.908,abandon,2,190,
291378.908,start,2,194,
291386.684,land,2,194,
291386.684,refuse,2,195,
291392.825,conflict-at-land,3,193,
291401.684,start,2,195,
291407.825,refuse,3,193,
291420.881,land,2,195,
291420.881,start,2,196,
291422.825,start,3,193,
291425.334,land,2,196,
291425.334,start,2,197,
291431.348,land,2,197,
291431.348,refuse,2,198,
291435.651,conflict-at-land,3,193,
291446.348,start,2,198,
291450.651,refuse,3,193,
291463.151,land,2,198,
291463.151,start,2,199,
291465.651,refuse,3,193,
291480.651,refuse,3,193,
291495.651,refuse,3,193,
291508.13,land,2,199,
291510.651,start,3,193,
291524.707,conflict-at-land,3,193,
291539.707,start,3,193,
291560.85,conflict-at-land,3,193,
291575.85,start,3,193,
291591.732,conflict-at-land,3,193,
291606.732,start,3,193,
291624.473,conflict-at-land,3,193,
291639.473,start,3,193,
291652.738,conflict-at-land,3,193,
291667.738,start,3,193,
291681.951,conflict-at-land,3,193,
291696.951,start,3,193,
291709.56,conflict-at-land,3,193,
291724.56,start,3,193,
291743.597,conflict-at-land,3,193,
291758.597,start,3,193,
291771.597,conflict-at-land,3,193,
291786.597,start,3,193,
291800.455,conflict-at-land,3,193,
291815.455,start,3,193,
291832.251,conflict-at-land,3,193,
291847.251,start,3,193,
291870.282,conflict-at-land,3,193,
291885.282,start,3,193,
291903.542,conflict-at-land,3,193,
291918.542,start,3,193,
291937.434,conflict-at-land,3,193,
291952.434,start,3,193,
291968.356,conflict-at-land,3,193,
291983.356,start,3,193,
291996.03,conflict-at-land,3,193,
292011.03,start,3,193,
292023.873,conflict-at-land,3,193,
292038.873,start,3,193,
292057.205,conflict-at-land,3,193,
292072.205,start,3,193,
292095.417,conflict-at-land,3,193,
292110.417,start,3,193,
292129.891,conflict-at-land,3,193,
292144.891,start,3,193,
292160.497,conflict-at-land,3,193,
292175.497,start,3,193,
292192.027,conflict-at-land,3,193,
292207.027,start,3,193,
292229.982,conflict-at-land,3,193,
292244.982,start,3,193,
292259.885,conflict-at-land,3,193,
292274.885,start,3,193,
292297.218,conflict-at-land,3,193,
292312.218,start,3,193,
292329.45,conflict-at-land,3,193,
292344.45,start,3,193,
292364.849,conflict-at-land,3,193,
292379.849,start,3,193,
292397.874,conflict-at-land,3,193,
292412.874,start,3,193,
292426.007,conflict-at-land,3,193,
292441.007,start,3,193,
292455.004,conflict-at-land,3,193,
292470.004,start,3,193,
292491.339,conflict-at-land,3,193,
292506.339,start,3,193,
292525.683,conflict-at-land,3,193,
292540.683,start,3,193,
292560.236,conflict-at-land,3,193,
292575.236,start,3,193,
292597.955,conflict-at-land,3,193,
292612.955,start,3,193,
292623.203,conflict-at-land,0,155,
292634.758,conflict-at-land,3,193,
292638.203,start,0,155,
292649.758,start,3,193,
292672.568,conflict-at-land,3,193,
292687.568,start,3,193,
292705.512,conflict-at-land,3,193,
292720.512,start,3,193,
292739.578,conflict-at-land,3,193,
292754.578,start,3,193,
292768.793,conflict-at-land,3,193,
292783.793,start,3,193,
292803.955,conflict-at-land,3,193,
292818.955,start,3,193,
292834.26,conflict-at-land,3,193,
292849.26,start,3,193,
292862.51,conflict-at-land,3,193,
292877.51,start,3,193,
292895.861,conflict-at-land,3,193,
292910.861,start,3,193,
292924.236,conflict-at-land,3,193,
292939.236,start,3,193,
292961.953,conflict-at-land,3,193,
292976.953,start,3,193,
293000.098,conflict-at-land,3,193,
293015.098,start,3,193,
293035.813,conflict-at-land,3,193,
293050.813,start,3,193,
293065.109,conflict-at-land,3,193,
293080.109,start,3,193,
293097.976,conflict-at-land,3,193,
293112.976,start,3,193,
293129.619,conflict-at-land,3,193,
293144.619,start,3,193,
293166.808,conflict-at-land,3,193,
293181.808,start,3,193,
293202.653,conflict-at-land,3,193,
293217.653,start,3,193,
293233.466,conflict-at-land,3,193,
293248.466,start,3,193,
293270.33,conflict-at-land,3,193,
293285.33,start,3,193,
293299.79,conflict-at-land,3,193,
293314.79,start,3,193,
293330.651,conflict-at-land,3,193,
293345.651,start,3,193,
293358.565,conflict-at-land,3,193,
293373.565,start,3,193,
293388.791,conflict-at-land,3,193,
293403.791,start,3,193,
293424.39,conflict-at-land,3,193,
293439.39,start,3,193,
293452.823,conflict-at-land,3,193,
293467.823,start,3,193,
293483.613,conflict-at-land,3,193,
293498.613,start,3,193,
293519.98,conflict-at-land,3,193,
293534.98,start,3,193,
293548.647,conflict-at-land,3,193,
293563.647,start,3,193,
293586.369,conflict-at-land,3,193,
293601.369,start,3,193,
293616.353,conflict-at-land,3,193,
293631.353,start,3,193,
293652.19,conflict-at-land,3,193,
293667.19,start,3,193,
293683.693,conflict-at-land,3,193,
293698.693,start,3,193,
293716.15,conflict-at-land,3,193,
293731.15,start,3,193,
293747.238,conflict-at-land,3,193,
293762.238,start,3,193,
293780.733,conflict-at-land,3,193,
293795.733,start,3,193,
293813.156,conflict-at-land,3,193,
293828.156,start,3,193,
293845.447,conflict-at-land,3,193,
293860.447,start,3,193,
293878.725,conflict-at-land,3,193,
293893.725,start,3,193,
293907.535,conflict-at-land,3,193,
293922.535,start,3,193,
293941.603,conflict-at-land,3,193,
293956.603,start,3,193,
293971.972,conflict-at-land,3,193,
293986.972,start,3,193,
294004.595,conflict-at-land,3,193,
294019.595,start,3,193,
294036.288,conflict-at-land,3,193,
294051.288,start,3,193,
294064.94,conflict-at-land,3,193,
294079.94,start,3,193,
294096.145,conflict-at-land,3,193,
294111.145,start,3,193,
294130.499,conflict-at-land,3,193,
294145.499,start,3,193,
294158.213,conflict-at-land,3,193,
294173.213,start,3,193,
294187.689,conflict-at-land,3,193,
294202.689,start,3,193,
294225.197,conflict-at-land,3,193,
294240.197,start,3,193,
294257.448,conflict-at-land,3,193,
294272.448,start,3,193,
294285.369,conflict-at-land,3,193,
294292.396,conflict-at-land,0,155,
294300.369,start,3,193,
294307.396,start,0,155,
294320.872,conflict-at-land,3,193,
294335.872,start,3,193,
294354.932,conflict-at-land,3,193,
294369.932,start,3,193,
294382.96,conflict-at-land,3,193,
294397.96,start,3,193,
294421.351,conflict-at-land,3,193,
294436.351,start,3,193,
294449.242,conflict-at-land,3,193,
294464.242,start,3,193,
294483.893,conflict-at-land,3,193,
294498.893,start,3,193,
294516.365,conflict-at-land,3,193,
294531.365,start,3,193,
294553.058,conflict-at-land,3,193,
294568.058,start,3,193,
294586.381,conflict-at-land,3,193,
294601.381,start,3,193,
294618.868,conflict-at-land,3,193,
294633.868,start,3,193,
294654.179,conflict-at-land,3,193,
294669.179,start,3,193,
294682.614,conflict-at-land,3,193,
294697.614,start,3,193,
294718.055,conflict-at-land,3,193,
294733.055,start,3,193,
294755.498,conflict-at-land,3,193,
294770.498,start,3,193,
294787.711,conflict-at-land,3,193,
294802.711,start,3,193,
294820.626,conflict-at-land,3,193,
294835.626,start,3,193,
294852.865,conflict-at-land,3,193,
294867.865,start,3,193,
294884.694,conflict-at-land,3,193,
294899.694,start,3,193,
294919.065,conflict-at-land,3,193,
294934.065,start,3,193,
294952.822,conflict-at-land,3,193,
294967.822,start,3,193,
294988.227,conflict-at-land,3,193,
295003.227,start,3,193,
295022.751,conflict-at-land,3,193,
295037.751,start,3,193,
295051.454,conflict-at-land,3,193,
295066.454,start,3,193,
295087.325,conflict-at-land,3,193,
295102.325,start,3,193,
295120.819,conflict-at-land,3,193,
295135.819,start,3,193,
295150.092,conflict-at-land,3,193,
295165.092,start,3,193,
295187.79,conflict-at-land,3,193,
295202.79,start,3,193,
295217.714,conflict-at-land,3,193,
295232.714,start,3,193,
295253.338,conflict-at-land,3,193,
295268.338,start,3,193,
295284.648,conflict-at-land,3,193,
295299.648,start,3,193,
295320.103,conflict-at-land,3,193,
295335.103,start,3,193,
295354.6,conflict-at-land,3,193,
295369.6,start,3,193,
295383.314,conflict-at-land,3,193,
295398.314,start,3,193,
295417.348,conflict-at-land,3,193,
295432.348,start,3,193,
295451.931,conflict-at-land,3,193,
295466.931,start,3,193,
295484.854,conflict-at-land,3,193,
295499.854,start,3,193,
295522.563,conflict-at-land,3,193,
295537.563,start,3,193,
295550.571,conflict-at-land,3,193,
295565.571,start,3,193,
295585.306,conflict-at-land,3,193,
295600.306,start,3,193,
295613.96,conflict-at-land,3,193,
295628.96,start,3,193,
295646.884,conflict-at-land,3,193,
295661.884,start,3,193,
295676.18,conflict-at-land,3,193,
295691.18,start,3,193,
295713.081,conflict-at-land,3,193,
295728.081,start,3,193,
295744.48,conflict-at-land,3,193,
295759.48,start,3,193,
295775.577,conflict-at-land,3,193,
295790.577,start,3,193,
295805.182,conflict-at-land,3,193,
295820.182,start,3,193,
295839.161,conflict-at-land,3,193,
295854.161,start,3,193,
295869.071,conflict-at-land,3,193,
295884.071,start,3,193,
295903.406,conflict-at-land,3,193,
295918.406,start,3,193,
295936.834,conflict-at-land,3,193,
295951.834,start,3,193,
295965.608,conflict-at-land,3,193,
295980.608,start,3,193,
295994.896,conflict-at-land,3,193,
296009.896,start,3,193,
296023.804,conflict-at-land,3,193,
296038.804,start,3,193,
296051.882,conflict-at-land,3,193,
296066.882,start,3,193,
296086.905,conflict-at-land,3,193,
296101.905,start,3,193,
296120.13,conflict-at-land,3,193,
296135.13,start,3,193,
296154.537,conflict-at-land,3,193,
296169.537,start,3,193,
296188.432,conflict-at-land,3,193,
296203.432,start,3,193,
296224.958,conflict-at-land,3,193,
296239.958,start,3,193,
296259.92,conflict-at-land,3,193,
296267.88,conflict-at-land,0,155,
296274.92,start,3,193,
296282.88,start,0,155,
296297.687,conflict-at-land,3,193,
296312.687,start,3,193,
296333.244,conflict-at-land,3,193,
296348.244,start,3,193,
296366.855,conflict-at-land,3,193,
296381.855,start,3,193,
296395.699,conflict-at-land,3,193,
296410.699,start,3,193,
296429.333,conflict-at-land,3,193,
296444.333,start,3,193,
296459.601,conflict-at-land,3,193,
296474.601,start,3,193,
296491.712,conflict-at-land,3,193,
296506.712,start,3,193,
296525.792,conflict-at-land,3,193,
296540.792,start,3,193,
296555.183,conflict-at-land,3,193,
296570.183,start,3,193,
296586.328,conflict-at-land,3,193,
296601.328,start,3,193,
296622.54,conflict-at-land,3,193,
296637.54,start,3,193,
296659.437,conflict-at-land,3,193,
296674.437,start,3,193,
296695.193,conflict-at-land,3,193,
296710.193,start,3,193,
296724.632,conflict-at-land,3,193,
296739.632,start,3,193,
296756.211,conflict-at-land,3,193,
296771.211,start,3,193,
296793.067,conflict-at-land,3,193,
296808.067,start,3,193,
296829.898,conflict-at-land,3,193,
296844.898,start,3,193,
296864.638,conflict-at-land,3,193,
296879.638,start,3,193,
296901.982,conflict-at-land,3,193,
296916.982,start,3,193,
296939.302,conflict-at-land,3,193,
296954.302,start,3,193,
296975.446,conflict-at-land,3,193,
296990.446,start,3,193,
297013.055,conflict-at-land,3,193,
297028.055,start,3,193,
297045.178,conflict-at-land,3,193,
297060.178,start,3,193,
297082.277,conflict-at-land,3,193,
297097.277,start,3,193,
297111.565,conflict-at-land,3,193,
297126.565,start,3,193,
297145.496,conflict-at-land,3,193,
297160.496,start,3,193,
297179.852,conflict-at-land,3,193,
297194.852,start,3,193,
297212.648,conflict-at-land,3,193,
297227.648,start,3,193,
297243.162,conflict-at-land,3,193,
297258.162,start,3,193,
297277.7,conflict-at-land,3,193,
297292.7,start,3,193,
297310.758,conflict-at-land,3,193,
297325.758,start,3,193,
297344.49,conflict-at-land,3,193,
297359.49,start,3,193,
297380.238,conflict-at-land,3,193,
297380.238,abandon,3,193,
298234.952,conflict-at-land,0,155,
298249.952,start,0,155,
300015.459,conflict-at-land,0,155,
300030.459,start,0,155,
300117.133,conflict-at-land,1,8,
300132.133,start,1,8,
301775.717,conflict-at-land,0,155,
301790.717,start,0,155,
303947.855,conflict-at-land,0,155,
303962.855,start,0,155,
305997.515,conflict-at-land,0,155,
306012.515,start,0,155,
308139.639,conflict-at-land,0,155,
308154.639,start,0,155,
310140.09,conflict-at-land,0,155,
310155.09,start,0,155,
312429.422,conflict-at-land,0,155,
312444.422,start,0,155,
313943.211,conflict-at-land,0,155,
313958.211,start,0,155,
315339.868,conflict-at-land,0,155,
315354.868,start,0,155,
316767.584,conflict-at-land,0,155,
316782.584,start,0,155,
318755.325,conflict-at-land,0,155,
318770.325,start,0,155,
320104.673,conflict-at-land,0,155,
320119.673,start,0,155,
321414.814,conflict-at-land,0,155,
321429.814,start,0,155,
323624.948,conflict-at-land,0,155,
323639.948,start,0,155,
325468.522,conflict-at-land,0,155,
325483.522,start,0,155,
326776.687,conflict-at-land,0,155,
326791.687,start,0,155,
328553.661,conflict-at-land,0,155,
328568.661,start,0,155,
330294.845,conflict-at-land,0,155,
330309.845,start,0,155,
331570.245,conflict-at-land,0,155,
331585.245,start,0,155,
333341.195,conflict-at-land,0,155,
333356.195,start,0,155,
334890.892,conflict-at-land,0,155,
334905.892,start,0,155,
336913.958,conflict-at-land,0,155,
336928.958,start,0,155,
337402.336,conflict-at-land,1,8,
337417.336,start,1,8,
338670.458,conflict-at-land,0,155,
338685.458,start,0,155,
340249.093,conflict-at-land,0,155,
340264.093,start,0,155,
342166.745,conflict-at-land,0,155,
342181.745,start,0,155,
344319.362,conflict-at-land,0,155,
344334.362,start,0,155,
346568.619,conflict-at-land,0,155,
346583.619,start,0,155,
348067.335,conflict-at-land,0,155,
348082.335,start,0,155,
350368.539,conflict-at-land,0,155,
350383.539,start,0,155,
351691.384,conflict-at-land,0,155,
351706.384,start,0,155,
353965.137,conflict-at-land,0,155,
353980.137,start,0,155,
355975.235,conflict-at-land,0,155,
355990.235,start,0,155,
357531.114,conflict-at-land,0,155,
357546.114,start,0,155,
359622.376,conflict-at-land,0,155,
359637.376,start,0,155,
360979.365,conflict-at-land,0,155,
360994.365,start,0,155,
363038.225,conflict-at-land,0,155,
363053.225,start,0,155,
364432.856,conflict-at-land,0,155,
364447.856,start,0,155,
366061.502,conflict-at-land,0,155,
366076.502,start,0,155,
367479.953,conflict-at-land,0,155,
367494.953,start,0,155,
369515.484,conflict-at-land,0,155,
369530.484,start,0,155,
371797.994,conflict-at-land,0,155,
371812.994,start,0,155,
373158.667,conflict-at-land,0,155,
373173.667,start,0,155,
375464.045,conflict-at-land,0,155,
375479.045,start,0,155,
376414.851,conflict-at-land,1,8,
376429.851,start,1,8,
376922.048,conflict-at-land,0,155,
376937.048,start,0,155,
378842.804,conflict-at-land,0,155,
378857.804,start,0,155,
380136.255,conflict-at-land,0,155,
380151.255,start,0,155,
381737.847,conflict-at-land,0,155,
381752.847,start,0,155,
383914.982,conflict-at-land,0,155,
383929.982,start,0,155,
385564.2,conflict-at-land,0,155,
385579.2,start,0,155,
387200.325,conflict-at-land,0,155,
387215.325,start,0,155,
389096.61,conflict-at-land,0,155,
389111.61,start,0,155,
391094.188,conflict-at-land,0,155,
391109.188,start,0,155,
393144.823,conflict-at-land,0,155,
393159.823,start,0,155,
394889.693,conflict-at-land,0,155,
394904.693,start,0,155,
396862.01,conflict-at-land,0,155,
396877.01,start,0,155,
398463.534,conflict-at-land,0,155,
398478.534,start,0,155,
400538.046,conflict-at-land,0,155,
400553.046,start,0,155,
401808.08,conflict-at-land,0,155,
401823.08,start,0,155,
403597.952,conflict-at-land,0,155,
403612.952,start,0,155,
403651.73,conflict-at-land,1,8,
403666.73,start,1,8,
404984.14,conflict-at-land,0,155,
404999.14,start,0,155,
407113.463,conflict-at-land,0,155,
407128.463,start,0,155,
408625.557,conflict-at-land,0,155,
408640.557,start,0,155,
410670.674,conflict-at-land,0,155,
410685.674,start,0,155,
412960.847,conflict-at-land,0,155,
412975.847,start,0,155,
414933.857,conflict-at-land,0,155,
414948.857,start,0,155,
416954.243,conflict-at-land,0,155,
416969.243,start,0,155,
419259.616,conflict-at-land,0,155,
419274.616,start,0,155,
421186.311,conflict-at-land,0,155,
421201.311,start,0,155,
423460.183,conflict-at-land,0,155,
423475.183,start,0,155,
425107.577,conflict-at-land,0,155,
425122.577,start,0,155,
426709.065,conflict-at-land,1,8,
426724.065,start,1,8,
427308.046,conflict-at-land,0,155,
427323.046,start,0,155,
429600.942,conflict-at-land,0,155,
429615.942,start,0,155,
431059.318,conflict-at-land,0,155,
431074.318,start,0,155,
432540.349,conflict-at-land,0,155,
432555.349,start,0,155,
434121.545,conflict-at-land,0,155,
434136.545,start,0,155,
436191.814,conflict-at-land,0,155,
436206.814,start,0,155,
438208.598,conflict-at-land,0,155,
438223.598,start,0,155,
440308.905,conflict-at-land,0,155,
440323.905,start,0,155,
441836.2,conflict-at-land,0,155,
441851.2,start,0,155,
443500.973,conflict-at-land,0,155,
443515.973,start,0,155,
445086.944,conflict-at-land,0,155,
445101.944,start,0,155,
447212.852,conflict-at-land,0,155,
447227.852,start,0,155,
448674.348,conflict-at-land,0,155,
448689.348,start,0,155,
450645.566,conflict-at-land,0,155,
450660.566,start,0,155,
452383.505,conflict-at-land,0,155,
452398.505,start,0,155,
453797.823,conflict-at-land,0,155,
453812.823,start,0,155,
455446.663,conflict-at-land,0,155,
455461.663,start,0,155,
457028.614,conflict-at-land,0,155,
457043.614,start,0,155,
458530.369,conflict-at-land,0,155,
458545.369,start,0,155,
459559.883,conflict-at-land,1,8,
459574.883,start,1,8,
460274.288,conflict-at-land,0,155,
460289.288,start,0,155,
462554.646,conflict-at-land,0,155,
462569.646,start,0,155,
464821.052,conflict-at-land,0,155,
464836.052,start,0,155,
466443.163,conflict-at-land,0,155,
466458.163,start,0,155,
468571.484,conflict-at-land,0,155,
468586.484,start,0,155,
470770.96,conflict-at-land,0,155,
470785.96,start,0,155,
472377.741,conflict-at-land,0,155,
472392.741,start,0,155,
474096.118,conflict-at-land,0,155,
474096.118,abandon,0,155,
496370.673,conflict-at-land,1,8,
496385.673,start,1,8,
532166.477,conflict-at-land,1,8,
532181.477,start,1,8,
568359.708,conflict-at-land,1,8,
568374.708,start,1,8,
604085.688,conflict-at-land,1,8,
604100.688,start,1,8,
636226.306,conflict-at-land,1,8,
636241.306,start,1,8,
672237.529,conflict-at-land,1,8,
672252.529,start,1,8,
696069.626,conflict-at-land,1,8,
696084.626,start,1,8,
727717.029,conflict-at-land,1,8,
727732.029,start,1,8,
752198.424,conflict-at-land,1,8,
752213.424,start,1,8,
792839.449,conflict-at-land,1,8,
792854.449,start,1,8,
834006.284,conflict-at-land,1,8,
834021.284,start,1,8,
859837.745,conflict-at-land,1,8,
859852.745,start,1,8,
886601.401,conflict-at-land,1,8,
886616.401,start,1,8,
912426.621,conflict-at-land,1,8,
912441.621,start,1,8,
940969.39,conflict-at-land,1,8,
940984.39,start,1,8,
971249.86,conflict-at-land,1,8,
971264.86,start,1,8,
1012196.48,conflict-at-land,1,8,
1012211.48,start,1,8,
1038517.087,conflict-at-land,1,8,
1038532.087,start,1,8,
1072796.813,conflict-at-land,1,8,
1072811.813,start,1,8,
1095727.945,conflict-at-land,1,8,
1095742.945,start,1,8,
1130720.232,conflict-at-land,1,8,
1130735.232,start,1,8,
1167784.999,conflict-at-land,1,8,
1167799.999,start,1,8,
1195605.087,conflict-at-land,1,8,
1195620.087,start,1,8,
1229029.703,conflict-at-land,1,8,
1229044.703,start,1,8,
1253192.329,conflict-at-land,1,8,
1253207.329,start,1,8,
1293414.601,conflict-at-land,1,8,
1293429.601,start,1,8,
1323659.127,conflict-at-land,1,8,
1323674.127,start,1,8,
1357386.316,conflict-at-land,1,8,
1357401.316,start,1,8,
1399013.119,conflict-at-land,1,8,
1399028.119,start,1,8,
1422423.812,conflict-at-land,1,8,
1422438.812,start,1,8,
1448899.243,conflict-at-land,1,8,
1448914.243,start,1,8,
1480750.193,conflict-at-land,1,8,
1480765.193,start,1,8,
1522374.613,conflict-at-land,1,8,
1522389.613,start,1,8,
1549239.155,conflict-at-land,1,8,
1549254.155,start,1,8,
1578187.527,conflict-at-land,1,8,
1578202.527,start,1,8,
1610308.114,conflict-at-land,1,8,
1610323.114,start,1,8,
1642913.935,conflict-at-land,1,8,
1642928.935,start,1,8,
1679364.245,conflict-at-land,1,8,
1679379.245,start,1,8,
1707147.83,conflict-at-land,1,8,
1707162.83,start,1,8,
1732936.316,conflict-at-land,1,8,
1732951.316,start,1,8,
1763448.246,conflict-at-land,1,8,
1763463.246,start,1,8,
1803014.224,conflict-at-land,1,8,
1803029.224,start,1,8,
1842487.069,conflict-at-land,1,8,
1842502.069,start,1,8,
1880923.711,conflict-at-land,1,8,
1880938.711,start,1,8,
1907969.757,conflict-at-land,1,8,
1907984.757,start,1,8,
1938528.921,conflict-at-land,1,8,
1938543.921,start,1,8,
1969872.148,conflict-at-land,1,8,
1969887.148,start,1,8,
2006428.077,conflict-at-land,1,8,
2006443.077,start,1,8,
2036611.65,conflict-at-land,1,8,
2036626.65,start,1,8,
2059304.014,conflict-at-land,1,8,
2059319.014,start,1,8,
2085656.574,conflict-at-land,1,8,
2085671.574,start,1,8,
2115157.444,conflict-at-land,1,8,
2115172.444,start,1,8,
2139873.003,conflict-at-land,1,8,
2139888.003,start,1,8,
2163269.203,conflict-at-land,1,8,
2163284.203,start,1,8,
2195095.314,conflict-at-land,1,8,
2195110.314,start,1,8,
2221469.141,conflict-at-land,1,8,
2221484.141,start,1,8,
2257123.765,conflict-at-land,1,8,
2257138.765,start,1,8,
2285919.279,conflict-at-land,1,8,
2285934.279,start,1,8,
2321580.983,conflict-at-land,1,8,
2321595.983,start,1,8,
2354058.56,conflict-at-land,1,8,
2354073.56,start,1,8,
2380727.056,conflict-at-land,1,8,
2380742.056,start,1,8,
2418979.559,conflict-at-land,1,8,
2418994.559,start,1,8,
2459110.752,conflict-at-land,1,8,
2459125.752,start,1,8,
2492000.888,conflict-at-land,1,8,
2492015.888,start,1,8,
2525806.559,conflict-at-land,1,8,
2525821.559,start,1,8,
2553436.53,conflict-at-land,1,8,
2553451.53,start,1,8,
2594602.309,conflict-at-land,1,8,
2594617.309,start,1,8,
2620090.587,conflict-at-land,1,8,
2620105.587,start,1,8,
2643023.883,conflict-at-land,1,8,
2643038.883,start,1,8,
2680397.431,conflict-at-land,1,8,
2680412.431,start,1,8,
2718440.792,conflict-at-land,1,8,
2718455.792,start,1,8,
2752598.227,conflict-at-land,1,8,
2752613.227,start,1,8,
2779452.406,conflict-at-land,1,8,
2779467.406,start,1,8,
2805516.916,conflict-at-land,1,8,
2805531.916,start,1,8,
2830902.267,conflict-at-land,1,8,
2830917.267,start,1,8,
2856914.887,conflict-at-land,1,8,
2856929.887,start,1,8,
2887424.772,conflict-at-land,1,8,
2887439.772,start,1,8,
2921340.207,conflict-at-land,1,8,
2921355.207,start,1,8,
2944028.413,conflict-at-land,1,8,
2944043.413,start,1,8,
2977956.479,conflict-at-land,1,8,
2977971.479,start,1,8,
3016857.978,conflict-at-land,1,8,
3016872.978,start,1,8,
3055350.863,conflict-at-land,1,8,
3055365.863,start,1,8,
3096024.48,conflict-at-land,1,8,
3096039.48,start,1,8,
3133472.706,conflict-at-land,1,8,
3133487.706,start,1,8,
3160316.773,conflict-at-land,1,8,
3160331.773,start,1,8,
3184530.572,conflict-at-land,1,8,
3184545.572,start,1,8,
3221547.998,conflict-at-land,1,8,
3221562.998,start,1,8,
3253221.589,conflict-at-land,1,8,
3253236.589,start,1,8,
3293311.669,conflict-at-land,1,8,
3293326.669,start,1,8,
3319293.208,conflict-at-land,1,8,
3319308.208,start,1,8,
3360068.833,conflict-at-land,1,8,
3360083.833,start,1,8,
3401651.566,conflict-at-land,1,8,
3401666.566,start,1,8,
3424674.234,conflict-at-land,1,8,
3424689.234,start,1,8,
3455377.753,conflict-at-land,1,8,
3455392.753,start,1,8,
3494453.531,conflict-at-land,1,8,
3494468.531,start,1,8,
3528440.016,conflict-at-land,1,8,
3528455.016,start,1,8,
3562451.408,conflict-at-land,1,8,
3562466.408,start,1,8,
3588635.431,conflict-at-land,1,8,
3588650.431,start,1,8,
3613208.399,conflict-at-land,1,8,
3613223.399,start,1,8,
3647023.554,conflict-at-land,1,8,
3647038.554,start,1,8,
3685556.765,conflict-at-land,1,8,
3685571.765,start,1,8,
3721960.523,conflict-at-land,1,8,
3721975.523,start,1,8,
3748517.556,conflict-at-land,1,8,
3748532.556,start,1,8,
3781254.749,conflict-at-land,1,8,
3781269.749,start,1,8,
3804159.17,conflict-at-land,1,8,
3804174.17,start,1,8,
3842770.172,conflict-at-land,1,8,
3842785.172,start,1,8,
3883672.893,conflict-at-land,1,8,
3883687.893,start,1,8,
3921072.709,conflict-at-land,1,8,
3921087.709,start,1,8,
3954264.755,conflict-at-land,1,8,
3954279.755,start,1,8,
3980786.015,conflict-at-land,1,8,
3980801.015,start,1,8,
4013127.614,conflict-at-land,1,8,
4013142.614,start,1,8,
4043540.507,conflict-at-land,1,8,
4043555.507,start,1,8,
4077936.672,conflict-at-land,1,8,
4077951.672,start,1,8,
4114663.613,conflict-at-land,1,8,
4114678.613,start,1,8,
4156013.98,conflict-at-land,1,8,
4156028.98,start,1,8,
4185893.329,conflict-at-land,1,8,
4185908.329,start,1,8,
4217599.525,conflict-at-land,1,8,
4217614.525,start,1,8,
4249499.346,conflict-at-land,1,8,
4249514.346,start,1,8,
4273324.276,conflict-at-land,1,8,
4273339.276,start,1,8,
4302445.465,conflict-at-land,1,8,
4302460.465,start,1,8,
4338542.951,conflict-at-land,1,8,
4338557.951,start,1,8,
4365994.425,conflict-at-land,1,8,
4366009.425,start,1,8,
4391097.702,conflict-at-land,1,8,
4391112.702,start,1,8,
4421424.275,conflict-at-land,1,8,
4421439.275,start,1,8,
4448584.49,conflict-at-land,1,8,
4448599.49,start,1,8,
4477071.237,conflict-at-land,1,8,
4477086.237,start,1,8,
4506919.126,conflict-at-land,1,8,
4506934.126,start,1,8,
4546755.528,conflict-at-land,1,8,
4546770.528,start,1,8,
4574772.629,conflict-at-land,1,8,
4574787.629,start,1,8,
4611416.277,conflict-at-land,1,8,
4611431.277,start,1,8,
4637058.2,conflict-at-land,1,8,
4637073.2,start,1,8,
4670188.641,conflict-at-land,1,8,
4670203.641,start,1,8,
4704621.864,conflict-at-land,1,8,
4704636.864,start,1,8,
4736557.878,conflict-at-land,1,8,
4736572.878,start,1,8,
4767219.607,conflict-at-land,1,8,
4767219.607,abandon,1,8,
