time,event,agent_id,task_id,note
0.0,start,0,0,
0.0,refuse,1,1,
0.0,start,2,2,
0.0,start,3,3,
0.0,refuse,4,4,
0.0,refuse,5,5,
0.0,refuse,6,6,
0.0,start,7,7,
6.758,land,7,7,
6.758,start,7,8,
7.612,land,2,2,
7.612,refuse,2,9,
15.0,refuse,1,1,
15.0,refuse,4,4,
15.0,refuse,5,5,
15.0,refuse,6,6,
22.612,refuse,2,9,
26.746,land,0,0,
26.746,refuse,0,10,
30.0,refuse,1,1,
30.0,refuse,4,4,
30.0,refuse,5,5,
30.0,refuse,6,6,
37.612,refuse,2,9,
41.746,refuse,0,10,
45.0,refuse,1,1,
45.0,refuse,4,4,
45.0,refuse,5,5,
45.0,refuse,6,6,
52.612,refuse,2,9,
56.746,refuse,0,10,
60.0,refuse,1,1,
60.0,refuse,4,4,
60.0,refuse,5,5,
60.0,refuse,6,6,
67.612,refuse,2,9,
71.746,refuse,0,10,
75.0,refuse,1,1,
75.0,refuse,4,4,
75.0,refuse,5,5,
75.0,refuse,6,6,
82.612,refuse,2,9,
86.746,refuse,0,10,
90.0,refuse,1,1,
90.0,refuse,4,4,
90.0,refuse,5,5,
90.0,refuse,6,6,
97.612,refuse,2,9,
101.746,refuse,0,10,
105.0,refuse,1,1,
105.0,refuse,4,4,
105.0,refuse,5,5,
105.0,refuse,6,6,
112.612,refuse,2,9,
116.746,refuse,0,10,
120.0,refuse,1,1,
120.0,refuse,4,4,
120.0,refuse,5,5,
120.0,refuse,6,6,
127.612,refuse,2,9,
131.746,refuse,0,10,
135.0,refuse,1,1,
135.0,refuse,4,4,
135.0,refuse,5,5,
135.0,refuse,6,6,
142.612,refuse,2,9,
146.746,refuse,0,10,
150.0,refuse,1,1,
150.0,refuse,4,4,
150.0,refuse,5,5,
150.0,refuse,6,6,
157.612,refuse,2,9,
161.746,refuse,0,10,
165.0,refuse,1,1,
165.0,refuse,4,4,
165.0,refuse,5,5,
165.0,refuse,6,6,
172.612,refuse,2,9,
176.746,refuse,0,10,
180.0,refuse,1,1,
180.0,refuse,4,4,
180.0,refuse,5,5,
180.0,refuse,6,6,
187.612,refuse,2,9,
191.746,refuse,0,10,
195.0,refuse,1,1,
195.0,refuse,4,4,
195.0,refuse,5,5,
195.0,refuse,6,6,
202.612,refuse,2,9,
206.746,refuse,0,10,
210.0,refuse,1,1,
210.0,refuse,4,4,
210.0,refuse,5,5,
210.0,refuse,6,6,
217.612,refuse,2,9,
221.746,refuse,0,10,
225.0,refuse,1,1,
225.0,refuse,4,4,
225.0,refuse,5,5,
225.0,refuse,6,6,
232.612,refuse,2,9,
236.746,refuse,0,10,
240.0,refuse,1,1,
240.0,refuse,4,4,
240.0,refuse,5,5,
240.0,refuse,6,6,
247.612,refuse,2,9,
251.746,refuse,0,10,
255.0,refuse,1,1,
255.0,refuse,4,4,
255.0,refuse,5,5,
255.0,refuse,6,6,
262.612,refuse,2,9,
266.746,refuse,0,10,
270.0,refuse,1,1,
270.0,refuse,4,4,
270.0,refuse,5,5,
270.0,refuse,6,6,
277.612,refuse,2,9,
281.746,refuse,0,10,
285.0,refuse,1,1,
285.0,refuse,4,4,
285.0,refuse,5,5,
285.0,refuse,6,6,
292.612,refuse,2,9,
296.746,refuse,0,10,
300.0,refuse,1,1,
300.0,refuse,4,4,
300.0,refuse,5,5,
300.0,refuse,6,6,
307.612,refuse,2,9,
311.746,refuse,0,10,
315.0,refuse,1,1,
315.0,refuse,4,4,
315.0,refuse,5,5,
315.0,refuse,6,6,
322.612,refuse,2,9,
326.746,refuse,0,10,
330.0,refuse,1,1,
330.0,refuse,4,4,
330.0,refuse,5,5,
330.0,refuse,6,6,
337.612,refuse,2,9,
341.746,refuse,0,10,
345.0,refuse,1,1,
345.0,refuse,4,4,
345.0,refuse,5,5,
345.0,refuse,6,6,
352.612,refuse,2,9,
356.746,refuse,0,10,
360.0,refuse,1,1,
360.0,refuse,4,4,
360.0,refuse,5,5,
360.0,refuse,6,6,
367.612,refuse,2,9,
371.746,refuse,0,10,
375.0,refuse,1,1,
375.0,refuse,4,4,
375.0,refuse,5,5,
375.0,refuse,6,6,
382.612,refuse,2,9,
386.746,refuse,0,10,
390.0,refuse,1,1,
390.0,refuse,4,4,
390.0,refuse,5,5,
390.0,refuse,6,6,
397.612,refuse,2,9,
401.746,refuse,0,10,
405.0,refuse,1,1,
405.0,refuse,4,4,
405.0,refuse,5,5,
405.0,refuse,6,6,
412.612,refuse,2,9,
416.746,refuse,0,10,
420.0,refuse,1,1,
420.0,refuse,4,4,
420.0,refuse,5,5,
420.0,refuse,6,6,
427.612,refuse,2,9,
431.746,refuse,0,10,
435.0,refuse,1,1,
435.0,refuse,4,4,
435.0,refuse,5,5,
435.0,refuse,6,6,
442.612,refuse,2,9,
446.746,refuse,0,10,
450.0,refuse,1,1,
450.0,refuse,4,4,
450.0,refuse,5,5,
450.0,refuse,6,6,
457.612,refuse,2,9,
461.746,refuse,0,10,
465.0,refuse,1,1,
465.0,refuse,4,4,
465.0,refuse,5,5,
465.0,refuse,6,6,
472.612,refuse,2,9,
476.746,refuse,0,10,
480.0,refuse,1,1,
480.0,refuse,4,4,
480.0,refuse,5,5,
480.0,refuse,6,6,
487.612,refuse,2,9,
491.746,refuse,0,10,
495.0,refuse,1,1,
495.0,refuse,4,4,
495.0,refuse,5,5,
495.0,refuse,6,6,
502.612,refuse,2,9,
506.746,refuse,0,10,
510.0,refuse,1,1,
510.0,refuse,4,4,
510.0,refuse,5,5,
510.0,refuse,6,6,
517.612,refuse,2,9,
521.746,refuse,0,10,
525.0,refuse,1,1,
525.0,refuse,4,4,
525.0,refuse,5,5,
525.0,refuse,6,6,
532.612,refuse,2,9,
536.746,refuse,0,10,
540.0,refuse,1,1,
540.0,refuse,4,4,
540.0,refuse,5,5,
540.0,refuse,6,6,
547.612,refuse,2,9,
551.746,refuse,0,10,
555.0,refuse,1,1,
555.0,refuse,4,4,
555.0,refuse,5,5,
555.0,refuse,6,6,
562.612,refuse,2,9,
566.746,refuse,0,10,
570.0,refuse,1,1,
570.0,refuse,4,4,
570.0,refuse,5,5,
570.0,refuse,6,6,
577.612,refuse,2,9,
581.746,refuse,0,10,
585.0,refuse,1,1,
585.0,refuse,4,4,
585.0,refuse,5,5,
585.0,refuse,6,6,
592.612,refuse,2,9,
596.746,refuse,0,10,
600.0,refuse,1,1,
600.0,refuse,4,4,
600.0,refuse,5,5,
600.0,refuse,6,6,
607.612,refuse,2,9,
611.746,refuse,0,10,
615.0,refuse,1,1,
615.0,refuse,4,4,
615.0,refuse,5,5,
615.0,refuse,6,6,
622.612,refuse,2,9,
626.746,refuse,0,10,
630.0,refuse,1,1,
630.0,refuse,4,4,
630.0,refuse,5,5,
630.0,refuse,6,6,
637.612,refuse,2,9,
641.746,refuse,0,10,
645.0,refuse,1,1,
645.0,refuse,4,4,
645.0,refuse,5,5,
645.0,refuse,6,6,
652.612,refuse,2,9,
656.746,refuse,0,10,
660.0,refuse,1,1,
660.0,refuse,4,4,
660.0,refuse,5,5,
660.0,refuse,6,6,
667.612,refuse,2,9,
671.746,refuse,0,10,
675.0,refuse,1,1,
675.0,refuse,4,4,
675.0,refuse,5,5,
675.0,refuse,6,6,
682.612,refuse,2,9,
686.746,refuse,0,10,
690.0,refuse,1,1,
690.0,refuse,4,4,
690.0,refuse,5,5,
690.0,refuse,6,6,
697.612,refuse,2,9,
701.746,refuse,0,10,
705.0,refuse,1,1,
705.0,refuse,4,4,
705.0,refuse,5,5,
705.0,refuse,6,6,
712.612,refuse,2,9,
716.746,refuse,0,10,
720.0,refuse,1,1,
720.0,refuse,4,4,
720.0,refuse,5,5,
720.0,refuse,6,6,
727.612,refuse,2,9,
731.746,refuse,0,10,
735.0,refuse,1,1,
735.0,refuse,4,4,
735.0,refuse,5,5,
735.0,refuse,6,6,
742.612,refuse,2,9,
746.746,refuse,0,10,
750.0,refuse,1,1,
750.0,refuse,4,4,
750.0,refuse,5,5,
750.0,refuse,6,6,
757.612,refuse,2,9,
761.746,refuse,0,10,
765.0,refuse,1,1,
765.0,refuse,4,4,
765.0,refuse,5,5,
765.0,refuse,6,6,
772.612,refuse,2,9,
776.746,refuse,0,10,
780.0,refuse,1,1,
780.0,refuse,4,4,
780.0,refuse,5,5,
780.0,refuse,6,6,
787.612,refuse,2,9,
791.746,refuse,0,10,
795.0,refuse,1,1,
795.0,refuse,4,4,
795.0,refuse,5,5,
795.0,refuse,6,6,
802.612,refuse,2,9,
806.746,refuse,0,10,
810.0,refuse,1,1,
810.0,refuse,4,4,
810.0,refuse,5,5,
810.0,refuse,6,6,
817.612,refuse,2,9,
821.746,refuse,0,10,
825.0,refuse,1,1,
825.0,refuse,4,4,
825.0,refuse,5,5,
825.0,refuse,6,6,
832.612,refuse,2,9,
836.746,refuse,0,10,
840.0,refuse,1,1,
840.0,refuse,4,4,
840.0,refuse,5,5,
840.0,refuse,6,6,
847.612,refuse,2,9,
851.746,refuse,0,10,
855.0,refuse,1,1,
855.0,refuse,4,4,
855.0,refuse,5,5,
855.0,refuse,6,6,
862.612,refuse,2,9,
866.746,refuse,0,10,
870.0,refuse,1,1,
870.0,refuse,4,4,
870.0,refuse,5,5,
870.0,refuse,6,6,
877.612,refuse,2,9,
881.746,refuse,0,10,
885.0,refuse,1,1,
885.0,refuse,4,4,
885.0,refuse,5,5,
885.0,refuse,6,6,
892.612,refuse,2,9,
896.746,refuse,0,10,
900.0,refuse,1,1,
900.0,refuse,4,4,
900.0,refuse,5,5,
900.0,refuse,6,6,
907.612,refuse,2,9,
911.746,refuse,0,10,
915.0,refuse,1,1,
915.0,refuse,4,4,
915.0,refuse,5,5,
915.0,refuse,6,6,
922.612,refuse,2,9,
926.746,refuse,0,10,
930.0,refuse,1,1,
930.0,refuse,4,4,
930.0,refuse,5,5,
930.0,refuse,6,6,
937.612,refuse,2,9,
941.746,refuse,0,10,
945.0,refuse,1,1,
945.0,refuse,4,4,
945.0,refuse,5,5,
945.0,refuse,6,6,
952.612,refuse,2,9,
956.746,refuse,0,10,
960.0,refuse,1,1,
960.0,refuse,4,4,
960.0,refuse,5,5,
960.0,refuse,6,6,
967.612,refuse,2,9,
971.746,refuse,0,10,
975.0,refuse,1,1,
975.0,refuse,4,4,
975.0,refuse,5,5,
975.0,refuse,6,6,
982.612,refuse,2,9,
986.746,refuse,0,10,
990.0,refuse,1,1,
990.0,refuse,4,4,
990.0,refuse,5,5,
990.0,refuse,6,6,
997.612,refuse,2,9,
1001.746,refuse,0,10,
1005.0,refuse,1,1,
1005.0,refuse,4,4,
1005.0,refuse,5,5,
1005.0,refuse,6,6,
1012.612,refuse,2,9,
1016.746,refuse,0,10,
1020.0,refuse,1,1,
1020.0,refuse,4,4,
1020.0,refuse,5,5,
1020.0,refuse,6,6,
1027.612,refuse,2,9,
1031.746,refuse,0,10,
1035.0,refuse,1,1,
1035.0,refuse,4,4,
1035.0,refuse,5,5,
1035.0,refuse,6,6,
1042.612,refuse,2,9,
1046.746,refuse,0,10,
1050.0,refuse,1,1,
1050.0,refuse,4,4,
1050.0,refuse,5,5,
1050.0,refuse,6,6,
1057.612,refuse,2,9,
1061.746,refuse,0,10,
1065.0,refuse,1,1,
1065.0,refuse,4,4,
1065.0,refuse,5,5,
1065.0,refuse,6,6,
1072.612,refuse,2,9,
1076.746,refuse,0,10,
1080.0,refuse,1,1,
1080.0,refuse,4,4,
1080.0,refuse,5,5,
1080.0,refuse,6,6,
1087.612,refuse,2,9,
1091.746,refuse,0,10,
1095.0,refuse,1,1,
1095.0,refuse,4,4,
1095.0,refuse,5,5,
1095.0,refuse,6,6,
1102.612,refuse,2,9,
1106.746,refuse,0,10,
1110.0,refuse,1,1,
1110.0,refuse,4,4,
1110.0,refuse,5,5,
1110.0,refuse,6,6,
1117.612,refuse,2,9,
1121.746,refuse,0,10,
1125.0,refuse,1,1,
1125.0,refuse,4,4,
1125.0,refuse,5,5,
1125.0,refuse,6,6,
1132.612,refuse,2,9,
1136.746,refuse,0,10,
1140.0,refuse,1,1,
1140.0,refuse,4,4,
1140.0,refuse,5,5,
1140.0,refuse,6,6,
1147.612,refuse,2,9,
1151.746,refuse,0,10,
1155.0,refuse,1,1,
1155.0,refuse,4,4,
1155.0,refuse,5,5,
1155.0,refuse,6,6,
1162.612,refuse,2,9,
1166.746,refuse,0,10,
1170.0,refuse,1,1,
1170.0,refuse,4,4,
1170.0,refuse,5,5,
1170.0,refuse,6,6,
1177.612,refuse,2,9,
1181.746,refuse,0,10,
1185.0,refuse,1,1,
1185.0,refuse,4,4,
1185.0,refuse,5,5,
1185.0,refuse,6,6,
1192.612,refuse,2,9,
1196.746,refuse,0,10,
1200.0,refuse,1,1,
1200.0,refuse,4,4,
1200.0,refuse,5,5,
1200.0,refuse,6,6,
1207.612,refuse,2,9,
1211.746,refuse,0,10,
1215.0,refuse,1,1,
1215.0,refuse,4,4,
1215.0,refuse,5,5,
1215.0,refuse,6,6,
1222.612,refuse,2,9,
1226.746,refuse,0,10,
1230.0,refuse,1,1,
1230.0,refuse,4,4,
1230.0,refuse,5,5,
1230.0,refuse,6,6,
1237.612,refuse,2,9,
1241.746,refuse,0,10,
1245.0,refuse,1,1,
1245.0,refuse,4,4,
1245.0,refuse,5,5,
1245.0,refuse,6,6,
1252.612,refuse,2,9,
1256.746,refuse,0,10,
1260.0,refuse,1,1,
1260.0,refuse,4,4,
1260.0,refuse,5,5,
1260.0,refuse,6,6,
1267.612,refuse,2,9,
1271.746,refuse,0,10,
1275.0,refuse,1,1,
1275.0,refuse,4,4,
1275.0,refuse,5,5,
1275.0,refuse,6,6,
1282.612,refuse,2,9,
1286.746,refuse,0,10,
1290.0,refuse,1,1,
1290.0,refuse,4,4,
1290.0,refuse,5,5,
1290.0,refuse,6,6,
1297.612,refuse,2,9,
1301.746,refuse,0,10,
1305.0,refuse,1,1,
1305.0,refuse,4,4,
1305.0,refuse,5,5,
1305.0,refuse,6,6,
1312.612,refuse,2,9,
1316.746,refuse,0,10,
1320.0,refuse,1,1,
1320.0,refuse,4,4,
1320.0,refuse,5,5,
1320.0,refuse,6,6,
1327.612,refuse,2,9,
1331.746,refuse,0,10,
1335.0,refuse,1,1,
1335.0,refuse,4,4,
1335.0,refuse,5,5,
1335.0,refuse,6,6,
1342.612,refuse,2,9,
1346.746,refuse,0,10,
1350.0,refuse,1,1,
1350.0,refuse,4,4,
1350.0,refuse,5,5,
1350.0,refuse,6,6,
1357.612,refuse,2,9,
1361.746,refuse,0,10,
1365.0,refuse,1,1,
1365.0,refuse,4,4,
1365.0,refuse,5,5,
1365.0,refuse,6,6,
1372.612,refuse,2,9,
1376.746,refuse,0,10,
1380.0,refuse,1,1,
1380.0,refuse,4,4,
1380.0,refuse,5,5,
1380.0,refuse,6,6,
1387.612,refuse,2,9,
1391.746,refuse,0,10,
1395.0,refuse,1,1,
1395.0,refuse,4,4,
1395.0,refuse,5,5,
1395.0,refuse,6,6,
1402.612,refuse,2,9,
1406.746,refuse,0,10,
1410.0,refuse,1,1,
1410.0,refuse,4,4,
1410.0,refuse,5,5,
1410.0,refuse,6,6,
1417.612,refuse,2,9,
1421.746,refuse,0,10,
1425.0,refuse,1,1,
1425.0,refuse,4,4,
1425.0,refuse,5,5,
1425.0,refuse,6,6,
1432.612,refuse,2,9,
1436.746,refuse,0,10,
1440.0,refuse,1,1,
1440.0,refuse,4,4,
1440.0,refuse,5,5,
1440.0,refuse,6,6,
1447.612,refuse,2,9,
1451.746,refuse,0,10,
1455.0,refuse,1,1,
1455.0,refuse,4,4,
1455.0,refuse,5,5,
1455.0,refuse,6,6,
1462.612,refuse,2,9,
1466.746,refuse,0,10,
1470.0,refuse,1,1,
1470.0,refuse,4,4,
1470.0,refuse,5,5,
1470.0,refuse,6,6,
1477.612,refuse,2,9,
1481.746,refuse,0,10,
1485.0,refuse,1,1,
1485.0,refuse,4,4,
1485.0,refuse,5,5,
1485.0,refuse,6,6,
1492.612,refuse,2,9,
1496.746,refuse,0,10,
1500.0,refuse,1,1,
1500.0,refuse,4,4,
1500.0,refuse,5,5,
1500.0,refuse,6,6,
1507.612,refuse,2,9,
1511.746,refuse,0,10,
1515.0,refuse,1,1,
1515.0,refuse,4,4,
1515.0,refuse,5,5,
1515.0,refuse,6,6,
1522.612,refuse,2,9,
1526.746,refuse,0,10,
1530.0,refuse,1,1,
1530.0,refuse,4,4,
1530.0,refuse,5,5,
1530.0,refuse,6,6,
1537.612,refuse,2,9,
1541.746,refuse,0,10,
1545.0,refuse,1,1,
1545.0,refuse,4,4,
1545.0,refuse,5,5,
1545.0,refuse,6,6,
1552.612,refuse,2,9,
1556.746,refuse,0,10,
1560.0,refuse,1,1,
1560.0,refuse,4,4,
1560.0,refuse,5,5,
1560.0,refuse,6,6,
1567.612,refuse,2,9,
1571.746,refuse,0,10,
1575.0,refuse,1,1,
1575.0,refuse,4,4,
1575.0,refuse,5,5,
1575.0,refuse,6,6,
1582.612,refuse,2,9,
1586.746,refuse,0,10,
1590.0,refuse,1,1,
1590.0,refuse,4,4,
1590.0,refuse,5,5,
1590.0,refuse,6,6,
1597.612,refuse,2,9,
1601.746,refuse,0,10,
1605.0,refuse,1,1,
1605.0,refuse,4,4,
1605.0,refuse,5,5,
1605.0,refuse,6,6,
1612.612,refuse,2,9,
1616.746,refuse,0,10,
1620.0,refuse,1,1,
1620.0,refuse,4,4,
1620.0,refuse,5,5,
1620.0,refuse,6,6,
1627.612,refuse,2,9,
1631.746,refuse,0,10,
1633.73,conflict-at-land,3,3,
1635.0,start,1,1,
1635.0,refuse,4,4,
1635.0,refuse,5,5,
1635.0,start,6,6,
1642.612,refuse,2,9,
1646.746,refuse,0,10,
1648.73,refuse,3,3,
1650.0,refuse,4,4,
1650.0,refuse,5,5,
1651.528,land,6,6,
1651.528,refuse,6,11,
1657.612,refuse,2,9,
1661.746,refuse,0,10,
1663.73,refuse,3,3,
1665.0,refuse,4,4,
1665.0,refuse,5,5,
1666.528,refuse,6,11,
1672.612,refuse,2,9,
1676.746,refuse,0,10,
1678.73,refuse,3,3,
1680.0,refuse,4,4,
1680.0,refuse,5,5,
1681.528,refuse,6,11,
1687.612,refuse,2,9,
1691.746,refuse,0,10,
1693.73,refuse,3,3,
1695.0,refuse,4,4,
1695.0,refuse,5,5,
1696.528,refuse,6,11,
1702.612,refuse,2,9,
1706.746,refuse,0,10,
1708.73,refuse,3,3,
1710.0,refuse,4,4,
1710.0,refuse,5,5,
1711.528,refuse,6,11,
1717.612,refuse,2,9,
1721.746,refuse,0,10,
1723.73,refuse,3,3,
1725.0,refuse,4,4,
1725.0,refuse,5,5,
1726.528,refuse,6,11,
1732.612,refuse,2,9,
1736.746,refuse,0,10,
1738.73,refuse,3,3,
1740.0,refuse,4,4,
1740.0,refuse,5,5,
1741.528,refuse,6,11,
1747.612,refuse,2,9,
1751.441,land,1,1,
1751.441,refuse,1,12,
1751.746,refuse,0,10,
1753.73,start,3,3,
1755.0,refuse,4,4,
1755.0,refuse,5,5,
1756.528,refuse,6,11,
1762.612,refuse,2,9,
1766.441,refuse,1,12,
1766.746,refuse,0,10,
1770.0,refuse,4,4,
1770.0,refuse,5,5,
1771.528,refuse,6,11,
1777.612,refuse,2,9,
1781.441,refuse,1,12,
1781.746,refuse,0,10,
1785.0,refuse,4,4,
1785.0,refuse,5,5,
1786.528,refuse,6,11,
1792.612,refuse,2,9,
1796.441,refuse,1,12,
1796.746,refuse,0,10,
1800.0,refuse,4,4,
1800.0,refuse,5,5,
1801.528,refuse,6,11,
1807.612,refuse,2,9,
1811.441,refuse,1,12,
1811.746,refuse,0,10,
1815.0,refuse,4,4,
1815.0,refuse,5,5,
1816.528,refuse,6,11,
1822.612,refuse,2,9,
1826.441,refuse,1,12,
1826.746,refuse,0,10,
1830.0,refuse,4,4,
1830.0,refuse,5,5,
1831.528,refuse,6,11,
1837.612,refuse,2,9,
1841.441,refuse,1,12,
1841.746,refuse,0,10,
1845.0,refuse,4,4,
1845.0,refuse,5,5,
1846.528,refuse,6,11,
1852.612,refuse,2,9,
1856.441,refuse,1,12,
1856.746,refuse,0,10,
1860.0,refuse,4,4,
1860.0,refuse,5,5,
1861.528,refuse,6,11,
1867.612,refuse,2,9,
1871.441,refuse,1,12,
1871.746,refuse,0,10,
1875.0,refuse,4,4,
1875.0,refuse,5,5,
1876.528,refuse,6,11,
1882.612,refuse,2,9,
1886.441,refuse,1,12,
1886.746,refuse,0,10,
1890.0,refuse,4,4,
1890.0,refuse,5,5,
1891.528,refuse,6,11,
1897.612,refuse,2,9,
1901.441,refuse,1,12,
1901.746,refuse,0,10,
1905.0,refuse,4,4,
1905.0,refuse,5,5,
1906.528,refuse,6,11,
1912.612,refuse,2,9,
1916.441,refuse,1,12,
1916.746,refuse,0,10,
1920.0,refuse,4,4,
1920.0,refuse,5,5,
1921.528,refuse,6,11,
1927.612,refuse,2,9,
1931.441,refuse,1,12,
1931.746,refuse,0,10,
1935.0,refuse,4,4,
1935.0,refuse,5,5,
1936.528,refuse,6,11,
1942.612,refuse,2,9,
1946.441,refuse,1,12,
1946.746,refuse,0,10,
1950.0,refuse,4,4,
1950.0,refuse,5,5,
1951.528,refuse,6,11,
1957.612,refuse,2,9,
1961.441,refuse,1,12,
1961.746,refuse,0,10,
1965.0,refuse,4,4,
1965.0,refuse,5,5,
1966.528,refuse,6,11,
1972.612,refuse,2,9,
1976.441,refuse,1,12,
1976.746,refuse,0,10,
1980.0,refuse,4,4,
1980.0,refuse,5,5,
1981.528,refuse,6,11,
1987.612,refuse,2,9,
1991.441,refuse,1,12,
1991.746,refuse,0,10,
1995.0,refuse,4,4,
1995.0,refuse,5,5,
1996.528,refuse,6,11,
2002.612,refuse,2,9,
2006.441,refuse,1,12,
2006.746,refuse,0,10,
2010.0,refuse,4,4,
2010.0,refuse,5,5,
2011.528,refuse,6,11,
2017.612,refuse,2,9,
2021.441,refuse,1,12,
2021.746,refuse,0,10,
2025.0,refuse,4,4,
2025.0,refuse,5,5,
2026.528,refuse,6,11,
2032.612,refuse,2,9,
2036.441,refuse,1,12,
2036.746,refuse,0,10,
2040.0,refuse,4,4,
2040.0,refuse,5,5,
2041.528,refuse,6,11,
2047.612,refuse,2,9,
2051.441,refuse,1,12,
2051.746,refuse,0,10,
2055.0,refuse,4,4,
2055.0,refuse,5,5,
2056.528,refuse,6,11,
2062.612,refuse,2,9,
2066.441,refuse,1,12,
2066.746,refuse,0,10,
2070.0,refuse,4,4,
2070.0,refuse,5,5,
2071.528,refuse,6,11,
2077.612,refuse,2,9,
2081.441,refuse,1,12,
2081.746,refuse,0,10,
2085.0,refuse,4,4,
2085.0,refuse,5,5,
2086.528,refuse,6,11,
2092.612,refuse,2,9,
2096.441,refuse,1,12,
2096.746,refuse,0,10,
2100.0,refuse,4,4,
2100.0,refuse,5,5,
2101.528,refuse,6,11,
2107.612,refuse,2,9,
2111.441,refuse,1,12,
2111.746,refuse,0,10,
2115.0,refuse,4,4,
2115.0,refuse,5,5,
2116.528,refuse,6,11,
2122.612,refuse,2,9,
2126.441,refuse,1,12,
2126.746,refuse,0,10,
2130.0,refuse,4,4,
2130.0,refuse,5,5,
2131.528,refuse,6,11,
2137.612,refuse,2,9,
2141.441,refuse,1,12,
2141.746,refuse,0,10,
2145.0,refuse,4,4,
2145.0,refuse,5,5,
2146.528,refuse,6,11,
2152.612,refuse,2,9,
2156.441,refuse,1,12,
2156.746,refuse,0,10,
2160.0,refuse,4,4,
2160.0,refuse,5,5,
2161.528,refuse,6,11,
2167.612,refuse,2,9,
2171.441,refuse,1,12,
2171.746,refuse,0,10,
2175.0,refuse,4,4,
2175.0,refuse,5,5,
2176.528,refuse,6,11,
2182.612,refuse,2,9,
2186.441,refuse,1,12,
2186.746,refuse,0,10,
2190.0,refuse,4,4,
2190.0,refuse,5,5,
2191.528,refuse,6,11,
2197.612,refuse,2,9,
2201.441,refuse,1,12,
2201.746,refuse,0,10,
2205.0,refuse,4,4,
2205.0,refuse,5,5,
2206.528,refuse,6,11,
2212.612,refuse,2,9,
2216.441,refuse,1,12,
2216.746,refuse,0,10,
2220.0,refuse,4,4,
2220.0,refuse,5,5,
2221.528,refuse,6,11,
2227.612,refuse,2,9,
2231.441,refuse,1,12,
2231.746,refuse,0,10,
2235.0,refuse,4,4,
2235.0,refuse,5,5,
2236.528,refuse,6,11,
2242.612,refuse,2,9,
2246.441,refuse,1,12,
2246.746,refuse,0,10,
2250.0,refuse,4,4,
2250.0,refuse,5,5,
2251.528,refuse,6,11,
2257.612,refuse,2,9,
2261.441,refuse,1,12,
2261.746,refuse,0,10,
2265.0,refuse,4,4,
2265.0,refuse,5,5,
2266.528,refuse,6,11,
2272.612,refuse,2,9,
2276.441,refuse,1,12,
2276.746,refuse,0,10,
2280.0,refuse,4,4,
2280.0,refuse,5,5,
2281.528,refuse,6,11,
2287.612,refuse,2,9,
2291.441,refuse,1,12,
2291.746,refuse,0,10,
2295.0,refuse,4,4,
2295.0,refuse,5,5,
2296.528,refuse,6,11,
2302.612,refuse,2,9,
2306.441,refuse,1,12,
2306.746,refuse,0,10,
2310.0,refuse,4,4,
2310.0,refuse,5,5,
2311.528,refuse,6,11,
2317.612,refuse,2,9,
2321.441,refuse,1,12,
2321.746,refuse,0,10,
2325.0,refuse,4,4,
2325.0,refuse,5,5,
2326.528,refuse,6,11,
2332.612,refuse,2,9,
2336.441,refuse,1,12,
2336.746,refuse,0,10,
2340.0,refuse,4,4,
2340.0,refuse,5,5,
2341.528,refuse,6,11,
2347.612,refuse,2,9,
2351.441,refuse,1,12,
2351.746,refuse,0,10,
2355.0,refuse,4,4,
2355.0,refuse,5,5,
2356.528,refuse,6,11,
2362.612,refuse,2,9,
2366.441,refuse,1,12,
2366.746,refuse,0,10,
2370.0,refuse,4,4,
2370.0,refuse,5,5,
2371.528,refuse,6,11,
2377.612,refuse,2,9,
2381.441,refuse,1,12,
2381.746,refuse,0,10,
2385.0,refuse,4,4,
2385.0,refuse,5,5,
2386.528,refuse,6,11,
2392.612,refuse,2,9,
2396.441,refuse,1,12,
2396.746,refuse,0,10,
2400.0,refuse,4,4,
2400.0,refuse,5,5,
2401.528,refuse,6,11,
2407.612,refuse,2,9,
2411.441,refuse,1,12,
2411.746,refuse,0,10,
2415.0,refuse,4,4,
2415.0,refuse,5,5,
2416.528,refuse,6,11,
2422.612,refuse,2,9,
2426.441,refuse,1,12,
2426.746,refuse,0,10,
2430.0,refuse,4,4,
2430.0,refuse,5,5,
2431.528,refuse,6,11,
2437.612,refuse,2,9,
2441.441,refuse,1,12,
2441.746,refuse,0,10,
2445.0,refuse,4,4,
2445.0,refuse,5,5,
2446.528,refuse,6,11,
2452.612,refuse,2,9,
2456.441,refuse,1,12,
2456.746,refuse,0,10,
2460.0,refuse,4,4,
2460.0,refuse,5,5,
2461.528,refuse,6,11,
2467.612,refuse,2,9,
2471.441,refuse,1,12,
2471.746,refuse,0,10,
2475.0,refuse,4,4,
2475.0,refuse,5,5,
2476.528,refuse,6,11,
2482.612,refuse,2,9,
2486.441,refuse,1,12,
2486.746,refuse,0,10,
2490.0,refuse,4,4,
2490.0,refuse,5,5,
2491.528,refuse,6,11,
2497.612,refuse,2,9,
2501.441,refuse,1,12,
2501.746,refuse,0,10,
2505.0,refuse,4,4,
2505.0,refuse,5,5,
2506.528,refuse,6,11,
2512.612,refuse,2,9,
2516.441,refuse,1,12,
2516.746,refuse,0,10,
2520.0,refuse,4,4,
2520.0,refuse,5,5,
2521.528,refuse,6,11,
2527.612,refuse,2,9,
2531.441,refuse,1,12,
2531.746,refuse,0,10,
2535.0,refuse,4,4,
2535.0,refuse,5,5,
2536.528,refuse,6,11,
2542.612,refuse,2,9,
2546.441,refuse,1,12,
2546.746,refuse,0,10,
2550.0,refuse,4,4,
2550.0,refuse,5,5,
2551.528,refuse,6,11,
2557.612,refuse,2,9,
2561.441,refuse,1,12,
2561.746,refuse,0,10,
2565.0,refuse,4,4,
2565.0,refuse,5,5,
2566.528,refuse,6,11,
2572.612,refuse,2,9,
2576.441,refuse,1,12,
2576.746,refuse,0,10,
2580.0,refuse,4,4,
2580.0,refuse,5,5,
2581.528,refuse,6,11,
2587.612,refuse,2,9,
2591.441,refuse,1,12,
2591.746,refuse,0,10,
2595.0,refuse,4,4,
2595.0,refuse,5,5,
2596.528,refuse,6,11,
2602.612,refuse,2,9,
2606.441,refuse,1,12,
2606.746,refuse,0,10,
2610.0,refuse,4,4,
2610.0,refuse,5,5,
2611.528,refuse,6,11,
2617.612,refuse,2,9,
2621.441,refuse,1,12,
2621.746,refuse,0,10,
2625.0,refuse,4,4,
2625.0,refuse,5,5,
2626.528,refuse,6,11,
2632.612,refuse,2,9,
2636.441,refuse,1,12,
2636.746,refuse,0,10,
2640.0,refuse,4,4,
2640.0,refuse,5,5,
2641.528,refuse,6,11,
2647.612,refuse,2,9,
2651.441,refuse,1,12,
2651.746,refuse,0,10,
2655.0,refuse,4,4,
2655.0,refuse,5,5,
2656.528,refuse,6,11,
2662.612,refuse,2,9,
2666.441,refuse,1,12,
2666.746,refuse,0,10,
2670.0,refuse,4,4,
2670.0,refuse,5,5,
2671.528,refuse,6,11,
2677.612,refuse,2,9,
2681.441,refuse,1,12,
2681.746,refuse,0,10,
2685.0,refuse,4,4,
2685.0,refuse,5,5,
2686.528,refuse,6,11,
2692.612,refuse,2,9,
2696.441,refuse,1,12,
2696.746,refuse,0,10,
2700.0,refuse,4,4,
2700.0,refuse,5,5,
2701.528,refuse,6,11,
2707.612,refuse,2,9,
2711.441,refuse,1,12,
2711.746,refuse,0,10,
2715.0,refuse,4,4,
2715.0,refuse,5,5,
2716.528,refuse,6,11,
2722.612,refuse,2,9,
2726.441,refuse,1,12,
2726.746,refuse,0,10,
2730.0,refuse,4,4,
2730.0,refuse,5,5,
2731.528,refuse,6,11,
2737.612,refuse,2,9,
2741.441,refuse,1,12,
2741.746,refuse,0,10,
2745.0,refuse,4,4,
2745.0,refuse,5,5,
2746.528,refuse,6,11,
2752.612,refuse,2,9,
2756.441,refuse,1,12,
2756.746,refuse,0,10,
2760.0,refuse,4,4,
2760.0,refuse,5,5,
2761.528,refuse,6,11,
2767.612,refuse,2,9,
2771.441,refuse,1,12,
2771.746,refuse,0,10,
2775.0,refuse,4,4,
2775.0,refuse,5,5,
2776.528,refuse,6,11,
2782.612,refuse,2,9,
2786.441,refuse,1,12,
2786.746,refuse,0,10,
2790.0,refuse,4,4,
2790.0,refuse,5,5,
2791.528,refuse,6,11,
2797.612,refuse,2,9,
2801.441,refuse,1,12,
2801.746,refuse,0,10,
2805.0,refuse,4,4,
2805.0,refuse,5,5,
2806.528,refuse,6,11,
2812.612,refuse,2,9,
2816.441,refuse,1,12,
2816.746,refuse,0,10,
2820.0,refuse,4,4,
2820.0,refuse,5,5,
2821.528,refuse,6,11,
2827.612,refuse,2,9,
2831.441,refuse,1,12,
2831.746,refuse,0,10,
2835.0,refuse,4,4,
2835.0,refuse,5,5,
2836.528,refuse,6,11,
2842.612,refuse,2,9,
2846.441,refuse,1,12,
2846.746,refuse,0,10,
2850.0,refuse,4,4,
2850.0,refuse,5,5,
2851.528,refuse,6,11,
2857.612,refuse,2,9,
2861.441,refuse,1,12,
2861.746,refuse,0,10,
2865.0,refuse,4,4,
2865.0,refuse,5,5,
2866.528,refuse,6,11,
2872.612,refuse,2,9,
2876.441,refuse,1,12,
2876.746,refuse,0,10,
2880.0,refuse,4,4,
2880.0,refuse,5,5,
2881.528,refuse,6,11,
2887.612,refuse,2,9,
2891.441,refuse,1,12,
2891.746,refuse,0,10,
2895.0,refuse,4,4,
2895.0,refuse,5,5,
2896.528,refuse,6,11,
2902.612,refuse,2,9,
2906.441,refuse,1,12,
2906.746,refuse,0,10,
2910.0,refuse,4,4,
2910.0,refuse,5,5,
2911.528,refuse,6,11,
2917.612,refuse,2,9,
2921.441,refuse,1,12,
2921.746,refuse,0,10,
2925.0,refuse,4,4,
2925.0,refuse,5,5,
2926.528,refuse,6,11,
2932.612,refuse,2,9,
2936.441,refuse,1,12,
2936.746,refuse,0,10,
2940.0,refuse,4,4,
2940.0,refuse,5,5,
2941.528,refuse,6,11,
2947.612,refuse,2,9,
2951.441,refuse,1,12,
2951.746,refuse,0,10,
2955.0,refuse,4,4,
2955.0,refuse,5,5,
2956.528,refuse,6,11,
2962.612,refuse,2,9,
2966.441,refuse,1,12,
2966.746,refuse,0,10,
2970.0,refuse,4,4,
2970.0,refuse,5,5,
2971.528,refuse,6,11,
2977.612,refuse,2,9,
2981.441,refuse,1,12,
2981.746,refuse,0,10,
2985.0,refuse,4,4,
2985.0,refuse,5,5,
2986.528,refuse,6,11,
2992.612,refuse,2,9,
2996.441,refuse,1,12,
2996.746,refuse,0,10,
3000.0,refuse,4,4,
3000.0,abandon,4,4,
3000.0,refuse,5,5,
3000.0,abandon,5,5,
3000.0,refuse,4,13,
3000.0,refuse,5,14,
3001.528,refuse,6,11,
3007.612,refuse,2,9,
3007.612,abandon,2,9,
3007.612,refuse,2,15,
3011.441,refuse,1,12,
3011.746,refuse,0,10,
3015.0,refuse,4,13,
3015.0,refuse,5,14,
3016.528,refuse,6,11,
3022.612,refuse,2,15,
3026.441,refuse,1,12,
3026.746,refuse,0,10,
3026.746,abandon,0,10,
3026.746,refuse,0,16,
3030.0,refuse,4,13,
3030.0,refuse,5,14,
3031.528,refuse,6,11,
3037.612,refuse,2,15,
3041.441,refuse,1,12,
3041.746,refuse,0,16,
3045.0,refuse,4,13,
3045.0,refuse,5,14,
3046.528,refuse,6,11,
3052.612,refuse,2,15,
3056.441,refuse,1,12,
3056.746,refuse,0,16,
3060.0,refuse,4,13,
3060.0,refuse,5,14,
3061.528,refuse,6,11,
3067.612,refuse,2,15,
3071.441,refuse,1,12,
3071.746,refuse,0,16,
3075.0,refuse,4,13,
3075.0,refuse,5,14,
3076.528,refuse,6,11,
3082.612,refuse,2,15,
3086.441,refuse,1,12,
3086.746,refuse,0,16,
3090.0,refuse,4,13,
3090.0,refuse,5,14,
3091.528,refuse,6,11,
3097.612,refuse,2,15,
3101.441,refuse,1,12,
3101.746,refuse,0,16,
3105.0,refuse,4,13,
3105.0,refuse,5,14,
3106.528,refuse,6,11,
3112.612,refuse,2,15,
3116.441,refuse,1,12,
3116.746,refuse,0,16,
3120.0,refuse,4,13,
3120.0,refuse,5,14,
3121.528,refuse,6,11,
3127.612,refuse,2,15,
3131.441,refuse,1,12,
3131.746,refuse,0,16,
3135.0,refuse,4,13,
3135.0,refuse,5,14,
3136.528,refuse,6,11,
3142.612,refuse,2,15,
3146.441,refuse,1,12,
3146.746,refuse,0,16,
3150.0,refuse,4,13,
3150.0,refuse,5,14,
3151.528,refuse,6,11,
3157.612,refuse,2,15,
3161.441,refuse,1,12,
3161.746,refuse,0,16,
3165.0,refuse,4,13,
3165.0,refuse,5,14,
3166.528,refuse,6,11,
3172.612,refuse,2,15,
3176.441,refuse,1,12,
3176.746,refuse,0,16,
3180.0,refuse,4,13,
3180.0,refuse,5,14,
3181.528,refuse,6,11,
3187.612,refuse,2,15,
3191.441,refuse,1,12,
3191.746,refuse,0,16,
3195.0,refuse,4,13,
3195.0,refuse,5,14,
3196.528,refuse,6,11,
3202.612,refuse,2,15,
3206.441,refuse,1,12,
3206.746,refuse,0,16,
3210.0,refuse,4,13,
3210.0,refuse,5,14,
3211.528,refuse,6,11,
3217.612,refuse,2,15,
3221.441,refuse,1,12,
3221.746,refuse,0,16,
3225.0,refuse,4,13,
3225.0,refuse,5,14,
3226.528,refuse,6,11,
3232.612,refuse,2,15,
3236.441,refuse,1,12,
3236.746,refuse,0,16,
3240.0,refuse,4,13,
3240.0,refuse,5,14,
3241.528,refuse,6,11,
3247.612,refuse,2,15,
3251.441,refuse,1,12,
3251.746,refuse,0,16,
3255.0,refuse,4,13,
3255.0,refuse,5,14,
3256.528,refuse,6,11,
3262.612,refuse,2,15,
3266.441,refuse,1,12,
3266.746,refuse,0,16,
3270.0,refuse,4,13,
3270.0,refuse,5,14,
3271.528,refuse,6,11,
3277.612,refuse,2,15,
3281.441,refuse,1,12,
3281.746,refuse,0,16,
3285.0,refuse,4,13,
3285.0,refuse,5,14,
3286.528,refuse,6,11,
3292.612,refuse,2,15,
3296.441,refuse,1,12,
3296.746,refuse,0,16,
3300.0,refuse,4,13,
3300.0,refuse,5,14,
3301.528,refuse,6,11,
3307.612,refuse,2,15,
3311.441,refuse,1,12,
3311.746,refuse,0,16,
3315.0,refuse,4,13,
3315.0,refuse,5,14,
3316.528,refuse,6,11,
3322.612,refuse,2,15,
3326.441,refuse,1,12,
3326.746,refuse,0,16,
3330.0,refuse,4,13,
3330.0,refuse,5,14,
3331.528,refuse,6,11,
3337.612,refuse,2,15,
3341.441,refuse,1,12,
3341.746,refuse,0,16,
3345.0,refuse,4,13,
3345.0,refuse,5,14,
3346.528,refuse,6,11,
3352.612,refuse,2,15,
3356.441,refuse,1,12,
3356.746,refuse,0,16,
3360.0,refuse,4,13,
3360.0,refuse,5,14,
3361.528,refuse,6,11,
3367.612,refuse,2,15,
3371.441,refuse,1,12,
3371.746,refuse,0,16,
3375.0,refuse,4,13,
3375.0,refuse,5,14,
3376.528,refuse,6,11,
3382.612,refuse,2,15,
3386.441,refuse,1,12,
3386.746,refuse,0,16,
3390.0,refuse,4,13,
3390.0,refuse,5,14,
3391.528,refuse,6,11,
3397.612,refuse,2,15,
3401.441,refuse,1,12,
3401.746,refuse,0,16,
3405.0,refuse,4,13,
3405.0,refuse,5,14,
3406.528,refuse,6,11,
3412.612,refuse,2,15,
3416.441,refuse,1,12,
3416.746,refuse,0,16,
3420.0,refuse,4,13,
3420.0,refuse,5,14,
3421.528,refuse,6,11,
3427.612,refuse,2,15,
3431.441,refuse,1,12,
3431.746,refuse,0,16,
3435.0,refuse,4,13,
3435.0,refuse,5,14,
3436.528,refuse,6,11,
3442.612,refuse,2,15,
3446.441,refuse,1,12,
3446.746,refuse,0,16,
3450.0,refuse,4,13,
3450.0,refuse,5,14,
3451.528,refuse,6,11,
3457.612,refuse,2,15,
3461.441,refuse,1,12,
3461.746,refuse,0,16,
3465.0,refuse,4,13,
3465.0,refuse,5,14,
3466.528,refuse,6,11,
3472.612,refuse,2,15,
3476.441,refuse,1,12,
3476.746,refuse,0,16,
3480.0,refuse,4,13,
3480.0,refuse,5,14,
3481.528,refuse,6,11,
3487.612,refuse,2,15,
3491.441,refuse,1,12,
3491.746,refuse,0,16,
3495.0,refuse,4,13,
3495.0,refuse,5,14,
3496.528,refuse,6,11,
3502.612,refuse,2,15,
3506.441,refuse,1,12,
3506.746,refuse,0,16,
3510.0,refuse,4,13,
3510.0,refuse,5,14,
3511.528,refuse,6,11,
3517.612,refuse,2,15,
3521.441,refuse,1,12,
3521.746,refuse,0,16,
3525.0,refuse,4,13,
3525.0,refuse,5,14,
3526.528,refuse,6,11,
3532.612,refuse,2,15,
3536.441,refuse,1,12,
3536.746,refuse,0,16,
3540.0,refuse,4,13,
3540.0,refuse,5,14,
3541.528,refuse,6,11,
3547.612,refuse,2,15,
3551.441,refuse,1,12,
3551.746,refuse,0,16,
3555.0,refuse,4,13,
3555.0,refuse,5,14,
3556.528,refuse,6,11,
3562.612,refuse,2,15,
3566.441,refuse,1,12,
3566.746,refuse,0,16,
3570.0,refuse,4,13,
3570.0,refuse,5,14,
3571.528,refuse,6,11,
3577.612,refuse,2,15,
3581.441,refuse,1,12,
3581.746,refuse,0,16,
3585.0,refuse,4,13,
3585.0,refuse,5,14,
3586.528,refuse,6,11,
3592.612,refuse,2,15,
3596.441,refuse,1,12,
3596.746,refuse,0,16,
3600.0,refuse,4,13,
3600.0,refuse,5,14,
3601.528,refuse,6,11,
3607.612,refuse,2,15,
3611.441,refuse,1,12,
3611.746,refuse,0,16,
3615.0,refuse,4,13,
3615.0,refuse,5,14,
3616.528,refuse,6,11,
3622.612,refuse,2,15,
3626.441,refuse,1,12,
3626.746,refuse,0,16,
3630.0,refuse,4,13,
3630.0,refuse,5,14,
3631.528,refuse,6,11,
3637.612,refuse,2,15,
3641.441,refuse,1,12,
3641.746,refuse,0,16,
3645.0,refuse,4,13,
3645.0,refuse,5,14,
3646.528,refuse,6,11,
3652.612,refuse,2,15,
3656.441,refuse,1,12,
3656.746,refuse,0,16,
3660.0,refuse,4,13,
3660.0,refuse,5,14,
3661.528,refuse,6,11,
3667.612,refuse,2,15,
3671.441,refuse,1,12,
3671.746,refuse,0,16,
3675.0,refuse,4,13,
3675.0,refuse,5,14,
3676.528,refuse,6,11,
3682.612,refuse,2,15,
3686.441,refuse,1,12,
3686.746,refuse,0,16,
3690.0,refuse,4,13,
3690.0,refuse,5,14,
3691.528,refuse,6,11,
3697.612,refuse,2,15,
3701.441,refuse,1,12,
3701.746,refuse,0,16,
3705.0,refuse,4,13,
3705.0,refuse,5,14,
3706.528,refuse,6,11,
3712.612,refuse,2,15,
3716.441,refuse,1,12,
3716.746,refuse,0,16,
3720.0,refuse,4,13,
3720.0,refuse,5,14,
3721.528,refuse,6,11,
3723.477,conflict-at-land,3,3,
3727.612,start,2,15,
3731.441,refuse,1,12,
3731.746,refuse,0,16,
3735.0,start,4,13,
3735.0,start,5,14,
3736.528,refuse,6,11,
3738.477,refuse,3,3,
3740.375,conflict-at-land,2,15,
3741.384,conflict-at-land,4,13,
3746.441,refuse,1,12,
3746.746,refuse,0,16,
3750.731,conflict-at-land,5,14,
3751.528,refuse,6,11,
3753.477,start,3,3,
3755.375,refuse,2,15,
3756.384,refuse,4,13,
3761.441,refuse,1,12,
3761.746,refuse,0,16,
3765.731,refuse,5,14,
3766.528,refuse,6,11,
3770.375,refuse,2,15,
3771.384,refuse,4,13,
3776.441,refuse,1,12,
3776.746,refuse,0,16,
3780.731,refuse,5,14,
3781.528,refuse,6,11,
3785.375,refuse,2,15,
3786.384,refuse,4,13,
3791.441,refuse,1,12,
3791.746,refuse,0,16,
3795.731,refuse,5,14,
3796.528,refuse,6,11,
3800.375,refuse,2,15,
3801.384,refuse,4,13,
3806.441,refuse,1,12,
3806.746,refuse,0,16,
3810.731,refuse,5,14,
3811.528,refuse,6,11,
3815.375,refuse,2,15,
3816.384,refuse,4,13,
3821.441,refuse,1,12,
3821.746,refuse,0,16,
3825.731,refuse,5,14,
3826.528,refuse,6,11,
3830.375,refuse,2,15,
3831.384,refuse,4,13,
3836.441,refuse,1,12,
3836.746,refuse,0,16,
3840.731,refuse,5,14,
3841.528,refuse,6,11,
3845.375,refuse,2,15,
3846.384,refuse,4,13,
3851.441,refuse,1,12,
3851.746,refuse,0,16,
3855.731,refuse,5,14,
3856.528,refuse,6,11,
3860.375,refuse,2,15,
3861.384,refuse,4,13,
3866.441,refuse,1,12,
3866.746,refuse,0,16,
3870.731,refuse,5,14,
3871.528,refuse,6,11,
3875.375,refuse,2,15,
3876.384,refuse,4,13,
3881.441,refuse,1,12,
3881.746,refuse,0,16,
3885.731,refuse,5,14,
3886.528,refuse,6,11,
3890.375,refuse,2,15,
3891.384,refuse,4,13,
3896.441,refuse,1,12,
3896.746,refuse,0,16,
3900.731,refuse,5,14,
3901.528,refuse,6,11,
3905.375,refuse,2,15,
3906.384,refuse,4,13,
3911.441,refuse,1,12,
3911.746,refuse,0,16,
3915.731,refuse,5,14,
3916.528,refuse,6,11,
3920.375,refuse,2,15,
3921.384,refuse,4,13,
3926.441,refuse,1,12,
3926.746,refuse,0,16,
3930.731,refuse,5,14,
3931.528,refuse,6,11,
3935.375,refuse,2,15,
3936.384,refuse,4,13,
3941.441,refuse,1,12,
3941.746,refuse,0,16,
3945.731,refuse,5,14,
3946.528,refuse,6,11,
3950.375,refuse,2,15,
3951.384,refuse,4,13,
3956.441,refuse,1,12,
3956.746,refuse,0,16,
3960.731,refuse,5,14,
3961.528,refuse,6,11,
3965.375,refuse,2,15,
3966.384,refuse,4,13,
3971.441,refuse,1,12,
3971.746,refuse,0,16,
3975.731,refuse,5,14,
3976.528,refuse,6,11,
3980.375,refuse,2,15,
3981.384,refuse,4,13,
3986.441,refuse,1,12,
3986.746,refuse,0,16,
3990.731,refuse,5,14,
3991.528,refuse,6,11,
3995.375,refuse,2,15,
3996.384,refuse,4,13,
4001.441,refuse,1,12,
4001.746,refuse,0,16,
4005.731,refuse,5,14,
4006.528,refuse,6,11,
4010.375,refuse,2,15,
4011.384,refuse,4,13,
4016.441,refuse,1,12,
4016.746,refuse,0,16,
4020.731,refuse,5,14,
4021.528,refuse,6,11,
4025.375,refuse,2,15,
4026.384,refuse,4,13,
4031.441,refuse,1,12,
4031.746,refuse,0,16,
4035.731,refuse,5,14,
4036.528,refuse,6,11,
4040.375,refuse,2,15,
4041.384,refuse,4,13,
4046.441,refuse,1,12,
4046.746,refuse,0,16,
4050.731,refuse,5,14,
4051.528,refuse,6,11,
4055.375,refuse,2,15,
4056.384,refuse,4,13,
4061.441,refuse,1,12,
4061.746,refuse,0,16,
4065.731,refuse,5,14,
4066.528,refuse,6,11,
4070.375,refuse,2,15,
4071.384,refuse,4,13,
4076.441,refuse,1,12,
4076.746,refuse,0,16,
4080.731,refuse,5,14,
4081.528,refuse,6,11,
4085.375,refuse,2,15,
4086.384,refuse,4,13,
4091.441,refuse,1,12,
4091.746,refuse,0,16,
4095.731,refuse,5,14,
4096.528,refuse,6,11,
4100.375,refuse,2,15,
4101.384,refuse,4,13,
4106.441,refuse,1,12,
4106.746,refuse,0,16,
4110.731,refuse,5,14,
4111.528,refuse,6,11,
4115.375,refuse,2,15,
4116.384,refuse,4,13,
4121.441,refuse,1,12,
4121.746,refuse,0,16,
4125.731,refuse,5,14,
4126.528,refuse,6,11,
4130.375,refuse,2,15,
4131.384,refuse,4,13,
4136.441,refuse,1,12,
4136.746,refuse,0,16,
4140.731,refuse,5,14,
4141.528,refuse,6,11,
4145.375,refuse,2,15,
4146.384,refuse,4,13,
4151.441,refuse,1,12,
4151.746,refuse,0,16,
4155.731,refuse,5,14,
4156.528,refuse,6,11,
4160.375,refuse,2,15,
4161.384,refuse,4,13,
4166.441,refuse,1,12,
4166.746,refuse,0,16,
4170.731,refuse,5,14,
4171.528,refuse,6,11,
4175.375,refuse,2,15,
4176.384,refuse,4,13,
4181.441,refuse,1,12,
4181.746,refuse,0,16,
4185.731,refuse,5,14,
4186.528,refuse,6,11,
4190.375,refuse,2,15,
4191.384,refuse,4,13,
4196.441,refuse,1,12,
4196.746,refuse,0,16,
4200.731,refuse,5,14,
4201.528,refuse,6,11,
4205.375,refuse,2,15,
4206.384,refuse,4,13,
4211.441,refuse,1,12,
4211.746,refuse,0,16,
4215.731,refuse,5,14,
4216.528,refuse,6,11,
4220.375,refuse,2,15,
4221.384,refuse,4,13,
4226.441,refuse,1,12,
4226.746,refuse,0,16,
4230.731,refuse,5,14,
4231.528,refuse,6,11,
4235.375,refuse,2,15,
4236.384,refuse,4,13,
4241.441,refuse,1,12,
4241.746,refuse,0,16,
4245.731,refuse,5,14,
4246.528,refuse,6,11,
4250.375,refuse,2,15,
4251.384,refuse,4,13,
4256.441,refuse,1,12,
4256.746,refuse,0,16,
4260.731,refuse,5,14,
4261.528,refuse,6,11,
4265.375,refuse,2,15,
4266.384,refuse,4,13,
4271.441,refuse,1,12,
4271.746,refuse,0,16,
4275.731,refuse,5,14,
4276.528,refuse,6,11,
4280.375,refuse,2,15,
4281.384,refuse,4,13,
4286.441,refuse,1,12,
4286.746,refuse,0,16,
4290.731,refuse,5,14,
4291.528,refuse,6,11,
4295.375,refuse,2,15,
4296.384,refuse,4,13,
4301.441,refuse,1,12,
4301.746,refuse,0,16,
4305.731,refuse,5,14,
4306.528,refuse,6,11,
4310.375,refuse,2,15,
4311.384,refuse,4,13,
4316.441,refuse,1,12,
4316.746,refuse,0,16,
4320.731,refuse,5,14,
4321.528,refuse,6,11,
4325.375,refuse,2,15,
4326.384,refuse,4,13,
4331.441,refuse,1,12,
4331.746,refuse,0,16,
4335.731,refuse,5,14,
4336.528,refuse,6,11,
4340.375,refuse,2,15,
4341.384,refuse,4,13,
4346.441,refuse,1,12,
4346.746,refuse,0,16,
4350.731,refuse,5,14,
4351.528,refuse,6,11,
4355.375,refuse,2,15,
4356.384,refuse,4,13,
4361.441,refuse,1,12,
4361.746,refuse,0,16,
4365.731,refuse,5,14,
4366.528,refuse,6,11,
4370.375,refuse,2,15,
4371.384,refuse,4,13,
4376.441,refuse,1,12,
4376.746,refuse,0,16,
4380.731,refuse,5,14,
4381.528,refuse,6,11,
4385.375,refuse,2,15,
4386.384,refuse,4,13,
4391.441,refuse,1,12,
4391.746,refuse,0,16,
4395.731,refuse,5,14,
4396.528,refuse,6,11,
4400.375,refuse,2,15,
4401.384,refuse,4,13,
4406.441,refuse,1,12,
4406.746,refuse,0,16,
4410.731,refuse,5,14,
4411.528,refuse,6,11,
4415.375,refuse,2,15,
4416.384,refuse,4,13,
4421.441,refuse,1,12,
4421.746,refuse,0,16,
4425.731,refuse,5,14,
4426.528,refuse,6,11,
4430.375,refuse,2,15,
4431.384,refuse,4,13,
4436.441,refuse,1,12,
4436.746,refuse,0,16,
4440.731,refuse,5,14,
4441.528,refuse,6,11,
4445.375,refuse,2,15,
4446.384,refuse,4,13,
4451.441,refuse,1,12,
4451.746,refuse,0,16,
4455.731,refuse,5,14,
4456.528,refuse,6,11,
4460.375,refuse,2,15,
4461.384,refuse,4,13,
4466.441,refuse,1,12,
4466.746,refuse,0,16,
4470.731,refuse,5,14,
4471.528,refuse,6,11,
4475.375,refuse,2,15,
4476.384,refuse,4,13,
4481.441,refuse,1,12,
4481.746,refuse,0,16,
4485.731,refuse,5,14,
4486.528,refuse,6,11,
4490.375,refuse,2,15,
4491.384,refuse,4,13,
4496.441,refuse,1,12,
4496.746,refuse,0,16,
4500.731,refuse,5,14,
4501.528,refuse,6,11,
4505.375,refuse,2,15,
4506.384,refuse,4,13,
4511.441,refuse,1,12,
4511.746,refuse,0,16,
4515.731,refuse,5,14,
4516.528,refuse,6,11,
4520.375,refuse,2,15,
4521.384,refuse,4,13,
4526.441,refuse,1,12,
4526.746,refuse,0,16,
4530.731,refuse,5,14,
4531.528,refuse,6,11,
4535.375,refuse,2,15,
4536.384,refuse,4,13,
4541.441,refuse,1,12,
4541.746,refuse,0,16,
4545.731,refuse,5,14,
4546.528,refuse,6,11,
4550.375,refuse,2,15,
4551.384,refuse,4,13,
4556.441,refuse,1,12,
4556.746,refuse,0,16,
4560.731,refuse,5,14,
4561.528,refuse,6,11,
4565.375,refuse,2,15,
4566.384,refuse,4,13,
4571.441,refuse,1,12,
4571.746,refuse,0,16,
4575.731,refuse,5,14,
4576.528,refuse,6,11,
4580.375,refuse,2,15,
4581.384,refuse,4,13,
4586.441,refuse,1,12,
4586.746,refuse,0,16,
4590.731,refuse,5,14,
4591.528,refuse,6,11,
4595.375,refuse,2,15,
4596.384,refuse,4,13,
4601.441,refuse,1,12,
4601.746,refuse,0,16,
4605.731,refuse,5,14,
4606.528,refuse,6,11,
4610.375,refuse,2,15,
4611.384,refuse,4,13,
4616.441,refuse,1,12,
4616.746,refuse,0,16,
4620.731,refuse,5,14,
4621.528,refuse,6,11,
4625.375,refuse,2,15,
4626.384,refuse,4,13,
4631.441,refuse,1,12,
4631.746,refuse,0,16,
4635.731,refuse,5,14,
4636.528,refuse,6,11,
4640.375,refuse,2,15,
4641.384,refuse,4,13,
4646.441,refuse,1,12,
4646.746,refuse,0,16,
4650.731,refuse,5,14,
4651.528,refuse,6,11,
4651.528,abandon,6,11,
4651.528,refuse,6,17,
4655.375,refuse,2,15,
4656.384,refuse,4,13,
4661.441,refuse,1,12,
4661.746,refuse,0,16,
4665.731,refuse,5,14,
4666.528,refuse,6,17,
4670.375,refuse,2,15,
4671.384,refuse,4,13,
4676.441,refuse,1,12,
4676.746,refuse,0,16,
4680.731,refuse,5,14,
4681.528,refuse,6,17,
4685.375,refuse,2,15,
4686.384,refuse,4,13,
4691.441,refuse,1,12,
4691.746,refuse,0,16,
4695.731,refuse,5,14,
4696.528,refuse,6,17,
4700.375,refuse,2,15,
4701.384,refuse,4,13,
4706.441,refuse,1,12,
4706.746,refuse,0,16,
4710.731,refuse,5,14,
4711.528,refuse,6,17,
4715.375,refuse,2,15,
4716.384,refuse,4,13,
4721.441,refuse,1,12,
4721.746,refuse,0,16,
4725.731,refuse,5,14,
4726.528,refuse,6,17,
4730.375,refuse,2,15,
4731.384,refuse,4,13,
4736.441,refuse,1,12,
4736.746,refuse,0,16,
4740.731,refuse,5,14,
4741.528,refuse,6,17,
4745.375,refuse,2,15,
4746.384,refuse,4,13,
4751.441,refuse,1,12,
4751.441,abandon,1,12,
4751.441,start,1,18,
4751.746,refuse,0,16,
4755.731,refuse,5,14,
4756.528,refuse,6,17,
4760.375,refuse,2,15,
4761.384,refuse,4,13,
4765.817,land,1,18,
4765.817,refuse,1,19,
4766.746,refuse,0,16,
4770.731,refuse,5,14,
4771.528,refuse,6,17,
4775.375,refuse,2,15,
4776.384,refuse,4,13,
4780.817,refuse,1,19,
4781.746,refuse,0,16,
4785.731,refuse,5,14,
4786.528,refuse,6,17,
4790.375,refuse,2,15,
4791.384,refuse,4,13,
4795.817,refuse,1,19,
4796.746,refuse,0,16,
4800.731,refuse,5,14,
4801.528,refuse,6,17,
4805.375,refuse,2,15,
4806.384,refuse,4,13,
4810.817,refuse,1,19,
4811.746,refuse,0,16,
4815.731,refuse,5,14,
4816.528,refuse,6,17,
4820.375,refuse,2,15,
4821.384,refuse,4,13,
4825.817,refuse,1,19,
4826.746,refuse,0,16,
4830.731,refuse,5,14,
4831.528,refuse,6,17,
4835.375,refuse,2,15,
4836.384,refuse,4,13,
4840.817,refuse,1,19,
4841.746,refuse,0,16,
4845.731,refuse,5,14,
4846.528,refuse,6,17,
4850.375,refuse,2,15,
4851.384,refuse,4,13,
4855.817,refuse,1,19,
4856.746,refuse,0,16,
4860.731,refuse,5,14,
4861.528,refuse,6,17,
4865.375,refuse,2,15,
4866.384,refuse,4,13,
4870.817,refuse,1,19,
4871.746,refuse,0,16,
4875.731,refuse,5,14,
4876.528,refuse,6,17,
4880.375,refuse,2,15,
4881.384,refuse,4,13,
4885.817,refuse,1,19,
4886.746,refuse,0,16,
4890.731,refuse,5,14,
4891.528,refuse,6,17,
4895.375,refuse,2,15,
4896.384,refuse,4,13,
4900.817,refuse,1,19,
4901.746,refuse,0,16,
4905.731,refuse,5,14,
4906.528,refuse,6,17,
4910.375,refuse,2,15,
4911.384,refuse,4,13,
4915.817,refuse,1,19,
4916.746,refuse,0,16,
4920.731,refuse,5,14,
4921.528,refuse,6,17,
4925.375,refuse,2,15,
4926.384,refuse,4,13,
4930.817,refuse,1,19,
4931.746,refuse,0,16,
4935.731,refuse,5,14,
4936.528,refuse,6,17,
4940.375,refuse,2,15,
4941.384,refuse,4,13,
4945.817,refuse,1,19,
4946.746,refuse,0,16,
4950.731,refuse,5,14,
4951.528,refuse,6,17,
4955.375,refuse,2,15,
4956.384,refuse,4,13,
4960.817,refuse,1,19,
4961.746,refuse,0,16,
4965.731,refuse,5,14,
4966.528,refuse,6,17,
4970.375,refuse,2,15,
4971.384,refuse,4,13,
4975.817,refuse,1,19,
4976.746,refuse,0,16,
4980.731,refuse,5,14,
4981.528,refuse,6,17,
4985.375,refuse,2,15,
4986.384,refuse,4,13,
4990.817,refuse,1,19,
4991.746,refuse,0,16,
4995.731,refuse,5,14,
4996.528,refuse,6,17,
5000.375,refuse,2,15,
5001.384,refuse,4,13,
5005.817,refuse,1,19,
5006.746,refuse,0,16,
5010.731,refuse,5,14,
5011.528,refuse,6,17,
5015.375,refuse,2,15,
5016.384,refuse,4,13,
5020.817,refuse,1,19,
5021.746,refuse,0,16,
5025.731,refuse,5,14,
5026.528,refuse,6,17,
5030.375,refuse,2,15,
5031.384,refuse,4,13,
5035.817,refuse,1,19,
5036.746,refuse,0,16,
5040.731,refuse,5,14,
5041.528,refuse,6,17,
5045.375,refuse,2,15,
5046.384,refuse,4,13,
5050.817,refuse,1,19,
5051.746,refuse,0,16,
5055.731,refuse,5,14,
5056.528,refuse,6,17,
5060.375,refuse,2,15,
5061.384,refuse,4,13,
5065.817,refuse,1,19,
5066.746,refuse,0,16,
5070.731,refuse,5,14,
5071.528,refuse,6,17,
5075.375,refuse,2,15,
5076.384,refuse,4,13,
5080.817,refuse,1,19,
5081.746,refuse,0,16,
5085.731,refuse,5,14,
5086.528,refuse,6,17,
5090.375,refuse,2,15,
5091.384,refuse,4,13,
5095.817,refuse,1,19,
5096.746,refuse,0,16,
5100.731,refuse,5,14,
5101.528,refuse,6,17,
5105.375,refuse,2,15,
5106.384,refuse,4,13,
5110.817,refuse,1,19,
5111.746,refuse,0,16,
5115.731,refuse,5,14,
5116.528,refuse,6,17,
5120.375,refuse,2,15,
5121.384,refuse,4,13,
5125.817,refuse,1,19,
5126.746,refuse,0,16,
5130.731,refuse,5,14,
5131.528,refuse,6,17,
5135.375,refuse,2,15,
5136.384,refuse,4,13,
5140.817,refuse,1,19,
5141.746,refuse,0,16,
5145.731,refuse,5,14,
5146.528,refuse,6,17,
5150.375,refuse,2,15,
5151.384,refuse,4,13,
5155.817,refuse,1,19,
5156.746,refuse,0,16,
5160.731,refuse,5,14,
5161.528,refuse,6,17,
5165.375,refuse,2,15,
5166.384,refuse,4,13,
5170.817,refuse,1,19,
5171.746,refuse,0,16,
5175.731,refuse,5,14,
5176.528,refuse,6,17,
5180.375,refuse,2,15,
5181.384,refuse,4,13,
5185.817,refuse,1,19,
5186.746,refuse,0,16,
5190.731,refuse,5,14,
5191.528,refuse,6,17,
5195.375,refuse,2,15,
5196.384,refuse,4,13,
5200.817,refuse,1,19,
5201.746,refuse,0,16,
5205.731,refuse,5,14,
5206.528,refuse,6,17,
5210.375,refuse,2,15,
5211.384,refuse,4,13,
5215.817,refuse,1,19,
5216.746,refuse,0,16,
5220.731,refuse,5,14,
5221.528,refuse,6,17,
5225.375,refuse,2,15,
5226.384,refuse,4,13,
5230.817,refuse,1,19,
5231.746,refuse,0,16,
5235.731,refuse,5,14,
5236.528,refuse,6,17,
5240.375,refuse,2,15,
5241.384,refuse,4,13,
5245.817,refuse,1,19,
5246.746,refuse,0,16,
5250.731,refuse,5,14,
5251.528,refuse,6,17,
5255.375,refuse,2,15,
5256.384,refuse,4,13,
5260.817,refuse,1,19,
5261.746,refuse,0,16,
5265.731,refuse,5,14,
5266.528,refuse,6,17,
5270.375,refuse,2,15,
5271.384,refuse,4,13,
5275.817,refuse,1,19,
5276.746,refuse,0,16,
5280.731,refuse,5,14,
5281.528,refuse,6,17,
5285.375,refuse,2,15,
5286.384,refuse,4,13,
5290.817,refuse,1,19,
5291.746,refuse,0,16,
5295.731,refuse,5,14,
5296.528,refuse,6,17,
5300.375,refuse,2,15,
5301.384,refuse,4,13,
5305.817,refuse,1,19,
5306.746,refuse,0,16,
5310.731,refuse,5,14,
5311.528,refuse,6,17,
5315.375,refuse,2,15,
5316.384,refuse,4,13,
5320.817,refuse,1,19,
5321.746,refuse,0,16,
5325.731,refuse,5,14,
5326.528,refuse,6,17,
5330.375,refuse,2,15,
5331.384,refuse,4,13,
5335.817,refuse,1,19,
5336.746,refuse,0,16,
5340.731,refuse,5,14,
5341.528,refuse,6,17,
5345.375,refuse,2,15,
5346.384,refuse,4,13,
5350.817,refuse,1,19,
5351.746,refuse,0,16,
5355.731,refuse,5,14,
5356.528,refuse,6,17,
5360.375,refuse,2,15,
5361.384,refuse,4,13,
5365.817,refuse,1,19,
5366.746,refuse,0,16,
5370.731,refuse,5,14,
5371.528,refuse,6,17,
5375.375,refuse,2,15,
5376.384,refuse,4,13,
5380.817,refuse,1,19,
5381.746,refuse,0,16,
5385.731,refuse,5,14,
5386.528,refuse,6,17,
5390.375,refuse,2,15,
5391.384,refuse,4,13,
5395.817,refuse,1,19,
5396.746,refuse,0,16,
5400.731,refuse,5,14,
5401.528,refuse,6,17,
5405.375,refuse,2,15,
5406.384,refuse,4,13,
5410.817,refuse,1,19,
5411.746,refuse,0,16,
5415.731,refuse,5,14,
5416.528,refuse,6,17,
5420.375,refuse,2,15,
5421.384,refuse,4,13,
5425.817,refuse,1,19,
5426.746,refuse,0,16,
5430.731,refuse,5,14,
5431.528,refuse,6,17,
5435.375,refuse,2,15,
5436.384,refuse,4,13,
5440.817,refuse,1,19,
5441.746,refuse,0,16,
5445.731,refuse,5,14,
5446.528,refuse,6,17,
5450.375,refuse,2,15,
5451.384,refuse,4,13,
5455.817,refuse,1,19,
5456.746,refuse,0,16,
5460.731,refuse,5,14,
5461.528,refuse,6,17,
5465.375,refuse,2,15,
5466.384,refuse,4,13,
5470.817,refuse,1,19,
5471.746,refuse,0,16,
5475.731,refuse,5,14,
5476.528,refuse,6,17,
5480.375,refuse,2,15,
5481.384,refuse,4,13,
5485.817,refuse,1,19,
5486.746,refuse,0,16,
5490.731,refuse,5,14,
5491.528,refuse,6,17,
5495.375,refuse,2,15,
5496.384,refuse,4,13,
5500.817,refuse,1,19,
5501.746,refuse,0,16,
5505.731,refuse,5,14,
5506.528,refuse,6,17,
5510.375,refuse,2,15,
5511.384,refuse,4,13,
5515.817,refuse,1,19,
5516.746,refuse,0,16,
5520.731,refuse,5,14,
5521.528,refuse,6,17,
5523.213,conflict-at-land,3,3,
5525.375,start,2,15,
5526.384,start,4,13,
5530.817,refuse,1,19,
5531.746,refuse,0,16,
5533.187,conflict-at-land,4,13,
5535.731,start,5,14,
5536.528,refuse,6,17,
5536.608,conflict-at-land,2,15,
5538.213,refuse,3,3,
5545.817,refuse,1,19,
5546.746,refuse,0,16,
5548.187,start,4,13,
5551.528,refuse,6,17,
5551.608,start,2,15,
5553.213,refuse,3,3,
5555.184,conflict-at-land,5,14,
5555.805,conflict-at-land,4,13,
5560.817,refuse,1,19,
5561.746,refuse,0,16,
5563.926,conflict-at-land,2,15,
5566.528,refuse,6,17,
5568.213,start,3,3,
5570.184,refuse,5,14,
5570.805,refuse,4,13,
5575.817,refuse,1,19,
5576.746,refuse,0,16,
5578.926,refuse,2,15,
5581.528,refuse,6,17,
5585.184,refuse,5,14,
5585.805,refuse,4,13,
5590.817,refuse,1,19,
5591.746,refuse,0,16,
5593.926,refuse,2,15,
5596.528,refuse,6,17,
5600.184,refuse,5,14,
5600.805,refuse,4,13,
5605.817,refuse,1,19,
5606.746,refuse,0,16,
5608.926,refuse,2,15,
5611.528,refuse,6,17,
5615.184,refuse,5,14,
5615.805,refuse,4,13,
5620.817,refuse,1,19,
5621.746,refuse,0,16,
5623.926,refuse,2,15,
5626.528,refuse,6,17,
5630.184,refuse,5,14,
5630.805,refuse,4,13,
5635.817,refuse,1,19,
5636.746,refuse,0,16,
5638.926,refuse,2,15,
5641.528,refuse,6,17,
5645.184,refuse,5,14,
5645.805,refuse,4,13,
5650.817,refuse,1,19,
5651.746,refuse,0,16,
5653.926,refuse,2,15,
5656.528,refuse,6,17,
5660.184,refuse,5,14,
5660.805,refuse,4,13,
5665.817,refuse,1,19,
5666.746,refuse,0,16,
5668.926,refuse,2,15,
5671.528,refuse,6,17,
5675.184,refuse,5,14,
5675.805,refuse,4,13,
5680.817,refuse,1,19,
5681.746,refuse,0,16,
5683.926,refuse,2,15,
5686.528,refuse,6,17,
5690.184,refuse,5,14,
5690.805,refuse,4,13,
5695.817,refuse,1,19,
5696.746,refuse,0,16,
5698.926,refuse,2,15,
5701.528,refuse,6,17,
5705.184,refuse,5,14,
5705.805,refuse,4,13,
5710.817,refuse,1,19,
5711.746,refuse,0,16,
5713.926,refuse,2,15,
5716.528,refuse,6,17,
5720.184,refuse,5,14,
5720.805,refuse,4,13,
5725.817,refuse,1,19,
5726.746,refuse,0,16,
5728.926,refuse,2,15,
5731.528,refuse,6,17,
5735.184,refuse,5,14,
5735.805,refuse,4,13,
5740.817,refuse,1,19,
5741.746,refuse,0,16,
5743.926,refuse,2,15,
5746.528,refuse,6,17,
5750.184,refuse,5,14,
5750.805,refuse,4,13,
5755.817,refuse,1,19,
5756.746,refuse,0,16,
5758.926,refuse,2,15,
5761.528,refuse,6,17,
5765.184,refuse,5,14,
5765.805,refuse,4,13,
5770.817,refuse,1,19,
5771.746,refuse,0,16,
5773.926,refuse,2,15,
5776.528,refuse,6,17,
5780.184,refuse,5,14,
5780.805,refuse,4,13,
5785.817,refuse,1,19,
5786.746,refuse,0,16,
5788.926,refuse,2,15,
5791.528,refuse,6,17,
5795.184,refuse,5,14,
5795.805,refuse,4,13,
5800.817,refuse,1,19,
5801.746,refuse,0,16,
5803.926,refuse,2,15,
5806.528,refuse,6,17,
5810.184,refuse,5,14,
5810.805,refuse,4,13,
5815.817,refuse,1,19,
5816.746,refuse,0,16,
5818.926,refuse,2,15,
5821.528,refuse,6,17,
5825.184,refuse,5,14,
5825.805,refuse,4,13,
5830.817,refuse,1,19,
5831.746,refuse,0,16,
5833.926,refuse,2,15,
5836.528,refuse,6,17,
5840.184,refuse,5,14,
5840.805,refuse,4,13,
5845.817,refuse,1,19,
5846.746,refuse,0,16,
5848.926,refuse,2,15,
5851.528,refuse,6,17,
5855.184,refuse,5,14,
5855.805,refuse,4,13,
5860.817,refuse,1,19,
5861.746,refuse,0,16,
5863.926,refuse,2,15,
5866.528,refuse,6,17,
5870.184,refuse,5,14,
5870.805,refuse,4,13,
5875.817,refuse,1,19,
5876.746,refuse,0,16,
5878.926,refuse,2,15,
5881.528,refuse,6,17,
5885.184,refuse,5,14,
5885.805,refuse,4,13,
5890.817,refuse,1,19,
5891.746,refuse,0,16,
5893.926,refuse,2,15,
5896.528,refuse,6,17,
5900.184,refuse,5,14,
5900.805,refuse,4,13,
5905.817,refuse,1,19,
5906.746,refuse,0,16,
5908.926,refuse,2,15,
5911.528,refuse,6,17,
5915.184,refuse,5,14,
5915.805,refuse,4,13,
5920.817,refuse,1,19,
5921.746,refuse,0,16,
5923.926,refuse,2,15,
5926.528,refuse,6,17,
5930.184,refuse,5,14,
5930.805,refuse,4,13,
5935.817,refuse,1,19,
5936.746,refuse,0,16,
5938.926,refuse,2,15,
5941.528,refuse,6,17,
5945.184,refuse,5,14,
5945.805,refuse,4,13,
5950.817,refuse,1,19,
5951.746,refuse,0,16,
5953.926,refuse,2,15,
5956.528,refuse,6,17,
5960.184,refuse,5,14,
5960.805,refuse,4,13,
5965.817,refuse,1,19,
5966.746,refuse,0,16,
5968.926,refuse,2,15,
5971.528,refuse,6,17,
5975.184,refuse,5,14,
5975.805,refuse,4,13,
5980.817,refuse,1,19,
5981.746,refuse,0,16,
5983.926,refuse,2,15,
5986.528,refuse,6,17,
5990.184,refuse,5,14,
5990.805,refuse,4,13,
5995.817,refuse,1,19,
5996.746,refuse,0,16,
5998.926,refuse,2,15,
6001.528,refuse,6,17,
6005.184,refuse,5,14,
6005.805,refuse,4,13,
6010.817,refuse,1,19,
6011.746,refuse,0,16,
6013.926,refuse,2,15,
6016.528,refuse,6,17,
6020.184,refuse,5,14,
6020.805,refuse,4,13,
6020.805,abandon,4,13,
6020.805,start,4,20,
6025.817,refuse,1,19,
6026.746,refuse,0,16,
6026.746,abandon,0,16,
6026.746,refuse,0,21,
6028.926,refuse,2,15,
6031.528,refuse,6,17,
6035.184,refuse,5,14,
6035.184,abandon,5,14,
6035.184,start,5,22,
6040.817,refuse,1,19,
6041.678,land,5,22,
6041.678,refuse,5,23,
6041.746,refuse,0,21,
6043.926,refuse,2,15,
6043.926,abandon,2,15,
6043.926,refuse,2,24,
6046.528,refuse,6,17,
6055.817,refuse,1,19,
6056.678,refuse,5,23,
6056.746,refuse,0,21,
6058.926,refuse,2,24,
6061.528,refuse,6,17,
6062.13,land,4,20,
6062.13,start,4,25,
6066.429,land,4,25,
6066.429,start,4,26,
6070.817,refuse,1,19,
6071.678,refuse,5,23,
6071.746,refuse,0,21,
6072.303,conflict-at-land,4,26,
6073.926,refuse,2,24,
6076.528,refuse,6,17,
6085.817,refuse,1,19,
6086.678,refuse,5,23,
6086.746,refuse,0,21,
6087.303,start,4,26,
6088.926,refuse,2,24,
6091.528,refuse,6,17,
6092.649,conflict-at-land,4,26,
6100.817,refuse,1,19,
6101.678,refuse,5,23,
6101.746,refuse,0,21,
6103.926,refuse,2,24,
6106.528,refuse,6,17,
6107.649,start,4,26,
6113.217,conflict-at-land,4,26,
6115.817,refuse,1,19,
6116.678,refuse,5,23,
6116.746,refuse,0,21,
6118.926,refuse,2,24,
6121.528,refuse,6,17,
6128.217,start,4,26,
6130.817,refuse,1,19,
6131.678,refuse,5,23,
6131.746,refuse,0,21,
6133.926,refuse,2,24,
6135.628,conflict-at-land,4,26,
6136.528,refuse,6,17,
6145.817,refuse,1,19,
6146.678,refuse,5,23,
6146.746,refuse,0,21,
6148.926,refuse,2,24,
6150.628,start,4,26,
6151.528,refuse,6,17,
6156.721,conflict-at-land,4,26,
6160.817,refuse,1,19,
6161.678,refuse,5,23,
6161.746,refuse,0,21,
6163.926,refuse,2,24,
6166.528,refuse,6,17,
6171.721,start,4,26,
6175.817,refuse,1,19,
6176.678,refuse,5,23,
6176.746,refuse,0,21,
6177.938,conflict-at-land,4,26,
6178.926,refuse,2,24,
6181.528,refuse,6,17,
6190.817,refuse,1,19,
6191.678,refuse,5,23,
6191.746,refuse,0,21,
6192.938,start,4,26,
6193.926,refuse,2,24,
6196.528,refuse,6,17,
6197.988,conflict-at-land,4,26,
6205.817,refuse,1,19,
6206.678,refuse,5,23,
6206.746,refuse,0,21,
6208.926,refuse,2,24,
6211.528,refuse,6,17,
6212.988,start,4,26,
6217.274,conflict-at-land,4,26,
6220.817,refuse,1,19,
6221.678,refuse,5,23,
6221.746,refuse,0,21,
6223.926,refuse,2,24,
6226.528,refuse,6,17,
6232.274,start,4,26,
6235.817,refuse,1,19,
6236.678,refuse,5,23,
6236.746,refuse,0,21,
6237.645,conflict-at-land,4,26,
6238.926,refuse,2,24,
6241.528,refuse,6,17,
6250.817,refuse,1,19,
6251.678,refuse,5,23,
6251.746,refuse,0,21,
6252.645,start,4,26,
6253.926,refuse,2,24,
6256.528,refuse,6,17,
6257.337,conflict-at-land,4,26,
6265.817,refuse,1,19,
6266.678,refuse,5,23,
6266.746,refuse,0,21,
6268.926,refuse,2,24,
6271.528,refuse,6,17,
6272.337,start,4,26,
6278.374,conflict-at-land,4,26,
6280.817,refuse,1,19,
6281.678,refuse,5,23,
6281.746,refuse,0,21,
6283.926,refuse,2,24,
6286.528,refuse,6,17,
6293.374,start,4,26,
6295.817,refuse,1,19,
6296.678,refuse,5,23,
6296.746,refuse,0,21,
6298.926,refuse,2,24,
6301.169,conflict-at-land,4,26,
6301.528,refuse,6,17,
6310.817,refuse,1,19,
6311.678,refuse,5,23,
6311.746,refuse,0,21,
6313.926,refuse,2,24,
6316.169,start,4,26,
6316.528,refuse,6,17,
6322.797,conflict-at-land,4,26,
6325.817,refuse,1,19,
6326.678,refuse,5,23,
6326.746,refuse,0,21,
6328.926,refuse,2,24,
6331.528,refuse,6,17,
6337.797,start,4,26,
6340.817,refuse,1,19,
6341.678,refuse,5,23,
6341.746,refuse,0,21,
6342.652,conflict-at-land,4,26,
6343.926,refuse,2,24,
6346.528,refuse,6,17,
6355.817,refuse,1,19,
6356.678,refuse,5,23,
6356.746,refuse,0,21,
6357.652,start,4,26,
6358.926,refuse,2,24,
6361.528,refuse,6,17,
6365.069,conflict-at-land,4,26,
6370.817,refuse,1,19,
6371.678,refuse,5,23,
6371.746,refuse,0,21,
6373.926,refuse,2,24,
6376.528,refuse,6,17,
6380.069,start,4,26,
6385.817,refuse,1,19,
6386.678,refuse,5,23,
6386.746,refuse,0,21,
6387.137,conflict-at-land,4,26,
6388.926,refuse,2,24,
6391.528,refuse,6,17,
6400.817,refuse,1,19,
6401.678,refuse,5,23,
6401.746,refuse,0,21,
6402.137,start,4,26,
6403.926,refuse,2,24,
6406.528,refuse,6,17,
6408.981,conflict-at-land,4,26,
6415.817,refuse,1,19,
6416.678,refuse,5,23,
6416.746,refuse,0,21,
6418.926,refuse,2,24,
6421.528,refuse,6,17,
6423.981,start,4,26,
6430.817,refuse,1,19,
6431.445,conflict-at-land,4,26,
6431.678,refuse,5,23,
6431.746,refuse,0,21,
6433.926,refuse,2,24,
6436.528,refuse,6,17,
6445.817,refuse,1,19,
6446.445,start,4,26,
6446.678,refuse,5,23,
6446.746,refuse,0,21,
6448.926,refuse,2,24,
6451.528,refuse,6,17,
6453.391,conflict-at-land,4,26,
6460.817,refuse,1,19,
6461.678,refuse,5,23,
6461.746,refuse,0,21,
6463.926,refuse,2,24,
6466.528,refuse,6,17,
6468.391,start,4,26,
6475.434,conflict-at-land,4,26,
6475.817,refuse,1,19,
6476.678,refuse,5,23,
6476.746,refuse,0,21,
6478.926,refuse,2,24,
6481.528,refuse,6,17,
6490.434,start,4,26,
6490.817,refuse,1,19,
6491.678,refuse,5,23,
6491.746,refuse,0,21,
6493.926,refuse,2,24,
6495.908,conflict-at-land,4,26,
6496.528,refuse,6,17,
6505.817,refuse,1,19,
6506.678,refuse,5,23,
6506.746,refuse,0,21,
6508.926,refuse,2,24,
6510.908,start,4,26,
6511.528,refuse,6,17,
6518.639,conflict-at-land,4,26,
6520.817,refuse,1,19,
6521.678,refuse,5,23,
6521.746,refuse,0,21,
6523.926,refuse,2,24,
6526.528,refuse,6,17,
6533.639,start,4,26,
6535.817,refuse,1,19,
6536.678,refuse,5,23,
6536.746,refuse,0,21,
6538.926,refuse,2,24,
6541.302,conflict-at-land,4,26,
6541.528,refuse,6,17,
6550.817,refuse,1,19,
6551.678,refuse,5,23,
6551.746,refuse,0,21,
6553.926,refuse,2,24,
6556.302,start,4,26,
6556.528,refuse,6,17,
6561.082,conflict-at-land,4,26,
6565.817,refuse,1,19,
6566.678,refuse,5,23,
6566.746,refuse,0,21,
6568.926,refuse,2,24,
6571.528,refuse,6,17,
6576.082,start,4,26,
6580.817,refuse,1,19,
6581.678,refuse,5,23,
6581.746,refuse,0,21,
6582.997,conflict-at-land,4,26,
6583.926,refuse,2,24,
6586.528,refuse,6,17,
6595.817,refuse,1,19,
6596.678,refuse,5,23,
6596.746,refuse,0,21,
6597.997,start,4,26,
6598.926,refuse,2,24,
6601.528,refuse,6,17,
6604.771,conflict-at-land,4,26,
6610.817,refuse,1,19,
6611.678,refuse,5,23,
6611.746,refuse,0,21,
6613.926,refuse,2,24,
6616.528,refuse,6,17,
6619.771,start,4,26,
6625.632,conflict-at-land,4,26,
6625.817,refuse,1,19,
6626.678,refuse,5,23,
6626.746,refuse,0,21,
6628.926,refuse,2,24,
6631.528,refuse,6,17,
6640.632,start,4,26,
6640.817,refuse,1,19,
6641.678,refuse,5,23,
6641.746,refuse,0,21,
6643.926,refuse,2,24,
6646.528,refuse,6,17,
6646.742,conflict-at-land,4,26,
6655.817,refuse,1,19,
6656.678,refuse,5,23,
6656.746,refuse,0,21,
6658.926,refuse,2,24,
6661.528,refuse,6,17,
6661.742,start,4,26,
6667.706,conflict-at-land,4,26,
6670.817,refuse,1,19,
6671.678,refuse,5,23,
6671.746,refuse,0,21,
6673.926,refuse,2,24,
6676.528,refuse,6,17,
6682.706,start,4,26,
6685.817,refuse,1,19,
6686.678,refuse,5,23,
6686.746,refuse,0,21,
6688.926,refuse,2,24,
6690.235,conflict-at-land,4,26,
6691.528,refuse,6,17,
6700.817,refuse,1,19,
6701.678,refuse,5,23,
6701.746,refuse,0,21,
6703.926,refuse,2,24,
6705.235,start,4,26,
6706.528,refuse,6,17,
6711.238,conflict-at-land,4,26,
6715.817,refuse,1,19,
6716.678,refuse,5,23,
6716.746,refuse,0,21,
6718.926,refuse,2,24,
6721.528,refuse,6,17,
6726.238,start,4,26,
6730.817,refuse,1,19,
6731.678,refuse,5,23,
6731.746,refuse,0,21,
6733.432,conflict-at-land,4,26,
6733.926,refuse,2,24,
6736.528,refuse,6,17,
6745.817,refuse,1,19,
6746.678,refuse,5,23,
6746.746,refuse,0,21,
6748.432,start,4,26,
6748.926,refuse,2,24,
6751.528,refuse,6,17,
6753.906,conflict-at-land,4,26,
6760.817,refuse,1,19,
6761.678,refuse,5,23,
6761.746,refuse,0,21,
6763.926,refuse,2,24,
6766.528,refuse,6,17,
6768.906,start,4,26,
6775.817,refuse,1,19,
6776.284,conflict-at-land,4,26,
6776.678,refuse,5,23,
6776.746,refuse,0,21,
6778.926,refuse,2,24,
6781.528,refuse,6,17,
6790.817,refuse,1,19,
6791.284,start,4,26,
6791.678,refuse,5,23,
6791.746,refuse,0,21,
6793.926,refuse,2,24,
6796.528,refuse,6,17,
6798.723,conflict-at-land,4,26,
6805.817,refuse,1,19,
6806.678,refuse,5,23,
6806.746,refuse,0,21,
6808.926,refuse,2,24,
6811.528,refuse,6,17,
6813.723,start,4,26,
6819.583,conflict-at-land,4,26,
6820.817,refuse,1,19,
6821.678,refuse,5,23,
6821.746,refuse,0,21,
6823.926,refuse,2,24,
6826.528,refuse,6,17,
6834.583,start,4,26,
6835.817,refuse,1,19,
6836.678,refuse,5,23,
6836.746,refuse,0,21,
6838.926,refuse,2,24,
6840.826,conflict-at-land,4,26,
6841.528,refuse,6,17,
6850.817,refuse,1,19,
6851.678,refuse,5,23,
6851.746,refuse,0,21,
6853.926,refuse,2,24,
6855.826,start,4,26,
6856.528,refuse,6,17,
6863.339,conflict-at-land,4,26,
6865.817,refuse,1,19,
6866.678,refuse,5,23,
6866.746,refuse,0,21,
6868.926,refuse,2,24,
6871.528,refuse,6,17,
6878.339,start,4,26,
6880.817,refuse,1,19,
6881.678,refuse,5,23,
6881.746,refuse,0,21,
6883.926,refuse,2,24,
6885.145,conflict-at-land,4,26,
6886.528,refuse,6,17,
6895.817,refuse,1,19,
6896.678,refuse,5,23,
6896.746,refuse,0,21,
6898.926,refuse,2,24,
6900.145,start,4,26,
6901.528,refuse,6,17,
6906.097,conflict-at-land,4,26,
6910.817,refuse,1,19,
6911.678,refuse,5,23,
6911.746,refuse,0,21,
6913.926,refuse,2,24,
6916.528,refuse,6,17,
6921.097,start,4,26,
6925.817,refuse,1,19,
6926.095,conflict-at-land,4,26,
6926.678,refuse,5,23,
6926.746,refuse,0,21,
6928.926,refuse,2,24,
6931.528,refuse,6,17,
6940.817,refuse,1,19,
6941.095,start,4,26,
6941.678,refuse,5,23,
6941.746,refuse,0,21,
6943.926,refuse,2,24,
6946.464,conflict-at-land,4,26,
6946.528,refuse,6,17,
6955.817,refuse,1,19,
6956.678,refuse,5,23,
6956.746,refuse,0,21,
6958.926,refuse,2,24,
6961.464,start,4,26,
6961.528,refuse,6,17,
6968.183,conflict-at-land,4,26,
6970.817,refuse,1,19,
6971.678,refuse,5,23,
6971.746,refuse,0,21,
6973.926,refuse,2,24,
6976.528,refuse,6,17,
6983.183,start,4,26,
6985.817,refuse,1,19,
6986.678,refuse,5,23,
6986.746,refuse,0,21,
6987.98,conflict-at-land,4,26,
6988.926,refuse,2,24,
6991.528,refuse,6,17,
7000.817,refuse,1,19,
7001.678,refuse,5,23,
7001.746,refuse,0,21,
7002.98,start,4,26,
7003.926,refuse,2,24,
7006.528,refuse,6,17,
7010.449,conflict-at-land,4,26,
7015.817,refuse,1,19,
7016.678,refuse,5,23,
7016.746,refuse,0,21,
7018.926,refuse,2,24,
7021.528,refuse,6,17,
7025.449,start,4,26,
7030.614,conflict-at-land,4,26,
7030.817,refuse,1,19,
7031.678,refuse,5,23,
7031.746,refuse,0,21,
7033.926,refuse,2,24,
7036.528,refuse,6,17,
7045.614,start,4,26,
7045.817,refuse,1,19,
7046.678,refuse,5,23,
7046.746,refuse,0,21,
7048.926,refuse,2,24,
7051.528,refuse,6,17,
7053.095,conflict-at-land,4,26,
7060.817,refuse,1,19,
7061.678,refuse,5,23,
7061.746,refuse,0,21,
7063.926,refuse,2,24,
7066.528,refuse,6,17,
7068.095,start,4,26,
7073.41,conflict-at-land,4,26,
7075.817,refuse,1,19,
7076.678,refuse,5,23,
7076.746,refuse,0,21,
7078.926,refuse,2,24,
7081.528,refuse,6,17,
7088.41,start,4,26,
7090.817,refuse,1,19,
7091.678,refuse,5,23,
7091.746,refuse,0,21,
7093.926,refuse,2,24,
7096.056,conflict-at-land,4,26,
7096.528,refuse,6,17,
7105.817,refuse,1,19,
7106.678,refuse,5,23,
7106.746,refuse,0,21,
7108.926,refuse,2,24,
7111.056,start,4,26,
7111.528,refuse,6,17,
7117.799,conflict-at-land,4,26,
7120.817,refuse,1,19,
7121.678,refuse,5,23,
7121.746,refuse,0,21,
7123.926,refuse,2,24,
7126.528,refuse,6,17,
7132.799,start,4,26,
7135.817,refuse,1,19,
7136.678,refuse,5,23,
7136.746,refuse,0,21,
7138.814,conflict-at-land,4,26,
7138.926,refuse,2,24,
7141.528,refuse,6,17,
7150.817,refuse,1,19,
7151.678,refuse,5,23,
7151.746,refuse,0,21,
7153.814,start,4,26,
7153.926,refuse,2,24,
7156.528,refuse,6,17,
7159.878,conflict-at-land,4,26,
7165.817,refuse,1,19,
7166.678,refuse,5,23,
7166.746,refuse,0,21,
7168.926,refuse,2,24,
7171.528,refuse,6,17,
7174.878,start,4,26,
7180.817,refuse,1,19,
7181.423,conflict-at-land,4,26,
7181.678,refuse,5,23,
7181.746,refuse,0,21,
7183.926,refuse,2,24,
7186.528,refuse,6,17,
7195.817,refuse,1,19,
7196.423,start,4,26,
7196.678,refuse,5,23,
7196.746,refuse,0,21,
7198.926,refuse,2,24,
7201.528,refuse,6,17,
7202.739,conflict-at-land,4,26,
7210.817,refuse,1,19,
7211.678,refuse,5,23,
7211.746,refuse,0,21,
7213.926,refuse,2,24,
7216.528,refuse,6,17,
7217.739,start,4,26,
7223.062,conflict-at-land,4,26,
7225.817,refuse,1,19,
7226.678,refuse,5,23,
7226.746,refuse,0,21,
7228.926,refuse,2,24,
7231.528,refuse,6,17,
7238.062,start,4,26,
7240.817,refuse,1,19,
7241.678,refuse,5,23,
7241.746,refuse,0,21,
7243.01,conflict-at-land,4,26,
7243.926,refuse,2,24,
7246.528,refuse,6,17,
7255.817,refuse,1,19,
7256.678,refuse,5,23,
7256.746,refuse,0,21,
7258.01,start,4,26,
7258.926,refuse,2,24,
7261.528,refuse,6,17,
7264.053,conflict-at-land,4,26,
7270.817,refuse,1,19,
7271.678,refuse,5,23,
7271.746,refuse,0,21,
7273.926,refuse,2,24,
7276.528,refuse,6,17,
7279.053,start,4,26,
7285.817,refuse,1,19,
7286.616,conflict-at-land,4,26,
7286.678,refuse,5,23,
7286.746,refuse,0,21,
7288.926,refuse,2,24,
7291.528,refuse,6,17,
7300.817,refuse,1,19,
7301.616,start,4,26,
7301.678,refuse,5,23,
7301.746,refuse,0,21,
7303.926,refuse,2,24,
7306.528,refuse,6,17,
7308.06,conflict-at-land,4,26,
7315.817,refuse,1,19,
7316.678,refuse,5,23,
7316.746,refuse,0,21,
7318.926,refuse,2,24,
7321.528,refuse,6,17,
7323.06,start,4,26,
7327.531,conflict-at-land,4,26,
7330.817,refuse,1,19,
7331.678,refuse,5,23,
7331.746,refuse,0,21,
7333.926,refuse,2,24,
7336.528,refuse,6,17,
7342.531,start,4,26,
7345.817,refuse,1,19,
7346.678,refuse,5,23,
7346.746,refuse,0,21,
7348.926,refuse,2,24,
7349.685,conflict-at-land,4,26,
7351.528,refuse,6,17,
7360.817,refuse,1,19,
7361.678,refuse,5,23,
7361.746,refuse,0,21,
7363.926,refuse,2,24,
7364.685,start,4,26,
7366.528,refuse,6,17,
7371.498,conflict-at-land,4,26,
7375.817,refuse,1,19,
7376.678,refuse,5,23,
7376.746,refuse,0,21,
7378.926,refuse,2,24,
7381.528,refuse,6,17,
7386.498,start,4,26,
7390.817,refuse,1,19,
7391.678,refuse,5,23,
7391.746,refuse,0,21,
7393.926,refuse,2,24,
7393.966,conflict-at-land,4,26,
7396.528,refuse,6,17,
7405.817,refuse,1,19,
7406.678,refuse,5,23,
7406.746,refuse,0,21,
7408.926,refuse,2,24,
7408.966,start,4,26,
7411.528,refuse,6,17,
7413.855,conflict-at-land,4,26,
7420.817,refuse,1,19,
7421.678,refuse,5,23,
7421.746,refuse,0,21,
7423.926,refuse,2,24,
7426.528,refuse,6,17,
7428.855,start,4,26,
7435.736,conflict-at-land,4,26,
7435.817,refuse,1,19,
7436.678,refuse,5,23,
7436.746,refuse,0,21,
7438.926,refuse,2,24,
7441.528,refuse,6,17,
7450.736,start,4,26,
7450.817,refuse,1,19,
7451.678,refuse,5,23,
7451.746,refuse,0,21,
7453.926,refuse,2,24,
7455.147,conflict-at-land,4,26,
7456.528,refuse,6,17,
7465.817,refuse,1,19,
7466.678,refuse,5,23,
7466.746,refuse,0,21,
7468.926,refuse,2,24,
7470.147,start,4,26,
7471.528,refuse,6,17,
7476.698,conflict-at-land,4,26,
7480.817,refuse,1,19,
7481.678,refuse,5,23,
7481.746,refuse,0,21,
7483.926,refuse,2,24,
7486.528,refuse,6,17,
7491.698,start,4,26,
7495.817,refuse,1,19,
7496.678,refuse,5,23,
7496.746,refuse,0,21,
7496.881,conflict-at-land,4,26,
7498.926,refuse,2,24,
7501.528,refuse,6,17,
7510.817,refuse,1,19,
7511.678,refuse,5,23,
7511.746,refuse,0,21,
7511.881,start,4,26,
7513.926,refuse,2,24,
7516.528,refuse,6,17,
7516.897,conflict-at-land,4,26,
7525.817,refuse,1,19,
7526.678,refuse,5,23,
7526.746,refuse,0,21,
7528.926,refuse,2,24,
7531.528,refuse,6,17,
7531.897,start,4,26,
7539.249,conflict-at-land,4,26,
7540.817,refuse,1,19,
7541.678,refuse,5,23,
7541.746,refuse,0,21,
7543.926,refuse,2,24,
7546.528,refuse,6,17,
7554.249,start,4,26,
7555.817,refuse,1,19,
7556.678,refuse,5,23,
7556.746,refuse,0,21,
7558.831,conflict-at-land,4,26,
7558.926,refuse,2,24,
7561.528,refuse,6,17,
7570.817,refuse,1,19,
7571.678,refuse,5,23,
7571.746,refuse,0,21,
7573.831,start,4,26,
7573.926,refuse,2,24,
7576.528,refuse,6,17,
7579.912,conflict-at-land,4,26,
7585.817,refuse,1,19,
7586.678,refuse,5,23,
7586.746,refuse,0,21,
7588.926,refuse,2,24,
7591.528,refuse,6,17,
7594.912,start,4,26,
7600.817,refuse,1,19,
7601.678,refuse,5,23,
7601.746,refuse,0,21,
7602.186,conflict-at-land,4,26,
7603.926,refuse,2,24,
7606.528,refuse,6,17,
7615.817,refuse,1,19,
7616.678,refuse,5,23,
7616.746,refuse,0,21,
7617.186,start,4,26,
7618.926,refuse,2,24,
7621.528,refuse,6,17,
7622.267,conflict-at-land,4,26,
7630.817,refuse,1,19,
7631.678,refuse,5,23,
7631.746,refuse,0,21,
7633.926,refuse,2,24,
7636.528,refuse,6,17,
7637.267,start,4,26,
7642.225,conflict-at-land,4,26,
7645.817,refuse,1,19,
7646.678,refuse,5,23,
7646.746,refuse,0,21,
7648.926,refuse,2,24,
7651.528,refuse,6,17,
7651.528,abandon,6,17,
7651.528,refuse,6,27,
7657.225,start,4,26,
7660.817,refuse,1,19,
7661.678,refuse,5,23,
7661.746,refuse,0,21,
7663.926,refuse,2,24,
7664.595,conflict-at-land,4,26,
7666.528,refuse,6,27,
7675.817,refuse,1,19,
7676.678,refuse,5,23,
7676.746,refuse,0,21,
7678.926,refuse,2,24,
7679.595,start,4,26,
7681.528,refuse,6,27,
7685.318,conflict-at-land,4,26,
7690.817,refuse,1,19,
7691.678,refuse,5,23,
7691.746,refuse,0,21,
7693.926,refuse,2,24,
7696.528,refuse,6,27,
7700.318,start,4,26,
7705.817,refuse,1,19,
7706.678,refuse,5,23,
7706.746,refuse,0,21,
7707.099,conflict-at-land,4,26,
7708.926,refuse,2,24,
7711.528,refuse,6,27,
7720.56,conflict-at-land,3,3,
7720.817,refuse,1,19,
7721.678,refuse,5,23,
7721.746,refuse,0,21,
7722.099,start,4,26,
7723.926,refuse,2,24,
7726.413,conflict-at-land,4,26,
7726.528,refuse,6,27,
7735.56,start,3,3,
7735.817,refuse,1,19,
7736.678,refuse,5,23,
7736.746,refuse,0,21,
7738.926,refuse,2,24,
7741.413,start,4,26,
7741.528,refuse,6,27,
7746.232,conflict-at-land,4,26,
7750.817,refuse,1,19,
7751.678,refuse,5,23,
7751.746,refuse,0,21,
7753.926,refuse,2,24,
7756.528,refuse,6,27,
7761.232,start,4,26,
7765.817,refuse,1,19,
7765.817,abandon,1,19,
7765.817,start,1,28,
7766.678,refuse,5,23,
7766.746,refuse,0,21,
7767.854,conflict-at-land,4,26,
7768.926,refuse,2,24,
7771.528,refuse,6,27,
7774.814,conflict-at-land,1,28,
7781.678,refuse,5,23,
7781.746,refuse,0,21,
7782.854,start,4,26,
7783.926,refuse,2,24,
7786.528,refuse,6,27,
7789.814,start,1,28,
7790.49,conflict-at-land,4,26,
7796.678,refuse,5,23,
7796.746,refuse,0,21,
7798.397,conflict-at-land,1,28,
7798.926,refuse,2,24,
7801.528,refuse,6,27,
7805.49,start,4,26,
7811.678,refuse,5,23,
7811.746,refuse,0,21,
7812.316,conflict-at-land,4,26,
7813.397,start,1,28,
7813.926,refuse,2,24,
7816.528,refuse,6,27,
7821.949,conflict-at-land,1,28,
7826.678,refuse,5,23,
7826.746,refuse,0,21,
7827.316,start,4,26,
7828.926,refuse,2,24,
7831.528,refuse,6,27,
7832.437,conflict-at-land,4,26,
7836.949,start,1,28,
7841.678,refuse,5,23,
7841.746,refuse,0,21,
7843.926,refuse,2,24,
7846.528,refuse,6,27,
7847.437,start,4,26,
7851.205,conflict-at-land,1,28,
7852.203,conflict-at-land,4,26,
7856.678,refuse,5,23,
7856.746,refuse,0,21,
7858.926,refuse,2,24,
7861.528,refuse,6,27,
7866.205,start,1,28,
7867.203,start,4,26,
7871.678,refuse,5,23,
7871.746,refuse,0,21,
7873.892,conflict-at-land,4,26,
7873.926,refuse,2,24,
7875.928,conflict-at-land,1,28,
7876.528,refuse,6,27,
7886.678,refuse,5,23,
7886.746,refuse,0,21,
7888.892,start,4,26,
7888.926,refuse,2,24,
7890.928,start,1,28,
7891.528,refuse,6,27,
7894.48,conflict-at-land,4,26,
7899.639,conflict-at-land,1,28,
7901.678,refuse,5,23,
7901.746,refuse,0,21,
7903.926,refuse,2,24,
7906.528,refuse,6,27,
7909.48,start,4,26,
7914.639,start,1,28,
7916.678,refuse,5,23,
7916.746,refuse,0,21,
7917.244,conflict-at-land,4,26,
7918.926,refuse,2,24,
7921.528,refuse,6,27,
7924.129,conflict-at-land,1,28,
7931.678,refuse,5,23,
7931.746,refuse,0,21,
7932.244,start,4,26,
7933.926,refuse,2,24,
7936.528,refuse,6,27,
7936.575,conflict-at-land,4,26,
7939.129,start,1,28,
7946.678,refuse,5,23,
7946.746,refuse,0,21,
7948.926,refuse,2,24,
7950.007,conflict-at-land,1,28,
7951.528,refuse,6,27,
7951.575,start,4,26,
7957.989,conflict-at-land,4,26,
7961.678,refuse,5,23,
7961.746,refuse,0,21,
7963.926,refuse,2,24,
7965.007,start,1,28,
7966.528,refuse,6,27,
7972.989,start,4,26,
7976.678,refuse,5,23,
7976.746,refuse,0,21,
7977.597,conflict-at-land,4,26,
7978.753,conflict-at-land,1,28,
7978.926,refuse,2,24,
7981.528,refuse,6,27,
7991.678,refuse,5,23,
7991.746,refuse,0,21,
7992.597,start,4,26,
7993.753,start,1,28,
7993.926,refuse,2,24,
7996.528,refuse,6,27,
7998.011,conflict-at-land,4,26,
8002.375,conflict-at-land,1,28,
8006.678,refuse,5,23,
8006.746,refuse,0,21,
8008.926,refuse,2,24,
8011.528,refuse,6,27,
8013.011,start,4,26,
8017.375,start,1,28,
8018.826,conflict-at-land,4,26,
8021.678,refuse,5,23,
8021.746,refuse,0,21,
8023.926,refuse,2,24,
8026.528,refuse,6,27,
8031.29,conflict-at-land,1,28,
8033.826,start,4,26,
8036.678,refuse,5,23,
8036.746,refuse,0,21,
8038.926,refuse,2,24,
8040.69,conflict-at-land,4,26,
8041.528,refuse,6,27,
8046.29,start,1,28,
8051.678,refuse,5,23,
8051.746,refuse,0,21,
8053.926,refuse,2,24,
8055.69,start,4,26,
8056.528,refuse,6,27,
8061.184,conflict-at-land,1,28,
8062.61,conflict-at-land,4,26,
8066.678,refuse,5,23,
8066.746,refuse,0,21,
8068.926,refuse,2,24,
8071.528,refuse,6,27,
8076.184,start,1,28,
8077.61,start,4,26,
8081.678,refuse,5,23,
8081.746,refuse,0,21,
8083.926,refuse,2,24,
8084.349,conflict-at-land,4,26,
8086.528,refuse,6,27,
8090.794,conflict-at-land,1,28,
8096.678,refuse,5,23,
8096.746,refuse,0,21,
8098.926,refuse,2,24,
8099.349,start,4,26,
8101.528,refuse,6,27,
8105.251,conflict-at-land,4,26,
8105.794,start,1,28,
8111.678,refuse,5,23,
8111.746,refuse,0,21,
8113.926,refuse,2,24,
8115.818,conflict-at-land,1,28,
8116.528,refuse,6,27,
8120.251,start,4,26,
8126.678,refuse,5,23,
8126.746,refuse,0,21,
8126.83,conflict-at-land,4,26,
8128.926,refuse,2,24,
8130.818,start,1,28,
8131.528,refuse,6,27,
8141.495,conflict-at-land,1,28,
8141.678,refuse,5,23,
8141.746,refuse,0,21,
8141.83,start,4,26,
8143.926,refuse,2,24,
8146.398,conflict-at-land,4,26,
8146.528,refuse,6,27,
8156.495,start,1,28,
8156.678,refuse,5,23,
8156.746,refuse,0,21,
8158.926,refuse,2,24,
8161.398,start,4,26,
8161.528,refuse,6,27,
8168.12,conflict-at-land,1,28,
8168.747,conflict-at-land,4,26,
8171.678,refuse,5,23,
8171.746,refuse,0,21,
8173.926,refuse,2,24,
8176.528,refuse,6,27,
8183.12,start,1,28,
8183.747,start,4,26,
8186.678,refuse,5,23,
8186.746,refuse,0,21,
8188.926,refuse,2,24,
8190.053,conflict-at-land,4,26,
8191.528,refuse,6,27,
8192.438,conflict-at-land,1,28,
8201.678,refuse,5,23,
8201.746,refuse,0,21,
8203.926,refuse,2,24,
8205.053,start,4,26,
8206.528,refuse,6,27,
8207.438,start,1,28,
8210.667,conflict-at-land,4,26,
8216.678,refuse,5,23,
8216.746,refuse,0,21,
8218.926,refuse,2,24,
8219.544,conflict-at-land,1,28,
8221.528,refuse,6,27,
8225.667,start,4,26,
8230.385,conflict-at-land,4,26,
8231.678,refuse,5,23,
8231.746,refuse,0,21,
8233.926,refuse,2,24,
8234.544,start,1,28,
8236.528,refuse,6,27,
8245.385,start,4,26,
8246.678,refuse,5,23,
8246.746,refuse,0,21,
8248.926,refuse,2,24,
8249.854,conflict-at-land,1,28,
8250.518,conflict-at-land,4,26,
8251.528,refuse,6,27,
8261.678,refuse,5,23,
8261.746,refuse,0,21,
8263.926,refuse,2,24,
8264.854,start,1,28,
8265.518,start,4,26,
8266.528,refuse,6,27,
8271.229,conflict-at-land,4,26,
8276.678,refuse,5,23,
8276.746,refuse,0,21,
8277.618,conflict-at-land,1,28,
8278.926,refuse,2,24,
8281.528,refuse,6,27,
8286.229,start,4,26,
8290.494,conflict-at-land,4,26,
8291.678,refuse,5,23,
8291.746,refuse,0,21,
8292.618,start,1,28,
8293.926,refuse,2,24,
8296.528,refuse,6,27,
8305.035,conflict-at-land,1,28,
8305.494,start,4,26,
8306.678,refuse,5,23,
8306.746,refuse,0,21,
8308.926,refuse,2,24,
8310.2,conflict-at-land,4,26,
8311.528,refuse,6,27,
8320.035,start,1,28,
8321.678,refuse,5,23,
8321.746,refuse,0,21,
8323.926,refuse,2,24,
8325.2,start,4,26,
8326.528,refuse,6,27,
8328.844,conflict-at-land,1,28,
8329.521,conflict-at-land,4,26,
8336.678,refuse,5,23,
8336.746,refuse,0,21,
8338.926,refuse,2,24,
8341.528,refuse,6,27,
8343.844,start,1,28,
8344.521,start,4,26,
8349.066,conflict-at-land,4,26,
8351.678,refuse,5,23,
8351.746,refuse,0,21,
8353.405,conflict-at-land,1,28,
8353.926,refuse,2,24,
8356.528,refuse,6,27,
8364.066,start,4,26,
8366.678,refuse,5,23,
8366.746,refuse,0,21,
8368.405,start,1,28,
8368.926,refuse,2,24,
8370.552,conflict-at-land,4,26,
8371.528,refuse,6,27,
8380.464,conflict-at-land,1,28,
8381.678,refuse,5,23,
8381.746,refuse,0,21,
8383.926,refuse,2,24,
8385.552,start,4,26,
8386.528,refuse,6,27,
8393.292,conflict-at-land,4,26,
8395.464,start,1,28,
8396.678,refuse,5,23,
8396.746,refuse,0,21,
8398.926,refuse,2,24,
8401.528,refuse,6,27,
8408.292,start,4,26,
8410.59,conflict-at-land,1,28,
8411.678,refuse,5,23,
8411.746,refuse,0,21,
8413.926,refuse,2,24,
8416.073,conflict-at-land,4,26,
8416.528,refuse,6,27,
8425.59,start,1,28,
8426.678,refuse,5,23,
8426.746,refuse,0,21,
8428.926,refuse,2,24,
8431.073,start,4,26,
8431.528,refuse,6,27,
8435.664,conflict-at-land,1,28,
8436.874,conflict-at-land,4,26,
8441.678,refuse,5,23,
8441.746,refuse,0,21,
8443.926,refuse,2,24,
8446.528,refuse,6,27,
8450.664,start,1,28,
8451.874,start,4,26,
8456.678,refuse,5,23,
8456.746,refuse,0,21,
8458.202,conflict-at-land,4,26,
8458.926,refuse,2,24,
8460.869,conflict-at-land,1,28,
8461.528,refuse,6,27,
8471.678,refuse,5,23,
8471.746,refuse,0,21,
8473.202,start,4,26,
8473.926,refuse,2,24,
8475.869,start,1,28,
8476.528,refuse,6,27,
8479.649,conflict-at-land,4,26,
8486.678,refuse,5,23,
8486.746,refuse,0,21,
8488.926,refuse,2,24,
8490.031,conflict-at-land,1,28,
8491.528,refuse,6,27,
8494.649,start,4,26,
8501.403,conflict-at-land,4,26,
8501.678,refuse,5,23,
8501.746,refuse,0,21,
8503.926,refuse,2,24,
8505.031,start,1,28,
8506.528,refuse,6,27,
8515.278,conflict-at-land,1,28,
8516.403,start,4,26,
8516.678,refuse,5,23,
8516.746,refuse,0,21,
8518.926,refuse,2,24,
8521.528,refuse,6,27,
8522.126,conflict-at-land,4,26,
8530.278,start,1,28,
8531.678,refuse,5,23,
8531.746,refuse,0,21,
8533.926,refuse,2,24,
8536.528,refuse,6,27,
8537.126,start,4,26,
8541.344,conflict-at-land,4,26,
8542.467,conflict-at-land,1,28,
8546.678,refuse,5,23,
8546.746,refuse,0,21,
8548.926,refuse,2,24,
8551.528,refuse,6,27,
8556.344,start,4,26,
8557.467,start,1,28,
8560.671,conflict-at-land,4,26,
8561.678,refuse,5,23,
8561.746,refuse,0,21,
8563.926,refuse,2,24,
8566.528,refuse,6,27,
8568.81,conflict-at-land,1,28,
8575.671,start,4,26,
8576.678,refuse,5,23,
8576.746,refuse,0,21,
8578.926,refuse,2,24,
8580.272,conflict-at-land,4,26,
8581.528,refuse,6,27,
8583.81,start,1,28,
8591.678,refuse,5,23,
8591.746,refuse,0,21,
8593.926,refuse,2,24,
8595.272,start,4,26,
8596.528,refuse,6,27,
8597.421,conflict-at-land,1,28,
8600.339,conflict-at-land,4,26,
8606.678,refuse,5,23,
8606.746,refuse,0,21,
8608.926,refuse,2,24,
8611.528,refuse,6,27,
8612.421,start,1,28,
8615.339,start,4,26,
8620.193,conflict-at-land,4,26,
8621.539,conflict-at-land,1,28,
8621.678,refuse,5,23,
8621.746,refuse,0,21,
8623.926,refuse,2,24,
8626.528,refuse,6,27,
8635.193,start,4,26,
8636.539,start,1,28,
8636.678,refuse,5,23,
8636.746,refuse,0,21,
8638.926,refuse,2,24,
8640.226,conflict-at-land,4,26,
8641.528,refuse,6,27,
8646.504,conflict-at-land,1,28,
8651.678,refuse,5,23,
8651.746,refuse,0,21,
8653.926,refuse,2,24,
8655.226,start,4,26,
8656.528,refuse,6,27,
8661.301,conflict-at-land,4,26,
8661.504,start,1,28,
8666.678,refuse,5,23,
8666.746,refuse,0,21,
8668.926,refuse,2,24,
8671.528,refuse,6,27,
8673.248,conflict-at-land,1,28,
8676.301,start,4,26,
8681.616,conflict-at-land,4,26,
8681.678,refuse,5,23,
8681.746,refuse,0,21,
8683.926,refuse,2,24,
8686.528,refuse,6,27,
8688.248,start,1,28,
8696.616,start,4,26,
8696.678,refuse,5,23,
8696.746,refuse,0,21,
8698.926,refuse,2,24,
8701.269,conflict-at-land,1,28,
8701.528,refuse,6,27,
8701.581,conflict-at-land,4,26,
8711.678,refuse,5,23,
8711.746,refuse,0,21,
8713.926,refuse,2,24,
8716.269,start,1,28,
8716.528,refuse,6,27,
8716.581,start,4,26,
8724.248,conflict-at-land,4,26,
8726.678,refuse,5,23,
8726.746,refuse,0,21,
8728.926,refuse,2,24,
8731.196,conflict-at-land,1,28,
8731.528,refuse,6,27,
8739.248,start,4,26,
8741.678,refuse,5,23,
8741.746,refuse,0,21,
8743.926,refuse,2,24,
8746.072,conflict-at-land,4,26,
8746.196,start,1,28,
8746.528,refuse,6,27,
8756.678,refuse,5,23,
8756.746,refuse,0,21,
8757.719,conflict-at-land,1,28,
8758.926,refuse,2,24,
8761.072,start,4,26,
8761.528,refuse,6,27,
8767.114,conflict-at-land,4,26,
8771.678,refuse,5,23,
8771.746,refuse,0,21,
8772.719,start,1,28,
8773.926,refuse,2,24,
8776.528,refuse,6,27,
8782.114,start,4,26,
8785.302,conflict-at-land,1,28,
8786.498,conflict-at-land,4,26,
8786.678,refuse,5,23,
8786.746,refuse,0,21,
8788.926,refuse,2,24,
8791.528,refuse,6,27,
8800.302,start,1,28,
8801.498,start,4,26,
8801.678,refuse,5,23,
8801.746,refuse,0,21,
8803.926,refuse,2,24,
8806.528,refuse,6,27,
8807.588,conflict-at-land,4,26,
8811.712,conflict-at-land,1,28,
8816.678,refuse,5,23,
8816.746,refuse,0,21,
8818.926,refuse,2,24,
8821.528,refuse,6,27,
8822.588,start,4,26,
8826.712,start,1,28,
8827.441,conflict-at-land,4,26,
8831.678,refuse,5,23,
8831.746,refuse,0,21,
8833.926,refuse,2,24,
8835.787,conflict-at-land,1,28,
8836.528,refuse,6,27,
8842.441,start,4,26,
8846.678,refuse,5,23,
8846.746,refuse,0,21,
8848.926,refuse,2,24,
8849.53,conflict-at-land,4,26,
8850.787,start,1,28,
8851.528,refuse,6,27,
8861.678,refuse,5,23,
8861.746,refuse,0,21,
8861.824,conflict-at-land,1,28,
8863.926,refuse,2,24,
8864.53,start,4,26,
8866.528,refuse,6,27,
8870.6,conflict-at-land,4,26,
8876.678,refuse,5,23,
8876.746,refuse,0,21,
8876.824,start,1,28,
8878.926,refuse,2,24,
8881.528,refuse,6,27,
8885.6,start,4,26,
8891.678,refuse,5,23,
8891.746,refuse,0,21,
8891.858,conflict-at-land,1,28,
8891.997,conflict-at-land,4,26,
8893.926,refuse,2,24,
8896.528,refuse,6,27,
8906.678,refuse,5,23,
8906.746,refuse,0,21,
8906.858,start,1,28,
8906.997,start,4,26,
8908.926,refuse,2,24,
8911.528,refuse,6,27,
8914.738,conflict-at-land,4,26,
8917.343,conflict-at-land,1,28,
8921.678,refuse,5,23,
8921.746,refuse,0,21,
8923.926,refuse,2,24,
8926.528,refuse,6,27,
8929.738,start,4,26,
8932.343,start,1,28,
8935.278,conflict-at-land,4,26,
8936.678,refuse,5,23,
8936.746,refuse,0,21,
8938.926,refuse,2,24,
8940.881,conflict-at-land,1,28,
8941.528,refuse,6,27,
8950.278,start,4,26,
8951.678,refuse,5,23,
8951.746,refuse,0,21,
8953.926,refuse,2,24,
8955.881,start,1,28,
8956.528,refuse,6,27,
8956.945,conflict-at-land,4,26,
8965.009,conflict-at-land,1,28,
8966.678,refuse,5,23,
8966.746,refuse,0,21,
8968.926,refuse,2,24,
8971.528,refuse,6,27,
8971.945,start,4,26,
8977.247,conflict-at-land,4,26,
8980.009,start,1,28,
8981.678,refuse,5,23,
8981.746,refuse,0,21,
8983.926,refuse,2,24,
8986.528,refuse,6,27,
8992.247,start,4,26,
8994.461,conflict-at-land,1,28,
8996.678,refuse,5,23,
8996.746,refuse,0,21,
8998.868,conflict-at-land,4,26,
8998.926,refuse,2,24,
9001.528,refuse,6,27,
9009.461,start,1,28,
9011.678,refuse,5,23,
9011.746,refuse,0,21,
9013.868,start,4,26,
9013.926,refuse,2,24,
9016.528,refuse,6,27,
9017.975,conflict-at-land,1,28,
9019.693,conflict-at-land,4,26,
9026.678,refuse,5,23,
9026.746,refuse,0,21,
9026.746,abandon,0,21,
9026.746,refuse,0,29,
9028.926,refuse,2,24,
9031.528,refuse,6,27,
9032.975,start,1,28,
9034.693,start,4,26,
9040.642,conflict-at-land,4,26,
9041.678,refuse,5,23,
9041.678,abandon,5,23,
9041.678,refuse,5,30,
9041.746,refuse,0,29,
9043.926,refuse,2,24,
9043.926,abandon,2,24,
9043.926,start,2,31,
9044.331,conflict-at-land,1,28,
9046.528,refuse,6,27,
9051.351,land,2,31,
9051.351,refuse,2,32,
9055.642,start,4,26,
9056.678,refuse,5,30,
9056.746,refuse,0,29,
9059.331,start,1,28,
9061.528,refuse,6,27,
9061.961,conflict-at-land,4,26,
9066.351,refuse,2,32,
9068.263,conflict-at-land,1,28,
9071.678,refuse,5,30,
9071.746,refuse,0,29,
9076.528,refuse,6,27,
9076.961,start,4,26,
9081.351,refuse,2,32,
9082.185,conflict-at-land,4,26,
9083.263,start,1,28,
9086.678,refuse,5,30,
9086.746,refuse,0,29,
9091.528,refuse,6,27,
9094.348,conflict-at-land,1,28,
9096.351,refuse,2,32,
9097.185,start,4,26,
9101.678,refuse,5,30,
9101.746,refuse,0,29,
9104.752,conflict-at-land,4,26,
9106.528,refuse,6,27,
9109.348,start,1,28,
9111.351,refuse,2,32,
9116.678,refuse,5,30,
9116.746,refuse,0,29,
9118.299,conflict-at-land,1,28,
9119.752,start,4,26,
9121.528,refuse,6,27,
9126.351,refuse,2,32,
9126.67,conflict-at-land,4,26,
9131.678,refuse,5,30,
9131.746,refuse,0,29,
9133.299,start,1,28,
9136.528,refuse,6,27,
9141.351,refuse,2,32,
9141.67,start,4,26,
9143.084,conflict-at-land,1,28,
9146.678,refuse,5,30,
9146.746,refuse,0,29,
9147.928,conflict-at-land,4,26,
9151.528,refuse,6,27,
9156.351,refuse,2,32,
9158.084,start,1,28,
9161.678,refuse,5,30,
9161.746,refuse,0,29,
9162.928,start,4,26,
9166.528,refuse,6,27,
9168.795,conflict-at-land,4,26,
9169.305,conflict-at-land,1,28,
9171.351,refuse,2,32,
9176.678,refuse,5,30,
9176.746,refuse,0,29,
9181.528,refuse,6,27,
9183.795,start,4,26,
9184.305,start,1,28,
9186.351,refuse,2,32,
9190.708,conflict-at-land,4,26,
9191.678,refuse,5,30,
9191.746,refuse,0,29,
9195.549,conflict-at-land,1,28,
9196.528,refuse,6,27,
9201.351,refuse,2,32,
9205.708,start,4,26,
9206.678,refuse,5,30,
9206.746,refuse,0,29,
9210.346,conflict-at-land,4,26,
9210.549,start,1,28,
9211.528,refuse,6,27,
9216.351,refuse,2,32,
9219.826,conflict-at-land,1,28,
9221.678,refuse,5,30,
9221.746,refuse,0,29,
9225.346,start,4,26,
9226.528,refuse,6,27,
9229.836,conflict-at-land,4,26,
9231.351,refuse,2,32,
9234.826,start,1,28,
9236.678,refuse,5,30,
9236.746,refuse,0,29,
9241.528,refuse,6,27,
9244.836,start,4,26,
9246.351,refuse,2,32,
9249.346,conflict-at-land,1,28,
9251.344,conflict-at-land,4,26,
9251.678,refuse,5,30,
9251.746,refuse,0,29,
9256.528,refuse,6,27,
9261.351,refuse,2,32,
9264.346,start,1,28,
9266.344,start,4,26,
9266.678,refuse,5,30,
9266.746,refuse,0,29,
9271.528,refuse,6,27,
9273.037,conflict-at-land,4,26,
9276.351,refuse,2,32,
9279.656,conflict-at-land,1,28,
9281.678,refuse,5,30,
9281.746,refuse,0,29,
9286.528,refuse,6,27,
9288.037,start,4,26,
9291.351,refuse,2,32,
9292.326,conflict-at-land,4,26,
9294.656,start,1,28,
9296.678,refuse,5,30,
9296.746,refuse,0,29,
9301.528,refuse,6,27,
9306.351,refuse,2,32,
9307.326,start,4,26,
9307.802,conflict-at-land,1,28,
9311.678,refuse,5,30,
9311.746,refuse,0,29,
9314.324,conflict-at-land,4,26,
9316.528,refuse,6,27,
9321.351,refuse,2,32,
9322.802,start,1,28,
9326.678,refuse,5,30,
9326.746,refuse,0,29,
9329.324,start,4,26,
9331.528,refuse,6,27,
9335.317,conflict-at-land,4,26,
9336.351,refuse,2,32,
9336.411,conflict-at-land,1,28,
9341.678,refuse,5,30,
9341.746,refuse,0,29,
9346.528,refuse,6,27,
9350.317,start,4,26,
9351.351,refuse,2,32,
9351.411,start,1,28,
9355.804,conflict-at-land,4,26,
9356.678,refuse,5,30,
9356.746,refuse,0,29,
9361.528,refuse,6,27,
9363.102,conflict-at-land,1,28,
9366.351,refuse,2,32,
9370.804,start,4,26,
9371.678,refuse,5,30,
9371.746,refuse,0,29,
9376.528,refuse,6,27,
9377.879,conflict-at-land,4,26,
9378.102,start,1,28,
9381.351,refuse,2,32,
9386.678,refuse,5,30,
9386.746,refuse,0,29,
9388.438,conflict-at-land,1,28,
9391.528,refuse,6,27,
9392.879,start,4,26,
9396.351,refuse,2,32,
9398.974,conflict-at-land,4,26,
9401.678,refuse,5,30,
9401.746,refuse,0,29,
9403.438,start,1,28,
9406.528,refuse,6,27,
9411.351,refuse,2,32,
9413.974,start,4,26,
9415.276,conflict-at-land,1,28,
9416.678,refuse,5,30,
9416.746,refuse,0,29,
9421.528,refuse,6,27,
9421.611,conflict-at-land,4,26,
9426.351,refuse,2,32,
9430.276,start,1,28,
9431.678,refuse,5,30,
9431.746,refuse,0,29,
9436.528,refuse,6,27,
9436.611,start,4,26,
9441.351,refuse,2,32,
9444.166,conflict-at-land,4,26,
9444.468,conflict-at-land,1,28,
9446.678,refuse,5,30,
9446.746,refuse,0,29,
9451.528,refuse,6,27,
9456.351,refuse,2,32,
9459.166,start,4,26,
9459.468,start,1,28,
9461.678,refuse,5,30,
9461.746,refuse,0,29,
9466.376,conflict-at-land,4,26,
9466.528,refuse,6,27,
9470.004,conflict-at-land,1,28,
9471.351,refuse,2,32,
9476.678,refuse,5,30,
9476.746,refuse,0,29,
9481.376,start,4,26,
9481.528,refuse,6,27,
9485.004,start,1,28,
9486.351,refuse,2,32,
9486.41,conflict-at-land,4,26,
9491.678,refuse,5,30,
9491.746,refuse,0,29,
9496.528,refuse,6,27,
9496.924,conflict-at-land,1,28,
9501.351,refuse,2,32,
9501.41,start,4,26,
9506.544,conflict-at-land,4,26,
9506.678,refuse,5,30,
9506.746,refuse,0,29,
9511.528,refuse,6,27,
9511.924,start,1,28,
9516.351,refuse,2,32,
9521.544,start,4,26,
9521.678,refuse,5,30,
9521.746,refuse,0,29,
9523.403,conflict-at-land,1,28,
9526.528,refuse,6,27,
9528.189,conflict-at-land,4,26,
9531.351,refuse,2,32,
9536.678,refuse,5,30,
9536.746,refuse,0,29,
9538.403,start,1,28,
9541.528,refuse,6,27,
9543.189,start,4,26,
9546.351,refuse,2,32,
9549.498,conflict-at-land,4,26,
9551.678,refuse,5,30,
9551.746,refuse,0,29,
9553.417,conflict-at-land,1,28,
9556.528,refuse,6,27,
9561.351,refuse,2,32,
9564.498,start,4,26,
9566.678,refuse,5,30,
9566.746,refuse,0,29,
9568.417,start,1,28,
9571.528,refuse,6,27,
9571.642,conflict-at-land,4,26,
9576.351,refuse,2,32,
9577.507,conflict-at-land,1,28,
9581.678,refuse,5,30,
9581.746,refuse,0,29,
9586.528,refuse,6,27,
9586.642,start,4,26,
9591.351,refuse,2,32,
9592.124,conflict-at-land,4,26,
9592.507,start,1,28,
9596.678,refuse,5,30,
9596.746,refuse,0,29,
9601.528,refuse,6,27,
9606.351,refuse,2,32,
9607.124,start,4,26,
9608.091,conflict-at-land,1,28,
9611.678,refuse,5,30,
9611.746,refuse,0,29,
9611.851,conflict-at-land,4,26,
9616.528,refuse,6,27,
9621.351,refuse,2,32,
9623.091,start,1,28,
9626.678,refuse,5,30,
9626.746,refuse,0,29,
9626.851,start,4,26,
9631.292,conflict-at-land,4,26,
9631.528,refuse,6,27,
9634.492,conflict-at-land,1,28,
9636.351,refuse,2,32,
9641.678,refuse,5,30,
9641.746,refuse,0,29,
9646.292,start,4,26,
9646.528,refuse,6,27,
9649.492,start,1,28,
9650.802,conflict-at-land,4,26,
9651.351,refuse,2,32,
9656.678,refuse,5,30,
9656.746,refuse,0,29,
9661.528,refuse,6,27,
9664.34,conflict-at-land,1,28,
9665.802,start,4,26,
9666.351,refuse,2,32,
9671.678,refuse,5,30,
9671.746,refuse,0,29,
9673.561,conflict-at-land,4,26,
9676.528,refuse,6,27,
9679.34,start,1,28,
9681.351,refuse,2,32,
9686.678,refuse,5,30,
9686.746,refuse,0,29,
9688.561,start,4,26,
9691.528,refuse,6,27,
9692.406,conflict-at-land,1,28,
9693.224,conflict-at-land,4,26,
9696.351,refuse,2,32,
9701.678,refuse,5,30,
9701.746,refuse,0,29,
9706.528,refuse,6,27,
9707.406,start,1,28,
9708.224,start,4,26,
9711.351,refuse,2,32,
9713.258,conflict-at-land,4,26,
9716.678,refuse,5,30,
9716.746,refuse,0,29,
9717.94,conflict-at-land,1,28,
9721.528,refuse,6,27,
9726.351,refuse,2,32,
9728.258,start,4,26,
9731.678,refuse,5,30,
9731.746,refuse,0,29,
9732.94,start,1,28,
9734.873,conflict-at-land,4,26,
9736.528,refuse,6,27,
9741.351,refuse,2,32,
9746.244,conflict-at-land,1,28,
9746.678,refuse,5,30,
9746.746,refuse,0,29,
9749.873,start,4,26,
9751.528,refuse,6,27,
9755.653,conflict-at-land,4,26,
9756.351,refuse,2,32,
9761.244,start,1,28,
9761.678,refuse,5,30,
9761.746,refuse,0,29,
9766.528,refuse,6,27,
9770.653,start,4,26,
9771.351,refuse,2,32,
9773.416,conflict-at-land,1,28,
9775.256,conflict-at-land,4,26,
9776.678,refuse,5,30,
9776.746,refuse,0,29,
9777.724,conflict-at-land,3,3,
9781.528,refuse,6,27,
9786.351,refuse,2,32,
9788.416,start,1,28,
9790.256,start,4,26,
9791.678,refuse,5,30,
9791.746,refuse,0,29,
9792.724,start,3,3,
9796.528,refuse,6,27,
9797.876,conflict-at-land,4,26,
9800.711,conflict-at-land,1,28,
9801.351,refuse,2,32,
9806.678,refuse,5,30,
9806.746,refuse,0,29,
9811.528,refuse,6,27,
9812.876,start,4,26,
9815.711,start,1,28,
9816.351,refuse,2,32,
9817.422,conflict-at-land,4,26,
9821.678,refuse,5,30,
9821.746,refuse,0,29,
9826.528,refuse,6,27,
9827.83,conflict-at-land,1,28,
9831.351,refuse,2,32,
9832.422,start,4,26,
9836.678,refuse,5,30,
9836.746,refuse,0,29,
9839.197,conflict-at-land,4,26,
9841.528,refuse,6,27,
9842.83,start,1,28,
9846.351,refuse,2,32,
9851.678,refuse,5,30,
9851.746,refuse,0,29,
9853.082,conflict-at-land,1,28,
9854.197,start,4,26,
9856.528,refuse,6,27,
9861.351,refuse,2,32,
9861.619,conflict-at-land,4,26,
9866.678,refuse,5,30,
9866.746,refuse,0,29,
9868.082,start,1,28,
9871.528,refuse,6,27,
9876.351,refuse,2,32,
9876.619,start,4,26,
9879.801,conflict-at-land,1,28,
9881.678,refuse,5,30,
9881.746,refuse,0,29,
9883.35,conflict-at-land,4,26,
9886.528,refuse,6,27,
9891.351,refuse,2,32,
9894.801,start,1,28,
9896.678,refuse,5,30,
9896.746,refuse,0,29,
9898.35,start,4,26,
9901.528,refuse,6,27,
9906.111,conflict-at-land,1,28,
9906.133,conflict-at-land,4,26,
9906.351,refuse,2,32,
9911.678,refuse,5,30,
9911.746,refuse,0,29,
9916.528,refuse,6,27,
9921.111,start,1,28,
9921.133,start,4,26,
9921.351,refuse,2,32,
9926.678,refuse,5,30,
9926.746,refuse,0,29,
9927.397,conflict-at-land,4,26,
9931.528,refuse,6,27,
9935.147,conflict-at-land,1,28,
9936.351,refuse,2,32,
9941.678,refuse,5,30,
9941.746,refuse,0,29,
9942.397,start,4,26,
9946.528,refuse,6,27,
9947.119,conflict-at-land,4,26,
9950.147,start,1,28,
9951.351,refuse,2,32,
9956.678,refuse,5,30,
9956.746,refuse,0,29,
9961.528,refuse,6,27,
9961.723,conflict-at-land,1,28,
9962.119,start,4,26,
9966.351,refuse,2,32,
9966.424,conflict-at-land,4,26,
9971.678,refuse,5,30,
9971.746,refuse,0,29,
9976.528,refuse,6,27,
9976.723,start,1,28,
9981.351,refuse,2,32,
9981.424,start,4,26,
9986.678,refuse,5,30,
9986.746,refuse,0,29,
9988.799,conflict-at-land,4,26,
9989.409,conflict-at-land,1,28,
9991.528,refuse,6,27,
9996.351,refuse,2,32,
10001.678,refuse,5,30,
10001.746,refuse,0,29,
10003.799,start,4,26,
10004.409,start,1,28,
10006.528,refuse,6,27,
10008.648,conflict-at-land,4,26,
10011.351,refuse,2,32,
10016.482,conflict-at-land,1,28,
10016.678,refuse,5,30,
10016.746,refuse,0,29,
10021.528,refuse,6,27,
10023.648,start,4,26,
10026.351,refuse,2,32,
10029.585,conflict-at-land,4,26,
10031.482,start,1,28,
10031.678,refuse,5,30,
10031.746,refuse,0,29,
10036.528,refuse,6,27,
10041.351,refuse,2,32,
10042.797,conflict-at-land,1,28,
10044.585,start,4,26,
10046.678,refuse,5,30,
10046.746,refuse,0,29,
10051.343,conflict-at-land,4,26,
10051.528,refuse,6,27,
10056.351,refuse,2,32,
10057.797,start,1,28,
10061.678,refuse,5,30,
10061.746,refuse,0,29,
10066.343,start,4,26,
10066.528,refuse,6,27,
10071.351,refuse,2,32,
10072.941,conflict-at-land,1,28,
10073.082,conflict-at-land,4,26,
10076.678,refuse,5,30,
10076.746,refuse,0,29,
10081.528,refuse,6,27,
10086.351,refuse,2,32,
10087.941,start,1,28,
10088.082,start,4,26,
10091.678,refuse,5,30,
10091.746,refuse,0,29,
10095.745,conflict-at-land,4,26,
10096.528,refuse,6,27,
10099.743,conflict-at-land,1,28,
10101.351,refuse,2,32,
10106.678,refuse,5,30,
10106.746,refuse,0,29,
10110.745,start,4,26,
10111.528,refuse,6,27,
10114.743,start,1,28,
10116.136,conflict-at-land,4,26,
10116.351,refuse,2,32,
10121.678,refuse,5,30,
10121.746,refuse,0,29,
10126.528,refuse,6,27,
10128.512,conflict-at-land,1,28,
10131.136,start,4,26,
10131.351,refuse,2,32,
10136.678,refuse,5,30,
10136.746,refuse,0,29,
10137.707,conflict-at-land,4,26,
10141.528,refuse,6,27,
10143.512,start,1,28,
10146.351,refuse,2,32,
10151.678,refuse,5,30,
10151.746,refuse,0,29,
10152.707,start,4,26,
10156.528,refuse,6,27,
10157.395,conflict-at-land,1,28,
10159.974,conflict-at-land,4,26,
10161.351,refuse,2,32,
10166.678,refuse,5,30,
10166.746,refuse,0,29,
10171.528,refuse,6,27,
10172.395,start,1,28,
10174.974,start,4,26,
10176.351,refuse,2,32,
10181.411,conflict-at-land,4,26,
10181.678,refuse,5,30,
10181.746,refuse,0,29,
10182.415,conflict-at-land,1,28,
10186.528,refuse,6,27,
10191.351,refuse,2,32,
10196.411,start,4,26,
10196.678,refuse,5,30,
10196.746,refuse,0,29,
10197.415,start,1,28,
10201.528,refuse,6,27,
10202.06,conflict-at-land,4,26,
10206.351,refuse,2,32,
10210.617,conflict-at-land,1,28,
10211.678,refuse,5,30,
10211.746,refuse,0,29,
10216.528,refuse,6,27,
10217.06,start,4,26,
10221.351,refuse,2,32,
10224.778,conflict-at-land,4,26,
10225.617,start,1,28,
10226.678,refuse,5,30,
10226.746,refuse,0,29,
10231.528,refuse,6,27,
10236.351,refuse,2,32,
10238.588,conflict-at-land,1,28,
10239.778,start,4,26,
10241.678,refuse,5,30,
10241.746,refuse,0,29,
10244.02,conflict-at-land,4,26,
10246.528,refuse,6,27,
10251.351,refuse,2,32,
10253.588,start,1,28,
10256.678,refuse,5,30,
10256.746,refuse,0,29,
10259.02,start,4,26,
10261.528,refuse,6,27,
10265.333,conflict-at-land,1,28,
10265.782,conflict-at-land,4,26,
10266.351,refuse,2,32,
10271.678,refuse,5,30,
10271.746,refuse,0,29,
10276.528,refuse,6,27,
10280.333,start,1,28,
10280.782,start,4,26,
10281.351,refuse,2,32,
10286.678,refuse,5,30,
10286.746,refuse,0,29,
10287.322,conflict-at-land,4,26,
10287.322,abandon,4,26,
10287.322,refuse,4,33,
10291.528,refuse,6,27,
10295.092,conflict-at-land,1,28,
10296.351,refuse,2,32,
10301.678,refuse,5,30,
10301.746,refuse,0,29,
10302.322,refuse,4,33,
10306.528,refuse,6,27,
10310.092,start,1,28,
10311.351,refuse,2,32,
10316.678,refuse,5,30,
10316.746,refuse,0,29,
10317.322,refuse,4,33,
10321.528,refuse,6,27,
10324.368,conflict-at-land,1,28,
10326.351,refuse,2,32,
10331.678,refuse,5,30,
10331.746,refuse,0,29,
10332.322,refuse,4,33,
10336.528,refuse,6,27,
10339.368,start,1,28,
10341.351,refuse,2,32,
10346.678,refuse,5,30,
10346.746,refuse,0,29,
10347.322,refuse,4,33,
10347.891,conflict-at-land,1,28,
10351.528,refuse,6,27,
10356.351,refuse,2,32,
10361.678,refuse,5,30,
10361.746,refuse,0,29,
10362.322,refuse,4,33,
10362.891,start,1,28,
10366.528,refuse,6,27,
10371.351,refuse,2,32,
10376.678,refuse,5,30,
10376.746,refuse,0,29,
10377.322,refuse,4,33,
10378.083,conflict-at-land,1,28,
10381.528,refuse,6,27,
10386.351,refuse,2,32,
10391.678,refuse,5,30,
10391.746,refuse,0,29,
10392.322,refuse,4,33,
10393.083,start,1,28,
10396.528,refuse,6,27,
10401.351,refuse,2,32,
10406.678,refuse,5,30,
10406.735,conflict-at-land,1,28,
10406.746,refuse,0,29,
10407.322,refuse,4,33,
10411.528,refuse,6,27,
10416.351,refuse,2,32,
10421.678,refuse,5,30,
10421.735,start,1,28,
10421.746,refuse,0,29,
10422.322,refuse,4,33,
10426.528,refuse,6,27,
10431.351,refuse,2,32,
10434.501,conflict-at-land,1,28,
10436.678,refuse,5,30,
10436.746,refuse,0,29,
10437.322,refuse,4,33,
10441.528,refuse,6,27,
10446.351,refuse,2,32,
10449.501,start,1,28,
10451.678,refuse,5,30,
10451.746,refuse,0,29,
10452.322,refuse,4,33,
10456.528,refuse,6,27,
10461.351,refuse,2,32,
10464.419,conflict-at-land,1,28,
10466.678,refuse,5,30,
10466.746,refuse,0,29,
10467.322,refuse,4,33,
10471.528,refuse,6,27,
10476.351,refuse,2,32,
10479.419,start,1,28,
10481.678,refuse,5,30,
10481.746,refuse,0,29,
10482.322,refuse,4,33,
10486.528,refuse,6,27,
10491.351,refuse,2,32,
10494.189,conflict-at-land,1,28,
10496.678,refuse,5,30,
10496.746,refuse,0,29,
10497.322,refuse,4,33,
10501.528,refuse,6,27,
10506.351,refuse,2,32,
10509.189,start,1,28,
10511.678,refuse,5,30,
10511.746,refuse,0,29,
10512.322,refuse,4,33,
10516.528,refuse,6,27,
10518.312,conflict-at-land,1,28,
10521.351,refuse,2,32,
10526.678,refuse,5,30,
10526.746,refuse,0,29,
10527.322,refuse,4,33,
10531.528,refuse,6,27,
10533.312,start,1,28,
10536.351,refuse,2,32,
10541.678,refuse,5,30,
10541.746,refuse,0,29,
10542.322,refuse,4,33,
10546.528,refuse,6,27,
10547.585,conflict-at-land,1,28,
10551.351,refuse,2,32,
10556.678,refuse,5,30,
10556.746,refuse,0,29,
10557.322,refuse,4,33,
10561.528,refuse,6,27,
10562.585,start,1,28,
10566.351,refuse,2,32,
10571.678,refuse,5,30,
10571.746,refuse,0,29,
10572.322,refuse,4,33,
10576.507,conflict-at-land,1,28,
10576.528,refuse,6,27,
10581.351,refuse,2,32,
10586.678,refuse,5,30,
10586.746,refuse,0,29,
10587.322,refuse,4,33,
10591.507,start,1,28,
10591.528,refuse,6,27,
10596.351,refuse,2,32,
10601.344,conflict-at-land,1,28,
10601.678,refuse,5,30,
10601.746,refuse,0,29,
10602.322,refuse,4,33,
10606.528,refuse,6,27,
10611.351,refuse,2,32,
10616.344,start,1,28,
10616.678,refuse,5,30,
10616.746,refuse,0,29,
10617.322,refuse,4,33,
10621.528,refuse,6,27,
10626.351,refuse,2,32,
10630.103,conflict-at-land,1,28,
10631.678,refuse,5,30,
10631.746,refuse,0,29,
10632.322,refuse,4,33,
10636.528,refuse,6,27,
10641.351,refuse,2,32,
10645.103,start,1,28,
10646.678,refuse,5,30,
10646.746,refuse,0,29,
10647.322,refuse,4,33,
10651.528,refuse,6,27,
10651.528,abandon,6,27,
10651.528,refuse,6,34,
10656.351,refuse,2,32,
10657.723,conflict-at-land,1,28,
10661.678,refuse,5,30,
10661.746,refuse,0,29,
10662.322,refuse,4,33,
10666.528,refuse,6,34,
10671.351,refuse,2,32,
10672.723,start,1,28,
10676.678,refuse,5,30,
10676.746,refuse,0,29,
10677.322,refuse,4,33,
10681.528,refuse,6,34,
10682.502,conflict-at-land,1,28,
10686.351,refuse,2,32,
10691.678,refuse,5,30,
10691.746,refuse,0,29,
10692.322,refuse,4,33,
10696.528,refuse,6,34,
10697.502,start,1,28,
10701.351,refuse,2,32,
10706.678,refuse,5,30,
10706.746,refuse,0,29,
10707.322,refuse,4,33,
10711.528,refuse,6,34,
10711.692,conflict-at-land,1,28,
10716.351,refuse,2,32,
10721.678,refuse,5,30,
10721.746,refuse,0,29,
10722.322,refuse,4,33,
10726.528,refuse,6,34,
10726.692,start,1,28,
10731.351,refuse,2,32,
10736.085,conflict-at-land,1,28,
10736.678,refuse,5,30,
10736.746,refuse,0,29,
10737.322,refuse,4,33,
10741.528,refuse,6,34,
10746.351,refuse,2,32,
10751.085,start,1,28,
10751.678,refuse,5,30,
10751.746,refuse,0,29,
10752.322,refuse,4,33,
10756.528,refuse,6,34,
10761.351,refuse,2,32,
10763.894,conflict-at-land,1,28,
10766.678,refuse,5,30,
10766.746,refuse,0,29,
10767.322,refuse,4,33,
10771.528,refuse,6,34,
10776.351,refuse,2,32,
10778.894,start,1,28,
10781.678,refuse,5,30,
10781.746,refuse,0,29,
10782.322,refuse,4,33,
10786.528,refuse,6,34,
10790.421,conflict-at-land,1,28,
10791.351,refuse,2,32,
10796.678,refuse,5,30,
10796.746,refuse,0,29,
10797.322,refuse,4,33,
10801.528,refuse,6,34,
10805.421,start,1,28,
10806.351,refuse,2,32,
10811.678,refuse,5,30,
10811.746,refuse,0,29,
10812.322,refuse,4,33,
10815.648,conflict-at-land,1,28,
10816.528,refuse,6,34,
10821.351,refuse,2,32,
10826.678,refuse,5,30,
10826.746,refuse,0,29,
10827.322,refuse,4,33,
10830.648,start,1,28,
10831.528,refuse,6,34,
10836.351,refuse,2,32,
10841.678,refuse,5,30,
10841.746,refuse,0,29,
10842.322,refuse,4,33,
10843.124,conflict-at-land,1,28,
10846.528,refuse,6,34,
10851.351,refuse,2,32,
10856.678,refuse,5,30,
10856.746,refuse,0,29,
10857.322,refuse,4,33,
10858.124,start,1,28,
10861.528,refuse,6,34,
10866.351,refuse,2,32,
10869.887,conflict-at-land,1,28,
10871.678,refuse,5,30,
10871.746,refuse,0,29,
10872.322,refuse,4,33,
10876.528,refuse,6,34,
10881.351,refuse,2,32,
10884.887,start,1,28,
10886.678,refuse,5,30,
10886.746,refuse,0,29,
10887.322,refuse,4,33,
10891.528,refuse,6,34,
10894.763,conflict-at-land,1,28,
10896.351,refuse,2,32,
10901.678,refuse,5,30,
10901.746,refuse,0,29,
10902.322,refuse,4,33,
10906.528,refuse,6,34,
10909.763,start,1,28,
10911.351,refuse,2,32,
10916.678,refuse,5,30,
10916.746,refuse,0,29,
10917.322,refuse,4,33,
10921.528,refuse,6,34,
10925.124,conflict-at-land,1,28,
10926.351,refuse,2,32,
10931.678,refuse,5,30,
10931.746,refuse,0,29,
10932.322,refuse,4,33,
10936.528,refuse,6,34,
10940.124,start,1,28,
10941.351,refuse,2,32,
10946.678,refuse,5,30,
10946.746,refuse,0,29,
10947.322,refuse,4,33,
10949.048,conflict-at-land,1,28,
10951.528,refuse,6,34,
10956.351,refuse,2,32,
10961.678,refuse,5,30,
10961.746,refuse,0,29,
10962.322,refuse,4,33,
10964.048,start,1,28,
10966.528,refuse,6,34,
10971.351,refuse,2,32,
10972.47,conflict-at-land,1,28,
10976.678,refuse,5,30,
10976.746,refuse,0,29,
10977.322,refuse,4,33,
10981.528,refuse,6,34,
10986.351,refuse,2,32,
10987.47,start,1,28,
10991.678,refuse,5,30,
10991.746,refuse,0,29,
10992.322,refuse,4,33,
10996.528,refuse,6,34,
10999.365,conflict-at-land,1,28,
11001.351,refuse,2,32,
11006.678,refuse,5,30,
11006.746,refuse,0,29,
11007.322,refuse,4,33,
11011.528,refuse,6,34,
11014.365,start,1,28,
11016.351,refuse,2,32,
11021.678,refuse,5,30,
11021.746,refuse,0,29,
11022.322,refuse,4,33,
11026.528,refuse,6,34,
11028.793,conflict-at-land,1,28,
11031.351,refuse,2,32,
11036.678,refuse,5,30,
11036.746,refuse,0,29,
11037.322,refuse,4,33,
11041.528,refuse,6,34,
11043.793,start,1,28,
11046.351,refuse,2,32,
11051.678,refuse,5,30,
11051.746,refuse,0,29,
11052.322,refuse,4,33,
11056.528,refuse,6,34,
11056.933,conflict-at-land,1,28,
11061.351,refuse,2,32,
11066.678,refuse,5,30,
11066.746,refuse,0,29,
11067.322,refuse,4,33,
11071.528,refuse,6,34,
11071.933,start,1,28,
11076.351,refuse,2,32,
11081.678,refuse,5,30,
11081.746,refuse,0,29,
11082.322,refuse,4,33,
11085.767,conflict-at-land,1,28,
11086.528,refuse,6,34,
11091.351,refuse,2,32,
11096.678,refuse,5,30,
11096.746,refuse,0,29,
11097.322,refuse,4,33,
11100.767,start,1,28,
11101.528,refuse,6,34,
11106.351,refuse,2,32,
11111.678,refuse,5,30,
11111.746,refuse,0,29,
11112.322,refuse,4,33,
11112.659,conflict-at-land,1,28,
11116.528,refuse,6,34,
11121.351,refuse,2,32,
11126.678,refuse,5,30,
11126.746,refuse,0,29,
11127.322,refuse,4,33,
11127.659,start,1,28,
11131.528,refuse,6,34,
11136.351,refuse,2,32,
11140.917,conflict-at-land,1,28,
11141.678,refuse,5,30,
11141.746,refuse,0,29,
11142.322,refuse,4,33,
11146.528,refuse,6,34,
11151.351,refuse,2,32,
11155.917,start,1,28,
11156.678,refuse,5,30,
11156.746,refuse,0,29,
11157.322,refuse,4,33,
11161.528,refuse,6,34,
11166.351,refuse,2,32,
11166.729,conflict-at-land,1,28,
11171.678,refuse,5,30,
11171.746,refuse,0,29,
11172.322,refuse,4,33,
11176.528,refuse,6,34,
11181.351,refuse,2,32,
11181.729,start,1,28,
11186.678,refuse,5,30,
11186.746,refuse,0,29,
11187.322,refuse,4,33,
11191.528,refuse,6,34,
11192.051,conflict-at-land,1,28,
11196.351,refuse,2,32,
11201.678,refuse,5,30,
11201.746,refuse,0,29,
11202.322,refuse,4,33,
11206.528,refuse,6,34,
11207.051,start,1,28,
11211.351,refuse,2,32,
11216.678,refuse,5,30,
11216.746,refuse,0,29,
11217.322,refuse,4,33,
11219.071,conflict-at-land,1,28,
11221.528,refuse,6,34,
11226.351,refuse,2,32,
11231.678,refuse,5,30,
11231.746,refuse,0,29,
11232.322,refuse,4,33,
11234.071,start,1,28,
11236.528,refuse,6,34,
11241.351,refuse,2,32,
11242.67,conflict-at-land,1,28,
11246.678,refuse,5,30,
11246.746,refuse,0,29,
11247.322,refuse,4,33,
11251.528,refuse,6,34,
11256.351,refuse,2,32,
11257.67,start,1,28,
11261.678,refuse,5,30,
11261.746,refuse,0,29,
11262.322,refuse,4,33,
11266.528,refuse,6,34,
11266.644,conflict-at-land,1,28,
11271.351,refuse,2,32,
11276.678,refuse,5,30,
11276.746,refuse,0,29,
11277.322,refuse,4,33,
11281.528,refuse,6,34,
11281.644,start,1,28,
11286.351,refuse,2,32,
11291.678,refuse,5,30,
11291.746,refuse,0,29,
11292.322,refuse,4,33,
11295.473,conflict-at-land,1,28,
11296.528,refuse,6,34,
11301.351,refuse,2,32,
11306.678,refuse,5,30,
11306.746,refuse,0,29,
11307.322,refuse,4,33,
11310.473,start,1,28,
11311.528,refuse,6,34,
11316.351,refuse,2,32,
11320.123,conflict-at-land,1,28,
11321.678,refuse,5,30,
11321.746,refuse,0,29,
11322.322,refuse,4,33,
11326.528,refuse,6,34,
11331.351,refuse,2,32,
11335.123,start,1,28,
11336.678,refuse,5,30,
11336.746,refuse,0,29,
11337.322,refuse,4,33,
11341.528,refuse,6,34,
11346.351,refuse,2,32,
11348.925,conflict-at-land,1,28,
11351.678,refuse,5,30,
11351.746,refuse,0,29,
11352.322,refuse,4,33,
11356.528,refuse,6,34,
11361.351,refuse,2,32,
11363.925,start,1,28,
11366.678,refuse,5,30,
11366.746,refuse,0,29,
11367.322,refuse,4,33,
11371.528,refuse,6,34,
11376.351,refuse,2,32,
11377.973,conflict-at-land,1,28,
11381.678,refuse,5,30,
11381.746,refuse,0,29,
11382.322,refuse,4,33,
11386.528,refuse,6,34,
11391.351,refuse,2,32,
11392.973,start,1,28,
11396.678,refuse,5,30,
11396.746,refuse,0,29,
11397.322,refuse,4,33,
11401.528,refuse,6,34,
11404.285,conflict-at-land,1,28,
11406.351,refuse,2,32,
11411.678,refuse,5,30,
11411.746,refuse,0,29,
11412.322,refuse,4,33,
11416.528,refuse,6,34,
11419.285,start,1,28,
11421.351,refuse,2,32,
11426.678,refuse,5,30,
11426.746,refuse,0,29,
11427.322,refuse,4,33,
11431.528,refuse,6,34,
11432.545,conflict-at-land,1,28,
11436.351,refuse,2,32,
11441.678,refuse,5,30,
11441.746,refuse,0,29,
11442.322,refuse,4,33,
11446.528,refuse,6,34,
11447.545,start,1,28,
11451.351,refuse,2,32,
11456.678,refuse,5,30,
11456.746,refuse,0,29,
11457.322,refuse,4,33,
11461.528,refuse,6,34,
11461.615,conflict-at-land,1,28,
11466.351,refuse,2,32,
11471.678,refuse,5,30,
11471.746,refuse,0,29,
11472.322,refuse,4,33,
11476.528,refuse,6,34,
11476.615,start,1,28,
11481.351,refuse,2,32,
11486.678,refuse,5,30,
11486.746,refuse,0,29,
11487.322,refuse,4,33,
11491.236,conflict-at-land,1,28,
11491.528,refuse,6,34,
11496.351,refuse,2,32,
11501.678,refuse,5,30,
11501.746,refuse,0,29,
11502.322,refuse,4,33,
11506.236,start,1,28,
11506.528,refuse,6,34,
11511.351,refuse,2,32,
11515.607,conflict-at-land,1,28,
11516.678,refuse,5,30,
11516.746,refuse,0,29,
11517.322,refuse,4,33,
11521.528,refuse,6,34,
11526.351,refuse,2,32,
11530.607,start,1,28,
11531.678,refuse,5,30,
11531.746,refuse,0,29,
11532.322,refuse,4,33,
11536.528,refuse,6,34,
11540.177,conflict-at-land,1,28,
11541.351,refuse,2,32,
11546.678,refuse,5,30,
11546.746,refuse,0,29,
11547.322,refuse,4,33,
11551.528,refuse,6,34,
11555.177,start,1,28,
11556.351,refuse,2,32,
11561.678,refuse,5,30,
11561.746,refuse,0,29,
11562.322,refuse,4,33,
11566.325,conflict-at-land,1,28,
11566.528,refuse,6,34,
11571.351,refuse,2,32,
11576.678,refuse,5,30,
11576.746,refuse,0,29,
11577.322,refuse,4,33,
11581.325,start,1,28,
11581.528,refuse,6,34,
11586.351,refuse,2,32,
11591.678,refuse,5,30,
11591.746,refuse,0,29,
11592.322,refuse,4,33,
11593.071,conflict-at-land,1,28,
11596.528,refuse,6,34,
11601.351,refuse,2,32,
11606.678,refuse,5,30,
11606.746,refuse,0,29,
11607.322,refuse,4,33,
11608.071,start,1,28,
11611.528,refuse,6,34,
11616.351,refuse,2,32,
11618.593,conflict-at-land,1,28,
11621.678,refuse,5,30,
11621.746,refuse,0,29,
11622.322,refuse,4,33,
11626.528,refuse,6,34,
11631.351,refuse,2,32,
11633.593,start,1,28,
11636.678,refuse,5,30,
11636.746,refuse,0,29,
11637.322,refuse,4,33,
11641.528,refuse,6,34,
11642.068,conflict-at-land,1,28,
11646.351,refuse,2,32,
11651.678,refuse,5,30,
11651.746,refuse,0,29,
11652.322,refuse,4,33,
11656.528,refuse,6,34,
11657.068,start,1,28,
11661.351,refuse,2,32,
11666.678,refuse,5,30,
11666.746,refuse,0,29,
11667.322,refuse,4,33,
11669.482,conflict-at-land,1,28,
11671.528,refuse,6,34,
11676.351,refuse,2,32,
11681.678,refuse,5,30,
11681.746,refuse,0,29,
11682.322,refuse,4,33,
11684.482,start,1,28,
11686.528,refuse,6,34,
11691.351,refuse,2,32,
11696.678,refuse,5,30,
11696.746,refuse,0,29,
11697.322,refuse,4,33,
11699.843,conflict-at-land,1,28,
11701.528,refuse,6,34,
11706.351,refuse,2,32,
11711.678,refuse,5,30,
11711.746,refuse,0,29,
11712.322,refuse,4,33,
11714.843,start,1,28,
11716.528,refuse,6,34,
11721.351,refuse,2,32,
11725.882,conflict-at-land,1,28,
11726.678,refuse,5,30,
11726.746,refuse,0,29,
11727.322,refuse,4,33,
11731.528,refuse,6,34,
11736.351,refuse,2,32,
11740.882,start,1,28,
11741.678,refuse,5,30,
11741.746,refuse,0,29,
11742.322,refuse,4,33,
11746.528,refuse,6,34,
11751.351,refuse,2,32,
11753.155,conflict-at-land,1,28,
11756.678,refuse,5,30,
11756.746,refuse,0,29,
11757.322,refuse,4,33,
11761.528,refuse,6,34,
11766.351,refuse,2,32,
11768.155,start,1,28,
11771.678,refuse,5,30,
11771.746,refuse,0,29,
11772.322,refuse,4,33,
11776.528,refuse,6,34,
11779.308,conflict-at-land,1,28,
11781.351,refuse,2,32,
11786.678,refuse,5,30,
11786.746,refuse,0,29,
11787.322,refuse,4,33,
11791.528,refuse,6,34,
11794.308,start,1,28,
11796.351,refuse,2,32,
11801.678,refuse,5,30,
11801.746,refuse,0,29,
11802.322,refuse,4,33,
11805.896,conflict-at-land,1,28,
11806.528,refuse,6,34,
11811.351,refuse,2,32,
11816.678,refuse,5,30,
11816.746,refuse,0,29,
11817.322,refuse,4,33,
11820.896,start,1,28,
11821.528,refuse,6,34,
11826.351,refuse,2,32,
11831.678,refuse,5,30,
11831.746,refuse,0,29,
11832.322,refuse,4,33,
11835.564,conflict-at-land,1,28,
11836.528,refuse,6,34,
11841.351,refuse,2,32,
11846.678,refuse,5,30,
11846.746,refuse,0,29,
11847.322,refuse,4,33,
11850.564,start,1,28,
11851.528,refuse,6,34,
11856.351,refuse,2,32,
11861.185,conflict-at-land,1,28,
11861.678,refuse,5,30,
11861.746,refuse,0,29,
11862.322,refuse,4,33,
11866.528,refuse,6,34,
11871.351,refuse,2,32,
11876.185,start,1,28,
11876.678,refuse,5,30,
11876.746,refuse,0,29,
11877.322,refuse,4,33,
11881.528,refuse,6,34,
11886.351,refuse,2,32,
11889.258,conflict-at-land,1,28,
11891.678,refuse,5,30,
11891.746,refuse,0,29,
11892.322,refuse,4,33,
11896.528,refuse,6,34,
11901.351,refuse,2,32,
11904.258,start,1,28,
11906.678,refuse,5,30,
11906.746,refuse,0,29,
11907.322,refuse,4,33,
11911.528,refuse,6,34,
11916.141,conflict-at-land,1,28,
11916.351,refuse,2,32,
11921.678,refuse,5,30,
11921.746,refuse,0,29,
11922.322,refuse,4,33,
11926.528,refuse,6,34,
11931.141,start,1,28,
11931.351,refuse,2,32,
11936.678,refuse,5,30,
11936.746,refuse,0,29,
11937.322,refuse,4,33,
11941.528,refuse,6,34,
11943.419,conflict-at-land,1,28,
11946.351,refuse,2,32,
11951.678,refuse,5,30,
11951.746,refuse,0,29,
11952.322,refuse,4,33,
11956.528,refuse,6,34,
11958.419,start,1,28,
11961.351,refuse,2,32,
11966.678,refuse,5,30,
11966.746,refuse,0,29,
11967.322,refuse,4,33,
11971.528,refuse,6,34,
11973.405,conflict-at-land,1,28,
11976.351,refuse,2,32,
11981.678,refuse,5,30,
11981.746,refuse,0,29,
11982.322,refuse,4,33,
11986.528,refuse,6,34,
11988.405,start,1,28,
11991.351,refuse,2,32,
11996.678,refuse,5,30,
11996.746,refuse,0,29,
11997.322,refuse,4,33,
11997.357,conflict-at-land,1,28,
12001.528,refuse,6,34,
12006.351,refuse,2,32,
12011.678,refuse,5,30,
12011.746,refuse,0,29,
12012.322,refuse,4,33,
12012.357,start,1,28,
12016.528,refuse,6,34,
12021.351,refuse,2,32,
12026.678,refuse,5,30,
12026.693,conflict-at-land,1,28,
12026.746,refuse,0,29,
12026.746,abandon,0,29,
12026.746,refuse,0,35,
12027.322,refuse,4,33,
12031.528,refuse,6,34,
12036.351,refuse,2,32,
12041.678,refuse,5,30,
12041.678,abandon,5,30,
12041.678,refuse,5,36,
12041.693,start,1,28,
12041.746,refuse,0,35,
12042.322,refuse,4,33,
12046.528,refuse,6,34,
12051.351,refuse,2,32,
12051.351,abandon,2,32,
12051.351,refuse,2,37,
12052.283,conflict-at-land,1,28,
12056.678,refuse,5,36,
12056.746,refuse,0,35,
12057.322,refuse,4,33,
12061.528,refuse,6,34,
12066.351,refuse,2,37,
12067.283,start,1,28,
12071.678,refuse,5,36,
12071.746,refuse,0,35,
12072.322,refuse,4,33,
12076.528,refuse,6,34,
12080.336,conflict-at-land,1,28,
12081.351,refuse,2,37,
12086.678,refuse,5,36,
12086.746,refuse,0,35,
12087.322,refuse,4,33,
12091.528,refuse,6,34,
12095.336,start,1,28,
12096.351,refuse,2,37,
12101.678,refuse,5,36,
12101.746,refuse,0,35,
12102.322,refuse,4,33,
12106.528,refuse,6,34,
12109.466,conflict-at-land,1,28,
12111.351,refuse,2,37,
12116.678,refuse,5,36,
12116.746,refuse,0,35,
12117.322,refuse,4,33,
12121.528,refuse,6,34,
12124.466,start,1,28,
12126.351,refuse,2,37,
12131.678,refuse,5,36,
12131.746,refuse,0,35,
12132.322,refuse,4,33,
12136.528,refuse,6,34,
12137.571,conflict-at-land,1,28,
12141.351,refuse,2,37,
12146.678,refuse,5,36,
12146.746,refuse,0,35,
12147.322,refuse,4,33,
12151.528,refuse,6,34,
12152.571,start,1,28,
12156.351,refuse,2,37,
12161.678,refuse,5,36,
12161.746,refuse,0,35,
12162.322,refuse,4,33,
12163.8,conflict-at-land,1,28,
12166.528,refuse,6,34,
12171.351,refuse,2,37,
12176.678,refuse,5,36,
12176.746,refuse,0,35,
12177.322,refuse,4,33,
12178.8,start,1,28,
12181.528,refuse,6,34,
12186.351,refuse,2,37,
12191.678,refuse,5,36,
12191.746,refuse,0,35,
12192.322,refuse,4,33,
12193.253,conflict-at-land,1,28,
12196.528,refuse,6,34,
12201.351,refuse,2,37,
12206.678,refuse,5,36,
12206.746,refuse,0,35,
12207.322,refuse,4,33,
12208.253,start,1,28,
12211.528,refuse,6,34,
12216.351,refuse,2,37,
12217.322,conflict-at-land,1,28,
12221.678,refuse,5,36,
12221.746,refuse,0,35,
12222.322,refuse,4,33,
12226.528,refuse,6,34,
12231.351,refuse,2,37,
12232.322,start,1,28,
12236.678,refuse,5,36,
12236.746,refuse,0,35,
12237.322,refuse,4,33,
12241.528,refuse,6,34,
12245.282,conflict-at-land,1,28,
12246.351,refuse,2,37,
12251.678,refuse,5,36,
12251.746,refuse,0,35,
12252.322,refuse,4,33,
12256.528,refuse,6,34,
12260.282,start,1,28,
12261.351,refuse,2,37,
12266.678,refuse,5,36,
12266.746,refuse,0,35,
12267.322,refuse,4,33,
12271.498,conflict-at-land,1,28,
12271.528,refuse,6,34,
12276.351,refuse,2,37,
12281.678,refuse,5,36,
12281.746,refuse,0,35,
12282.322,refuse,4,33,
12286.498,start,1,28,
12286.528,refuse,6,34,
12291.351,refuse,2,37,
12296.678,refuse,5,36,
12296.746,refuse,0,35,
12297.322,refuse,4,33,
12298.718,conflict-at-land,1,28,
12301.528,refuse,6,34,
12306.351,refuse,2,37,
12311.678,refuse,5,36,
12311.746,refuse,0,35,
12312.322,refuse,4,33,
12313.718,start,1,28,
12316.528,refuse,6,34,
12321.351,refuse,2,37,
12326.678,refuse,5,36,
12326.746,refuse,0,35,
12327.322,refuse,4,33,
12328.244,conflict-at-land,1,28,
12331.528,refuse,6,34,
12336.351,refuse,2,37,
12341.678,refuse,5,36,
12341.746,refuse,0,35,
12342.322,refuse,4,33,
12343.244,start,1,28,
12346.528,refuse,6,34,
12351.351,refuse,2,37,
12356.678,refuse,5,36,
12356.746,refuse,0,35,
12357.322,refuse,4,33,
12357.389,conflict-at-land,1,28,
12360.341,conflict-at-land,3,3,
12361.528,refuse,6,34,
12366.351,refuse,2,37,
12371.678,refuse,5,36,
12371.746,refuse,0,35,
12372.322,refuse,4,33,
12372.389,start,1,28,
12375.341,start,3,3,
12376.528,refuse,6,34,
12381.351,refuse,2,37,
12385.317,conflict-at-land,1,28,
12386.678,refuse,5,36,
12386.746,refuse,0,35,
12387.322,refuse,4,33,
12391.528,refuse,6,34,
12396.351,refuse,2,37,
12400.317,start,1,28,
12401.678,refuse,5,36,
12401.746,refuse,0,35,
12402.322,refuse,4,33,
12406.528,refuse,6,34,
12410.394,conflict-at-land,1,28,
12411.351,refuse,2,37,
12416.678,refuse,5,36,
12416.746,refuse,0,35,
12417.322,refuse,4,33,
12421.528,refuse,6,34,
12425.394,start,1,28,
12426.351,refuse,2,37,
12431.678,refuse,5,36,
12431.746,refuse,0,35,
12432.322,refuse,4,33,
12436.528,refuse,6,34,
12437.088,conflict-at-land,1,28,
12441.351,refuse,2,37,
12446.678,refuse,5,36,
12446.746,refuse,0,35,
12447.322,refuse,4,33,
12451.528,refuse,6,34,
12452.088,start,1,28,
12456.351,refuse,2,37,
12461.678,refuse,5,36,
12461.746,refuse,0,35,
12462.159,conflict-at-land,1,28,
12462.322,refuse,4,33,
12466.528,refuse,6,34,
12471.351,refuse,2,37,
12476.678,refuse,5,36,
12476.746,refuse,0,35,
12477.159,start,1,28,
12477.322,refuse,4,33,
12481.528,refuse,6,34,
12486.351,refuse,2,37,
12487.557,conflict-at-land,1,28,
12491.678,refuse,5,36,
12491.746,refuse,0,35,
12492.322,refuse,4,33,
12496.528,refuse,6,34,
12501.351,refuse,2,37,
12502.557,start,1,28,
12506.678,refuse,5,36,
12506.746,refuse,0,35,
12507.322,refuse,4,33,
12511.528,refuse,6,34,
12516.351,refuse,2,37,
12517.853,conflict-at-land,1,28,
12521.678,refuse,5,36,
12521.746,refuse,0,35,
12522.322,refuse,4,33,
12526.528,refuse,6,34,
12531.351,refuse,2,37,
12532.853,start,1,28,
12536.678,refuse,5,36,
12536.746,refuse,0,35,
12537.322,refuse,4,33,
12541.528,refuse,6,34,
12542.059,conflict-at-land,1,28,
12546.351,refuse,2,37,
12551.678,refuse,5,36,
12551.746,refuse,0,35,
12552.322,refuse,4,33,
12556.528,refuse,6,34,
12557.059,start,1,28,
12561.351,refuse,2,37,
12566.678,refuse,5,36,
12566.746,refuse,0,35,
12567.322,refuse,4,33,
12571.353,conflict-at-land,1,28,
12571.528,refuse,6,34,
12576.351,refuse,2,37,
12581.678,refuse,5,36,
12581.746,refuse,0,35,
12582.322,refuse,4,33,
12586.353,start,1,28,
12586.528,refuse,6,34,
12591.351,refuse,2,37,
12596.678,refuse,5,36,
12596.746,refuse,0,35,
12597.322,refuse,4,33,
12597.483,conflict-at-land,1,28,
12601.528,refuse,6,34,
12606.351,refuse,2,37,
12611.678,refuse,5,36,
12611.746,refuse,0,35,
12612.322,refuse,4,33,
12612.483,start,1,28,
12616.528,refuse,6,34,
12621.351,refuse,2,37,
12623.509,conflict-at-land,1,28,
12626.678,refuse,5,36,
12626.746,refuse,0,35,
12627.322,refuse,4,33,
12631.528,refuse,6,34,
12636.351,refuse,2,37,
12638.509,start,1,28,
12641.678,refuse,5,36,
12641.746,refuse,0,35,
12642.322,refuse,4,33,
12646.528,refuse,6,34,
12649.201,conflict-at-land,1,28,
12651.351,refuse,2,37,
12656.678,refuse,5,36,
12656.746,refuse,0,35,
12657.322,refuse,4,33,
12661.528,refuse,6,34,
12664.201,start,1,28,
12666.351,refuse,2,37,
12671.678,refuse,5,36,
12671.746,refuse,0,35,
12672.322,refuse,4,33,
12673.158,conflict-at-land,1,28,
12676.528,refuse,6,34,
12681.351,refuse,2,37,
12686.678,refuse,5,36,
12686.746,refuse,0,35,
12687.322,refuse,4,33,
12688.158,start,1,28,
12691.528,refuse,6,34,
12696.351,refuse,2,37,
12699.851,conflict-at-land,1,28,
12701.678,refuse,5,36,
12701.746,refuse,0,35,
12702.322,refuse,4,33,
12706.528,refuse,6,34,
12711.351,refuse,2,37,
12714.851,start,1,28,
12716.678,refuse,5,36,
12716.746,refuse,0,35,
12717.322,refuse,4,33,
12721.528,refuse,6,34,
12724.45,conflict-at-land,1,28,
12726.351,refuse,2,37,
12731.678,refuse,5,36,
12731.746,refuse,0,35,
12732.322,refuse,4,33,
12736.528,refuse,6,34,
12739.45,start,1,28,
12741.351,refuse,2,37,
12746.678,refuse,5,36,
12746.746,refuse,0,35,
12747.322,refuse,4,33,
12751.032,conflict-at-land,1,28,
12751.528,refuse,6,34,
12756.351,refuse,2,37,
12761.678,refuse,5,36,
12761.746,refuse,0,35,
12762.322,refuse,4,33,
12766.032,start,1,28,
12766.528,refuse,6,34,
12771.351,refuse,2,37,
12776.535,conflict-at-land,1,28,
12776.678,refuse,5,36,
12776.746,refuse,0,35,
12777.322,refuse,4,33,
12781.528,refuse,6,34,
12786.351,refuse,2,37,
12791.535,start,1,28,
12791.678,refuse,5,36,
12791.746,refuse,0,35,
12792.322,refuse,4,33,
12796.528,refuse,6,34,
12801.351,refuse,2,37,
12806.376,conflict-at-land,1,28,
12806.678,refuse,5,36,
12806.746,refuse,0,35,
12807.322,refuse,4,33,
12811.528,refuse,6,34,
12816.351,refuse,2,37,
12821.376,start,1,28,
12821.678,refuse,5,36,
12821.746,refuse,0,35,
12822.322,refuse,4,33,
12826.528,refuse,6,34,
12831.351,refuse,2,37,
12836.412,conflict-at-land,1,28,
12836.678,refuse,5,36,
12836.746,refuse,0,35,
12837.322,refuse,4,33,
12841.528,refuse,6,34,
12846.351,refuse,2,37,
12851.412,start,1,28,
12851.678,refuse,5,36,
12851.746,refuse,0,35,
12852.322,refuse,4,33,
12856.528,refuse,6,34,
12861.351,refuse,2,37,
12862.995,conflict-at-land,1,28,
12866.678,refuse,5,36,
12866.746,refuse,0,35,
12867.322,refuse,4,33,
12871.528,refuse,6,34,
12876.351,refuse,2,37,
12877.995,start,1,28,
12881.678,refuse,5,36,
12881.746,refuse,0,35,
12882.322,refuse,4,33,
12886.528,refuse,6,34,
12891.0,conflict-at-land,1,28,
12891.351,refuse,2,37,
12896.678,refuse,5,36,
12896.746,refuse,0,35,
12897.322,refuse,4,33,
12901.528,refuse,6,34,
12906.0,start,1,28,
12906.351,refuse,2,37,
12911.678,refuse,5,36,
12911.746,refuse,0,35,
12912.322,refuse,4,33,
12916.528,refuse,6,34,
12921.093,conflict-at-land,1,28,
12921.351,refuse,2,37,
12926.678,refuse,5,36,
12926.746,refuse,0,35,
12927.322,refuse,4,33,
12931.528,refuse,6,34,
12936.093,start,1,28,
12936.351,refuse,2,37,
12941.678,refuse,5,36,
12941.746,refuse,0,35,
12942.322,refuse,4,33,
12946.528,refuse,6,34,
12946.842,conflict-at-land,1,28,
12951.351,refuse,2,37,
12956.678,refuse,5,36,
12956.746,refuse,0,35,
12957.322,refuse,4,33,
12961.528,refuse,6,34,
12961.842,start,1,28,
12966.351,refuse,2,37,
12970.959,conflict-at-land,1,28,
12971.678,refuse,5,36,
12971.746,refuse,0,35,
12972.322,refuse,4,33,
12976.528,refuse,6,34,
12981.351,refuse,2,37,
12985.959,start,1,28,
12986.678,refuse,5,36,
12986.746,refuse,0,35,
12987.322,refuse,4,33,
12991.528,refuse,6,34,
12996.071,conflict-at-land,1,28,
12996.351,refuse,2,37,
13001.678,refuse,5,36,
13001.746,refuse,0,35,
13002.322,refuse,4,33,
13006.528,refuse,6,34,
13011.071,start,1,28,
13011.351,refuse,2,37,
13016.678,refuse,5,36,
13016.746,refuse,0,35,
13017.322,refuse,4,33,
13020.836,conflict-at-land,1,28,
13021.528,refuse,6,34,
13026.351,refuse,2,37,
13031.678,refuse,5,36,
13031.746,refuse,0,35,
13032.322,refuse,4,33,
13035.836,start,1,28,
13036.528,refuse,6,34,
13041.351,refuse,2,37,
13046.678,refuse,5,36,
13046.746,refuse,0,35,
13047.322,refuse,4,33,
13049.121,conflict-at-land,1,28,
13051.528,refuse,6,34,
13056.351,refuse,2,37,
13061.678,refuse,5,36,
13061.746,refuse,0,35,
13062.322,refuse,4,33,
13064.121,start,1,28,
13066.528,refuse,6,34,
13071.351,refuse,2,37,
13075.212,conflict-at-land,1,28,
13076.678,refuse,5,36,
13076.746,refuse,0,35,
13077.322,refuse,4,33,
13081.528,refuse,6,34,
13086.351,refuse,2,37,
13090.212,start,1,28,
13091.678,refuse,5,36,
13091.746,refuse,0,35,
13092.322,refuse,4,33,
13096.528,refuse,6,34,
13101.176,conflict-at-land,1,28,
13101.351,refuse,2,37,
13106.678,refuse,5,36,
13106.746,refuse,0,35,
13107.322,refuse,4,33,
13111.528,refuse,6,34,
13116.176,start,1,28,
13116.351,refuse,2,37,
13121.678,refuse,5,36,
13121.746,refuse,0,35,
13122.322,refuse,4,33,
13126.528,refuse,6,34,
13130.301,conflict-at-land,1,28,
13131.351,refuse,2,37,
13136.678,refuse,5,36,
13136.746,refuse,0,35,
13137.322,refuse,4,33,
13141.528,refuse,6,34,
13145.301,start,1,28,
13146.351,refuse,2,37,
13151.678,refuse,5,36,
13151.746,refuse,0,35,
13152.322,refuse,4,33,
13155.38,conflict-at-land,1,28,
13155.38,abandon,1,28,
13155.38,refuse,1,38,
13156.528,refuse,6,34,
13161.351,refuse,2,37,
13166.678,refuse,5,36,
13166.746,refuse,0,35,
13167.322,refuse,4,33,
13170.38,refuse,1,38,
13171.528,refuse,6,34,
13176.351,refuse,2,37,
13181.678,refuse,5,36,
13181.746,refuse,0,35,
13182.322,refuse,4,33,
13185.38,refuse,1,38,
13186.528,refuse,6,34,
13191.351,refuse,2,37,
13196.678,refuse,5,36,
13196.746,refuse,0,35,
13197.322,refuse,4,33,
13200.38,refuse,1,38,
13201.528,refuse,6,34,
13206.351,refuse,2,37,
13211.678,refuse,5,36,
13211.746,refuse,0,35,
13212.322,refuse,4,33,
13215.38,refuse,1,38,
13216.528,refuse,6,34,
13221.351,refuse,2,37,
13226.678,refuse,5,36,
13226.746,refuse,0,35,
13227.322,refuse,4,33,
13230.38,refuse,1,38,
13231.528,refuse,6,34,
13236.351,refuse,2,37,
13241.678,refuse,5,36,
13241.746,refuse,0,35,
13242.322,refuse,4,33,
13245.38,refuse,1,38,
13246.528,refuse,6,34,
13251.351,refuse,2,37,
13256.678,refuse,5,36,
13256.746,refuse,0,35,
13257.322,refuse,4,33,
13260.38,refuse,1,38,
13261.528,refuse,6,34,
13266.351,refuse,2,37,
13271.678,refuse,5,36,
13271.746,refuse,0,35,
13272.322,refuse,4,33,
13275.38,refuse,1,38,
13276.528,refuse,6,34,
13281.351,refuse,2,37,
13286.678,refuse,5,36,
13286.746,refuse,0,35,
13287.322,refuse,4,33,
13287.322,abandon,4,33,
13287.322,refuse,4,39,
13290.38,refuse,1,38,
13291.528,refuse,6,34,
13296.351,refuse,2,37,
13301.678,refuse,5,36,
13301.746,refuse,0,35,
13302.322,refuse,4,39,
13305.38,refuse,1,38,
13306.528,refuse,6,34,
13311.351,refuse,2,37,
13316.678,refuse,5,36,
13316.746,refuse,0,35,
13317.322,refuse,4,39,
13320.38,refuse,1,38,
13321.528,refuse,6,34,
13326.351,refuse,2,37,
13331.678,refuse,5,36,
13331.746,refuse,0,35,
13332.322,refuse,4,39,
13335.38,refuse,1,38,
13336.528,refuse,6,34,
13341.351,refuse,2,37,
13346.678,refuse,5,36,
13346.746,refuse,0,35,
13347.322,refuse,4,39,
13350.38,refuse,1,38,
13351.528,refuse,6,34,
13356.351,refuse,2,37,
13361.678,refuse,5,36,
13361.746,refuse,0,35,
13362.322,refuse,4,39,
13365.38,refuse,1,38,
13366.528,refuse,6,34,
13371.351,refuse,2,37,
13376.678,refuse,5,36,
13376.746,refuse,0,35,
13377.322,refuse,4,39,
13380.38,refuse,1,38,
13381.528,refuse,6,34,
13386.351,refuse,2,37,
13391.678,refuse,5,36,
13391.746,refuse,0,35,
13392.322,refuse,4,39,
13395.38,refuse,1,38,
13396.528,refuse,6,34,
13401.351,refuse,2,37,
13406.678,refuse,5,36,
13406.746,refuse,0,35,
13407.322,refuse,4,39,
13410.38,refuse,1,38,
13411.528,refuse,6,34,
13416.351,refuse,2,37,
13421.678,refuse,5,36,
13421.746,refuse,0,35,
13422.322,refuse,4,39,
13425.38,refuse,1,38,
13426.528,refuse,6,34,
13431.351,refuse,2,37,
13436.678,refuse,5,36,
13436.746,refuse,0,35,
13437.322,refuse,4,39,
13440.38,refuse,1,38,
13441.528,refuse,6,34,
13446.351,refuse,2,37,
13451.678,refuse,5,36,
13451.746,refuse,0,35,
13452.322,refuse,4,39,
13455.38,refuse,1,38,
13456.528,refuse,6,34,
13461.351,refuse,2,37,
13466.678,refuse,5,36,
13466.746,refuse,0,35,
13467.322,refuse,4,39,
13470.38,refuse,1,38,
13471.528,refuse,6,34,
13476.351,refuse,2,37,
13481.678,refuse,5,36,
13481.746,refuse,0,35,
13482.322,refuse,4,39,
13485.38,refuse,1,38,
13486.528,refuse,6,34,
13491.351,refuse,2,37,
13496.678,refuse,5,36,
13496.746,refuse,0,35,
13497.322,refuse,4,39,
13500.38,refuse,1,38,
13501.528,refuse,6,34,
13506.351,refuse,2,37,
13511.678,refuse,5,36,
13511.746,refuse,0,35,
13512.322,refuse,4,39,
13515.38,refuse,1,38,
13516.528,refuse,6,34,
13521.351,refuse,2,37,
13526.678,refuse,5,36,
13526.746,refuse,0,35,
13527.322,refuse,4,39,
13530.38,refuse,1,38,
13531.528,refuse,6,34,
13536.351,refuse,2,37,
13541.678,refuse,5,36,
13541.746,refuse,0,35,
13542.322,refuse,4,39,
13545.38,refuse,1,38,
13546.528,refuse,6,34,
13551.351,refuse,2,37,
13556.678,refuse,5,36,
13556.746,refuse,0,35,
13557.322,refuse,4,39,
13560.38,refuse,1,38,
13561.528,refuse,6,34,
13566.351,refuse,2,37,
13571.678,refuse,5,36,
13571.746,refuse,0,35,
13572.322,refuse,4,39,
13575.38,refuse,1,38,
13576.528,refuse,6,34,
13581.351,refuse,2,37,
13586.678,refuse,5,36,
13586.746,refuse,0,35,
13587.322,refuse,4,39,
13590.38,refuse,1,38,
13591.528,refuse,6,34,
13596.351,refuse,2,37,
13601.678,refuse,5,36,
13601.746,refuse,0,35,
13602.322,refuse,4,39,
13605.38,refuse,1,38,
13606.528,refuse,6,34,
13611.351,refuse,2,37,
13616.678,refuse,5,36,
13616.746,refuse,0,35,
13617.322,refuse,4,39,
13620.38,refuse,1,38,
13621.528,refuse,6,34,
13626.351,refuse,2,37,
13631.678,refuse,5,36,
13631.746,refuse,0,35,
13632.322,refuse,4,39,
13635.38,refuse,1,38,
13636.528,refuse,6,34,
13641.351,refuse,2,37,
13646.678,refuse,5,36,
13646.746,refuse,0,35,
13647.322,refuse,4,39,
13650.38,refuse,1,38,
13651.528,refuse,6,34,
13651.528,abandon,6,34,
13651.528,refuse,6,40,
13656.351,refuse,2,37,
13661.678,refuse,5,36,
13661.746,refuse,0,35,
13662.322,refuse,4,39,
13665.38,refuse,1,38,
13666.528,refuse,6,40,
13671.351,refuse,2,37,
13676.678,refuse,5,36,
13676.746,refuse,0,35,
13677.322,refuse,4,39,
13680.38,refuse,1,38,
13681.528,refuse,6,40,
13686.351,refuse,2,37,
13691.678,refuse,5,36,
13691.746,refuse,0,35,
13692.322,refuse,4,39,
13695.38,refuse,1,38,
13696.528,refuse,6,40,
13701.351,refuse,2,37,
13706.678,refuse,5,36,
13706.746,refuse,0,35,
13707.322,refuse,4,39,
13710.38,refuse,1,38,
13711.528,refuse,6,40,
13716.351,refuse,2,37,
13721.678,refuse,5,36,
13721.746,refuse,0,35,
13722.322,refuse,4,39,
13725.38,refuse,1,38,
13726.528,refuse,6,40,
13731.351,refuse,2,37,
13736.678,refuse,5,36,
13736.746,refuse,0,35,
13737.322,refuse,4,39,
13740.38,refuse,1,38,
13741.528,refuse,6,40,
13746.351,refuse,2,37,
13751.678,refuse,5,36,
13751.746,refuse,0,35,
13752.322,refuse,4,39,
13755.38,refuse,1,38,
13756.528,refuse,6,40,
13761.351,refuse,2,37,
13766.678,refuse,5,36,
13766.746,refuse,0,35,
13767.322,refuse,4,39,
13770.38,refuse,1,38,
13771.528,refuse,6,40,
13776.351,refuse,2,37,
13781.678,refuse,5,36,
13781.746,refuse,0,35,
13782.322,refuse,4,39,
13785.38,refuse,1,38,
13786.528,refuse,6,40,
13791.351,refuse,2,37,
13796.678,refuse,5,36,
13796.746,refuse,0,35,
13797.322,refuse,4,39,
13800.38,refuse,1,38,
13801.528,refuse,6,40,
13806.351,refuse,2,37,
13811.678,refuse,5,36,
13811.746,refuse,0,35,
13812.322,refuse,4,39,
13815.38,refuse,1,38,
13816.528,refuse,6,40,
13821.351,refuse,2,37,
13826.678,refuse,5,36,
13826.746,refuse,0,35,
13827.322,refuse,4,39,
13830.38,refuse,1,38,
13831.528,refuse,6,40,
13836.351,refuse,2,37,
13841.678,refuse,5,36,
13841.746,refuse,0,35,
13842.322,refuse,4,39,
13845.38,refuse,1,38,
13846.528,refuse,6,40,
13851.351,refuse,2,37,
13856.678,refuse,5,36,
13856.746,refuse,0,35,
13857.322,refuse,4,39,
13860.38,refuse,1,38,
13861.528,refuse,6,40,
13866.351,refuse,2,37,
13871.678,refuse,5,36,
13871.746,refuse,0,35,
13872.322,refuse,4,39,
13875.38,refuse,1,38,
13876.528,refuse,6,40,
13881.351,refuse,2,37,
13886.678,refuse,5,36,
13886.746,refuse,0,35,
13887.322,refuse,4,39,
13890.38,refuse,1,38,
13891.528,refuse,6,40,
13896.351,refuse,2,37,
13901.678,refuse,5,36,
13901.746,refuse,0,35,
13902.322,refuse,4,39,
13905.38,refuse,1,38,
13906.528,refuse,6,40,
13911.351,refuse,2,37,
13916.678,refuse,5,36,
13916.746,refuse,0,35,
13917.322,refuse,4,39,
13920.38,refuse,1,38,
13921.528,refuse,6,40,
13926.351,refuse,2,37,
13931.678,refuse,5,36,
13931.746,refuse,0,35,
13932.322,refuse,4,39,
13935.38,refuse,1,38,
13936.528,refuse,6,40,
13941.351,refuse,2,37,
13946.678,refuse,5,36,
13946.746,refuse,0,35,
13947.322,refuse,4,39,
13950.38,refuse,1,38,
13951.528,refuse,6,40,
13956.351,refuse,2,37,
13961.678,refuse,5,36,
13961.746,refuse,0,35,
13962.322,refuse,4,39,
13965.38,refuse,1,38,
13966.528,refuse,6,40,
13971.351,refuse,2,37,
13976.678,refuse,5,36,
13976.746,refuse,0,35,
13977.322,refuse,4,39,
13980.38,refuse,1,38,
13981.528,refuse,6,40,
13986.351,refuse,2,37,
13991.678,refuse,5,36,
13991.746,refuse,0,35,
13992.322,refuse,4,39,
13995.38,refuse,1,38,
13996.528,refuse,6,40,
14001.351,refuse,2,37,
14006.678,refuse,5,36,
14006.746,refuse,0,35,
14007.322,refuse,4,39,
14010.38,refuse,1,38,
14011.528,refuse,6,40,
14016.351,refuse,2,37,
14021.678,refuse,5,36,
14021.746,refuse,0,35,
14022.322,refuse,4,39,
14025.38,refuse,1,38,
14026.528,refuse,6,40,
14031.351,refuse,2,37,
14036.678,refuse,5,36,
14036.746,refuse,0,35,
14037.322,refuse,4,39,
14040.38,refuse,1,38,
14041.528,refuse,6,40,
14046.351,refuse,2,37,
14051.678,refuse,5,36,
14051.746,refuse,0,35,
14052.322,refuse,4,39,
14055.38,refuse,1,38,
14056.528,refuse,6,40,
14061.351,refuse,2,37,
14066.678,refuse,5,36,
14066.746,refuse,0,35,
14067.322,refuse,4,39,
14070.38,refuse,1,38,
14071.528,refuse,6,40,
14076.351,refuse,2,37,
14081.678,refuse,5,36,
14081.746,refuse,0,35,
14082.322,refuse,4,39,
14085.38,refuse,1,38,
14086.528,refuse,6,40,
14091.351,refuse,2,37,
14096.678,refuse,5,36,
14096.746,refuse,0,35,
14097.322,refuse,4,39,
14100.38,refuse,1,38,
14101.528,refuse,6,40,
14106.351,refuse,2,37,
14111.678,refuse,5,36,
14111.746,refuse,0,35,
14112.322,refuse,4,39,
14115.38,refuse,1,38,
14116.528,refuse,6,40,
14121.351,refuse,2,37,
14126.678,refuse,5,36,
14126.746,refuse,0,35,
14127.322,refuse,4,39,
14130.38,refuse,1,38,
14131.528,refuse,6,40,
14136.351,refuse,2,37,
14141.678,refuse,5,36,
14141.746,refuse,0,35,
14142.322,refuse,4,39,
14145.38,refuse,1,38,
14146.528,refuse,6,40,
14151.351,refuse,2,37,
14156.678,refuse,5,36,
14156.746,refuse,0,35,
14157.322,refuse,4,39,
14160.38,refuse,1,38,
14161.528,refuse,6,40,
14166.351,refuse,2,37,
14171.678,refuse,5,36,
14171.746,refuse,0,35,
14172.322,refuse,4,39,
14175.38,refuse,1,38,
14176.528,refuse,6,40,
14181.351,refuse,2,37,
14186.678,refuse,5,36,
14186.746,refuse,0,35,
14187.322,refuse,4,39,
14190.38,refuse,1,38,
14191.528,refuse,6,40,
14196.351,refuse,2,37,
14201.678,refuse,5,36,
14201.746,refuse,0,35,
14202.322,refuse,4,39,
14205.38,refuse,1,38,
14206.528,refuse,6,40,
14211.351,refuse,2,37,
14216.678,refuse,5,36,
14216.746,refuse,0,35,
14217.322,refuse,4,39,
14220.38,refuse,1,38,
14221.528,refuse,6,40,
14226.351,refuse,2,37,
14231.678,refuse,5,36,
14231.746,refuse,0,35,
14232.322,refuse,4,39,
14235.38,refuse,1,38,
14236.528,refuse,6,40,
14241.351,refuse,2,37,
14246.678,refuse,5,36,
14246.746,refuse,0,35,
14247.322,refuse,4,39,
14250.38,refuse,1,38,
14251.528,refuse,6,40,
14256.351,refuse,2,37,
14261.678,refuse,5,36,
14261.746,refuse,0,35,
14262.322,refuse,4,39,
14265.38,refuse,1,38,
14266.528,refuse,6,40,
14271.351,refuse,2,37,
14276.678,refuse,5,36,
14276.746,refuse,0,35,
14277.322,refuse,4,39,
14280.38,refuse,1,38,
14281.528,refuse,6,40,
14286.351,refuse,2,37,
14291.678,refuse,5,36,
14291.746,refuse,0,35,
14292.322,refuse,4,39,
14295.38,refuse,1,38,
14296.528,refuse,6,40,
14301.351,refuse,2,37,
14306.678,refuse,5,36,
14306.746,refuse,0,35,
14307.322,refuse,4,39,
14310.38,refuse,1,38,
14311.528,refuse,6,40,
14316.351,refuse,2,37,
14321.678,refuse,5,36,
14321.746,refuse,0,35,
14322.322,refuse,4,39,
14325.38,refuse,1,38,
14326.528,refuse,6,40,
14331.351,refuse,2,37,
14336.678,refuse,5,36,
14336.746,refuse,0,35,
14337.322,refuse,4,39,
14340.38,refuse,1,38,
14341.528,refuse,6,40,
14345.011,conflict-at-land,3,3,
14346.351,refuse,2,37,
14351.678,refuse,5,36,
14351.746,refuse,0,35,
14352.322,refuse,4,39,
14355.38,refuse,1,38,
14356.528,refuse,6,40,
14360.011,start,3,3,
14361.351,refuse,2,37,
14366.678,refuse,5,36,
14366.746,refuse,0,35,
14367.322,refuse,4,39,
14370.38,refuse,1,38,
14371.528,refuse,6,40,
14376.351,refuse,2,37,
14381.678,refuse,5,36,
14381.746,refuse,0,35,
14382.322,refuse,4,39,
14385.38,refuse,1,38,
14386.528,refuse,6,40,
14391.351,refuse,2,37,
14396.678,refuse,5,36,
14396.746,refuse,0,35,
14397.322,refuse,4,39,
14400.38,refuse,1,38,
14401.528,refuse,6,40,
14406.351,refuse,2,37,
14411.678,refuse,5,36,
14411.746,refuse,0,35,
14412.322,refuse,4,39,
14415.38,refuse,1,38,
14416.528,refuse,6,40,
14421.351,refuse,2,37,
14426.678,refuse,5,36,
14426.746,refuse,0,35,
14427.322,refuse,4,39,
14430.38,refuse,1,38,
14431.528,refuse,6,40,
14436.351,refuse,2,37,
14441.678,refuse,5,36,
14441.746,refuse,0,35,
14442.322,refuse,4,39,
14445.38,refuse,1,38,
14446.528,refuse,6,40,
14451.351,refuse,2,37,
14456.678,refuse,5,36,
14456.746,refuse,0,35,
14457.322,refuse,4,39,
14460.38,refuse,1,38,
14461.528,refuse,6,40,
14466.351,refuse,2,37,
14471.678,refuse,5,36,
14471.746,refuse,0,35,
14472.322,refuse,4,39,
14475.38,refuse,1,38,
14476.528,refuse,6,40,
14481.351,refuse,2,37,
14486.678,refuse,5,36,
14486.746,refuse,0,35,
14487.322,refuse,4,39,
14490.38,refuse,1,38,
14491.528,refuse,6,40,
14496.351,refuse,2,37,
14501.678,refuse,5,36,
14501.746,refuse,0,35,
14502.322,refuse,4,39,
14505.38,refuse,1,38,
14506.528,refuse,6,40,
14511.351,refuse,2,37,
14516.678,refuse,5,36,
14516.746,refuse,0,35,
14517.322,refuse,4,39,
14520.38,refuse,1,38,
14521.528,refuse,6,40,
14526.351,refuse,2,37,
14531.678,refuse,5,36,
14531.746,refuse,0,35,
14532.322,refuse,4,39,
14535.38,refuse,1,38,
14536.528,refuse,6,40,
14541.351,refuse,2,37,
14546.678,refuse,5,36,
14546.746,refuse,0,35,
14547.322,refuse,4,39,
14550.38,refuse,1,38,
14551.528,refuse,6,40,
14556.351,refuse,2,37,
14561.678,refuse,5,36,
14561.746,refuse,0,35,
14562.322,refuse,4,39,
14565.38,refuse,1,38,
14566.528,refuse,6,40,
14571.351,refuse,2,37,
14576.678,refuse,5,36,
14576.746,refuse,0,35,
14577.322,refuse,4,39,
14580.38,refuse,1,38,
14581.528,refuse,6,40,
14586.351,refuse,2,37,
14591.678,refuse,5,36,
14591.746,refuse,0,35,
14592.322,refuse,4,39,
14595.38,refuse,1,38,
14596.528,refuse,6,40,
14601.351,refuse,2,37,
14606.678,refuse,5,36,
14606.746,refuse,0,35,
14607.322,refuse,4,39,
14610.38,refuse,1,38,
14611.528,refuse,6,40,
14616.351,refuse,2,37,
14621.678,refuse,5,36,
14621.746,refuse,0,35,
14622.322,refuse,4,39,
14625.38,refuse,1,38,
14626.528,refuse,6,40,
14631.351,refuse,2,37,
14636.678,refuse,5,36,
14636.746,refuse,0,35,
14637.322,refuse,4,39,
14640.38,refuse,1,38,
14641.528,refuse,6,40,
14646.351,refuse,2,37,
14651.678,refuse,5,36,
14651.746,refuse,0,35,
14652.322,refuse,4,39,
14655.38,refuse,1,38,
14656.528,refuse,6,40,
14661.351,refuse,2,37,
14666.678,refuse,5,36,
14666.746,refuse,0,35,
14667.322,refuse,4,39,
14670.38,refuse,1,38,
14671.528,refuse,6,40,
14676.351,refuse,2,37,
14681.678,refuse,5,36,
14681.746,refuse,0,35,
14682.322,refuse,4,39,
14685.38,refuse,1,38,
14686.528,refuse,6,40,
14691.351,refuse,2,37,
14696.678,refuse,5,36,
14696.746,refuse,0,35,
14697.322,refuse,4,39,
14700.38,refuse,1,38,
14701.528,refuse,6,40,
14706.351,refuse,2,37,
14711.678,refuse,5,36,
14711.746,refuse,0,35,
14712.322,refuse,4,39,
14715.38,refuse,1,38,
14716.528,refuse,6,40,
14721.351,refuse,2,37,
14726.678,refuse,5,36,
14726.746,refuse,0,35,
14727.322,refuse,4,39,
14730.38,refuse,1,38,
14731.528,refuse,6,40,
14736.351,refuse,2,37,
14741.678,refuse,5,36,
14741.746,refuse,0,35,
14742.322,refuse,4,39,
14745.38,refuse,1,38,
14746.528,refuse,6,40,
14751.351,refuse,2,37,
14756.678,refuse,5,36,
14756.746,refuse,0,35,
14757.322,refuse,4,39,
14760.38,refuse,1,38,
14761.528,refuse,6,40,
14766.351,refuse,2,37,
14771.678,refuse,5,36,
14771.746,refuse,0,35,
14772.322,refuse,4,39,
14775.38,refuse,1,38,
14776.528,refuse,6,40,
14781.351,refuse,2,37,
14786.678,refuse,5,36,
14786.746,refuse,0,35,
14787.322,refuse,4,39,
14790.38,refuse,1,38,
14791.528,refuse,6,40,
14796.351,refuse,2,37,
14801.678,refuse,5,36,
14801.746,refuse,0,35,
14802.322,refuse,4,39,
14805.38,refuse,1,38,
14806.528,refuse,6,40,
14811.351,refuse,2,37,
14816.678,refuse,5,36,
14816.746,refuse,0,35,
14817.322,refuse,4,39,
14820.38,refuse,1,38,
14821.528,refuse,6,40,
14826.351,refuse,2,37,
14831.678,refuse,5,36,
14831.746,refuse,0,35,
14832.322,refuse,4,39,
14835.38,refuse,1,38,
14836.528,refuse,6,40,
14841.351,refuse,2,37,
14846.678,refuse,5,36,
14846.746,refuse,0,35,
14847.322,refuse,4,39,
14850.38,refuse,1,38,
14851.528,refuse,6,40,
14856.351,refuse,2,37,
14861.678,refuse,5,36,
14861.746,refuse,0,35,
14862.322,refuse,4,39,
14865.38,refuse,1,38,
14866.528,refuse,6,40,
14871.351,refuse,2,37,
14876.678,refuse,5,36,
14876.746,refuse,0,35,
14877.322,refuse,4,39,
14880.38,refuse,1,38,
14881.528,refuse,6,40,
14886.351,refuse,2,37,
14891.678,refuse,5,36,
14891.746,refuse,0,35,
14892.322,refuse,4,39,
14895.38,refuse,1,38,
14896.528,refuse,6,40,
14901.351,refuse,2,37,
14906.678,refuse,5,36,
14906.746,refuse,0,35,
14907.322,refuse,4,39,
14910.38,refuse,1,38,
14911.528,refuse,6,40,
14916.351,refuse,2,37,
14921.678,refuse,5,36,
14921.746,refuse,0,35,
14922.322,refuse,4,39,
14925.38,refuse,1,38,
14926.528,refuse,6,40,
14931.351,refuse,2,37,
14936.678,refuse,5,36,
14936.746,refuse,0,35,
14937.322,refuse,4,39,
14940.38,refuse,1,38,
14941.528,refuse,6,40,
14946.351,refuse,2,37,
14951.678,refuse,5,36,
14951.746,refuse,0,35,
14952.322,refuse,4,39,
14955.38,refuse,1,38,
14956.528,refuse,6,40,
14961.351,refuse,2,37,
14966.678,refuse,5,36,
14966.746,refuse,0,35,
14967.322,refuse,4,39,
14970.38,refuse,1,38,
14971.528,refuse,6,40,
14976.351,refuse,2,37,
14981.678,refuse,5,36,
14981.746,refuse,0,35,
14982.322,refuse,4,39,
14985.38,refuse,1,38,
14986.528,refuse,6,40,
14991.351,refuse,2,37,
14996.678,refuse,5,36,
14996.746,refuse,0,35,
14997.322,refuse,4,39,
15000.38,refuse,1,38,
15001.528,refuse,6,40,
15006.351,refuse,2,37,
15011.678,refuse,5,36,
15011.746,refuse,0,35,
15012.322,refuse,4,39,
15015.38,refuse,1,38,
15016.528,refuse,6,40,
15021.351,refuse,2,37,
15026.678,refuse,5,36,
15026.746,refuse,0,35,
15026.746,abandon,0,35,
15026.746,start,0,41,
15027.322,refuse,4,39,
15030.38,refuse,1,38,
15031.528,refuse,6,40,
15036.351,refuse,2,37,
15039.703,conflict-at-land,0,41,
15041.678,refuse,5,36,
15041.678,abandon,5,36,
15041.678,start,5,42,
15042.322,refuse,4,39,
15045.38,refuse,1,38,
15046.528,refuse,6,40,
15047.319,conflict-at-land,5,42,
15051.351,refuse,2,37,
15051.351,abandon,2,37,
15051.351,start,2,43,
15054.703,start,0,41,
15057.322,refuse,4,39,
15058.516,land,2,43,
15058.516,refuse,2,44,
15060.38,refuse,1,38,
15061.528,refuse,6,40,
15062.319,start,5,42,
15065.567,conflict-at-land,0,41,
15069.682,conflict-at-land,5,42,
15072.322,refuse,4,39,
15073.516,refuse,2,44,
15075.38,refuse,1,38,
15076.528,refuse,6,40,
15080.567,start,0,41,
15084.682,start,5,42,
15087.322,refuse,4,39,
15088.516,refuse,2,44,
15090.38,refuse,1,38,
15090.691,conflict-at-land,5,42,
15091.528,refuse,6,40,
15095.634,conflict-at-land,0,41,
15102.322,refuse,4,39,
15103.516,refuse,2,44,
15105.38,refuse,1,38,
15105.691,start,5,42,
15106.528,refuse,6,40,
15110.634,start,0,41,
15112.375,conflict-at-land,5,42,
15117.322,refuse,4,39,
15118.516,refuse,2,44,
15120.38,refuse,1,38,
15121.528,refuse,6,40,
15125.865,conflict-at-land,0,41,
15127.375,start,5,42,
15132.322,refuse,4,39,
15133.516,refuse,2,44,
15134.249,conflict-at-land,5,42,
15135.38,refuse,1,38,
15136.528,refuse,6,40,
15140.865,start,0,41,
15147.322,refuse,4,39,
15148.516,refuse,2,44,
15149.249,start,5,42,
15150.38,refuse,1,38,
15151.528,refuse,6,40,
15154.672,conflict-at-land,0,41,
15156.578,conflict-at-land,5,42,
15162.322,refuse,4,39,
15163.516,refuse,2,44,
15165.38,refuse,1,38,
15166.528,refuse,6,40,
15169.672,start,0,41,
15171.578,start,5,42,
15177.322,refuse,4,39,
15178.491,conflict-at-land,5,42,
15178.516,refuse,2,44,
15180.38,refuse,1,38,
15181.528,refuse,6,40,
15184.808,conflict-at-land,0,41,
15192.322,refuse,4,39,
15193.491,start,5,42,
15193.516,refuse,2,44,
15195.38,refuse,1,38,
15196.528,refuse,6,40,
15199.808,start,0,41,
15201.215,conflict-at-land,5,42,
15207.322,refuse,4,39,
15208.516,refuse,2,44,
15210.308,conflict-at-land,0,41,
15210.38,refuse,1,38,
15211.528,refuse,6,40,
15216.215,start,5,42,
15222.322,refuse,4,39,
15222.656,conflict-at-land,5,42,
15223.516,refuse,2,44,
15225.308,start,0,41,
15225.38,refuse,1,38,
15226.528,refuse,6,40,
15237.322,refuse,4,39,
15237.656,start,5,42,
15238.516,refuse,2,44,
15238.537,conflict-at-land,0,41,
15240.38,refuse,1,38,
15241.528,refuse,6,40,
15243.179,conflict-at-land,5,42,
15252.322,refuse,4,39,
15253.516,refuse,2,44,
15253.537,start,0,41,
15255.38,refuse,1,38,
15256.528,refuse,6,40,
15258.179,start,5,42,
15263.008,conflict-at-land,5,42,
15264.782,conflict-at-land,0,41,
15267.322,refuse,4,39,
15268.516,refuse,2,44,
15270.38,refuse,1,38,
15271.528,refuse,6,40,
15278.008,start,5,42,
15279.782,start,0,41,
15282.322,refuse,4,39,
15283.516,refuse,2,44,
15285.38,refuse,1,38,
15285.656,conflict-at-land,5,42,
15286.528,refuse,6,40,
15290.731,conflict-at-land,0,41,
15297.322,refuse,4,39,
15298.516,refuse,2,44,
15300.38,refuse,1,38,
15300.656,start,5,42,
15301.528,refuse,6,40,
15305.731,start,0,41,
15306.572,conflict-at-land,5,42,
15312.322,refuse,4,39,
15313.516,refuse,2,44,
15315.38,refuse,1,38,
15316.528,refuse,6,40,
15320.565,conflict-at-land,0,41,
15321.572,start,5,42,
15326.443,conflict-at-land,5,42,
15327.322,refuse,4,39,
15328.516,refuse,2,44,
15330.38,refuse,1,38,
15331.528,refuse,6,40,
15335.565,start,0,41,
15341.443,start,5,42,
15342.322,refuse,4,39,
15343.516,refuse,2,44,
15345.38,refuse,1,38,
15346.101,conflict-at-land,5,42,
15346.528,refuse,6,40,
15350.881,conflict-at-land,0,41,
15357.322,refuse,4,39,
15358.516,refuse,2,44,
15360.38,refuse,1,38,
15361.101,start,5,42,
15361.528,refuse,6,40,
15365.402,conflict-at-land,5,42,
15365.881,start,0,41,
15372.322,refuse,4,39,
15373.516,refuse,2,44,
15375.38,refuse,1,38,
15376.528,refuse,6,40,
15376.807,conflict-at-land,0,41,
15380.402,start,5,42,
15385.895,conflict-at-land,5,42,
15387.322,refuse,4,39,
15388.516,refuse,2,44,
15390.38,refuse,1,38,
15391.528,refuse,6,40,
15391.807,start,0,41,
15400.895,start,5,42,
15402.322,refuse,4,39,
15403.516,refuse,2,44,
15405.38,refuse,1,38,
15406.528,refuse,6,40,
15406.814,conflict-at-land,0,41,
15408.274,conflict-at-land,5,42,
15417.322,refuse,4,39,
15418.516,refuse,2,44,
15420.38,refuse,1,38,
15421.528,refuse,6,40,
15421.814,start,0,41,
15423.274,start,5,42,
15429.045,conflict-at-land,5,42,
15432.322,refuse,4,39,
15433.516,refuse,2,44,
15435.38,refuse,1,38,
15435.697,conflict-at-land,0,41,
15436.528,refuse,6,40,
15444.045,start,5,42,
15447.322,refuse,4,39,
15448.516,refuse,2,44,
15450.199,conflict-at-land,5,42,
15450.38,refuse,1,38,
15450.697,start,0,41,
15451.528,refuse,6,40,
15460.802,conflict-at-land,0,41,
15462.322,refuse,4,39,
15463.516,refuse,2,44,
15465.199,start,5,42,
15465.38,refuse,1,38,
15466.528,refuse,6,40,
15472.4,conflict-at-land,5,42,
15475.802,start,0,41,
15477.322,refuse,4,39,
15478.516,refuse,2,44,
15480.38,refuse,1,38,
15481.528,refuse,6,40,
15487.009,conflict-at-land,0,41,
15487.4,start,5,42,
15492.322,refuse,4,39,
15492.624,conflict-at-land,5,42,
15493.516,refuse,2,44,
15495.38,refuse,1,38,
15496.528,refuse,6,40,
15502.009,start,0,41,
15507.322,refuse,4,39,
15507.624,start,5,42,
15508.516,refuse,2,44,
15510.38,refuse,1,38,
15511.528,refuse,6,40,
15512.366,conflict-at-land,5,42,
15515.002,conflict-at-land,0,41,
15522.322,refuse,4,39,
15523.516,refuse,2,44,
15525.38,refuse,1,38,
15526.528,refuse,6,40,
15527.366,start,5,42,
15530.002,start,0,41,
15532.705,conflict-at-land,5,42,
15537.322,refuse,4,39,
15538.516,refuse,2,44,
15540.38,refuse,1,38,
15541.528,refuse,6,40,
15545.07,conflict-at-land,0,41,
15547.705,start,5,42,
15552.247,conflict-at-land,5,42,
15552.322,refuse,4,39,
15553.516,refuse,2,44,
15555.38,refuse,1,38,
15556.528,refuse,6,40,
15560.07,start,0,41,
15567.247,start,5,42,
15567.322,refuse,4,39,
15568.516,refuse,2,44,
15569.494,conflict-at-land,0,41,
15570.38,refuse,1,38,
15571.528,refuse,6,40,
15572.183,conflict-at-land,5,42,
15582.322,refuse,4,39,
15583.516,refuse,2,44,
15584.494,start,0,41,
15585.38,refuse,1,38,
15586.528,refuse,6,40,
15587.183,start,5,42,
15592.897,conflict-at-land,5,42,
15594.701,conflict-at-land,0,41,
15597.322,refuse,4,39,
15598.516,refuse,2,44,
15600.38,refuse,1,38,
15601.528,refuse,6,40,
15607.897,start,5,42,
15609.701,start,0,41,
15612.322,refuse,4,39,
15612.997,conflict-at-land,5,42,
15613.516,refuse,2,44,
15615.38,refuse,1,38,
15616.528,refuse,6,40,
15620.568,conflict-at-land,0,41,
15627.322,refuse,4,39,
15627.997,start,5,42,
15628.516,refuse,2,44,
15630.38,refuse,1,38,
15631.528,refuse,6,40,
15633.084,conflict-at-land,5,42,
15635.568,start,0,41,
15642.322,refuse,4,39,
15643.516,refuse,2,44,
15645.38,refuse,1,38,
15645.697,conflict-at-land,0,41,
15646.528,refuse,6,40,
15648.084,start,5,42,
15654.483,conflict-at-land,5,42,
15657.322,refuse,4,39,
15658.516,refuse,2,44,
15660.38,refuse,1,38,
15660.697,start,0,41,
15661.528,refuse,6,40,
15669.483,start,5,42,
15671.519,conflict-at-land,0,41,
15672.322,refuse,4,39,
15673.516,refuse,2,44,
15675.025,conflict-at-land,5,42,
15675.38,refuse,1,38,
15676.528,refuse,6,40,
15686.519,start,0,41,
15687.322,refuse,4,39,
15688.516,refuse,2,44,
15690.025,start,5,42,
15690.38,refuse,1,38,
15691.528,refuse,6,40,
15694.447,conflict-at-land,5,42,
15700.448,conflict-at-land,0,41,
15702.322,refuse,4,39,
15703.516,refuse,2,44,
15705.38,refuse,1,38,
15706.528,refuse,6,40,
15709.447,start,5,42,
15714.165,conflict-at-land,5,42,
15715.448,start,0,41,
15717.322,refuse,4,39,
15718.516,refuse,2,44,
15720.38,refuse,1,38,
15721.528,refuse,6,40,
15729.165,start,5,42,
15729.974,conflict-at-land,0,41,
15732.322,refuse,4,39,
15733.516,refuse,2,44,
15734.913,conflict-at-land,5,42,
15735.38,refuse,1,38,
15736.528,refuse,6,40,
15744.974,start,0,41,
15747.322,refuse,4,39,
15748.516,refuse,2,44,
15749.913,start,5,42,
15750.38,refuse,1,38,
15751.528,refuse,6,40,
15754.591,conflict-at-land,5,42,
15758.981,conflict-at-land,0,41,
15762.322,refuse,4,39,
15763.516,refuse,2,44,
15765.38,refuse,1,38,
15766.528,refuse,6,40,
15769.591,start,5,42,
15773.981,start,0,41,
15775.673,conflict-at-land,5,42,
15777.322,refuse,4,39,
15778.516,refuse,2,44,
15780.38,refuse,1,38,
15781.528,refuse,6,40,
15788.468,conflict-at-land,0,41,
15790.673,start,5,42,
15792.322,refuse,4,39,
15793.516,refuse,2,44,
15795.38,refuse,1,38,
15796.09,conflict-at-land,5,42,
15796.528,refuse,6,40,
15803.468,start,0,41,
15807.322,refuse,4,39,
15808.516,refuse,2,44,
15810.38,refuse,1,38,
15811.09,start,5,42,
15811.528,refuse,6,40,
15817.399,conflict-at-land,0,41,
15817.488,conflict-at-land,5,42,
15822.322,refuse,4,39,
15823.516,refuse,2,44,
15825.38,refuse,1,38,
15826.528,refuse,6,40,
15832.399,start,0,41,
15832.488,start,5,42,
15837.322,refuse,4,39,
15838.516,refuse,2,44,
15840.278,conflict-at-land,5,42,
15840.38,refuse,1,38,
15841.528,refuse,6,40,
15843.64,conflict-at-land,0,41,
15852.322,refuse,4,39,
15853.516,refuse,2,44,
15855.278,start,5,42,
15855.38,refuse,1,38,
15856.528,refuse,6,40,
15858.64,start,0,41,
15860.89,conflict-at-land,5,42,
15867.322,refuse,4,39,
15868.516,refuse,2,44,
15870.38,refuse,1,38,
15870.451,conflict-at-land,0,41,
15871.528,refuse,6,40,
15875.89,start,5,42,
15882.321,conflict-at-land,5,42,
15882.322,refuse,4,39,
15883.516,refuse,2,44,
15885.38,refuse,1,38,
15885.451,start,0,41,
15886.528,refuse,6,40,
15896.132,conflict-at-land,0,41,
15897.321,start,5,42,
15897.322,refuse,4,39,
15898.516,refuse,2,44,
15900.38,refuse,1,38,
15901.528,refuse,6,40,
15904.536,conflict-at-land,5,42,
15911.132,start,0,41,
15912.322,refuse,4,39,
15913.516,refuse,2,44,
15915.38,refuse,1,38,
15916.528,refuse,6,40,
15919.536,start,5,42,
15923.834,conflict-at-land,0,41,
15925.853,conflict-at-land,5,42,
15927.322,refuse,4,39,
15928.516,refuse,2,44,
15930.38,refuse,1,38,
15931.528,refuse,6,40,
15938.834,start,0,41,
15940.853,start,5,42,
15942.322,refuse,4,39,
15943.516,refuse,2,44,
15945.38,refuse,1,38,
15946.528,refuse,6,40,
15948.599,conflict-at-land,5,42,
15951.112,conflict-at-land,0,41,
15957.322,refuse,4,39,
15958.516,refuse,2,44,
15960.38,refuse,1,38,
15961.528,refuse,6,40,
15963.599,start,5,42,
15966.112,start,0,41,
15971.359,conflict-at-land,5,42,
15972.322,refuse,4,39,
15973.516,refuse,2,44,
15975.38,refuse,1,38,
15976.528,refuse,6,40,
15980.566,conflict-at-land,0,41,
15986.359,start,5,42,
15987.322,refuse,4,39,
15988.516,refuse,2,44,
15990.38,refuse,1,38,
15991.528,refuse,6,40,
15992.195,conflict-at-land,5,42,
15995.566,start,0,41,
16002.322,refuse,4,39,
16003.516,refuse,2,44,
16005.38,refuse,1,38,
16006.528,refuse,6,40,
16006.931,conflict-at-land,0,41,
16007.195,start,5,42,
16013.284,conflict-at-land,5,42,
16017.322,refuse,4,39,
16018.516,refuse,2,44,
16020.38,refuse,1,38,
16021.528,refuse,6,40,
16021.931,start,0,41,
16028.284,start,5,42,
16030.663,conflict-at-land,0,41,
16032.322,refuse,4,39,
16032.874,conflict-at-land,5,42,
16033.516,refuse,2,44,
16035.38,refuse,1,38,
16036.528,refuse,6,40,
16045.663,start,0,41,
16047.322,refuse,4,39,
16047.874,start,5,42,
16048.516,refuse,2,44,
16050.38,refuse,1,38,
16051.528,refuse,6,40,
16052.536,conflict-at-land,5,42,
16061.229,conflict-at-land,0,41,
16062.322,refuse,4,39,
16063.516,refuse,2,44,
16065.38,refuse,1,38,
16066.528,refuse,6,40,
16067.536,start,5,42,
16075.11,conflict-at-land,5,42,
16076.229,start,0,41,
16077.322,refuse,4,39,
16078.516,refuse,2,44,
16080.38,refuse,1,38,
16081.528,refuse,6,40,
16089.523,conflict-at-land,0,41,
16090.11,start,5,42,
16092.322,refuse,4,39,
16093.516,refuse,2,44,
16095.38,refuse,1,38,
16096.528,refuse,6,40,
16097.605,conflict-at-land,5,42,
16104.523,start,0,41,
16107.322,refuse,4,39,
16108.516,refuse,2,44,
16110.38,refuse,1,38,
16111.528,refuse,6,40,
16112.605,start,5,42,
16113.48,conflict-at-land,0,41,
16117.906,conflict-at-land,5,42,
16122.322,refuse,4,39,
16123.516,refuse,2,44,
16125.38,refuse,1,38,
16126.528,refuse,6,40,
16128.48,start,0,41,
16132.906,start,5,42,
16137.137,conflict-at-land,5,42,
16137.322,refuse,4,39,
16138.516,refuse,2,44,
16140.38,refuse,1,38,
16141.528,refuse,6,40,
16142.625,conflict-at-land,0,41,
16152.137,start,5,42,
16152.322,refuse,4,39,
16153.516,refuse,2,44,
16155.38,refuse,1,38,
16155.38,abandon,1,38,
16155.38,refuse,1,45,
16156.528,refuse,6,40,
16156.719,conflict-at-land,5,42,
16157.625,start,0,41,
16167.322,refuse,4,39,
16168.516,refuse,2,44,
16168.549,conflict-at-land,0,41,
16170.38,refuse,1,45,
16171.528,refuse,6,40,
16171.719,start,5,42,
16176.542,conflict-at-land,5,42,
16182.322,refuse,4,39,
16183.516,refuse,2,44,
16183.549,start,0,41,
16185.38,refuse,1,45,
16186.528,refuse,6,40,
16191.542,start,5,42,
16193.007,conflict-at-land,0,41,
16197.322,refuse,4,39,
16198.153,conflict-at-land,5,42,
16198.516,refuse,2,44,
16200.38,refuse,1,45,
16201.528,refuse,6,40,
16208.007,start,0,41,
16212.322,refuse,4,39,
16213.153,start,5,42,
16213.516,refuse,2,44,
16215.38,refuse,1,45,
16216.528,refuse,6,40,
16217.069,conflict-at-land,0,41,
16220.851,conflict-at-land,5,42,
16227.322,refuse,4,39,
16228.516,refuse,2,44,
16230.38,refuse,1,45,
16231.528,refuse,6,40,
16232.069,start,0,41,
16235.851,start,5,42,
16240.23,conflict-at-land,5,42,
16242.322,refuse,4,39,
16243.516,refuse,2,44,
16245.144,conflict-at-land,0,41,
16245.38,refuse,1,45,
16246.528,refuse,6,40,
16255.23,start,5,42,
16257.322,refuse,4,39,
16258.516,refuse,2,44,
16260.144,start,0,41,
16260.38,refuse,1,45,
16261.528,refuse,6,40,
16262.665,conflict-at-land,5,42,
16270.283,conflict-at-land,0,41,
16272.322,refuse,4,39,
16273.516,refuse,2,44,
16275.38,refuse,1,45,
16276.528,refuse,6,40,
16277.665,start,5,42,
16283.598,conflict-at-land,5,42,
16285.283,start,0,41,
16287.322,refuse,4,39,
16287.322,abandon,4,39,
16287.322,refuse,4,46,
16288.516,refuse,2,44,
16290.38,refuse,1,45,
16291.528,refuse,6,40,
16297.706,conflict-at-land,0,41,
16298.598,start,5,42,
16302.322,refuse,4,46,
16303.298,conflict-at-land,5,42,
16303.516,refuse,2,44,
16305.38,refuse,1,45,
16306.528,refuse,6,40,
16312.706,start,0,41,
16317.322,refuse,4,46,
16318.298,start,5,42,
16318.516,refuse,2,44,
16320.38,refuse,1,45,
16321.528,refuse,6,40,
16322.715,conflict-at-land,5,42,
16324.722,conflict-at-land,0,41,
16332.322,refuse,4,46,
16333.516,refuse,2,44,
16335.38,refuse,1,45,
16336.528,refuse,6,40,
16337.715,start,5,42,
16339.722,start,0,41,
16342.633,conflict-at-land,5,42,
16347.322,refuse,4,46,
16348.516,refuse,2,44,
16350.38,refuse,1,45,
16351.528,refuse,6,40,
16354.736,conflict-at-land,0,41,
16357.633,start,5,42,
16362.322,refuse,4,46,
16363.516,refuse,2,44,
16364.793,conflict-at-land,5,42,
16365.38,refuse,1,45,
16366.528,refuse,6,40,
16369.736,start,0,41,
16377.322,refuse,4,46,
16378.516,refuse,2,44,
16379.793,start,5,42,
16380.38,refuse,1,45,
16381.528,refuse,6,40,
16381.9,conflict-at-land,0,41,
16386.447,conflict-at-land,5,42,
16392.322,refuse,4,46,
16393.516,refuse,2,44,
16395.38,refuse,1,45,
16396.528,refuse,6,40,
16396.9,start,0,41,
16401.447,start,5,42,
16406.151,conflict-at-land,5,42,
16407.322,refuse,4,46,
16408.516,refuse,2,44,
16410.38,refuse,1,45,
16411.528,refuse,6,40,
16411.604,conflict-at-land,0,41,
16421.151,start,5,42,
16422.322,refuse,4,46,
16423.516,refuse,2,44,
16425.38,refuse,1,45,
16426.528,refuse,6,40,
16426.604,start,0,41,
16427.123,conflict-at-land,5,42,
16435.953,conflict-at-land,0,41,
16437.322,refuse,4,46,
16438.516,refuse,2,44,
16440.38,refuse,1,45,
16441.528,refuse,6,40,
16442.123,start,5,42,
16446.742,conflict-at-land,5,42,
16450.953,start,0,41,
16452.322,refuse,4,46,
16453.516,refuse,2,44,
16455.38,refuse,1,45,
16456.528,refuse,6,40,
16460.132,conflict-at-land,0,41,
16461.742,start,5,42,
16466.705,conflict-at-land,5,42,
16467.322,refuse,4,46,
16468.516,refuse,2,44,
16470.38,refuse,1,45,
16471.528,refuse,6,40,
16475.132,start,0,41,
16481.705,start,5,42,
16482.322,refuse,4,46,
16483.516,refuse,2,44,
16483.915,conflict-at-land,0,41,
16485.38,refuse,1,45,
16486.528,refuse,6,40,
16486.679,conflict-at-land,5,42,
16497.322,refuse,4,46,
16498.516,refuse,2,44,
16498.915,start,0,41,
16500.38,refuse,1,45,
16501.528,refuse,6,40,
16501.679,start,5,42,
16508.121,conflict-at-land,5,42,
16510.044,conflict-at-land,0,41,
16512.322,refuse,4,46,
16513.516,refuse,2,44,
16515.38,refuse,1,45,
16516.528,refuse,6,40,
16523.121,start,5,42,
16525.044,start,0,41,
16527.322,refuse,4,46,
16528.516,refuse,2,44,
16530.38,refuse,1,45,
16530.412,conflict-at-land,5,42,
16531.528,refuse,6,40,
16539.955,conflict-at-land,0,41,
16542.322,refuse,4,46,
16543.516,refuse,2,44,
16545.38,refuse,1,45,
16545.412,start,5,42,
16546.528,refuse,6,40,
16552.195,conflict-at-land,5,42,
16554.955,start,0,41,
16557.322,refuse,4,46,
16558.516,refuse,2,44,
16560.38,refuse,1,45,
16561.528,refuse,6,40,
16567.006,conflict-at-land,0,41,
16567.195,start,5,42,
16572.322,refuse,4,46,
16573.516,refuse,2,44,
16574.697,conflict-at-land,5,42,
16575.38,refuse,1,45,
16576.528,refuse,6,40,
16582.006,start,0,41,
16587.322,refuse,4,46,
16588.516,refuse,2,44,
16589.697,start,5,42,
16590.38,refuse,1,45,
16591.528,refuse,6,40,
16591.579,conflict-at-land,0,41,
16594.276,conflict-at-land,5,42,
16602.322,refuse,4,46,
16603.516,refuse,2,44,
16605.38,refuse,1,45,
16606.528,refuse,6,40,
16606.579,start,0,41,
16609.276,start,5,42,
16615.734,conflict-at-land,5,42,
16617.322,refuse,4,46,
16618.516,refuse,2,44,
16620.38,refuse,1,45,
16620.867,conflict-at-land,0,41,
16621.528,refuse,6,40,
16630.734,start,5,42,
16632.322,refuse,4,46,
16633.516,refuse,2,44,
16635.38,refuse,1,45,
16635.691,conflict-at-land,5,42,
16635.867,start,0,41,
16636.528,refuse,6,40,
16646.984,conflict-at-land,0,41,
16647.322,refuse,4,46,
16648.516,refuse,2,44,
16650.38,refuse,1,45,
16650.691,start,5,42,
16651.528,refuse,6,40,
16651.528,abandon,6,40,
16651.528,start,6,47,
16655.962,conflict-at-land,5,42,
16661.984,start,0,41,
16662.322,refuse,4,46,
16663.516,refuse,2,44,
16665.38,refuse,1,45,
16670.962,start,5,42,
16673.464,conflict-at-land,0,41,
16676.595,conflict-at-land,5,42,
16677.322,refuse,4,46,
16678.516,refuse,2,44,
16680.38,refuse,1,45,
16688.464,start,0,41,
16691.595,start,5,42,
16691.785,conflict-at-land,6,47,
16692.322,refuse,4,46,
16693.516,refuse,2,44,
16695.38,refuse,1,45,
16698.716,conflict-at-land,5,42,
16702.607,conflict-at-land,0,41,
16706.785,start,6,47,
16707.322,refuse,4,46,
16708.516,refuse,2,44,
16710.38,refuse,1,45,
16713.716,start,5,42,
16717.607,start,0,41,
16719.618,conflict-at-land,5,42,
16722.322,refuse,4,46,
16723.516,refuse,2,44,
16725.38,refuse,1,45,
16728.055,conflict-at-land,0,41,
16734.618,start,5,42,
16737.322,refuse,4,46,
16738.516,refuse,2,44,
16740.38,refuse,1,45,
16741.574,conflict-at-land,5,42,
16743.055,start,0,41,
16750.359,conflict-at-land,6,47,
16752.322,refuse,4,46,
16753.516,refuse,2,44,
16755.38,refuse,1,45,
16756.574,start,5,42,
16758.561,conflict-at-land,0,41,
16761.598,conflict-at-land,5,42,
16765.359,start,6,47,
16767.322,refuse,4,46,
16768.516,refuse,2,44,
16770.38,refuse,1,45,
16773.561,start,0,41,
16776.598,start,5,42,
16782.322,refuse,4,46,
16783.168,conflict-at-land,5,42,
16783.516,refuse,2,44,
16785.38,refuse,1,45,
16786.994,conflict-at-land,0,41,
16797.322,refuse,4,46,
16798.168,start,5,42,
16798.516,refuse,2,44,
16800.38,refuse,1,45,
16801.994,start,0,41,
16802.478,conflict-at-land,5,42,
16812.322,refuse,4,46,
16812.477,conflict-at-land,6,47,
16813.516,refuse,2,44,
16814.367,conflict-at-land,0,41,
16815.38,refuse,1,45,
16817.478,start,5,42,
16822.405,conflict-at-land,5,42,
16827.322,refuse,4,46,
16827.477,start,6,47,
16828.516,refuse,2,44,
16829.367,start,0,41,
16830.38,refuse,1,45,
16837.405,start,5,42,
16841.941,conflict-at-land,0,41,
16842.322,refuse,4,46,
16843.516,refuse,2,44,
16843.928,conflict-at-land,5,42,
16845.38,refuse,1,45,
16856.941,start,0,41,
16857.322,refuse,4,46,
16858.516,refuse,2,44,
16858.928,start,5,42,
16860.38,refuse,1,45,
16861.775,conflict-at-land,6,47,
16865.8,conflict-at-land,5,42,
16869.844,conflict-at-land,0,41,
16872.322,refuse,4,46,
16873.516,refuse,2,44,
16875.38,refuse,1,45,
16876.775,start,6,47,
16880.8,start,5,42,
16884.844,start,0,41,
16886.71,conflict-at-land,5,42,
16887.322,refuse,4,46,
16888.516,refuse,2,44,
16890.38,refuse,1,45,
16893.588,conflict-at-land,0,41,
16901.71,start,5,42,
16902.322,refuse,4,46,
16903.516,refuse,2,44,
16905.38,refuse,1,45,
16908.588,start,0,41,
16908.69,conflict-at-land,5,42,
16917.322,refuse,4,46,
16918.516,refuse,2,44,
16920.38,refuse,1,45,
16922.914,conflict-at-land,0,41,
16923.69,start,5,42,
16923.881,conflict-at-land,6,47,
16930.898,conflict-at-land,5,42,
16932.322,refuse,4,46,
16933.516,refuse,2,44,
16935.38,refuse,1,45,
16937.914,start,0,41,
16938.881,start,6,47,
16945.898,start,5,42,
16947.322,refuse,4,46,
16948.516,refuse,2,44,
16950.38,refuse,1,45,
16950.621,conflict-at-land,0,41,
16950.803,conflict-at-land,5,42,
16962.322,refuse,4,46,
16963.516,refuse,2,44,
16965.38,refuse,1,45,
16965.621,start,0,41,
16965.803,start,5,42,
16969.243,conflict-at-land,6,47,
16972.292,conflict-at-land,5,42,
16974.801,conflict-at-land,0,41,
16977.322,refuse,4,46,
16978.516,refuse,2,44,
16980.38,refuse,1,45,
16984.243,start,6,47,
16987.292,start,5,42,
16989.801,start,0,41,
16992.164,conflict-at-land,5,42,
16992.322,refuse,4,46,
16993.516,refuse,2,44,
16995.38,refuse,1,45,
16998.092,conflict-at-land,3,3,
17005.083,conflict-at-land,0,41,
17007.164,start,5,42,
17007.322,refuse,4,46,
17008.516,refuse,2,44,
17010.38,refuse,1,45,
17013.092,start,3,3,
17014.884,conflict-at-land,5,42,
17020.083,start,0,41,
17022.322,refuse,4,46,
17023.516,refuse,2,44,
17025.38,refuse,1,45,
17027.359,conflict-at-land,6,47,
17029.884,start,5,42,
17031.823,conflict-at-land,0,41,
17035.135,conflict-at-land,5,42,
17037.322,refuse,4,46,
17038.516,refuse,2,44,
17040.38,refuse,1,45,
17042.359,start,6,47,
17046.823,start,0,41,
17050.135,start,5,42,
17052.322,refuse,4,46,
17053.516,refuse,2,44,
17055.38,refuse,1,45,
17056.858,conflict-at-land,5,42,
17061.156,conflict-at-land,0,41,
17067.322,refuse,4,46,
17068.516,refuse,2,44,
17070.38,refuse,1,45,
17071.858,start,5,42,
17076.156,start,0,41,
17077.022,conflict-at-land,6,47,
17077.056,conflict-at-land,5,42,
17082.322,refuse,4,46,
17083.516,refuse,2,44,
17085.38,refuse,1,45,
17091.054,conflict-at-land,0,41,
17092.022,start,6,47,
17092.056,start,5,42,
17097.322,refuse,4,46,
17097.742,conflict-at-land,5,42,
17098.516,refuse,2,44,
17100.38,refuse,1,45,
17106.054,start,0,41,
17112.322,refuse,4,46,
17112.742,start,5,42,
17113.516,refuse,2,44,
17115.38,refuse,1,45,
17117.445,conflict-at-land,0,41,
17119.536,conflict-at-land,5,42,
17127.322,refuse,4,46,
17128.516,refuse,2,44,
17130.38,refuse,1,45,
17132.445,start,0,41,
17134.536,start,5,42,
17135.76,conflict-at-land,6,47,
17141.109,conflict-at-land,5,42,
17142.322,refuse,4,46,
17143.516,refuse,2,44,
17144.124,conflict-at-land,0,41,
17145.38,refuse,1,45,
17150.76,start,6,47,
17156.109,start,5,42,
17157.322,refuse,4,46,
17158.516,refuse,2,44,
17159.124,start,0,41,
17160.38,refuse,1,45,
17162.837,conflict-at-land,5,42,
17169.484,conflict-at-land,0,41,
17172.322,refuse,4,46,
17173.516,refuse,2,44,
17175.38,refuse,1,45,
17177.837,start,5,42,
17183.235,conflict-at-land,6,47,
17184.484,start,0,41,
17185.315,conflict-at-land,5,42,
17187.322,refuse,4,46,
17188.516,refuse,2,44,
17190.38,refuse,1,45,
17194.428,conflict-at-land,0,41,
17198.235,start,6,47,
17200.315,start,5,42,
17202.322,refuse,4,46,
17203.516,refuse,2,44,
17205.38,refuse,1,45,
17206.452,conflict-at-land,5,42,
17209.428,start,0,41,
17217.322,refuse,4,46,
17218.516,refuse,2,44,
17220.38,refuse,1,45,
17220.653,conflict-at-land,0,41,
17221.452,start,5,42,
17227.544,conflict-at-land,5,42,
17232.322,refuse,4,46,
17233.516,refuse,2,44,
17235.38,refuse,1,45,
17235.653,start,0,41,
17236.032,conflict-at-land,6,47,
17242.544,start,5,42,
17247.322,refuse,4,46,
17247.468,conflict-at-land,5,42,
17248.516,refuse,2,44,
17250.38,refuse,1,45,
17250.704,conflict-at-land,0,41,
17251.032,start,6,47,
17262.322,refuse,4,46,
17262.468,start,5,42,
17263.516,refuse,2,44,
17265.38,refuse,1,45,
17265.704,start,0,41,
17269.164,conflict-at-land,5,42,
17277.322,refuse,4,46,
17278.516,refuse,2,44,
17279.765,conflict-at-land,0,41,
17280.38,refuse,1,45,
17284.164,start,5,42,
17289.975,conflict-at-land,5,42,
17292.322,refuse,4,46,
17293.516,refuse,2,44,
17294.765,start,0,41,
17295.38,refuse,1,45,
17299.891,conflict-at-land,6,47,
17304.975,start,5,42,
17306.438,conflict-at-land,0,41,
17307.322,refuse,4,46,
17308.516,refuse,2,44,
17310.38,refuse,1,45,
17310.42,conflict-at-land,5,42,
17314.891,start,6,47,
17321.438,start,0,41,
17322.322,refuse,4,46,
17323.516,refuse,2,44,
17325.38,refuse,1,45,
17325.42,start,5,42,
17330.307,conflict-at-land,5,42,
17331.671,conflict-at-land,0,41,
17337.322,refuse,4,46,
17338.516,refuse,2,44,
17340.38,refuse,1,45,
17345.307,start,5,42,
17346.671,start,0,41,
17351.221,conflict-at-land,5,42,
17352.322,refuse,4,46,
17353.516,refuse,2,44,
17355.38,refuse,1,45,
17356.217,conflict-at-land,6,47,
17356.454,conflict-at-land,0,41,
17366.221,start,5,42,
17367.322,refuse,4,46,
17368.516,refuse,2,44,
17370.38,refuse,1,45,
17371.217,start,6,47,
17371.454,start,0,41,
17372.111,conflict-at-land,5,42,
17382.082,conflict-at-land,0,41,
17382.322,refuse,4,46,
17383.516,refuse,2,44,
17385.38,refuse,1,45,
17387.111,start,5,42,
17391.925,conflict-at-land,5,42,
17397.082,start,0,41,
17397.322,refuse,4,46,
17398.516,refuse,2,44,
17400.38,refuse,1,45,
17406.925,start,5,42,
17409.839,conflict-at-land,0,41,
17412.322,refuse,4,46,
17413.516,refuse,2,44,
17414.221,conflict-at-land,5,42,
17415.064,conflict-at-land,6,47,
17415.38,refuse,1,45,
17424.839,start,0,41,
17427.322,refuse,4,46,
17428.516,refuse,2,44,
17429.221,start,5,42,
17430.064,start,6,47,
17430.38,refuse,1,45,
17434.839,conflict-at-land,0,41,
17435.638,conflict-at-land,5,42,
17442.322,refuse,4,46,
17443.516,refuse,2,44,
17445.38,refuse,1,45,
17449.839,start,0,41,
17450.638,start,5,42,
17457.293,conflict-at-land,5,42,
17457.322,refuse,4,46,
17458.516,refuse,2,44,
17460.38,refuse,1,45,
17464.61,conflict-at-land,0,41,
17472.293,start,5,42,
17472.322,refuse,4,46,
17473.516,refuse,2,44,
17475.38,refuse,1,45,
17476.063,conflict-at-land,6,47,
17477.602,conflict-at-land,5,42,
17479.61,start,0,41,
17487.322,refuse,4,46,
17488.516,refuse,2,44,
17489.502,conflict-at-land,0,41,
17490.38,refuse,1,45,
17491.063,start,6,47,
17492.602,start,5,42,
17497.879,conflict-at-land,5,42,
17502.322,refuse,4,46,
17503.516,refuse,2,44,
17504.502,start,0,41,
17505.38,refuse,1,45,
17512.879,start,5,42,
17512.993,conflict-at-land,0,41,
17517.322,refuse,4,46,
17518.516,refuse,2,44,
17520.212,conflict-at-land,5,42,
17520.38,refuse,1,45,
17527.993,start,0,41,
17532.322,refuse,4,46,
17533.516,refuse,2,44,
17535.212,start,5,42,
17535.38,refuse,1,45,
17537.818,conflict-at-land,0,41,
17540.539,conflict-at-land,5,42,
17541.552,conflict-at-land,6,47,
17547.322,refuse,4,46,
17548.516,refuse,2,44,
17550.38,refuse,1,45,
17552.818,start,0,41,
17555.539,start,5,42,
17556.552,start,6,47,
17560.661,conflict-at-land,5,42,
17562.322,refuse,4,46,
17563.515,conflict-at-land,0,41,
17563.516,refuse,2,44,
17565.38,refuse,1,45,
17575.661,start,5,42,
17577.322,refuse,4,46,
17578.515,start,0,41,
17578.516,refuse,2,44,
17580.38,refuse,1,45,
17581.095,conflict-at-land,5,42,
17590.087,conflict-at-land,0,41,
17592.322,refuse,4,46,
17593.516,refuse,2,44,
17595.38,refuse,1,45,
17596.095,start,5,42,
17601.805,conflict-at-land,5,42,
17604.2,conflict-at-land,6,47,
17605.087,start,0,41,
17607.322,refuse,4,46,
17608.516,refuse,2,44,
17610.38,refuse,1,45,
17616.805,start,5,42,
17619.2,start,6,47,
17619.488,conflict-at-land,0,41,
17621.07,conflict-at-land,5,42,
17622.322,refuse,4,46,
17623.516,refuse,2,44,
17625.38,refuse,1,45,
17634.488,start,0,41,
17636.07,start,5,42,
17637.322,refuse,4,46,
17638.516,refuse,2,44,
17640.38,refuse,1,45,
17640.812,conflict-at-land,5,42,
17643.837,conflict-at-land,0,41,
17652.322,refuse,4,46,
17653.516,refuse,2,44,
17655.38,refuse,1,45,
17655.812,start,5,42,
17658.837,start,0,41,
17662.197,conflict-at-land,5,42,
17663.211,conflict-at-land,6,47,
17667.322,refuse,4,46,
17668.516,refuse,2,44,
17669.942,conflict-at-land,0,41,
17670.38,refuse,1,45,
17677.197,start,5,42,
17678.211,start,6,47,
17681.63,conflict-at-land,5,42,
17682.322,refuse,4,46,
17683.516,refuse,2,44,
17684.942,start,0,41,
17685.38,refuse,1,45,
17696.63,start,5,42,
17697.322,refuse,4,46,
17698.516,refuse,2,44,
17699.926,conflict-at-land,0,41,
17700.38,refuse,1,45,
17703.153,conflict-at-land,5,42,
17712.322,refuse,4,46,
17713.516,refuse,2,44,
17714.926,start,0,41,
17715.38,refuse,1,45,
17718.153,start,5,42,
17722.434,conflict-at-land,6,47,
17725.236,conflict-at-land,5,42,
17726.894,conflict-at-land,0,41,
17727.322,refuse,4,46,
17728.516,refuse,2,44,
17730.38,refuse,1,45,
17737.434,start,6,47,
17740.236,start,5,42,
17741.894,start,0,41,
17742.322,refuse,4,46,
17743.516,refuse,2,44,
17744.98,conflict-at-land,5,42,
17745.38,refuse,1,45,
17752.449,conflict-at-land,0,41,
17757.322,refuse,4,46,
17758.516,refuse,2,44,
17759.98,start,5,42,
17760.38,refuse,1,45,
17767.449,start,0,41,
17767.653,conflict-at-land,5,42,
17772.322,refuse,4,46,
17773.516,refuse,2,44,
17775.38,refuse,1,45,
17782.516,conflict-at-land,0,41,
17782.653,start,5,42,
17787.322,refuse,4,46,
17787.584,conflict-at-land,5,42,
17788.516,refuse,2,44,
17789.914,conflict-at-land,6,47,
17790.38,refuse,1,45,
17797.516,start,0,41,
17802.322,refuse,4,46,
17802.584,start,5,42,
17803.516,refuse,2,44,
17804.914,start,6,47,
17805.38,refuse,1,45,
17809.931,conflict-at-land,5,42,
17810.982,conflict-at-land,0,41,
17817.322,refuse,4,46,
17818.516,refuse,2,44,
17820.38,refuse,1,45,
17824.931,start,5,42,
17825.982,start,0,41,
17831.659,conflict-at-land,5,42,
17832.322,refuse,4,46,
17833.516,refuse,2,44,
17835.38,refuse,1,45,
17838.154,conflict-at-land,0,41,
17846.659,start,5,42,
17847.322,refuse,4,46,
17848.516,refuse,2,44,
17849.215,conflict-at-land,6,47,
17850.38,refuse,1,45,
17851.704,conflict-at-land,5,42,
17853.154,start,0,41,
17862.322,refuse,4,46,
17863.088,conflict-at-land,0,41,
17863.516,refuse,2,44,
17864.215,start,6,47,
17865.38,refuse,1,45,
17866.704,start,5,42,
17873.301,conflict-at-land,5,42,
17877.322,refuse,4,46,
17878.088,start,0,41,
17878.516,refuse,2,44,
17880.38,refuse,1,45,
17887.485,conflict-at-land,0,41,
17888.301,start,5,42,
17892.322,refuse,4,46,
17893.516,refuse,2,44,
17894.738,conflict-at-land,5,42,
17895.175,conflict-at-land,6,47,
17895.38,refuse,1,45,
17902.485,start,0,41,
17907.322,refuse,4,46,
17908.516,refuse,2,44,
17909.738,start,5,42,
17910.175,start,6,47,
17910.38,refuse,1,45,
17913.702,conflict-at-land,0,41,
17915.508,conflict-at-land,5,42,
17922.322,refuse,4,46,
17923.516,refuse,2,44,
17925.38,refuse,1,45,
17928.702,start,0,41,
17930.508,start,5,42,
17936.417,conflict-at-land,5,42,
17937.322,refuse,4,46,
17938.516,refuse,2,44,
17939.923,conflict-at-land,0,41,
17940.38,refuse,1,45,
17951.417,start,5,42,
17952.322,refuse,4,46,
17953.516,refuse,2,44,
17954.923,start,0,41,
17955.38,refuse,1,45,
17956.985,conflict-at-land,5,42,
17964.03,conflict-at-land,6,47,
17964.871,conflict-at-land,0,41,
17967.322,refuse,4,46,
17968.516,refuse,2,44,
17970.38,refuse,1,45,
17971.985,start,5,42,
17976.991,conflict-at-land,5,42,
17979.03,start,6,47,
17979.871,start,0,41,
17982.322,refuse,4,46,
17983.516,refuse,2,44,
17985.38,refuse,1,45,
17991.991,start,5,42,
17994.157,conflict-at-land,0,41,
17996.517,conflict-at-land,5,42,
17997.322,refuse,4,46,
17998.516,refuse,2,44,
18000.38,refuse,1,45,
18009.157,start,0,41,
18011.517,start,5,42,
18012.322,refuse,4,46,
18013.516,refuse,2,44,
18015.38,refuse,1,45,
18018.145,conflict-at-land,5,42,
18021.852,conflict-at-land,6,47,
18024.365,conflict-at-land,0,41,
18027.322,refuse,4,46,
18028.516,refuse,2,44,
18030.38,refuse,1,45,
18033.145,start,5,42,
18036.852,start,6,47,
18037.539,conflict-at-land,5,42,
18039.365,start,0,41,
18042.322,refuse,4,46,
18043.516,refuse,2,44,
18045.38,refuse,1,45,
18050.656,conflict-at-land,0,41,
18052.539,start,5,42,
18057.322,refuse,4,46,
18058.516,refuse,2,44,
18058.516,abandon,2,44,
18058.516,refuse,2,48,
18058.592,conflict-at-land,5,42,
18060.38,refuse,1,45,
18065.656,start,0,41,
18072.322,refuse,4,46,
18073.516,refuse,2,48,
18073.592,start,5,42,
18074.783,conflict-at-land,0,41,
18075.38,refuse,1,45,
18079.629,conflict-at-land,5,42,
18084.069,conflict-at-land,6,47,
18087.322,refuse,4,46,
18088.516,start,2,48,
18089.783,start,0,41,
18090.38,refuse,1,45,
18094.629,start,5,42,
18099.069,refuse,6,47,
18100.92,conflict-at-land,5,42,
18102.322,refuse,4,46,
18103.817,conflict-at-land,0,41,
18105.38,refuse,1,45,
18114.069,refuse,6,47,
18115.92,start,5,42,
18117.322,refuse,4,46,
18118.817,start,0,41,
18120.38,refuse,1,45,
18122.658,conflict-at-land,5,42,
18129.069,refuse,6,47,
18132.322,refuse,4,46,
18132.506,conflict-at-land,0,41,
18135.38,refuse,1,45,
18137.658,start,5,42,
18142.654,conflict-at-land,5,42,
18144.069,refuse,6,47,
18147.322,refuse,4,46,
18147.506,start,0,41,
18150.38,refuse,1,45,
18156.084,conflict-at-land,0,41,
18157.654,start,5,42,
18159.069,refuse,6,47,
18161.376,conflict-at-land,2,48,
18162.322,refuse,4,46,
18163.576,conflict-at-land,5,42,
18165.38,refuse,1,45,
18171.084,start,0,41,
18174.069,start,6,47,
18176.376,refuse,2,48,
18177.322,refuse,4,46,
18178.576,start,5,42,
18180.38,refuse,1,45,
18180.415,conflict-at-land,0,41,
18183.935,conflict-at-land,5,42,
18191.376,refuse,2,48,
18192.322,refuse,4,46,
18195.38,refuse,1,45,
18195.415,start,0,41,
18198.935,start,5,42,
18205.351,conflict-at-land,5,42,
18206.376,refuse,2,48,
18207.042,conflict-at-land,6,47,
18207.322,refuse,4,46,
18207.687,conflict-at-land,0,41,
18210.38,refuse,1,45,
18220.351,start,5,42,
18221.376,start,2,48,
18222.042,refuse,6,47,
18222.322,refuse,4,46,
18222.687,start,0,41,
18225.38,refuse,1,45,
18226.878,conflict-at-land,5,42,
18231.822,conflict-at-land,0,41,
18237.042,refuse,6,47,
18237.322,refuse,4,46,
18240.38,refuse,1,45,
18241.878,start,5,42,
18246.822,start,0,41,
18248.087,conflict-at-land,5,42,
18252.042,refuse,6,47,
18252.322,refuse,4,46,
18255.38,refuse,1,45,
18255.845,conflict-at-land,0,41,
18263.087,start,5,42,
18267.042,refuse,6,47,
18267.322,refuse,4,46,
18269.699,conflict-at-land,5,42,
18270.38,refuse,1,45,
18270.845,start,0,41,
18282.042,refuse,6,47,
18282.322,refuse,4,46,
18282.394,conflict-at-land,0,41,
18284.699,start,5,42,
18285.38,refuse,1,45,
18289.403,conflict-at-land,5,42,
18297.042,refuse,6,47,
18297.322,refuse,4,46,
18297.394,start,0,41,
18300.38,refuse,1,45,
18304.403,start,5,42,
18308.03,conflict-at-land,0,41,
18310.981,conflict-at-land,5,42,
18312.042,refuse,6,47,
18312.322,refuse,4,46,
18312.499,conflict-at-land,2,48,
18315.38,refuse,1,45,
18323.03,start,0,41,
18325.981,start,5,42,
18327.042,start,6,47,
18327.322,refuse,4,46,
18327.499,refuse,2,48,
18330.38,refuse,1,45,
18333.581,conflict-at-land,5,42,
18334.837,conflict-at-land,0,41,
18342.322,refuse,4,46,
18342.499,refuse,2,48,
18345.38,refuse,1,45,
18348.581,start,5,42,
18349.837,start,0,41,
18354.005,conflict-at-land,5,42,
18357.322,refuse,4,46,
18357.499,refuse,2,48,
18360.38,refuse,1,45,
18364.88,conflict-at-land,0,41,
18365.393,conflict-at-land,6,47,
18369.005,start,5,42,
18372.322,refuse,4,46,
18372.499,start,2,48,
18375.38,refuse,1,45,
18375.387,conflict-at-land,5,42,
18379.88,start,0,41,
18380.393,refuse,6,47,
18387.322,refuse,4,46,
18390.38,refuse,1,45,
18390.387,start,5,42,
18393.926,conflict-at-land,0,41,
18395.393,refuse,6,47,
18395.895,conflict-at-land,5,42,
18402.322,refuse,4,46,
18405.38,refuse,1,45,
18408.926,start,0,41,
18410.393,refuse,6,47,
18410.895,start,5,42,
18417.322,refuse,4,46,
18417.384,conflict-at-land,5,42,
18420.38,refuse,1,45,
18424.148,conflict-at-land,0,41,
18425.393,refuse,6,47,
18427.523,conflict-at-land,2,48,
18432.322,refuse,4,46,
18432.384,start,5,42,
18435.38,refuse,1,45,
18439.148,start,0,41,
18439.482,conflict-at-land,5,42,
18440.393,start,6,47,
18442.523,refuse,2,48,
18447.322,refuse,4,46,
18450.38,refuse,1,45,
18453.999,conflict-at-land,0,41,
18454.482,start,5,42,
18457.523,refuse,2,48,
18462.164,conflict-at-land,5,42,
18462.322,refuse,4,46,
18465.38,refuse,1,45,
18468.999,start,0,41,
18472.523,refuse,2,48,
18477.164,start,5,42,
18477.322,refuse,4,46,
18477.583,conflict-at-land,0,41,
18480.38,refuse,1,45,
18482.59,conflict-at-land,5,42,
18482.628,conflict-at-land,6,47,
18487.523,start,2,48,
18492.322,refuse,4,46,
18492.583,start,0,41,
18495.38,refuse,1,45,
18497.59,start,5,42,
18497.628,refuse,6,47,
18501.042,conflict-at-land,0,41,
18504.21,conflict-at-land,5,42,
18507.322,refuse,4,46,
18510.38,refuse,1,45,
18512.628,refuse,6,47,
18516.042,start,0,41,
18519.21,start,5,42,
18522.322,refuse,4,46,
18525.38,refuse,1,45,
18525.986,conflict-at-land,5,42,
18527.628,refuse,6,47,
18531.636,conflict-at-land,0,41,
18537.322,refuse,4,46,
18540.38,refuse,1,45,
18540.986,start,5,42,
18542.628,refuse,6,47,
18546.636,start,0,41,
18548.289,conflict-at-land,5,42,
18552.322,refuse,4,46,
18555.38,refuse,1,45,
18555.589,conflict-at-land,0,41,
18557.628,refuse,6,47,
18563.289,start,5,42,
18567.322,refuse,4,46,
18569.435,conflict-at-land,5,42,
18570.38,refuse,1,45,
18570.589,start,0,41,
18572.628,refuse,6,47,
18574.115,conflict-at-land,2,48,
18582.322,refuse,4,46,
18583.378,conflict-at-land,0,41,
18584.435,start,5,42,
18585.38,refuse,1,45,
18587.628,start,6,47,
18589.115,refuse,2,48,
18590.202,conflict-at-land,5,42,
18597.322,refuse,4,46,
18598.378,start,0,41,
18600.38,refuse,1,45,
18604.115,refuse,2,48,
18605.202,start,5,42,
18609.988,conflict-at-land,5,42,
18612.322,refuse,4,46,
18612.47,conflict-at-land,0,41,
18615.38,refuse,1,45,
18619.115,refuse,2,48,
18624.988,start,5,42,
18627.322,refuse,4,46,
18627.47,start,0,41,
18627.597,conflict-at-land,6,47,
18629.35,conflict-at-land,5,42,
18630.38,refuse,1,45,
18634.115,start,2,48,
18640.14,conflict-at-land,0,41,
18642.322,refuse,4,46,
18642.597,refuse,6,47,
18644.35,start,5,42,
18645.38,refuse,1,45,
18651.527,conflict-at-land,5,42,
18655.14,start,0,41,
18657.322,refuse,4,46,
18657.597,refuse,6,47,
18660.38,refuse,1,45,
18666.527,start,5,42,
18668.387,conflict-at-land,0,41,
18671.789,conflict-at-land,5,42,
18672.322,refuse,4,46,
18672.597,refuse,6,47,
18675.38,refuse,1,45,
18683.387,start,0,41,
18686.789,start,5,42,
18687.322,refuse,4,46,
18687.597,refuse,6,47,
18690.38,refuse,1,45,
18691.133,conflict-at-land,5,42,
18698.299,conflict-at-land,0,41,
18702.322,refuse,4,46,
18702.597,refuse,6,47,
18705.38,refuse,1,45,
18706.133,start,5,42,
18711.221,conflict-at-land,5,42,
18713.299,start,0,41,
18717.322,refuse,4,46,
18717.597,refuse,6,47,
18720.38,refuse,1,45,
18726.221,start,5,42,
18726.267,conflict-at-land,2,48,
18727.373,conflict-at-land,0,41,
18732.322,refuse,4,46,
18732.597,start,6,47,
18733.642,conflict-at-land,5,42,
18735.38,refuse,1,45,
18741.267,refuse,2,48,
18742.373,start,0,41,
18747.322,refuse,4,46,
18748.642,start,5,42,
18750.38,refuse,1,45,
18753.241,conflict-at-land,5,42,
18756.267,refuse,2,48,
18757.319,conflict-at-land,0,41,
18762.322,refuse,4,46,
18765.38,refuse,1,45,
18768.241,start,5,42,
18771.267,refuse,2,48,
18772.149,conflict-at-land,6,47,
18772.319,start,0,41,
18774.59,conflict-at-land,5,42,
18777.322,refuse,4,46,
18780.38,refuse,1,45,
18781.205,conflict-at-land,0,41,
18786.267,start,2,48,
18787.149,refuse,6,47,
18789.59,start,5,42,
18792.322,refuse,4,46,
18794.474,conflict-at-land,5,42,
18795.38,refuse,1,45,
18796.205,start,0,41,
18802.149,refuse,6,47,
18804.651,conflict-at-land,0,41,
18807.322,refuse,4,46,
18809.474,start,5,42,
18810.38,refuse,1,45,
18815.133,conflict-at-land,5,42,
18817.149,refuse,6,47,
18819.651,start,0,41,
18822.322,refuse,4,46,
18825.38,refuse,1,45,
18830.133,start,5,42,
18831.652,conflict-at-land,0,41,
18832.149,refuse,6,47,
18835.345,conflict-at-land,5,42,
18837.322,refuse,4,46,
18840.38,refuse,1,45,
18846.652,start,0,41,
18846.748,conflict-at-land,2,48,
18847.149,start,6,47,
18850.345,start,5,42,
18852.322,refuse,4,46,
18855.38,refuse,1,45,
18856.407,conflict-at-land,5,42,
18859.744,conflict-at-land,0,41,
18861.748,refuse,2,48,
18867.322,refuse,4,46,
18870.38,refuse,1,45,
18871.407,start,5,42,
18874.744,start,0,41,
18876.748,refuse,2,48,
18877.507,conflict-at-land,5,42,
18877.87,conflict-at-land,6,47,
18882.322,refuse,4,46,
18885.38,refuse,1,45,
18886.047,conflict-at-land,0,41,
18891.748,start,2,48,
18892.507,start,5,42,
18892.87,refuse,6,47,
18897.163,conflict-at-land,5,42,
18897.322,refuse,4,46,
18900.38,refuse,1,45,
18901.047,start,0,41,
18907.87,refuse,6,47,
18912.163,start,5,42,
18912.322,refuse,4,46,
18912.52,conflict-at-land,0,41,
18915.38,refuse,1,45,
18918.019,conflict-at-land,5,42,
18922.87,refuse,6,47,
18927.322,refuse,4,46,
18927.52,start,0,41,
18930.38,refuse,1,45,
18933.019,start,5,42,
18937.87,refuse,6,47,
18938.604,conflict-at-land,0,41,
18940.724,conflict-at-land,5,42,
18942.322,refuse,4,46,
18945.38,refuse,1,45,
18952.87,refuse,6,47,
18953.604,start,0,41,
18955.724,start,5,42,
18957.322,refuse,4,46,
18960.38,refuse,1,45,
18961.783,conflict-at-land,5,42,
18966.122,conflict-at-land,0,41,
18967.87,refuse,6,47,
18972.322,refuse,4,46,
18975.38,refuse,1,45,
18976.783,start,5,42,
18981.122,start,0,41,
18981.668,conflict-at-land,2,48,
18982.567,conflict-at-land,5,42,
18982.87,start,6,47,
18987.322,refuse,4,46,
18990.38,refuse,1,45,
18992.671,conflict-at-land,0,41,
18996.668,refuse,2,48,
18997.567,start,5,42,
19002.322,refuse,4,46,
19004.644,conflict-at-land,5,42,
19005.38,refuse,1,45,
19007.671,start,0,41,
19011.668,refuse,2,48,
19017.322,refuse,4,46,
19019.644,start,5,42,
19020.38,refuse,1,45,
19020.734,conflict-at-land,0,41,
19024.428,conflict-at-land,5,42,
19026.668,refuse,2,48,
19032.322,refuse,4,46,
19035.38,refuse,1,45,
19035.734,start,0,41,
19036.235,conflict-at-land,6,47,
19039.428,start,5,42,
19041.668,start,2,48,
19044.089,conflict-at-land,5,42,
19047.322,refuse,4,46,
19048.414,conflict-at-land,0,41,
19050.38,refuse,1,45,
19051.235,refuse,6,47,
19059.089,start,5,42,
19062.322,refuse,4,46,
19063.372,conflict-at-land,5,42,
19063.414,start,0,41,
19065.38,refuse,1,45,
19066.235,refuse,6,47,
19076.892,conflict-at-land,0,41,
19077.322,refuse,4,46,
19078.372,start,5,42,
19080.38,refuse,1,45,
19081.235,refuse,6,47,
19086.09,conflict-at-land,5,42,
19091.892,start,0,41,
19092.322,refuse,4,46,
19095.38,refuse,1,45,
19096.235,refuse,6,47,
19101.09,start,5,42,
19104.884,conflict-at-land,0,41,
19107.229,conflict-at-land,2,48,
19107.322,refuse,4,46,
19107.342,conflict-at-land,5,42,
19110.38,refuse,1,45,
19111.235,start,6,47,
19119.884,start,0,41,
19122.229,refuse,2,48,
19122.322,refuse,4,46,
19122.342,start,5,42,
19125.38,refuse,1,45,
19128.214,conflict-at-land,5,42,
19131.469,conflict-at-land,0,41,
19137.229,refuse,2,48,
19137.322,refuse,4,46,
19140.38,refuse,1,45,
19143.214,start,5,42,
19146.469,start,0,41,
19146.945,conflict-at-land,6,47,
19148.936,conflict-at-land,5,42,
19152.229,start,2,48,
19152.322,refuse,4,46,
19155.38,refuse,1,45,
19155.38,abandon,1,45,
19155.38,refuse,1,49,
19156.809,conflict-at-land,0,41,
19161.945,refuse,6,47,
19163.936,start,5,42,
19167.322,refuse,4,46,
19170.38,refuse,1,49,
19170.839,conflict-at-land,5,42,
19171.809,start,0,41,
19176.945,refuse,6,47,
19182.322,refuse,4,46,
19185.38,refuse,1,49,
19185.839,start,5,42,
19187.067,conflict-at-land,0,41,
19191.945,refuse,6,47,
19192.995,conflict-at-land,5,42,
19197.322,refuse,4,46,
19200.38,refuse,1,49,
19202.067,start,0,41,
19206.945,refuse,6,47,
19207.995,start,5,42,
19212.106,conflict-at-land,2,48,
19212.296,conflict-at-land,5,42,
19212.322,refuse,4,46,
19214.942,conflict-at-land,0,41,
19215.38,start,1,49,
19221.945,refuse,6,47,
19223.312,conflict-at-land,1,49,
19227.106,start,2,48,
19227.296,start,5,42,
19227.322,refuse,4,46,
19229.942,start,0,41,
19234.997,conflict-at-land,5,42,
19234.997,abandon,5,42,
19234.997,refuse,5,50,
19236.945,refuse,6,47,
19238.312,refuse,1,49,
19242.286,conflict-at-land,0,41,
19242.322,refuse,4,46,
19249.997,refuse,5,50,
19251.945,refuse,6,47,
19253.312,refuse,1,49,
19257.286,start,0,41,
19257.322,refuse,4,46,
19264.997,refuse,5,50,
19266.945,refuse,6,47,
19268.312,refuse,1,49,
19269.783,conflict-at-land,0,41,
19272.322,refuse,4,46,
19279.997,refuse,5,50,
19281.945,refuse,6,47,
19283.312,refuse,1,49,
19284.783,start,0,41,
19287.322,refuse,4,46,
19287.322,abandon,4,46,
19287.322,refuse,4,51,
19294.997,refuse,5,50,
19296.945,refuse,6,47,
19298.125,conflict-at-land,0,41,
19298.312,refuse,1,49,
19302.322,refuse,4,51,
19309.997,refuse,5,50,
19311.945,refuse,6,47,
19313.125,start,0,41,
19313.312,refuse,1,49,
19313.793,conflict-at-land,2,48,
19317.322,start,4,51,
19323.304,conflict-at-land,0,41,
19324.997,refuse,5,50,
19326.945,refuse,6,47,
19328.312,refuse,1,49,
19328.793,refuse,2,48,
19330.849,conflict-at-land,4,51,
19338.304,start,0,41,
19339.997,start,5,50,
19341.945,start,6,47,
19343.312,refuse,1,49,
19343.793,refuse,2,48,
19345.849,refuse,4,51,
19349.332,conflict-at-land,0,41,
19354.496,conflict-at-land,5,50,
19358.312,refuse,1,49,
19358.793,refuse,2,48,
19360.849,refuse,4,51,
19364.332,start,0,41,
19369.496,start,5,50,
19373.312,refuse,1,49,
19373.793,refuse,2,48,
19375.849,refuse,4,51,
19377.509,conflict-at-land,0,41,
19381.9,conflict-at-land,5,50,
19382.981,conflict-at-land,6,47,
19388.312,start,1,49,
19388.793,refuse,2,48,
19390.849,refuse,4,51,
19392.509,start,0,41,
19396.9,refuse,5,50,
19397.499,conflict-at-land,1,49,
19397.981,start,6,47,
19403.793,refuse,2,48,
19404.227,conflict-at-land,0,41,
19405.849,refuse,4,51,
19411.9,start,5,50,
19412.499,refuse,1,49,
19418.793,refuse,2,48,
19419.227,start,0,41,
19420.849,refuse,4,51,
19425.735,conflict-at-land,5,50,
19427.499,refuse,1,49,
19430.65,conflict-at-land,0,41,
19433.793,refuse,2,48,
19435.849,refuse,4,51,
19440.735,start,5,50,
19442.499,refuse,1,49,
19445.65,start,0,41,
19448.793,refuse,2,48,
19450.849,refuse,4,51,
19451.376,conflict-at-land,6,47,
19452.773,conflict-at-land,5,50,
19457.499,start,1,49,
19460.514,conflict-at-land,0,41,
19463.793,refuse,2,48,
19465.849,refuse,4,51,
19466.376,refuse,6,47,
19467.773,refuse,5,50,
19467.833,conflict-at-land,1,49,
19475.514,start,0,41,
19478.793,start,2,48,
19480.849,refuse,4,51,
19481.376,refuse,6,47,
19482.773,refuse,5,50,
19482.833,refuse,1,49,
19488.616,conflict-at-land,0,41,
19495.849,refuse,4,51,
19496.376,refuse,6,47,
19497.773,refuse,5,50,
19497.833,refuse,1,49,
19503.616,start,0,41,
19510.849,refuse,4,51,
19511.376,refuse,6,47,
19512.773,refuse,5,50,
19512.833,refuse,1,49,
19512.86,conflict-at-land,0,41,
19525.849,refuse,4,51,
19526.376,refuse,6,47,
19527.773,refuse,5,50,
19527.833,refuse,1,49,
19527.86,start,0,41,
19540.565,conflict-at-land,0,41,
19540.849,refuse,4,51,
19541.376,refuse,6,47,
19542.773,refuse,5,50,
19542.833,refuse,1,49,
19555.565,start,0,41,
19555.849,refuse,4,51,
19556.376,refuse,6,47,
19557.773,refuse,5,50,
19557.833,refuse,1,49,
19568.46,conflict-at-land,0,41,
19570.615,conflict-at-land,2,48,
19570.849,start,4,51,
19571.376,refuse,6,47,
19572.773,refuse,5,50,
19572.833,refuse,1,49,
19582.523,conflict-at-land,4,51,
19583.46,start,0,41,
19585.615,start,2,48,
19586.376,refuse,6,47,
19587.773,refuse,5,50,
19587.833,refuse,1,49,
19597.523,refuse,4,51,
19598.795,conflict-at-land,0,41,
19601.376,refuse,6,47,
19602.773,refuse,5,50,
19602.833,refuse,1,49,
19612.523,refuse,4,51,
19613.795,start,0,41,
19616.376,refuse,6,47,
19617.773,refuse,5,50,
19617.833,refuse,1,49,
19625.007,conflict-at-land,0,41,
19627.523,refuse,4,51,
19631.376,refuse,6,47,
19632.773,refuse,5,50,
19632.833,refuse,1,49,
19640.007,start,0,41,
19642.523,refuse,4,51,
19646.376,refuse,6,47,
19647.773,refuse,5,50,
19647.833,refuse,1,49,
19652.844,conflict-at-land,0,41,
19657.523,refuse,4,51,
19661.376,refuse,6,47,
19662.773,refuse,5,50,
19662.833,refuse,1,49,
19667.844,start,0,41,
19672.523,refuse,4,51,
19676.376,refuse,6,47,
19677.773,refuse,5,50,
19677.81,conflict-at-land,2,48,
19677.833,start,1,49,
19681.757,conflict-at-land,0,41,
19687.523,refuse,4,51,
19687.892,conflict-at-land,1,49,
19691.376,start,6,47,
19692.773,start,5,50,
19692.81,refuse,2,48,
19696.757,start,0,41,
19702.523,refuse,4,51,
19702.892,refuse,1,49,
19706.921,conflict-at-land,5,50,
19707.669,conflict-at-land,0,41,
19707.81,refuse,2,48,
19717.523,refuse,4,51,
19717.892,refuse,1,49,
19721.921,start,5,50,
19722.669,start,0,41,
19722.81,refuse,2,48,
19729.918,conflict-at-land,6,47,
19731.378,conflict-at-land,5,50,
19732.523,start,4,51,
19732.892,refuse,1,49,
19735.854,conflict-at-land,0,41,
19737.81,refuse,2,48,
19744.918,refuse,6,47,
19745.597,conflict-at-land,4,51,
19746.378,start,5,50,
19747.892,refuse,1,49,
19750.854,start,0,41,
19752.81,refuse,2,48,
19757.72,conflict-at-land,5,50,
19759.918,start,6,47,
19760.597,refuse,4,51,
19762.845,conflict-at-land,0,41,
19762.892,refuse,1,49,
19767.81,refuse,2,48,
19772.363,conflict-at-land,3,3,
19772.72,start,5,50,
19775.597,refuse,4,51,
19777.845,start,0,41,
19777.892,refuse,1,49,
19782.81,refuse,2,48,
19786.938,conflict-at-land,5,50,
19787.363,start,3,3,
19789.176,conflict-at-land,0,41,
19790.597,refuse,4,51,
19792.892,refuse,1,49,
19797.81,refuse,2,48,
19801.938,start,5,50,
19804.176,start,0,41,
19805.597,refuse,4,51,
19807.892,refuse,1,49,
19812.81,refuse,2,48,
19814.213,conflict-at-land,6,47,
19814.444,conflict-at-land,5,50,
19815.491,conflict-at-land,0,41,
19820.597,start,4,51,
19822.892,refuse,1,49,
19827.81,refuse,2,48,
19829.213,refuse,6,47,
19829.444,refuse,5,50,
19830.491,start,0,41,
19833.655,conflict-at-land,4,51,
19837.892,start,1,49,
19842.81,refuse,2,48,
19844.213,refuse,6,47,
19844.444,refuse,5,50,
19844.533,conflict-at-land,0,41,
19848.655,refuse,4,51,
19849.032,conflict-at-land,1,49,
19857.81,start,2,48,
19859.213,refuse,6,47,
19859.444,refuse,5,50,
19859.533,start,0,41,
19863.655,refuse,4,51,
19864.032,refuse,1,49,
19872.738,conflict-at-land,0,41,
19874.213,refuse,6,47,
19874.444,refuse,5,50,
19878.655,refuse,4,51,
19879.032,refuse,1,49,
19887.738,start,0,41,
19889.213,refuse,6,47,
19889.444,refuse,5,50,
19893.655,refuse,4,51,
19894.032,refuse,1,49,
19899.024,conflict-at-land,0,41,
19904.213,refuse,6,47,
19904.444,refuse,5,50,
19908.655,refuse,4,51,
19909.032,refuse,1,49,
19914.024,start,0,41,
19919.213,refuse,6,47,
19919.444,refuse,5,50,
19922.714,conflict-at-land,0,41,
19923.655,refuse,4,51,
19924.032,refuse,1,49,
19934.213,refuse,6,47,
19934.444,refuse,5,50,
19937.167,conflict-at-land,2,48,
19937.714,start,0,41,
19938.655,start,4,51,
19939.032,refuse,1,49,
19947.878,conflict-at-land,4,51,
19949.213,start,6,47,
19949.388,conflict-at-land,0,41,
19949.444,start,5,50,
19952.167,refuse,2,48,
19954.032,refuse,1,49,
19960.454,conflict-at-land,5,50,
19962.878,refuse,4,51,
19964.388,start,0,41,
19967.167,refuse,2,48,
19969.032,refuse,1,49,
19975.454,start,5,50,
19977.144,conflict-at-land,0,41,
19977.878,refuse,4,51,
19982.167,refuse,2,48,
19984.032,refuse,1,49,
19989.133,conflict-at-land,5,50,
19992.144,start,0,41,
19992.878,refuse,4,51,
19997.167,refuse,2,48,
19999.032,refuse,1,49,
20001.831,conflict-at-land,0,41,
20002.359,conflict-at-land,6,47,
20004.133,start,5,50,
20007.878,refuse,4,51,
20012.167,refuse,2,48,
20014.032,refuse,1,49,
20016.831,start,0,41,
20017.359,start,6,47,
20018.534,conflict-at-land,5,50,
20022.878,refuse,4,51,
20027.167,refuse,2,48,
20027.575,conflict-at-land,0,41,
20029.032,refuse,1,49,
20033.534,start,5,50,
20037.878,refuse,4,51,
20042.167,refuse,2,48,
20042.575,start,0,41,
20044.032,refuse,1,49,
20046.252,conflict-at-land,5,50,
20048.786,conflict-at-land,6,47,
20052.878,start,4,51,
20053.872,conflict-at-land,0,41,
20057.167,refuse,2,48,
20059.032,refuse,1,49,
20061.252,refuse,5,50,
20063.786,refuse,6,47,
20067.895,conflict-at-land,4,51,
20068.872,start,0,41,
20072.167,start,2,48,
20074.032,refuse,1,49,
20076.252,refuse,5,50,
20078.786,refuse,6,47,
20080.474,conflict-at-land,0,41,
20082.895,refuse,4,51,
20089.032,refuse,1,49,
20091.252,refuse,5,50,
20093.786,refuse,6,47,
20095.474,start,0,41,
20097.895,refuse,4,51,
20104.007,conflict-at-land,0,41,
20104.032,refuse,1,49,
20106.252,refuse,5,50,
20108.786,refuse,6,47,
20112.895,refuse,4,51,
20119.007,start,0,41,
20119.032,refuse,1,49,
20121.252,refuse,5,50,
20123.786,refuse,6,47,
20126.647,conflict-at-land,2,48,
20127.625,conflict-at-land,0,41,
20127.895,start,4,51,
20134.032,refuse,1,49,
20136.252,refuse,5,50,
20138.786,refuse,6,47,
20139.848,conflict-at-land,4,51,
20141.647,start,2,48,
20142.625,start,0,41,
20149.032,refuse,1,49,
20151.252,refuse,5,50,
20151.394,conflict-at-land,0,41,
20153.786,refuse,6,47,
20154.848,refuse,4,51,
20164.032,refuse,1,49,
20166.252,refuse,5,50,
20166.394,start,0,41,
20168.786,refuse,6,47,
20169.848,refuse,4,51,
20177.169,conflict-at-land,0,41,
20179.032,refuse,1,49,
20181.252,refuse,5,50,
20183.786,refuse,6,47,
20184.848,refuse,4,51,
20192.169,start,0,41,
20194.032,refuse,1,49,
20196.252,refuse,5,50,
20198.786,refuse,6,47,
20199.848,refuse,4,51,
20204.014,conflict-at-land,0,41,
20209.032,refuse,1,49,
20211.252,refuse,5,50,
20213.786,refuse,6,47,
20214.848,refuse,4,51,
20219.014,start,0,41,
20222.899,conflict-at-land,2,48,
20224.032,start,1,49,
20226.252,refuse,5,50,
20228.786,refuse,6,47,
20229.848,refuse,4,51,
20233.876,conflict-at-land,0,41,
20235.573,conflict-at-land,1,49,
20237.899,start,2,48,
20241.252,refuse,5,50,
20243.786,refuse,6,47,
20244.848,refuse,4,51,
20248.876,start,0,41,
20250.573,refuse,1,49,
20256.252,refuse,5,50,
20258.786,refuse,6,47,
20259.848,refuse,4,51,
20261.876,conflict-at-land,0,41,
20265.573,refuse,1,49,
20271.252,refuse,5,50,
20273.786,refuse,6,47,
20274.848,refuse,4,51,
20276.876,start,0,41,
20280.573,refuse,1,49,
20286.252,refuse,5,50,
20288.786,refuse,6,47,
20289.417,conflict-at-land,0,41,
20289.848,refuse,4,51,
20295.573,refuse,1,49,
20301.252,refuse,5,50,
20303.786,refuse,6,47,
20304.417,start,0,41,
20304.848,refuse,4,51,
20310.573,refuse,1,49,
20314.422,conflict-at-land,0,41,
20316.252,refuse,5,50,
20318.786,refuse,6,47,
20319.848,refuse,4,51,
20325.573,refuse,1,49,
20326.104,conflict-at-land,2,48,
20329.422,start,0,41,
20331.252,start,5,50,
20333.786,start,6,47,
20334.848,refuse,4,51,
20340.573,refuse,1,49,
20340.847,conflict-at-land,5,50,
20341.104,refuse,2,48,
20342.23,conflict-at-land,0,41,
20349.848,refuse,4,51,
20355.573,refuse,1,49,
20355.847,start,5,50,
20356.104,refuse,2,48,
20357.23,start,0,41,
20364.848,refuse,4,51,
20369.721,conflict-at-land,0,41,
20370.224,conflict-at-land,5,50,
20370.573,refuse,1,49,
20370.827,conflict-at-land,6,47,
20371.104,start,2,48,
20379.848,refuse,4,51,
20384.721,start,0,41,
20385.224,refuse,5,50,
20385.573,refuse,1,49,
20385.827,refuse,6,47,
20394.848,refuse,4,51,
20396.472,conflict-at-land,0,41,
20400.224,refuse,5,50,
20400.573,refuse,1,49,
20400.827,refuse,6,47,
20409.848,refuse,4,51,
20411.472,start,0,41,
20415.224,refuse,5,50,
20415.573,refuse,1,49,
20415.827,refuse,6,47,
20421.883,conflict-at-land,0,41,
20424.848,refuse,4,51,
20430.224,refuse,5,50,
20430.573,refuse,1,49,
20430.827,refuse,6,47,
20436.883,start,0,41,
20439.848,refuse,4,51,
20445.224,refuse,5,50,
20445.573,refuse,1,49,
20445.827,refuse,6,47,
20448.91,conflict-at-land,0,41,
20448.91,abandon,0,41,
20448.91,refuse,0,52,
20452.876,conflict-at-land,2,48,
20454.848,start,4,51,
20460.224,refuse,5,50,
20460.573,refuse,1,49,
20460.827,refuse,6,47,
20463.91,refuse,0,52,
20467.375,conflict-at-land,4,51,
20467.876,start,2,48,
20475.224,refuse,5,50,
20475.573,refuse,1,49,
20475.827,refuse,6,47,
20478.91,refuse,0,52,
20482.375,refuse,4,51,
20490.224,refuse,5,50,
20490.573,refuse,1,49,
20490.827,refuse,6,47,
20493.91,refuse,0,52,
20497.375,refuse,4,51,
20505.224,refuse,5,50,
20505.573,refuse,1,49,
20505.827,refuse,6,47,
20508.91,refuse,0,52,
20512.375,refuse,4,51,
20520.224,refuse,5,50,
20520.573,refuse,1,49,
20520.827,refuse,6,47,
20523.91,refuse,0,52,
20527.375,refuse,4,51,
20528.719,conflict-at-land,2,48,
20535.224,start,5,50,
20535.573,refuse,1,49,
20535.827,start,6,47,
20538.91,refuse,0,52,
20542.375,refuse,4,51,
20543.719,refuse,2,48,
20549.711,conflict-at-land,5,50,
20550.573,refuse,1,49,
20553.91,refuse,0,52,
20557.375,refuse,4,51,
20558.719,refuse,2,48,
20564.711,start,5,50,
20565.573,refuse,1,49,
20568.91,refuse,0,52,
20572.375,refuse,4,51,
20573.719,refuse,2,48,
20574.416,conflict-at-land,5,50,
20580.573,refuse,1,49,
20583.91,refuse,0,52,
20587.375,refuse,4,51,
20588.719,refuse,2,48,
20589.416,start,5,50,
20589.952,conflict-at-land,6,47,
20595.573,refuse,1,49,
20598.91,start,0,52,
20599.56,conflict-at-land,5,50,
20602.375,refuse,4,51,
20603.719,refuse,2,48,
20604.952,refuse,6,47,
20606.031,conflict-at-land,0,52,
20610.573,start,1,49,
20614.56,refuse,5,50,
20617.375,refuse,4,51,
20618.719,refuse,2,48,
20619.952,refuse,6,47,
20620.771,conflict-at-land,1,49,
20621.031,start,0,52,
20626.041,conflict-at-land,0,52,
20629.56,start,5,50,
20632.375,refuse,4,51,
20633.719,refuse,2,48,
20634.952,start,6,47,
20635.771,refuse,1,49,
20641.041,refuse,0,52,
20642.179,conflict-at-land,5,50,
20647.375,refuse,4,51,
20648.719,refuse,2,48,
20650.771,refuse,1,49,
20656.041,refuse,0,52,
20657.179,start,5,50,
20662.375,refuse,4,51,
20663.719,refuse,2,48,
20665.771,refuse,1,49,
20670.353,conflict-at-land,6,47,
20671.041,start,0,52,
20671.791,conflict-at-land,5,50,
20677.355,conflict-at-land,0,52,
20677.375,start,4,51,
20678.719,refuse,2,48,
20680.771,refuse,1,49,
20685.353,refuse,6,47,
20686.791,refuse,5,50,
20689.453,conflict-at-land,4,51,
20692.355,start,0,52,
20693.719,refuse,2,48,
20695.771,refuse,1,49,
20697.137,conflict-at-land,0,52,
20700.353,start,6,47,
20701.791,start,5,50,
20704.453,refuse,4,51,
20708.719,refuse,2,48,
20710.771,refuse,1,49,
20712.137,refuse,0,52,
20713.596,conflict-at-land,5,50,
20719.453,refuse,4,51,
20723.719,refuse,2,48,
20725.771,refuse,1,49,
20727.137,refuse,0,52,
20728.596,start,5,50,
20734.453,refuse,4,51,
20738.719,refuse,2,48,
20739.601,conflict-at-land,5,50,
20739.977,conflict-at-land,6,47,
20740.771,start,1,49,
20742.137,refuse,0,52,
20748.043,conflict-at-land,1,49,
20749.453,start,4,51,
20753.719,refuse,2,48,
20754.601,refuse,5,50,
20754.977,refuse,6,47,
20757.137,refuse,0,52,
20759.28,conflict-at-land,4,51,
20763.043,start,1,49,
20768.719,refuse,2,48,
20769.601,refuse,5,50,
20769.977,refuse,6,47,
20772.137,refuse,0,52,
20773.124,conflict-at-land,1,49,
20774.28,start,4,51,
20783.719,refuse,2,48,
20784.601,refuse,5,50,
20784.977,refuse,6,47,
20787.137,refuse,0,52,
20788.124,refuse,1,49,
20789.339,conflict-at-land,4,51,
20798.719,start,2,48,
20799.601,refuse,5,50,
20799.977,refuse,6,47,
20802.137,refuse,0,52,
20803.124,refuse,1,49,
20804.339,refuse,4,51,
20814.601,refuse,5,50,
20814.977,refuse,6,47,
20817.137,refuse,0,52,
20818.124,refuse,1,49,
20819.339,refuse,4,51,
20829.601,refuse,5,50,
20829.977,refuse,6,47,
20832.137,refuse,0,52,
20833.124,refuse,1,49,
20834.339,refuse,4,51,
20844.601,refuse,5,50,
20844.977,refuse,6,47,
20847.137,refuse,0,52,
20848.124,refuse,1,49,
20849.339,refuse,4,51,
20859.601,refuse,5,50,
20859.977,refuse,6,47,
20862.137,refuse,0,52,
20863.124,refuse,1,49,
20864.339,refuse,4,51,
20874.601,refuse,5,50,
20874.977,refuse,6,47,
20877.137,refuse,0,52,
20878.124,refuse,1,49,
20879.339,refuse,4,51,
20885.578,conflict-at-land,2,48,
20889.601,start,5,50,
20889.977,start,6,47,
20892.137,refuse,0,52,
20893.124,refuse,1,49,
20894.339,refuse,4,51,
20900.578,refuse,2,48,
20902.431,conflict-at-land,5,50,
20907.137,refuse,0,52,
20908.124,refuse,1,49,
20909.339,refuse,4,51,
20915.578,refuse,2,48,
20917.431,start,5,50,
20922.137,refuse,0,52,
20923.124,refuse,1,49,
20924.339,refuse,4,51,
20926.792,conflict-at-land,5,50,
20930.578,refuse,2,48,
20937.137,refuse,0,52,
20938.124,refuse,1,49,
20939.311,conflict-at-land,6,47,
20939.339,start,4,51,
20941.792,refuse,5,50,
20945.578,refuse,2,48,
20949.251,conflict-at-land,4,51,
20952.137,start,0,52,
20953.124,refuse,1,49,
20954.311,refuse,6,47,
20956.792,start,5,50,
20958.871,conflict-at-land,0,52,
20960.578,refuse,2,48,
20964.251,refuse,4,51,
20965.203,conflict-at-land,5,50,
20968.124,start,1,49,
20969.311,refuse,6,47,
20973.871,refuse,0,52,
20974.877,conflict-at-land,1,49,
20975.578,start,2,48,
20979.251,refuse,4,51,
20980.203,refuse,5,50,
20984.311,refuse,6,47,
20988.871,refuse,0,52,
20989.877,refuse,1,49,
20994.251,refuse,4,51,
20995.203,refuse,5,50,
20999.311,refuse,6,47,
21003.871,refuse,0,52,
21004.877,refuse,1,49,
21009.251,refuse,4,51,
21010.203,refuse,5,50,
21014.311,refuse,6,47,
21018.871,refuse,0,52,
21019.877,refuse,1,49,
21024.251,refuse,4,51,
21025.203,refuse,5,50,
21029.311,refuse,6,47,
21033.871,refuse,0,52,
21034.877,refuse,1,49,
21039.251,refuse,4,51,
21040.203,refuse,5,50,
21044.311,refuse,6,47,
21048.871,refuse,0,52,
21049.877,refuse,1,49,
21054.251,refuse,4,51,
21055.203,refuse,5,50,
21059.311,refuse,6,47,
21059.622,conflict-at-land,2,48,
21063.871,start,0,52,
21064.877,refuse,1,49,
21068.78,conflict-at-land,0,52,
21069.251,start,4,51,
21070.203,refuse,5,50,
21074.311,refuse,6,47,
21074.622,refuse,2,48,
21078.982,conflict-at-land,4,51,
21079.877,start,1,49,
21083.78,refuse,0,52,
21085.203,refuse,5,50,
21088.312,conflict-at-land,1,49,
21089.311,start,6,47,
21089.622,refuse,2,48,
21093.982,refuse,4,51,
21098.78,refuse,0,52,
21100.203,start,5,50,
21103.312,refuse,1,49,
21104.622,refuse,2,48,
21108.678,conflict-at-land,5,50,
21108.982,refuse,4,51,
21113.78,refuse,0,52,
21118.312,refuse,1,49,
21119.622,refuse,2,48,
21123.678,start,5,50,
21123.982,refuse,4,51,
21128.78,refuse,0,52,
21133.312,refuse,1,49,
21134.622,refuse,2,48,
21138.396,conflict-at-land,5,50,
21138.982,refuse,4,51,
21139.799,conflict-at-land,6,47,
21143.78,start,0,52,
21148.312,refuse,1,49,
21149.077,conflict-at-land,0,52,
21149.622,start,2,48,
21153.396,refuse,5,50,
21153.982,refuse,4,51,
21154.799,refuse,6,47,
21163.312,refuse,1,49,
21164.077,refuse,0,52,
21168.396,refuse,5,50,
21168.982,refuse,4,51,
21169.799,refuse,6,47,
21178.312,refuse,1,49,
21179.077,refuse,0,52,
21183.396,refuse,5,50,
21183.982,refuse,4,51,
21184.799,refuse,6,47,
21193.312,refuse,1,49,
21194.077,refuse,0,52,
21198.396,refuse,5,50,
21198.982,refuse,4,51,
21199.799,refuse,6,47,
21208.312,refuse,1,49,
21209.077,refuse,0,52,
21213.396,refuse,5,50,
21213.982,refuse,4,51,
21214.799,refuse,6,47,
21223.312,refuse,1,49,
21224.077,refuse,0,52,
21224.691,conflict-at-land,2,48,
21228.396,start,5,50,
21228.982,refuse,4,51,
21229.799,start,6,47,
21238.312,refuse,1,49,
21239.077,refuse,0,52,
21239.691,refuse,2,48,
21240.198,conflict-at-land,5,50,
21243.982,refuse,4,51,
21253.312,refuse,1,49,
21254.077,refuse,0,52,
21254.691,refuse,2,48,
21255.198,start,5,50,
21258.982,refuse,4,51,
21262.266,conflict-at-land,6,47,
21268.312,refuse,1,49,
21269.077,start,0,52,
21269.691,refuse,2,48,
21270.498,conflict-at-land,5,50,
21273.91,conflict-at-land,0,52,
21273.982,start,4,51,
21277.266,refuse,6,47,
21283.312,refuse,1,49,
21284.691,refuse,2,48,
21285.498,refuse,5,50,
21288.178,conflict-at-land,4,51,
21288.91,start,0,52,
21292.266,refuse,6,47,
21296.274,conflict-at-land,0,52,
21298.312,start,1,49,
21299.691,refuse,2,48,
21300.498,refuse,5,50,
21303.178,refuse,4,51,
21307.064,conflict-at-land,1,49,
21307.266,start,6,47,
21311.274,refuse,0,52,
21314.691,refuse,2,48,
21315.498,start,5,50,
21318.178,refuse,4,51,
21322.064,refuse,1,49,
21324.351,conflict-at-land,5,50,
21326.274,refuse,0,52,
21329.691,refuse,2,48,
21333.178,refuse,4,51,
21337.064,refuse,1,49,
21339.351,start,5,50,
21341.274,refuse,0,52,
21344.691,refuse,2,48,
21348.178,refuse,4,51,
21348.815,conflict-at-land,5,50,
21352.064,refuse,1,49,
21356.274,refuse,0,52,
21359.691,refuse,2,48,
21360.862,conflict-at-land,6,47,
21363.178,start,4,51,
21363.815,refuse,5,50,
21367.064,refuse,1,49,
21371.274,refuse,0,52,
21374.691,refuse,2,48,
21375.061,conflict-at-land,4,51,
21375.862,start,6,47,
21378.815,start,5,50,
21382.064,refuse,1,49,
21386.274,refuse,0,52,
21389.691,refuse,2,48,
21390.061,refuse,4,51,
21393.031,conflict-at-land,5,50,
21397.064,refuse,1,49,
21401.274,refuse,0,52,
21404.691,refuse,2,48,
21405.061,refuse,4,51,
21407.145,conflict-at-land,6,47,
21408.031,start,5,50,
21412.064,refuse,1,49,
21416.274,start,0,52,
21419.691,refuse,2,48,
21420.061,refuse,4,51,
21420.223,conflict-at-land,5,50,
21422.145,refuse,6,47,
21423.35,conflict-at-land,0,52,
21427.064,start,1,49,
21434.691,refuse,2,48,
21434.911,conflict-at-land,1,49,
21435.061,start,4,51,
21435.223,refuse,5,50,
21437.145,refuse,6,47,
21438.35,refuse,0,52,
21443.657,conflict-at-land,4,51,
21449.691,start,2,48,
21449.911,refuse,1,49,
21450.223,refuse,5,50,
21452.145,refuse,6,47,
21453.35,refuse,0,52,
21458.657,refuse,4,51,
21464.911,refuse,1,49,
21465.223,refuse,5,50,
21467.145,refuse,6,47,
21468.35,refuse,0,52,
21473.657,refuse,4,51,
21479.911,refuse,1,49,
21480.223,refuse,5,50,
21482.145,refuse,6,47,
21483.35,refuse,0,52,
21488.657,refuse,4,51,
21494.911,refuse,1,49,
21495.223,refuse,5,50,
21497.145,refuse,6,47,
21498.35,refuse,0,52,
21503.657,refuse,4,51,
21509.911,refuse,1,49,
21510.223,refuse,5,50,
21512.145,refuse,6,47,
21513.35,refuse,0,52,
21518.657,refuse,4,51,
21524.911,refuse,1,49,
21525.223,refuse,5,50,
21527.145,refuse,6,47,
21528.35,refuse,0,52,
21533.657,refuse,4,51,
21538.553,conflict-at-land,2,48,
21539.911,start,1,49,
21540.223,refuse,5,50,
21542.145,refuse,6,47,
21543.35,refuse,0,52,
21547.336,conflict-at-land,1,49,
21548.657,start,4,51,
21553.553,refuse,2,48,
21555.223,refuse,5,50,
21557.145,refuse,6,47,
21558.35,refuse,0,52,
21560.059,conflict-at-land,4,51,
21562.336,start,1,49,
21568.553,refuse,2,48,
21569.315,conflict-at-land,1,49,
21570.223,start,5,50,
21572.145,start,6,47,
21573.35,refuse,0,52,
21575.059,refuse,4,51,
21582.848,conflict-at-land,5,50,
21583.553,refuse,2,48,
21584.315,refuse,1,49,
21588.35,refuse,0,52,
21590.059,refuse,4,51,
21597.848,start,5,50,
21598.553,refuse,2,48,
21599.315,refuse,1,49,
21603.35,refuse,0,52,
21605.059,refuse,4,51,
21607.674,conflict-at-land,5,50,
21613.236,conflict-at-land,6,47,
21613.553,start,2,48,
21614.315,refuse,1,49,
21618.35,refuse,0,52,
21620.059,refuse,4,51,
21622.674,refuse,5,50,
21628.236,refuse,6,47,
21629.315,refuse,1,49,
21633.35,refuse,0,52,
21635.059,refuse,4,51,
21637.674,refuse,5,50,
21643.236,refuse,6,47,
21644.315,refuse,1,49,
21648.35,refuse,0,52,
21650.059,refuse,4,51,
21652.674,refuse,5,50,
21658.236,refuse,6,47,
21659.315,refuse,1,49,
21663.35,refuse,0,52,
21665.059,refuse,4,51,
21665.644,conflict-at-land,2,48,
21667.674,start,5,50,
21673.236,start,6,47,
21674.315,refuse,1,49,
21678.35,refuse,0,52,
21678.505,conflict-at-land,5,50,
21680.059,refuse,4,51,
21680.644,refuse,2,48,
21689.315,refuse,1,49,
21693.35,refuse,0,52,
21693.505,start,5,50,
21695.059,refuse,4,51,
21695.644,refuse,2,48,
21703.014,conflict-at-land,5,50,
21704.315,refuse,1,49,
21708.35,refuse,0,52,
21710.059,refuse,4,51,
21710.644,refuse,2,48,
21718.014,start,5,50,
21719.315,refuse,1,49,
21722.381,conflict-at-land,6,47,
21723.35,start,0,52,
21725.059,refuse,4,51,
21725.644,refuse,2,48,
21728.058,conflict-at-land,5,50,
21729.777,conflict-at-land,0,52,
21734.315,start,1,49,
21737.381,refuse,6,47,
21740.059,refuse,4,51,
21740.644,refuse,2,48,
21743.058,refuse,5,50,
21744.044,conflict-at-land,1,49,
21744.777,start,0,52,
21751.873,conflict-at-land,0,52,
21752.381,start,6,47,
21755.059,refuse,4,51,
21755.644,refuse,2,48,
21758.058,start,5,50,
21759.044,refuse,1,49,
21766.873,refuse,0,52,
21770.059,refuse,4,51,
21770.644,refuse,2,48,
21772.577,conflict-at-land,5,50,
21774.044,refuse,1,49,
21781.873,refuse,0,52,
21785.059,refuse,4,51,
21785.644,refuse,2,48,
21787.577,start,5,50,
21789.044,refuse,1,49,
21796.873,refuse,0,52,
21797.096,conflict-at-land,5,50,
21798.036,conflict-at-land,6,47,
21800.059,start,4,51,
21800.644,refuse,2,48,
21804.044,refuse,1,49,
21811.873,refuse,0,52,
21812.096,refuse,5,50,
21813.036,refuse,6,47,
21815.098,conflict-at-land,4,51,
21815.644,start,2,48,
21819.044,refuse,1,49,
21826.873,refuse,0,52,
21827.096,refuse,5,50,
21828.036,refuse,6,47,
21828.036,abandon,6,47,
21828.036,refuse,6,53,
21830.098,refuse,4,51,
21834.044,refuse,1,49,
21841.873,refuse,0,52,
21842.096,refuse,5,50,
21843.036,refuse,6,53,
21845.098,refuse,4,51,
21849.044,refuse,1,49,
21856.873,refuse,0,52,
21857.096,refuse,5,50,
21858.036,refuse,6,53,
21860.098,refuse,4,51,
21864.044,refuse,1,49,
21867.289,conflict-at-land,2,48,
21871.873,start,0,52,
21872.096,start,5,50,
21873.036,refuse,6,53,
21875.098,refuse,4,51,
21876.501,conflict-at-land,0,52,
21879.044,refuse,1,49,
21881.242,conflict-at-land,5,50,
21882.289,start,2,48,
21888.036,refuse,6,53,
21890.098,refuse,4,51,
21891.501,refuse,0,52,
21894.044,refuse,1,49,
21896.242,refuse,5,50,
21903.036,refuse,6,53,
21905.098,refuse,4,51,
21906.501,refuse,0,52,
21909.044,refuse,1,49,
21911.242,refuse,5,50,
21918.036,refuse,6,53,
21920.098,refuse,4,51,
21921.501,refuse,0,52,
21924.044,refuse,1,49,
21926.242,refuse,5,50,
21933.036,refuse,6,53,
21935.098,refuse,4,51,
21936.501,refuse,0,52,
21939.044,refuse,1,49,
21941.242,refuse,5,50,
21948.036,refuse,6,53,
21950.098,refuse,4,51,
21951.501,refuse,0,52,
21954.044,refuse,1,49,
21956.242,refuse,5,50,
21963.036,refuse,6,53,
21965.098,refuse,4,51,
21966.17,conflict-at-land,2,48,
21966.501,start,0,52,
21969.044,refuse,1,49,
21971.242,start,5,50,
21972.518,conflict-at-land,0,52,
21978.036,start,6,53,
21980.098,refuse,4,51,
21981.17,refuse,2,48,
21984.044,refuse,1,49,
21985.745,conflict-at-land,6,53,
21986.276,conflict-at-land,5,50,
21987.518,start,0,52,
21995.098,refuse,4,51,
21995.146,conflict-at-land,0,52,
21996.17,start,2,48,
21999.044,refuse,1,49,
22000.745,refuse,6,53,
22001.276,refuse,5,50,
22010.098,refuse,4,51,
22010.146,refuse,0,52,
22014.044,refuse,1,49,
22015.745,refuse,6,53,
22016.276,refuse,5,50,
22025.098,refuse,4,51,
22025.146,refuse,0,52,
22029.044,refuse,1,49,
22030.745,refuse,6,53,
22031.276,refuse,5,50,
22040.098,refuse,4,51,
22040.146,refuse,0,52,
22044.044,refuse,1,49,
22045.745,refuse,6,53,
22046.276,refuse,5,50,
22055.098,refuse,4,51,
22055.146,refuse,0,52,
22059.044,refuse,1,49,
22060.745,refuse,6,53,
22061.276,refuse,5,50,
22070.098,refuse,4,51,
22070.146,refuse,0,52,
22073.1,conflict-at-land,2,48,
22074.044,start,1,49,
22075.745,refuse,6,53,
22076.276,refuse,5,50,
22082.241,conflict-at-land,1,49,
22085.098,start,4,51,
22085.146,refuse,0,52,
22088.1,refuse,2,48,
22090.745,refuse,6,53,
22091.276,refuse,5,50,
22097.241,refuse,1,49,
22100.146,refuse,0,52,
22100.389,conflict-at-land,4,51,
22103.1,start,2,48,
22105.745,refuse,6,53,
22106.276,refuse,5,50,
22112.241,refuse,1,49,
22115.146,refuse,0,52,
22115.389,refuse,4,51,
22120.745,refuse,6,53,
22121.276,refuse,5,50,
22127.241,refuse,1,49,
22130.146,refuse,0,52,
22130.389,refuse,4,51,
22135.745,refuse,6,53,
22136.276,refuse,5,50,
22142.241,refuse,1,49,
22145.146,refuse,0,52,
22145.389,refuse,4,51,
22150.745,refuse,6,53,
22151.276,refuse,5,50,
22157.241,refuse,1,49,
22160.146,refuse,0,52,
22160.389,refuse,4,51,
22165.745,refuse,6,53,
22166.276,refuse,5,50,
22172.241,refuse,1,49,
22175.146,refuse,0,52,
22175.389,refuse,4,51,
22180.745,refuse,6,53,
22181.276,refuse,5,50,
22185.148,conflict-at-land,2,48,
22187.241,start,1,49,
22190.146,refuse,0,52,
22190.389,refuse,4,51,
22194.6,conflict-at-land,1,49,
22195.745,start,6,53,
22196.276,start,5,50,
22200.148,refuse,2,48,
22201.937,conflict-at-land,6,53,
22204.822,conflict-at-land,5,50,
22205.146,start,0,52,
22205.389,refuse,4,51,
22209.409,conflict-at-land,0,52,
22209.6,start,1,49,
22215.148,refuse,2,48,
22216.937,refuse,6,53,
22219.349,conflict-at-land,1,49,
22219.822,start,5,50,
22220.389,refuse,4,51,
22224.409,start,0,52,
22230.148,refuse,2,48,
22231.709,conflict-at-land,0,52,
22231.937,start,6,53,
22233.402,conflict-at-land,5,50,
22234.349,refuse,1,49,
22235.389,refuse,4,51,
22238.848,conflict-at-land,6,53,
22245.148,start,2,48,
22246.709,refuse,0,52,
22248.402,refuse,5,50,
22249.349,refuse,1,49,
22250.389,refuse,4,51,
22253.848,refuse,6,53,
22261.709,refuse,0,52,
22263.402,refuse,5,50,
22264.349,refuse,1,49,
22265.389,refuse,4,51,
22268.848,refuse,6,53,
22276.709,refuse,0,52,
22278.402,refuse,5,50,
22279.349,refuse,1,49,
22280.389,refuse,4,51,
22283.848,refuse,6,53,
22291.709,refuse,0,52,
22293.402,refuse,5,50,
22294.349,refuse,1,49,
22295.389,refuse,4,51,
22298.848,refuse,6,53,
22301.461,conflict-at-land,2,48,
22306.709,start,0,52,
22308.402,start,5,50,
22309.349,refuse,1,49,
22310.389,refuse,4,51,
22313.566,conflict-at-land,0,52,
22313.848,start,6,53,
22316.461,refuse,2,48,
22320.485,conflict-at-land,6,53,
22323.867,conflict-at-land,5,50,
22324.349,start,1,49,
22325.389,refuse,4,51,
22328.566,refuse,0,52,
22331.461,refuse,2,48,
22333.245,conflict-at-land,1,49,
22333.245,abandon,1,49,
22333.245,refuse,1,54,
22335.485,start,6,53,
22338.867,start,5,50,
22340.389,refuse,4,51,
22340.747,conflict-at-land,6,53,
22343.566,start,0,52,
22346.461,refuse,2,48,
22347.725,conflict-at-land,5,50,
22348.245,refuse,1,54,
22350.017,conflict-at-land,0,52,
22355.389,start,4,51,
22355.747,refuse,6,53,
22361.461,refuse,2,48,
22362.725,refuse,5,50,
22363.245,refuse,1,54,
22365.017,refuse,0,52,
22370.714,conflict-at-land,4,51,
22370.747,start,6,53,
22375.36,conflict-at-land,6,53,
22376.461,start,2,48,
22377.725,refuse,5,50,
22378.245,refuse,1,54,
22380.017,refuse,0,52,
22385.714,refuse,4,51,
22390.36,refuse,6,53,
22392.725,refuse,5,50,
22393.245,refuse,1,54,
22395.017,refuse,0,52,
22400.714,refuse,4,51,
22405.36,refuse,6,53,
22407.725,refuse,5,50,
22408.245,refuse,1,54,
22410.017,refuse,0,52,
22415.714,refuse,4,51,
22420.36,refuse,6,53,
22422.725,refuse,5,50,
22423.245,refuse,1,54,
22425.017,refuse,0,52,
22430.714,refuse,4,51,
22435.36,refuse,6,53,
22437.725,refuse,5,50,
22438.245,refuse,1,54,
22440.017,refuse,0,52,
22445.714,refuse,4,51,
22450.36,refuse,6,53,
22452.725,refuse,5,50,
22453.245,refuse,1,54,
22455.017,refuse,0,52,
22460.714,refuse,4,51,
22462.323,conflict-at-land,2,48,
22465.36,start,6,53,
22467.725,start,5,50,
22468.245,refuse,1,54,
22470.017,refuse,0,52,
22472.792,conflict-at-land,6,53,
22475.714,refuse,4,51,
22477.323,refuse,2,48,
22478.661,conflict-at-land,5,50,
22483.245,refuse,1,54,
22485.017,start,0,52,
22487.792,refuse,6,53,
22490.714,refuse,4,51,
22492.262,conflict-at-land,0,52,
22492.323,start,2,48,
22493.661,refuse,5,50,
22498.245,refuse,1,54,
22502.792,refuse,6,53,
22505.714,refuse,4,51,
22507.262,refuse,0,52,
22508.661,refuse,5,50,
22513.245,refuse,1,54,
22517.792,refuse,6,53,
22520.714,refuse,4,51,
22522.262,refuse,0,52,
22523.661,refuse,5,50,
22528.245,refuse,1,54,
22532.792,refuse,6,53,
22535.714,refuse,4,51,
22535.714,abandon,4,51,
22535.714,refuse,4,55,
22537.262,refuse,0,52,
22538.661,refuse,5,50,
22543.245,refuse,1,54,
22547.792,refuse,6,53,
22549.452,conflict-at-land,2,48,
22550.714,refuse,4,55,
22552.262,start,0,52,
22553.661,start,5,50,
22557.544,conflict-at-land,0,52,
22558.245,refuse,1,54,
22562.792,start,6,53,
22563.243,conflict-at-land,3,3,
22564.452,refuse,2,48,
22565.714,refuse,4,55,
22566.14,conflict-at-land,5,50,
22570.158,conflict-at-land,6,53,
22572.544,start,0,52,
22573.245,start,1,54,
22578.243,refuse,3,3,
22578.673,conflict-at-land,0,52,
22579.452,start,2,48,
22580.714,refuse,4,55,
22581.14,refuse,5,50,
22585.158,refuse,6,53,
22593.243,refuse,3,3,
22593.673,refuse,0,52,
22595.714,refuse,4,55,
22596.14,refuse,5,50,
22600.158,refuse,6,53,
22608.243,refuse,3,3,
22608.673,refuse,0,52,
22610.714,refuse,4,55,
22611.14,refuse,5,50,
22615.158,refuse,6,53,
22622.981,conflict-at-land,1,54,
22623.243,start,3,3,
22623.673,refuse,0,52,
22625.714,refuse,4,55,
22626.14,refuse,5,50,
22630.158,refuse,6,53,
22637.981,refuse,1,54,
22638.673,refuse,0,52,
22640.714,refuse,4,55,
22641.14,refuse,5,50,
22645.158,refuse,6,53,
22652.981,refuse,1,54,
22653.673,refuse,0,52,
22655.714,refuse,4,55,
22656.14,refuse,5,50,
22660.158,refuse,6,53,
22667.981,refuse,1,54,
22668.673,refuse,0,52,
22670.023,conflict-at-land,2,48,
22670.714,refuse,4,55,
22671.14,start,5,50,
22675.158,start,6,53,
22680.186,conflict-at-land,6,53,
22682.981,refuse,1,54,
22683.673,start,0,52,
22685.023,refuse,2,48,
22685.148,conflict-at-land,5,50,
22685.714,refuse,4,55,
22689.078,conflict-at-land,0,52,
22695.186,start,6,53,
22697.981,refuse,1,54,
22699.71,conflict-at-land,6,53,
22700.023,start,2,48,
22700.148,refuse,5,50,
22700.714,refuse,4,55,
22704.078,refuse,0,52,
22712.981,refuse,1,54,
22714.71,refuse,6,53,
22715.148,refuse,5,50,
22715.714,refuse,4,55,
22719.078,refuse,0,52,
22727.981,refuse,1,54,
22729.71,refuse,6,53,
22730.148,refuse,5,50,
22730.714,refuse,4,55,
22734.078,refuse,0,52,
22742.981,refuse,1,54,
22744.71,refuse,6,53,
22745.148,refuse,5,50,
22745.714,refuse,4,55,
22749.078,refuse,0,52,
22757.981,refuse,1,54,
22758.491,conflict-at-land,2,48,
22759.71,start,6,53,
22760.148,start,5,50,
22760.714,refuse,4,55,
22764.078,refuse,0,52,
22765.484,conflict-at-land,6,53,
22771.508,conflict-at-land,5,50,
22772.981,refuse,1,54,
22773.491,start,2,48,
22775.714,refuse,4,55,
22779.078,refuse,0,52,
22780.484,refuse,6,53,
22786.508,refuse,5,50,
22787.981,refuse,1,54,
22790.714,refuse,4,55,
22794.078,refuse,0,52,
22795.484,refuse,6,53,
22801.508,refuse,5,50,
22802.981,refuse,1,54,
22805.714,refuse,4,55,
22809.078,refuse,0,52,
22810.484,refuse,6,53,
22816.508,refuse,5,50,
22817.981,refuse,1,54,
22820.714,refuse,4,55,
22824.078,refuse,0,52,
22825.484,refuse,6,53,
22831.508,refuse,5,50,
22831.508,abandon,5,50,
22831.508,start,5,56,
22832.981,refuse,1,54,
22835.714,refuse,4,55,
22839.078,refuse,0,52,
22840.484,refuse,6,53,
22847.981,refuse,1,54,
22850.714,refuse,4,55,
22852.264,conflict-at-land,2,48,
22854.078,start,0,52,
22855.484,refuse,6,53,
22859.481,conflict-at-land,0,52,
22862.981,refuse,1,54,
22865.714,refuse,4,55,
22867.264,start,2,48,
22870.484,refuse,6,53,
22874.481,refuse,0,52,
22877.981,refuse,1,54,
22880.714,refuse,4,55,
22885.484,refuse,6,53,
22889.481,refuse,0,52,
22892.981,refuse,1,54,
22895.714,refuse,4,55,
22900.484,refuse,6,53,
22904.481,refuse,0,52,
22907.981,refuse,1,54,
22910.714,refuse,4,55,
22915.484,refuse,6,53,
22919.481,refuse,0,52,
22922.981,refuse,1,54,
22925.714,refuse,4,55,
22930.484,refuse,6,53,
22934.481,refuse,0,52,
22937.981,refuse,1,54,
22940.714,refuse,4,55,
22945.484,refuse,6,53,
22949.481,refuse,0,52,
22952.981,refuse,1,54,
22955.714,refuse,4,55,
22957.646,conflict-at-land,2,48,
22960.484,start,6,53,
22964.481,refuse,0,52,
22967.035,conflict-at-land,6,53,
22967.981,refuse,1,54,
22970.714,refuse,4,55,
22972.646,start,2,48,
22979.481,refuse,0,52,
22982.035,refuse,6,53,
22982.981,refuse,1,54,
22985.714,refuse,4,55,
22994.481,refuse,0,52,
22997.035,refuse,6,53,
22997.981,refuse,1,54,
23000.714,refuse,4,55,
23009.481,refuse,0,52,
23012.035,refuse,6,53,
23012.981,refuse,1,54,
23015.714,refuse,4,55,
23024.481,refuse,0,52,
23027.035,refuse,6,53,
23027.981,refuse,1,54,
23030.714,refuse,4,55,
23037.943,conflict-at-land,2,48,
23039.481,start,0,52,
23042.035,refuse,6,53,
23042.981,refuse,1,54,
23044.347,conflict-at-land,0,52,
23045.714,refuse,4,55,
23052.943,start,2,48,
23057.035,refuse,6,53,
23057.981,refuse,1,54,
23059.347,refuse,0,52,
23060.714,refuse,4,55,
23072.035,refuse,6,53,
23072.981,refuse,1,54,
23074.347,refuse,0,52,
23075.714,refuse,4,55,
23087.035,refuse,6,53,
23087.981,refuse,1,54,
23089.347,refuse,0,52,
23090.714,refuse,4,55,
23102.035,refuse,6,53,
23102.981,refuse,1,54,
23104.347,refuse,0,52,
23105.714,refuse,4,55,
23117.035,refuse,6,53,
23117.981,refuse,1,54,
23119.347,refuse,0,52,
23120.714,refuse,4,55,
23132.035,refuse,6,53,
23132.981,refuse,1,54,
23134.347,refuse,0,52,
23135.714,refuse,4,55,
23144.642,conflict-at-land,2,48,
23147.035,start,6,53,
23147.981,refuse,1,54,
23149.347,refuse,0,52,
23150.714,refuse,4,55,
23153.599,conflict-at-land,6,53,
23159.642,start,2,48,
23162.981,refuse,1,54,
23164.347,refuse,0,52,
23165.714,refuse,4,55,
23168.599,refuse,6,53,
23177.981,refuse,1,54,
23179.347,refuse,0,52,
23180.714,refuse,4,55,
23183.599,refuse,6,53,
23192.981,refuse,1,54,
23194.347,refuse,0,52,
23195.714,refuse,4,55,
23198.599,refuse,6,53,
23207.981,refuse,1,54,
23209.347,refuse,0,52,
23210.714,refuse,4,55,
23211.898,conflict-at-land,2,48,
23213.599,start,6,53,
23220.264,conflict-at-land,6,53,
23222.981,refuse,1,54,
23224.347,start,0,52,
23225.714,refuse,4,55,
23226.898,refuse,2,48,
23229.907,conflict-at-land,0,52,
23235.264,start,6,53,
23237.981,refuse,1,54,
23240.714,refuse,4,55,
23240.98,conflict-at-land,6,53,
23241.898,start,2,48,
23244.907,refuse,0,52,
23252.981,refuse,1,54,
23255.714,refuse,4,55,
23255.98,refuse,6,53,
23259.907,refuse,0,52,
23267.981,refuse,1,54,
23270.714,refuse,4,55,
23270.98,refuse,6,53,
23274.907,refuse,0,52,
23282.981,refuse,1,54,
23285.714,refuse,4,55,
23285.98,refuse,6,53,
23289.907,refuse,0,52,
23297.981,refuse,1,54,
23300.714,refuse,4,55,
23300.98,refuse,6,53,
23304.907,refuse,0,52,
23312.981,refuse,1,54,
23315.714,refuse,4,55,
23315.98,refuse,6,53,
23319.907,refuse,0,52,
23325.37,conflict-at-land,2,48,
23327.981,refuse,1,54,
23330.714,refuse,4,55,
23330.98,start,6,53,
23334.907,refuse,0,52,
23335.983,conflict-at-land,6,53,
23340.37,start,2,48,
23342.981,refuse,1,54,
23345.714,refuse,4,55,
23349.907,refuse,0,52,
23350.983,refuse,6,53,
23357.981,refuse,1,54,
23360.714,refuse,4,55,
23364.907,refuse,0,52,
23365.983,refuse,6,53,
23372.981,refuse,1,54,
23375.714,refuse,4,55,
23379.907,refuse,0,52,
23380.983,refuse,6,53,
23387.981,refuse,1,54,
23390.714,refuse,4,55,
23394.907,refuse,0,52,
23395.983,refuse,6,53,
23402.361,conflict-at-land,2,48,
23402.981,refuse,1,54,
23405.714,refuse,4,55,
23409.907,start,0,52,
23410.983,refuse,6,53,
23416.052,conflict-at-land,0,52,
23417.361,start,2,48,
23417.981,refuse,1,54,
23420.714,refuse,4,55,
23425.983,refuse,6,53,
23431.052,refuse,0,52,
23432.981,refuse,1,54,
23435.714,refuse,4,55,
23440.983,refuse,6,53,
23446.052,refuse,0,52,
23447.981,refuse,1,54,
23450.714,refuse,4,55,
23455.983,refuse,6,53,
23461.052,refuse,0,52,
23462.981,refuse,1,54,
23465.714,refuse,4,55,
23470.983,refuse,6,53,
23476.052,refuse,0,52,
23477.981,refuse,1,54,
23480.714,refuse,4,55,
23485.983,refuse,6,53,
23491.052,refuse,0,52,
23492.981,refuse,1,54,
23495.714,refuse,4,55,
23500.983,refuse,6,53,
23501.191,conflict-at-land,5,56,
23506.052,refuse,0,52,
23506.84,conflict-at-land,2,48,
23507.981,refuse,1,54,
23510.714,refuse,4,55,
23515.983,start,6,53,
23516.191,start,5,56,
23520.493,conflict-at-land,6,53,
23521.052,start,0,52,
23521.84,refuse,2,48,
23522.981,refuse,1,54,
23525.714,refuse,4,55,
23527.846,conflict-at-land,0,52,
23535.493,start,6,53,
23536.84,refuse,2,48,
23537.981,refuse,1,54,
23540.331,conflict-at-land,6,53,
23540.714,refuse,4,55,
23542.846,start,0,52,
23549.428,conflict-at-land,0,52,
23551.84,start,2,48,
23552.981,refuse,1,54,
23555.331,refuse,6,53,
23555.714,refuse,4,55,
23564.428,refuse,0,52,
23567.981,refuse,1,54,
23570.331,refuse,6,53,
23570.714,refuse,4,55,
23579.428,refuse,0,52,
23582.981,refuse,1,54,
23585.331,refuse,6,53,
23585.714,refuse,4,55,
23594.428,refuse,0,52,
23597.981,refuse,1,54,
23600.331,refuse,6,53,
23600.714,refuse,4,55,
23609.428,refuse,0,52,
23612.981,refuse,1,54,
23615.331,refuse,6,53,
23615.714,refuse,4,55,
23624.428,refuse,0,52,
23624.428,abandon,0,52,
23624.428,refuse,0,57,
23627.981,refuse,1,54,
23629.073,conflict-at-land,2,48,
23630.331,start,6,53,
23630.714,refuse,4,55,
23637.086,conflict-at-land,6,53,
23639.428,refuse,0,57,
23642.981,refuse,1,54,
23644.073,start,2,48,
23645.714,refuse,4,55,
23652.086,refuse,6,53,
23654.428,refuse,0,57,
23657.981,refuse,1,54,
23660.714,refuse,4,55,
23667.086,refuse,6,53,
23669.428,refuse,0,57,
23672.981,refuse,1,54,
23675.714,refuse,4,55,
23682.086,refuse,6,53,
23684.428,refuse,0,57,
23687.981,refuse,1,54,
23690.714,refuse,4,55,
23697.086,refuse,6,53,
23699.428,refuse,0,57,
23702.981,refuse,1,54,
23705.714,refuse,4,55,
23712.086,refuse,6,53,
23714.428,refuse,0,57,
23717.676,conflict-at-land,2,48,
23717.981,refuse,1,54,
23720.714,refuse,4,55,
23727.086,start,6,53,
23729.428,refuse,0,57,
23732.415,conflict-at-land,6,53,
23732.676,start,2,48,
23732.981,refuse,1,54,
23735.714,refuse,4,55,
23744.428,refuse,0,57,
23747.415,refuse,6,53,
23747.981,refuse,1,54,
23750.714,refuse,4,55,
23759.428,refuse,0,57,
23762.415,refuse,6,53,
23762.981,refuse,1,54,
23765.714,refuse,4,55,
23774.428,refuse,0,57,
23777.415,refuse,6,53,
23777.981,refuse,1,54,
23780.714,refuse,4,55,
23789.428,refuse,0,57,
23792.415,refuse,6,53,
23792.981,refuse,1,54,
23795.714,refuse,4,55,
23804.428,refuse,0,57,
23804.788,conflict-at-land,2,48,
23807.415,start,6,53,
23807.981,refuse,1,54,
23810.714,refuse,4,55,
23812.471,conflict-at-land,6,53,
23819.428,refuse,0,57,
23819.788,start,2,48,
23822.981,refuse,1,54,
23825.714,refuse,4,55,
23827.471,refuse,6,53,
23834.428,refuse,0,57,
23837.981,refuse,1,54,
23840.714,refuse,4,55,
23842.471,refuse,6,53,
23849.428,refuse,0,57,
23852.981,refuse,1,54,
23855.714,refuse,4,55,
23857.471,refuse,6,53,
23864.428,refuse,0,57,
23867.981,refuse,1,54,
23870.714,refuse,4,55,
23872.471,refuse,6,53,
23879.428,refuse,0,57,
23882.981,refuse,1,54,
23885.714,refuse,4,55,
23887.471,refuse,6,53,
23889.858,conflict-at-land,2,48,
23894.428,refuse,0,57,
23897.981,refuse,1,54,
23900.714,refuse,4,55,
23902.471,start,6,53,
23904.858,refuse,2,48,
23908.133,conflict-at-land,6,53,
23909.428,refuse,0,57,
23912.981,refuse,1,54,
23915.714,refuse,4,55,
23919.858,start,2,48,
23923.133,refuse,6,53,
23924.428,refuse,0,57,
23927.981,refuse,1,54,
23930.714,refuse,4,55,
23938.133,refuse,6,53,
23939.428,refuse,0,57,
23942.981,refuse,1,54,
23945.714,refuse,4,55,
23953.133,refuse,6,53,
23954.428,refuse,0,57,
23957.981,refuse,1,54,
23960.714,refuse,4,55,
23968.133,refuse,6,53,
23969.428,refuse,0,57,
23972.981,refuse,1,54,
23974.867,conflict-at-land,2,48,
23975.714,refuse,4,55,
23983.133,start,6,53,
23984.428,refuse,0,57,
23987.981,refuse,1,54,
23988.169,conflict-at-land,6,53,
23989.867,start,2,48,
23990.714,refuse,4,55,
23999.428,refuse,0,57,
24002.981,refuse,1,54,
24003.169,refuse,6,53,
24005.714,refuse,4,55,
24014.428,refuse,0,57,
24017.981,refuse,1,54,
24018.169,refuse,6,53,
24020.714,refuse,4,55,
24029.428,refuse,0,57,
24032.981,refuse,1,54,
24033.169,refuse,6,53,
24035.714,refuse,4,55,
24044.428,refuse,0,57,
24047.981,refuse,1,54,
24048.169,refuse,6,53,
24050.714,refuse,4,55,
24055.144,conflict-at-land,2,48,
24059.428,refuse,0,57,
24062.981,refuse,1,54,
24063.169,start,6,53,
24065.714,refuse,4,55,
24068.786,conflict-at-land,6,53,
24070.144,start,2,48,
24074.428,refuse,0,57,
24077.981,refuse,1,54,
24080.714,refuse,4,55,
24083.786,refuse,6,53,
24089.428,refuse,0,57,
24092.981,refuse,1,54,
24095.714,refuse,4,55,
24098.786,refuse,6,53,
24104.428,refuse,0,57,
24107.981,refuse,1,54,
24110.714,refuse,4,55,
24113.786,refuse,6,53,
24119.428,refuse,0,57,
24122.981,refuse,1,54,
24125.714,refuse,4,55,
24128.786,refuse,6,53,
24134.428,refuse,0,57,
24137.981,refuse,1,54,
24140.714,refuse,4,55,
24143.786,refuse,6,53,
24144.878,conflict-at-land,2,48,
24149.428,refuse,0,57,
24152.981,refuse,1,54,
24155.714,refuse,4,55,
24158.786,start,6,53,
24159.878,refuse,2,48,
24164.428,refuse,0,57,
24165.674,conflict-at-land,6,53,
24167.981,refuse,1,54,
24170.714,refuse,4,55,
24174.878,start,2,48,
24179.428,refuse,0,57,
24180.674,refuse,6,53,
24182.981,refuse,1,54,
24185.714,refuse,4,55,
24186.028,conflict-at-land,5,56,
24194.428,start,0,57,
24195.674,refuse,6,53,
24197.981,refuse,1,54,
24200.714,refuse,4,55,
24201.028,refuse,5,56,
24206.822,conflict-at-land,0,57,
24210.674,refuse,6,53,
24212.981,refuse,1,54,
24215.714,refuse,4,55,
24216.028,start,5,56,
24221.822,refuse,0,57,
24225.674,refuse,6,53,
24227.981,refuse,1,54,
24230.714,refuse,4,55,
24236.47,conflict-at-land,2,48,
24236.822,refuse,0,57,
24240.674,start,6,53,
24242.981,refuse,1,54,
24245.69,conflict-at-land,6,53,
24245.714,refuse,4,55,
24251.47,start,2,48,
24251.822,refuse,0,57,
24257.981,refuse,1,54,
24260.69,refuse,6,53,
24260.714,refuse,4,55,
24266.822,refuse,0,57,
24272.981,refuse,1,54,
24275.69,refuse,6,53,
24275.714,refuse,4,55,
24281.822,refuse,0,57,
24287.981,refuse,1,54,
24290.69,refuse,6,53,
24290.714,refuse,4,55,
24296.822,refuse,0,57,
24302.981,refuse,1,54,
24305.69,refuse,6,53,
24305.714,refuse,4,55,
24307.91,conflict-at-land,2,48,
24311.822,refuse,0,57,
24317.981,refuse,1,54,
24320.69,start,6,53,
24320.714,refuse,4,55,
24322.91,refuse,2,48,
24326.822,refuse,0,57,
24328.346,conflict-at-land,6,53,
24332.981,refuse,1,54,
24335.714,refuse,4,55,
24337.91,start,2,48,
24341.822,refuse,0,57,
24343.346,refuse,6,53,
24347.981,refuse,1,54,
24350.714,refuse,4,55,
24356.822,refuse,0,57,
24358.346,refuse,6,53,
24362.981,refuse,1,54,
24365.714,refuse,4,55,
24371.822,refuse,0,57,
24373.346,refuse,6,53,
24377.981,refuse,1,54,
24380.714,refuse,4,55,
24386.822,refuse,0,57,
24388.346,refuse,6,53,
24392.981,refuse,1,54,
24395.714,refuse,4,55,
24401.822,refuse,0,57,
24403.346,refuse,6,53,
24407.981,refuse,1,54,
24410.714,refuse,4,55,
24416.822,refuse,0,57,
24418.346,refuse,6,53,
24422.981,refuse,1,54,
24425.714,refuse,4,55,
24428.586,conflict-at-land,2,48,
24431.822,refuse,0,57,
24433.346,start,6,53,
24437.981,refuse,1,54,
24440.537,conflict-at-land,6,53,
24440.714,refuse,4,55,
24443.586,start,2,48,
24446.822,refuse,0,57,
24452.981,refuse,1,54,
24455.537,refuse,6,53,
24455.714,refuse,4,55,
24461.822,refuse,0,57,
24467.981,refuse,1,54,
24470.537,refuse,6,53,
24470.714,refuse,4,55,
24476.822,refuse,0,57,
24482.981,refuse,1,54,
24485.537,refuse,6,53,
24485.714,refuse,4,55,
24491.822,refuse,0,57,
24497.981,refuse,1,54,
24500.537,refuse,6,53,
24500.714,refuse,4,55,
24501.397,conflict-at-land,2,48,
24506.822,refuse,0,57,
24512.981,refuse,1,54,
24515.537,start,6,53,
24515.714,refuse,4,55,
24516.397,refuse,2,48,
24520.28,conflict-at-land,6,53,
24521.822,refuse,0,57,
24527.981,refuse,1,54,
24530.714,refuse,4,55,
24531.397,start,2,48,
24535.28,refuse,6,53,
24536.822,refuse,0,57,
24542.981,refuse,1,54,
24545.714,refuse,4,55,
24550.28,refuse,6,53,
24551.822,refuse,0,57,
24557.981,refuse,1,54,
24560.714,refuse,4,55,
24565.28,refuse,6,53,
24566.822,refuse,0,57,
24572.981,refuse,1,54,
24575.714,refuse,4,55,
24580.28,refuse,6,53,
24581.822,refuse,0,57,
24586.304,conflict-at-land,2,48,
24587.981,refuse,1,54,
24590.714,refuse,4,55,
24595.28,start,6,53,
24596.822,refuse,0,57,
24600.562,conflict-at-land,6,53,
24601.304,start,2,48,
24602.981,refuse,1,54,
24605.714,refuse,4,55,
24611.822,refuse,0,57,
24615.562,refuse,6,53,
24617.981,refuse,1,54,
24620.714,refuse,4,55,
24626.822,refuse,0,57,
24630.562,refuse,6,53,
24632.981,refuse,1,54,
24635.714,refuse,4,55,
24641.822,refuse,0,57,
24645.562,refuse,6,53,
24647.981,refuse,1,54,
24650.714,refuse,4,55,
24656.822,refuse,0,57,
24660.562,refuse,6,53,
24662.981,refuse,1,54,
24665.714,refuse,4,55,
24670.118,conflict-at-land,2,48,
24671.822,refuse,0,57,
24675.562,start,6,53,
24677.981,refuse,1,54,
24679.789,conflict-at-land,6,53,
24680.714,refuse,4,55,
24685.118,start,2,48,
24686.822,refuse,0,57,
24692.981,refuse,1,54,
24694.789,refuse,6,53,
24695.714,refuse,4,55,
24701.822,refuse,0,57,
24707.981,refuse,1,54,
24709.789,refuse,6,53,
24710.714,refuse,4,55,
24716.822,refuse,0,57,
24719.725,conflict-at-land,5,56,
24722.981,refuse,1,54,
24724.789,refuse,6,53,
24725.714,refuse,4,55,
24731.822,start,0,57,
24734.725,refuse,5,56,
24737.981,refuse,1,54,
24739.789,refuse,6,53,
24740.714,refuse,4,55,
24745.185,conflict-at-land,0,57,
24749.725,start,5,56,
24752.981,refuse,1,54,
24753.753,conflict-at-land,2,48,
24754.789,start,6,53,
24755.714,refuse,4,55,
24759.672,conflict-at-land,6,53,
24760.185,refuse,0,57,
24767.981,refuse,1,54,
24768.753,start,2,48,
24770.714,refuse,4,55,
24774.672,refuse,6,53,
24775.185,refuse,0,57,
24782.981,refuse,1,54,
24785.714,refuse,4,55,
24789.672,refuse,6,53,
24790.185,refuse,0,57,
24797.981,refuse,1,54,
24800.714,refuse,4,55,
24804.672,refuse,6,53,
24805.185,refuse,0,57,
24812.981,refuse,1,54,
24815.714,refuse,4,55,
24819.231,conflict-at-land,2,48,
24819.672,start,6,53,
24820.185,refuse,0,57,
24826.734,conflict-at-land,6,53,
24827.981,refuse,1,54,
24830.714,refuse,4,55,
24834.231,start,2,48,
24835.185,refuse,0,57,
24841.734,refuse,6,53,
24842.981,refuse,1,54,
24845.714,refuse,4,55,
24850.185,refuse,0,57,
24856.734,refuse,6,53,
24857.981,refuse,1,54,
24860.714,refuse,4,55,
24865.185,refuse,0,57,
24871.734,refuse,6,53,
24872.981,refuse,1,54,
24875.714,refuse,4,55,
24880.185,refuse,0,57,
24886.734,refuse,6,53,
24887.981,refuse,1,54,
24890.714,refuse,4,55,
24895.185,refuse,0,57,
24901.055,conflict-at-land,2,48,
24901.734,start,6,53,
24902.981,refuse,1,54,
24905.714,refuse,4,55,
24907.063,conflict-at-land,6,53,
24910.185,refuse,0,57,
24916.055,start,2,48,
24917.981,refuse,1,54,
24920.714,refuse,4,55,
24922.063,refuse,6,53,
24925.185,refuse,0,57,
24932.981,refuse,1,54,
24935.714,refuse,4,55,
24937.063,refuse,6,53,
24940.185,refuse,0,57,
24944.868,conflict-at-land,3,3,
24947.981,start,1,54,
24950.714,refuse,4,55,
24952.063,refuse,6,53,
24955.185,refuse,0,57,
24959.868,refuse,3,3,
24965.714,refuse,4,55,
24967.063,refuse,6,53,
24970.185,refuse,0,57,
24973.135,conflict-at-land,2,48,
24974.868,refuse,3,3,
24980.714,refuse,4,55,
24982.063,start,6,53,
24985.185,refuse,0,57,
24987.222,conflict-at-land,6,53,
24988.135,start,2,48,
24989.868,refuse,3,3,
24995.714,refuse,4,55,
25000.185,refuse,0,57,
25002.222,refuse,6,53,
25004.809,conflict-at-land,1,54,
25004.868,start,3,3,
25010.714,refuse,4,55,
25015.185,refuse,0,57,
25017.222,refuse,6,53,
25019.809,refuse,1,54,
25025.714,refuse,4,55,
25030.185,refuse,0,57,
25032.222,refuse,6,53,
25032.222,abandon,6,53,
25032.222,start,6,58,
25034.809,refuse,1,54,
25040.714,refuse,4,55,
25045.185,refuse,0,57,
25049.634,conflict-at-land,2,48,
25049.809,refuse,1,54,
25050.41,land,6,58,
25050.41,refuse,6,59,
25055.714,refuse,4,55,
25060.185,refuse,0,57,
25064.634,start,2,48,
25064.809,refuse,1,54,
25065.41,refuse,6,59,
25070.714,refuse,4,55,
25075.185,refuse,0,57,
25079.809,refuse,1,54,
25080.41,refuse,6,59,
25085.714,refuse,4,55,
25090.185,refuse,0,57,
25094.809,refuse,1,54,
25095.41,refuse,6,59,
25100.714,refuse,4,55,
25105.185,refuse,0,57,
25109.809,refuse,1,54,
25110.41,refuse,6,59,
25115.714,refuse,4,55,
25120.185,refuse,0,57,
25124.809,refuse,1,54,
25125.41,refuse,6,59,
25130.714,refuse,4,55,
25135.185,refuse,0,57,
25139.809,refuse,1,54,
25140.41,refuse,6,59,
25145.714,refuse,4,55,
25150.166,conflict-at-land,2,48,
25150.185,refuse,0,57,
25154.809,refuse,1,54,
25155.41,refuse,6,59,
25160.714,refuse,4,55,
25165.166,start,2,48,
25165.185,refuse,0,57,
25169.809,refuse,1,54,
25170.41,refuse,6,59,
25175.714,refuse,4,55,
25180.185,refuse,0,57,
25184.809,refuse,1,54,
25185.41,refuse,6,59,
25190.714,refuse,4,55,
25195.185,refuse,0,57,
25199.809,refuse,1,54,
25200.41,refuse,6,59,
25205.714,refuse,4,55,
25210.185,refuse,0,57,
25214.809,refuse,1,54,
25215.41,refuse,6,59,
25220.714,refuse,4,55,
25225.185,refuse,0,57,
25228.914,conflict-at-land,2,48,
25229.809,refuse,1,54,
25230.41,refuse,6,59,
25235.714,refuse,4,55,
25240.185,refuse,0,57,
25243.914,start,2,48,
25244.809,refuse,1,54,
25245.41,refuse,6,59,
25250.714,refuse,4,55,
25255.185,refuse,0,57,
25259.809,refuse,1,54,
25260.41,refuse,6,59,
25265.714,refuse,4,55,
25270.185,refuse,0,57,
25274.809,refuse,1,54,
25275.41,refuse,6,59,
25280.714,refuse,4,55,
25285.185,refuse,0,57,
25289.809,refuse,1,54,
25290.41,refuse,6,59,
25295.714,refuse,4,55,
25300.185,refuse,0,57,
25304.809,refuse,1,54,
25305.41,refuse,6,59,
25310.714,refuse,4,55,
25312.299,conflict-at-land,2,48,
25315.185,refuse,0,57,
25319.809,refuse,1,54,
25320.41,refuse,6,59,
25325.714,refuse,4,55,
25327.299,start,2,48,
25330.185,refuse,0,57,
25334.809,refuse,1,54,
25335.41,refuse,6,59,
25340.714,refuse,4,55,
25345.185,refuse,0,57,
25349.809,refuse,1,54,
25350.41,refuse,6,59,
25355.714,refuse,4,55,
25360.185,refuse,0,57,
25364.809,refuse,1,54,
25365.41,refuse,6,59,
25370.714,refuse,4,55,
25375.185,refuse,0,57,
25379.809,refuse,1,54,
25380.41,refuse,6,59,
25385.714,refuse,4,55,
25390.185,refuse,0,57,
25394.809,refuse,1,54,
25395.41,refuse,6,59,
25398.589,conflict-at-land,2,48,
25400.714,refuse,4,55,
25405.185,refuse,0,57,
25409.809,refuse,1,54,
25410.41,refuse,6,59,
25413.589,start,2,48,
25415.714,refuse,4,55,
25419.538,conflict-at-land,5,56,
25420.185,start,0,57,
25424.809,refuse,1,54,
25425.41,start,6,59,
25430.714,refuse,4,55,
25434.103,conflict-at-land,0,57,
25434.538,refuse,5,56,
25439.809,refuse,1,54,
25439.809,abandon,1,54,
25439.809,refuse,1,60,
25445.714,refuse,4,55,
25448.653,conflict-at-land,6,59,
25449.103,start,0,57,
25449.538,refuse,5,56,
25454.809,refuse,1,60,
25458.75,conflict-at-land,0,57,
25460.714,refuse,4,55,
25463.653,start,6,59,
25464.538,refuse,5,56,
25469.809,refuse,1,60,
25473.75,start,0,57,
25475.714,refuse,4,55,
25479.538,refuse,5,56,
25484.271,conflict-at-land,0,57,
25484.809,refuse,1,60,
25484.952,conflict-at-land,6,59,
25490.714,refuse,4,55,
25494.538,start,5,56,
25499.271,refuse,0,57,
25499.809,refuse,1,60,
25499.952,refuse,6,59,
25500.376,conflict-at-land,2,48,
25505.714,refuse,4,55,
25514.271,refuse,0,57,
25514.809,refuse,1,60,
25514.952,refuse,6,59,
25515.376,start,2,48,
25520.714,refuse,4,55,
25529.271,refuse,0,57,
25529.809,refuse,1,60,
25529.952,refuse,6,59,
25535.714,refuse,4,55,
25535.714,abandon,4,55,
25535.714,refuse,4,61,
25544.271,refuse,0,57,
25544.809,refuse,1,60,
25544.952,refuse,6,59,
25550.714,refuse,4,61,
25559.271,refuse,0,57,
25559.809,refuse,1,60,
25559.952,refuse,6,59,
25565.714,refuse,4,61,
25574.271,refuse,0,57,
25574.809,refuse,1,60,
25574.952,refuse,6,59,
25580.714,refuse,4,61,
25588.548,conflict-at-land,2,48,
25589.271,refuse,0,57,
25589.809,refuse,1,60,
25589.952,refuse,6,59,
25595.714,refuse,4,61,
25603.548,start,2,48,
25604.271,refuse,0,57,
25604.809,refuse,1,60,
25604.952,refuse,6,59,
25610.714,refuse,4,61,
25619.271,refuse,0,57,
25619.809,refuse,1,60,
25619.952,refuse,6,59,
25625.714,refuse,4,61,
25634.271,refuse,0,57,
25634.809,refuse,1,60,
25634.952,refuse,6,59,
25640.714,refuse,4,61,
25649.271,refuse,0,57,
25649.809,refuse,1,60,
25649.952,refuse,6,59,
25655.714,refuse,4,61,
25664.271,refuse,0,57,
25664.809,refuse,1,60,
25664.952,refuse,6,59,
25670.714,refuse,4,61,
25678.776,conflict-at-land,2,48,
25679.271,refuse,0,57,
25679.809,refuse,1,60,
25679.952,refuse,6,59,
25685.714,refuse,4,61,
25693.776,start,2,48,
25694.271,refuse,0,57,
25694.809,refuse,1,60,
25694.952,refuse,6,59,
25700.714,refuse,4,61,
25709.271,refuse,0,57,
25709.809,refuse,1,60,
25709.952,refuse,6,59,
25715.714,refuse,4,61,
25724.271,refuse,0,57,
25724.809,refuse,1,60,
25724.952,refuse,6,59,
25730.714,refuse,4,61,
25739.271,refuse,0,57,
25739.809,refuse,1,60,
25739.952,refuse,6,59,
25745.714,refuse,4,61,
25754.271,refuse,0,57,
25754.809,refuse,1,60,
25754.952,refuse,6,59,
25758.08,conflict-at-land,2,48,
25760.714,refuse,4,61,
25769.271,refuse,0,57,
25769.809,refuse,1,60,
25769.952,refuse,6,59,
25773.08,start,2,48,
25775.714,refuse,4,61,
25784.271,refuse,0,57,
25784.809,refuse,1,60,
25784.952,refuse,6,59,
25790.714,refuse,4,61,
25799.271,refuse,0,57,
25799.809,refuse,1,60,
25799.952,refuse,6,59,
25805.714,refuse,4,61,
25814.271,refuse,0,57,
25814.809,refuse,1,60,
25814.952,refuse,6,59,
25820.714,refuse,4,61,
25826.592,conflict-at-land,2,48,
25829.271,refuse,0,57,
25829.809,refuse,1,60,
25829.952,refuse,6,59,
25835.714,refuse,4,61,
25841.592,start,2,48,
25844.271,refuse,0,57,
25844.809,refuse,1,60,
25844.952,refuse,6,59,
25850.714,refuse,4,61,
25859.271,refuse,0,57,
25859.809,refuse,1,60,
25859.952,refuse,6,59,
25865.714,refuse,4,61,
25874.271,refuse,0,57,
25874.809,refuse,1,60,
25874.952,refuse,6,59,
25880.714,refuse,4,61,
25889.271,refuse,0,57,
25889.809,refuse,1,60,
25889.952,refuse,6,59,
25892.332,conflict-at-land,2,48,
25895.714,refuse,4,61,
25904.271,refuse,0,57,
25904.809,refuse,1,60,
25904.952,refuse,6,59,
25907.332,start,2,48,
25910.714,refuse,4,61,
25919.271,refuse,0,57,
25919.809,refuse,1,60,
25919.952,refuse,6,59,
25925.714,refuse,4,61,
25934.271,refuse,0,57,
25934.809,refuse,1,60,
25934.952,refuse,6,59,
25940.714,refuse,4,61,
25949.271,refuse,0,57,
25949.809,refuse,1,60,
25949.952,refuse,6,59,
25955.714,refuse,4,61,
25964.271,refuse,0,57,
25964.809,refuse,1,60,
25964.952,refuse,6,59,
25970.714,refuse,4,61,
25979.271,refuse,0,57,
25979.809,refuse,1,60,
25979.952,refuse,6,59,
25985.714,refuse,4,61,
25994.271,refuse,0,57,
25994.809,refuse,1,60,
25994.952,refuse,6,59,
25997.799,conflict-at-land,2,48,
26000.714,refuse,4,61,
26009.271,refuse,0,57,
26009.809,refuse,1,60,
26009.952,refuse,6,59,
26012.799,start,2,48,
26015.714,refuse,4,61,
26024.271,refuse,0,57,
26024.809,refuse,1,60,
26024.952,refuse,6,59,
26030.714,refuse,4,61,
26039.271,refuse,0,57,
26039.809,refuse,1,60,
26039.952,refuse,6,59,
26045.714,refuse,4,61,
26054.271,refuse,0,57,
26054.809,refuse,1,60,
26054.952,refuse,6,59,
26060.714,refuse,4,61,
26069.271,refuse,0,57,
26069.809,refuse,1,60,
26069.952,refuse,6,59,
26075.714,refuse,4,61,
26078.167,conflict-at-land,5,56,
26084.271,start,0,57,
26084.809,refuse,1,60,
26084.952,start,6,59,
26090.714,start,4,61,
26093.167,refuse,5,56,
26094.323,conflict-at-land,4,61,
26095.984,conflict-at-land,0,57,
26098.521,conflict-at-land,6,59,
26099.809,refuse,1,60,
26101.493,conflict-at-land,2,48,
26108.167,start,5,56,
26109.323,refuse,4,61,
26110.984,refuse,0,57,
26113.521,refuse,6,59,
26114.809,refuse,1,60,
26116.493,start,2,48,
26124.323,refuse,4,61,
26125.984,refuse,0,57,
26128.521,refuse,6,59,
26129.809,refuse,1,60,
26139.323,refuse,4,61,
26140.984,refuse,0,57,
26143.521,refuse,6,59,
26144.809,refuse,1,60,
26154.323,refuse,4,61,
26155.984,refuse,0,57,
26158.521,refuse,6,59,
26159.809,refuse,1,60,
26169.323,refuse,4,61,
26170.984,refuse,0,57,
26173.521,refuse,6,59,
26174.809,refuse,1,60,
26184.323,refuse,4,61,
26185.984,refuse,0,57,
26187.209,conflict-at-land,2,48,
26188.521,refuse,6,59,
26189.809,refuse,1,60,
26199.323,refuse,4,61,
26200.984,refuse,0,57,
26202.209,start,2,48,
26203.521,refuse,6,59,
26204.809,refuse,1,60,
26214.323,refuse,4,61,
26215.984,refuse,0,57,
26218.521,refuse,6,59,
26219.809,refuse,1,60,
26229.323,refuse,4,61,
26230.984,refuse,0,57,
26233.521,refuse,6,59,
26234.809,refuse,1,60,
26244.323,refuse,4,61,
26245.984,refuse,0,57,
26248.521,refuse,6,59,
26249.809,refuse,1,60,
26259.323,refuse,4,61,
26260.984,refuse,0,57,
26263.521,refuse,6,59,
26264.809,refuse,1,60,
26274.323,refuse,4,61,
26275.984,refuse,0,57,
26278.521,refuse,6,59,
26279.809,refuse,1,60,
26280.212,conflict-at-land,2,48,
26289.323,refuse,4,61,
26290.984,refuse,0,57,
26293.521,refuse,6,59,
26294.809,refuse,1,60,
26295.212,start,2,48,
26304.323,refuse,4,61,
26305.984,refuse,0,57,
26308.521,refuse,6,59,
26309.809,refuse,1,60,
26319.323,refuse,4,61,
26320.984,refuse,0,57,
26323.521,refuse,6,59,
26324.809,refuse,1,60,
26334.323,refuse,4,61,
26335.984,refuse,0,57,
26338.521,refuse,6,59,
26339.809,refuse,1,60,
26349.323,refuse,4,61,
26350.984,refuse,0,57,
26352.421,conflict-at-land,2,48,
26352.421,abandon,2,48,
26352.421,start,2,62,
26353.521,refuse,6,59,
26354.809,refuse,1,60,
26362.395,conflict-at-land,2,62,
26364.323,refuse,4,61,
26365.984,refuse,0,57,
26368.521,refuse,6,59,
26369.809,refuse,1,60,
26377.395,start,2,62,
26379.323,refuse,4,61,
26380.984,refuse,0,57,
26383.521,refuse,6,59,
26384.809,refuse,1,60,
26391.661,conflict-at-land,2,62,
26394.323,refuse,4,61,
26395.984,refuse,0,57,
26398.521,refuse,6,59,
26399.809,refuse,1,60,
26406.661,start,2,62,
26409.323,refuse,4,61,
26410.984,refuse,0,57,
26413.521,refuse,6,59,
26414.809,refuse,1,60,
26420.35,conflict-at-land,2,62,
26424.323,refuse,4,61,
26425.984,refuse,0,57,
26428.521,refuse,6,59,
26429.809,refuse,1,60,
26435.35,start,2,62,
26439.323,refuse,4,61,
26440.984,refuse,0,57,
26443.521,refuse,6,59,
26444.809,refuse,1,60,
26450.833,conflict-at-land,2,62,
26454.323,refuse,4,61,
26455.984,refuse,0,57,
26458.521,refuse,6,59,
26459.809,refuse,1,60,
26465.833,start,2,62,
26469.323,refuse,4,61,
26470.984,refuse,0,57,
26473.521,refuse,6,59,
26474.809,refuse,1,60,
26477.353,conflict-at-land,2,62,
26484.323,refuse,4,61,
26485.984,refuse,0,57,
26488.521,refuse,6,59,
26489.809,refuse,1,60,
26492.353,start,2,62,
26499.323,refuse,4,61,
26500.984,refuse,0,57,
26503.521,refuse,6,59,
26504.809,refuse,1,60,
26507.749,conflict-at-land,2,62,
26514.323,refuse,4,61,
26515.984,refuse,0,57,
26518.521,refuse,6,59,
26519.809,refuse,1,60,
26522.749,start,2,62,
26529.323,refuse,4,61,
26530.984,refuse,0,57,
26533.521,refuse,6,59,
26534.809,refuse,1,60,
26537.551,conflict-at-land,2,62,
26544.323,refuse,4,61,
26545.984,refuse,0,57,
26548.521,refuse,6,59,
26549.809,refuse,1,60,
26552.551,start,2,62,
26559.323,refuse,4,61,
26560.984,refuse,0,57,
26563.521,refuse,6,59,
26564.605,conflict-at-land,2,62,
26564.809,refuse,1,60,
26574.323,refuse,4,61,
26575.984,refuse,0,57,
26578.521,refuse,6,59,
26579.605,start,2,62,
26579.809,refuse,1,60,
26589.323,refuse,4,61,
26590.984,refuse,0,57,
26593.521,refuse,6,59,
26594.429,conflict-at-land,2,62,
26594.809,refuse,1,60,
26604.323,refuse,4,61,
26605.984,refuse,0,57,
26608.521,refuse,6,59,
26609.429,start,2,62,
26609.809,refuse,1,60,
26618.999,conflict-at-land,2,62,
26619.323,refuse,4,61,
26620.984,refuse,0,57,
26623.521,refuse,6,59,
26624.809,refuse,1,60,
26633.999,start,2,62,
26634.323,refuse,4,61,
26635.984,refuse,0,57,
26638.521,refuse,6,59,
26639.809,refuse,1,60,
26642.906,conflict-at-land,2,62,
26649.323,refuse,4,61,
26650.984,refuse,0,57,
26653.521,refuse,6,59,
26654.809,refuse,1,60,
26657.906,start,2,62,
26664.323,refuse,4,61,
26665.984,refuse,0,57,
26666.73,conflict-at-land,5,56,
26668.521,refuse,6,59,
26669.809,refuse,1,60,
26672.167,conflict-at-land,2,62,
26679.323,start,4,61,
26680.984,start,0,57,
26681.677,conflict-at-land,4,61,
26681.73,refuse,5,56,
26683.521,start,6,59,
26684.809,refuse,1,60,
26687.167,refuse,2,62,
26693.095,conflict-at-land,0,57,
26696.677,start,4,61,
26696.73,refuse,5,56,
26699.809,refuse,1,60,
26700.0,conflict-at-land,4,61,
26702.167,refuse,2,62,
26704.08,conflict-at-land,6,59,
26708.095,start,0,57,
26711.73,refuse,5,56,
26714.809,refuse,1,60,
26715.0,start,4,61,
26717.167,start,2,62,
26718.079,conflict-at-land,0,57,
26718.079,abandon,0,57,
26718.079,start,0,63,
26718.517,conflict-at-land,4,61,
26719.08,refuse,6,59,
26725.874,conflict-at-land,2,62,
26726.73,refuse,5,56,
26729.809,refuse,1,60,
26733.517,start,4,61,
26734.08,start,6,59,
26737.233,conflict-at-land,4,61,
26740.874,refuse,2,62,
26741.73,refuse,5,56,
26744.809,refuse,1,60,
26752.233,start,4,61,
26752.581,conflict-at-land,6,59,
26754.877,conflict-at-land,4,61,
26755.874,start,2,62,
26756.73,refuse,5,56,
26759.809,refuse,1,60,
26767.581,refuse,6,59,
26769.877,start,4,61,
26771.454,conflict-at-land,2,62,
26771.73,refuse,5,56,
26773.286,conflict-at-land,4,61,
26774.809,refuse,1,60,
26782.581,start,6,59,
26786.454,refuse,2,62,
26786.73,refuse,5,56,
26788.286,start,4,61,
26789.809,refuse,1,60,
26791.999,conflict-at-land,4,61,
26801.454,refuse,2,62,
26801.73,refuse,5,56,
26803.73,conflict-at-land,6,59,
26804.809,refuse,1,60,
26806.999,start,4,61,
26810.782,conflict-at-land,4,61,
26816.454,start,2,62,
26816.73,refuse,5,56,
26818.73,refuse,6,59,
26819.809,refuse,1,60,
26825.782,start,4,61,
26828.987,conflict-at-land,2,62,
26829.366,conflict-at-land,4,61,
26830.096,conflict-at-land,0,63,
26831.73,start,5,56,
26833.73,refuse,6,59,
26834.809,refuse,1,60,
26843.987,start,2,62,
26844.366,refuse,4,61,
26845.096,refuse,0,63,
26848.73,refuse,6,59,
26849.809,refuse,1,60,
26854.224,conflict-at-land,2,62,
26859.366,refuse,4,61,
26860.096,refuse,0,63,
26863.73,refuse,6,59,
26864.809,refuse,1,60,
26869.224,start,2,62,
26874.017,conflict-at-land,3,3,
26874.366,refuse,4,61,
26875.096,refuse,0,63,
26878.73,refuse,6,59,
26879.627,conflict-at-land,2,62,
26879.809,refuse,1,60,
26889.017,start,3,3,
26889.366,refuse,4,61,
26890.096,refuse,0,63,
26893.73,refuse,6,59,
26894.627,start,2,62,
26894.809,refuse,1,60,
26903.211,conflict-at-land,2,62,
26904.366,refuse,4,61,
26905.096,refuse,0,63,
26908.73,refuse,6,59,
26909.809,refuse,1,60,
26918.211,start,2,62,
26919.366,refuse,4,61,
26920.096,refuse,0,63,
26923.73,refuse,6,59,
26924.809,refuse,1,60,
26931.074,conflict-at-land,2,62,
26934.366,refuse,4,61,
26935.096,refuse,0,63,
26938.73,refuse,6,59,
26939.809,refuse,1,60,
26946.074,start,2,62,
26949.366,refuse,4,61,
26950.096,refuse,0,63,
26953.73,refuse,6,59,
26954.809,refuse,1,60,
26957.356,conflict-at-land,2,62,
26964.366,refuse,4,61,
26965.096,refuse,0,63,
26968.73,refuse,6,59,
26969.809,refuse,1,60,
26972.356,start,2,62,
26979.366,refuse,4,61,
26980.096,refuse,0,63,
26983.73,refuse,6,59,
26984.809,refuse,1,60,
26987.311,conflict-at-land,2,62,
26994.366,refuse,4,61,
26995.096,refuse,0,63,
26998.73,refuse,6,59,
26999.809,refuse,1,60,
27002.311,start,2,62,
27009.366,refuse,4,61,
27010.096,refuse,0,63,
27011.078,conflict-at-land,2,62,
27013.73,refuse,6,59,
27014.809,refuse,1,60,
27024.366,refuse,4,61,
27025.096,refuse,0,63,
27026.078,start,2,62,
27028.73,refuse,6,59,
27029.809,refuse,1,60,
27039.366,refuse,4,61,
27040.096,refuse,0,63,
27040.116,conflict-at-land,2,62,
27043.73,refuse,6,59,
27044.809,refuse,1,60,
27054.366,refuse,4,61,
27055.096,refuse,0,63,
27055.116,start,2,62,
27058.73,refuse,6,59,
27059.809,refuse,1,60,
27064.92,conflict-at-land,2,62,
27069.366,refuse,4,61,
27070.096,refuse,0,63,
27073.73,refuse,6,59,
27074.809,refuse,1,60,
27079.92,start,2,62,
27084.366,refuse,4,61,
27085.096,refuse,0,63,
27088.73,refuse,6,59,
27089.809,refuse,1,60,
27090.652,conflict-at-land,2,62,
27099.366,refuse,4,61,
27100.096,refuse,0,63,
27103.73,refuse,6,59,
27104.809,refuse,1,60,
27105.652,start,2,62,
27114.366,refuse,4,61,
27115.096,refuse,0,63,
27116.158,conflict-at-land,2,62,
27118.73,refuse,6,59,
27119.809,refuse,1,60,
27129.366,refuse,4,61,
27130.096,refuse,0,63,
27131.158,start,2,62,
27133.73,refuse,6,59,
27134.809,refuse,1,60,
27144.366,refuse,4,61,
27145.096,refuse,0,63,
27146.451,conflict-at-land,2,62,
27148.73,refuse,6,59,
27149.809,refuse,1,60,
27159.366,refuse,4,61,
27160.096,refuse,0,63,
27161.451,start,2,62,
27163.73,refuse,6,59,
27164.809,refuse,1,60,
27174.366,refuse,4,61,
27174.502,conflict-at-land,2,62,
27175.096,refuse,0,63,
27178.73,refuse,6,59,
27179.809,refuse,1,60,
27189.366,refuse,4,61,
27189.502,start,2,62,
27190.096,refuse,0,63,
27193.73,refuse,6,59,
27194.809,refuse,1,60,
27201.267,conflict-at-land,2,62,
27204.366,refuse,4,61,
27205.096,refuse,0,63,
27208.73,refuse,6,59,
27209.809,refuse,1,60,
27216.267,start,2,62,
27219.366,refuse,4,61,
27220.096,refuse,0,63,
27223.73,refuse,6,59,
27224.809,refuse,1,60,
27225.994,conflict-at-land,2,62,
27234.366,refuse,4,61,
27235.096,refuse,0,63,
27238.73,refuse,6,59,
27239.809,refuse,1,60,
27240.994,start,2,62,
27249.366,refuse,4,61,
27249.737,conflict-at-land,2,62,
27250.096,refuse,0,63,
27253.73,refuse,6,59,
27254.809,refuse,1,60,
27264.366,refuse,4,61,
27264.737,start,2,62,
27265.096,refuse,0,63,
27268.73,refuse,6,59,
27269.809,refuse,1,60,
27275.782,conflict-at-land,2,62,
27279.366,refuse,4,61,
27280.096,refuse,0,63,
27283.73,refuse,6,59,
27284.809,refuse,1,60,
27290.782,start,2,62,
27294.366,refuse,4,61,
27295.096,refuse,0,63,
27298.73,refuse,6,59,
27299.809,refuse,1,60,
27306.196,conflict-at-land,2,62,
27309.366,refuse,4,61,
27310.096,refuse,0,63,
27313.73,refuse,6,59,
27314.809,refuse,1,60,
27321.196,start,2,62,
27324.366,refuse,4,61,
27325.096,refuse,0,63,
27328.73,refuse,6,59,
27329.809,refuse,1,60,
27332.796,conflict-at-land,2,62,
27339.366,refuse,4,61,
27340.096,refuse,0,63,
27343.73,refuse,6,59,
27344.809,refuse,1,60,
27347.796,start,2,62,
27354.366,refuse,4,61,
27355.096,refuse,0,63,
27358.73,refuse,6,59,
27359.809,refuse,1,60,
27361.059,conflict-at-land,2,62,
27369.366,refuse,4,61,
27370.096,refuse,0,63,
27373.73,refuse,6,59,
27374.809,refuse,1,60,
27376.059,start,2,62,
27384.366,refuse,4,61,
27385.096,refuse,0,63,
27388.73,refuse,6,59,
27389.809,refuse,1,60,
27390.364,conflict-at-land,5,56,
27390.798,conflict-at-land,2,62,
27399.366,start,4,61,
27400.096,start,0,63,
27401.551,conflict-at-land,4,61,
27403.73,start,6,59,
27404.809,refuse,1,60,
27405.364,refuse,5,56,
27405.798,refuse,2,62,
27416.551,start,4,61,
27419.058,conflict-at-land,4,61,
27419.809,refuse,1,60,
27420.364,refuse,5,56,
27420.798,refuse,2,62,
27420.843,conflict-at-land,6,59,
27434.058,start,4,61,
27434.809,refuse,1,60,
27435.364,refuse,5,56,
27435.798,start,2,62,
27435.843,refuse,6,59,
27436.848,conflict-at-land,4,61,
27449.105,conflict-at-land,2,62,
27449.809,refuse,1,60,
27450.364,refuse,5,56,
27450.843,start,6,59,
27451.848,start,4,61,
27455.197,conflict-at-land,4,61,
27464.105,refuse,2,62,
27464.809,refuse,1,60,
27464.897,conflict-at-land,6,59,
27465.364,refuse,5,56,
27470.197,start,4,61,
27472.831,conflict-at-land,4,61,
27479.105,start,2,62,
27479.809,refuse,1,60,
27479.897,refuse,6,59,
27480.364,refuse,5,56,
27487.831,start,4,61,
27490.244,conflict-at-land,4,61,
27492.237,conflict-at-land,2,62,
27494.809,refuse,1,60,
27494.897,start,6,59,
27495.364,refuse,5,56,
27496.492,conflict-at-land,0,63,
27505.244,start,4,61,
27507.237,refuse,2,62,
27508.098,conflict-at-land,4,61,
27509.809,refuse,1,60,
27510.364,refuse,5,56,
27511.492,start,0,63,
27516.022,conflict-at-land,6,59,
27522.237,start,2,62,
27523.098,start,4,61,
27524.809,refuse,1,60,
27525.364,refuse,5,56,
27526.245,conflict-at-land,4,61,
27531.022,refuse,6,59,
27537.603,conflict-at-land,2,62,
27539.809,refuse,1,60,
27540.364,refuse,5,56,
27541.245,start,4,61,
27543.383,conflict-at-land,4,61,
27546.022,start,6,59,
27552.603,refuse,2,62,
27554.809,refuse,1,60,
27555.364,refuse,5,56,
27558.383,start,4,61,
27562.24,conflict-at-land,4,61,
27562.576,conflict-at-land,6,59,
27567.603,start,2,62,
27569.809,refuse,1,60,
27570.364,refuse,5,56,
27577.24,start,4,61,
27577.576,refuse,6,59,
27580.698,conflict-at-land,2,62,
27580.705,conflict-at-land,4,61,
27584.809,refuse,1,60,
27585.364,refuse,5,56,
27592.576,start,6,59,
27595.698,refuse,2,62,
27595.705,start,4,61,
27599.498,conflict-at-land,4,61,
27599.809,refuse,1,60,
27600.364,refuse,5,56,
27610.319,conflict-at-land,6,59,
27610.698,start,2,62,
27614.498,start,4,61,
27614.809,refuse,1,60,
27615.364,refuse,5,56,
27617.701,conflict-at-land,4,61,
27625.319,refuse,6,59,
27625.628,conflict-at-land,2,62,
27629.809,refuse,1,60,
27630.364,refuse,5,56,
27632.701,start,4,61,
27635.862,conflict-at-land,4,61,
27640.319,start,6,59,
27640.628,refuse,2,62,
27641.03,conflict-at-land,0,63,
27644.809,refuse,1,60,
27645.364,refuse,5,56,
27650.862,start,4,61,
27652.975,conflict-at-land,4,61,
27654.033,conflict-at-land,6,59,
27655.628,start,2,62,
27656.03,start,0,63,
27659.809,refuse,1,60,
27660.364,refuse,5,56,
27665.507,conflict-at-land,2,62,
27667.975,start,4,61,
27669.033,start,6,59,
27671.6,conflict-at-land,4,61,
27674.809,refuse,1,60,
27675.364,refuse,5,56,
27680.507,refuse,2,62,
27686.6,start,4,61,
27689.809,refuse,1,60,
27689.946,conflict-at-land,6,59,
27690.297,conflict-at-land,4,61,
27690.364,refuse,5,56,
27695.507,start,2,62,
27704.127,conflict-at-land,2,62,
27704.809,refuse,1,60,
27704.946,start,6,59,
27705.297,start,4,61,
27705.364,refuse,5,56,
27707.857,conflict-at-land,4,61,
27717.855,conflict-at-land,6,59,
27719.127,start,2,62,
27719.809,refuse,1,60,
27720.364,refuse,5,56,
27722.857,start,4,61,
27726.011,conflict-at-land,4,61,
27727.657,conflict-at-land,2,62,
27732.855,start,6,59,
27734.809,refuse,1,60,
27735.364,refuse,5,56,
27741.011,start,4,61,
27742.657,refuse,2,62,
27744.729,conflict-at-land,4,61,
27749.809,refuse,1,60,
27750.364,refuse,5,56,
27755.495,conflict-at-land,6,59,
27757.657,start,2,62,
27759.729,start,4,61,
27763.025,conflict-at-land,4,61,
27764.809,refuse,1,60,
27765.364,refuse,5,56,
27766.822,conflict-at-land,2,62,
27770.495,start,6,59,
27778.025,start,4,61,
27778.334,conflict-at-land,0,63,
27779.809,refuse,1,60,
27780.364,refuse,5,56,
27781.308,conflict-at-land,4,61,
27781.822,refuse,2,62,
27790.342,conflict-at-land,6,59,
27793.334,start,0,63,
27794.809,refuse,1,60,
27795.364,refuse,5,56,
27796.308,start,4,61,
27796.822,start,2,62,
27798.834,conflict-at-land,4,61,
27805.342,refuse,6,59,
27809.809,refuse,1,60,
27810.364,refuse,5,56,
27811.603,conflict-at-land,2,62,
27813.834,start,4,61,
27817.56,conflict-at-land,4,61,
27820.342,start,6,59,
27824.809,refuse,1,60,
27825.364,refuse,5,56,
27826.603,refuse,2,62,
27832.56,start,4,61,
27835.639,conflict-at-land,4,61,
27839.809,refuse,1,60,
27840.364,refuse,5,56,
27840.68,conflict-at-land,6,59,
27841.603,start,2,62,
27850.24,conflict-at-land,2,62,
27850.639,start,4,61,
27853.237,conflict-at-land,4,61,
27854.809,refuse,1,60,
27855.364,refuse,5,56,
27855.68,start,6,59,
27865.24,refuse,2,62,
27868.237,start,4,61,
27869.809,refuse,1,60,
27870.364,refuse,5,56,
27870.774,conflict-at-land,4,61,
27870.868,conflict-at-land,6,59,
27880.24,start,2,62,
27884.809,refuse,1,60,
27885.364,refuse,5,56,
27885.774,start,4,61,
27885.868,refuse,6,59,
27889.076,conflict-at-land,4,61,
27890.196,conflict-at-land,2,62,
27895.604,conflict-at-land,0,63,
27899.809,refuse,1,60,
27900.364,start,5,56,
27900.868,refuse,6,59,
27904.076,refuse,4,61,
27905.196,start,2,62,
27910.604,refuse,0,63,
27914.809,refuse,1,60,
27914.862,conflict-at-land,2,62,
27915.868,refuse,6,59,
27919.076,refuse,4,61,
27925.604,refuse,0,63,
27929.809,refuse,1,60,
27929.862,start,2,62,
27930.868,refuse,6,59,
27934.076,refuse,4,61,
27940.604,refuse,0,63,
27944.756,conflict-at-land,2,62,
27944.809,refuse,1,60,
27945.868,refuse,6,59,
27949.076,refuse,4,61,
27955.604,refuse,0,63,
27959.756,start,2,62,
27959.809,refuse,1,60,
27960.868,refuse,6,59,
27964.076,refuse,4,61,
27968.16,conflict-at-land,2,62,
27970.604,refuse,0,63,
27974.809,refuse,1,60,
27975.868,refuse,6,59,
27979.076,refuse,4,61,
27983.16,start,2,62,
27985.604,refuse,0,63,
27989.809,refuse,1,60,
27990.868,refuse,6,59,
27994.076,refuse,4,61,
27998.44,conflict-at-land,2,62,
28000.604,refuse,0,63,
28004.809,refuse,1,60,
28005.868,refuse,6,59,
28009.076,refuse,4,61,
28013.44,start,2,62,
28015.604,refuse,0,63,
28019.809,refuse,1,60,
28020.868,refuse,6,59,
28024.076,refuse,4,61,
28026.038,conflict-at-land,2,62,
28030.604,refuse,0,63,
28034.809,refuse,1,60,
28035.868,refuse,6,59,
28039.076,refuse,4,61,
28041.038,start,2,62,
28045.604,refuse,0,63,
28049.809,refuse,1,60,
28050.868,refuse,6,59,
28054.076,refuse,4,61,
28054.084,conflict-at-land,2,62,
28060.604,refuse,0,63,
28064.809,refuse,1,60,
28065.868,refuse,6,59,
28069.076,refuse,4,61,
28069.084,start,2,62,
28075.604,refuse,0,63,
28079.511,conflict-at-land,2,62,
28079.809,refuse,1,60,
28080.868,refuse,6,59,
28084.076,refuse,4,61,
28090.604,refuse,0,63,
28094.511,start,2,62,
28094.809,refuse,1,60,
28095.868,refuse,6,59,
28099.076,refuse,4,61,
28105.604,refuse,0,63,
28107.889,conflict-at-land,2,62,
28109.809,refuse,1,60,
28110.868,refuse,6,59,
28114.076,refuse,4,61,
28120.604,refuse,0,63,
28122.889,start,2,62,
28124.809,refuse,1,60,
28125.868,refuse,6,59,
28129.076,refuse,4,61,
28135.604,refuse,0,63,
28137.599,conflict-at-land,2,62,
28139.809,refuse,1,60,
28140.868,refuse,6,59,
28144.076,refuse,4,61,
28150.604,refuse,0,63,
28152.599,start,2,62,
28154.809,refuse,1,60,
28155.868,refuse,6,59,
28159.076,refuse,4,61,
28162.477,conflict-at-land,2,62,
28165.604,refuse,0,63,
28169.809,refuse,1,60,
28170.868,refuse,6,59,
28174.076,refuse,4,61,
28177.477,start,2,62,
28180.604,refuse,0,63,
28184.809,refuse,1,60,
28185.868,refuse,6,59,
28186.826,conflict-at-land,2,62,
28189.076,refuse,4,61,
28195.604,refuse,0,63,
28199.809,refuse,1,60,
28200.868,refuse,6,59,
28201.826,start,2,62,
28204.076,refuse,4,61,
28210.604,refuse,0,63,
28214.809,refuse,1,60,
28215.868,refuse,6,59,
28215.899,conflict-at-land,2,62,
28219.076,refuse,4,61,
28225.604,refuse,0,63,
28229.809,refuse,1,60,
28230.868,refuse,6,59,
28230.899,start,2,62,
28234.076,refuse,4,61,
28240.604,refuse,0,63,
28241.093,conflict-at-land,2,62,
28244.809,refuse,1,60,
28245.868,refuse,6,59,
28249.076,refuse,4,61,
28255.604,refuse,0,63,
28256.093,start,2,62,
28259.809,refuse,1,60,
28260.868,refuse,6,59,
28264.076,refuse,4,61,
28265.253,conflict-at-land,2,62,
28270.604,refuse,0,63,
28274.809,refuse,1,60,
28275.868,refuse,6,59,
28279.076,refuse,4,61,
28280.253,start,2,62,
28285.604,refuse,0,63,
28289.809,refuse,1,60,
28290.868,refuse,6,59,
28292.195,conflict-at-land,2,62,
28294.076,refuse,4,61,
28300.604,refuse,0,63,
28304.809,refuse,1,60,
28305.868,refuse,6,59,
28307.195,start,2,62,
28309.076,refuse,4,61,
28315.604,refuse,0,63,
28316.94,conflict-at-land,2,62,
28319.809,refuse,1,60,
28320.868,refuse,6,59,
28324.076,refuse,4,61,
28330.604,refuse,0,63,
28331.94,start,2,62,
28334.809,refuse,1,60,
28335.868,refuse,6,59,
28339.076,refuse,4,61,
28341.877,conflict-at-land,2,62,
28345.604,refuse,0,63,
28349.809,refuse,1,60,
28350.868,refuse,6,59,
28354.076,refuse,4,61,
28356.877,start,2,62,
28360.604,refuse,0,63,
28364.809,refuse,1,60,
28365.868,refuse,6,59,
28367.32,conflict-at-land,2,62,
28369.076,refuse,4,61,
28375.604,refuse,0,63,
28379.809,refuse,1,60,
28380.868,refuse,6,59,
28380.868,abandon,6,59,
28380.868,refuse,6,64,
28382.32,start,2,62,
28384.076,refuse,4,61,
28390.604,refuse,0,63,
28391.328,conflict-at-land,2,62,
28394.809,refuse,1,60,
28395.868,refuse,6,64,
28399.076,refuse,4,61,
28405.604,refuse,0,63,
28406.328,start,2,62,
28409.809,refuse,1,60,
28410.868,refuse,6,64,
28414.076,refuse,4,61,
28420.604,refuse,0,63,
28420.625,conflict-at-land,2,62,
28424.809,refuse,1,60,
28425.868,refuse,6,64,
28429.076,refuse,4,61,
28435.604,refuse,0,63,
28435.625,start,2,62,
28439.809,refuse,1,60,
28439.809,abandon,1,60,
28439.809,refuse,1,65,
28440.868,refuse,6,64,
28444.076,refuse,4,61,
28448.095,conflict-at-land,2,62,
28450.604,refuse,0,63,
28454.809,refuse,1,65,
28455.868,refuse,6,64,
28459.076,refuse,4,61,
28463.095,start,2,62,
28465.604,refuse,0,63,
28469.809,refuse,1,65,
28470.868,refuse,6,64,
28474.076,refuse,4,61,
28476.199,conflict-at-land,2,62,
28480.604,refuse,0,63,
28484.809,refuse,1,65,
28485.868,refuse,6,64,
28489.076,refuse,4,61,
28491.199,start,2,62,
28495.604,refuse,0,63,
28499.809,refuse,1,65,
28500.868,refuse,6,64,
28501.701,conflict-at-land,2,62,
28504.076,refuse,4,61,
28510.604,refuse,0,63,
28514.809,refuse,1,65,
28515.868,refuse,6,64,
28516.701,start,2,62,
28518.59,conflict-at-land,5,56,
28519.076,start,4,61,
28522.906,conflict-at-land,4,61,
28525.604,start,0,63,
28529.809,refuse,1,65,
28530.683,conflict-at-land,2,62,
28530.868,start,6,64,
28533.59,refuse,5,56,
28535.221,conflict-at-land,6,64,
28537.906,start,4,61,
28540.565,conflict-at-land,4,61,
28544.809,refuse,1,65,
28545.683,start,2,62,
28548.59,refuse,5,56,
28550.221,start,6,64,
28554.727,conflict-at-land,2,62,
28555.565,start,4,61,
28556.13,conflict-at-land,6,64,
28558.848,conflict-at-land,4,61,
28559.809,refuse,1,65,
28563.59,refuse,5,56,
28569.727,start,2,62,
28571.13,start,6,64,
28573.848,start,4,61,
28574.809,refuse,1,65,
28576.606,conflict-at-land,6,64,
28577.683,conflict-at-land,4,61,
28578.59,refuse,5,56,
28582.507,conflict-at-land,2,62,
28589.809,refuse,1,65,
28591.606,start,6,64,
28592.683,start,4,61,
28593.59,refuse,5,56,
28596.577,conflict-at-land,4,61,
28597.507,start,2,62,
28598.052,conflict-at-land,6,64,
28604.809,refuse,1,65,
28608.59,refuse,5,56,
28608.971,conflict-at-land,2,62,
28611.577,start,4,61,
28613.052,start,6,64,
28614.838,conflict-at-land,4,61,
28617.609,conflict-at-land,6,64,
28619.809,refuse,1,65,
28623.59,refuse,5,56,
28623.971,start,2,62,
28629.838,start,4,61,
28632.609,start,6,64,
28633.101,conflict-at-land,4,61,
28634.809,refuse,1,65,
28636.229,conflict-at-land,2,62,
28637.647,conflict-at-land,6,64,
28638.59,refuse,5,56,
28648.101,start,4,61,
28649.809,refuse,1,65,
28651.229,start,2,62,
28651.325,conflict-at-land,4,61,
28652.647,start,6,64,
28653.59,refuse,5,56,
28658.509,conflict-at-land,6,64,
28660.581,conflict-at-land,2,62,
28664.809,refuse,1,65,
28665.979,conflict-at-land,0,63,
28666.325,start,4,61,
28668.59,refuse,5,56,
28669.518,conflict-at-land,4,61,
28673.509,start,6,64,
28675.581,start,2,62,
28679.436,conflict-at-land,6,64,
28679.809,start,1,65,
28680.979,refuse,0,63,
28683.59,refuse,5,56,
28684.518,start,4,61,
28685.071,conflict-at-land,2,62,
28687.292,conflict-at-land,4,61,
28687.292,abandon,4,61,
28687.292,refuse,4,66,
28692.021,conflict-at-land,1,65,
28694.436,start,6,64,
28695.979,start,0,63,
28698.59,refuse,5,56,
28700.071,start,2,62,
28700.983,conflict-at-land,6,64,
28702.292,refuse,4,66,
28707.021,refuse,1,65,
28709.917,conflict-at-land,2,62,
28713.59,refuse,5,56,
28715.983,start,6,64,
28717.292,refuse,4,66,
28721.4,conflict-at-land,6,64,
28722.021,refuse,1,65,
28724.917,start,2,62,
28728.59,refuse,5,56,
28732.292,refuse,4,66,
28735.538,conflict-at-land,2,62,
28736.4,start,6,64,
28737.021,refuse,1,65,
28741.096,conflict-at-land,6,64,
28743.59,refuse,5,56,
28747.292,refuse,4,66,
28750.538,start,2,62,
28752.021,refuse,1,65,
28756.096,start,6,64,
28758.59,refuse,5,56,
28761.991,conflict-at-land,6,64,
28762.292,refuse,4,66,
28763.179,conflict-at-land,2,62,
28767.021,refuse,1,65,
28773.59,refuse,5,56,
28776.991,start,6,64,
28777.292,refuse,4,66,
28778.179,start,2,62,
28782.021,refuse,1,65,
28782.363,conflict-at-land,6,64,
28786.591,conflict-at-land,2,62,
28788.59,refuse,5,56,
28792.292,refuse,4,66,
28796.858,conflict-at-land,3,3,
28797.021,refuse,1,65,
28797.363,start,6,64,
28799.636,conflict-at-land,0,63,
28801.591,start,2,62,
28803.59,refuse,5,56,
28804.853,conflict-at-land,6,64,
28807.292,start,4,66,
28810.317,conflict-at-land,2,62,
28811.858,start,3,3,
28812.021,refuse,1,65,
28814.636,refuse,0,63,
28818.59,refuse,5,56,
28819.853,start,6,64,
28825.317,start,2,62,
28825.75,conflict-at-land,4,66,
28826.895,conflict-at-land,6,64,
28827.021,start,1,65,
28829.636,refuse,0,63,
28833.59,refuse,5,56,
28840.46,conflict-at-land,2,62,
28840.75,refuse,4,66,
28841.895,start,6,64,
28844.353,conflict-at-land,1,65,
28844.636,start,0,63,
28846.837,conflict-at-land,6,64,
28848.59,refuse,5,56,
28855.46,start,2,62,
28855.75,refuse,4,66,
28859.353,refuse,1,65,
28861.837,start,6,64,
28863.59,refuse,5,56,
28864.094,conflict-at-land,2,62,
28866.441,conflict-at-land,6,64,
28870.75,refuse,4,66,
28874.353,refuse,1,65,
28878.59,refuse,5,56,
28879.094,start,2,62,
28881.441,start,6,64,
28885.75,refuse,4,66,
28887.669,conflict-at-land,6,64,
28888.299,conflict-at-land,2,62,
28889.353,refuse,1,65,
28893.59,refuse,5,56,
28900.75,refuse,4,66,
28902.669,start,6,64,
28903.299,start,2,62,
28904.353,refuse,1,65,
28908.59,refuse,5,56,
28909.006,conflict-at-land,6,64,
28915.75,refuse,4,66,
28916.211,conflict-at-land,2,62,
28919.353,refuse,1,65,
28923.59,refuse,5,56,
28924.006,start,6,64,
28930.75,refuse,4,66,
28931.211,start,2,62,
28931.619,conflict-at-land,6,64,
28934.353,refuse,1,65,
28938.59,refuse,5,56,
28945.028,conflict-at-land,2,62,
28945.75,refuse,4,66,
28946.619,start,6,64,
28949.353,refuse,1,65,
28953.497,conflict-at-land,6,64,
28953.59,refuse,5,56,
28960.028,start,2,62,
28960.75,refuse,4,66,
28964.353,refuse,1,65,
28968.497,start,6,64,
28968.59,refuse,5,56,
28969.673,conflict-at-land,2,62,
28974.621,conflict-at-land,0,63,
28975.75,start,4,66,
28975.975,conflict-at-land,6,64,
28979.353,refuse,1,65,
28983.59,refuse,5,56,
28984.673,start,2,62,
28989.621,refuse,0,63,
28990.975,start,6,64,
28994.353,refuse,1,65,
28995.465,conflict-at-land,6,64,
28998.59,refuse,5,56,
28999.036,conflict-at-land,2,62,
29004.621,refuse,0,63,
29005.783,conflict-at-land,4,66,
29009.353,start,1,65,
29010.465,start,6,64,
29013.59,refuse,5,56,
29014.036,start,2,62,
29016.535,conflict-at-land,6,64,
29019.621,refuse,0,63,
29020.783,refuse,4,66,
29026.279,conflict-at-land,1,65,
29026.304,conflict-at-land,2,62,
29028.59,start,5,56,
29031.535,refuse,6,64,
29034.621,refuse,0,63,
29035.783,refuse,4,66,
29041.279,refuse,1,65,
29041.304,start,2,62,
29046.535,refuse,6,64,
29049.621,refuse,0,63,
29050.783,refuse,4,66,
29055.269,conflict-at-land,2,62,
29056.279,refuse,1,65,
29061.535,refuse,6,64,
29064.621,refuse,0,63,
29065.783,refuse,4,66,
29070.269,start,2,62,
29071.279,refuse,1,65,
29076.535,refuse,6,64,
29079.621,refuse,0,63,
29080.783,refuse,4,66,
29084.477,conflict-at-land,2,62,
29086.279,refuse,1,65,
29091.535,refuse,6,64,
29094.621,refuse,0,63,
29095.783,refuse,4,66,
29099.477,start,2,62,
29101.279,refuse,1,65,
29106.535,refuse,6,64,
29109.621,refuse,0,63,
29110.783,refuse,4,66,
29113.419,conflict-at-land,2,62,
29116.279,refuse,1,65,
29121.535,refuse,6,64,
29124.621,refuse,0,63,
29125.783,refuse,4,66,
29128.419,start,2,62,
29131.279,refuse,1,65,
29136.535,refuse,6,64,
29138.993,conflict-at-land,2,62,
29139.621,refuse,0,63,
29140.783,refuse,4,66,
29146.279,refuse,1,65,
29151.535,refuse,6,64,
29153.993,start,2,62,
29154.621,refuse,0,63,
29155.783,refuse,4,66,
29161.279,refuse,1,65,
29166.535,refuse,6,64,
29167.694,conflict-at-land,2,62,
29169.621,refuse,0,63,
29170.783,refuse,4,66,
29176.279,refuse,1,65,
29181.535,refuse,6,64,
29182.694,start,2,62,
29184.621,refuse,0,63,
29185.783,refuse,4,66,
29191.279,refuse,1,65,
29191.716,conflict-at-land,2,62,
29196.535,refuse,6,64,
29199.621,refuse,0,63,
29200.783,refuse,4,66,
29206.279,refuse,1,65,
29206.716,start,2,62,
29211.535,refuse,6,64,
29214.621,refuse,0,63,
29215.783,refuse,4,66,
29220.017,conflict-at-land,2,62,
29221.279,refuse,1,65,
29226.535,refuse,6,64,
29229.621,refuse,0,63,
29230.783,refuse,4,66,
29235.017,start,2,62,
29236.279,refuse,1,65,
29241.535,refuse,6,64,
29243.636,conflict-at-land,2,62,
29244.621,refuse,0,63,
29245.783,refuse,4,66,
29251.279,refuse,1,65,
29256.535,refuse,6,64,
29258.636,start,2,62,
29259.621,refuse,0,63,
29260.783,refuse,4,66,
29266.279,refuse,1,65,
29267.08,conflict-at-land,2,62,
29271.535,refuse,6,64,
29274.621,refuse,0,63,
29275.783,refuse,4,66,
29281.279,refuse,1,65,
29282.08,start,2,62,
29286.535,refuse,6,64,
29289.621,refuse,0,63,
29290.783,refuse,4,66,
29291.231,conflict-at-land,2,62,
29296.279,refuse,1,65,
29301.535,refuse,6,64,
29304.621,refuse,0,63,
29305.783,refuse,4,66,
29306.231,start,2,62,
29311.279,refuse,1,65,
29316.535,refuse,6,64,
29319.331,conflict-at-land,2,62,
29319.621,refuse,0,63,
29320.783,refuse,4,66,
29326.279,refuse,1,65,
29331.535,refuse,6,64,
29334.331,start,2,62,
29334.621,refuse,0,63,
29335.783,refuse,4,66,
29341.279,refuse,1,65,
29346.535,refuse,6,64,
29349.621,refuse,0,63,
29349.814,conflict-at-land,2,62,
29350.783,refuse,4,66,
29356.279,refuse,1,65,
29361.535,refuse,6,64,
29364.621,refuse,0,63,
29364.814,start,2,62,
29365.783,refuse,4,66,
29371.279,refuse,1,65,
29376.535,refuse,6,64,
29376.581,conflict-at-land,2,62,
29379.621,refuse,0,63,
29380.783,refuse,4,66,
29386.279,refuse,1,65,
29391.535,refuse,6,64,
29391.581,start,2,62,
29394.621,refuse,0,63,
29395.783,refuse,4,66,
29401.279,refuse,1,65,
29404.621,conflict-at-land,2,62,
29406.535,refuse,6,64,
29409.621,refuse,0,63,
29410.783,refuse,4,66,
29416.279,refuse,1,65,
29419.621,start,2,62,
29421.535,refuse,6,64,
29424.621,refuse,0,63,
29425.783,refuse,4,66,
29431.279,refuse,1,65,
29432.242,conflict-at-land,2,62,
29436.535,refuse,6,64,
29439.621,refuse,0,63,
29440.783,refuse,4,66,
29446.279,refuse,1,65,
29447.242,start,2,62,
29451.535,refuse,6,64,
29454.621,refuse,0,63,
29455.783,refuse,4,66,
29461.279,refuse,1,65,
29461.7,conflict-at-land,2,62,
29466.535,refuse,6,64,
29469.621,refuse,0,63,
29470.783,refuse,4,66,
29476.279,refuse,1,65,
29476.7,start,2,62,
29481.535,refuse,6,64,
29484.621,refuse,0,63,
29485.783,refuse,4,66,
29491.279,refuse,1,65,
29492.081,conflict-at-land,2,62,
29496.535,refuse,6,64,
29499.621,refuse,0,63,
29500.783,refuse,4,66,
29506.279,refuse,1,65,
29507.081,start,2,62,
29508.859,conflict-at-land,5,56,
29511.535,start,6,64,
29514.621,start,0,63,
29515.783,refuse,4,66,
29516.929,conflict-at-land,6,64,
29521.279,refuse,1,65,
29521.369,conflict-at-land,2,62,
29523.859,refuse,5,56,
29530.783,refuse,4,66,
29531.929,start,6,64,
29536.279,refuse,1,65,
29536.369,start,2,62,
29538.859,refuse,5,56,
29539.345,conflict-at-land,6,64,
29545.783,refuse,4,66,
29546.778,conflict-at-land,2,62,
29551.279,refuse,1,65,
29553.859,refuse,5,56,
29554.345,start,6,64,
29560.783,refuse,4,66,
29561.276,conflict-at-land,6,64,
29561.778,start,2,62,
29566.279,refuse,1,65,
29568.859,refuse,5,56,
29575.783,refuse,4,66,
29576.276,start,6,64,
29576.406,conflict-at-land,2,62,
29581.081,conflict-at-land,6,64,
29581.279,refuse,1,65,
29583.859,refuse,5,56,
29590.783,refuse,4,66,
29591.406,start,2,62,
29594.878,conflict-at-land,0,63,
29596.081,start,6,64,
29596.279,start,1,65,
29598.859,refuse,5,56,
29601.203,conflict-at-land,2,62,
29601.802,conflict-at-land,6,64,
29605.783,refuse,4,66,
29609.878,refuse,0,63,
29613.859,refuse,5,56,
29614.376,conflict-at-land,1,65,
29616.203,start,2,62,
29616.802,start,6,64,
29620.783,start,4,66,
29624.577,conflict-at-land,6,64,
29624.878,refuse,0,63,
29628.859,refuse,5,56,
29629.376,refuse,1,65,
29630.737,conflict-at-land,2,62,
29639.577,start,6,64,
29639.878,refuse,0,63,
29641.515,conflict-at-land,4,66,
29643.859,refuse,5,56,
29644.376,start,1,65,
29645.737,start,2,62,
29646.019,conflict-at-land,6,64,
29654.878,refuse,0,63,
29656.515,refuse,4,66,
29656.848,conflict-at-land,2,62,
29658.859,refuse,5,56,
29661.019,start,6,64,
29662.733,conflict-at-land,1,65,
29667.332,conflict-at-land,6,64,
29669.878,start,0,63,
29671.515,refuse,4,66,
29671.848,start,2,62,
29673.859,refuse,5,56,
29677.733,refuse,1,65,
29682.332,start,6,64,
29686.417,conflict-at-land,2,62,
29686.515,refuse,4,66,
29688.126,conflict-at-land,6,64,
29688.859,refuse,5,56,
29692.733,refuse,1,65,
29701.417,start,2,62,
29701.515,refuse,4,66,
29703.126,start,6,64,
29703.859,refuse,5,56,
29707.733,refuse,1,65,
29709.687,conflict-at-land,6,64,
29713.318,conflict-at-land,2,62,
29716.515,refuse,4,66,
29718.859,refuse,5,56,
29722.733,refuse,1,65,
29724.687,start,6,64,
29728.318,start,2,62,
29730.036,conflict-at-land,6,64,
29731.515,refuse,4,66,
29733.859,refuse,5,56,
29737.733,refuse,1,65,
29742.57,conflict-at-land,2,62,
29745.036,start,6,64,
29746.515,refuse,4,66,
29748.859,refuse,5,56,
29750.889,conflict-at-land,6,64,
29752.733,refuse,1,65,
29757.57,start,2,62,
29760.031,conflict-at-land,0,63,
29761.515,start,4,66,
29763.859,refuse,5,56,
29765.889,start,6,64,
29767.733,refuse,1,65,
29769.063,conflict-at-land,2,62,
29772.49,conflict-at-land,6,64,
29775.031,refuse,0,63,
29778.859,refuse,5,56,
29782.733,refuse,1,65,
29784.063,start,2,62,
29787.49,start,6,64,
29788.765,conflict-at-land,4,66,
29790.031,start,0,63,
29793.859,refuse,5,56,
29794.84,conflict-at-land,6,64,
29797.572,conflict-at-land,2,62,
29797.733,refuse,1,65,
29803.765,refuse,4,66,
29808.859,refuse,5,56,
29809.84,start,6,64,
29812.572,start,2,62,
29812.733,refuse,1,65,
29815.507,conflict-at-land,6,64,
29818.765,refuse,4,66,
29823.859,refuse,5,56,
29825.608,conflict-at-land,2,62,
29827.733,refuse,1,65,
29830.507,start,6,64,
29833.765,refuse,4,66,
29837.816,conflict-at-land,6,64,
29838.859,refuse,5,56,
29840.608,start,2,62,
29842.733,refuse,1,65,
29848.765,refuse,4,66,
29849.409,conflict-at-land,2,62,
29852.816,start,6,64,
29853.859,refuse,5,56,
29857.733,refuse,1,65,
29859.389,conflict-at-land,6,64,
29863.765,refuse,4,66,
29864.409,start,2,62,
29868.859,refuse,5,56,
29872.733,refuse,1,65,
29874.389,start,6,64,
29876.607,conflict-at-land,2,62,
29878.765,refuse,4,66,
29880.041,conflict-at-land,6,64,
29883.859,refuse,5,56,
29887.733,refuse,1,65,
29891.607,start,2,62,
29893.765,refuse,4,66,
29895.041,start,6,64,
29898.859,refuse,5,56,
29900.278,conflict-at-land,6,64,
29900.864,conflict-at-land,2,62,
29902.733,refuse,1,65,
29908.765,refuse,4,66,
29913.859,refuse,5,56,
29915.278,start,6,64,
29915.864,start,2,62,
29917.733,refuse,1,65,
29918.061,conflict-at-land,0,63,
29922.178,conflict-at-land,6,64,
29923.765,start,4,66,
29928.859,refuse,5,56,
29930.631,conflict-at-land,2,62,
29932.733,refuse,1,65,
29933.061,refuse,0,63,
29937.178,start,6,64,
29943.859,refuse,5,56,
29944.094,conflict-at-land,6,64,
29945.631,start,2,62,
29947.733,refuse,1,65,
29948.061,refuse,0,63,
29954.773,conflict-at-land,4,66,
29958.859,start,5,56,
29959.094,refuse,6,64,
29960.368,conflict-at-land,2,62,
29962.733,refuse,1,65,
29963.061,refuse,0,63,
29969.773,refuse,4,66,
29974.094,refuse,6,64,
29975.368,start,2,62,
29977.733,refuse,1,65,
29978.061,refuse,0,63,
29984.773,refuse,4,66,
29984.955,conflict-at-land,2,62,
29989.094,refuse,6,64,
29992.733,refuse,1,65,
29993.061,refuse,0,63,
29999.773,refuse,4,66,
29999.955,start,2,62,
30004.094,refuse,6,64,
30007.733,refuse,1,65,
30008.061,refuse,0,63,
30013.326,conflict-at-land,2,62,
30014.773,refuse,4,66,
30019.094,refuse,6,64,
30022.733,refuse,1,65,
30023.061,refuse,0,63,
30028.326,start,2,62,
30029.773,refuse,4,66,
30034.094,refuse,6,64,
30037.733,refuse,1,65,
30038.061,refuse,0,63,
30042.984,conflict-at-land,2,62,
30044.773,refuse,4,66,
30049.094,refuse,6,64,
30052.733,refuse,1,65,
30053.061,refuse,0,63,
30057.984,start,2,62,
30059.773,refuse,4,66,
30064.094,refuse,6,64,
30067.733,refuse,1,65,
30068.061,refuse,0,63,
30071.798,conflict-at-land,2,62,
30074.773,refuse,4,66,
30079.094,refuse,6,64,
30082.733,refuse,1,65,
30083.061,refuse,0,63,
30086.798,start,2,62,
30089.773,refuse,4,66,
30094.094,refuse,6,64,
30097.189,conflict-at-land,2,62,
30097.733,refuse,1,65,
30098.061,refuse,0,63,
30104.773,refuse,4,66,
30109.094,refuse,6,64,
30112.189,start,2,62,
30112.733,refuse,1,65,
30113.061,refuse,0,63,
30119.773,refuse,4,66,
30124.094,refuse,6,64,
30125.629,conflict-at-land,2,62,
30127.733,refuse,1,65,
30128.061,refuse,0,63,
30134.773,refuse,4,66,
30139.094,refuse,6,64,
30140.629,start,2,62,
30142.733,refuse,1,65,
30143.061,refuse,0,63,
30149.773,refuse,4,66,
30151.836,conflict-at-land,2,62,
30154.094,refuse,6,64,
30157.733,refuse,1,65,
30158.061,refuse,0,63,
30164.773,refuse,4,66,
30166.836,start,2,62,
30169.094,refuse,6,64,
30172.733,refuse,1,65,
30173.061,refuse,0,63,
30178.351,conflict-at-land,2,62,
30179.773,refuse,4,66,
30184.094,refuse,6,64,
30187.733,refuse,1,65,
30188.061,refuse,0,63,
30193.351,start,2,62,
30194.773,refuse,4,66,
30199.094,refuse,6,64,
30202.733,refuse,1,65,
30203.061,refuse,0,63,
30207.013,conflict-at-land,2,62,
30209.773,refuse,4,66,
30214.094,refuse,6,64,
30217.733,refuse,1,65,
30218.061,refuse,0,63,
30222.013,start,2,62,
30224.773,refuse,4,66,
30229.094,refuse,6,64,
30232.733,refuse,1,65,
30233.061,refuse,0,63,
30235.281,conflict-at-land,2,62,
30239.773,refuse,4,66,
30244.094,refuse,6,64,
30247.733,refuse,1,65,
30248.061,refuse,0,63,
30250.281,start,2,62,
30254.773,refuse,4,66,
30259.094,refuse,6,64,
30259.66,conflict-at-land,2,62,
30262.733,refuse,1,65,
30263.061,refuse,0,63,
30269.773,refuse,4,66,
30274.094,refuse,6,64,
30274.66,start,2,62,
30277.733,refuse,1,65,
30278.061,refuse,0,63,
30284.773,refuse,4,66,
30287.674,conflict-at-land,2,62,
30289.094,refuse,6,64,
30292.733,refuse,1,65,
30293.061,refuse,0,63,
30299.773,refuse,4,66,
30302.674,start,2,62,
30304.094,refuse,6,64,
30307.733,refuse,1,65,
30308.061,refuse,0,63,
30311.504,conflict-at-land,2,62,
30314.773,refuse,4,66,
30319.094,refuse,6,64,
30322.733,refuse,1,65,
30323.061,refuse,0,63,
30326.504,start,2,62,
30329.773,refuse,4,66,
30334.094,refuse,6,64,
30336.394,conflict-at-land,2,62,
30337.733,refuse,1,65,
30338.061,refuse,0,63,
30344.773,refuse,4,66,
30349.094,refuse,6,64,
30351.394,start,2,62,
30352.733,refuse,1,65,
30353.061,refuse,0,63,
30359.773,refuse,4,66,
30364.094,refuse,6,64,
30365.732,conflict-at-land,2,62,
30367.733,refuse,1,65,
30368.061,refuse,0,63,
30374.773,refuse,4,66,
30379.094,refuse,6,64,
30380.732,start,2,62,
30382.733,refuse,1,65,
30383.061,refuse,0,63,
30389.773,refuse,4,66,
30394.094,refuse,6,64,
30395.705,conflict-at-land,2,62,
30397.733,refuse,1,65,
30398.061,refuse,0,63,
30404.773,refuse,4,66,
30409.094,refuse,6,64,
30410.705,start,2,62,
30412.733,refuse,1,65,
30413.061,refuse,0,63,
30419.773,refuse,4,66,
30420.935,conflict-at-land,2,62,
30424.094,refuse,6,64,
30427.733,refuse,1,65,
30428.061,refuse,0,63,
30434.773,refuse,4,66,
30435.935,start,2,62,
30439.094,refuse,6,64,
30442.733,refuse,1,65,
30443.061,refuse,0,63,
30449.773,refuse,4,66,
30449.839,conflict-at-land,2,62,
30454.094,refuse,6,64,
30457.733,refuse,1,65,
30458.061,refuse,0,63,
30464.773,refuse,4,66,
30464.839,start,2,62,
30469.094,refuse,6,64,
30472.733,refuse,1,65,
30473.061,refuse,0,63,
30474.552,conflict-at-land,2,62,
30479.773,refuse,4,66,
30484.094,refuse,6,64,
30487.733,refuse,1,65,
30488.061,refuse,0,63,
30489.552,start,2,62,
30494.773,refuse,4,66,
30499.094,refuse,6,64,
30501.538,conflict-at-land,2,62,
30502.733,refuse,1,65,
30503.061,refuse,0,63,
30509.773,refuse,4,66,
30514.094,refuse,6,64,
30516.538,start,2,62,
30517.733,refuse,1,65,
30518.061,refuse,0,63,
30524.773,refuse,4,66,
30527.447,conflict-at-land,2,62,
30529.094,refuse,6,64,
30532.733,refuse,1,65,
30533.061,refuse,0,63,
30539.773,refuse,4,66,
30542.447,start,2,62,
30544.094,refuse,6,64,
30547.733,refuse,1,65,
30548.061,refuse,0,63,
30551.452,conflict-at-land,2,62,
30554.773,refuse,4,66,
30559.094,refuse,6,64,
30562.733,refuse,1,65,
30563.061,refuse,0,63,
30566.452,start,2,62,
30569.773,refuse,4,66,
30574.094,refuse,6,64,
30577.733,refuse,1,65,
30577.971,conflict-at-land,2,62,
30578.061,refuse,0,63,
30584.773,refuse,4,66,
30589.094,refuse,6,64,
30592.733,refuse,1,65,
30592.971,start,2,62,
30593.061,refuse,0,63,
30599.773,refuse,4,66,
30604.094,refuse,6,64,
30605.345,conflict-at-land,2,62,
30607.733,refuse,1,65,
30608.061,refuse,0,63,
30614.773,refuse,4,66,
30619.094,refuse,6,64,
30620.345,start,2,62,
30622.733,refuse,1,65,
30623.061,refuse,0,63,
30626.047,conflict-at-land,5,56,
30629.773,start,4,66,
30634.094,start,6,64,
30634.874,conflict-at-land,2,62,
30637.733,refuse,1,65,
30638.061,refuse,0,63,
30639.33,conflict-at-land,6,64,
30641.047,refuse,5,56,
30648.053,conflict-at-land,4,66,
30649.874,start,2,62,
30652.733,start,1,65,
30653.061,refuse,0,63,
30654.33,start,6,64,
30656.047,refuse,5,56,
30658.303,conflict-at-land,2,62,
30659.489,conflict-at-land,6,64,
30663.053,refuse,4,66,
30665.11,conflict-at-land,1,65,
30668.061,start,0,63,
30671.047,refuse,5,56,
30673.303,start,2,62,
30674.489,start,6,64,
30678.053,refuse,4,66,
30679.463,conflict-at-land,6,64,
30680.11,refuse,1,65,
30686.047,refuse,5,56,
30688.462,conflict-at-land,2,62,
30693.053,refuse,4,66,
30694.463,start,6,64,
30695.11,refuse,1,65,
30700.399,conflict-at-land,6,64,
30701.047,refuse,5,56,
30703.462,start,2,62,
30708.053,refuse,4,66,
30710.11,refuse,1,65,
30715.399,start,6,64,
30715.633,conflict-at-land,2,62,
30716.047,refuse,5,56,
30721.366,conflict-at-land,6,64,
30723.053,refuse,4,66,
30725.11,refuse,1,65,
30730.633,start,2,62,
30731.047,refuse,5,56,
30736.366,start,6,64,
30738.053,refuse,4,66,
30740.11,refuse,1,65,
30743.986,conflict-at-land,6,64,
30745.939,conflict-at-land,2,62,
30746.047,refuse,5,56,
30753.053,refuse,4,66,
30755.11,refuse,1,65,
30758.986,start,6,64,
30760.939,start,2,62,
30761.047,refuse,5,56,
30762.398,conflict-at-land,3,3,
30763.325,conflict-at-land,6,64,
30768.053,refuse,4,66,
30770.11,refuse,1,65,
30772.278,conflict-at-land,2,62,
30776.047,refuse,5,56,
30777.398,start,3,3,
30778.325,start,6,64,
30783.053,refuse,4,66,
30784.865,conflict-at-land,6,64,
30785.11,refuse,1,65,
30787.278,start,2,62,
30791.047,refuse,5,56,
30796.8,conflict-at-land,0,63,
30798.053,start,4,66,
30799.496,conflict-at-land,2,62,
30799.865,start,6,64,
30800.11,refuse,1,65,
30804.42,conflict-at-land,6,64,
30806.047,refuse,5,56,
30811.8,refuse,0,63,
30814.496,start,2,62,
30815.11,refuse,1,65,
30819.42,start,6,64,
30821.047,refuse,5,56,
30826.216,conflict-at-land,2,62,
30826.609,conflict-at-land,6,64,
30826.664,conflict-at-land,4,66,
30826.8,start,0,63,
30830.11,refuse,1,65,
30836.047,refuse,5,56,
30841.216,start,2,62,
30841.609,start,6,64,
30841.664,refuse,4,66,
30845.11,refuse,1,65,
30848.029,conflict-at-land,6,64,
30850.867,conflict-at-land,2,62,
30851.047,refuse,5,56,
30856.664,refuse,4,66,
30860.11,refuse,1,65,
30863.029,start,6,64,
30865.867,start,2,62,
30866.047,refuse,5,56,
30867.751,conflict-at-land,6,64,
30871.664,refuse,4,66,
30875.11,refuse,1,65,
30878.193,conflict-at-land,2,62,
30881.047,refuse,5,56,
30882.751,start,6,64,
30886.664,refuse,4,66,
30887.399,conflict-at-land,6,64,
30890.11,refuse,1,65,
30893.193,start,2,62,
30896.047,refuse,5,56,
30901.664,refuse,4,66,
30902.399,start,6,64,
30902.938,conflict-at-land,2,62,
30905.11,refuse,1,65,
30907.802,conflict-at-land,6,64,
30911.047,refuse,5,56,
30913.461,conflict-at-land,0,63,
30916.664,start,4,66,
30917.938,start,2,62,
30920.11,refuse,1,65,
30922.802,start,6,64,
30926.047,refuse,5,56,
30928.461,refuse,0,63,
30929.192,conflict-at-land,6,64,
30930.739,conflict-at-land,2,62,
30935.11,refuse,1,65,
30941.047,refuse,5,56,
30943.461,refuse,0,63,
30944.192,start,6,64,
30944.74,conflict-at-land,4,66,
30945.739,start,2,62,
30950.11,start,1,65,
30950.652,conflict-at-land,6,64,
30956.047,refuse,5,56,
30956.995,conflict-at-land,2,62,
30958.461,refuse,0,63,
30959.74,refuse,4,66,
30965.652,start,6,64,
30969.396,conflict-at-land,1,65,
30971.047,refuse,5,56,
30971.995,conflict-at-land,6,64,
30971.995,start,2,62,
30973.461,start,0,63,
30974.74,refuse,4,66,
30984.396,refuse,1,65,
30984.921,conflict-at-land,2,62,
30986.047,refuse,5,56,
30986.995,start,6,64,
30989.74,refuse,4,66,
30992.094,conflict-at-land,6,64,
30999.396,refuse,1,65,
30999.921,start,2,62,
31001.047,refuse,5,56,
31004.74,refuse,4,66,
31007.094,start,6,64,
31012.54,conflict-at-land,2,62,
31014.396,refuse,1,65,
31014.735,conflict-at-land,6,64,
31016.047,refuse,5,56,
31019.74,refuse,4,66,
31027.54,start,2,62,
31029.396,refuse,1,65,
31029.735,start,6,64,
31031.047,refuse,5,56,
31034.131,conflict-at-land,6,64,
31034.74,refuse,4,66,
31041.005,conflict-at-land,2,62,
31044.396,refuse,1,65,
31046.047,refuse,5,56,
31049.131,start,6,64,
31049.74,refuse,4,66,
31053.421,conflict-at-land,0,63,
31056.005,start,2,62,
31056.239,conflict-at-land,6,64,
31059.396,start,1,65,
31061.047,refuse,5,56,
31064.74,refuse,4,66,
31065.934,conflict-at-land,2,62,
31068.421,refuse,0,63,
31071.239,start,6,64,
31075.255,conflict-at-land,1,65,
31076.047,refuse,5,56,
31076.126,conflict-at-land,6,64,
31079.74,start,4,66,
31080.934,start,2,62,
31083.421,refuse,0,63,
31090.255,refuse,1,65,
31091.047,refuse,5,56,
31091.126,start,6,64,
31094.897,conflict-at-land,2,62,
31097.076,conflict-at-land,6,64,
31097.425,conflict-at-land,4,66,
31098.421,start,0,63,
31105.255,refuse,1,65,
31106.047,refuse,5,56,
31109.897,start,2,62,
31112.076,start,6,64,
31112.425,refuse,4,66,
31118.413,conflict-at-land,6,64,
31120.255,refuse,1,65,
31121.047,refuse,5,56,
31123.372,conflict-at-land,2,62,
31127.425,refuse,4,66,
31133.413,start,6,64,
31135.255,refuse,1,65,
31136.047,refuse,5,56,
31138.372,start,2,62,
31139.113,conflict-at-land,6,64,
31142.425,refuse,4,66,
31149.089,conflict-at-land,2,62,
31150.255,refuse,1,65,
31151.047,refuse,5,56,
31154.113,start,6,64,
31157.425,refuse,4,66,
31160.221,conflict-at-land,6,64,
31164.089,start,2,62,
31165.255,refuse,1,65,
31166.047,refuse,5,56,
31172.425,refuse,4,66,
31174.26,conflict-at-land,2,62,
31175.221,start,6,64,
31180.255,refuse,1,65,
31180.366,conflict-at-land,6,64,
31181.047,refuse,5,56,
31187.425,refuse,4,66,
31189.26,start,2,62,
31195.255,refuse,1,65,
31195.366,start,6,64,
31196.047,refuse,5,56,
31200.798,conflict-at-land,6,64,
31202.425,refuse,4,66,
31203.498,conflict-at-land,2,62,
31210.255,refuse,1,65,
31211.047,refuse,5,56,
31213.217,conflict-at-land,0,63,
31215.798,start,6,64,
31217.425,start,4,66,
31218.498,start,2,62,
31222.593,conflict-at-land,6,64,
31225.255,refuse,1,65,
31226.047,refuse,5,56,
31228.217,refuse,0,63,
31230.249,conflict-at-land,2,62,
31237.593,start,6,64,
31240.255,refuse,1,65,
31241.047,refuse,5,56,
31243.217,refuse,0,63,
31244.01,conflict-at-land,4,66,
31244.621,conflict-at-land,6,64,
31245.249,start,2,62,
31255.255,start,1,65,
31256.028,conflict-at-land,2,62,
31256.047,refuse,5,56,
31258.217,refuse,0,63,
31259.01,refuse,4,66,
31259.621,start,6,64,
31265.787,conflict-at-land,1,65,
31266.875,conflict-at-land,6,64,
31271.028,start,2,62,
31271.047,start,5,56,
31273.217,refuse,0,63,
31274.01,refuse,4,66,
31280.787,refuse,1,65,
31281.875,refuse,6,64,
31284.824,conflict-at-land,2,62,
31288.217,refuse,0,63,
31289.01,refuse,4,66,
31295.787,refuse,1,65,
31296.875,refuse,6,64,
31299.824,start,2,62,
31303.217,refuse,0,63,
31304.01,refuse,4,66,
31310.787,refuse,1,65,
31311.875,refuse,6,64,
31314.848,conflict-at-land,2,62,
31318.217,refuse,0,63,
31319.01,refuse,4,66,
31325.787,refuse,1,65,
31326.875,refuse,6,64,
31329.848,start,2,62,
31333.217,refuse,0,63,
31334.01,refuse,4,66,
31340.787,refuse,1,65,
31341.187,conflict-at-land,2,62,
31341.875,refuse,6,64,
31348.217,refuse,0,63,
31349.01,refuse,4,66,
31355.787,refuse,1,65,
31356.187,start,2,62,
31356.875,refuse,6,64,
31363.217,refuse,0,63,
31363.217,abandon,0,63,
31363.217,refuse,0,67,
31364.01,refuse,4,66,
31367.656,conflict-at-land,2,62,
31370.787,refuse,1,65,
31371.875,refuse,6,64,
31378.217,refuse,0,67,
31379.01,refuse,4,66,
31382.656,start,2,62,
31385.787,refuse,1,65,
31386.875,refuse,6,64,
31393.217,refuse,0,67,
31394.01,refuse,4,66,
31395.467,conflict-at-land,2,62,
31400.787,refuse,1,65,
31401.875,refuse,6,64,
31408.217,refuse,0,67,
31409.01,refuse,4,66,
31410.467,start,2,62,
31415.787,refuse,1,65,
31416.875,refuse,6,64,
31423.217,refuse,0,67,
31424.01,refuse,4,66,
31425.147,conflict-at-land,2,62,
31430.787,refuse,1,65,
31431.875,refuse,6,64,
31438.217,refuse,0,67,
31439.01,refuse,4,66,
31440.147,start,2,62,
31445.787,refuse,1,65,
31446.875,refuse,6,64,
31450.571,conflict-at-land,2,62,
31453.217,refuse,0,67,
31454.01,refuse,4,66,
31460.787,refuse,1,65,
31461.875,refuse,6,64,
31465.571,start,2,62,
31468.217,refuse,0,67,
31469.01,refuse,4,66,
31475.787,refuse,1,65,
31476.875,refuse,6,64,
31479.431,conflict-at-land,2,62,
31483.217,refuse,0,67,
31484.01,refuse,4,66,
31490.787,refuse,1,65,
31491.875,refuse,6,64,
31494.431,start,2,62,
31498.217,refuse,0,67,
31499.01,refuse,4,66,
31505.787,refuse,1,65,
31506.875,refuse,6,64,
31509.723,conflict-at-land,2,62,
31513.217,refuse,0,67,
31514.01,refuse,4,66,
31520.787,refuse,1,65,
31521.875,refuse,6,64,
31524.723,start,2,62,
31528.217,refuse,0,67,
31529.01,refuse,4,66,
31534.953,conflict-at-land,2,62,
31535.787,refuse,1,65,
31536.875,refuse,6,64,
31543.217,refuse,0,67,
31544.01,refuse,4,66,
31549.953,start,2,62,
31550.787,refuse,1,65,
31551.875,refuse,6,64,
31558.217,refuse,0,67,
31558.479,conflict-at-land,2,62,
31558.479,abandon,2,62,
31558.479,refuse,2,68,
31559.01,refuse,4,66,
31565.787,refuse,1,65,
31566.875,refuse,6,64,
31573.217,refuse,0,67,
31573.479,refuse,2,68,
31574.01,refuse,4,66,
31580.787,refuse,1,65,
31580.787,abandon,1,65,
31580.787,refuse,1,69,
31581.875,refuse,6,64,
31588.217,refuse,0,67,
31588.479,refuse,2,68,
31589.01,refuse,4,66,
31595.787,refuse,1,69,
31596.875,refuse,6,64,
31603.217,refuse,0,67,
31603.479,refuse,2,68,
31604.01,refuse,4,66,
31610.787,refuse,1,69,
31611.875,refuse,6,64,
31618.217,refuse,0,67,
31618.479,refuse,2,68,
31619.01,refuse,4,66,
31625.787,refuse,1,69,
31626.875,refuse,6,64,
31633.217,refuse,0,67,
31633.479,refuse,2,68,
31634.01,refuse,4,66,
31640.787,refuse,1,69,
31641.875,refuse,6,64,
31648.217,refuse,0,67,
31648.479,refuse,2,68,
31649.01,refuse,4,66,
31655.787,refuse,1,69,
31656.875,refuse,6,64,
31663.217,refuse,0,67,
31663.479,refuse,2,68,
31664.01,refuse,4,66,
31670.787,refuse,1,69,
31671.875,refuse,6,64,
31678.217,refuse,0,67,
31678.479,refuse,2,68,
31679.01,refuse,4,66,
31685.787,refuse,1,69,
31686.875,refuse,6,64,
31693.217,refuse,0,67,
31693.479,refuse,2,68,
31694.01,refuse,4,66,
31700.787,refuse,1,69,
31701.875,refuse,6,64,
31708.217,refuse,0,67,
31708.479,refuse,2,68,
31709.01,refuse,4,66,
31715.787,refuse,1,69,
31716.875,refuse,6,64,
31723.217,refuse,0,67,
31723.479,refuse,2,68,
31724.01,refuse,4,66,
31730.787,refuse,1,69,
31731.875,refuse,6,64,
31738.217,refuse,0,67,
31738.479,refuse,2,68,
31739.01,refuse,4,66,
31745.787,refuse,1,69,
31746.875,refuse,6,64,
31753.217,refuse,0,67,
31753.479,refuse,2,68,
31754.01,refuse,4,66,
31760.787,refuse,1,69,
31761.875,refuse,6,64,
31768.217,refuse,0,67,
31768.479,refuse,2,68,
31769.01,refuse,4,66,
31775.787,refuse,1,69,
31776.875,refuse,6,64,
31783.217,refuse,0,67,
31783.479,refuse,2,68,
31784.01,refuse,4,66,
31790.787,refuse,1,69,
31791.875,refuse,6,64,
31798.217,refuse,0,67,
31798.479,refuse,2,68,
31799.01,refuse,4,66,
31805.787,refuse,1,69,
31806.875,refuse,6,64,
31813.217,refuse,0,67,
31813.479,refuse,2,68,
31814.01,refuse,4,66,
31820.787,refuse,1,69,
31821.875,refuse,6,64,
31828.217,refuse,0,67,
31828.479,refuse,2,68,
31829.01,refuse,4,66,
31835.787,refuse,1,69,
31836.875,refuse,6,64,
31836.875,abandon,6,64,
31836.875,refuse,6,70,
31843.217,refuse,0,67,
31843.479,refuse,2,68,
31844.01,refuse,4,66,
31850.787,refuse,1,69,
31851.875,refuse,6,70,
31858.217,refuse,0,67,
31858.479,refuse,2,68,
31859.01,refuse,4,66,
31865.787,refuse,1,69,
31866.875,refuse,6,70,
31873.217,refuse,0,67,
31873.479,refuse,2,68,
31874.01,refuse,4,66,
31880.787,refuse,1,69,
31881.875,refuse,6,70,
31888.217,refuse,0,67,
31888.479,refuse,2,68,
31889.01,refuse,4,66,
31895.787,refuse,1,69,
31896.875,refuse,6,70,
31903.217,refuse,0,67,
31903.479,refuse,2,68,
31904.01,refuse,4,66,
31908.834,conflict-at-land,5,56,
31910.787,start,1,69,
31911.875,refuse,6,70,
31915.571,conflict-at-land,1,69,
31918.217,start,0,67,
31918.479,refuse,2,68,
31919.01,refuse,4,66,
31923.834,refuse,5,56,
31924.74,conflict-at-land,0,67,
31926.875,start,6,70,
31930.571,refuse,1,69,
31933.479,refuse,2,68,
31934.01,refuse,4,66,
31934.01,abandon,4,66,
31934.01,refuse,4,71,
31938.834,refuse,5,56,
31939.74,refuse,0,67,
31945.571,refuse,1,69,
31946.788,conflict-at-land,6,70,
31948.479,start,2,68,
31949.01,refuse,4,71,
31953.834,refuse,5,56,
31954.74,refuse,0,67,
31956.092,conflict-at-land,2,68,
31960.571,start,1,69,
31961.788,refuse,6,70,
31964.01,refuse,4,71,
31965.103,conflict-at-land,1,69,
31968.834,start,5,56,
31969.74,refuse,0,67,
31971.092,refuse,2,68,
31976.788,refuse,6,70,
31979.01,refuse,4,71,
31980.103,refuse,1,69,
31984.74,refuse,0,67,
31986.092,refuse,2,68,
31991.788,refuse,6,70,
31994.01,refuse,4,71,
31995.103,refuse,1,69,
31999.74,refuse,0,67,
32001.092,refuse,2,68,
32006.788,refuse,6,70,
32009.01,refuse,4,71,
32010.103,refuse,1,69,
32014.74,refuse,0,67,
32016.092,refuse,2,68,
32021.788,refuse,6,70,
32024.01,refuse,4,71,
32025.103,refuse,1,69,
32029.74,refuse,0,67,
32031.092,refuse,2,68,
32036.788,refuse,6,70,
32039.01,refuse,4,71,
32040.103,refuse,1,69,
32044.74,refuse,0,67,
32046.092,refuse,2,68,
32051.788,refuse,6,70,
32054.01,refuse,4,71,
32055.103,refuse,1,69,
32059.74,refuse,0,67,
32061.092,refuse,2,68,
32066.788,refuse,6,70,
32069.01,refuse,4,71,
32070.103,refuse,1,69,
32074.74,refuse,0,67,
32076.092,refuse,2,68,
32081.788,refuse,6,70,
32084.01,refuse,4,71,
32085.103,refuse,1,69,
32089.74,refuse,0,67,
32091.092,refuse,2,68,
32096.788,refuse,6,70,
32099.01,refuse,4,71,
32100.103,refuse,1,69,
32104.74,refuse,0,67,
32106.092,refuse,2,68,
32111.788,refuse,6,70,
32114.01,refuse,4,71,
32115.103,refuse,1,69,
32119.74,refuse,0,67,
32121.092,refuse,2,68,
32126.788,refuse,6,70,
32129.01,refuse,4,71,
32130.103,refuse,1,69,
32134.74,refuse,0,67,
32136.092,refuse,2,68,
32141.788,refuse,6,70,
32144.01,refuse,4,71,
32145.103,refuse,1,69,
32149.74,refuse,0,67,
32151.092,refuse,2,68,
32156.788,refuse,6,70,
32159.01,refuse,4,71,
32160.103,refuse,1,69,
32164.74,refuse,0,67,
32166.092,refuse,2,68,
32171.788,refuse,6,70,
32174.01,refuse,4,71,
32175.103,refuse,1,69,
32179.74,refuse,0,67,
32181.092,refuse,2,68,
32186.788,refuse,6,70,
32189.01,refuse,4,71,
32190.103,refuse,1,69,
32194.74,refuse,0,67,
32196.092,refuse,2,68,
32201.788,refuse,6,70,
32204.01,refuse,4,71,
32205.103,refuse,1,69,
32209.74,refuse,0,67,
32211.092,refuse,2,68,
32216.788,refuse,6,70,
32219.01,refuse,4,71,
32220.103,refuse,1,69,
32224.74,refuse,0,67,
32226.092,refuse,2,68,
32231.788,refuse,6,70,
32234.01,refuse,4,71,
32235.103,refuse,1,69,
32239.74,refuse,0,67,
32241.092,refuse,2,68,
32246.788,refuse,6,70,
32249.01,refuse,4,71,
32250.103,refuse,1,69,
32254.74,refuse,0,67,
32256.092,refuse,2,68,
32261.788,refuse,6,70,
32264.01,refuse,4,71,
32265.103,refuse,1,69,
32269.74,refuse,0,67,
32271.092,refuse,2,68,
32276.788,refuse,6,70,
32279.01,refuse,4,71,
32280.103,refuse,1,69,
32284.74,refuse,0,67,
32286.092,refuse,2,68,
32291.788,refuse,6,70,
32294.01,refuse,4,71,
32295.103,refuse,1,69,
32299.74,refuse,0,67,
32301.092,refuse,2,68,
32306.788,refuse,6,70,
32309.01,refuse,4,71,
32310.103,refuse,1,69,
32314.74,refuse,0,67,
32316.092,refuse,2,68,
32321.788,refuse,6,70,
32324.01,refuse,4,71,
32325.103,refuse,1,69,
32329.74,refuse,0,67,
32331.092,refuse,2,68,
32336.788,refuse,6,70,
32339.01,refuse,4,71,
32340.103,refuse,1,69,
32344.74,refuse,0,67,
32346.092,refuse,2,68,
32351.788,refuse,6,70,
32354.01,refuse,4,71,
32355.103,refuse,1,69,
32359.74,refuse,0,67,
32361.092,refuse,2,68,
32366.788,refuse,6,70,
32369.01,refuse,4,71,
32370.103,refuse,1,69,
32374.74,refuse,0,67,
32376.092,refuse,2,68,
32381.788,refuse,6,70,
32384.01,refuse,4,71,
32385.103,refuse,1,69,
32389.74,refuse,0,67,
32391.092,refuse,2,68,
32396.788,refuse,6,70,
32399.01,refuse,4,71,
32400.103,refuse,1,69,
32404.74,refuse,0,67,
32406.092,refuse,2,68,
32411.788,refuse,6,70,
32414.01,refuse,4,71,
32415.103,refuse,1,69,
32419.74,refuse,0,67,
32421.092,refuse,2,68,
32426.788,refuse,6,70,
32429.01,refuse,4,71,
32430.103,refuse,1,69,
32434.74,refuse,0,67,
32436.092,refuse,2,68,
32441.788,refuse,6,70,
32444.01,refuse,4,71,
32445.103,refuse,1,69,
32449.74,refuse,0,67,
32451.092,refuse,2,68,
32456.788,refuse,6,70,
32459.01,refuse,4,71,
32460.103,refuse,1,69,
32464.74,refuse,0,67,
32466.092,refuse,2,68,
32471.788,refuse,6,70,
32474.01,refuse,4,71,
32475.103,refuse,1,69,
32479.74,refuse,0,67,
32481.092,refuse,2,68,
32486.788,refuse,6,70,
32489.01,refuse,4,71,
32490.103,refuse,1,69,
32494.74,refuse,0,67,
32496.092,refuse,2,68,
32501.788,refuse,6,70,
32504.01,refuse,4,71,
32505.103,refuse,1,69,
32509.74,refuse,0,67,
32511.092,refuse,2,68,
32516.788,refuse,6,70,
32519.01,refuse,4,71,
32520.103,refuse,1,69,
32524.74,refuse,0,67,
32526.092,refuse,2,68,
32531.788,refuse,6,70,
32534.01,refuse,4,71,
32535.103,refuse,1,69,
32539.74,refuse,0,67,
32541.092,refuse,2,68,
32546.788,refuse,6,70,
32549.01,refuse,4,71,
32550.103,refuse,1,69,
32554.74,refuse,0,67,
32556.092,refuse,2,68,
32561.788,refuse,6,70,
32564.01,refuse,4,71,
32565.103,refuse,1,69,
32569.74,refuse,0,67,
32571.092,refuse,2,68,
32576.788,refuse,6,70,
32579.01,refuse,4,71,
32580.103,refuse,1,69,
32584.74,refuse,0,67,
32586.092,refuse,2,68,
32591.788,refuse,6,70,
32594.01,refuse,4,71,
32595.103,refuse,1,69,
32599.74,refuse,0,67,
32601.092,refuse,2,68,
32606.788,refuse,6,70,
32609.01,refuse,4,71,
32610.103,refuse,1,69,
32614.74,refuse,0,67,
32616.092,refuse,2,68,
32621.788,refuse,6,70,
32624.01,refuse,4,71,
32625.103,refuse,1,69,
32629.74,refuse,0,67,
32631.092,refuse,2,68,
32636.788,refuse,6,70,
32639.01,refuse,4,71,
32640.103,refuse,1,69,
32644.74,refuse,0,67,
32646.092,refuse,2,68,
32651.788,refuse,6,70,
32654.01,refuse,4,71,
32655.103,refuse,1,69,
32659.014,conflict-at-land,5,56,
32659.74,start,0,67,
32661.092,refuse,2,68,
32665.214,conflict-at-land,0,67,
32666.788,start,6,70,
32669.01,refuse,4,71,
32670.103,refuse,1,69,
32674.014,refuse,5,56,
32676.092,refuse,2,68,
32680.214,refuse,0,67,
32684.01,refuse,4,71,
32685.103,refuse,1,69,
32689.014,refuse,5,56,
32691.092,refuse,2,68,
32695.214,refuse,0,67,
32696.838,conflict-at-land,6,70,
32699.01,start,4,71,
32700.103,refuse,1,69,
32701.72,conflict-at-land,4,71,
32704.014,start,5,56,
32706.092,refuse,2,68,
32710.214,refuse,0,67,
32711.838,refuse,6,70,
32715.103,refuse,1,69,
32716.72,refuse,4,71,
32721.092,refuse,2,68,
32725.214,refuse,0,67,
32726.838,refuse,6,70,
32730.103,refuse,1,69,
32731.72,refuse,4,71,
32736.092,refuse,2,68,
32740.214,refuse,0,67,
32741.838,refuse,6,70,
32745.103,refuse,1,69,
32746.72,refuse,4,71,
32751.092,refuse,2,68,
32755.214,refuse,0,67,
32756.838,refuse,6,70,
32760.103,refuse,1,69,
32761.72,refuse,4,71,
32766.092,refuse,2,68,
32770.214,refuse,0,67,
32771.838,refuse,6,70,
32775.103,refuse,1,69,
32776.72,refuse,4,71,
32781.092,refuse,2,68,
32785.214,refuse,0,67,
32786.838,refuse,6,70,
32790.103,refuse,1,69,
32791.72,refuse,4,71,
32796.092,refuse,2,68,
32800.214,refuse,0,67,
32801.838,refuse,6,70,
32805.103,refuse,1,69,
32806.72,refuse,4,71,
32811.092,refuse,2,68,
32815.214,refuse,0,67,
32816.838,refuse,6,70,
32820.103,refuse,1,69,
32821.72,refuse,4,71,
32826.092,refuse,2,68,
32830.214,refuse,0,67,
32831.838,refuse,6,70,
32835.103,refuse,1,69,
32836.72,refuse,4,71,
32841.092,refuse,2,68,
32845.214,refuse,0,67,
32846.838,refuse,6,70,
32850.103,refuse,1,69,
32851.72,refuse,4,71,
32856.092,refuse,2,68,
32860.214,refuse,0,67,
32861.838,refuse,6,70,
32865.103,refuse,1,69,
32866.72,refuse,4,71,
32871.092,refuse,2,68,
32875.214,refuse,0,67,
32876.838,refuse,6,70,
32880.103,refuse,1,69,
32881.72,refuse,4,71,
32886.092,refuse,2,68,
32890.214,refuse,0,67,
32891.838,refuse,6,70,
32895.103,refuse,1,69,
32896.72,refuse,4,71,
32901.092,refuse,2,68,
32905.214,refuse,0,67,
32906.838,refuse,6,70,
32910.103,refuse,1,69,
32911.72,refuse,4,71,
32916.092,refuse,2,68,
32920.214,refuse,0,67,
32921.838,refuse,6,70,
32925.103,refuse,1,69,
32926.72,refuse,4,71,
32931.092,refuse,2,68,
32935.214,refuse,0,67,
32936.838,refuse,6,70,
32940.103,refuse,1,69,
32941.72,refuse,4,71,
32946.092,refuse,2,68,
32950.214,refuse,0,67,
32951.838,refuse,6,70,
32955.103,refuse,1,69,
32956.72,refuse,4,71,
32961.092,refuse,2,68,
32965.214,refuse,0,67,
32966.838,refuse,6,70,
32970.103,refuse,1,69,
32971.72,refuse,4,71,
32976.092,refuse,2,68,
32980.214,refuse,0,67,
32981.838,refuse,6,70,
32985.103,refuse,1,69,
32986.72,refuse,4,71,
32991.092,refuse,2,68,
32995.214,refuse,0,67,
32996.838,refuse,6,70,
33000.103,refuse,1,69,
33001.72,refuse,4,71,
33006.092,refuse,2,68,
33010.214,refuse,0,67,
33011.838,refuse,6,70,
33015.103,refuse,1,69,
33016.72,refuse,4,71,
33021.092,refuse,2,68,
33025.214,refuse,0,67,
33026.838,refuse,6,70,
33030.103,refuse,1,69,
33031.72,refuse,4,71,
33036.092,refuse,2,68,
33040.214,refuse,0,67,
33041.004,conflict-at-land,3,3,
33041.838,refuse,6,70,
33045.103,refuse,1,69,
33046.72,refuse,4,71,
33051.092,refuse,2,68,
33055.214,refuse,0,67,
33056.004,start,3,3,
33056.838,refuse,6,70,
33060.103,refuse,1,69,
33061.72,refuse,4,71,
33066.092,refuse,2,68,
33070.214,refuse,0,67,
33071.838,refuse,6,70,
33075.103,refuse,1,69,
33076.72,refuse,4,71,
33081.092,refuse,2,68,
33085.214,refuse,0,67,
33086.838,refuse,6,70,
33090.103,refuse,1,69,
33091.72,refuse,4,71,
33096.092,refuse,2,68,
33100.214,refuse,0,67,
33101.838,refuse,6,70,
33105.103,refuse,1,69,
33106.72,refuse,4,71,
33111.092,refuse,2,68,
33115.214,refuse,0,67,
33116.838,refuse,6,70,
33120.103,refuse,1,69,
33121.72,refuse,4,71,
33126.092,refuse,2,68,
33130.214,refuse,0,67,
33131.794,conflict-at-land,5,56,
33131.838,start,6,70,
33135.103,refuse,1,69,
33136.72,refuse,4,71,
33141.092,refuse,2,68,
33145.214,refuse,0,67,
33146.794,refuse,5,56,
33150.103,refuse,1,69,
33151.72,refuse,4,71,
33152.947,conflict-at-land,6,70,
33156.092,start,2,68,
33160.214,refuse,0,67,
33161.794,refuse,5,56,
33163.676,conflict-at-land,2,68,
33165.103,start,1,69,
33166.72,refuse,4,71,
33167.947,refuse,6,70,
33172.265,conflict-at-land,1,69,
33175.214,start,0,67,
33176.794,refuse,5,56,
33178.676,refuse,2,68,
33180.337,conflict-at-land,0,67,
33181.72,start,4,71,
33182.947,refuse,6,70,
33184.702,conflict-at-land,4,71,
33187.265,start,1,69,
33191.794,refuse,5,56,
33193.446,conflict-at-land,1,69,
33193.676,start,2,68,
33195.337,refuse,0,67,
33197.947,refuse,6,70,
33199.702,refuse,4,71,
33200.658,conflict-at-land,2,68,
33206.794,start,5,56,
33208.446,refuse,1,69,
33210.337,refuse,0,67,
33212.947,refuse,6,70,
33214.702,refuse,4,71,
33215.658,refuse,2,68,
33223.446,refuse,1,69,
33225.337,refuse,0,67,
33227.947,refuse,6,70,
33229.702,refuse,4,71,
33230.658,refuse,2,68,
33238.446,refuse,1,69,
33240.337,refuse,0,67,
33242.947,refuse,6,70,
33244.702,refuse,4,71,
33245.658,refuse,2,68,
33253.446,refuse,1,69,
33255.337,refuse,0,67,
33257.947,refuse,6,70,
33259.702,refuse,4,71,
33260.658,refuse,2,68,
33268.446,refuse,1,69,
33270.337,refuse,0,67,
33272.947,refuse,6,70,
33274.702,refuse,4,71,
33275.658,refuse,2,68,
33283.446,refuse,1,69,
33285.337,refuse,0,67,
33287.947,refuse,6,70,
33289.702,refuse,4,71,
33290.658,refuse,2,68,
33298.446,refuse,1,69,
33300.337,refuse,0,67,
33302.947,refuse,6,70,
33304.702,refuse,4,71,
33305.658,refuse,2,68,
33313.446,refuse,1,69,
33315.337,refuse,0,67,
33317.947,refuse,6,70,
33319.702,refuse,4,71,
33320.658,refuse,2,68,
33328.446,refuse,1,69,
33330.337,refuse,0,67,
33332.947,refuse,6,70,
33334.702,refuse,4,71,
33335.658,refuse,2,68,
33343.446,refuse,1,69,
33345.337,refuse,0,67,
33347.947,refuse,6,70,
33349.702,refuse,4,71,
33350.658,refuse,2,68,
33358.446,refuse,1,69,
33360.337,refuse,0,67,
33362.947,refuse,6,70,
33364.702,refuse,4,71,
33365.658,refuse,2,68,
33373.446,refuse,1,69,
33375.337,refuse,0,67,
33377.947,refuse,6,70,
33379.702,refuse,4,71,
33380.658,refuse,2,68,
33388.446,refuse,1,69,
33390.337,refuse,0,67,
33392.947,refuse,6,70,
33394.702,refuse,4,71,
33395.658,refuse,2,68,
33403.446,refuse,1,69,
33405.337,refuse,0,67,
33407.947,refuse,6,70,
33409.702,refuse,4,71,
33410.658,refuse,2,68,
33418.446,refuse,1,69,
33420.337,refuse,0,67,
33422.947,refuse,6,70,
33424.702,refuse,4,71,
33425.658,refuse,2,68,
33433.446,refuse,1,69,
33435.337,refuse,0,67,
33437.947,refuse,6,70,
33439.702,refuse,4,71,
33440.658,refuse,2,68,
33448.446,refuse,1,69,
33450.337,refuse,0,67,
33452.947,refuse,6,70,
33454.702,refuse,4,71,
33455.658,refuse,2,68,
33463.446,refuse,1,69,
33465.337,refuse,0,67,
33467.947,refuse,6,70,
33469.702,refuse,4,71,
33470.658,refuse,2,68,
33478.446,refuse,1,69,
33480.337,refuse,0,67,
33482.947,refuse,6,70,
33484.702,refuse,4,71,
33485.658,refuse,2,68,
33493.446,refuse,1,69,
33495.337,refuse,0,67,
33497.947,refuse,6,70,
33499.702,refuse,4,71,
33500.658,refuse,2,68,
33508.446,refuse,1,69,
33510.337,refuse,0,67,
33512.947,refuse,6,70,
33514.702,refuse,4,71,
33515.658,refuse,2,68,
33523.446,refuse,1,69,
33525.337,refuse,0,67,
33527.947,refuse,6,70,
33529.702,refuse,4,71,
33530.658,refuse,2,68,
33538.446,refuse,1,69,
33540.337,refuse,0,67,
33542.947,refuse,6,70,
33544.702,refuse,4,71,
33545.658,refuse,2,68,
33553.446,refuse,1,69,
33555.337,refuse,0,67,
33557.947,refuse,6,70,
33559.702,refuse,4,71,
33560.658,refuse,2,68,
33568.446,refuse,1,69,
33570.337,refuse,0,67,
33572.947,refuse,6,70,
33574.702,refuse,4,71,
33575.658,refuse,2,68,
33583.446,refuse,1,69,
33585.337,refuse,0,67,
33587.947,refuse,6,70,
33589.702,refuse,4,71,
33590.658,refuse,2,68,
33598.446,refuse,1,69,
33600.337,refuse,0,67,
33602.947,refuse,6,70,
33604.702,refuse,4,71,
33605.658,refuse,2,68,
33613.446,refuse,1,69,
33615.337,refuse,0,67,
33617.947,refuse,6,70,
33619.702,refuse,4,71,
33620.658,refuse,2,68,
33628.446,refuse,1,69,
33630.337,refuse,0,67,
33632.947,refuse,6,70,
33634.702,refuse,4,71,
33635.658,refuse,2,68,
33643.446,refuse,1,69,
33645.337,refuse,0,67,
33647.947,refuse,6,70,
33649.702,refuse,4,71,
33650.658,refuse,2,68,
33658.446,refuse,1,69,
33660.337,refuse,0,67,
33662.947,refuse,6,70,
33664.702,refuse,4,71,
33665.658,refuse,2,68,
33673.446,refuse,1,69,
33675.337,refuse,0,67,
33677.947,refuse,6,70,
33679.702,refuse,4,71,
33680.658,refuse,2,68,
33685.756,conflict-at-land,5,56,
33688.446,start,1,69,
33690.337,refuse,0,67,
33692.947,refuse,6,70,
33694.684,conflict-at-land,1,69,
33694.702,start,4,71,
33695.658,refuse,2,68,
33697.736,conflict-at-land,4,71,
33700.756,start,5,56,
33705.337,refuse,0,67,
33707.947,refuse,6,70,
33709.684,refuse,1,69,
33710.658,refuse,2,68,
33712.736,refuse,4,71,
33720.337,refuse,0,67,
33722.947,refuse,6,70,
33724.684,refuse,1,69,
33725.658,refuse,2,68,
33727.736,refuse,4,71,
33735.337,refuse,0,67,
33737.947,refuse,6,70,
33739.684,refuse,1,69,
33740.658,refuse,2,68,
33742.736,refuse,4,71,
33750.337,refuse,0,67,
33752.947,refuse,6,70,
33754.684,refuse,1,69,
33755.658,refuse,2,68,
33757.736,refuse,4,71,
33765.337,refuse,0,67,
33767.947,refuse,6,70,
33769.684,refuse,1,69,
33770.658,refuse,2,68,
33772.736,refuse,4,71,
33780.337,refuse,0,67,
33782.947,refuse,6,70,
33784.684,refuse,1,69,
33785.658,refuse,2,68,
33787.736,refuse,4,71,
33795.337,refuse,0,67,
33797.947,refuse,6,70,
33799.684,refuse,1,69,
33800.658,refuse,2,68,
33802.736,refuse,4,71,
33810.337,refuse,0,67,
33812.947,refuse,6,70,
33814.684,refuse,1,69,
33815.658,refuse,2,68,
33817.736,refuse,4,71,
33825.337,refuse,0,67,
33827.947,refuse,6,70,
33829.684,refuse,1,69,
33830.658,refuse,2,68,
33832.736,refuse,4,71,
33840.337,refuse,0,67,
33842.947,refuse,6,70,
33844.684,refuse,1,69,
33845.658,refuse,2,68,
33847.736,refuse,4,71,
33855.337,refuse,0,67,
33857.947,refuse,6,70,
33859.684,refuse,1,69,
33860.658,refuse,2,68,
33862.736,refuse,4,71,
33870.337,refuse,0,67,
33872.947,refuse,6,70,
33874.684,refuse,1,69,
33875.658,refuse,2,68,
33877.736,refuse,4,71,
33885.337,refuse,0,67,
33887.947,refuse,6,70,
33889.684,refuse,1,69,
33890.658,refuse,2,68,
33892.736,refuse,4,71,
33900.337,refuse,0,67,
33902.947,refuse,6,70,
33904.684,refuse,1,69,
33905.658,refuse,2,68,
33907.736,refuse,4,71,
33915.337,refuse,0,67,
33917.947,refuse,6,70,
33919.684,refuse,1,69,
33920.658,refuse,2,68,
33922.736,refuse,4,71,
33930.337,refuse,0,67,
33932.947,refuse,6,70,
33934.684,refuse,1,69,
33935.658,refuse,2,68,
33937.736,refuse,4,71,
33945.337,refuse,0,67,
33947.947,refuse,6,70,
33949.684,refuse,1,69,
33950.658,refuse,2,68,
33952.736,refuse,4,71,
33960.337,refuse,0,67,
33962.947,refuse,6,70,
33964.684,refuse,1,69,
33965.658,refuse,2,68,
33967.736,refuse,4,71,
33975.337,refuse,0,67,
33977.947,refuse,6,70,
33979.684,refuse,1,69,
33980.658,refuse,2,68,
33982.736,refuse,4,71,
33990.337,refuse,0,67,
33992.947,refuse,6,70,
33994.684,refuse,1,69,
33995.658,refuse,2,68,
33997.736,refuse,4,71,
34005.337,refuse,0,67,
34007.947,refuse,6,70,
34009.684,refuse,1,69,
34010.658,refuse,2,68,
34012.736,refuse,4,71,
34020.337,refuse,0,67,
34022.947,refuse,6,70,
34024.684,refuse,1,69,
34025.658,refuse,2,68,
34027.736,refuse,4,71,
34035.337,refuse,0,67,
34037.947,refuse,6,70,
34039.684,refuse,1,69,
34040.658,refuse,2,68,
34042.736,refuse,4,71,
34050.337,refuse,0,67,
34052.947,refuse,6,70,
34054.684,refuse,1,69,
34055.658,refuse,2,68,
34057.736,refuse,4,71,
34065.337,refuse,0,67,
34067.947,refuse,6,70,
34069.684,refuse,1,69,
34070.658,refuse,2,68,
34072.736,refuse,4,71,
34080.337,refuse,0,67,
34082.947,refuse,6,70,
34084.684,refuse,1,69,
34085.658,refuse,2,68,
34087.736,refuse,4,71,
34095.337,refuse,0,67,
34097.947,refuse,6,70,
34099.684,refuse,1,69,
34100.658,refuse,2,68,
34102.736,refuse,4,71,
34110.337,refuse,0,67,
34112.947,refuse,6,70,
34114.684,refuse,1,69,
34115.658,refuse,2,68,
34117.736,refuse,4,71,
34125.337,refuse,0,67,
34127.947,refuse,6,70,
34129.684,refuse,1,69,
34130.658,refuse,2,68,
34132.736,refuse,4,71,
34140.337,refuse,0,67,
34142.947,refuse,6,70,
34144.684,refuse,1,69,
34145.658,refuse,2,68,
34147.736,refuse,4,71,
34155.337,refuse,0,67,
34157.947,refuse,6,70,
34159.684,refuse,1,69,
34160.658,refuse,2,68,
34162.736,refuse,4,71,
34170.337,refuse,0,67,
34172.947,refuse,6,70,
34174.684,refuse,1,69,
34175.658,refuse,2,68,
34177.736,refuse,4,71,
34185.337,refuse,0,67,
34187.947,refuse,6,70,
34189.684,refuse,1,69,
34190.658,refuse,2,68,
34192.736,refuse,4,71,
34200.337,refuse,0,67,
34202.947,refuse,6,70,
34204.684,refuse,1,69,
34205.658,refuse,2,68,
34207.736,refuse,4,71,
34215.337,refuse,0,67,
34217.947,refuse,6,70,
34219.684,refuse,1,69,
34220.658,refuse,2,68,
34222.736,refuse,4,71,
34230.337,refuse,0,67,
34232.947,refuse,6,70,
34234.684,refuse,1,69,
34235.658,refuse,2,68,
34237.736,refuse,4,71,
34245.337,refuse,0,67,
34247.947,refuse,6,70,
34249.684,refuse,1,69,
34250.658,refuse,2,68,
34252.736,refuse,4,71,
34260.337,refuse,0,67,
34262.947,refuse,6,70,
34264.684,refuse,1,69,
34265.658,refuse,2,68,
34267.736,refuse,4,71,
34275.337,refuse,0,67,
34277.947,refuse,6,70,
34279.684,refuse,1,69,
34280.658,refuse,2,68,
34282.736,refuse,4,71,
34288.219,conflict-at-land,5,56,
34290.337,start,0,67,
34292.947,refuse,6,70,
34294.684,refuse,1,69,
34295.658,refuse,2,68,
34296.537,conflict-at-land,0,67,
34297.736,start,4,71,
34300.614,conflict-at-land,4,71,
34303.219,start,5,56,
34307.947,refuse,6,70,
34309.684,refuse,1,69,
34310.658,refuse,2,68,
34311.537,refuse,0,67,
34315.614,refuse,4,71,
34322.947,refuse,6,70,
34324.684,refuse,1,69,
34325.658,refuse,2,68,
34326.537,refuse,0,67,
34330.614,refuse,4,71,
34337.947,refuse,6,70,
34339.684,refuse,1,69,
34340.658,refuse,2,68,
34341.537,refuse,0,67,
34345.614,refuse,4,71,
34352.947,refuse,6,70,
34354.684,refuse,1,69,
34355.658,refuse,2,68,
34356.537,refuse,0,67,
34360.614,refuse,4,71,
34367.947,refuse,6,70,
34369.684,refuse,1,69,
34370.658,refuse,2,68,
34371.537,refuse,0,67,
34375.614,refuse,4,71,
34382.947,refuse,6,70,
34384.684,refuse,1,69,
34385.658,refuse,2,68,
34386.537,refuse,0,67,
34386.537,abandon,0,67,
34386.537,refuse,0,72,
34390.614,refuse,4,71,
34397.947,refuse,6,70,
34399.684,refuse,1,69,
34400.658,refuse,2,68,
34401.537,refuse,0,72,
34405.614,refuse,4,71,
34412.947,refuse,6,70,
34414.684,refuse,1,69,
34415.658,refuse,2,68,
34416.537,refuse,0,72,
34420.614,refuse,4,71,
34427.947,refuse,6,70,
34429.684,refuse,1,69,
34430.658,refuse,2,68,
34431.537,refuse,0,72,
34435.614,refuse,4,71,
34442.947,refuse,6,70,
34444.684,refuse,1,69,
34445.658,refuse,2,68,
34446.537,refuse,0,72,
34450.614,refuse,4,71,
34457.947,refuse,6,70,
34459.684,refuse,1,69,
34460.658,refuse,2,68,
34461.537,refuse,0,72,
34465.614,refuse,4,71,
34472.947,refuse,6,70,
34474.684,refuse,1,69,
34475.658,refuse,2,68,
34476.537,refuse,0,72,
34480.614,refuse,4,71,
34487.947,refuse,6,70,
34489.684,refuse,1,69,
34490.658,refuse,2,68,
34491.537,refuse,0,72,
34495.614,refuse,4,71,
34502.947,refuse,6,70,
34504.684,refuse,1,69,
34505.658,refuse,2,68,
34506.537,refuse,0,72,
34510.614,refuse,4,71,
34517.947,refuse,6,70,
34519.684,refuse,1,69,
34520.658,refuse,2,68,
34521.537,refuse,0,72,
34525.614,refuse,4,71,
34532.947,refuse,6,70,
34534.684,refuse,1,69,
34535.658,refuse,2,68,
34536.537,refuse,0,72,
34540.614,refuse,4,71,
34547.947,refuse,6,70,
34549.684,refuse,1,69,
34550.658,refuse,2,68,
34551.537,refuse,0,72,
34555.614,refuse,4,71,
34562.947,refuse,6,70,
34564.684,refuse,1,69,
34565.658,refuse,2,68,
34566.537,refuse,0,72,
34570.614,refuse,4,71,
34577.947,refuse,6,70,
34579.684,refuse,1,69,
34580.658,refuse,2,68,
34580.658,abandon,2,68,
34580.658,refuse,2,73,
34581.537,refuse,0,72,
34585.614,refuse,4,71,
34592.947,refuse,6,70,
34594.684,refuse,1,69,
34595.658,refuse,2,73,
34596.537,refuse,0,72,
34600.614,refuse,4,71,
34607.947,refuse,6,70,
34609.684,refuse,1,69,
34609.684,abandon,1,69,
34609.684,refuse,1,74,
34610.658,refuse,2,73,
34611.537,refuse,0,72,
34615.614,refuse,4,71,
34622.947,refuse,6,70,
34624.684,refuse,1,74,
34625.658,refuse,2,73,
34626.537,refuse,0,72,
34630.614,refuse,4,71,
34637.947,refuse,6,70,
34639.684,refuse,1,74,
34640.658,refuse,2,73,
34641.537,refuse,0,72,
34645.614,refuse,4,71,
34652.947,refuse,6,70,
34654.684,refuse,1,74,
34655.658,refuse,2,73,
34656.537,refuse,0,72,
34660.614,refuse,4,71,
34667.947,refuse,6,70,
34669.684,refuse,1,74,
34670.658,refuse,2,73,
34671.537,refuse,0,72,
34675.614,refuse,4,71,
34682.947,refuse,6,70,
34684.684,refuse,1,74,
34685.658,refuse,2,73,
34686.537,refuse,0,72,
34690.614,refuse,4,71,
34697.947,refuse,6,70,
34699.684,refuse,1,74,
34700.658,refuse,2,73,
34701.537,refuse,0,72,
34705.614,refuse,4,71,
34712.947,refuse,6,70,
34714.684,refuse,1,74,
34715.658,refuse,2,73,
34716.537,refuse,0,72,
34720.614,refuse,4,71,
34727.947,refuse,6,70,
34729.684,refuse,1,74,
34730.658,refuse,2,73,
34731.537,refuse,0,72,
34735.614,refuse,4,71,
34742.947,refuse,6,70,
34744.684,refuse,1,74,
34745.658,refuse,2,73,
34746.537,refuse,0,72,
34750.614,refuse,4,71,
34757.947,refuse,6,70,
34759.684,refuse,1,74,
34760.658,refuse,2,73,
34761.537,refuse,0,72,
34765.614,refuse,4,71,
34772.947,refuse,6,70,
34774.684,refuse,1,74,
34775.658,refuse,2,73,
34776.537,refuse,0,72,
34780.614,refuse,4,71,
34787.947,refuse,6,70,
34789.684,refuse,1,74,
34790.658,refuse,2,73,
34791.537,refuse,0,72,
34795.614,refuse,4,71,
34802.947,refuse,6,70,
34804.684,refuse,1,74,
34805.658,refuse,2,73,
34806.537,refuse,0,72,
34810.614,refuse,4,71,
34817.947,refuse,6,70,
34819.684,refuse,1,74,
34820.658,refuse,2,73,
34821.537,refuse,0,72,
34823.432,conflict-at-land,5,56,
34825.614,start,4,71,
34828.425,conflict-at-land,4,71,
34832.947,start,6,70,
34834.684,refuse,1,74,
34835.658,refuse,2,73,
34836.537,refuse,0,72,
34838.432,refuse,5,56,
34843.425,refuse,4,71,
34849.684,refuse,1,74,
34850.658,refuse,2,73,
34851.537,refuse,0,72,
34853.432,refuse,5,56,
34858.425,refuse,4,71,
34864.066,conflict-at-land,6,70,
34864.684,start,1,74,
34865.658,refuse,2,73,
34866.537,refuse,0,72,
34868.432,refuse,5,56,
34873.425,refuse,4,71,
34879.066,refuse,6,70,
34880.658,refuse,2,73,
34881.537,refuse,0,72,
34883.432,refuse,5,56,
34885.965,conflict-at-land,1,74,
34888.425,start,4,71,
34890.717,conflict-at-land,4,71,
34894.066,start,6,70,
34895.658,refuse,2,73,
34896.537,refuse,0,72,
34898.432,refuse,5,56,
34900.965,refuse,1,74,
34905.717,refuse,4,71,
34910.658,refuse,2,73,
34911.537,refuse,0,72,
34913.432,refuse,5,56,
34915.965,refuse,1,74,
34916.535,conflict-at-land,6,70,
34920.717,start,4,71,
34924.196,conflict-at-land,4,71,
34925.658,refuse,2,73,
34926.537,start,0,72,
34928.432,refuse,5,56,
34930.965,refuse,1,74,
34931.535,refuse,6,70,
34939.196,start,4,71,
34940.658,refuse,2,73,
34941.441,conflict-at-land,4,71,
34943.432,refuse,5,56,
34945.965,refuse,1,74,
34946.504,conflict-at-land,0,72,
34946.535,start,6,70,
34955.658,refuse,2,73,
34956.441,refuse,4,71,
34956.441,abandon,4,71,
34956.441,refuse,4,75,
34958.432,refuse,5,56,
34960.965,refuse,1,74,
34961.504,refuse,0,72,
34969.285,conflict-at-land,6,70,
34970.658,refuse,2,73,
34971.441,refuse,4,75,
34973.432,start,5,56,
34975.965,refuse,1,74,
34976.504,refuse,0,72,
34984.285,refuse,6,70,
34984.285,abandon,6,70,
34984.285,refuse,6,76,
34985.658,refuse,2,73,
34986.441,refuse,4,75,
34990.965,refuse,1,74,
34991.504,refuse,0,72,
34999.285,refuse,6,76,
35000.658,refuse,2,73,
35001.441,refuse,4,75,
35005.965,refuse,1,74,
35006.504,refuse,0,72,
35014.285,refuse,6,76,
35015.658,refuse,2,73,
35016.441,refuse,4,75,
35020.965,refuse,1,74,
35021.504,refuse,0,72,
35029.285,refuse,6,76,
35030.658,refuse,2,73,
35031.441,refuse,4,75,
35035.965,refuse,1,74,
35036.504,refuse,0,72,
35044.285,refuse,6,76,
35045.658,refuse,2,73,
35046.441,refuse,4,75,
35050.965,refuse,1,74,
35051.504,refuse,0,72,
35059.285,refuse,6,76,
35060.658,refuse,2,73,
35061.441,refuse,4,75,
35065.965,refuse,1,74,
35066.504,refuse,0,72,
35074.285,refuse,6,76,
35075.658,refuse,2,73,
35076.441,refuse,4,75,
35080.965,refuse,1,74,
35081.504,refuse,0,72,
35089.285,refuse,6,76,
35090.658,refuse,2,73,
35091.441,refuse,4,75,
35095.965,refuse,1,74,
35096.504,refuse,0,72,
35104.285,refuse,6,76,
35105.658,refuse,2,73,
35106.441,refuse,4,75,
35110.965,refuse,1,74,
35111.504,refuse,0,72,
35119.285,refuse,6,76,
35120.658,refuse,2,73,
35121.441,refuse,4,75,
35125.965,refuse,1,74,
35126.504,refuse,0,72,
35134.285,refuse,6,76,
35135.658,refuse,2,73,
35136.441,refuse,4,75,
35140.965,refuse,1,74,
35141.504,refuse,0,72,
35149.285,refuse,6,76,
35150.658,refuse,2,73,
35151.441,refuse,4,75,
35155.965,refuse,1,74,
35156.504,refuse,0,72,
35164.285,refuse,6,76,
35165.658,refuse,2,73,
35166.441,refuse,4,75,
35170.965,refuse,1,74,
35171.504,refuse,0,72,
35179.285,refuse,6,76,
35180.658,refuse,2,73,
35181.441,refuse,4,75,
35185.965,refuse,1,74,
35186.504,refuse,0,72,
35194.285,refuse,6,76,
35195.658,refuse,2,73,
35196.441,refuse,4,75,
35200.965,refuse,1,74,
35201.504,refuse,0,72,
35209.285,refuse,6,76,
35210.658,refuse,2,73,
35211.441,refuse,4,75,
35215.965,refuse,1,74,
35216.504,refuse,0,72,
35224.285,refuse,6,76,
35225.658,refuse,2,73,
35226.441,refuse,4,75,
35230.965,refuse,1,74,
35231.504,refuse,0,72,
35239.285,refuse,6,76,
35240.658,refuse,2,73,
35241.441,refuse,4,75,
35245.965,refuse,1,74,
35246.504,refuse,0,72,
35254.285,refuse,6,76,
35255.658,refuse,2,73,
35256.441,refuse,4,75,
35260.965,refuse,1,74,
35261.504,refuse,0,72,
35269.285,refuse,6,76,
35270.658,refuse,2,73,
35271.441,refuse,4,75,
35275.965,refuse,1,74,
35276.504,refuse,0,72,
35284.285,refuse,6,76,
35285.658,refuse,2,73,
35286.441,refuse,4,75,
35290.965,refuse,1,74,
35291.504,refuse,0,72,
35299.285,refuse,6,76,
35300.658,refuse,2,73,
35301.441,refuse,4,75,
35305.965,refuse,1,74,
35306.504,refuse,0,72,
35314.285,refuse,6,76,
35315.658,refuse,2,73,
35316.441,refuse,4,75,
35320.965,refuse,1,74,
35321.504,refuse,0,72,
35329.285,refuse,6,76,
35330.658,refuse,2,73,
35331.441,refuse,4,75,
35335.965,refuse,1,74,
35336.504,refuse,0,72,
35344.285,refuse,6,76,
35345.658,refuse,2,73,
35346.441,refuse,4,75,
35350.965,refuse,1,74,
35351.504,refuse,0,72,
35359.285,refuse,6,76,
35360.658,refuse,2,73,
35361.441,refuse,4,75,
35365.965,refuse,1,74,
35366.504,refuse,0,72,
35374.285,refuse,6,76,
35375.658,refuse,2,73,
35376.441,refuse,4,75,
35380.965,refuse,1,74,
35381.504,refuse,0,72,
35389.285,refuse,6,76,
35390.658,refuse,2,73,
35391.441,refuse,4,75,
35395.965,refuse,1,74,
35396.504,refuse,0,72,
35404.285,refuse,6,76,
35405.658,refuse,2,73,
35406.441,refuse,4,75,
35410.965,refuse,1,74,
35411.504,refuse,0,72,
35419.285,refuse,6,76,
35420.658,refuse,2,73,
35421.441,refuse,4,75,
35425.965,refuse,1,74,
35426.504,refuse,0,72,
35434.285,refuse,6,76,
35435.658,refuse,2,73,
35436.441,refuse,4,75,
35440.965,refuse,1,74,
35441.504,refuse,0,72,
35449.285,refuse,6,76,
35450.658,refuse,2,73,
35451.441,refuse,4,75,
35455.965,refuse,1,74,
35456.504,refuse,0,72,
35464.285,refuse,6,76,
35465.658,refuse,2,73,
35466.441,refuse,4,75,
35470.965,refuse,1,74,
35471.504,refuse,0,72,
35479.285,refuse,6,76,
35480.658,refuse,2,73,
35481.441,refuse,4,75,
35485.965,refuse,1,74,
35486.504,refuse,0,72,
35494.285,refuse,6,76,
35495.658,refuse,2,73,
35496.441,refuse,4,75,
35500.965,refuse,1,74,
35501.504,refuse,0,72,
35509.285,refuse,6,76,
35510.658,refuse,2,73,
35511.441,refuse,4,75,
35515.322,conflict-at-land,5,56,
35515.965,start,1,74,
35516.28,conflict-at-land,3,3,
35516.504,refuse,0,72,
35524.285,refuse,6,76,
35525.658,start,2,73,
35526.441,refuse,4,75,
35530.322,refuse,5,56,
35531.28,refuse,3,3,
35531.504,refuse,0,72,
35538.565,conflict-at-land,2,73,
35539.285,refuse,6,76,
35541.317,conflict-at-land,1,74,
35541.441,start,4,75,
35545.322,refuse,5,56,
35546.28,refuse,3,3,
35546.504,start,0,72,
35553.565,refuse,2,73,
35554.285,refuse,6,76,
35556.317,refuse,1,74,
35560.322,refuse,5,56,
35561.28,refuse,3,3,
35567.893,conflict-at-land,0,72,
35568.565,refuse,2,73,
35569.285,refuse,6,76,
35571.317,start,1,74,
35575.322,refuse,5,56,
35576.28,refuse,3,3,
35582.893,refuse,0,72,
35583.565,refuse,2,73,
35584.285,refuse,6,76,
35586.265,conflict-at-land,1,74,
35590.322,refuse,5,56,
35591.28,refuse,3,3,
35597.893,start,0,72,
35598.565,refuse,2,73,
35599.285,refuse,6,76,
35601.265,refuse,1,74,
35605.322,refuse,5,56,
35606.28,refuse,3,3,
35613.565,refuse,2,73,
35614.285,refuse,6,76,
35615.865,conflict-at-land,0,72,
35616.265,start,1,74,
35620.322,refuse,5,56,
35621.28,refuse,3,3,
35628.565,refuse,2,73,
35629.285,refuse,6,76,
35630.865,refuse,0,72,
35635.322,refuse,5,56,
35636.28,refuse,3,3,
35637.678,conflict-at-land,1,74,
35643.565,refuse,2,73,
35644.285,refuse,6,76,
35645.865,start,0,72,
35650.322,refuse,5,56,
35651.28,refuse,3,3,
35652.678,refuse,1,74,
35658.565,refuse,2,73,
35659.285,refuse,6,76,
35665.28,conflict-at-land,0,72,
35665.322,refuse,5,56,
35666.28,refuse,3,3,
35667.678,start,1,74,
35673.565,refuse,2,73,
35674.285,refuse,6,76,
35680.28,refuse,0,72,
35680.322,refuse,5,56,
35681.28,refuse,3,3,
35688.565,refuse,2,73,
35689.285,refuse,6,76,
35693.561,conflict-at-land,1,74,
35695.28,start,0,72,
35695.322,refuse,5,56,
35695.322,abandon,5,56,
35695.322,start,5,77,
35696.28,refuse,3,3,
35703.565,refuse,2,73,
35704.285,refuse,6,76,
35708.561,refuse,1,74,
35710.059,conflict-at-land,0,72,
35711.28,refuse,3,3,
35718.565,refuse,2,73,
35719.285,refuse,6,76,
35723.561,start,1,74,
35725.059,refuse,0,72,
35726.28,refuse,3,3,
35727.643,conflict-at-land,5,77,
35733.565,refuse,2,73,
35734.285,refuse,6,76,
35738.373,conflict-at-land,1,74,
35740.059,start,0,72,
35741.28,refuse,3,3,
35742.643,start,5,77,
35748.565,refuse,2,73,
35749.285,refuse,6,76,
35753.373,refuse,1,74,
35756.28,refuse,3,3,
35761.657,conflict-at-land,0,72,
35763.565,refuse,2,73,
35764.285,refuse,6,76,
35765.784,conflict-at-land,5,77,
35768.373,start,1,74,
35771.28,refuse,3,3,
35776.657,refuse,0,72,
35778.565,refuse,2,73,
35779.285,refuse,6,76,
35780.784,start,5,77,
35783.403,conflict-at-land,1,74,
35786.28,refuse,3,3,
35791.657,start,0,72,
35793.565,refuse,2,73,
35794.285,refuse,6,76,
35798.403,refuse,1,74,
35801.28,refuse,3,3,
35808.565,refuse,2,73,
35809.285,refuse,6,76,
35812.853,conflict-at-land,5,77,
35813.403,refuse,1,74,
35814.743,conflict-at-land,0,72,
35816.28,refuse,3,3,
35823.565,refuse,2,73,
35824.285,refuse,6,76,
35827.853,start,5,77,
35828.403,start,1,74,
35829.743,refuse,0,72,
35831.28,refuse,3,3,
35838.565,refuse,2,73,
35839.285,refuse,6,76,
35844.743,refuse,0,72,
35846.28,refuse,3,3,
35852.908,conflict-at-land,1,74,
35853.565,refuse,2,73,
35854.285,refuse,6,76,
35857.408,conflict-at-land,5,77,
35859.743,start,0,72,
35861.28,refuse,3,3,
35867.908,refuse,1,74,
35868.565,refuse,2,73,
35869.285,refuse,6,76,
35872.408,start,5,77,
35876.28,refuse,3,3,
35876.631,conflict-at-land,0,72,
35882.908,start,1,74,
35883.565,refuse,2,73,
35884.285,refuse,6,76,
35891.28,refuse,3,3,
35891.631,refuse,0,72,
35895.322,conflict-at-land,5,77,
35898.565,refuse,2,73,
35899.285,refuse,6,76,
35905.981,conflict-at-land,1,74,
35906.28,refuse,3,3,
35906.631,start,0,72,
35910.322,start,5,77,
35913.565,refuse,2,73,
35914.285,refuse,6,76,
35920.981,refuse,1,74,
35921.28,refuse,3,3,
35927.964,conflict-at-land,0,72,
35928.565,refuse,2,73,
35929.285,refuse,6,76,
35933.572,conflict-at-land,5,77,
35935.981,start,1,74,
35936.28,refuse,3,3,
35942.964,refuse,0,72,
35943.565,refuse,2,73,
35944.285,refuse,6,76,
35948.572,start,5,77,
35951.28,refuse,3,3,
35955.412,conflict-at-land,1,74,
35957.964,start,0,72,
35958.565,refuse,2,73,
35959.285,refuse,6,76,
35966.28,refuse,3,3,
35970.412,refuse,1,74,
35971.855,conflict-at-land,5,77,
35973.424,conflict-at-land,0,72,
35973.565,refuse,2,73,
35974.285,refuse,6,76,
35981.28,refuse,3,3,
35985.412,start,1,74,
35986.855,start,5,77,
35988.424,refuse,0,72,
35988.565,refuse,2,73,
35989.285,refuse,6,76,
35996.28,refuse,3,3,
36003.424,refuse,0,72,
36003.565,refuse,2,73,
36004.285,refuse,6,76,
36005.867,conflict-at-land,5,77,
36011.027,conflict-at-land,1,74,
36011.28,refuse,3,3,
36018.424,start,0,72,
36018.565,refuse,2,73,
36019.285,refuse,6,76,
36020.867,start,5,77,
36026.027,refuse,1,74,
36026.28,refuse,3,3,
36031.261,conflict-at-land,0,72,
36033.565,refuse,2,73,
36034.285,refuse,6,76,
36041.027,start,1,74,
36041.28,refuse,3,3,
36042.747,conflict-at-land,5,77,
36046.261,refuse,0,72,
36048.565,refuse,2,73,
36049.285,refuse,6,76,
36056.28,refuse,3,3,
36057.747,start,5,77,
36061.261,refuse,0,72,
36063.565,refuse,2,73,
36064.285,refuse,6,76,
36065.615,conflict-at-land,1,74,
36071.28,refuse,3,3,
36076.261,start,0,72,
36078.565,refuse,2,73,
36079.285,refuse,6,76,
36080.615,refuse,1,74,
36085.882,conflict-at-land,5,77,
36086.28,refuse,3,3,
36092.565,conflict-at-land,4,75,
36093.565,start,2,73,
36094.285,refuse,6,76,
36095.615,refuse,1,74,
36097.04,conflict-at-land,0,72,
36100.882,start,5,77,
36101.28,refuse,3,3,
36107.565,refuse,4,75,
36109.285,refuse,6,76,
36110.327,conflict-at-land,2,73,
36110.615,start,1,74,
36112.04,refuse,0,72,
36116.28,refuse,3,3,
36122.565,start,4,75,
36124.285,refuse,6,76,
36125.327,refuse,2,73,
36127.04,refuse,0,72,
36131.28,refuse,3,3,
36132.707,conflict-at-land,1,74,
36134.171,conflict-at-land,5,77,
36139.285,refuse,6,76,
36140.327,refuse,2,73,
36142.04,start,0,72,
36146.28,refuse,3,3,
36147.707,refuse,1,74,
36149.171,start,5,77,
36154.285,refuse,6,76,
36155.327,refuse,2,73,
36155.745,conflict-at-land,0,72,
36161.28,refuse,3,3,
36162.707,start,1,74,
36169.285,refuse,6,76,
36170.327,refuse,2,73,
36170.745,refuse,0,72,
36174.742,conflict-at-land,5,77,
36176.28,refuse,3,3,
36178.899,conflict-at-land,1,74,
36184.285,refuse,6,76,
36185.327,refuse,2,73,
36185.745,start,0,72,
36189.742,start,5,77,
36191.28,refuse,3,3,
36193.899,refuse,1,74,
36199.285,refuse,6,76,
36200.327,refuse,2,73,
36201.694,conflict-at-land,0,72,
36206.28,refuse,3,3,
36208.899,start,1,74,
36213.091,conflict-at-land,5,77,
36214.285,refuse,6,76,
36215.327,refuse,2,73,
36216.694,refuse,0,72,
36221.28,refuse,3,3,
36228.091,start,5,77,
36229.285,refuse,6,76,
36230.327,refuse,2,73,
36231.694,refuse,0,72,
36235.99,conflict-at-land,1,74,
36236.28,refuse,3,3,
36244.285,refuse,6,76,
36245.327,refuse,2,73,
36246.694,start,0,72,
36250.99,refuse,1,74,
36251.28,refuse,3,3,
36259.285,refuse,6,76,
36260.327,refuse,2,73,
36262.619,conflict-at-land,5,77,
36265.99,refuse,1,74,
36266.28,refuse,3,3,
36266.561,conflict-at-land,0,72,
36274.285,refuse,6,76,
36275.327,refuse,2,73,
36277.619,start,5,77,
36280.99,start,1,74,
36281.28,refuse,3,3,
36281.561,refuse,0,72,
36289.285,refuse,6,76,
36290.327,refuse,2,73,
36296.28,refuse,3,3,
36296.561,refuse,0,72,
36300.894,conflict-at-land,1,74,
36303.342,conflict-at-land,5,77,
36304.285,refuse,6,76,
36305.327,refuse,2,73,
36311.28,refuse,3,3,
36311.561,start,0,72,
36315.894,refuse,1,74,
36318.342,start,5,77,
36319.285,refuse,6,76,
36320.327,refuse,2,73,
36324.922,conflict-at-land,0,72,
36326.28,refuse,3,3,
36330.894,start,1,74,
36334.285,refuse,6,76,
36335.327,refuse,2,73,
36339.922,refuse,0,72,
36341.28,refuse,3,3,
36344.577,conflict-at-land,5,77,
36347.401,conflict-at-land,1,74,
36349.285,refuse,6,76,
36350.327,refuse,2,73,
36354.922,start,0,72,
36356.28,refuse,3,3,
36359.577,start,5,77,
36362.401,refuse,1,74,
36364.285,refuse,6,76,
36365.327,refuse,2,73,
36371.28,refuse,3,3,
36373.269,conflict-at-land,0,72,
36377.401,start,1,74,
36379.285,refuse,6,76,
36380.327,refuse,2,73,
36386.28,refuse,3,3,
36388.269,refuse,0,72,
36391.702,conflict-at-land,5,77,
36394.285,refuse,6,76,
36395.327,refuse,2,73,
36397.152,conflict-at-land,1,74,
36401.28,refuse,3,3,
36403.269,start,0,72,
36406.702,start,5,77,
36409.285,refuse,6,76,
36410.327,refuse,2,73,
36412.152,refuse,1,74,
36416.28,refuse,3,3,
36423.497,conflict-at-land,0,72,
36424.285,refuse,6,76,
36425.327,refuse,2,73,
36427.152,start,1,74,
36431.28,refuse,3,3,
36437.041,conflict-at-land,4,75,
36438.497,refuse,0,72,
36438.797,conflict-at-land,5,77,
36439.285,refuse,6,76,
36440.327,start,2,73,
36446.28,refuse,3,3,
36452.041,refuse,4,75,
36453.377,conflict-at-land,1,74,
36453.497,start,0,72,
36453.797,start,5,77,
36454.285,refuse,6,76,
36454.67,conflict-at-land,2,73,
36461.28,refuse,3,3,
36467.041,start,4,75,
36468.377,refuse,1,74,
36468.657,conflict-at-land,0,72,
36469.285,refuse,6,76,
36469.67,refuse,2,73,
36476.28,refuse,3,3,
36483.377,start,1,74,
36483.657,refuse,0,72,
36484.285,refuse,6,76,
36484.67,refuse,2,73,
36487.109,conflict-at-land,5,77,
36491.28,refuse,3,3,
36498.657,refuse,0,72,
36499.285,refuse,6,76,
36499.67,refuse,2,73,
36501.517,conflict-at-land,1,74,
36502.109,start,5,77,
36506.28,refuse,3,3,
36513.657,start,0,72,
36514.285,refuse,6,76,
36514.67,refuse,2,73,
36516.517,refuse,1,74,
36521.28,refuse,3,3,
36529.285,refuse,6,76,
36529.67,refuse,2,73,
36531.517,refuse,1,74,
36532.079,conflict-at-land,5,77,
36535.582,conflict-at-land,0,72,
36536.28,refuse,3,3,
36544.285,refuse,6,76,
36544.67,refuse,2,73,
36546.517,start,1,74,
36547.079,start,5,77,
36550.582,refuse,0,72,
36551.28,refuse,3,3,
36559.285,refuse,6,76,
36559.67,refuse,2,73,
36565.582,refuse,0,72,
36566.28,refuse,3,3,
36572.08,conflict-at-land,5,77,
36573.606,conflict-at-land,1,74,
36574.285,refuse,6,76,
36574.67,refuse,2,73,
36580.582,start,0,72,
36581.28,refuse,3,3,
36587.08,start,5,77,
36588.606,refuse,1,74,
36589.285,refuse,6,76,
36589.67,refuse,2,73,
36596.043,conflict-at-land,0,72,
36596.28,refuse,3,3,
36603.606,start,1,74,
36604.285,refuse,6,76,
36604.67,refuse,2,73,
36610.033,conflict-at-land,5,77,
36611.043,refuse,0,72,
36611.28,refuse,3,3,
36619.285,refuse,6,76,
36619.67,refuse,2,73,
36622.065,conflict-at-land,1,74,
36625.033,start,5,77,
36626.043,start,0,72,
36626.28,refuse,3,3,
36634.285,refuse,6,76,
36634.67,refuse,2,73,
36637.065,refuse,1,74,
36641.28,refuse,3,3,
36647.458,conflict-at-land,5,77,
36648.574,conflict-at-land,0,72,
36649.285,refuse,6,76,
36649.67,refuse,2,73,
36652.065,start,1,74,
36656.28,refuse,3,3,
36662.458,start,5,77,
36663.574,refuse,0,72,
36664.285,refuse,6,76,
36664.67,refuse,2,73,
36671.28,refuse,3,3,
36674.756,conflict-at-land,1,74,
36678.574,start,0,72,
36679.285,refuse,6,76,
36679.67,refuse,2,73,
36682.17,conflict-at-land,5,77,
36686.28,refuse,3,3,
36689.756,refuse,1,74,
36692.189,conflict-at-land,0,72,
36694.285,refuse,6,76,
36694.67,refuse,2,73,
36697.17,start,5,77,
36701.28,refuse,3,3,
36704.756,start,1,74,
36707.189,refuse,0,72,
36709.285,refuse,6,76,
36709.67,refuse,2,73,
36716.28,refuse,3,3,
36719.07,conflict-at-land,5,77,
36722.189,refuse,0,72,
36724.285,refuse,6,76,
36724.67,refuse,2,73,
36731.28,refuse,3,3,
36731.657,conflict-at-land,1,74,
36734.07,start,5,77,
36737.189,start,0,72,
36739.285,refuse,6,76,
36739.67,refuse,2,73,
36746.28,refuse,3,3,
36746.657,refuse,1,74,
36754.285,refuse,6,76,
36754.67,refuse,2,73,
36758.498,conflict-at-land,0,72,
36758.514,conflict-at-land,5,77,
36761.28,refuse,3,3,
36761.657,start,1,74,
36769.285,refuse,6,76,
36769.67,refuse,2,73,
36773.498,refuse,0,72,
36773.514,start,5,77,
36776.28,refuse,3,3,
36779.19,conflict-at-land,1,74,
36784.285,refuse,6,76,
36784.67,refuse,2,73,
36788.498,start,0,72,
36791.28,refuse,3,3,
36794.19,refuse,1,74,
36795.584,conflict-at-land,5,77,
36799.285,refuse,6,76,
36799.67,refuse,2,73,
36806.28,refuse,3,3,
36809.19,refuse,1,74,
36810.584,start,5,77,
36811.275,conflict-at-land,0,72,
36814.285,refuse,6,76,
36814.67,refuse,2,73,
36821.28,refuse,3,3,
36824.19,start,1,74,
36826.275,refuse,0,72,
36829.285,refuse,6,76,
36829.67,refuse,2,73,
36830.706,conflict-at-land,5,77,
36836.28,refuse,3,3,
36841.275,refuse,0,72,
36844.285,refuse,6,76,
36844.67,refuse,2,73,
36845.2,conflict-at-land,1,74,
36845.706,start,5,77,
36851.28,refuse,3,3,
36856.275,start,0,72,
36859.285,refuse,6,76,
36859.67,refuse,2,73,
36860.2,refuse,1,74,
36866.28,refuse,3,3,
36872.521,conflict-at-land,0,72,
36873.182,conflict-at-land,5,77,
36874.285,refuse,6,76,
36874.67,refuse,2,73,
36875.2,start,1,74,
36881.28,refuse,3,3,
36887.521,refuse,0,72,
36888.182,start,5,77,
36889.285,refuse,6,76,
36889.67,refuse,2,73,
36896.28,refuse,3,3,
36899.427,conflict-at-land,1,74,
36902.521,start,0,72,
36904.285,refuse,6,76,
36904.67,refuse,2,73,
36907.819,conflict-at-land,4,75,
36911.28,refuse,3,3,
36914.427,refuse,1,74,
36917.597,conflict-at-land,0,72,
36919.285,refuse,6,76,
36919.67,start,2,73,
36920.92,conflict-at-land,5,77,
36922.819,refuse,4,75,
36926.28,refuse,3,3,
36929.427,start,1,74,
36932.597,refuse,0,72,
36932.885,conflict-at-land,2,73,
36934.285,refuse,6,76,
36935.92,start,5,77,
36937.819,start,4,75,
36941.28,refuse,3,3,
36947.597,refuse,0,72,
36947.885,refuse,2,73,
36949.285,refuse,6,76,
36950.254,conflict-at-land,1,74,
36956.28,refuse,3,3,
36962.591,conflict-at-land,5,77,
36962.597,start,0,72,
36962.885,refuse,2,73,
36964.285,refuse,6,76,
36965.254,refuse,1,74,
36971.28,refuse,3,3,
36977.591,start,5,77,
36977.885,refuse,2,73,
36979.285,refuse,6,76,
36980.254,refuse,1,74,
36983.56,conflict-at-land,0,72,
36986.28,refuse,3,3,
36992.885,refuse,2,73,
36994.285,refuse,6,76,
36995.254,start,1,74,
36998.56,refuse,0,72,
37001.28,refuse,3,3,
37001.985,conflict-at-land,5,77,
37007.885,refuse,2,73,
37009.285,refuse,6,76,
37013.56,refuse,0,72,
37016.28,refuse,3,3,
37016.985,start,5,77,
37021.805,conflict-at-land,1,74,
37022.885,refuse,2,73,
37024.285,refuse,6,76,
37028.56,start,0,72,
37031.28,refuse,3,3,
37036.805,refuse,1,74,
37037.885,refuse,2,73,
37039.285,refuse,6,76,
37041.468,conflict-at-land,0,72,
37043.278,conflict-at-land,5,77,
37046.28,refuse,3,3,
37051.805,start,1,74,
37052.885,refuse,2,73,
37054.285,refuse,6,76,
37056.468,refuse,0,72,
37058.278,start,5,77,
37061.28,refuse,3,3,
37067.885,refuse,2,73,
37069.285,refuse,6,76,
37071.468,refuse,0,72,
37071.821,conflict-at-land,1,74,
37076.28,refuse,3,3,
37082.885,refuse,2,73,
37084.285,refuse,6,76,
37085.761,conflict-at-land,5,77,
37086.468,start,0,72,
37086.821,refuse,1,74,
37091.28,refuse,3,3,
37097.885,refuse,2,73,
37099.285,refuse,6,76,
37100.761,start,5,77,
37101.044,conflict-at-land,0,72,
37101.821,start,1,74,
37106.28,refuse,3,3,
37112.885,refuse,2,73,
37114.285,refuse,6,76,
37116.044,refuse,0,72,
37121.28,refuse,3,3,
37124.038,conflict-at-land,1,74,
37127.885,refuse,2,73,
37129.285,refuse,6,76,
37131.044,start,0,72,
37133.91,conflict-at-land,5,77,
37136.28,refuse,3,3,
37139.038,refuse,1,74,
37142.885,refuse,2,73,
37144.285,refuse,6,76,
37148.91,start,5,77,
37149.261,conflict-at-land,0,72,
37151.28,refuse,3,3,
37154.038,start,1,74,
37157.885,refuse,2,73,
37159.285,refuse,6,76,
37164.261,refuse,0,72,
37166.28,refuse,3,3,
37170.414,conflict-at-land,1,74,
37172.419,conflict-at-land,5,77,
37172.885,refuse,2,73,
37174.285,refuse,6,76,
37179.261,start,0,72,
37181.28,refuse,3,3,
37185.414,refuse,1,74,
37187.419,start,5,77,
37187.885,refuse,2,73,
37189.285,refuse,6,76,
37194.84,conflict-at-land,0,72,
37196.28,refuse,3,3,
37200.414,start,1,74,
37202.885,refuse,2,73,
37204.285,refuse,6,76,
37209.84,refuse,0,72,
37211.28,refuse,3,3,
37216.71,conflict-at-land,5,77,
37217.885,refuse,2,73,
37219.285,refuse,6,76,
37223.717,conflict-at-land,1,74,
37224.84,start,0,72,
37226.28,refuse,3,3,
37231.71,start,5,77,
37232.885,refuse,2,73,
37234.285,refuse,6,76,
37238.717,refuse,1,74,
37241.28,refuse,3,3,
37244.821,conflict-at-land,0,72,
37247.885,refuse,2,73,
37249.285,refuse,6,76,
37251.128,conflict-at-land,5,77,
37253.717,start,1,74,
37256.28,refuse,3,3,
37259.821,refuse,0,72,
37262.885,refuse,2,73,
37264.285,refuse,6,76,
37266.128,start,5,77,
37271.28,refuse,3,3,
37274.821,refuse,0,72,
37277.885,refuse,2,73,
37278.22,conflict-at-land,1,74,
37279.285,refuse,6,76,
37286.28,refuse,3,3,
37289.821,start,0,72,
37292.885,refuse,2,73,
37293.22,refuse,1,74,
37294.285,refuse,6,76,
37296.286,conflict-at-land,5,77,
37301.28,refuse,3,3,
37307.885,refuse,2,73,
37308.22,refuse,1,74,
37309.285,refuse,6,76,
37309.785,conflict-at-land,0,72,
37311.286,start,5,77,
37316.28,refuse,3,3,
37322.885,refuse,2,73,
37323.22,start,1,74,
37324.285,refuse,6,76,
37324.785,refuse,0,72,
37331.28,refuse,3,3,
37337.885,refuse,2,73,
37338.656,conflict-at-land,5,77,
37339.285,refuse,6,76,
37339.785,refuse,0,72,
37346.28,refuse,3,3,
37348.676,conflict-at-land,1,74,
37352.885,refuse,2,73,
37353.656,start,5,77,
37354.285,refuse,6,76,
37354.785,start,0,72,
37361.28,refuse,3,3,
37363.676,refuse,1,74,
37367.885,refuse,2,73,
37369.285,refuse,6,76,
37373.686,conflict-at-land,0,72,
37376.28,refuse,3,3,
37378.676,start,1,74,
37382.885,refuse,2,73,
37384.285,refuse,6,76,
37388.148,conflict-at-land,5,77,
37388.686,refuse,0,72,
37391.28,refuse,3,3,
37397.885,refuse,2,73,
37398.823,conflict-at-land,1,74,
37399.285,refuse,6,76,
37403.148,start,5,77,
37403.686,start,0,72,
37406.28,refuse,3,3,
37412.885,refuse,2,73,
37413.823,refuse,1,74,
37413.844,conflict-at-land,4,75,
37414.285,refuse,6,76,
37421.28,refuse,3,3,
37424.938,conflict-at-land,0,72,
37427.885,start,2,73,
37428.823,start,1,74,
37428.844,refuse,4,75,
37429.285,refuse,6,76,
37430.819,conflict-at-land,5,77,
37436.28,refuse,3,3,
37439.938,refuse,0,72,
37443.844,refuse,4,75,
37444.285,refuse,6,76,
37444.477,conflict-at-land,2,73,
37445.819,start,5,77,
37451.28,refuse,3,3,
37453.303,conflict-at-land,1,74,
37454.938,start,0,72,
37458.844,start,4,75,
37459.285,refuse,6,76,
37459.477,refuse,2,73,
37466.28,refuse,3,3,
37468.303,refuse,1,74,
37469.726,conflict-at-land,5,77,
37474.039,conflict-at-land,0,72,
37474.285,refuse,6,76,
37474.477,refuse,2,73,
37481.28,refuse,3,3,
37483.303,start,1,74,
37484.726,start,5,77,
37489.039,refuse,0,72,
37489.285,refuse,6,76,
37489.477,refuse,2,73,
37496.28,refuse,3,3,
37503.868,conflict-at-land,5,77,
37504.039,refuse,0,72,
37504.285,refuse,6,76,
37504.477,refuse,2,73,
37505.275,conflict-at-land,1,74,
37511.28,refuse,3,3,
37518.868,start,5,77,
37519.039,start,0,72,
37519.285,refuse,6,76,
37519.477,refuse,2,73,
37520.275,refuse,1,74,
37526.28,refuse,3,3,
37534.285,refuse,6,76,
37534.477,refuse,2,73,
37535.275,refuse,1,74,
37539.496,conflict-at-land,0,72,
37541.28,refuse,3,3,
37546.415,conflict-at-land,5,77,
37549.285,refuse,6,76,
37549.477,refuse,2,73,
37550.275,start,1,74,
37554.496,refuse,0,72,
37556.28,refuse,3,3,
37561.415,start,5,77,
37564.285,refuse,6,76,
37564.477,refuse,2,73,
37569.496,refuse,0,72,
37571.28,refuse,3,3,
37576.451,conflict-at-land,1,74,
37579.285,refuse,6,76,
37579.477,refuse,2,73,
37584.496,start,0,72,
37586.28,refuse,3,3,
37588.174,conflict-at-land,5,77,
37591.451,refuse,1,74,
37594.285,refuse,6,76,
37594.477,refuse,2,73,
37601.28,refuse,3,3,
37603.174,start,5,77,
37606.451,refuse,1,74,
37606.52,conflict-at-land,0,72,
37609.285,refuse,6,76,
37609.477,refuse,2,73,
37616.28,refuse,3,3,
37621.451,start,1,74,
37621.52,refuse,0,72,
37624.285,refuse,6,76,
37624.477,refuse,2,73,
37625.317,conflict-at-land,5,77,
37631.28,refuse,3,3,
37636.298,conflict-at-land,1,74,
37636.52,start,0,72,
37639.285,refuse,6,76,
37639.477,refuse,2,73,
37640.317,start,5,77,
37646.28,refuse,3,3,
37651.298,refuse,1,74,
37654.285,refuse,6,76,
37654.477,refuse,2,73,
37654.477,abandon,2,73,
37654.477,refuse,2,78,
37655.094,conflict-at-land,0,72,
37661.28,refuse,3,3,
37664.784,conflict-at-land,5,77,
37666.298,start,1,74,
37669.285,refuse,6,76,
37669.477,refuse,2,78,
37670.094,refuse,0,72,
37676.28,refuse,3,3,
37679.784,start,5,77,
37684.285,refuse,6,76,
37684.477,refuse,2,78,
37685.094,refuse,0,72,
37685.98,conflict-at-land,1,74,
37691.28,refuse,3,3,
37699.285,refuse,6,76,
37699.477,refuse,2,78,
37700.094,start,0,72,
37700.98,refuse,1,74,
37706.28,refuse,3,3,
37708.386,conflict-at-land,5,77,
37714.285,refuse,6,76,
37714.477,refuse,2,78,
37715.98,refuse,1,74,
37720.856,conflict-at-land,0,72,
37721.28,refuse,3,3,
37723.386,start,5,77,
37729.285,refuse,6,76,
37729.477,refuse,2,78,
37730.98,start,1,74,
37735.856,refuse,0,72,
37736.28,refuse,3,3,
37744.285,refuse,6,76,
37744.477,refuse,2,78,
37749.758,conflict-at-land,1,74,
37750.856,start,0,72,
37751.28,refuse,3,3,
37756.255,conflict-at-land,5,77,
37759.285,refuse,6,76,
37759.477,refuse,2,78,
37764.758,refuse,1,74,
37766.28,refuse,3,3,
37769.745,conflict-at-land,0,72,
37771.255,start,5,77,
37774.285,refuse,6,76,
37774.477,refuse,2,78,
37779.758,start,1,74,
37781.28,refuse,3,3,
37784.745,refuse,0,72,
37789.285,refuse,6,76,
37789.477,refuse,2,78,
37796.28,refuse,3,3,
37799.745,refuse,0,72,
37800.359,conflict-at-land,5,77,
37803.092,conflict-at-land,1,74,
37804.285,refuse,6,76,
37804.477,refuse,2,78,
37811.28,refuse,3,3,
37814.745,start,0,72,
37815.359,start,5,77,
37818.092,refuse,1,74,
37819.285,refuse,6,76,
37819.477,refuse,2,78,
37826.28,refuse,3,3,
37829.981,conflict-at-land,4,75,
37833.092,refuse,1,74,
37833.652,conflict-at-land,0,72,
37834.285,refuse,6,76,
37834.477,start,2,78,
37841.28,refuse,3,3,
37841.796,conflict-at-land,5,77,
37844.981,refuse,4,75,
37848.092,start,1,74,
37848.652,refuse,0,72,
37848.705,conflict-at-land,2,78,
37849.285,refuse,6,76,
37856.28,start,3,3,
37856.796,refuse,5,77,
37859.981,refuse,4,75,
37863.043,conflict-at-land,1,74,
37863.652,start,0,72,
37863.705,refuse,2,78,
37864.285,refuse,6,76,
37871.796,refuse,5,77,
37874.981,refuse,4,75,
37878.043,refuse,1,74,
37878.057,conflict-at-land,0,72,
37878.705,refuse,2,78,
37879.285,refuse,6,76,
37886.796,refuse,5,77,
37889.981,refuse,4,75,
37893.043,start,1,74,
37893.057,refuse,0,72,
37893.705,refuse,2,78,
37894.285,refuse,6,76,
37901.796,refuse,5,77,
37904.981,refuse,4,75,
37908.057,refuse,0,72,
37908.705,refuse,2,78,
37909.285,refuse,6,76,
37910.039,conflict-at-land,1,74,
37916.796,refuse,5,77,
37919.981,refuse,4,75,
37923.057,start,0,72,
37923.705,refuse,2,78,
37924.285,refuse,6,76,
37925.039,refuse,1,74,
37931.796,refuse,5,77,
37934.981,refuse,4,75,
37938.705,refuse,2,78,
37939.285,refuse,6,76,
37940.039,refuse,1,74,
37942.912,conflict-at-land,0,72,
37946.796,refuse,5,77,
37949.981,refuse,4,75,
37953.705,refuse,2,78,
37954.285,refuse,6,76,
37955.039,start,1,74,
37957.912,refuse,0,72,
37961.796,refuse,5,77,
37964.981,refuse,4,75,
37968.705,refuse,2,78,
37969.285,refuse,6,76,
37972.912,refuse,0,72,
37975.468,conflict-at-land,1,74,
37976.796,refuse,5,77,
37979.981,refuse,4,75,
37983.705,refuse,2,78,
37984.285,refuse,6,76,
37984.285,abandon,6,76,
37984.285,refuse,6,79,
37987.912,start,0,72,
37990.468,refuse,1,74,
37991.796,refuse,5,77,
37994.981,refuse,4,75,
37998.705,refuse,2,78,
37999.285,refuse,6,79,
38004.209,conflict-at-land,0,72,
38005.468,start,1,74,
38006.796,refuse,5,77,
38009.981,refuse,4,75,
38013.705,refuse,2,78,
38014.285,refuse,6,79,
38019.209,refuse,0,72,
38021.154,conflict-at-land,1,74,
38021.796,refuse,5,77,
38024.981,refuse,4,75,
38028.705,refuse,2,78,
38029.285,refuse,6,79,
38034.209,start,0,72,
38036.154,refuse,1,74,
38036.796,refuse,5,77,
38039.981,refuse,4,75,
38043.705,refuse,2,78,
38044.285,refuse,6,79,
38047.364,conflict-at-land,0,72,
38051.154,start,1,74,
38051.796,refuse,5,77,
38054.981,refuse,4,75,
38058.705,refuse,2,78,
38059.285,refuse,6,79,
38062.364,refuse,0,72,
38066.796,refuse,5,77,
38069.228,conflict-at-land,1,74,
38069.981,refuse,4,75,
38073.705,refuse,2,78,
38074.285,refuse,6,79,
38077.364,start,0,72,
38081.796,refuse,5,77,
38084.228,refuse,1,74,
38084.981,refuse,4,75,
38088.705,refuse,2,78,
38089.285,refuse,6,79,
38091.005,conflict-at-land,0,72,
38096.796,refuse,5,77,
38099.228,start,1,74,
38099.981,refuse,4,75,
38103.705,refuse,2,78,
38104.285,refuse,6,79,
38106.005,refuse,0,72,
38111.796,refuse,5,77,
38114.981,refuse,4,75,
38118.705,refuse,2,78,
38119.285,refuse,6,79,
38121.005,refuse,0,72,
38122.704,conflict-at-land,1,74,
38126.796,refuse,5,77,
38129.981,refuse,4,75,
38133.705,refuse,2,78,
38134.285,refuse,6,79,
38136.005,start,0,72,
38137.704,refuse,1,74,
38141.796,refuse,5,77,
38144.981,refuse,4,75,
38148.705,refuse,2,78,
38149.285,refuse,6,79,
38150.774,conflict-at-land,0,72,
38152.704,start,1,74,
38156.796,refuse,5,77,
38159.981,refuse,4,75,
38163.705,refuse,2,78,
38164.285,refuse,6,79,
38165.774,refuse,0,72,
38171.796,refuse,5,77,
38172.2,conflict-at-land,1,74,
38174.981,refuse,4,75,
38178.705,refuse,2,78,
38179.285,refuse,6,79,
38180.774,start,0,72,
38186.796,refuse,5,77,
38187.2,refuse,1,74,
38189.981,refuse,4,75,
38193.705,refuse,2,78,
38194.285,refuse,6,79,
38197.922,conflict-at-land,0,72,
38201.796,refuse,5,77,
38202.2,start,1,74,
38204.981,refuse,4,75,
38208.705,refuse,2,78,
38209.285,refuse,6,79,
38212.922,refuse,0,72,
38216.796,refuse,5,77,
38219.981,refuse,4,75,
38223.705,refuse,2,78,
38224.285,refuse,6,79,
38225.779,conflict-at-land,1,74,
38227.922,start,0,72,
38231.796,refuse,5,77,
38234.981,refuse,4,75,
38238.705,refuse,2,78,
38239.285,refuse,6,79,
38240.779,refuse,1,74,
38246.796,refuse,5,77,
38249.339,conflict-at-land,0,72,
38249.981,refuse,4,75,
38253.705,refuse,2,78,
38254.285,refuse,6,79,
38255.779,start,1,74,
38261.796,refuse,5,77,
38264.339,refuse,0,72,
38264.981,refuse,4,75,
38268.705,refuse,2,78,
38269.285,refuse,6,79,
38276.796,refuse,5,77,
38278.439,conflict-at-land,1,74,
38279.339,start,0,72,
38279.981,refuse,4,75,
38283.705,refuse,2,78,
38284.285,refuse,6,79,
38291.796,refuse,5,77,
38293.439,refuse,1,74,
38294.286,conflict-at-land,0,72,
38294.981,refuse,4,75,
38298.705,refuse,2,78,
38299.285,refuse,6,79,
38306.796,refuse,5,77,
38308.439,start,1,74,
38309.286,refuse,0,72,
38309.981,refuse,4,75,
38313.705,refuse,2,78,
38314.285,refuse,6,79,
38321.796,refuse,5,77,
38324.286,refuse,0,72,
38324.286,abandon,0,72,
38324.286,start,0,80,
38324.87,conflict-at-land,1,74,
38324.981,refuse,4,75,
38327.393,land,0,80,
38327.393,start,0,81,
38328.705,refuse,2,78,
38329.285,refuse,6,79,
38335.67,conflict-at-land,0,81,
38336.796,refuse,5,77,
38339.87,start,1,74,
38339.981,refuse,4,75,
38343.705,refuse,2,78,
38344.285,refuse,6,79,
38350.67,start,0,81,
38351.796,refuse,5,77,
38354.981,refuse,4,75,
38358.137,conflict-at-land,0,81,
38358.705,refuse,2,78,
38359.285,refuse,6,79,
38363.704,conflict-at-land,1,74,
38366.796,refuse,5,77,
38369.981,refuse,4,75,
38373.137,start,0,81,
38373.705,refuse,2,78,
38374.285,refuse,6,79,
38378.704,start,1,74,
38381.796,refuse,5,77,
38383.166,conflict-at-land,0,81,
38384.981,refuse,4,75,
38388.705,refuse,2,78,
38389.285,refuse,6,79,
38396.796,refuse,5,77,
38397.918,conflict-at-land,1,74,
38398.166,start,0,81,
38399.981,refuse,4,75,
38403.705,refuse,2,78,
38404.285,refuse,6,79,
38405.979,conflict-at-land,0,81,
38411.796,refuse,5,77,
38412.918,start,1,74,
38414.981,refuse,4,75,
38418.705,refuse,2,78,
38419.285,refuse,6,79,
38420.979,start,0,81,
38426.796,refuse,5,77,
38429.894,conflict-at-land,1,74,
38429.981,refuse,4,75,
38431.352,conflict-at-land,0,81,
38433.705,refuse,2,78,
38434.285,refuse,6,79,
38441.796,refuse,5,77,
38444.894,start,1,74,
38444.981,refuse,4,75,
38446.352,start,0,81,
38448.705,refuse,2,78,
38449.285,refuse,6,79,
38455.589,conflict-at-land,0,81,
38456.796,refuse,5,77,
38459.981,refuse,4,75,
38463.705,refuse,2,78,
38464.285,refuse,6,79,
38465.945,conflict-at-land,1,74,
38470.589,start,0,81,
38471.796,refuse,5,77,
38474.981,refuse,4,75,
38478.705,refuse,2,78,
38479.285,refuse,6,79,
38480.945,start,1,74,
38481.384,conflict-at-land,0,81,
38486.796,refuse,5,77,
38489.981,refuse,4,75,
38493.705,refuse,2,78,
38494.285,refuse,6,79,
38495.985,conflict-at-land,1,74,
38496.384,start,0,81,
38501.796,refuse,5,77,
38504.981,refuse,4,75,
38505.628,conflict-at-land,0,81,
38508.705,refuse,2,78,
38509.285,refuse,6,79,
38510.985,start,1,74,
38516.796,refuse,5,77,
38519.981,refuse,4,75,
38520.628,start,0,81,
38523.705,refuse,2,78,
38524.285,refuse,6,79,
38528.245,conflict-at-land,0,81,
38529.826,conflict-at-land,1,74,
38531.796,refuse,5,77,
38534.981,refuse,4,75,
38538.705,refuse,2,78,
38539.285,refuse,6,79,
38543.245,start,0,81,
38544.826,start,1,74,
38546.796,refuse,5,77,
38549.981,refuse,4,75,
38553.705,refuse,2,78,
38554.018,conflict-at-land,0,81,
38554.285,refuse,6,79,
38561.796,refuse,5,77,
38562.586,conflict-at-land,1,74,
38564.981,refuse,4,75,
38568.705,refuse,2,78,
38569.018,start,0,81,
38569.285,refuse,6,79,
38576.796,refuse,5,77,
38577.529,conflict-at-land,0,81,
38577.586,start,1,74,
38579.981,refuse,4,75,
38583.705,refuse,2,78,
38584.285,refuse,6,79,
38591.796,refuse,5,77,
38592.529,start,0,81,
38594.981,refuse,4,75,
38597.752,conflict-at-land,1,74,
38598.705,refuse,2,78,
38599.285,refuse,6,79,
38599.575,conflict-at-land,0,81,
38606.796,refuse,5,77,
38609.981,refuse,4,75,
38612.752,start,1,74,
38613.705,refuse,2,78,
38614.285,refuse,6,79,
38614.575,start,0,81,
38620.895,conflict-at-land,0,81,
38621.796,refuse,5,77,
38624.981,refuse,4,75,
38628.705,refuse,2,78,
38629.285,refuse,6,79,
38631.358,conflict-at-land,1,74,
38635.895,start,0,81,
38636.796,refuse,5,77,
38639.981,refuse,4,75,
38643.705,refuse,2,78,
38644.285,refuse,6,79,
38644.897,conflict-at-land,0,81,
38646.358,start,1,74,
38651.796,refuse,5,77,
38654.981,refuse,4,75,
38658.705,refuse,2,78,
38659.285,refuse,6,79,
38659.897,start,0,81,
38666.796,refuse,5,77,
38668.971,conflict-at-land,1,74,
38669.981,refuse,4,75,
38671.595,conflict-at-land,0,81,
38673.705,refuse,2,78,
38674.285,refuse,6,79,
38681.796,refuse,5,77,
38683.971,start,1,74,
38684.981,refuse,4,75,
38686.595,start,0,81,
38688.705,refuse,2,78,
38689.285,refuse,6,79,
38694.688,conflict-at-land,0,81,
38696.796,refuse,5,77,
38699.981,refuse,4,75,
38703.705,refuse,2,78,
38704.285,refuse,6,79,
38709.688,start,0,81,
38710.758,conflict-at-land,1,74,
38711.796,refuse,5,77,
38714.981,refuse,4,75,
38718.705,refuse,2,78,
38719.285,refuse,6,79,
38721.19,conflict-at-land,0,81,
38725.758,start,1,74,
38726.796,refuse,5,77,
38729.981,refuse,4,75,
38733.705,refuse,2,78,
38734.285,refuse,6,79,
38736.19,start,0,81,
38741.771,conflict-at-land,1,74,
38741.796,refuse,5,77,
38743.293,conflict-at-land,0,81,
38744.981,refuse,4,75,
38748.705,refuse,2,78,
38749.285,refuse,6,79,
38756.771,start,1,74,
38756.796,refuse,5,77,
38758.293,start,0,81,
38759.981,refuse,4,75,
38763.705,refuse,2,78,
38764.285,refuse,6,79,
38768.279,conflict-at-land,0,81,
38771.796,refuse,5,77,
38774.981,refuse,4,75,
38778.149,conflict-at-land,1,74,
38778.705,refuse,2,78,
38779.285,refuse,6,79,
38783.279,start,0,81,
38786.796,refuse,5,77,
38789.981,refuse,4,75,
38792.786,conflict-at-land,0,81,
38793.149,start,1,74,
38793.705,refuse,2,78,
38794.285,refuse,6,79,
38801.796,refuse,5,77,
38804.981,refuse,4,75,
38807.786,start,0,81,
38808.307,conflict-at-land,1,74,
38808.705,refuse,2,78,
38809.285,refuse,6,79,
38816.288,conflict-at-land,0,81,
38816.796,refuse,5,77,
38819.981,refuse,4,75,
38823.307,start,1,74,
38823.705,refuse,2,78,
38824.285,refuse,6,79,
38831.288,start,0,81,
38831.796,refuse,5,77,
38834.981,refuse,4,75,
38838.705,refuse,2,78,
38839.285,refuse,6,79,
38839.675,conflict-at-land,0,81,
38844.212,conflict-at-land,1,74,
38846.796,refuse,5,77,
38849.981,refuse,4,75,
38853.705,refuse,2,78,
38854.285,refuse,6,79,
38854.675,start,0,81,
38859.212,start,1,74,
38861.796,refuse,5,77,
38864.981,refuse,4,75,
38865.086,conflict-at-land,0,81,
38868.705,refuse,2,78,
38869.285,refuse,6,79,
38876.796,refuse,5,77,
38878.402,conflict-at-land,7,8,
38879.981,refuse,4,75,
38880.086,start,0,81,
38883.289,conflict-at-land,1,74,
38883.705,refuse,2,78,
38884.285,start,6,79,
38886.852,conflict-at-land,0,81,
38891.796,refuse,5,77,
38893.402,refuse,7,8,
38894.981,refuse,4,75,
38898.289,start,1,74,
38898.705,refuse,2,78,
38901.852,start,0,81,
38906.796,refuse,5,77,
38908.402,refuse,7,8,
38909.981,refuse,4,75,
38910.723,conflict-at-land,6,79,
38912.409,conflict-at-land,0,81,
38913.705,refuse,2,78,
38921.768,conflict-at-land,1,74,
38921.796,refuse,5,77,
38923.402,start,7,8,
38924.981,refuse,4,75,
38925.723,refuse,6,79,
38927.409,start,0,81,
38928.705,refuse,2,78,
38936.768,start,1,74,
38936.796,refuse,5,77,
38938.987,conflict-at-land,0,81,
38939.981,refuse,4,75,
38940.723,refuse,6,79,
38943.705,refuse,2,78,
38951.796,refuse,5,77,
38953.987,start,0,81,
38954.981,refuse,4,75,
38955.723,refuse,6,79,
38958.705,refuse,2,78,
38960.791,conflict-at-land,1,74,
38962.412,conflict-at-land,0,81,
38966.796,refuse,5,77,
38969.981,refuse,4,75,
38970.723,refuse,6,79,
38973.705,refuse,2,78,
38975.791,start,1,74,
38977.412,start,0,81,
38981.796,refuse,5,77,
38984.981,refuse,4,75,
38985.723,refuse,6,79,
38987.019,conflict-at-land,0,81,
38988.705,refuse,2,78,
38996.796,refuse,5,77,
38999.981,refuse,4,75,
39000.723,refuse,6,79,
39001.012,conflict-at-land,1,74,
39002.019,start,0,81,
39003.705,refuse,2,78,
39011.545,conflict-at-land,0,81,
39011.796,refuse,5,77,
39014.981,refuse,4,75,
39015.723,refuse,6,79,
39016.012,start,1,74,
39018.705,refuse,2,78,
39026.545,start,0,81,
39026.796,refuse,5,77,
39029.981,refuse,4,75,
39030.723,refuse,6,79,
39033.705,refuse,2,78,
39036.909,conflict-at-land,0,81,
39038.192,conflict-at-land,1,74,
39041.796,refuse,5,77,
39044.981,refuse,4,75,
39045.723,refuse,6,79,
39048.705,refuse,2,78,
39051.909,start,0,81,
39053.192,start,1,74,
39056.796,refuse,5,77,
39059.981,refuse,4,75,
39060.723,refuse,6,79,
39062.036,conflict-at-land,0,81,
39063.705,refuse,2,78,
39071.796,refuse,5,77,
39073.666,conflict-at-land,1,74,
39074.981,refuse,4,75,
39075.723,refuse,6,79,
39077.036,start,0,81,
39078.705,refuse,2,78,
39086.796,refuse,5,77,
39087.588,conflict-at-land,0,81,
39088.666,start,1,74,
39089.981,refuse,4,75,
39090.723,refuse,6,79,
39093.705,refuse,2,78,
39101.796,refuse,5,77,
39102.588,start,0,81,
39104.981,refuse,4,75,
39105.723,refuse,6,79,
39108.672,conflict-at-land,1,74,
39108.705,refuse,2,78,
39112.889,conflict-at-land,0,81,
39116.796,refuse,5,77,
39119.981,refuse,4,75,
39120.723,refuse,6,79,
39123.672,start,1,74,
39123.705,refuse,2,78,
39127.889,start,0,81,
39131.796,refuse,5,77,
39134.981,refuse,4,75,
39135.723,refuse,6,79,
39137.049,conflict-at-land,0,81,
39138.705,refuse,2,78,
39146.796,refuse,5,77,
39149.893,conflict-at-land,1,74,
39149.981,refuse,4,75,
39150.723,refuse,6,79,
39152.049,start,0,81,
39153.705,refuse,2,78,
39159.149,conflict-at-land,0,81,
39161.796,refuse,5,77,
39164.893,start,1,74,
39164.981,refuse,4,75,
39165.723,refuse,6,79,
39168.705,refuse,2,78,
39174.149,start,0,81,
39176.796,refuse,5,77,
39179.981,refuse,4,75,
39180.723,refuse,6,79,
39181.598,conflict-at-land,0,81,
39183.705,refuse,2,78,
39191.008,conflict-at-land,1,74,
39191.796,refuse,5,77,
39194.981,refuse,4,75,
39195.723,refuse,6,79,
39196.598,start,0,81,
39198.705,refuse,2,78,
39204.037,conflict-at-land,0,81,
39206.008,start,1,74,
39206.796,refuse,5,77,
39209.981,refuse,4,75,
39210.723,refuse,6,79,
39213.705,refuse,2,78,
39219.037,start,0,81,
39221.282,conflict-at-land,1,74,
39221.796,refuse,5,77,
39224.981,refuse,4,75,
39225.723,refuse,6,79,
39227.602,conflict-at-land,0,81,
39228.705,refuse,2,78,
39236.282,start,1,74,
39236.796,refuse,5,77,
39239.981,refuse,4,75,
39240.723,refuse,6,79,
39242.602,start,0,81,
39243.705,refuse,2,78,
39251.796,refuse,5,77,
39253.321,conflict-at-land,0,81,
39254.981,refuse,4,75,
39255.723,refuse,6,79,
39256.036,conflict-at-land,1,74,
39258.705,refuse,2,78,
39266.796,refuse,5,77,
39268.321,start,0,81,
39269.981,refuse,4,75,
39270.723,refuse,6,79,
39271.036,start,1,74,
39273.705,refuse,2,78,
39275.55,conflict-at-land,0,81,
39281.796,refuse,5,77,
39284.981,refuse,4,75,
39285.723,refuse,6,79,
39288.705,refuse,2,78,
39290.489,conflict-at-land,1,74,
39290.489,abandon,1,74,
39290.489,refuse,1,82,
39290.55,start,0,81,
39296.796,refuse,5,77,
39299.981,refuse,4,75,
39300.723,refuse,6,79,
39301.006,conflict-at-land,0,81,
39303.705,refuse,2,78,
39305.489,refuse,1,82,
39311.796,refuse,5,77,
39314.981,refuse,4,75,
39315.723,refuse,6,79,
39316.006,start,0,81,
39318.705,refuse,2,78,
39320.489,refuse,1,82,
39322.435,conflict-at-land,0,81,
39326.796,refuse,5,77,
39329.981,refuse,4,75,
39330.723,refuse,6,79,
39333.705,refuse,2,78,
39335.489,refuse,1,82,
39337.435,start,0,81,
39341.796,refuse,5,77,
39344.981,refuse,4,75,
39345.723,refuse,6,79,
39345.965,conflict-at-land,0,81,
39348.705,refuse,2,78,
39350.489,refuse,1,82,
39356.796,refuse,5,77,
39359.981,refuse,4,75,
39360.723,refuse,6,79,
39360.965,start,0,81,
39363.705,refuse,2,78,
39365.489,refuse,1,82,
39368.067,conflict-at-land,0,81,
39371.796,refuse,5,77,
39374.981,refuse,4,75,
39375.723,refuse,6,79,
39378.705,refuse,2,78,
39380.489,refuse,1,82,
39383.067,start,0,81,
39386.796,refuse,5,77,
39389.981,refuse,4,75,
39390.723,refuse,6,79,
39393.528,conflict-at-land,0,81,
39393.705,refuse,2,78,
39395.489,refuse,1,82,
39401.796,refuse,5,77,
39404.981,refuse,4,75,
39405.723,refuse,6,79,
39408.528,start,0,81,
39408.705,refuse,2,78,
39410.489,refuse,1,82,
39416.443,conflict-at-land,0,81,
39416.796,refuse,5,77,
39419.981,refuse,4,75,
39420.723,refuse,6,79,
39423.705,refuse,2,78,
39425.489,refuse,1,82,
39431.443,start,0,81,
39431.796,refuse,5,77,
39434.981,refuse,4,75,
39435.723,refuse,6,79,
39438.505,conflict-at-land,0,81,
39438.705,refuse,2,78,
39440.489,refuse,1,82,
39446.796,refuse,5,77,
39449.981,refuse,4,75,
39450.723,refuse,6,79,
39453.505,start,0,81,
39453.705,refuse,2,78,
39455.489,refuse,1,82,
39460.41,conflict-at-land,0,81,
39461.796,refuse,5,77,
39464.981,refuse,4,75,
39465.723,refuse,6,79,
39468.705,refuse,2,78,
39470.489,refuse,1,82,
39475.41,start,0,81,
39476.796,refuse,5,77,
39479.981,refuse,4,75,
39480.723,refuse,6,79,
39482.839,conflict-at-land,0,81,
39483.705,refuse,2,78,
39485.489,refuse,1,82,
39491.796,refuse,5,77,
39494.981,refuse,4,75,
39495.723,refuse,6,79,
39497.839,start,0,81,
39498.705,refuse,2,78,
39500.489,refuse,1,82,
39506.796,refuse,5,77,
39507.935,conflict-at-land,0,81,
39509.981,refuse,4,75,
39510.723,refuse,6,79,
39513.705,refuse,2,78,
39515.489,refuse,1,82,
39521.796,refuse,5,77,
39522.935,start,0,81,
39524.981,refuse,4,75,
39525.723,refuse,6,79,
39528.705,refuse,2,78,
39529.861,conflict-at-land,0,81,
39530.489,refuse,1,82,
39536.796,refuse,5,77,
39539.981,refuse,4,75,
39540.723,refuse,6,79,
39543.705,refuse,2,78,
39544.861,start,0,81,
39545.489,refuse,1,82,
39551.376,conflict-at-land,0,81,
39551.796,refuse,5,77,
39554.981,refuse,4,75,
39555.723,refuse,6,79,
39558.705,refuse,2,78,
39560.489,refuse,1,82,
39566.376,start,0,81,
39566.796,refuse,5,77,
39569.981,refuse,4,75,
39570.723,refuse,6,79,
39573.705,refuse,2,78,
39573.968,conflict-at-land,0,81,
39575.489,refuse,1,82,
39581.796,refuse,5,77,
39584.981,refuse,4,75,
39585.723,refuse,6,79,
39588.705,refuse,2,78,
39588.968,start,0,81,
39590.489,refuse,1,82,
39595.495,conflict-at-land,0,81,
39596.796,refuse,5,77,
39599.981,refuse,4,75,
39600.723,refuse,6,79,
39603.705,refuse,2,78,
39605.489,refuse,1,82,
39610.495,start,0,81,
39611.796,refuse,5,77,
39614.981,refuse,4,75,
39615.723,refuse,6,79,
39618.705,refuse,2,78,
39620.489,refuse,1,82,
39620.742,conflict-at-land,0,81,
39626.796,refuse,5,77,
39629.981,refuse,4,75,
39630.723,refuse,6,79,
39633.705,refuse,2,78,
39635.489,refuse,1,82,
39635.742,start,0,81,
39641.796,refuse,5,77,
39644.981,refuse,4,75,
39645.723,refuse,6,79,
39646.137,conflict-at-land,0,81,
39648.705,refuse,2,78,
39650.489,refuse,1,82,
39656.796,refuse,5,77,
39659.981,refuse,4,75,
39660.723,refuse,6,79,
39661.137,start,0,81,
39663.705,refuse,2,78,
39665.489,refuse,1,82,
39670.313,conflict-at-land,0,81,
39671.796,refuse,5,77,
39674.981,refuse,4,75,
39675.723,refuse,6,79,
39678.705,refuse,2,78,
39680.489,refuse,1,82,
39685.313,start,0,81,
39686.796,refuse,5,77,
39689.981,refuse,4,75,
39690.723,refuse,6,79,
39693.416,conflict-at-land,0,81,
39693.705,refuse,2,78,
39695.489,refuse,1,82,
39701.796,refuse,5,77,
39704.981,refuse,4,75,
39705.723,refuse,6,79,
39708.416,start,0,81,
39708.705,refuse,2,78,
39710.489,refuse,1,82,
39714.927,conflict-at-land,0,81,
39716.796,refuse,5,77,
39719.981,refuse,4,75,
39720.723,refuse,6,79,
39723.705,refuse,2,78,
39725.489,refuse,1,82,
39729.927,start,0,81,
39731.796,refuse,5,77,
39734.981,refuse,4,75,
39735.723,refuse,6,79,
39738.705,refuse,2,78,
39740.089,conflict-at-land,0,81,
39740.489,refuse,1,82,
39746.796,refuse,5,77,
39749.981,refuse,4,75,
39750.723,refuse,6,79,
39753.705,refuse,2,78,
39755.089,start,0,81,
39755.489,refuse,1,82,
39761.796,refuse,5,77,
39762.698,conflict-at-land,0,81,
39764.981,refuse,4,75,
39765.723,refuse,6,79,
39768.705,refuse,2,78,
39770.489,refuse,1,82,
39776.796,refuse,5,77,
39777.698,start,0,81,
39779.981,refuse,4,75,
39780.723,refuse,6,79,
39783.705,refuse,2,78,
39785.489,refuse,1,82,
39786.963,conflict-at-land,0,81,
39791.796,refuse,5,77,
39794.981,refuse,4,75,
39795.723,refuse,6,79,
39798.705,refuse,2,78,
39800.489,refuse,1,82,
39801.963,start,0,81,
39806.796,refuse,5,77,
39809.981,refuse,4,75,
39810.723,refuse,6,79,
39813.598,conflict-at-land,0,81,
39813.705,refuse,2,78,
39815.489,refuse,1,82,
39821.796,refuse,5,77,
39824.981,refuse,4,75,
39825.723,refuse,6,79,
39828.598,start,0,81,
39828.705,refuse,2,78,
39830.489,refuse,1,82,
39836.194,conflict-at-land,0,81,
39836.796,refuse,5,77,
39839.981,refuse,4,75,
39840.723,refuse,6,79,
39843.705,refuse,2,78,
39845.489,refuse,1,82,
39851.194,start,0,81,
39851.796,refuse,5,77,
39854.981,refuse,4,75,
39855.723,refuse,6,79,
39858.705,refuse,2,78,
39860.489,refuse,1,82,
39861.209,conflict-at-land,0,81,
39866.796,refuse,5,77,
39869.981,refuse,4,75,
39870.723,refuse,6,79,
39873.705,refuse,2,78,
39875.489,refuse,1,82,
39876.209,start,0,81,
39881.796,refuse,5,77,
39884.873,conflict-at-land,0,81,
39884.981,refuse,4,75,
39885.723,refuse,6,79,
39888.705,refuse,2,78,
39890.489,refuse,1,82,
39896.796,refuse,5,77,
39899.873,start,0,81,
39899.981,refuse,4,75,
39900.723,refuse,6,79,
39903.705,refuse,2,78,
39905.489,refuse,1,82,
39909.055,conflict-at-land,0,81,
39911.796,refuse,5,77,
39914.981,refuse,4,75,
39915.723,refuse,6,79,
39918.705,refuse,2,78,
39920.489,refuse,1,82,
39924.055,start,0,81,
39926.796,refuse,5,77,
39929.981,refuse,4,75,
39930.723,refuse,6,79,
39932.541,conflict-at-land,0,81,
39933.705,refuse,2,78,
39935.489,refuse,1,82,
39941.796,refuse,5,77,
39944.981,refuse,4,75,
39945.723,refuse,6,79,
39947.541,start,0,81,
39948.705,refuse,2,78,
39950.489,refuse,1,82,
39956.796,refuse,5,77,
39957.631,conflict-at-land,0,81,
39959.981,refuse,4,75,
39960.723,refuse,6,79,
39963.705,refuse,2,78,
39965.489,refuse,1,82,
39971.796,refuse,5,77,
39972.631,start,0,81,
39974.981,refuse,4,75,
39975.723,refuse,6,79,
39978.705,refuse,2,78,
39980.489,refuse,1,82,
39981.742,conflict-at-land,0,81,
39986.796,refuse,5,77,
39989.981,refuse,4,75,
39990.723,refuse,6,79,
39993.705,refuse,2,78,
39995.489,refuse,1,82,
39996.742,start,0,81,
40001.796,refuse,5,77,
40003.217,conflict-at-land,0,81,
40004.981,refuse,4,75,
40005.723,refuse,6,79,
40008.705,refuse,2,78,
40010.489,refuse,1,82,
40016.796,refuse,5,77,
40018.217,start,0,81,
40019.981,refuse,4,75,
40020.723,refuse,6,79,
40023.705,refuse,2,78,
40025.489,refuse,1,82,
40028.944,conflict-at-land,0,81,
40031.796,refuse,5,77,
40034.981,refuse,4,75,
40035.723,refuse,6,79,
40038.705,refuse,2,78,
40040.489,refuse,1,82,
40043.944,start,0,81,
40046.796,refuse,5,77,
40049.981,refuse,4,75,
40050.723,refuse,6,79,
40051.533,conflict-at-land,0,81,
40053.705,refuse,2,78,
40055.489,refuse,1,82,
40061.796,refuse,5,77,
40064.981,refuse,4,75,
40065.723,refuse,6,79,
40066.533,start,0,81,
40068.705,refuse,2,78,
40070.489,refuse,1,82,
40074.728,conflict-at-land,0,81,
40076.796,refuse,5,77,
40076.796,abandon,5,77,
40076.796,refuse,5,83,
40079.981,refuse,4,75,
40080.723,refuse,6,79,
40083.705,refuse,2,78,
40085.489,refuse,1,82,
40089.728,start,0,81,
40091.796,refuse,5,83,
40094.981,refuse,4,75,
40095.723,refuse,6,79,
40098.616,conflict-at-land,0,81,
40098.705,refuse,2,78,
40100.489,refuse,1,82,
40106.796,refuse,5,83,
40109.981,refuse,4,75,
40109.981,abandon,4,75,
40109.981,refuse,4,84,
40110.723,refuse,6,79,
40113.616,start,0,81,
40113.705,refuse,2,78,
40115.489,refuse,1,82,
40121.796,refuse,5,83,
40123.124,conflict-at-land,0,81,
40124.981,refuse,4,84,
40125.723,refuse,6,79,
40128.705,refuse,2,78,
40130.489,refuse,1,82,
40136.796,refuse,5,83,
40138.124,start,0,81,
40139.981,refuse,4,84,
40140.723,refuse,6,79,
40143.705,refuse,2,78,
40145.489,refuse,1,82,
40148.514,conflict-at-land,0,81,
40151.796,refuse,5,83,
40154.981,refuse,4,84,
40155.723,refuse,6,79,
40158.705,refuse,2,78,
40160.489,refuse,1,82,
40163.514,start,0,81,
40166.796,refuse,5,83,
40169.981,refuse,4,84,
40170.454,conflict-at-land,0,81,
40170.723,refuse,6,79,
40173.705,refuse,2,78,
40175.489,refuse,1,82,
40181.796,refuse,5,83,
40184.981,refuse,4,84,
40185.454,start,0,81,
40185.723,refuse,6,79,
40188.705,refuse,2,78,
40190.489,refuse,1,82,
40193.822,conflict-at-land,0,81,
40196.796,refuse,5,83,
40199.981,refuse,4,84,
40200.723,refuse,6,79,
40203.705,refuse,2,78,
40205.489,refuse,1,82,
40208.822,start,0,81,
40211.796,refuse,5,83,
40214.981,refuse,4,84,
40215.723,refuse,6,79,
40218.476,conflict-at-land,0,81,
40218.705,refuse,2,78,
40220.489,refuse,1,82,
40226.796,refuse,5,83,
40229.981,refuse,4,84,
40230.723,refuse,6,79,
40233.476,start,0,81,
40233.705,refuse,2,78,
40235.489,refuse,1,82,
40241.796,refuse,5,83,
40242.318,conflict-at-land,0,81,
40244.981,refuse,4,84,
40245.723,refuse,6,79,
40248.705,refuse,2,78,
40250.489,refuse,1,82,
40256.796,refuse,5,83,
40257.318,start,0,81,
40259.981,refuse,4,84,
40260.723,refuse,6,79,
40263.705,refuse,2,78,
40264.931,conflict-at-land,0,81,
40265.489,refuse,1,82,
40271.796,refuse,5,83,
40274.981,refuse,4,84,
40275.723,refuse,6,79,
40278.705,refuse,2,78,
40279.931,start,0,81,
40280.489,refuse,1,82,
40286.796,refuse,5,83,
40289.981,refuse,4,84,
40290.529,conflict-at-land,0,81,
40290.723,refuse,6,79,
40293.705,refuse,2,78,
40295.489,refuse,1,82,
40301.796,refuse,5,83,
40304.981,refuse,4,84,
40305.529,start,0,81,
40305.723,refuse,6,79,
40308.705,refuse,2,78,
40310.489,refuse,1,82,
40316.796,refuse,5,83,
40317.031,conflict-at-land,0,81,
40319.981,refuse,4,84,
40320.723,refuse,6,79,
40323.705,refuse,2,78,
40325.489,refuse,1,82,
40331.796,refuse,5,83,
40332.031,start,0,81,
40334.981,refuse,4,84,
40335.723,refuse,6,79,
40338.705,refuse,2,78,
40340.489,refuse,1,82,
40341.816,conflict-at-land,0,81,
40346.796,refuse,5,83,
40349.981,refuse,4,84,
40350.723,refuse,6,79,
40353.705,refuse,2,78,
40355.489,refuse,1,82,
40356.816,start,0,81,
40361.796,refuse,5,83,
40364.981,refuse,4,84,
40365.723,refuse,6,79,
40366.004,conflict-at-land,0,81,
40368.705,refuse,2,78,
40370.489,refuse,1,82,
40376.796,refuse,5,83,
40379.981,refuse,4,84,
40380.723,refuse,6,79,
40381.004,start,0,81,
40383.705,refuse,2,78,
40385.489,refuse,1,82,
40388.139,conflict-at-land,0,81,
40391.796,refuse,5,83,
40394.981,refuse,4,84,
40395.723,refuse,6,79,
40398.705,refuse,2,78,
40400.489,refuse,1,82,
40403.139,start,0,81,
40406.796,refuse,5,83,
40409.981,refuse,4,84,
40410.723,refuse,6,79,
40412.024,conflict-at-land,0,81,
40413.705,refuse,2,78,
40415.489,refuse,1,82,
40421.796,refuse,5,83,
40424.981,refuse,4,84,
40425.723,refuse,6,79,
40427.024,start,0,81,
40428.705,refuse,2,78,
40430.489,refuse,1,82,
40436.796,refuse,5,83,
40437.563,conflict-at-land,0,81,
40439.981,refuse,4,84,
40440.723,refuse,6,79,
40443.705,refuse,2,78,
40445.489,refuse,1,82,
40451.796,refuse,5,83,
40452.563,start,0,81,
40454.981,refuse,4,84,
40455.723,refuse,6,79,
40458.705,refuse,2,78,
40460.489,refuse,1,82,
40460.568,conflict-at-land,0,81,
40464.469,conflict-at-land,3,3,
40466.796,start,5,83,
40469.981,refuse,4,84,
40470.723,refuse,6,79,
40472.571,conflict-at-land,5,83,
40473.705,start,2,78,
40475.489,start,1,82,
40475.568,start,0,81,
40479.469,refuse,3,3,
40480.802,conflict-at-land,1,82,
40484.981,start,4,84,
40485.196,conflict-at-land,0,81,
40485.329,conflict-at-land,2,78,
40485.723,refuse,6,79,
40487.571,refuse,5,83,
40490.247,conflict-at-land,4,84,
40494.469,start,3,3,
40495.802,refuse,1,82,
40500.196,start,0,81,
40500.329,refuse,2,78,
40500.723,refuse,6,79,
40502.571,refuse,5,83,
40505.247,refuse,4,84,
40510.802,refuse,1,82,
40511.024,conflict-at-land,0,81,
40515.329,refuse,2,78,
40515.723,refuse,6,79,
40517.571,refuse,5,83,
40520.247,refuse,4,84,
40525.802,refuse,1,82,
40526.024,start,0,81,
40530.329,refuse,2,78,
40530.723,refuse,6,79,
40532.571,refuse,5,83,
40533.985,conflict-at-land,0,81,
40535.247,refuse,4,84,
40540.802,refuse,1,82,
40545.329,refuse,2,78,
40545.723,refuse,6,79,
40547.571,refuse,5,83,
40548.985,start,0,81,
40550.247,refuse,4,84,
40555.644,conflict-at-land,0,81,
40555.802,refuse,1,82,
40560.329,refuse,2,78,
40560.723,refuse,6,79,
40562.571,refuse,5,83,
40565.247,refuse,4,84,
40570.644,start,0,81,
40570.802,refuse,1,82,
40575.329,refuse,2,78,
40575.723,refuse,6,79,
40577.07,conflict-at-land,0,81,
40577.571,refuse,5,83,
40580.247,refuse,4,84,
40585.802,refuse,1,82,
40590.329,refuse,2,78,
40590.723,refuse,6,79,
40592.07,start,0,81,
40592.571,refuse,5,83,
40595.247,refuse,4,84,
40600.802,refuse,1,82,
40602.763,conflict-at-land,0,81,
40605.329,refuse,2,78,
40605.723,refuse,6,79,
40607.571,refuse,5,83,
40610.247,refuse,4,84,
40615.802,refuse,1,82,
40617.763,start,0,81,
40620.329,refuse,2,78,
40620.723,refuse,6,79,
40622.571,refuse,5,83,
40625.247,refuse,4,84,
40626.348,conflict-at-land,0,81,
40630.802,refuse,1,82,
40635.329,refuse,2,78,
40635.723,refuse,6,79,
40637.571,refuse,5,83,
40640.247,refuse,4,84,
40641.348,start,0,81,
40645.802,refuse,1,82,
40648.297,conflict-at-land,0,81,
40650.329,refuse,2,78,
40650.723,refuse,6,79,
40652.571,refuse,5,83,
40655.247,refuse,4,84,
40660.802,refuse,1,82,
40663.297,start,0,81,
40665.329,refuse,2,78,
40665.723,refuse,6,79,
40667.571,refuse,5,83,
40669.854,conflict-at-land,0,81,
40670.247,refuse,4,84,
40675.802,refuse,1,82,
40680.329,refuse,2,78,
40680.329,abandon,2,78,
40680.329,refuse,2,85,
40680.723,refuse,6,79,
40682.571,refuse,5,83,
40684.854,start,0,81,
40685.247,refuse,4,84,
40690.802,refuse,1,82,
40695.329,refuse,2,85,
40695.369,conflict-at-land,0,81,
40695.723,refuse,6,79,
40697.571,refuse,5,83,
40700.247,refuse,4,84,
40705.802,refuse,1,82,
40710.329,refuse,2,85,
40710.369,start,0,81,
40710.723,refuse,6,79,
40712.571,refuse,5,83,
40715.247,refuse,4,84,
40717.782,conflict-at-land,0,81,
40720.802,refuse,1,82,
40725.329,refuse,2,85,
40725.723,refuse,6,79,
40727.571,refuse,5,83,
40730.247,refuse,4,84,
40732.782,start,0,81,
40735.802,refuse,1,82,
40740.329,refuse,2,85,
40740.723,refuse,6,79,
40742.571,refuse,5,83,
40744.054,conflict-at-land,0,81,
40745.247,refuse,4,84,
40750.802,refuse,1,82,
40755.329,refuse,2,85,
40755.723,refuse,6,79,
40757.571,refuse,5,83,
40759.054,start,0,81,
40760.247,refuse,4,84,
40765.802,refuse,1,82,
40767.283,conflict-at-land,0,81,
40770.329,refuse,2,85,
40770.723,refuse,6,79,
40772.571,refuse,5,83,
40775.247,refuse,4,84,
40780.802,refuse,1,82,
40782.283,start,0,81,
40785.329,refuse,2,85,
40785.723,refuse,6,79,
40787.571,refuse,5,83,
40790.247,refuse,4,84,
40791.973,conflict-at-land,0,81,
40795.802,refuse,1,82,
40800.329,refuse,2,85,
40800.723,refuse,6,79,
40802.571,refuse,5,83,
40805.247,refuse,4,84,
40806.973,start,0,81,
40810.802,refuse,1,82,
40815.145,conflict-at-land,0,81,
40815.329,refuse,2,85,
40815.723,refuse,6,79,
40817.571,refuse,5,83,
40820.247,refuse,4,84,
40825.802,refuse,1,82,
40830.145,start,0,81,
40830.329,refuse,2,85,
40830.723,refuse,6,79,
40832.571,refuse,5,83,
40835.247,refuse,4,84,
40839.984,conflict-at-land,0,81,
40840.802,refuse,1,82,
40845.329,refuse,2,85,
40845.723,refuse,6,79,
40847.571,refuse,5,83,
40850.247,refuse,4,84,
40854.984,start,0,81,
40855.802,refuse,1,82,
40860.329,refuse,2,85,
40860.723,refuse,6,79,
40862.046,conflict-at-land,0,81,
40862.571,refuse,5,83,
40865.247,refuse,4,84,
40870.802,refuse,1,82,
40875.329,refuse,2,85,
40875.723,refuse,6,79,
40877.046,start,0,81,
40877.571,refuse,5,83,
40880.247,refuse,4,84,
40884.789,conflict-at-land,0,81,
40885.802,refuse,1,82,
40890.329,refuse,2,85,
40890.723,refuse,6,79,
40892.571,refuse,5,83,
40895.247,refuse,4,84,
40899.789,start,0,81,
40900.802,refuse,1,82,
40905.329,refuse,2,85,
40905.723,refuse,6,79,
40906.751,conflict-at-land,0,81,
40907.571,refuse,5,83,
40910.247,refuse,4,84,
40915.802,refuse,1,82,
40920.329,refuse,2,85,
40920.723,refuse,6,79,
40921.751,start,0,81,
40922.571,refuse,5,83,
40925.247,refuse,4,84,
40928.392,conflict-at-land,0,81,
40930.802,refuse,1,82,
40935.329,refuse,2,85,
40935.723,refuse,6,79,
40937.571,refuse,5,83,
40940.247,refuse,4,84,
40943.392,start,0,81,
40945.802,refuse,1,82,
40950.329,refuse,2,85,
40950.723,refuse,6,79,
40952.571,refuse,5,83,
40952.732,conflict-at-land,0,81,
40955.247,refuse,4,84,
40960.802,refuse,1,82,
40965.329,refuse,2,85,
40965.723,refuse,6,79,
40967.571,refuse,5,83,
40967.732,start,0,81,
40970.247,refuse,4,84,
40975.802,refuse,1,82,
40979.386,conflict-at-land,0,81,
40980.329,refuse,2,85,
40980.723,refuse,6,79,
40982.571,refuse,5,83,
40985.247,refuse,4,84,
40990.802,refuse,1,82,
40994.386,start,0,81,
40995.329,refuse,2,85,
40995.723,refuse,6,79,
40997.571,refuse,5,83,
41000.247,refuse,4,84,
41000.722,conflict-at-land,0,81,
41005.802,refuse,1,82,
41010.329,refuse,2,85,
41010.723,refuse,6,79,
41010.723,abandon,6,79,
41010.723,refuse,6,86,
41012.571,refuse,5,83,
41015.247,refuse,4,84,
41015.722,start,0,81,
41020.802,refuse,1,82,
41025.329,refuse,2,85,
41025.723,refuse,6,86,
41026.766,conflict-at-land,0,81,
41027.571,refuse,5,83,
41030.247,refuse,4,84,
41035.802,refuse,1,82,
41040.329,refuse,2,85,
41040.723,refuse,6,86,
41041.766,start,0,81,
41042.571,refuse,5,83,
41045.247,refuse,4,84,
41049.617,conflict-at-land,0,81,
41050.802,refuse,1,82,
41055.329,refuse,2,85,
41055.723,refuse,6,86,
41057.571,refuse,5,83,
41060.247,refuse,4,84,
41064.617,start,0,81,
41065.802,refuse,1,82,
41070.329,refuse,2,85,
41070.723,refuse,6,86,
41071.782,conflict-at-land,0,81,
41072.571,refuse,5,83,
41075.247,refuse,4,84,
41080.802,refuse,1,82,
41085.329,refuse,2,85,
41085.723,refuse,6,86,
41086.782,start,0,81,
41087.571,refuse,5,83,
41090.247,refuse,4,84,
41093.251,conflict-at-land,0,81,
41095.802,refuse,1,82,
41100.329,refuse,2,85,
41100.723,refuse,6,86,
41102.571,refuse,5,83,
41105.247,refuse,4,84,
41108.251,start,0,81,
41110.802,refuse,1,82,
41115.329,refuse,2,85,
41115.723,refuse,6,86,
41116.441,conflict-at-land,0,81,
41117.571,refuse,5,83,
41120.247,refuse,4,84,
41125.802,refuse,1,82,
41130.329,refuse,2,85,
41130.723,refuse,6,86,
41131.441,start,0,81,
41132.571,refuse,5,83,
41135.247,refuse,4,84,
41138.206,conflict-at-land,0,81,
41140.802,refuse,1,82,
41145.329,refuse,2,85,
41145.723,refuse,6,86,
41147.571,refuse,5,83,
41150.247,refuse,4,84,
41153.206,start,0,81,
41155.802,refuse,1,82,
41160.329,refuse,2,85,
41160.723,refuse,6,86,
41162.181,conflict-at-land,0,81,
41162.571,refuse,5,83,
41165.247,refuse,4,84,
41170.802,refuse,1,82,
41175.329,refuse,2,85,
41175.723,refuse,6,86,
41177.181,start,0,81,
41177.571,refuse,5,83,
41180.247,refuse,4,84,
41185.802,refuse,1,82,
41185.957,conflict-at-land,0,81,
41190.329,refuse,2,85,
41190.723,refuse,6,86,
41192.571,refuse,5,83,
41195.247,refuse,4,84,
41200.802,refuse,1,82,
41200.957,start,0,81,
41205.329,refuse,2,85,
41205.723,refuse,6,86,
41207.571,refuse,5,83,
41208.16,conflict-at-land,0,81,
41210.247,refuse,4,84,
41215.802,refuse,1,82,
41220.329,refuse,2,85,
41220.723,refuse,6,86,
41222.571,refuse,5,83,
41223.16,start,0,81,
41225.247,refuse,4,84,
41230.802,refuse,1,82,
41234.232,conflict-at-land,0,81,
41235.329,refuse,2,85,
41235.723,refuse,6,86,
41237.571,refuse,5,83,
41240.247,refuse,4,84,
41245.802,refuse,1,82,
41249.232,start,0,81,
41250.329,refuse,2,85,
41250.723,refuse,6,86,
41252.571,refuse,5,83,
41255.247,refuse,4,84,
41258.684,conflict-at-land,0,81,
41260.802,refuse,1,82,
41265.329,refuse,2,85,
41265.723,refuse,6,86,
41267.571,refuse,5,83,
41270.247,refuse,4,84,
41273.684,start,0,81,
41275.802,refuse,1,82,
41280.329,refuse,2,85,
41280.723,refuse,6,86,
41282.571,refuse,5,83,
41284.084,conflict-at-land,0,81,
41285.247,refuse,4,84,
41290.802,refuse,1,82,
41295.329,refuse,2,85,
41295.723,refuse,6,86,
41297.571,refuse,5,83,
41299.084,start,0,81,
41300.247,refuse,4,84,
41305.802,refuse,1,82,
41306.682,conflict-at-land,0,81,
41310.329,refuse,2,85,
41310.723,refuse,6,86,
41312.571,refuse,5,83,
41315.247,refuse,4,84,
41320.802,refuse,1,82,
41321.682,start,0,81,
41325.329,refuse,2,85,
41325.723,refuse,6,86,
41327.571,refuse,5,83,
41330.247,refuse,4,84,
41331.879,conflict-at-land,0,81,
41335.802,refuse,1,82,
41340.329,refuse,2,85,
41340.723,refuse,6,86,
41342.571,refuse,5,83,
41345.247,refuse,4,84,
41346.879,start,0,81,
41350.802,refuse,1,82,
41355.329,refuse,2,85,
41355.723,refuse,6,86,
41356.933,conflict-at-land,0,81,
41357.571,refuse,5,83,
41360.247,refuse,4,84,
41365.802,refuse,1,82,
41370.329,refuse,2,85,
41370.723,refuse,6,86,
41371.933,start,0,81,
41372.571,refuse,5,83,
41375.247,refuse,4,84,
41380.802,refuse,1,82,
41382.414,conflict-at-land,0,81,
41385.329,refuse,2,85,
41385.723,refuse,6,86,
41387.571,refuse,5,83,
41390.247,refuse,4,84,
41395.802,refuse,1,82,
41397.414,start,0,81,
41400.329,refuse,2,85,
41400.723,refuse,6,86,
41402.571,refuse,5,83,
41404.716,conflict-at-land,0,81,
41405.247,refuse,4,84,
41410.802,refuse,1,82,
41415.329,refuse,2,85,
41415.723,refuse,6,86,
41417.571,refuse,5,83,
41419.716,start,0,81,
41420.247,refuse,4,84,
41425.802,refuse,1,82,
41430.329,refuse,2,85,
41430.723,refuse,6,86,
41431.143,conflict-at-land,0,81,
41432.571,refuse,5,83,
41435.247,refuse,4,84,
41440.802,refuse,1,82,
41445.329,refuse,2,85,
41445.723,refuse,6,86,
41446.143,start,0,81,
41447.571,refuse,5,83,
41450.247,refuse,4,84,
41454.906,conflict-at-land,0,81,
41455.802,refuse,1,82,
41460.329,refuse,2,85,
41460.723,refuse,6,86,
41462.571,refuse,5,83,
41465.247,refuse,4,84,
41469.906,start,0,81,
41470.802,refuse,1,82,
41475.329,refuse,2,85,
41475.723,refuse,6,86,
41476.64,conflict-at-land,0,81,
41477.571,refuse,5,83,
41480.247,refuse,4,84,
41485.802,refuse,1,82,
41490.329,refuse,2,85,
41490.723,refuse,6,86,
41491.64,start,0,81,
41492.571,refuse,5,83,
41495.247,refuse,4,84,
41500.802,refuse,1,82,
41502.919,conflict-at-land,0,81,
41505.329,refuse,2,85,
41505.723,refuse,6,86,
41507.571,refuse,5,83,
41510.247,refuse,4,84,
41515.802,refuse,1,82,
41517.919,start,0,81,
41520.329,refuse,2,85,
41520.723,refuse,6,86,
41522.571,refuse,5,83,
41525.247,refuse,4,84,
41525.87,conflict-at-land,0,81,
41530.802,refuse,1,82,
41535.329,refuse,2,85,
41535.723,refuse,6,86,
41537.571,refuse,5,83,
41540.247,refuse,4,84,
41540.87,start,0,81,
41545.802,refuse,1,82,
41550.329,refuse,2,85,
41550.723,refuse,6,86,
41552.007,conflict-at-land,0,81,
41552.571,refuse,5,83,
41555.247,refuse,4,84,
41560.802,refuse,1,82,
41565.329,refuse,2,85,
41565.723,refuse,6,86,
41567.007,start,0,81,
41567.571,refuse,5,83,
41570.247,refuse,4,84,
41574.429,conflict-at-land,0,81,
41575.802,refuse,1,82,
41580.329,refuse,2,85,
41580.723,refuse,6,86,
41582.571,refuse,5,83,
41585.247,refuse,4,84,
41589.429,start,0,81,
41590.802,refuse,1,82,
41595.329,refuse,2,85,
41595.723,refuse,6,86,
41596.12,conflict-at-land,0,81,
41597.571,refuse,5,83,
41600.247,refuse,4,84,
41605.802,refuse,1,82,
41610.329,refuse,2,85,
41610.723,refuse,6,86,
41611.12,start,0,81,
41612.571,refuse,5,83,
41615.247,refuse,4,84,
41620.193,conflict-at-land,0,81,
41620.802,refuse,1,82,
41625.329,refuse,2,85,
41625.723,refuse,6,86,
41627.571,refuse,5,83,
41630.247,refuse,4,84,
41635.193,start,0,81,
41635.802,refuse,1,82,
41640.329,refuse,2,85,
41640.723,refuse,6,86,
41642.571,refuse,5,83,
41644.455,conflict-at-land,0,81,
41645.247,refuse,4,84,
41650.802,refuse,1,82,
41655.329,refuse,2,85,
41655.723,refuse,6,86,
41657.571,refuse,5,83,
41659.455,start,0,81,
41660.247,refuse,4,84,
41665.802,refuse,1,82,
41669.394,conflict-at-land,0,81,
41670.329,refuse,2,85,
41670.723,refuse,6,86,
41672.571,refuse,5,83,
41675.247,refuse,4,84,
41680.802,refuse,1,82,
41684.394,start,0,81,
41685.329,refuse,2,85,
41685.723,refuse,6,86,
41687.571,refuse,5,83,
41690.247,refuse,4,84,
41694.156,conflict-at-land,0,81,
41695.802,refuse,1,82,
41700.329,refuse,2,85,
41700.723,refuse,6,86,
41702.571,refuse,5,83,
41705.247,refuse,4,84,
41709.156,start,0,81,
41710.802,refuse,1,82,
41715.329,refuse,2,85,
41715.723,refuse,6,86,
41717.409,conflict-at-land,0,81,
41717.571,refuse,5,83,
41720.247,refuse,4,84,
41725.802,refuse,1,82,
41730.329,refuse,2,85,
41730.723,refuse,6,86,
41732.409,start,0,81,
41732.571,refuse,5,83,
41735.247,refuse,4,84,
41740.802,refuse,1,82,
41742.813,conflict-at-land,0,81,
41745.329,refuse,2,85,
41745.723,refuse,6,86,
41747.571,refuse,5,83,
41750.247,refuse,4,84,
41755.802,refuse,1,82,
41757.813,start,0,81,
41760.329,refuse,2,85,
41760.723,refuse,6,86,
41762.571,refuse,5,83,
41765.247,refuse,4,84,
41766.894,conflict-at-land,0,81,
41770.802,refuse,1,82,
41775.329,refuse,2,85,
41775.723,refuse,6,86,
41777.571,refuse,5,83,
41780.247,refuse,4,84,
41781.894,start,0,81,
41785.802,refuse,1,82,
41788.975,conflict-at-land,0,81,
41790.329,refuse,2,85,
41790.723,refuse,6,86,
41792.571,refuse,5,83,
41795.247,refuse,4,84,
41800.802,refuse,1,82,
41803.975,start,0,81,
41805.329,refuse,2,85,
41805.723,refuse,6,86,
41807.571,refuse,5,83,
41810.247,refuse,4,84,
41813.429,conflict-at-land,0,81,
41815.802,refuse,1,82,
41820.329,refuse,2,85,
41820.723,refuse,6,86,
41822.571,refuse,5,83,
41825.247,refuse,4,84,
41828.429,start,0,81,
41830.802,refuse,1,82,
41835.329,refuse,2,85,
41835.723,refuse,6,86,
41836.631,conflict-at-land,0,81,
41837.571,refuse,5,83,
41840.247,refuse,4,84,
41845.802,refuse,1,82,
41850.329,refuse,2,85,
41850.723,refuse,6,86,
41851.631,start,0,81,
41852.571,refuse,5,83,
41855.247,refuse,4,84,
41860.802,refuse,1,82,
41860.876,conflict-at-land,0,81,
41865.329,refuse,2,85,
41865.723,refuse,6,86,
41867.571,refuse,5,83,
41870.247,refuse,4,84,
41875.802,refuse,1,82,
41875.876,start,0,81,
41880.329,refuse,2,85,
41880.723,refuse,6,86,
41882.571,refuse,5,83,
41883.031,conflict-at-land,0,81,
41885.247,refuse,4,84,
41890.802,refuse,1,82,
41895.329,refuse,2,85,
41895.723,refuse,6,86,
41897.571,refuse,5,83,
41898.031,start,0,81,
41900.247,refuse,4,84,
41905.694,conflict-at-land,0,81,
41905.802,refuse,1,82,
41910.329,refuse,2,85,
41910.723,refuse,6,86,
41912.571,refuse,5,83,
41915.247,refuse,4,84,
41920.694,start,0,81,
41920.802,refuse,1,82,
41925.329,refuse,2,85,
41925.723,refuse,6,86,
41927.571,refuse,5,83,
41928.424,conflict-at-land,0,81,
41930.247,refuse,4,84,
41935.802,refuse,1,82,
41940.329,refuse,2,85,
41940.723,refuse,6,86,
41942.571,refuse,5,83,
41943.424,start,0,81,
41945.247,refuse,4,84,
41950.802,refuse,1,82,
41953.308,conflict-at-land,0,81,
41955.329,refuse,2,85,
41955.723,refuse,6,86,
41957.571,refuse,5,83,
41960.247,refuse,4,84,
41965.802,refuse,1,82,
41968.308,start,0,81,
41970.329,refuse,2,85,
41970.723,refuse,6,86,
41972.571,refuse,5,83,
41974.735,conflict-at-land,0,81,
41975.247,refuse,4,84,
41980.802,refuse,1,82,
41985.329,refuse,2,85,
41985.723,refuse,6,86,
41987.571,refuse,5,83,
41989.735,start,0,81,
41990.247,refuse,4,84,
41995.802,refuse,1,82,
41998.283,conflict-at-land,0,81,
42000.329,refuse,2,85,
42000.723,refuse,6,86,
42002.571,refuse,5,83,
42005.247,refuse,4,84,
42010.802,refuse,1,82,
42013.283,start,0,81,
42015.329,refuse,2,85,
42015.723,refuse,6,86,
42017.571,refuse,5,83,
42020.247,refuse,4,84,
42021.752,conflict-at-land,0,81,
42025.802,refuse,1,82,
42030.329,refuse,2,85,
42030.723,refuse,6,86,
42032.571,refuse,5,83,
42035.247,refuse,4,84,
42036.752,start,0,81,
42040.802,refuse,1,82,
42045.329,refuse,2,85,
42045.723,refuse,6,86,
42047.571,refuse,5,83,
42047.77,conflict-at-land,0,81,
42050.247,refuse,4,84,
42055.802,refuse,1,82,
42060.329,refuse,2,85,
42060.723,refuse,6,86,
42062.571,refuse,5,83,
42062.77,start,0,81,
42065.247,refuse,4,84,
42069.734,conflict-at-land,0,81,
42070.802,refuse,1,82,
42075.329,refuse,2,85,
42075.723,refuse,6,86,
42077.571,refuse,5,83,
42080.247,refuse,4,84,
42084.734,start,0,81,
42085.802,refuse,1,82,
42090.329,refuse,2,85,
42090.723,refuse,6,86,
42092.571,refuse,5,83,
42093.812,conflict-at-land,0,81,
42095.247,refuse,4,84,
42100.802,refuse,1,82,
42105.329,refuse,2,85,
42105.723,refuse,6,86,
42107.571,refuse,5,83,
42108.812,start,0,81,
42110.247,refuse,4,84,
42115.802,refuse,1,82,
42119.488,conflict-at-land,0,81,
42120.329,refuse,2,85,
42120.723,refuse,6,86,
42122.571,refuse,5,83,
42125.247,refuse,4,84,
42130.802,refuse,1,82,
42134.488,start,0,81,
42135.329,refuse,2,85,
42135.723,refuse,6,86,
42137.571,refuse,5,83,
42140.247,refuse,4,84,
42142.992,conflict-at-land,0,81,
42145.802,refuse,1,82,
42150.329,refuse,2,85,
42150.723,refuse,6,86,
42152.571,refuse,5,83,
42155.247,refuse,4,84,
42157.992,start,0,81,
42160.802,refuse,1,82,
42165.329,refuse,2,85,
42165.723,refuse,6,86,
42167.571,refuse,5,83,
42169.455,conflict-at-land,0,81,
42170.247,refuse,4,84,
42175.802,refuse,1,82,
42180.329,refuse,2,85,
42180.723,refuse,6,86,
42182.571,refuse,5,83,
42184.455,start,0,81,
42185.247,refuse,4,84,
42190.802,refuse,1,82,
42192.127,conflict-at-land,0,81,
42195.329,refuse,2,85,
42195.723,refuse,6,86,
42197.571,refuse,5,83,
42200.247,refuse,4,84,
42205.802,refuse,1,82,
42207.127,start,0,81,
42210.329,refuse,2,85,
42210.723,refuse,6,86,
42212.571,refuse,5,83,
42215.247,refuse,4,84,
42216.1,conflict-at-land,0,81,
42220.802,refuse,1,82,
42225.329,refuse,2,85,
42225.723,refuse,6,86,
42227.571,refuse,5,83,
42230.247,refuse,4,84,
42231.1,start,0,81,
42235.802,refuse,1,82,
42239.049,conflict-at-land,0,81,
42240.329,refuse,2,85,
42240.723,refuse,6,86,
42242.571,refuse,5,83,
42245.247,refuse,4,84,
42250.802,refuse,1,82,
42254.049,start,0,81,
42255.329,refuse,2,85,
42255.723,refuse,6,86,
42257.571,refuse,5,83,
42260.247,refuse,4,84,
42261.87,conflict-at-land,0,81,
42265.802,refuse,1,82,
42270.329,refuse,2,85,
42270.723,refuse,6,86,
42272.571,refuse,5,83,
42275.247,refuse,4,84,
42276.87,start,0,81,
42280.802,refuse,1,82,
42283.549,conflict-at-land,0,81,
42285.329,refuse,2,85,
42285.723,refuse,6,86,
42287.571,refuse,5,83,
42290.247,refuse,4,84,
42295.802,refuse,1,82,
42295.802,abandon,1,82,
42295.802,refuse,1,87,
42298.549,start,0,81,
42300.329,refuse,2,85,
42300.723,refuse,6,86,
42302.571,refuse,5,83,
42305.247,refuse,4,84,
42309.045,conflict-at-land,0,81,
42310.802,refuse,1,87,
42315.329,refuse,2,85,
42315.723,refuse,6,86,
42317.571,refuse,5,83,
42320.247,refuse,4,84,
42324.045,start,0,81,
42325.802,refuse,1,87,
42330.329,refuse,2,85,
42330.723,refuse,6,86,
42332.571,refuse,5,83,
42333.877,conflict-at-land,0,81,
42335.247,refuse,4,84,
42340.802,refuse,1,87,
42345.329,refuse,2,85,
42345.723,refuse,6,86,
42347.571,refuse,5,83,
42348.877,start,0,81,
42350.247,refuse,4,84,
42355.802,refuse,1,87,
42359.694,conflict-at-land,0,81,
42360.329,refuse,2,85,
42360.723,refuse,6,86,
42362.571,refuse,5,83,
42365.247,refuse,4,84,
42370.802,refuse,1,87,
42374.694,start,0,81,
42375.329,refuse,2,85,
42375.723,refuse,6,86,
42377.571,refuse,5,83,
42380.247,refuse,4,84,
42383.569,conflict-at-land,0,81,
42385.802,refuse,1,87,
42390.329,refuse,2,85,
42390.723,refuse,6,86,
42392.571,refuse,5,83,
42395.247,refuse,4,84,
42398.569,start,0,81,
42400.802,refuse,1,87,
42405.329,refuse,2,85,
42405.723,refuse,6,86,
42405.852,conflict-at-land,0,81,
42407.571,refuse,5,83,
42410.247,refuse,4,84,
42415.802,refuse,1,87,
42420.329,refuse,2,85,
42420.723,refuse,6,86,
42420.852,start,0,81,
42422.571,refuse,5,83,
42425.247,refuse,4,84,
42430.718,conflict-at-land,0,81,
42430.802,refuse,1,87,
42435.329,refuse,2,85,
42435.723,refuse,6,86,
42437.571,refuse,5,83,
42440.247,refuse,4,84,
42445.718,start,0,81,
42445.802,refuse,1,87,
42450.329,refuse,2,85,
42450.723,refuse,6,86,
42452.571,refuse,5,83,
42455.247,refuse,4,84,
42457.064,conflict-at-land,0,81,
42460.802,refuse,1,87,
42465.329,refuse,2,85,
42465.723,refuse,6,86,
42467.571,refuse,5,83,
42470.247,refuse,4,84,
42472.064,start,0,81,
42475.802,refuse,1,87,
42480.329,refuse,2,85,
42480.723,refuse,6,86,
42481.372,conflict-at-land,0,81,
42482.571,refuse,5,83,
42485.247,refuse,4,84,
42490.802,refuse,1,87,
42495.329,refuse,2,85,
42495.723,refuse,6,86,
42496.372,start,0,81,
42497.571,refuse,5,83,
42500.247,refuse,4,84,
42504.092,conflict-at-land,0,81,
42505.802,refuse,1,87,
42510.329,refuse,2,85,
42510.723,refuse,6,86,
42512.571,refuse,5,83,
42515.247,refuse,4,84,
42519.092,start,0,81,
42520.802,refuse,1,87,
42525.329,refuse,2,85,
42525.723,refuse,6,86,
42527.571,refuse,5,83,
42528.215,conflict-at-land,0,81,
42530.247,refuse,4,84,
42535.802,refuse,1,87,
42540.329,refuse,2,85,
42540.723,refuse,6,86,
42542.571,refuse,5,83,
42543.215,start,0,81,
42545.247,refuse,4,84,
42550.802,refuse,1,87,
42554.125,conflict-at-land,0,81,
42555.329,refuse,2,85,
42555.723,refuse,6,86,
42557.571,refuse,5,83,
42560.247,refuse,4,84,
42565.802,refuse,1,87,
42569.125,start,0,81,
42570.329,refuse,2,85,
42570.723,refuse,6,86,
42572.571,refuse,5,83,
42575.247,refuse,4,84,
42579.85,conflict-at-land,0,81,
42580.802,refuse,1,87,
42585.329,refuse,2,85,
42585.723,refuse,6,86,
42587.571,refuse,5,83,
42590.247,refuse,4,84,
42594.85,start,0,81,
42595.802,refuse,1,87,
42600.329,refuse,2,85,
42600.723,refuse,6,86,
42602.571,refuse,5,83,
42604.535,conflict-at-land,0,81,
42605.247,refuse,4,84,
42610.802,refuse,1,87,
42615.329,refuse,2,85,
42615.723,refuse,6,86,
42617.571,refuse,5,83,
42619.535,start,0,81,
42620.247,refuse,4,84,
42625.802,refuse,1,87,
42629.84,conflict-at-land,0,81,
42630.329,refuse,2,85,
42630.723,refuse,6,86,
42632.571,refuse,5,83,
42635.247,refuse,4,84,
42640.802,refuse,1,87,
42644.84,start,0,81,
42645.329,refuse,2,85,
42645.723,refuse,6,86,
42647.571,refuse,5,83,
42650.247,refuse,4,84,
42651.312,conflict-at-land,0,81,
42655.802,refuse,1,87,
42660.329,refuse,2,85,
42660.723,refuse,6,86,
42662.571,refuse,5,83,
42665.247,refuse,4,84,
42666.312,start,0,81,
42670.802,refuse,1,87,
42673.353,conflict-at-land,0,81,
42675.329,refuse,2,85,
42675.723,refuse,6,86,
42677.571,refuse,5,83,
42680.247,refuse,4,84,
42685.802,refuse,1,87,
42688.353,start,0,81,
42690.329,refuse,2,85,
42690.723,refuse,6,86,
42692.571,refuse,5,83,
42694.713,conflict-at-land,0,81,
42695.247,refuse,4,84,
42700.802,refuse,1,87,
42705.329,refuse,2,85,
42705.723,refuse,6,86,
42707.571,refuse,5,83,
42709.713,start,0,81,
42710.247,refuse,4,84,
42715.802,refuse,1,87,
42718.445,conflict-at-land,0,81,
42720.329,refuse,2,85,
42720.723,refuse,6,86,
42722.571,refuse,5,83,
42725.247,refuse,4,84,
42730.802,refuse,1,87,
42733.445,start,0,81,
42735.329,refuse,2,85,
42735.723,refuse,6,86,
42737.571,refuse,5,83,
42740.247,refuse,4,84,
42742.389,conflict-at-land,0,81,
42745.802,refuse,1,87,
42750.329,refuse,2,85,
42750.723,refuse,6,86,
42752.571,refuse,5,83,
42755.247,refuse,4,84,
42757.389,start,0,81,
42760.802,refuse,1,87,
42763.783,conflict-at-land,0,81,
42765.329,refuse,2,85,
42765.723,refuse,6,86,
42767.571,refuse,5,83,
42770.247,refuse,4,84,
42775.802,refuse,1,87,
42778.783,start,0,81,
42780.329,refuse,2,85,
42780.723,refuse,6,86,
42782.571,refuse,5,83,
42785.247,refuse,4,84,
42789.51,conflict-at-land,0,81,
42790.802,refuse,1,87,
42795.329,refuse,2,85,
42795.723,refuse,6,86,
42797.571,refuse,5,83,
42800.247,refuse,4,84,
42804.51,start,0,81,
42805.802,refuse,1,87,
42810.329,refuse,2,85,
42810.723,refuse,6,86,
42812.571,refuse,5,83,
42813.765,conflict-at-land,0,81,
42815.247,refuse,4,84,
42820.802,refuse,1,87,
42825.329,refuse,2,85,
42825.723,refuse,6,86,
42827.571,refuse,5,83,
42828.765,start,0,81,
42830.247,refuse,4,84,
42835.802,refuse,1,87,
42839.015,conflict-at-land,0,81,
42840.329,refuse,2,85,
42840.723,refuse,6,86,
42842.571,refuse,5,83,
42845.247,refuse,4,84,
42850.802,refuse,1,87,
42854.015,start,0,81,
42855.329,refuse,2,85,
42855.723,refuse,6,86,
42857.571,refuse,5,83,
42860.247,refuse,4,84,
42865.531,conflict-at-land,0,81,
42865.802,refuse,1,87,
42870.329,refuse,2,85,
42870.723,refuse,6,86,
42872.571,refuse,5,83,
42875.247,refuse,4,84,
42880.531,start,0,81,
42880.802,refuse,1,87,
42885.329,refuse,2,85,
42885.723,refuse,6,86,
42887.571,refuse,5,83,
42890.247,refuse,4,84,
42890.959,conflict-at-land,0,81,
42895.802,refuse,1,87,
42900.329,refuse,2,85,
42900.723,refuse,6,86,
42902.571,refuse,5,83,
42905.247,refuse,4,84,
42905.959,start,0,81,
42910.802,refuse,1,87,
42915.329,refuse,2,85,
42915.723,refuse,6,86,
42916.292,conflict-at-land,0,81,
42917.571,refuse,5,83,
42920.247,refuse,4,84,
42925.802,refuse,1,87,
42930.329,refuse,2,85,
42930.723,refuse,6,86,
42931.292,start,0,81,
42932.571,refuse,5,83,
42935.247,refuse,4,84,
42940.802,refuse,1,87,
42941.038,conflict-at-land,0,81,
42945.329,refuse,2,85,
42945.723,refuse,6,86,
42947.571,refuse,5,83,
42950.247,refuse,4,84,
42955.802,refuse,1,87,
42956.038,start,0,81,
42960.329,refuse,2,85,
42960.723,refuse,6,86,
42962.571,refuse,5,83,
42965.173,conflict-at-land,0,81,
42965.247,refuse,4,84,
42970.802,refuse,1,87,
42975.329,refuse,2,85,
42975.723,refuse,6,86,
42977.571,refuse,5,83,
42980.173,start,0,81,
42980.247,refuse,4,84,
42985.802,refuse,1,87,
42990.329,refuse,2,85,
42990.62,conflict-at-land,0,81,
42990.723,refuse,6,86,
42992.571,refuse,5,83,
42995.247,refuse,4,84,
43000.802,refuse,1,87,
43005.329,refuse,2,85,
43005.62,start,0,81,
43005.723,refuse,6,86,
43007.571,refuse,5,83,
43010.247,refuse,4,84,
43015.802,refuse,1,87,
43016.146,conflict-at-land,0,81,
43020.329,refuse,2,85,
43020.723,refuse,6,86,
43022.571,refuse,5,83,
43025.247,refuse,4,84,
43030.802,refuse,1,87,
43031.146,start,0,81,
43035.329,refuse,2,85,
43035.723,refuse,6,86,
43037.571,refuse,5,83,
43039.058,conflict-at-land,0,81,
43040.247,refuse,4,84,
43045.802,refuse,1,87,
43050.329,refuse,2,85,
43050.723,refuse,6,86,
43052.571,refuse,5,83,
43054.058,start,0,81,
43055.247,refuse,4,84,
43060.802,refuse,1,87,
43064.704,conflict-at-land,0,81,
43065.329,refuse,2,85,
43065.723,refuse,6,86,
43067.571,refuse,5,83,
43070.247,refuse,4,84,
43075.802,refuse,1,87,
43079.704,start,0,81,
43080.329,refuse,2,85,
43080.723,refuse,6,86,
43082.571,refuse,5,83,
43082.571,abandon,5,83,
43082.571,start,5,88,
43085.247,refuse,4,84,
43086.81,conflict-at-land,0,81,
43090.802,refuse,1,87,
43095.329,refuse,2,85,
43095.723,refuse,6,86,
43100.247,refuse,4,84,
43101.81,start,0,81,
43105.802,refuse,1,87,
43110.329,refuse,2,85,
43110.723,refuse,6,86,
43113.079,conflict-at-land,0,81,
43113.079,abandon,0,81,
43113.079,refuse,0,89,
43115.247,refuse,4,84,
43115.247,abandon,4,84,
43115.247,refuse,4,90,
43120.802,refuse,1,87,
43125.329,refuse,2,85,
43125.723,refuse,6,86,
43128.079,refuse,0,89,
43130.247,refuse,4,90,
43135.802,refuse,1,87,
43140.329,refuse,2,85,
43140.723,refuse,6,86,
43143.079,refuse,0,89,
43145.247,refuse,4,90,
43150.802,refuse,1,87,
43155.329,refuse,2,85,
43155.723,refuse,6,86,
43158.079,refuse,0,89,
43160.247,refuse,4,90,
43165.802,refuse,1,87,
43170.329,refuse,2,85,
43170.723,refuse,6,86,
43171.256,conflict-at-land,5,88,
43173.079,refuse,0,89,
43175.247,refuse,4,90,
43180.802,refuse,1,87,
43185.329,refuse,2,85,
43185.723,refuse,6,86,
43186.256,start,5,88,
43188.079,refuse,0,89,
43190.247,refuse,4,90,
43195.802,refuse,1,87,
43200.329,refuse,2,85,
43200.723,refuse,6,86,
43203.079,refuse,0,89,
43205.247,refuse,4,90,
43210.802,refuse,1,87,
43215.329,refuse,2,85,
43215.723,refuse,6,86,
43218.079,refuse,0,89,
43220.247,refuse,4,90,
43225.802,refuse,1,87,
43230.329,refuse,2,85,
43230.723,refuse,6,86,
43233.079,refuse,0,89,
43235.247,refuse,4,90,
43240.802,refuse,1,87,
43245.329,refuse,2,85,
43245.723,refuse,6,86,
43248.079,refuse,0,89,
43250.247,refuse,4,90,
43255.802,refuse,1,87,
43258.553,conflict-at-land,5,88,
43260.329,refuse,2,85,
43260.723,refuse,6,86,
43263.079,refuse,0,89,
43265.247,refuse,4,90,
43270.802,refuse,1,87,
43273.553,start,5,88,
43275.329,refuse,2,85,
43275.723,refuse,6,86,
43278.079,refuse,0,89,
43280.247,refuse,4,90,
43283.644,conflict-at-land,3,3,
43285.802,refuse,1,87,
43290.329,start,2,85,
43290.723,refuse,6,86,
43293.079,refuse,0,89,
43295.247,refuse,4,90,
43298.644,refuse,3,3,
43300.802,refuse,1,87,
43305.723,refuse,6,86,
43308.079,refuse,0,89,
43310.247,refuse,4,90,
43313.644,refuse,3,3,
43315.802,refuse,1,87,
43320.723,refuse,6,86,
43323.079,refuse,0,89,
43325.247,refuse,4,90,
43328.644,refuse,3,3,
43330.802,refuse,1,87,
43335.723,refuse,6,86,
43338.079,refuse,0,89,
43340.247,refuse,4,90,
43343.644,refuse,3,3,
43345.802,refuse,1,87,
43350.723,refuse,6,86,
43353.079,refuse,0,89,
43355.247,refuse,4,90,
43358.644,refuse,3,3,
43360.802,refuse,1,87,
43365.723,refuse,6,86,
43368.079,refuse,0,89,
43370.247,refuse,4,90,
43373.644,refuse,3,3,
43375.802,refuse,1,87,
43380.723,refuse,6,86,
43380.963,conflict-at-land,5,88,
43383.079,refuse,0,89,
43385.247,refuse,4,90,
43385.41,conflict-at-land,2,85,
43388.644,start,3,3,
43390.802,refuse,1,87,
43395.723,refuse,6,86,
43395.963,start,5,88,
43398.079,refuse,0,89,
43400.247,refuse,4,90,
43400.41,refuse,2,85,
43405.802,refuse,1,87,
43410.723,refuse,6,86,
43413.079,refuse,0,89,
43415.247,refuse,4,90,
43415.41,refuse,2,85,
43420.802,refuse,1,87,
43425.723,refuse,6,86,
43428.079,refuse,0,89,
43430.247,refuse,4,90,
43430.41,refuse,2,85,
43435.802,refuse,1,87,
43440.723,refuse,6,86,
43443.079,refuse,0,89,
43445.247,refuse,4,90,
43445.41,refuse,2,85,
43450.802,refuse,1,87,
43455.723,refuse,6,86,
43458.079,refuse,0,89,
43460.247,refuse,4,90,
43460.41,refuse,2,85,
43464.765,conflict-at-land,5,88,
43465.802,refuse,1,87,
43470.723,refuse,6,86,
43473.079,refuse,0,89,
43475.247,refuse,4,90,
43475.41,refuse,2,85,
43479.765,start,5,88,
43480.802,refuse,1,87,
43485.723,refuse,6,86,
43488.079,refuse,0,89,
43490.247,refuse,4,90,
43490.41,refuse,2,85,
43495.802,refuse,1,87,
43500.723,refuse,6,86,
43503.079,refuse,0,89,
43505.247,refuse,4,90,
43505.41,refuse,2,85,
43510.802,refuse,1,87,
43515.723,refuse,6,86,
43518.079,refuse,0,89,
43520.247,refuse,4,90,
43520.41,refuse,2,85,
43525.802,refuse,1,87,
43530.723,refuse,6,86,
43533.079,refuse,0,89,
43535.247,refuse,4,90,
43535.41,refuse,2,85,
43540.802,refuse,1,87,
43543.337,conflict-at-land,5,88,
43545.723,refuse,6,86,
43548.079,refuse,0,89,
43550.247,refuse,4,90,
43550.41,refuse,2,85,
43555.802,refuse,1,87,
43558.337,start,5,88,
43560.723,refuse,6,86,
43563.079,refuse,0,89,
43565.247,refuse,4,90,
43565.41,refuse,2,85,
43570.802,refuse,1,87,
43575.723,refuse,6,86,
43578.079,refuse,0,89,
43580.247,refuse,4,90,
43580.41,refuse,2,85,
43585.802,refuse,1,87,
43590.723,refuse,6,86,
43593.079,refuse,0,89,
43595.247,refuse,4,90,
43595.41,refuse,2,85,
43600.802,refuse,1,87,
43605.723,refuse,6,86,
43608.079,refuse,0,89,
43610.247,refuse,4,90,
43610.41,refuse,2,85,
43615.802,refuse,1,87,
43620.723,refuse,6,86,
43623.079,refuse,0,89,
43625.247,refuse,4,90,
43625.41,refuse,2,85,
43630.802,refuse,1,87,
43632.341,conflict-at-land,5,88,
43635.723,refuse,6,86,
43638.079,refuse,0,89,
43640.247,refuse,4,90,
43640.41,refuse,2,85,
43645.802,refuse,1,87,
43647.341,start,5,88,
43650.723,refuse,6,86,
43653.079,refuse,0,89,
43655.247,refuse,4,90,
43655.41,refuse,2,85,
43660.802,refuse,1,87,
43665.723,refuse,6,86,
43668.079,refuse,0,89,
43670.247,refuse,4,90,
43670.41,refuse,2,85,
43675.802,refuse,1,87,
43680.723,refuse,6,86,
43683.079,refuse,0,89,
43685.247,refuse,4,90,
43685.41,refuse,2,85,
43690.802,refuse,1,87,
43695.723,refuse,6,86,
43698.079,refuse,0,89,
43700.247,refuse,4,90,
43700.41,refuse,2,85,
43705.802,refuse,1,87,
43710.723,refuse,6,86,
43713.079,refuse,0,89,
43715.247,refuse,4,90,
43715.41,refuse,2,85,
43720.802,refuse,1,87,
43725.723,refuse,6,86,
43728.079,refuse,0,89,
43730.247,refuse,4,90,
43730.41,refuse,2,85,
43735.802,refuse,1,87,
43739.329,conflict-at-land,5,88,
43740.723,refuse,6,86,
43743.079,refuse,0,89,
43745.247,refuse,4,90,
43745.41,refuse,2,85,
43750.802,refuse,1,87,
43754.329,start,5,88,
43755.723,refuse,6,86,
43758.079,refuse,0,89,
43760.247,refuse,4,90,
43760.41,refuse,2,85,
43765.802,refuse,1,87,
43770.723,refuse,6,86,
43773.079,refuse,0,89,
43775.247,refuse,4,90,
43775.41,refuse,2,85,
43775.41,abandon,2,85,
43775.41,refuse,2,91,
43780.802,refuse,1,87,
43785.723,refuse,6,86,
43788.079,refuse,0,89,
43790.247,refuse,4,90,
43790.41,refuse,2,91,
43795.802,refuse,1,87,
43800.723,refuse,6,86,
43803.079,refuse,0,89,
43805.247,refuse,4,90,
43805.41,refuse,2,91,
43810.802,refuse,1,87,
43815.723,refuse,6,86,
43818.079,refuse,0,89,
43820.247,refuse,4,90,
43820.41,refuse,2,91,
43825.802,refuse,1,87,
43830.723,refuse,6,86,
43833.079,refuse,0,89,
43835.247,refuse,4,90,
43835.41,refuse,2,91,
43840.802,refuse,1,87,
43845.723,refuse,6,86,
43848.079,refuse,0,89,
43850.247,refuse,4,90,
43850.41,refuse,2,91,
43855.802,refuse,1,87,
43860.723,refuse,6,86,
43861.813,conflict-at-land,5,88,
43863.079,refuse,0,89,
43865.247,refuse,4,90,
43865.41,refuse,2,91,
43870.802,refuse,1,87,
43875.723,refuse,6,86,
43876.813,start,5,88,
43878.079,refuse,0,89,
43880.247,refuse,4,90,
43880.41,refuse,2,91,
43885.802,refuse,1,87,
43890.723,refuse,6,86,
43893.079,refuse,0,89,
43895.247,refuse,4,90,
43895.41,refuse,2,91,
43900.802,refuse,1,87,
43905.723,refuse,6,86,
43908.079,refuse,0,89,
43910.247,refuse,4,90,
43910.41,refuse,2,91,
43915.802,refuse,1,87,
43920.723,refuse,6,86,
43923.079,refuse,0,89,
43925.247,refuse,4,90,
43925.41,refuse,2,91,
43930.802,refuse,1,87,
43935.723,refuse,6,86,
43938.079,refuse,0,89,
43940.247,refuse,4,90,
43940.41,refuse,2,91,
43945.802,refuse,1,87,
43950.723,refuse,6,86,
43953.079,refuse,0,89,
43955.247,refuse,4,90,
43955.41,refuse,2,91,
43960.802,refuse,1,87,
43965.723,refuse,6,86,
43967.183,conflict-at-land,5,88,
43968.079,refuse,0,89,
43970.247,refuse,4,90,
43970.41,refuse,2,91,
43975.802,refuse,1,87,
43980.723,refuse,6,86,
43982.183,start,5,88,
43983.079,refuse,0,89,
43985.247,refuse,4,90,
43985.41,refuse,2,91,
43990.802,refuse,1,87,
43995.723,refuse,6,86,
43998.079,refuse,0,89,
44000.247,refuse,4,90,
44000.41,refuse,2,91,
44005.802,refuse,1,87,
44010.723,refuse,6,86,
44010.723,abandon,6,86,
44010.723,start,6,92,
44013.079,refuse,0,89,
44015.247,refuse,4,90,
44015.41,refuse,2,91,
44016.29,conflict-at-land,6,92,
44020.802,refuse,1,87,
44028.079,refuse,0,89,
44030.247,refuse,4,90,
44030.41,refuse,2,91,
44031.29,start,6,92,
44035.802,refuse,1,87,
44037.293,conflict-at-land,6,92,
44043.079,refuse,0,89,
44045.247,refuse,4,90,
44045.41,refuse,2,91,
44050.802,refuse,1,87,
44052.293,start,6,92,
44058.079,refuse,0,89,
44059.063,conflict-at-land,6,92,
44060.247,refuse,4,90,
44060.41,refuse,2,91,
44065.802,refuse,1,87,
44070.343,conflict-at-land,5,88,
44073.079,refuse,0,89,
44074.063,start,6,92,
44075.247,refuse,4,90,
44075.41,refuse,2,91,
44080.802,refuse,1,87,
44081.384,conflict-at-land,6,92,
44085.343,start,5,88,
44088.079,refuse,0,89,
44090.247,refuse,4,90,
44090.41,refuse,2,91,
44095.802,refuse,1,87,
44096.384,start,6,92,
44103.01,conflict-at-land,6,92,
44103.079,refuse,0,89,
44105.247,refuse,4,90,
44105.41,refuse,2,91,
44110.802,refuse,1,87,
44118.01,start,6,92,
44118.079,refuse,0,89,
44120.247,refuse,4,90,
44120.41,refuse,2,91,
44123.459,conflict-at-land,6,92,
44125.802,refuse,1,87,
44133.079,refuse,0,89,
44135.247,refuse,4,90,
44135.41,refuse,2,91,
44138.459,start,6,92,
44140.802,refuse,1,87,
44143.57,conflict-at-land,6,92,
44148.079,refuse,0,89,
44150.247,refuse,4,90,
44150.41,refuse,2,91,
44155.802,refuse,1,87,
44158.57,start,6,92,
44162.968,conflict-at-land,6,92,
44163.079,refuse,0,89,
44164.323,conflict-at-land,5,88,
44165.247,refuse,4,90,
44165.41,refuse,2,91,
44170.802,refuse,1,87,
44177.968,start,6,92,
44178.079,refuse,0,89,
44179.323,start,5,88,
44180.247,refuse,4,90,
44180.41,refuse,2,91,
44183.625,conflict-at-land,6,92,
44185.802,refuse,1,87,
44193.079,refuse,0,89,
44195.247,refuse,4,90,
44195.41,refuse,2,91,
44198.625,start,6,92,
44200.802,refuse,1,87,
44204.658,conflict-at-land,6,92,
44208.079,refuse,0,89,
44210.247,refuse,4,90,
44210.41,refuse,2,91,
44215.802,refuse,1,87,
44219.658,start,6,92,
44223.079,refuse,0,89,
44225.247,refuse,4,90,
44225.41,refuse,2,91,
44225.471,conflict-at-land,6,92,
44230.802,refuse,1,87,
44238.079,refuse,0,89,
44240.247,refuse,4,90,
44240.41,refuse,2,91,
44240.471,start,6,92,
44245.802,refuse,1,87,
44247.442,conflict-at-land,6,92,
44253.079,refuse,0,89,
44255.247,refuse,4,90,
44255.41,refuse,2,91,
44260.802,refuse,1,87,
44262.442,start,6,92,
44268.079,refuse,0,89,
44268.274,conflict-at-land,6,92,
44270.247,refuse,4,90,
44270.41,refuse,2,91,
44272.018,conflict-at-land,5,88,
44275.802,refuse,1,87,
44283.079,refuse,0,89,
44283.274,start,6,92,
44285.247,refuse,4,90,
44285.41,refuse,2,91,
44287.018,start,5,88,
44289.962,conflict-at-land,6,92,
44290.802,refuse,1,87,
44298.079,refuse,0,89,
44300.247,refuse,4,90,
44300.41,refuse,2,91,
44304.962,start,6,92,
44305.802,refuse,1,87,
44312.581,conflict-at-land,6,92,
44313.079,refuse,0,89,
44315.247,refuse,4,90,
44315.41,refuse,2,91,
44320.802,refuse,1,87,
44327.581,start,6,92,
44328.079,refuse,0,89,
44330.247,refuse,4,90,
44330.41,refuse,2,91,
44332.979,conflict-at-land,6,92,
44335.802,refuse,1,87,
44343.079,refuse,0,89,
44345.247,refuse,4,90,
44345.41,refuse,2,91,
44347.979,start,6,92,
44350.802,refuse,1,87,
44353.77,conflict-at-land,6,92,
44358.079,refuse,0,89,
44360.247,refuse,4,90,
44360.41,refuse,2,91,
44365.802,refuse,1,87,
44368.77,start,6,92,
44373.079,refuse,0,89,
44375.247,refuse,4,90,
44375.41,refuse,2,91,
44375.734,conflict-at-land,6,92,
44376.933,conflict-at-land,5,88,
44380.802,refuse,1,87,
44388.079,refuse,0,89,
44390.247,refuse,4,90,
44390.41,refuse,2,91,
44390.734,start,6,92,
44391.933,start,5,88,
44395.802,refuse,1,87,
44396.0,conflict-at-land,6,92,
44403.079,refuse,0,89,
44405.247,refuse,4,90,
44405.41,refuse,2,91,
44410.802,refuse,1,87,
44411.0,start,6,92,
44416.367,conflict-at-land,6,92,
44418.079,refuse,0,89,
44420.247,refuse,4,90,
44420.41,refuse,2,91,
44425.802,refuse,1,87,
44431.367,start,6,92,
44433.079,refuse,0,89,
44435.247,refuse,4,90,
44435.41,refuse,2,91,
44436.121,conflict-at-land,6,92,
44440.802,refuse,1,87,
44448.079,refuse,0,89,
44450.247,refuse,4,90,
44450.41,refuse,2,91,
44451.121,start,6,92,
44455.802,refuse,1,87,
44457.286,conflict-at-land,6,92,
44463.079,refuse,0,89,
44465.247,refuse,4,90,
44465.41,refuse,2,91,
44470.802,refuse,1,87,
44472.286,start,6,92,
44478.079,refuse,0,89,
44478.505,conflict-at-land,6,92,
44480.247,refuse,4,90,
44480.41,refuse,2,91,
44485.802,refuse,1,87,
44493.079,refuse,0,89,
44493.505,start,6,92,
44494.312,conflict-at-land,5,88,
44495.247,refuse,4,90,
44495.41,refuse,2,91,
44498.805,conflict-at-land,6,92,
44500.802,refuse,1,87,
44508.079,refuse,0,89,
44509.312,start,5,88,
44510.247,refuse,4,90,
44510.41,refuse,2,91,
44513.805,start,6,92,
44515.802,refuse,1,87,
44521.596,conflict-at-land,6,92,
44523.079,refuse,0,89,
44525.247,refuse,4,90,
44525.41,refuse,2,91,
44530.802,refuse,1,87,
44536.596,start,6,92,
44538.079,refuse,0,89,
44540.247,refuse,4,90,
44540.41,refuse,2,91,
44542.61,conflict-at-land,6,92,
44545.802,refuse,1,87,
44553.079,refuse,0,89,
44555.247,refuse,4,90,
44555.41,refuse,2,91,
44557.61,start,6,92,
44560.802,refuse,1,87,
44564.367,conflict-at-land,6,92,
44568.079,refuse,0,89,
44570.247,refuse,4,90,
44570.41,refuse,2,91,
44575.802,refuse,1,87,
44579.367,start,6,92,
44583.079,refuse,0,89,
44584.468,conflict-at-land,5,88,
44585.079,conflict-at-land,6,92,
44585.247,refuse,4,90,
44585.41,refuse,2,91,
44590.802,refuse,1,87,
44598.079,refuse,0,89,
44599.468,start,5,88,
44600.079,start,6,92,
44600.247,refuse,4,90,
44600.41,refuse,2,91,
44605.308,conflict-at-land,6,92,
44605.802,refuse,1,87,
44613.079,refuse,0,89,
44615.247,refuse,4,90,
44615.41,refuse,2,91,
44620.308,start,6,92,
44620.802,refuse,1,87,
44625.116,conflict-at-land,6,92,
44628.079,refuse,0,89,
44630.247,refuse,4,90,
44630.41,refuse,2,91,
44635.802,refuse,1,87,
44640.116,start,6,92,
44643.079,refuse,0,89,
44645.247,refuse,4,90,
44645.41,refuse,2,91,
44647.315,conflict-at-land,6,92,
44650.802,refuse,1,87,
44658.079,refuse,0,89,
44660.247,refuse,4,90,
44660.41,refuse,2,91,
44662.315,start,6,92,
44665.802,refuse,1,87,
44668.969,conflict-at-land,6,92,
44673.079,refuse,0,89,
44675.247,refuse,4,90,
44675.41,refuse,2,91,
44680.802,refuse,1,87,
44683.969,start,6,92,
44688.079,refuse,0,89,
44689.086,conflict-at-land,5,88,
44689.264,conflict-at-land,6,92,
44690.247,refuse,4,90,
44690.41,refuse,2,91,
44695.802,refuse,1,87,
44703.079,refuse,0,89,
44704.086,start,5,88,
44704.264,start,6,92,
44705.247,refuse,4,90,
44705.41,refuse,2,91,
44710.48,conflict-at-land,6,92,
44710.802,refuse,1,87,
44718.079,refuse,0,89,
44720.247,refuse,4,90,
44720.41,refuse,2,91,
44725.48,start,6,92,
44725.802,refuse,1,87,
44729.913,conflict-at-land,6,92,
44733.079,refuse,0,89,
44735.247,refuse,4,90,
44735.41,refuse,2,91,
44740.802,refuse,1,87,
44744.913,start,6,92,
44748.079,refuse,0,89,
44750.247,refuse,4,90,
44750.41,refuse,2,91,
44751.327,conflict-at-land,6,92,
44755.802,refuse,1,87,
44763.079,refuse,0,89,
44765.247,refuse,4,90,
44765.41,refuse,2,91,
44766.327,start,6,92,
44770.802,refuse,1,87,
44774.109,conflict-at-land,6,92,
44778.079,refuse,0,89,
44780.247,refuse,4,90,
44780.41,refuse,2,91,
44785.802,refuse,1,87,
44786.187,conflict-at-land,5,88,
44789.109,start,6,92,
44793.079,refuse,0,89,
44795.247,refuse,4,90,
44795.41,refuse,2,91,
44795.775,conflict-at-land,6,92,
44800.802,refuse,1,87,
44801.187,start,5,88,
44808.079,refuse,0,89,
44810.247,refuse,4,90,
44810.41,refuse,2,91,
44810.775,start,6,92,
44815.409,conflict-at-land,6,92,
44815.802,refuse,1,87,
44823.079,refuse,0,89,
44825.247,refuse,4,90,
44825.41,refuse,2,91,
44830.409,start,6,92,
44830.802,refuse,1,87,
44836.549,conflict-at-land,6,92,
44838.079,refuse,0,89,
44840.247,refuse,4,90,
44840.41,refuse,2,91,
44845.802,refuse,1,87,
44851.549,start,6,92,
44853.079,refuse,0,89,
44855.247,refuse,4,90,
44855.41,refuse,2,91,
44857.843,conflict-at-land,6,92,
44860.802,refuse,1,87,
44868.079,refuse,0,89,
44870.247,refuse,4,90,
44870.41,refuse,2,91,
44872.843,start,6,92,
44875.802,refuse,1,87,
44879.554,conflict-at-land,6,92,
44883.079,refuse,0,89,
44885.247,refuse,4,90,
44885.41,refuse,2,91,
44886.413,conflict-at-land,5,88,
44890.802,refuse,1,87,
44894.554,start,6,92,
44898.079,refuse,0,89,
44900.247,refuse,4,90,
44900.41,refuse,2,91,
44901.413,start,5,88,
44901.931,conflict-at-land,6,92,
44905.802,refuse,1,87,
44913.079,refuse,0,89,
44915.247,refuse,4,90,
44915.41,refuse,2,91,
44916.931,start,6,92,
44920.802,refuse,1,87,
44921.509,conflict-at-land,6,92,
44928.079,refuse,0,89,
44930.247,refuse,4,90,
44930.41,refuse,2,91,
44935.802,refuse,1,87,
44936.509,start,6,92,
44943.079,refuse,0,89,
44944.198,conflict-at-land,6,92,
44945.247,refuse,4,90,
44945.41,refuse,2,91,
44950.802,refuse,1,87,
44958.079,refuse,0,89,
44959.198,start,6,92,
44960.247,refuse,4,90,
44960.41,refuse,2,91,
44965.322,conflict-at-land,6,92,
44965.802,refuse,1,87,
44973.079,refuse,0,89,
44975.247,refuse,4,90,
44975.41,refuse,2,91,
44976.364,conflict-at-land,5,88,
44980.322,start,6,92,
44980.802,refuse,1,87,
44987.717,conflict-at-land,6,92,
44988.079,refuse,0,89,
44990.247,refuse,4,90,
44990.41,refuse,2,91,
44991.364,start,5,88,
44995.802,refuse,1,87,
45002.717,start,6,92,
45003.079,refuse,0,89,
45005.247,refuse,4,90,
45005.41,refuse,2,91,
45010.162,conflict-at-land,6,92,
45010.802,refuse,1,87,
45018.079,refuse,0,89,
45020.247,refuse,4,90,
45020.41,refuse,2,91,
45025.162,start,6,92,
45025.802,refuse,1,87,
45031.528,conflict-at-land,6,92,
45033.079,refuse,0,89,
45035.247,refuse,4,90,
45035.41,refuse,2,91,
45040.802,refuse,1,87,
45046.528,start,6,92,
45048.079,refuse,0,89,
45050.247,refuse,4,90,
45050.41,refuse,2,91,
45053.341,conflict-at-land,6,92,
45055.802,refuse,1,87,
45063.079,refuse,0,89,
45065.247,refuse,4,90,
45065.41,refuse,2,91,
45068.341,start,6,92,
45070.802,refuse,1,87,
45074.825,conflict-at-land,6,92,
45078.079,refuse,0,89,
45080.247,refuse,4,90,
45080.41,refuse,2,91,
45083.808,conflict-at-land,5,88,
45085.802,refuse,1,87,
45089.825,start,6,92,
45093.079,refuse,0,89,
45095.247,refuse,4,90,
45095.41,refuse,2,91,
45097.455,conflict-at-land,6,92,
45098.808,start,5,88,
45100.802,refuse,1,87,
45108.079,refuse,0,89,
45110.247,refuse,4,90,
45110.41,refuse,2,91,
45112.455,start,6,92,
45115.802,refuse,1,87,
45120.161,conflict-at-land,6,92,
45123.079,refuse,0,89,
45125.247,refuse,4,90,
45125.41,refuse,2,91,
45130.802,refuse,1,87,
45135.161,start,6,92,
45138.079,refuse,0,89,
45140.247,refuse,4,90,
45140.41,refuse,2,91,
45140.859,conflict-at-land,6,92,
45145.802,refuse,1,87,
45153.079,refuse,0,89,
45155.247,refuse,4,90,
45155.41,refuse,2,91,
45155.859,start,6,92,
45160.801,conflict-at-land,6,92,
45160.802,refuse,1,87,
45168.079,refuse,0,89,
45170.247,refuse,4,90,
45170.41,refuse,2,91,
45175.801,start,6,92,
45175.802,refuse,1,87,
45180.726,conflict-at-land,6,92,
45183.079,refuse,0,89,
45185.247,refuse,4,90,
45185.41,refuse,2,91,
45190.802,refuse,1,87,
45195.726,start,6,92,
45198.079,refuse,0,89,
45198.912,conflict-at-land,5,88,
45200.247,refuse,4,90,
45200.41,refuse,2,91,
45201.568,conflict-at-land,6,92,
45205.802,refuse,1,87,
45213.079,refuse,0,89,
45213.912,start,5,88,
45215.247,refuse,4,90,
45215.41,refuse,2,91,
45216.568,start,6,92,
45220.802,refuse,1,87,
45223.25,conflict-at-land,6,92,
45228.079,refuse,0,89,
45230.247,refuse,4,90,
45230.41,refuse,2,91,
45235.802,refuse,1,87,
45238.25,start,6,92,
45243.079,refuse,0,89,
45244.124,conflict-at-land,6,92,
45245.247,refuse,4,90,
45245.41,refuse,2,91,
45250.802,refuse,1,87,
45258.079,refuse,0,89,
45259.124,start,6,92,
45260.247,refuse,4,90,
45260.41,refuse,2,91,
45265.802,refuse,1,87,
45266.797,conflict-at-land,6,92,
45273.079,refuse,0,89,
45275.247,refuse,4,90,
45275.41,refuse,2,91,
45280.802,refuse,1,87,
45281.797,start,6,92,
45287.456,conflict-at-land,6,92,
45288.079,refuse,0,89,
45290.247,refuse,4,90,
45290.41,refuse,2,91,
45295.802,refuse,1,87,
45295.802,abandon,1,87,
45295.802,refuse,1,93,
45302.456,start,6,92,
45303.079,refuse,0,89,
45303.861,conflict-at-land,5,88,
45305.247,refuse,4,90,
45305.41,refuse,2,91,
45306.687,conflict-at-land,6,92,
45310.802,refuse,1,93,
45318.079,refuse,0,89,
45318.861,start,5,88,
45320.247,refuse,4,90,
45320.41,refuse,2,91,
45321.687,start,6,92,
45325.802,refuse,1,93,
45328.254,conflict-at-land,6,92,
45333.079,refuse,0,89,
45335.247,refuse,4,90,
45335.41,refuse,2,91,
45340.802,refuse,1,93,
45343.254,start,6,92,
45348.079,refuse,0,89,
45348.325,conflict-at-land,6,92,
45350.247,refuse,4,90,
45350.41,refuse,2,91,
45355.802,refuse,1,93,
45363.079,refuse,0,89,
45363.325,start,6,92,
45365.247,refuse,4,90,
45365.41,refuse,2,91,
45370.197,conflict-at-land,6,92,
45370.802,refuse,1,93,
45378.079,refuse,0,89,
45380.247,refuse,4,90,
45380.41,refuse,2,91,
45385.197,start,6,92,
45385.802,refuse,1,93,
45390.105,conflict-at-land,6,92,
45393.079,refuse,0,89,
45395.247,refuse,4,90,
45395.41,refuse,2,91,
45400.802,refuse,1,93,
45405.105,start,6,92,
45407.298,conflict-at-land,5,88,
45408.079,refuse,0,89,
45410.247,refuse,4,90,
45410.41,refuse,2,91,
45412.559,conflict-at-land,6,92,
45415.802,refuse,1,93,
45422.298,start,5,88,
45423.079,refuse,0,89,
45425.247,refuse,4,90,
45425.41,refuse,2,91,
45427.559,start,6,92,
45430.802,refuse,1,93,
45435.188,conflict-at-land,6,92,
45438.079,refuse,0,89,
45440.247,refuse,4,90,
45440.41,refuse,2,91,
45445.802,refuse,1,93,
45450.188,start,6,92,
45453.079,refuse,0,89,
45455.247,refuse,4,90,
45455.41,refuse,2,91,
45456.597,conflict-at-land,6,92,
45460.802,refuse,1,93,
45468.079,refuse,0,89,
45470.247,refuse,4,90,
45470.41,refuse,2,91,
45471.597,start,6,92,
45475.802,refuse,1,93,
45478.402,conflict-at-land,6,92,
45483.079,refuse,0,89,
45485.247,refuse,4,90,
45485.41,refuse,2,91,
45490.802,refuse,1,93,
45493.402,start,6,92,
45498.079,refuse,0,89,
45498.342,conflict-at-land,6,92,
45500.247,refuse,4,90,
45500.41,refuse,2,91,
45505.802,refuse,1,93,
45506.474,conflict-at-land,5,88,
45513.079,refuse,0,89,
45513.342,start,6,92,
45515.247,refuse,4,90,
45515.41,refuse,2,91,
45520.715,conflict-at-land,6,92,
45520.802,refuse,1,93,
45521.474,start,5,88,
45528.079,refuse,0,89,
45530.247,refuse,4,90,
45530.41,refuse,2,91,
45535.715,start,6,92,
45535.802,refuse,1,93,
45540.454,conflict-at-land,6,92,
45543.079,refuse,0,89,
45545.247,refuse,4,90,
45545.41,refuse,2,91,
45550.802,refuse,1,93,
45555.454,start,6,92,
45558.079,refuse,0,89,
45560.247,refuse,4,90,
45560.41,refuse,2,91,
45561.74,conflict-at-land,6,92,
45565.802,refuse,1,93,
45573.079,refuse,0,89,
45575.247,refuse,4,90,
45575.41,refuse,2,91,
45576.74,start,6,92,
45580.802,refuse,1,93,
45581.517,conflict-at-land,6,92,
45588.079,refuse,0,89,
45590.247,refuse,4,90,
45590.41,refuse,2,91,
45595.802,refuse,1,93,
45596.517,start,6,92,
45603.079,refuse,0,89,
45603.887,conflict-at-land,6,92,
45605.247,refuse,4,90,
45605.41,refuse,2,91,
45610.802,refuse,1,93,
45618.079,refuse,0,89,
45618.887,start,6,92,
45620.247,refuse,4,90,
45620.41,refuse,2,91,
45625.802,refuse,1,93,
45626.2,conflict-at-land,6,92,
45633.079,refuse,0,89,
45634.062,conflict-at-land,5,88,
45635.247,refuse,4,90,
45635.41,refuse,2,91,
45640.802,refuse,1,93,
45641.2,start,6,92,
45648.079,refuse,0,89,
45648.681,conflict-at-land,6,92,
45649.062,start,5,88,
45650.247,refuse,4,90,
45650.41,refuse,2,91,
45655.802,refuse,1,93,
45663.079,refuse,0,89,
45663.681,start,6,92,
45665.247,refuse,4,90,
45665.41,refuse,2,91,
45669.277,conflict-at-land,6,92,
45670.802,refuse,1,93,
45678.079,refuse,0,89,
45680.247,refuse,4,90,
45680.41,refuse,2,91,
45684.277,start,6,92,
45685.802,refuse,1,93,
45690.751,conflict-at-land,6,92,
45693.079,refuse,0,89,
45695.247,refuse,4,90,
45695.41,refuse,2,91,
45700.802,refuse,1,93,
45705.751,start,6,92,
45708.079,refuse,0,89,
45710.163,conflict-at-land,6,92,
45710.247,refuse,4,90,
45710.41,refuse,2,91,
45715.802,refuse,1,93,
45723.079,refuse,0,89,
45725.163,start,6,92,
45725.247,refuse,4,90,
45725.41,refuse,2,91,
45729.744,conflict-at-land,6,92,
45730.802,refuse,1,93,
45738.079,refuse,0,89,
45740.247,refuse,4,90,
45740.41,refuse,2,91,
45744.744,start,6,92,
45745.802,refuse,1,93,
45750.06,conflict-at-land,5,88,
45750.943,conflict-at-land,6,92,
45753.079,refuse,0,89,
45755.247,refuse,4,90,
45755.41,refuse,2,91,
45760.802,refuse,1,93,
45765.06,start,5,88,
45765.943,start,6,92,
45768.079,refuse,0,89,
45770.247,refuse,4,90,
45770.41,refuse,2,91,
45771.202,conflict-at-land,6,92,
45775.802,refuse,1,93,
45783.079,refuse,0,89,
45785.247,refuse,4,90,
45785.41,refuse,2,91,
45786.202,start,6,92,
45790.45,conflict-at-land,6,92,
45790.802,refuse,1,93,
45798.079,refuse,0,89,
45800.247,refuse,4,90,
45800.41,refuse,2,91,
45805.45,start,6,92,
45805.802,refuse,1,93,
45809.812,conflict-at-land,6,92,
45813.079,refuse,0,89,
45815.247,refuse,4,90,
45815.41,refuse,2,91,
45820.802,refuse,1,93,
45824.812,start,6,92,
45828.079,refuse,0,89,
45830.2,conflict-at-land,6,92,
45830.247,refuse,4,90,
45830.41,refuse,2,91,
45835.802,refuse,1,93,
45843.079,refuse,0,89,
45845.2,start,6,92,
45845.247,refuse,4,90,
45845.41,refuse,2,91,
45850.74,conflict-at-land,6,92,
45850.802,refuse,1,93,
45858.079,refuse,0,89,
45860.247,refuse,4,90,
45860.41,refuse,2,91,
45864.637,conflict-at-land,5,88,
45865.74,start,6,92,
45865.802,refuse,1,93,
45873.079,refuse,0,89,
45873.203,conflict-at-land,6,92,
45875.247,refuse,4,90,
45875.41,refuse,2,91,
45879.637,start,5,88,
45880.802,refuse,1,93,
45888.079,refuse,0,89,
45888.203,start,6,92,
45890.247,refuse,4,90,
45890.41,refuse,2,91,
45895.578,conflict-at-land,6,92,
45895.802,refuse,1,93,
45903.079,refuse,0,89,
45905.247,refuse,4,90,
45905.41,refuse,2,91,
45910.578,start,6,92,
45910.802,refuse,1,93,
45917.498,conflict-at-land,6,92,
45918.079,refuse,0,89,
45920.247,refuse,4,90,
45920.41,refuse,2,91,
45921.343,conflict-at-land,3,3,
45925.802,refuse,1,93,
45932.498,start,6,92,
45933.079,refuse,0,89,
45935.247,refuse,4,90,
45935.41,refuse,2,91,
45936.343,start,3,3,
45939.221,conflict-at-land,6,92,
45940.802,refuse,1,93,
45948.079,refuse,0,89,
45950.247,refuse,4,90,
45950.41,refuse,2,91,
45954.221,start,6,92,
45955.802,refuse,1,93,
45959.218,conflict-at-land,6,92,
45963.079,refuse,0,89,
45965.247,refuse,4,90,
45965.41,refuse,2,91,
45970.802,refuse,1,93,
45974.218,start,6,92,
45976.566,conflict-at-land,5,88,
45978.079,refuse,0,89,
45980.247,refuse,4,90,
45980.41,refuse,2,91,
45981.148,conflict-at-land,6,92,
45985.802,refuse,1,93,
45991.566,start,5,88,
45993.079,refuse,0,89,
45995.247,refuse,4,90,
45995.41,refuse,2,91,
45996.148,start,6,92,
46000.802,refuse,1,93,
46002.667,conflict-at-land,6,92,
46008.079,refuse,0,89,
46010.247,refuse,4,90,
46010.41,refuse,2,91,
46015.802,refuse,1,93,
46017.667,start,6,92,
46023.079,refuse,0,89,
46023.652,conflict-at-land,6,92,
46025.247,refuse,4,90,
46025.41,refuse,2,91,
46030.802,refuse,1,93,
46038.079,refuse,0,89,
46038.652,start,6,92,
46040.247,refuse,4,90,
46040.41,refuse,2,91,
46044.463,conflict-at-land,6,92,
46045.802,refuse,1,93,
46053.079,refuse,0,89,
46055.247,refuse,4,90,
46055.41,refuse,2,91,
46059.463,start,6,92,
46060.802,refuse,1,93,
46066.701,conflict-at-land,6,92,
46068.079,refuse,0,89,
46070.247,refuse,4,90,
46070.41,refuse,2,91,
46075.802,refuse,1,93,
46081.701,start,6,92,
46082.782,conflict-at-land,5,88,
46083.079,refuse,0,89,
46085.247,refuse,4,90,
46085.41,refuse,2,91,
46088.78,conflict-at-land,6,92,
46090.802,refuse,1,93,
46097.782,start,5,88,
46098.079,refuse,0,89,
46100.247,refuse,4,90,
46100.41,refuse,2,91,
46103.78,start,6,92,
46105.802,refuse,1,93,
46111.074,conflict-at-land,6,92,
46113.079,refuse,0,89,
46113.079,abandon,0,89,
46113.079,start,0,94,
46115.247,refuse,4,90,
46115.247,abandon,4,90,
46115.247,start,4,95,
46115.41,refuse,2,91,
46119.223,land,0,94,
46119.223,refuse,0,96,
46120.802,refuse,1,93,
46124.097,land,4,95,
46124.097,start,4,97,
46126.074,start,6,92,
46130.41,refuse,2,91,
46133.443,conflict-at-land,6,92,
46134.223,start,0,96,
46135.802,refuse,1,93,
46138.184,land,4,97,
46138.184,start,4,98,
46145.41,refuse,2,91,
46145.748,land,0,96,
46145.748,start,0,99,
46148.443,start,6,92,
46150.802,refuse,1,93,
46152.549,land,4,98,
46152.549,refuse,4,100,
46153.341,conflict-at-land,6,92,
46160.41,refuse,2,91,
46165.802,refuse,1,93,
46167.549,refuse,4,100,
46168.341,start,6,92,
46168.75,conflict-at-land,5,88,
46174.203,land,0,99,
46174.203,start,0,101,
46174.466,conflict-at-land,6,92,
46175.41,refuse,2,91,
46180.802,refuse,1,93,
46182.549,start,4,100,
46183.75,start,5,88,
46188.639,land,0,101,
46188.639,start,0,102,
46189.101,land,4,100,
46189.101,start,4,103,
46189.466,start,6,92,
46190.41,refuse,2,91,
46195.289,conflict-at-land,6,92,
46195.802,refuse,1,93,
46198.435,land,0,102,
46198.435,refuse,0,104,
46205.41,refuse,2,91,
46210.289,start,6,92,
46210.802,refuse,1,93,
46213.435,refuse,0,104,
46215.955,conflict-at-land,6,92,
46220.41,refuse,2,91,
46225.802,refuse,1,93,
46228.435,refuse,0,104,
46230.955,start,6,92,
46235.41,refuse,2,91,
46235.82,conflict-at-land,6,92,
46240.802,refuse,1,93,
46243.435,refuse,0,104,
46250.41,refuse,2,91,
46250.82,start,6,92,
46255.802,refuse,1,93,
46257.218,conflict-at-land,6,92,
46258.435,refuse,0,104,
46265.41,refuse,2,91,
46270.802,refuse,1,93,
46272.218,start,6,92,
46273.435,refuse,0,104,
46278.865,conflict-at-land,6,92,
46278.994,conflict-at-land,5,88,
46280.41,refuse,2,91,
46285.802,refuse,1,93,
46288.435,refuse,0,104,
46293.865,start,6,92,
46293.994,start,5,88,
46295.41,refuse,2,91,
46300.802,refuse,1,93,
46300.881,conflict-at-land,6,92,
46303.435,refuse,0,104,
46310.41,refuse,2,91,
46315.802,refuse,1,93,
46315.881,start,6,92,
46318.435,refuse,0,104,
46321.338,conflict-at-land,6,92,
46325.41,refuse,2,91,
46330.802,refuse,1,93,
46333.435,refuse,0,104,
46336.338,start,6,92,
46340.41,refuse,2,91,
46342.505,conflict-at-land,6,92,
46345.802,refuse,1,93,
46348.435,refuse,0,104,
46355.41,refuse,2,91,
46357.505,start,6,92,
46360.802,refuse,1,93,
46363.435,refuse,0,104,
46363.917,conflict-at-land,6,92,
46370.41,refuse,2,91,
46375.802,refuse,1,93,
46378.435,refuse,0,104,
46378.917,start,6,92,
46384.319,land,4,103,
46384.319,refuse,4,105,
46384.517,conflict-at-land,6,92,
46385.41,refuse,2,91,
46390.802,refuse,1,93,
46393.435,refuse,0,104,
46397.735,conflict-at-land,5,88,
46399.319,refuse,4,105,
46399.517,start,6,92,
46400.41,refuse,2,91,
46403.753,conflict-at-land,6,92,
46405.802,refuse,1,93,
46408.435,refuse,0,104,
46412.735,start,5,88,
46414.319,refuse,4,105,
46415.41,refuse,2,91,
46418.753,start,6,92,
46420.802,refuse,1,93,
46423.435,refuse,0,104,
46426.191,conflict-at-land,6,92,
46429.319,refuse,4,105,
46430.41,refuse,2,91,
46435.802,refuse,1,93,
46438.435,refuse,0,104,
46441.191,start,6,92,
46444.319,refuse,4,105,
46445.41,refuse,2,91,
46447.097,conflict-at-land,6,92,
46450.802,refuse,1,93,
46453.435,refuse,0,104,
46459.319,refuse,4,105,
46460.41,refuse,2,91,
46462.097,start,6,92,
46465.802,refuse,1,93,
46468.435,refuse,0,104,
46469.615,conflict-at-land,6,92,
46474.319,refuse,4,105,
46475.41,refuse,2,91,
46480.802,refuse,1,93,
46483.435,refuse,0,104,
46484.615,start,6,92,
46489.001,conflict-at-land,6,92,
46489.319,refuse,4,105,
46490.41,refuse,2,91,
46495.802,refuse,1,93,
46498.435,refuse,0,104,
46504.001,start,6,92,
46504.319,refuse,4,105,
46505.41,refuse,2,91,
46510.304,conflict-at-land,6,92,
46510.802,refuse,1,93,
46511.682,conflict-at-land,5,88,
46513.435,refuse,0,104,
46519.319,refuse,4,105,
46520.41,refuse,2,91,
46525.304,start,6,92,
46525.802,refuse,1,93,
46526.682,start,5,88,
46528.435,refuse,0,104,
46530.931,conflict-at-land,6,92,
46534.319,refuse,4,105,
46535.41,refuse,2,91,
46540.802,refuse,1,93,
46543.435,refuse,0,104,
46545.931,start,6,92,
46549.319,refuse,4,105,
46550.41,refuse,2,91,
46551.428,conflict-at-land,6,92,
46555.802,refuse,1,93,
46558.435,refuse,0,104,
46564.319,refuse,4,105,
46565.41,refuse,2,91,
46566.428,start,6,92,
46570.802,refuse,1,93,
46573.216,conflict-at-land,6,92,
46573.435,refuse,0,104,
46579.319,refuse,4,105,
46580.41,refuse,2,91,
46585.802,refuse,1,93,
46588.216,start,6,92,
46588.435,refuse,0,104,
46593.146,conflict-at-land,6,92,
46594.319,refuse,4,105,
46595.41,refuse,2,91,
46600.802,refuse,1,93,
46603.435,refuse,0,104,
46608.146,start,6,92,
46609.319,refuse,4,105,
46610.41,refuse,2,91,
46613.379,conflict-at-land,6,92,
46615.802,refuse,1,93,
46618.435,refuse,0,104,
46620.929,conflict-at-land,5,88,
46624.319,refuse,4,105,
46625.41,refuse,2,91,
46628.379,start,6,92,
46630.802,refuse,1,93,
46633.435,refuse,0,104,
46634.061,conflict-at-land,6,92,
46635.929,start,5,88,
46639.319,refuse,4,105,
46640.41,refuse,2,91,
46645.802,refuse,1,93,
46648.435,refuse,0,104,
46649.061,start,6,92,
46654.319,refuse,4,105,
46654.761,conflict-at-land,6,92,
46655.41,refuse,2,91,
46660.802,refuse,1,93,
46663.435,refuse,0,104,
46669.319,refuse,4,105,
46669.761,start,6,92,
46670.41,refuse,2,91,
46675.802,refuse,1,93,
46677.355,conflict-at-land,6,92,
46678.435,refuse,0,104,
46684.319,refuse,4,105,
46685.41,refuse,2,91,
46690.802,refuse,1,93,
46692.355,start,6,92,
46693.435,refuse,0,104,
46698.404,conflict-at-land,6,92,
46699.319,refuse,4,105,
46700.41,refuse,2,91,
46705.802,refuse,1,93,
46708.435,refuse,0,104,
46713.404,start,6,92,
46714.319,refuse,4,105,
46715.41,refuse,2,91,
46718.636,conflict-at-land,5,88,
46719.625,conflict-at-land,6,92,
46720.802,refuse,1,93,
46723.435,refuse,0,104,
46729.319,refuse,4,105,
46730.41,refuse,2,91,
46733.636,start,5,88,
46734.625,start,6,92,
46735.802,refuse,1,93,
46738.435,refuse,0,104,
46740.738,conflict-at-land,6,92,
46744.319,refuse,4,105,
46745.41,refuse,2,91,
46750.802,refuse,1,93,
46753.435,refuse,0,104,
46755.738,start,6,92,
46759.319,refuse,4,105,
46760.41,refuse,2,91,
46762.677,conflict-at-land,6,92,
46765.802,refuse,1,93,
46768.435,refuse,0,104,
46774.319,refuse,4,105,
46775.41,refuse,2,91,
46775.41,abandon,2,91,
46775.41,refuse,2,106,
46777.677,start,6,92,
46780.802,refuse,1,93,
46783.435,refuse,0,104,
46784.407,conflict-at-land,6,92,
46789.319,refuse,4,105,
46790.41,refuse,2,106,
46795.802,refuse,1,93,
46798.435,refuse,0,104,
46799.407,start,6,92,
46801.234,conflict-at-land,5,88,
46804.319,refuse,4,105,
46805.41,refuse,2,106,
46807.052,conflict-at-land,6,92,
46810.802,refuse,1,93,
46813.435,refuse,0,104,
46816.234,start,5,88,
46819.319,refuse,4,105,
46820.41,refuse,2,106,
46822.052,start,6,92,
46825.802,refuse,1,93,
46827.589,conflict-at-land,6,92,
46828.435,refuse,0,104,
46834.319,refuse,4,105,
46835.41,refuse,2,106,
46840.802,refuse,1,93,
46842.589,start,6,92,
46843.435,refuse,0,104,
46849.319,refuse,4,105,
46849.924,conflict-at-land,6,92,
46850.41,refuse,2,106,
46855.802,refuse,1,93,
46858.435,refuse,0,104,
46864.319,refuse,4,105,
46864.924,start,6,92,
46865.41,refuse,2,106,
46870.802,refuse,1,93,
46872.65,conflict-at-land,6,92,
46873.435,refuse,0,104,
46879.319,refuse,4,105,
46880.41,refuse,2,106,
46885.802,refuse,1,93,
46887.65,start,6,92,
46888.435,refuse,0,104,
46894.319,refuse,4,105,
46895.347,conflict-at-land,6,92,
46895.41,refuse,2,106,
46900.802,refuse,1,93,
46903.435,refuse,0,104,
46908.268,conflict-at-land,5,88,
46909.319,refuse,4,105,
46910.347,start,6,92,
46910.41,refuse,2,106,
46914.96,conflict-at-land,6,92,
46915.802,refuse,1,93,
46918.435,refuse,0,104,
46923.268,start,5,88,
46924.319,refuse,4,105,
46925.41,refuse,2,106,
46929.96,start,6,92,
46930.802,refuse,1,93,
46933.435,refuse,0,104,
46934.731,conflict-at-land,6,92,
46939.319,refuse,4,105,
46940.41,refuse,2,106,
46945.802,refuse,1,93,
46948.435,refuse,0,104,
46949.731,start,6,92,
46954.319,refuse,4,105,
46954.889,conflict-at-land,6,92,
46955.41,refuse,2,106,
46960.802,refuse,1,93,
46963.435,refuse,0,104,
46969.319,refuse,4,105,
46969.889,start,6,92,
46970.41,refuse,2,106,
46975.802,refuse,1,93,
46976.884,conflict-at-land,6,92,
46978.435,refuse,0,104,
46984.319,refuse,4,105,
46985.41,refuse,2,106,
46990.802,refuse,1,93,
46991.884,start,6,92,
46993.435,refuse,0,104,
46999.229,conflict-at-land,6,92,
46999.319,refuse,4,105,
47000.41,refuse,2,106,
47005.802,refuse,1,93,
47008.435,refuse,0,104,
47014.229,start,6,92,
47014.319,refuse,4,105,
47015.41,refuse,2,106,
47019.472,conflict-at-land,5,88,
47020.56,conflict-at-land,6,92,
47020.802,refuse,1,93,
47023.435,refuse,0,104,
47029.319,refuse,4,105,
47030.41,refuse,2,106,
47034.472,start,5,88,
47035.56,start,6,92,
47035.802,refuse,1,93,
47038.435,refuse,0,104,
47041.509,conflict-at-land,6,92,
47044.319,refuse,4,105,
47045.41,refuse,2,106,
47050.802,refuse,1,93,
47053.435,refuse,0,104,
47056.509,start,6,92,
47059.319,refuse,4,105,
47060.41,refuse,2,106,
47061.818,conflict-at-land,6,92,
47065.802,refuse,1,93,
47068.435,refuse,0,104,
47074.319,refuse,4,105,
47075.41,refuse,2,106,
47076.818,start,6,92,
47080.802,refuse,1,93,
47081.973,conflict-at-land,6,92,
47083.435,refuse,0,104,
47089.319,refuse,4,105,
47090.41,refuse,2,106,
47095.802,refuse,1,93,
47096.973,start,6,92,
47098.435,refuse,0,104,
47101.911,conflict-at-land,6,92,
47104.319,refuse,4,105,
47105.41,refuse,2,106,
47110.802,refuse,1,93,
47112.081,conflict-at-land,5,88,
47113.435,refuse,0,104,
47116.911,start,6,92,
47119.319,refuse,4,105,
47120.41,refuse,2,106,
47124.528,conflict-at-land,6,92,
47125.802,refuse,1,93,
47127.081,start,5,88,
47128.435,refuse,0,104,
47134.319,refuse,4,105,
47135.41,refuse,2,106,
47139.528,start,6,92,
47140.802,refuse,1,93,
47143.435,refuse,0,104,
47144.394,conflict-at-land,6,92,
47149.319,refuse,4,105,
47150.41,refuse,2,106,
47155.802,refuse,1,93,
47158.435,refuse,0,104,
47159.394,start,6,92,
47164.319,refuse,4,105,
47165.41,refuse,2,106,
47166.643,conflict-at-land,6,92,
47170.802,refuse,1,93,
47173.435,refuse,0,104,
47179.319,refuse,4,105,
47180.41,refuse,2,106,
47181.643,start,6,92,
47185.802,refuse,1,93,
47188.435,refuse,0,104,
47188.538,conflict-at-land,6,92,
47194.319,refuse,4,105,
47195.41,refuse,2,106,
47200.802,refuse,1,93,
47203.435,refuse,0,104,
47203.538,start,6,92,
47209.319,refuse,4,105,
47210.347,conflict-at-land,6,92,
47210.41,refuse,2,106,
47215.802,refuse,1,93,
47218.435,refuse,0,104,
47224.319,refuse,4,105,
47225.347,start,6,92,
47225.41,refuse,2,106,
47230.465,conflict-at-land,6,92,
47230.802,refuse,1,93,
47233.435,refuse,0,104,
47236.649,conflict-at-land,5,88,
47239.319,refuse,4,105,
47240.41,refuse,2,106,
47245.465,start,6,92,
47245.802,refuse,1,93,
47248.435,refuse,0,104,
47251.579,conflict-at-land,6,92,
47251.649,start,5,88,
47254.319,refuse,4,105,
47255.41,refuse,2,106,
47260.802,refuse,1,93,
47263.435,refuse,0,104,
47266.579,start,6,92,
47269.319,refuse,4,105,
47270.41,refuse,2,106,
47273.303,conflict-at-land,6,92,
47275.802,refuse,1,93,
47278.435,refuse,0,104,
47284.319,refuse,4,105,
47285.41,refuse,2,106,
47288.303,start,6,92,
47290.802,refuse,1,93,
47293.435,refuse,0,104,
47295.863,conflict-at-land,6,92,
47299.319,refuse,4,105,
47300.41,refuse,2,106,
47305.802,refuse,1,93,
47308.435,refuse,0,104,
47310.863,start,6,92,
47314.319,refuse,4,105,
47315.263,conflict-at-land,6,92,
47315.41,refuse,2,106,
47320.802,refuse,1,93,
47323.435,refuse,0,104,
47329.319,refuse,4,105,
47330.263,start,6,92,
47330.41,refuse,2,106,
47335.654,conflict-at-land,6,92,
47335.802,refuse,1,93,
47338.435,refuse,0,104,
47344.319,refuse,4,105,
47345.41,refuse,2,106,
47350.654,start,6,92,
47350.802,refuse,1,93,
47353.435,refuse,0,104,
47355.103,conflict-at-land,5,88,
47356.189,conflict-at-land,6,92,
47359.319,refuse,4,105,
47360.41,refuse,2,106,
47365.802,refuse,1,93,
47368.435,refuse,0,104,
47370.103,start,5,88,
47371.189,start,6,92,
47374.319,refuse,4,105,
47375.41,refuse,2,106,
47378.938,conflict-at-land,6,92,
47380.802,refuse,1,93,
47383.435,refuse,0,104,
47389.319,refuse,4,105,
47390.41,refuse,2,106,
47393.938,start,6,92,
47395.802,refuse,1,93,
47398.435,refuse,0,104,
47401.624,conflict-at-land,6,92,
47404.319,refuse,4,105,
47405.41,refuse,2,106,
47410.802,refuse,1,93,
47413.435,refuse,0,104,
47416.624,start,6,92,
47419.319,refuse,4,105,
47420.41,refuse,2,106,
47423.818,conflict-at-land,6,92,
47425.802,refuse,1,93,
47428.435,refuse,0,104,
47434.319,refuse,4,105,
47435.41,refuse,2,106,
47438.818,start,6,92,
47440.802,refuse,1,93,
47443.435,refuse,0,104,
47445.384,conflict-at-land,6,92,
47449.319,refuse,4,105,
47450.41,refuse,2,106,
47452.668,conflict-at-land,5,88,
47455.802,refuse,1,93,
47458.435,refuse,0,104,
47460.384,start,6,92,
47464.319,refuse,4,105,
47465.41,refuse,2,106,
47467.371,conflict-at-land,6,92,
47467.668,start,5,88,
47470.802,refuse,1,93,
47473.435,refuse,0,104,
47479.319,refuse,4,105,
47480.41,refuse,2,106,
47482.371,start,6,92,
47485.802,refuse,1,93,
47487.341,conflict-at-land,6,92,
47488.435,refuse,0,104,
47494.319,refuse,4,105,
47495.41,refuse,2,106,
47500.802,refuse,1,93,
47502.341,start,6,92,
47503.435,refuse,0,104,
47508.798,conflict-at-land,6,92,
47509.319,refuse,4,105,
47510.41,refuse,2,106,
47515.802,refuse,1,93,
47518.435,refuse,0,104,
47523.798,start,6,92,
47524.319,refuse,4,105,
47525.41,refuse,2,106,
47530.802,refuse,1,93,
47531.539,conflict-at-land,6,92,
47533.435,refuse,0,104,
47539.319,refuse,4,105,
47540.41,refuse,2,106,
47545.802,refuse,1,93,
47546.539,start,6,92,
47548.435,refuse,0,104,
47551.337,conflict-at-land,6,92,
47554.319,refuse,4,105,
47555.41,refuse,2,106,
47560.802,refuse,1,93,
47563.435,refuse,0,104,
47566.337,start,6,92,
47569.319,refuse,4,105,
47570.41,refuse,2,106,
47572.14,conflict-at-land,6,92,
47572.867,conflict-at-land,5,88,
47575.802,refuse,1,93,
47578.435,refuse,0,104,
47584.319,refuse,4,105,
47585.41,refuse,2,106,
47587.14,start,6,92,
47587.867,start,5,88,
47590.802,refuse,1,93,
47592.665,conflict-at-land,6,92,
47593.435,refuse,0,104,
47599.319,refuse,4,105,
47600.41,refuse,2,106,
47605.802,refuse,1,93,
47607.665,start,6,92,
47608.435,refuse,0,104,
47613.532,conflict-at-land,6,92,
47614.319,refuse,4,105,
47615.41,refuse,2,106,
47620.802,refuse,1,93,
47623.435,refuse,0,104,
47628.532,start,6,92,
47629.319,refuse,4,105,
47630.41,refuse,2,106,
47633.229,conflict-at-land,6,92,
47635.802,refuse,1,93,
47638.435,refuse,0,104,
47644.319,refuse,4,105,
47645.41,refuse,2,106,
47648.229,start,6,92,
47650.802,refuse,1,93,
47653.435,refuse,0,104,
47653.777,conflict-at-land,6,92,
47659.319,refuse,4,105,
47660.41,refuse,2,106,
47665.802,refuse,1,93,
47668.435,refuse,0,104,
47668.777,start,6,92,
47674.319,refuse,4,105,
47675.304,conflict-at-land,6,92,
47675.41,refuse,2,106,
47680.802,refuse,1,93,
47683.435,refuse,0,104,
47689.319,refuse,4,105,
47690.304,start,6,92,
47690.41,refuse,2,106,
47693.355,conflict-at-land,5,88,
47695.802,refuse,1,93,
47696.466,conflict-at-land,6,92,
47698.435,refuse,0,104,
47704.319,refuse,4,105,
47705.41,refuse,2,106,
47708.355,start,5,88,
47710.802,refuse,1,93,
47711.466,start,6,92,
47713.435,refuse,0,104,
47718.602,conflict-at-land,6,92,
47719.319,refuse,4,105,
47720.41,refuse,2,106,
47725.802,refuse,1,93,
47728.435,refuse,0,104,
47733.602,start,6,92,
47734.319,refuse,4,105,
47735.41,refuse,2,106,
47738.825,conflict-at-land,6,92,
47740.802,refuse,1,93,
47743.435,refuse,0,104,
47749.319,refuse,4,105,
47750.41,refuse,2,106,
47753.825,start,6,92,
47755.802,refuse,1,93,
47758.152,conflict-at-land,6,92,
47758.435,refuse,0,104,
47764.319,refuse,4,105,
47765.41,refuse,2,106,
47770.685,conflict-at-land,5,88,
47770.802,refuse,1,93,
47773.152,start,6,92,
47773.435,refuse,0,104,
47779.319,refuse,4,105,
47779.603,conflict-at-land,6,92,
47780.41,refuse,2,106,
47785.685,start,5,88,
47785.802,refuse,1,93,
47788.435,refuse,0,104,
47794.319,refuse,4,105,
47794.603,start,6,92,
47795.41,refuse,2,106,
47800.802,refuse,1,93,
47800.989,conflict-at-land,6,92,
47803.435,refuse,0,104,
47809.319,refuse,4,105,
47810.41,refuse,2,106,
47815.802,refuse,1,93,
47815.989,start,6,92,
47818.435,refuse,0,104,
47820.519,conflict-at-land,6,92,
47824.319,refuse,4,105,
47825.41,refuse,2,106,
47830.802,refuse,1,93,
47833.435,refuse,0,104,
47835.519,start,6,92,
47839.319,refuse,4,105,
47839.794,conflict-at-land,6,92,
47840.41,refuse,2,106,
47845.802,refuse,1,93,
47848.435,refuse,0,104,
47854.319,refuse,4,105,
47854.794,start,6,92,
47855.41,refuse,2,106,
47860.802,refuse,1,93,
47861.601,conflict-at-land,6,92,
47863.435,refuse,0,104,
47869.319,refuse,4,105,
47870.41,refuse,2,106,
47875.802,refuse,1,93,
47876.601,start,6,92,
47878.435,refuse,0,104,
47881.592,conflict-at-land,5,88,
47882.631,conflict-at-land,6,92,
47884.319,refuse,4,105,
47885.41,refuse,2,106,
47890.802,refuse,1,93,
47893.435,refuse,0,104,
47896.592,start,5,88,
47897.631,start,6,92,
47899.319,refuse,4,105,
47900.41,refuse,2,106,
47903.847,conflict-at-land,6,92,
47905.802,refuse,1,93,
47908.435,refuse,0,104,
47914.319,refuse,4,105,
47915.41,refuse,2,106,
47918.847,start,6,92,
47920.802,refuse,1,93,
47923.348,conflict-at-land,6,92,
47923.435,refuse,0,104,
47929.319,refuse,4,105,
47930.41,refuse,2,106,
47935.802,refuse,1,93,
47938.348,start,6,92,
47938.435,refuse,0,104,
47944.252,conflict-at-land,6,92,
47944.319,refuse,4,105,
47945.41,refuse,2,106,
47950.802,refuse,1,93,
47953.435,refuse,0,104,
47958.066,conflict-at-land,5,88,
47959.252,start,6,92,
47959.319,refuse,4,105,
47960.41,refuse,2,106,
47965.802,refuse,1,93,
47966.007,conflict-at-land,6,92,
47968.435,refuse,0,104,
47973.066,start,5,88,
47974.319,refuse,4,105,
47975.41,refuse,2,106,
47980.802,refuse,1,93,
47981.007,start,6,92,
47983.435,refuse,0,104,
47986.669,conflict-at-land,6,92,
47989.319,refuse,4,105,
47990.41,refuse,2,106,
47995.802,refuse,1,93,
47998.435,refuse,0,104,
48001.669,start,6,92,
48004.319,refuse,4,105,
48005.41,refuse,2,106,
48008.46,conflict-at-land,6,92,
48010.802,refuse,1,93,
48013.435,refuse,0,104,
48019.319,refuse,4,105,
48020.41,refuse,2,106,
48023.46,start,6,92,
48025.802,refuse,1,93,
48028.435,refuse,0,104,
48028.653,conflict-at-land,6,92,
48034.319,refuse,4,105,
48035.41,refuse,2,106,
48040.802,refuse,1,93,
48043.435,refuse,0,104,
48043.653,start,6,92,
48045.725,conflict-at-land,5,88,
48049.319,refuse,4,105,
48050.087,conflict-at-land,6,92,
48050.41,refuse,2,106,
48055.802,refuse,1,93,
48058.435,refuse,0,104,
48060.725,start,5,88,
48064.319,refuse,4,105,
48065.087,start,6,92,
48065.41,refuse,2,106,
48070.802,refuse,1,93,
48071.822,conflict-at-land,6,92,
48073.435,refuse,0,104,
48079.319,refuse,4,105,
48080.41,refuse,2,106,
48085.802,refuse,1,93,
48086.822,start,6,92,
48088.435,refuse,0,104,
48091.872,conflict-at-land,6,92,
48094.319,refuse,4,105,
48095.41,refuse,2,106,
48100.802,refuse,1,93,
48103.435,refuse,0,104,
48106.872,start,6,92,
48109.319,refuse,4,105,
48110.41,refuse,2,106,
48112.629,conflict-at-land,6,92,
48115.802,refuse,1,93,
48118.435,refuse,0,104,
48124.319,refuse,4,105,
48124.553,conflict-at-land,5,88,
48125.41,refuse,2,106,
48127.629,start,6,92,
48130.802,refuse,1,93,
48133.435,refuse,0,104,
48135.408,conflict-at-land,6,92,
48139.319,refuse,4,105,
48139.553,start,5,88,
48140.41,refuse,2,106,
48145.802,refuse,1,93,
48148.435,refuse,0,104,
48150.408,start,6,92,
48154.319,refuse,4,105,
48155.273,conflict-at-land,6,92,
48155.41,refuse,2,106,
48160.802,refuse,1,93,
48163.435,refuse,0,104,
48169.319,refuse,4,105,
48170.273,start,6,92,
48170.41,refuse,2,106,
48175.802,refuse,1,93,
48177.346,conflict-at-land,6,92,
48178.435,refuse,0,104,
48184.319,refuse,4,105,
48185.41,refuse,2,106,
48190.802,refuse,1,93,
48192.346,start,6,92,
48193.435,refuse,0,104,
48197.978,conflict-at-land,6,92,
48199.319,refuse,4,105,
48200.41,refuse,2,106,
48205.802,refuse,1,93,
48208.435,refuse,0,104,
48212.978,start,6,92,
48214.319,refuse,4,105,
48215.41,refuse,2,106,
48218.962,conflict-at-land,6,92,
48220.802,refuse,1,93,
48223.435,refuse,0,104,
48229.319,refuse,4,105,
48230.41,refuse,2,106,
48233.962,start,6,92,
48235.802,refuse,1,93,
48238.435,refuse,0,104,
48239.17,conflict-at-land,6,92,
48239.17,abandon,6,92,
48239.17,refuse,6,107,
48241.057,conflict-at-land,5,88,
48244.319,refuse,4,105,
48245.41,refuse,2,106,
48250.802,refuse,1,93,
48253.435,refuse,0,104,
48254.17,refuse,6,107,
48256.057,start,5,88,
48259.319,refuse,4,105,
48260.41,refuse,2,106,
48265.802,refuse,1,93,
48268.435,refuse,0,104,
48269.17,refuse,6,107,
48274.319,refuse,4,105,
48275.41,refuse,2,106,
48280.802,refuse,1,93,
48283.435,refuse,0,104,
48284.17,refuse,6,107,
48289.319,refuse,4,105,
48290.41,refuse,2,106,
48295.802,refuse,1,93,
48295.802,abandon,1,93,
48295.802,refuse,1,108,
48298.435,refuse,0,104,
48299.17,refuse,6,107,
48304.319,refuse,4,105,
48305.41,refuse,2,106,
48310.802,refuse,1,108,
48313.435,refuse,0,104,
48314.17,refuse,6,107,
48319.319,refuse,4,105,
48320.41,refuse,2,106,
48325.802,refuse,1,108,
48326.029,conflict-at-land,5,88,
48328.435,refuse,0,104,
48329.17,refuse,6,107,
48334.319,refuse,4,105,
48335.41,refuse,2,106,
48340.802,refuse,1,108,
48341.029,start,5,88,
48343.435,refuse,0,104,
48344.17,refuse,6,107,
48349.319,refuse,4,105,
48350.41,refuse,2,106,
48355.802,refuse,1,108,
48358.435,refuse,0,104,
48359.17,refuse,6,107,
48364.319,refuse,4,105,
48365.41,refuse,2,106,
48370.802,refuse,1,108,
48373.435,refuse,0,104,
48374.17,refuse,6,107,
48379.319,refuse,4,105,
48380.41,refuse,2,106,
48385.802,refuse,1,108,
48388.435,refuse,0,104,
48389.17,refuse,6,107,
48394.319,refuse,4,105,
48395.41,refuse,2,106,
48400.802,refuse,1,108,
48403.435,refuse,0,104,
48404.17,refuse,6,107,
48409.319,refuse,4,105,
48410.41,refuse,2,106,
48415.802,refuse,1,108,
48418.435,refuse,0,104,
48419.17,refuse,6,107,
48424.319,refuse,4,105,
48425.41,refuse,2,106,
48430.802,refuse,1,108,
48433.435,refuse,0,104,
48434.17,refuse,6,107,
48439.319,refuse,4,105,
48440.41,refuse,2,106,
48445.802,refuse,1,108,
48448.435,refuse,0,104,
48449.17,refuse,6,107,
48453.413,conflict-at-land,5,88,
48454.319,refuse,4,105,
48455.41,refuse,2,106,
48460.802,refuse,1,108,
48463.435,refuse,0,104,
48464.17,refuse,6,107,
48468.413,start,5,88,
48469.319,refuse,4,105,
48470.41,refuse,2,106,
48475.802,refuse,1,108,
48478.435,refuse,0,104,
48479.17,refuse,6,107,
48484.319,refuse,4,105,
48485.41,refuse,2,106,
48490.802,refuse,1,108,
48493.435,refuse,0,104,
48494.17,refuse,6,107,
48499.319,refuse,4,105,
48500.41,refuse,2,106,
48505.802,refuse,1,108,
48508.435,refuse,0,104,
48509.17,refuse,6,107,
48514.1,conflict-at-land,3,3,
48514.319,refuse,4,105,
48515.41,refuse,2,106,
48520.802,refuse,1,108,
48523.435,refuse,0,104,
48524.17,refuse,6,107,
48529.1,start,3,3,
48529.319,refuse,4,105,
48530.41,refuse,2,106,
48535.802,refuse,1,108,
48538.435,refuse,0,104,
48539.17,refuse,6,107,
48544.319,refuse,4,105,
48545.41,refuse,2,106,
48549.651,conflict-at-land,5,88,
48550.802,refuse,1,108,
48553.435,refuse,0,104,
48554.17,refuse,6,107,
48559.319,refuse,4,105,
48560.41,refuse,2,106,
48564.651,start,5,88,
48565.802,refuse,1,108,
48568.435,refuse,0,104,
48569.17,refuse,6,107,
48574.319,refuse,4,105,
48575.41,refuse,2,106,
48580.802,refuse,1,108,
48583.435,refuse,0,104,
48584.17,refuse,6,107,
48589.319,refuse,4,105,
48590.41,refuse,2,106,
48595.802,refuse,1,108,
48598.435,refuse,0,104,
48599.17,refuse,6,107,
48604.319,refuse,4,105,
48605.41,refuse,2,106,
48610.802,refuse,1,108,
48613.435,refuse,0,104,
48614.17,refuse,6,107,
48619.319,refuse,4,105,
48620.41,refuse,2,106,
48625.802,refuse,1,108,
48628.435,refuse,0,104,
48629.17,refuse,6,107,
48634.319,refuse,4,105,
48635.41,refuse,2,106,
48640.802,refuse,1,108,
48643.435,refuse,0,104,
48644.17,refuse,6,107,
48649.319,refuse,4,105,
48650.41,refuse,2,106,
48655.802,refuse,1,108,
48658.435,refuse,0,104,
48659.17,refuse,6,107,
48664.319,refuse,4,105,
48665.41,refuse,2,106,
48667.436,conflict-at-land,5,88,
48670.802,refuse,1,108,
48673.435,refuse,0,104,
48674.17,refuse,6,107,
48679.319,refuse,4,105,
48680.41,refuse,2,106,
48682.436,start,5,88,
48685.802,refuse,1,108,
48688.435,refuse,0,104,
48689.17,refuse,6,107,
48694.319,refuse,4,105,
48695.41,refuse,2,106,
48700.802,refuse,1,108,
48703.435,refuse,0,104,
48704.17,refuse,6,107,
48709.319,refuse,4,105,
48710.41,refuse,2,106,
48715.802,refuse,1,108,
48718.435,refuse,0,104,
48719.17,refuse,6,107,
48724.319,refuse,4,105,
48725.41,refuse,2,106,
48730.802,refuse,1,108,
48733.435,refuse,0,104,
48734.17,refuse,6,107,
48739.319,refuse,4,105,
48740.41,refuse,2,106,
48745.802,refuse,1,108,
48748.435,refuse,0,104,
48748.817,conflict-at-land,5,88,
48749.17,refuse,6,107,
48754.319,refuse,4,105,
48755.41,refuse,2,106,
48760.802,refuse,1,108,
48763.435,refuse,0,104,
48763.817,start,5,88,
48764.17,refuse,6,107,
48769.319,refuse,4,105,
48770.41,refuse,2,106,
48775.802,refuse,1,108,
48778.435,refuse,0,104,
48779.17,refuse,6,107,
48784.319,refuse,4,105,
48785.41,refuse,2,106,
48790.802,refuse,1,108,
48793.435,refuse,0,104,
48794.17,refuse,6,107,
48799.319,refuse,4,105,
48800.41,refuse,2,106,
48805.802,refuse,1,108,
48808.435,refuse,0,104,
48809.17,refuse,6,107,
48814.319,refuse,4,105,
48815.41,refuse,2,106,
48820.802,refuse,1,108,
48823.435,refuse,0,104,
48824.17,refuse,6,107,
48829.319,refuse,4,105,
48830.41,refuse,2,106,
48835.802,refuse,1,108,
48838.435,refuse,0,104,
48839.17,refuse,6,107,
48844.319,refuse,4,105,
48845.41,refuse,2,106,
48846.281,conflict-at-land,5,88,
48850.802,refuse,1,108,
48853.435,refuse,0,104,
48854.17,refuse,6,107,
48859.319,refuse,4,105,
48860.41,refuse,2,106,
48861.281,start,5,88,
48865.802,refuse,1,108,
48868.435,refuse,0,104,
48869.17,refuse,6,107,
48874.319,refuse,4,105,
48875.41,refuse,2,106,
48880.802,refuse,1,108,
48883.435,refuse,0,104,
48884.17,refuse,6,107,
48889.319,refuse,4,105,
48890.41,refuse,2,106,
48895.802,refuse,1,108,
48898.435,refuse,0,104,
48899.17,refuse,6,107,
48904.319,refuse,4,105,
48905.41,refuse,2,106,
48910.802,refuse,1,108,
48913.435,refuse,0,104,
48914.17,refuse,6,107,
48919.319,refuse,4,105,
48920.41,refuse,2,106,
48925.802,refuse,1,108,
48928.189,conflict-at-land,5,88,
48928.435,refuse,0,104,
48929.17,refuse,6,107,
48934.319,refuse,4,105,
48935.41,refuse,2,106,
48940.802,refuse,1,108,
48943.189,start,5,88,
48943.435,refuse,0,104,
48944.17,refuse,6,107,
48949.319,refuse,4,105,
48950.41,refuse,2,106,
48955.802,refuse,1,108,
48958.435,refuse,0,104,
48959.17,refuse,6,107,
48964.319,refuse,4,105,
48965.41,refuse,2,106,
48970.802,refuse,1,108,
48973.435,refuse,0,104,
48974.17,refuse,6,107,
48979.319,refuse,4,105,
48980.41,refuse,2,106,
48985.802,refuse,1,108,
48988.435,refuse,0,104,
48989.17,refuse,6,107,
48994.319,refuse,4,105,
48995.41,refuse,2,106,
49000.802,refuse,1,108,
49003.435,refuse,0,104,
49004.17,refuse,6,107,
49005.89,conflict-at-land,5,88,
49009.319,refuse,4,105,
49010.41,refuse,2,106,
49015.802,refuse,1,108,
49018.435,refuse,0,104,
49019.17,refuse,6,107,
49020.89,start,5,88,
49024.319,refuse,4,105,
49025.41,refuse,2,106,
49030.802,refuse,1,108,
49033.435,refuse,0,104,
49034.17,refuse,6,107,
49039.319,refuse,4,105,
49040.41,refuse,2,106,
49045.802,refuse,1,108,
49048.435,refuse,0,104,
49049.17,refuse,6,107,
49054.319,refuse,4,105,
49055.41,refuse,2,106,
49060.802,refuse,1,108,
49063.435,refuse,0,104,
49064.17,refuse,6,107,
49069.319,refuse,4,105,
49070.41,refuse,2,106,
49075.802,refuse,1,108,
49078.435,refuse,0,104,
49079.17,refuse,6,107,
49084.319,refuse,4,105,
49085.41,refuse,2,106,
49090.802,refuse,1,108,
49093.435,refuse,0,104,
49094.17,refuse,6,107,
49099.319,refuse,4,105,
49100.41,refuse,2,106,
49105.802,refuse,1,108,
49108.435,refuse,0,104,
49109.17,refuse,6,107,
49114.319,refuse,4,105,
49115.41,refuse,2,106,
49120.802,refuse,1,108,
49123.435,refuse,0,104,
49124.17,refuse,6,107,
49129.319,refuse,4,105,
49130.41,refuse,2,106,
49133.132,conflict-at-land,5,88,
49135.802,refuse,1,108,
49138.435,refuse,0,104,
49139.17,refuse,6,107,
49144.319,refuse,4,105,
49145.41,refuse,2,106,
49148.132,start,5,88,
49150.802,refuse,1,108,
49153.435,refuse,0,104,
49154.17,refuse,6,107,
49159.319,refuse,4,105,
49160.41,refuse,2,106,
49165.802,refuse,1,108,
49168.435,refuse,0,104,
49169.17,refuse,6,107,
49174.319,refuse,4,105,
49175.41,refuse,2,106,
49180.802,refuse,1,108,
49183.435,refuse,0,104,
49184.17,refuse,6,107,
49189.319,refuse,4,105,
49190.41,refuse,2,106,
49195.802,refuse,1,108,
49198.435,refuse,0,104,
49198.435,abandon,0,104,
49198.435,refuse,0,109,
49199.17,refuse,6,107,
49204.319,refuse,4,105,
49205.41,refuse,2,106,
49210.802,refuse,1,108,
49213.435,refuse,0,109,
49214.17,refuse,6,107,
49219.319,refuse,4,105,
49220.41,refuse,2,106,
49225.802,refuse,1,108,
49228.435,refuse,0,109,
49229.17,refuse,6,107,
49234.319,refuse,4,105,
49234.538,conflict-at-land,5,88,
49235.41,refuse,2,106,
49240.802,refuse,1,108,
49243.435,refuse,0,109,
49244.17,refuse,6,107,
49249.319,refuse,4,105,
49249.538,start,5,88,
49250.41,refuse,2,106,
49255.802,refuse,1,108,
49258.435,refuse,0,109,
49259.17,refuse,6,107,
49264.319,refuse,4,105,
49265.41,refuse,2,106,
49270.802,refuse,1,108,
49273.435,refuse,0,109,
49274.17,refuse,6,107,
49279.319,refuse,4,105,
49280.41,refuse,2,106,
49285.802,refuse,1,108,
49288.435,refuse,0,109,
49289.17,refuse,6,107,
49294.319,refuse,4,105,
49295.41,refuse,2,106,
49300.802,refuse,1,108,
49303.435,refuse,0,109,
49304.17,refuse,6,107,
49309.319,refuse,4,105,
49310.41,refuse,2,106,
49315.802,refuse,1,108,
49318.435,refuse,0,109,
49319.17,refuse,6,107,
49324.319,refuse,4,105,
49325.41,refuse,2,106,
49330.802,refuse,1,108,
49333.435,refuse,0,109,
49334.17,refuse,6,107,
49339.319,refuse,4,105,
49340.41,refuse,2,106,
49344.536,conflict-at-land,5,88,
49345.802,refuse,1,108,
49348.435,refuse,0,109,
49349.17,refuse,6,107,
49354.319,refuse,4,105,
49355.41,refuse,2,106,
49359.536,start,5,88,
49360.802,refuse,1,108,
49363.435,refuse,0,109,
49364.17,refuse,6,107,
49369.319,refuse,4,105,
49370.41,refuse,2,106,
49375.802,refuse,1,108,
49378.435,refuse,0,109,
49379.17,refuse,6,107,
49384.319,refuse,4,105,
49384.319,abandon,4,105,
49384.319,refuse,4,110,
49385.41,refuse,2,106,
49390.802,refuse,1,108,
49393.435,refuse,0,109,
49394.17,refuse,6,107,
49399.319,refuse,4,110,
49400.41,refuse,2,106,
49405.802,refuse,1,108,
49408.435,refuse,0,109,
49409.17,refuse,6,107,
49414.319,refuse,4,110,
49415.41,refuse,2,106,
49420.802,refuse,1,108,
49423.435,refuse,0,109,
49424.17,refuse,6,107,
49428.119,conflict-at-land,5,88,
49429.319,refuse,4,110,
49430.41,refuse,2,106,
49435.802,refuse,1,108,
49438.435,refuse,0,109,
49439.17,refuse,6,107,
49443.119,start,5,88,
49444.319,refuse,4,110,
49445.41,refuse,2,106,
49450.802,refuse,1,108,
49453.435,refuse,0,109,
49454.17,refuse,6,107,
49459.319,refuse,4,110,
49460.41,refuse,2,106,
49465.802,refuse,1,108,
49468.435,refuse,0,109,
49469.17,refuse,6,107,
49474.319,refuse,4,110,
49475.41,refuse,2,106,
49480.802,refuse,1,108,
49483.435,refuse,0,109,
49484.17,refuse,6,107,
49489.319,refuse,4,110,
49490.41,refuse,2,106,
49495.802,refuse,1,108,
49498.435,refuse,0,109,
49499.17,refuse,6,107,
49504.319,refuse,4,110,
49505.41,refuse,2,106,
49510.802,refuse,1,108,
49513.435,refuse,0,109,
49514.17,refuse,6,107,
49519.319,refuse,4,110,
49520.41,refuse,2,106,
49523.05,conflict-at-land,5,88,
49525.802,refuse,1,108,
49528.435,refuse,0,109,
49529.17,refuse,6,107,
49534.319,refuse,4,110,
49535.41,refuse,2,106,
49538.05,start,5,88,
49540.802,refuse,1,108,
49543.435,refuse,0,109,
49544.17,refuse,6,107,
49549.319,refuse,4,110,
49550.41,refuse,2,106,
49555.802,refuse,1,108,
49558.435,refuse,0,109,
49559.17,refuse,6,107,
49564.319,refuse,4,110,
49565.41,refuse,2,106,
49570.802,refuse,1,108,
49573.435,refuse,0,109,
49574.17,refuse,6,107,
49579.319,refuse,4,110,
49580.41,refuse,2,106,
49585.802,refuse,1,108,
49588.435,refuse,0,109,
49589.17,refuse,6,107,
49594.319,refuse,4,110,
49595.41,refuse,2,106,
49600.802,refuse,1,108,
49602.048,conflict-at-land,5,88,
49603.435,refuse,0,109,
49604.17,refuse,6,107,
49609.319,refuse,4,110,
49610.41,refuse,2,106,
49615.802,refuse,1,108,
49617.048,start,5,88,
49618.435,refuse,0,109,
49619.17,refuse,6,107,
49624.319,refuse,4,110,
49625.41,refuse,2,106,
49630.802,refuse,1,108,
49633.435,refuse,0,109,
49634.17,refuse,6,107,
49639.319,refuse,4,110,
49640.41,refuse,2,106,
49645.802,refuse,1,108,
49648.435,refuse,0,109,
49649.17,refuse,6,107,
49654.319,refuse,4,110,
49655.41,refuse,2,106,
49660.802,refuse,1,108,
49663.435,refuse,0,109,
49664.17,refuse,6,107,
49669.319,refuse,4,110,
49670.41,refuse,2,106,
49675.802,refuse,1,108,
49678.435,refuse,0,109,
49679.17,refuse,6,107,
49684.319,refuse,4,110,
49685.41,refuse,2,106,
49690.802,refuse,1,108,
49693.435,refuse,0,109,
49694.17,refuse,6,107,
49699.319,refuse,4,110,
49700.41,refuse,2,106,
49705.802,refuse,1,108,
49708.435,refuse,0,109,
49709.17,refuse,6,107,
49714.319,refuse,4,110,
49715.41,refuse,2,106,
49720.802,refuse,1,108,
49721.939,conflict-at-land,5,88,
49723.435,refuse,0,109,
49724.17,refuse,6,107,
49729.319,refuse,4,110,
49730.41,refuse,2,106,
49735.802,refuse,1,108,
49736.939,start,5,88,
49738.435,refuse,0,109,
49739.17,refuse,6,107,
49744.319,refuse,4,110,
49745.41,refuse,2,106,
49750.802,refuse,1,108,
49753.435,refuse,0,109,
49754.17,refuse,6,107,
49759.319,refuse,4,110,
49760.41,refuse,2,106,
49765.802,refuse,1,108,
49768.435,refuse,0,109,
49769.17,refuse,6,107,
49774.319,refuse,4,110,
49775.41,refuse,2,106,
49775.41,abandon,2,106,
49775.41,refuse,2,111,
49780.802,refuse,1,108,
49783.435,refuse,0,109,
49784.17,refuse,6,107,
49789.319,refuse,4,110,
49790.41,refuse,2,111,
49795.802,refuse,1,108,
49798.243,conflict-at-land,5,88,
49798.435,refuse,0,109,
49799.17,refuse,6,107,
49804.319,refuse,4,110,
49805.41,refuse,2,111,
49810.802,refuse,1,108,
49813.243,start,5,88,
49813.435,refuse,0,109,
49814.17,refuse,6,107,
49819.319,refuse,4,110,
49820.41,refuse,2,111,
49825.802,refuse,1,108,
49828.435,refuse,0,109,
49829.17,refuse,6,107,
49834.319,refuse,4,110,
49835.41,refuse,2,111,
49840.802,refuse,1,108,
49843.435,refuse,0,109,
49844.17,refuse,6,107,
49849.319,refuse,4,110,
49850.41,refuse,2,111,
49855.802,refuse,1,108,
49858.435,refuse,0,109,
49859.17,refuse,6,107,
49864.319,refuse,4,110,
49865.41,refuse,2,111,
49870.802,refuse,1,108,
49873.435,refuse,0,109,
49874.17,refuse,6,107,
49879.319,refuse,4,110,
49880.41,refuse,2,111,
49885.802,refuse,1,108,
49888.435,refuse,0,109,
49889.17,refuse,6,107,
49894.319,refuse,4,110,
49895.41,refuse,2,111,
49900.802,refuse,1,108,
49903.435,refuse,0,109,
49904.17,refuse,6,107,
49909.319,refuse,4,110,
49910.41,refuse,2,111,
49915.802,refuse,1,108,
49918.435,refuse,0,109,
49919.17,refuse,6,107,
49923.202,conflict-at-land,5,88,
49924.319,refuse,4,110,
49925.41,refuse,2,111,
49930.802,refuse,1,108,
49933.435,refuse,0,109,
49934.17,refuse,6,107,
49938.202,start,5,88,
49939.319,refuse,4,110,
49940.41,refuse,2,111,
49945.802,refuse,1,108,
49948.435,refuse,0,109,
49949.17,refuse,6,107,
49954.319,refuse,4,110,
49955.41,refuse,2,111,
49960.802,refuse,1,108,
49963.435,refuse,0,109,
49964.17,refuse,6,107,
49969.319,refuse,4,110,
49970.41,refuse,2,111,
49975.802,refuse,1,108,
49978.435,refuse,0,109,
49979.17,refuse,6,107,
49984.319,refuse,4,110,
49985.41,refuse,2,111,
49990.802,refuse,1,108,
49993.435,refuse,0,109,
49994.17,refuse,6,107,
49999.319,refuse,4,110,
50000.41,refuse,2,111,
50005.802,refuse,1,108,
50008.435,refuse,0,109,
50009.17,refuse,6,107,
50014.319,refuse,4,110,
50015.41,refuse,2,111,
50020.802,refuse,1,108,
50023.435,refuse,0,109,
50024.17,refuse,6,107,
50029.319,refuse,4,110,
50030.41,refuse,2,111,
50035.802,refuse,1,108,
50038.435,refuse,0,109,
50039.17,refuse,6,107,
50044.319,refuse,4,110,
50045.41,refuse,2,111,
50049.287,conflict-at-land,5,88,
50050.802,refuse,1,108,
50053.435,refuse,0,109,
50054.17,refuse,6,107,
50059.319,refuse,4,110,
50060.41,refuse,2,111,
50064.287,start,5,88,
50065.802,refuse,1,108,
50068.435,refuse,0,109,
50069.17,refuse,6,107,
50074.319,refuse,4,110,
50075.41,refuse,2,111,
50080.802,refuse,1,108,
50083.435,refuse,0,109,
50084.17,refuse,6,107,
50089.319,refuse,4,110,
50090.41,refuse,2,111,
50095.802,refuse,1,108,
50098.435,refuse,0,109,
50099.17,refuse,6,107,
50104.319,refuse,4,110,
50105.41,refuse,2,111,
50110.802,refuse,1,108,
50113.435,refuse,0,109,
50114.17,refuse,6,107,
50119.319,refuse,4,110,
50120.41,refuse,2,111,
50125.802,refuse,1,108,
50128.435,refuse,0,109,
50129.17,refuse,6,107,
50134.319,refuse,4,110,
50135.41,refuse,2,111,
50135.546,conflict-at-land,5,88,
50140.802,refuse,1,108,
50143.435,refuse,0,109,
50144.17,refuse,6,107,
50149.319,refuse,4,110,
50150.41,refuse,2,111,
50150.546,start,5,88,
50155.802,refuse,1,108,
50158.435,refuse,0,109,
50159.17,refuse,6,107,
50164.319,refuse,4,110,
50165.41,refuse,2,111,
50170.802,refuse,1,108,
50173.435,refuse,0,109,
50174.17,refuse,6,107,
50179.319,refuse,4,110,
50180.41,refuse,2,111,
50185.802,refuse,1,108,
50188.435,refuse,0,109,
50189.17,refuse,6,107,
50194.319,refuse,4,110,
50195.41,refuse,2,111,
50200.802,refuse,1,108,
50203.435,refuse,0,109,
50204.17,refuse,6,107,
50209.319,refuse,4,110,
50210.41,refuse,2,111,
50215.802,refuse,1,108,
50218.435,refuse,0,109,
50219.17,refuse,6,107,
50224.319,refuse,4,110,
50225.41,refuse,2,111,
50226.442,conflict-at-land,5,88,
50230.802,refuse,1,108,
50233.435,refuse,0,109,
50234.17,refuse,6,107,
50239.319,refuse,4,110,
50240.41,refuse,2,111,
50241.442,start,5,88,
50245.802,refuse,1,108,
50248.435,refuse,0,109,
50249.17,refuse,6,107,
50254.319,refuse,4,110,
50255.41,refuse,2,111,
50260.802,refuse,1,108,
50263.435,refuse,0,109,
50264.17,refuse,6,107,
50269.319,refuse,4,110,
50270.41,refuse,2,111,
50275.802,refuse,1,108,
50278.435,refuse,0,109,
50279.17,refuse,6,107,
50284.319,refuse,4,110,
50285.41,refuse,2,111,
50290.802,refuse,1,108,
50293.435,refuse,0,109,
50294.17,refuse,6,107,
50299.319,refuse,4,110,
50300.41,refuse,2,111,
50305.802,refuse,1,108,
50308.435,refuse,0,109,
50309.17,refuse,6,107,
50311.647,conflict-at-land,5,88,
50314.319,refuse,4,110,
50315.41,refuse,2,111,
50320.802,refuse,1,108,
50323.435,refuse,0,109,
50324.17,refuse,6,107,
50326.647,start,5,88,
50329.319,refuse,4,110,
50330.41,refuse,2,111,
50335.802,refuse,1,108,
50338.435,refuse,0,109,
50339.17,refuse,6,107,
50344.319,refuse,4,110,
50345.41,refuse,2,111,
50350.802,refuse,1,108,
50353.435,refuse,0,109,
50354.17,refuse,6,107,
50359.319,refuse,4,110,
50360.41,refuse,2,111,
50362.834,conflict-at-land,3,3,
50365.802,refuse,1,108,
50368.435,refuse,0,109,
50369.17,refuse,6,107,
50374.319,refuse,4,110,
50375.41,start,2,111,
50377.834,refuse,3,3,
50380.802,refuse,1,108,
50383.435,refuse,0,109,
50384.17,refuse,6,107,
50388.873,conflict-at-land,5,88,
50389.319,refuse,4,110,
50392.834,refuse,3,3,
50392.834,abandon,3,3,
50392.834,refuse,3,112,
50395.802,refuse,1,108,
50398.435,refuse,0,109,
50399.17,refuse,6,107,
50403.873,start,5,88,
50404.319,refuse,4,110,
50407.834,refuse,3,112,
50410.802,refuse,1,108,
50413.435,refuse,0,109,
50414.17,refuse,6,107,
50419.319,refuse,4,110,
50422.834,refuse,3,112,
50425.657,conflict-at-land,2,111,
50425.802,refuse,1,108,
50428.435,refuse,0,109,
50429.17,refuse,6,107,
50434.319,refuse,4,110,
50437.834,refuse,3,112,
50440.657,start,2,111,
50440.802,refuse,1,108,
50443.435,refuse,0,109,
50444.17,refuse,6,107,
50449.319,refuse,4,110,
50452.834,refuse,3,112,
50455.802,refuse,1,108,
50458.435,refuse,0,109,
50459.17,refuse,6,107,
50464.319,refuse,4,110,
50467.834,refuse,3,112,
50470.802,refuse,1,108,
50473.435,refuse,0,109,
50474.17,refuse,6,107,
50479.319,refuse,4,110,
50482.834,refuse,3,112,
50485.802,refuse,1,108,
50488.435,refuse,0,109,
50489.17,refuse,6,107,
50492.211,conflict-at-land,5,88,
50494.319,refuse,4,110,
50497.834,refuse,3,112,
50500.802,refuse,1,108,
50503.38,conflict-at-land,2,111,
50503.435,refuse,0,109,
50504.17,refuse,6,107,
50507.211,start,5,88,
50509.319,refuse,4,110,
50512.834,refuse,3,112,
50515.802,refuse,1,108,
50518.38,start,2,111,
50518.435,refuse,0,109,
50519.17,refuse,6,107,
50524.319,refuse,4,110,
50527.834,refuse,3,112,
50530.802,refuse,1,108,
50533.435,refuse,0,109,
50534.17,refuse,6,107,
50539.319,refuse,4,110,
50542.834,refuse,3,112,
50545.802,refuse,1,108,
50548.435,refuse,0,109,
50549.17,refuse,6,107,
50554.319,refuse,4,110,
50557.834,refuse,3,112,
50559.417,conflict-at-land,2,111,
50560.802,refuse,1,108,
50563.435,refuse,0,109,
50564.17,refuse,6,107,
50569.319,refuse,4,110,
50572.834,refuse,3,112,
50574.417,start,2,111,
50575.802,refuse,1,108,
50578.435,refuse,0,109,
50579.17,refuse,6,107,
50584.319,refuse,4,110,
50587.834,refuse,3,112,
50590.802,refuse,1,108,
50593.297,conflict-at-land,5,88,
50593.435,refuse,0,109,
50594.17,refuse,6,107,
50599.319,refuse,4,110,
50602.834,refuse,3,112,
50605.802,refuse,1,108,
50608.297,start,5,88,
50608.435,refuse,0,109,
50609.17,refuse,6,107,
50614.319,refuse,4,110,
50617.834,refuse,3,112,
50620.802,refuse,1,108,
50623.246,conflict-at-land,2,111,
50623.435,refuse,0,109,
50624.17,refuse,6,107,
50629.319,refuse,4,110,
50632.834,refuse,3,112,
50635.802,refuse,1,108,
50638.246,start,2,111,
50638.435,refuse,0,109,
50639.17,refuse,6,107,
50644.319,refuse,4,110,
50647.834,refuse,3,112,
50650.802,refuse,1,108,
50653.435,refuse,0,109,
50654.17,refuse,6,107,
50659.319,refuse,4,110,
50662.834,refuse,3,112,
50665.802,refuse,1,108,
50668.435,refuse,0,109,
50669.17,refuse,6,107,
50674.319,refuse,4,110,
50674.974,conflict-at-land,2,111,
50677.535,conflict-at-land,5,88,
50677.834,refuse,3,112,
50680.802,refuse,1,108,
50683.435,refuse,0,109,
50684.17,refuse,6,107,
50689.319,refuse,4,110,
50689.974,start,2,111,
50692.535,start,5,88,
50692.834,refuse,3,112,
50695.802,refuse,1,108,
50698.435,refuse,0,109,
50699.17,refuse,6,107,
50704.319,refuse,4,110,
50707.834,refuse,3,112,
50710.802,refuse,1,108,
50713.435,refuse,0,109,
50714.17,refuse,6,107,
50719.319,refuse,4,110,
50722.834,refuse,3,112,
50725.802,refuse,1,108,
50728.435,refuse,0,109,
50729.17,refuse,6,107,
50734.319,refuse,4,110,
50737.536,conflict-at-land,2,111,
50737.834,refuse,3,112,
50740.802,refuse,1,108,
50743.435,refuse,0,109,
50744.17,refuse,6,107,
50749.319,refuse,4,110,
50752.536,start,2,111,
50752.834,refuse,3,112,
50755.802,refuse,1,108,
50758.435,refuse,0,109,
50759.17,refuse,6,107,
50764.319,refuse,4,110,
50767.834,refuse,3,112,
50770.802,refuse,1,108,
50773.435,refuse,0,109,
50774.17,refuse,6,107,
50779.319,refuse,4,110,
50782.834,refuse,3,112,
50785.802,refuse,1,108,
50788.435,refuse,0,109,
50789.17,refuse,6,107,
50790.729,conflict-at-land,2,111,
50794.319,refuse,4,110,
50796.881,conflict-at-land,5,88,
50797.834,refuse,3,112,
50800.802,refuse,1,108,
50803.435,refuse,0,109,
50804.17,refuse,6,107,
50805.729,start,2,111,
50809.319,refuse,4,110,
50811.881,start,5,88,
50812.834,refuse,3,112,
50815.802,refuse,1,108,
50818.435,refuse,0,109,
50819.17,refuse,6,107,
50824.319,refuse,4,110,
50827.834,refuse,3,112,
50830.802,refuse,1,108,
50833.435,refuse,0,109,
50834.17,refuse,6,107,
50839.319,refuse,4,110,
50842.834,refuse,3,112,
50845.802,refuse,1,108,
50848.435,refuse,0,109,
50849.17,refuse,6,107,
50854.319,refuse,4,110,
50857.834,refuse,3,112,
50860.802,refuse,1,108,
50863.435,refuse,0,109,
50864.17,refuse,6,107,
50869.319,refuse,4,110,
50871.226,conflict-at-land,2,111,
50872.834,refuse,3,112,
50875.802,refuse,1,108,
50878.435,refuse,0,109,
50879.17,refuse,6,107,
50884.319,refuse,4,110,
50886.226,start,2,111,
50887.834,refuse,3,112,
50890.802,refuse,1,108,
50893.435,refuse,0,109,
50894.17,refuse,6,107,
50899.319,refuse,4,110,
50902.834,refuse,3,112,
50905.802,refuse,1,108,
50908.435,refuse,0,109,
50909.17,refuse,6,107,
50914.319,refuse,4,110,
50916.683,conflict-at-land,5,88,
50917.834,refuse,3,112,
50920.802,refuse,1,108,
50923.435,refuse,0,109,
50924.17,refuse,6,107,
50929.319,refuse,4,110,
50931.683,start,5,88,
50932.834,refuse,3,112,
50935.802,refuse,1,108,
50938.435,refuse,0,109,
50939.17,refuse,6,107,
50944.319,refuse,4,110,
50947.834,refuse,3,112,
50950.802,refuse,1,108,
50952.344,conflict-at-land,2,111,
50953.435,refuse,0,109,
50954.17,refuse,6,107,
50959.319,refuse,4,110,
50962.834,refuse,3,112,
50965.802,refuse,1,108,
50967.344,start,2,111,
50968.435,refuse,0,109,
50969.17,refuse,6,107,
50974.319,refuse,4,110,
50977.834,refuse,3,112,
50980.802,refuse,1,108,
50983.435,refuse,0,109,
50984.17,refuse,6,107,
50989.319,refuse,4,110,
50992.834,refuse,3,112,
50995.802,refuse,1,108,
50998.435,refuse,0,109,
50999.17,refuse,6,107,
51004.319,refuse,4,110,
51007.834,refuse,3,112,
51010.802,refuse,1,108,
51012.475,conflict-at-land,2,111,
51013.435,refuse,0,109,
51014.17,refuse,6,107,
51019.319,refuse,4,110,
51022.834,refuse,3,112,
51023.649,conflict-at-land,5,88,
51025.802,refuse,1,108,
51027.475,start,2,111,
51028.435,refuse,0,109,
51029.17,refuse,6,107,
51034.319,refuse,4,110,
51037.834,refuse,3,112,
51038.649,start,5,88,
51040.802,refuse,1,108,
51043.435,refuse,0,109,
51044.17,refuse,6,107,
51049.319,refuse,4,110,
51052.834,refuse,3,112,
51055.802,refuse,1,108,
51058.435,refuse,0,109,
51059.17,refuse,6,107,
51064.319,refuse,4,110,
51067.834,refuse,3,112,
51070.802,refuse,1,108,
51073.435,refuse,0,109,
51074.17,refuse,6,107,
51079.319,refuse,4,110,
51082.834,refuse,3,112,
51085.802,refuse,1,108,
51086.746,conflict-at-land,2,111,
51088.435,refuse,0,109,
51089.17,refuse,6,107,
51094.319,refuse,4,110,
51097.834,refuse,3,112,
51100.802,refuse,1,108,
51101.746,start,2,111,
51103.435,refuse,0,109,
51104.17,refuse,6,107,
51107.306,conflict-at-land,5,88,
51109.319,refuse,4,110,
51112.834,refuse,3,112,
51115.802,refuse,1,108,
51118.435,refuse,0,109,
51119.17,refuse,6,107,
51122.306,start,5,88,
51124.319,refuse,4,110,
51127.834,refuse,3,112,
51130.802,refuse,1,108,
51133.435,refuse,0,109,
51134.17,refuse,6,107,
51139.319,refuse,4,110,
51142.834,refuse,3,112,
51145.802,refuse,1,108,
51148.435,refuse,0,109,
51149.17,refuse,6,107,
51153.433,conflict-at-land,2,111,
51154.319,refuse,4,110,
51157.834,refuse,3,112,
51160.802,refuse,1,108,
51163.435,refuse,0,109,
51164.17,refuse,6,107,
51168.433,start,2,111,
51169.319,refuse,4,110,
51172.834,refuse,3,112,
51175.802,refuse,1,108,
51178.435,refuse,0,109,
51179.17,refuse,6,107,
51184.319,refuse,4,110,
51187.834,refuse,3,112,
51190.802,refuse,1,108,
51193.435,refuse,0,109,
51194.17,refuse,6,107,
51199.319,refuse,4,110,
51202.834,refuse,3,112,
51205.802,refuse,1,108,
51208.435,refuse,0,109,
51209.17,refuse,6,107,
51214.319,refuse,4,110,
51217.834,refuse,3,112,
51220.556,conflict-at-land,2,111,
51220.802,refuse,1,108,
51223.435,refuse,0,109,
51224.17,refuse,6,107,
51226.644,conflict-at-land,5,88,
51229.319,refuse,4,110,
51232.834,refuse,3,112,
51235.556,start,2,111,
51235.802,refuse,1,108,
51238.435,refuse,0,109,
51239.17,refuse,6,107,
51239.17,abandon,6,107,
51239.17,start,6,113,
51241.644,start,5,88,
51244.319,refuse,4,110,
51247.834,refuse,3,112,
51250.802,refuse,1,108,
51253.435,refuse,0,109,
51259.319,refuse,4,110,
51262.834,refuse,3,112,
51265.802,refuse,1,108,
51268.435,refuse,0,109,
51274.319,refuse,4,110,
51277.834,refuse,3,112,
51280.802,refuse,1,108,
51283.435,refuse,0,109,
51287.626,land,6,113,
51287.626,start,6,114,
51289.319,refuse,4,110,
51292.834,refuse,3,112,
51294.665,conflict-at-land,2,111,
51295.802,refuse,1,108,
51295.802,abandon,1,108,
51295.802,start,1,115,
51298.435,refuse,0,109,
51299.482,conflict-at-land,6,114,
51304.319,refuse,4,110,
51307.834,refuse,3,112,
51309.665,start,2,111,
51313.435,refuse,0,109,
51314.482,start,6,114,
51317.399,land,1,115,
51317.399,start,1,116,
51319.319,refuse,4,110,
51322.834,refuse,3,112,
51326.662,conflict-at-land,1,116,
51328.435,refuse,0,109,
51333.24,conflict-at-land,6,114,
51334.319,refuse,4,110,
51337.834,refuse,3,112,
51341.662,start,1,116,
51343.435,refuse,0,109,
51347.519,conflict-at-land,5,88,
51348.24,start,6,114,
51349.319,refuse,4,110,
51352.074,conflict-at-land,1,116,
51352.834,refuse,3,112,
51358.435,refuse,0,109,
51362.519,start,5,88,
51363.51,conflict-at-land,2,111,
51364.319,refuse,4,110,
51365.688,conflict-at-land,6,114,
51367.074,start,1,116,
51367.834,refuse,3,112,
51373.435,refuse,0,109,
51378.307,conflict-at-land,1,116,
51378.51,start,2,111,
51379.319,refuse,4,110,
51380.688,start,6,114,
51382.834,refuse,3,112,
51388.435,refuse,0,109,
51393.307,start,1,116,
51394.319,refuse,4,110,
51397.834,refuse,3,112,
51400.103,conflict-at-land,6,114,
51403.435,refuse,0,109,
51407.375,conflict-at-land,1,116,
51409.319,refuse,4,110,
51412.834,refuse,3,112,
51415.103,start,6,114,
51418.435,refuse,0,109,
51419.732,conflict-at-land,2,111,
51422.375,start,1,116,
51424.319,refuse,4,110,
51427.834,refuse,3,112,
51429.014,conflict-at-land,6,114,
51433.435,refuse,0,109,
51434.732,start,2,111,
51436.315,conflict-at-land,5,88,
51437.935,conflict-at-land,1,116,
51439.319,refuse,4,110,
51442.834,refuse,3,112,
51444.014,start,6,114,
51448.435,refuse,0,109,
51451.315,start,5,88,
51452.935,start,1,116,
51454.319,refuse,4,110,
51457.399,conflict-at-land,6,114,
51457.834,refuse,3,112,
51463.435,refuse,0,109,
51466.495,conflict-at-land,1,116,
51469.319,refuse,4,110,
51472.399,start,6,114,
51472.834,refuse,3,112,
51478.435,refuse,0,109,
51481.495,start,1,116,
51484.319,refuse,4,110,
51487.834,refuse,3,112,
51488.626,conflict-at-land,6,114,
51491.801,conflict-at-land,1,116,
51493.435,refuse,0,109,
51497.542,conflict-at-land,2,111,
51499.319,refuse,4,110,
51502.834,refuse,3,112,
51503.626,start,6,114,
51506.801,start,1,116,
51508.435,refuse,0,109,
51512.542,start,2,111,
51514.203,conflict-at-land,6,114,
51514.319,refuse,4,110,
51516.137,conflict-at-land,5,88,
51517.263,conflict-at-land,1,116,
51517.834,refuse,3,112,
51523.435,refuse,0,109,
51529.203,start,6,114,
51529.319,refuse,4,110,
51531.137,start,5,88,
51532.263,start,1,116,
51532.834,refuse,3,112,
51538.435,refuse,0,109,
51544.319,refuse,4,110,
51545.682,conflict-at-land,1,116,
51545.835,conflict-at-land,6,114,
51547.834,refuse,3,112,
51553.435,refuse,0,109,
51559.319,refuse,4,110,
51560.682,start,1,116,
51560.835,start,6,114,
51562.834,refuse,3,112,
51568.435,refuse,0,109,
51571.027,conflict-at-land,1,116,
51574.319,refuse,4,110,
51576.772,conflict-at-land,2,111,
51577.834,refuse,3,112,
51579.252,conflict-at-land,6,114,
51583.435,refuse,0,109,
51586.027,start,1,116,
51589.319,refuse,4,110,
51591.772,start,2,111,
51592.834,refuse,3,112,
51594.252,start,6,114,
51597.826,conflict-at-land,1,116,
51598.435,refuse,0,109,
51604.319,refuse,4,110,
51607.834,refuse,3,112,
51610.251,conflict-at-land,6,114,
51612.826,start,1,116,
51613.435,refuse,0,109,
51619.319,refuse,4,110,
51622.834,refuse,3,112,
51625.251,start,6,114,
51626.131,conflict-at-land,1,116,
51626.948,conflict-at-land,5,88,
51628.435,refuse,0,109,
51634.319,refuse,4,110,
51637.834,refuse,3,112,
51641.131,start,1,116,
51641.948,start,5,88,
51643.435,refuse,0,109,
51643.598,conflict-at-land,6,114,
51649.319,refuse,4,110,
51652.834,refuse,3,112,
51655.838,conflict-at-land,2,111,
51656.597,conflict-at-land,1,116,
51658.435,refuse,0,109,
51658.598,start,6,114,
51664.319,refuse,4,110,
51667.834,refuse,3,112,
51670.838,start,2,111,
51671.597,start,1,116,
51673.435,refuse,0,109,
51677.596,conflict-at-land,6,114,
51679.319,refuse,4,110,
51682.268,conflict-at-land,1,116,
51682.834,refuse,3,112,
51688.435,refuse,0,109,
51692.596,start,6,114,
51694.319,refuse,4,110,
51697.268,start,1,116,
51697.834,refuse,3,112,
51703.435,refuse,0,109,
51705.438,conflict-at-land,6,114,
51708.334,conflict-at-land,1,116,
51709.319,refuse,4,110,
51712.834,refuse,3,112,
51718.435,refuse,0,109,
51719.158,conflict-at-land,2,111,
51720.438,start,6,114,
51723.334,start,1,116,
51724.319,refuse,4,110,
51727.834,refuse,3,112,
51733.435,refuse,0,109,
51734.088,conflict-at-land,1,116,
51734.158,start,2,111,
51738.992,conflict-at-land,6,114,
51739.319,refuse,4,110,
51740.133,conflict-at-land,5,88,
51742.834,refuse,3,112,
51748.435,refuse,0,109,
51749.088,start,1,116,
51753.992,start,6,114,
51754.319,refuse,4,110,
51755.133,start,5,88,
51757.834,refuse,3,112,
51758.146,conflict-at-land,1,116,
51763.435,refuse,0,109,
51769.319,refuse,4,110,
51770.971,conflict-at-land,6,114,
51772.834,refuse,3,112,
51773.146,start,1,116,
51777.384,conflict-at-land,2,111,
51778.435,refuse,0,109,
51784.319,refuse,4,110,
51784.597,conflict-at-land,1,116,
51785.971,start,6,114,
51787.834,refuse,3,112,
51792.384,start,2,111,
51793.435,refuse,0,109,
51797.852,conflict-at-land,6,114,
51799.319,refuse,4,110,
51799.597,start,1,116,
51802.834,refuse,3,112,
51808.435,refuse,0,109,
51812.852,start,6,114,
51814.107,conflict-at-land,1,116,
51814.319,refuse,4,110,
51817.834,refuse,3,112,
51823.435,refuse,0,109,
51827.015,conflict-at-land,6,114,
51829.107,start,1,116,
51829.319,refuse,4,110,
51832.834,refuse,3,112,
51838.435,refuse,0,109,
51840.914,conflict-at-land,1,116,
51842.015,start,6,114,
51844.319,refuse,4,110,
51847.834,refuse,3,112,
51851.423,conflict-at-land,2,111,
51853.435,refuse,0,109,
51855.88,conflict-at-land,6,114,
51855.914,start,1,116,
51859.319,refuse,4,110,
51862.834,refuse,3,112,
51864.711,conflict-at-land,5,88,
51866.423,start,2,111,
51868.169,conflict-at-land,1,116,
51868.435,refuse,0,109,
51870.88,start,6,114,
51874.319,refuse,4,110,
51877.834,refuse,3,112,
51879.711,start,5,88,
51883.169,start,1,116,
51883.435,refuse,0,109,
51889.319,refuse,4,110,
51889.704,conflict-at-land,6,114,
51892.834,refuse,3,112,
51898.435,refuse,0,109,
51898.502,conflict-at-land,1,116,
51904.319,refuse,4,110,
51904.704,start,6,114,
51907.834,refuse,3,112,
51913.435,refuse,0,109,
51913.502,start,1,116,
51919.319,refuse,4,110,
51920.721,conflict-at-land,6,114,
51922.339,conflict-at-land,2,111,
51922.834,refuse,3,112,
51925.202,conflict-at-land,1,116,
51928.435,refuse,0,109,
51934.319,refuse,4,110,
51935.721,start,6,114,
51937.339,start,2,111,
51937.834,refuse,3,112,
51940.202,start,1,116,
51943.435,refuse,0,109,
51949.319,refuse,4,110,
51952.544,conflict-at-land,1,116,
51952.834,refuse,3,112,
51953.812,conflict-at-land,6,114,
51958.029,conflict-at-land,5,88,
51958.435,refuse,0,109,
51964.319,refuse,4,110,
51967.544,start,1,116,
51967.834,refuse,3,112,
51968.812,start,6,114,
51973.029,start,5,88,
51973.435,refuse,0,109,
51979.319,refuse,4,110,
51980.355,conflict-at-land,2,111,
51982.506,conflict-at-land,1,116,
51982.834,refuse,3,112,
51986.82,conflict-at-land,6,114,
51988.435,refuse,0,109,
51994.319,refuse,4,110,
51995.355,start,2,111,
51997.506,start,1,116,
51997.834,refuse,3,112,
52001.82,start,6,114,
52003.435,refuse,0,109,
52009.319,refuse,4,110,
52010.55,conflict-at-land,1,116,
52012.834,refuse,3,112,
52018.435,refuse,0,109,
52019.347,conflict-at-land,6,114,
52024.319,refuse,4,110,
52025.55,start,1,116,
52027.834,refuse,3,112,
52033.435,refuse,0,109,
52034.347,start,6,114,
52035.717,conflict-at-land,1,116,
52039.319,refuse,4,110,
52042.834,refuse,3,112,
52047.264,conflict-at-land,2,111,
52048.435,refuse,0,109,
52050.717,start,1,116,
52053.532,conflict-at-land,6,114,
52054.319,refuse,4,110,
52057.834,refuse,3,112,
52062.264,start,2,111,
52063.435,refuse,0,109,
52064.88,conflict-at-land,1,116,
52068.532,start,6,114,
52069.319,refuse,4,110,
52072.834,refuse,3,112,
52078.435,refuse,0,109,
52078.856,conflict-at-land,5,88,
52079.88,start,1,116,
52084.319,refuse,4,110,
52084.419,conflict-at-land,6,114,
52087.834,refuse,3,112,
52093.435,refuse,0,109,
52093.856,start,5,88,
52095.097,conflict-at-land,1,116,
52099.319,refuse,4,110,
52099.419,start,6,114,
52102.834,refuse,3,112,
52108.435,refuse,0,109,
52110.097,start,1,116,
52112.384,conflict-at-land,6,114,
52112.899,conflict-at-land,2,111,
52114.319,refuse,4,110,
52117.834,refuse,3,112,
52123.435,refuse,0,109,
52124.817,conflict-at-land,1,116,
52127.384,start,6,114,
52127.899,start,2,111,
52129.319,refuse,4,110,
52132.834,refuse,3,112,
52138.309,conflict-at-land,6,114,
52138.435,refuse,0,109,
52139.817,start,1,116,
52144.319,refuse,4,110,
52147.834,refuse,3,112,
52150.363,conflict-at-land,1,116,
52153.309,start,6,114,
52153.435,refuse,0,109,
52155.468,conflict-at-land,5,88,
52159.319,refuse,4,110,
52162.834,refuse,3,112,
52165.363,start,1,116,
52166.01,conflict-at-land,6,114,
52168.435,refuse,0,109,
52170.468,start,5,88,
52174.121,conflict-at-land,1,116,
52174.319,refuse,4,110,
52177.834,refuse,3,112,
52181.01,start,6,114,
52183.435,refuse,0,109,
52184.956,conflict-at-land,2,111,
52189.121,start,1,116,
52189.319,refuse,4,110,
52192.834,refuse,3,112,
52194.806,conflict-at-land,6,114,
52198.435,refuse,0,109,
52198.435,abandon,0,109,
52198.435,refuse,0,117,
52199.956,start,2,111,
52202.223,conflict-at-land,1,116,
52204.319,refuse,4,110,
52207.834,refuse,3,112,
52209.806,start,6,114,
52213.435,start,0,117,
52217.223,refuse,1,116,
52218.187,conflict-at-land,0,117,
52219.319,refuse,4,110,
52222.834,refuse,3,112,
52225.697,conflict-at-land,6,114,
52232.223,start,1,116,
52233.187,refuse,0,117,
52234.319,refuse,4,110,
52237.834,refuse,3,112,
52240.697,start,6,114,
52244.399,conflict-at-land,1,116,
52246.235,conflict-at-land,5,88,
52248.187,start,0,117,
52249.319,refuse,4,110,
52252.834,refuse,3,112,
52253.233,conflict-at-land,0,117,
52259.399,start,1,116,
52259.54,conflict-at-land,6,114,
52260.527,conflict-at-land,2,111,
52261.235,start,5,88,
52264.319,refuse,4,110,
52267.834,refuse,3,112,
52268.233,refuse,0,117,
52272.822,conflict-at-land,1,116,
52274.54,start,6,114,
52275.527,start,2,111,
52279.319,refuse,4,110,
52282.834,refuse,3,112,
52283.233,start,0,117,
52287.76,conflict-at-land,6,114,
52287.822,refuse,1,116,
52290.431,conflict-at-land,0,117,
52294.319,refuse,4,110,
52297.834,refuse,3,112,
52302.76,start,6,114,
52302.822,start,1,116,
52305.431,refuse,0,117,
52309.319,refuse,4,110,
52312.604,conflict-at-land,1,116,
52312.834,refuse,3,112,
52318.104,conflict-at-land,6,114,
52320.431,start,0,117,
52324.319,refuse,4,110,
52326.698,conflict-at-land,0,117,
52327.604,start,1,116,
52327.834,refuse,3,112,
52327.844,conflict-at-land,2,111,
52333.104,start,6,114,
52333.653,conflict-at-land,5,88,
52336.383,conflict-at-land,1,116,
52339.319,refuse,4,110,
52341.698,start,0,117,
52342.834,refuse,3,112,
52342.844,start,2,111,
52347.906,conflict-at-land,0,117,
52348.653,start,5,88,
52350.197,conflict-at-land,6,114,
52351.383,start,1,116,
52354.319,refuse,4,110,
52357.834,refuse,3,112,
52362.352,conflict-at-land,1,116,
52362.906,start,0,117,
52365.197,start,6,114,
52368.876,conflict-at-land,0,117,
52369.319,refuse,4,110,
52372.834,refuse,3,112,
52377.352,start,1,116,
52380.975,conflict-at-land,6,114,
52383.876,refuse,0,117,
52384.319,refuse,4,110,
52384.319,abandon,4,110,
52384.319,refuse,4,118,
52387.834,refuse,3,112,
52388.751,conflict-at-land,2,111,
52391.509,conflict-at-land,1,116,
52395.975,start,6,114,
52398.876,start,0,117,
52399.319,refuse,4,118,
52402.834,refuse,3,112,
52403.751,start,2,111,
52406.509,refuse,1,116,
52406.546,conflict-at-land,0,117,
52408.202,conflict-at-land,6,114,
52414.319,start,4,118,
52417.834,refuse,3,112,
52419.197,conflict-at-land,4,118,
52421.509,start,1,116,
52421.546,refuse,0,117,
52423.202,start,6,114,
52432.834,refuse,3,112,
52434.197,refuse,4,118,
52436.113,conflict-at-land,6,114,
52436.466,conflict-at-land,1,116,
52436.546,start,0,117,
52442.286,conflict-at-land,5,88,
52443.792,conflict-at-land,0,117,
52447.834,refuse,3,112,
52449.197,start,4,118,
52451.113,start,6,114,
52451.466,refuse,1,116,
52454.165,conflict-at-land,4,118,
52457.286,start,5,88,
52458.792,start,0,117,
52462.834,refuse,3,112,
52465.005,conflict-at-land,0,117,
52465.424,conflict-at-land,2,111,
52466.466,start,1,116,
52469.165,refuse,4,118,
52469.368,conflict-at-land,6,114,
52477.834,refuse,3,112,
52479.759,conflict-at-land,1,116,
52480.005,start,0,117,
52480.424,start,2,111,
52484.165,refuse,4,118,
52484.368,start,6,114,
52486.923,conflict-at-land,0,117,
52492.834,refuse,3,112,
52494.759,start,1,116,
52497.885,conflict-at-land,6,114,
52499.165,refuse,4,118,
52501.923,refuse,0,117,
52507.834,refuse,3,112,
52508.702,conflict-at-land,1,116,
52512.885,start,6,114,
52514.165,start,4,118,
52516.923,refuse,0,117,
52520.294,conflict-at-land,4,118,
52522.834,refuse,3,112,
52523.702,start,1,116,
52531.516,conflict-at-land,6,114,
52531.923,refuse,0,117,
52535.294,refuse,4,118,
52535.576,conflict-at-land,2,111,
52537.834,refuse,3,112,
52538.29,conflict-at-land,1,116,
52546.516,start,6,114,
52546.923,start,0,117,
52550.294,refuse,4,118,
52550.576,start,2,111,
52552.735,conflict-at-land,0,117,
52552.834,refuse,3,112,
52553.29,start,1,116,
52560.269,conflict-at-land,6,114,
52563.319,conflict-at-land,5,88,
52563.982,conflict-at-land,1,116,
52565.294,start,4,118,
52567.735,refuse,0,117,
52567.834,refuse,3,112,
52572.334,conflict-at-land,4,118,
52575.269,start,6,114,
52578.319,start,5,88,
52578.982,start,1,116,
52582.735,refuse,0,117,
52582.834,refuse,3,112,
52587.334,refuse,4,118,
52590.267,conflict-at-land,1,116,
52592.933,conflict-at-land,6,114,
52597.735,start,0,117,
52597.834,refuse,3,112,
52602.334,refuse,4,118,
52605.109,conflict-at-land,0,117,
52605.267,start,1,116,
52607.085,conflict-at-land,2,111,
52607.933,start,6,114,
52612.834,refuse,3,112,
52617.334,refuse,4,118,
52617.381,conflict-at-land,1,116,
52618.756,conflict-at-land,6,114,
52620.109,start,0,117,
52622.085,start,2,111,
52627.22,conflict-at-land,0,117,
52627.834,refuse,3,112,
52632.334,start,4,118,
52632.381,refuse,1,116,
52633.756,start,6,114,
52638.22,conflict-at-land,4,118,
52642.22,start,0,117,
52642.834,refuse,3,112,
52647.381,refuse,1,116,
52649.174,conflict-at-land,0,117,
52649.962,conflict-at-land,5,88,
52652.388,conflict-at-land,6,114,
52653.22,start,4,118,
52657.834,refuse,3,112,
52660.1,conflict-at-land,4,118,
52662.381,start,1,116,
52663.374,conflict-at-land,2,111,
52664.174,refuse,0,117,
52664.962,start,5,88,
52667.388,start,6,114,
52670.902,conflict-at-land,1,116,
52672.834,refuse,3,112,
52675.1,start,4,118,
52678.374,start,2,111,
52678.922,conflict-at-land,6,114,
52679.174,refuse,0,117,
52682.831,conflict-at-land,4,118,
52685.902,start,1,116,
52687.834,refuse,3,112,
52693.922,start,6,114,
52694.174,refuse,0,117,
52695.459,conflict-at-land,1,116,
52697.831,start,4,118,
52702.834,refuse,3,112,
52704.843,conflict-at-land,4,118,
52709.174,start,0,117,
52710.459,refuse,1,116,
52710.84,conflict-at-land,6,114,
52715.955,conflict-at-land,0,117,
52717.834,refuse,3,112,
52719.843,start,4,118,
52720.626,conflict-at-land,2,111,
52725.459,refuse,1,116,
52725.84,start,6,114,
52725.958,conflict-at-land,4,118,
52730.955,start,0,117,
52732.834,refuse,3,112,
52735.626,start,2,111,
52737.315,conflict-at-land,0,117,
52738.821,conflict-at-land,5,88,
52740.459,start,1,116,
52740.958,refuse,4,118,
52744.346,conflict-at-land,6,114,
52747.834,refuse,3,112,
52752.315,refuse,0,117,
52753.821,start,5,88,
52754.877,conflict-at-land,1,116,
52755.958,start,4,118,
52759.346,start,6,114,
52762.834,refuse,3,112,
52763.736,conflict-at-land,4,118,
52767.315,start,0,117,
52769.877,refuse,1,116,
52772.47,conflict-at-land,2,111,
52773.773,conflict-at-land,0,117,
52775.07,conflict-at-land,6,114,
52777.834,refuse,3,112,
52778.736,start,4,118,
52783.792,conflict-at-land,4,118,
52784.877,start,1,116,
52787.47,start,2,111,
52788.773,refuse,0,117,
52790.07,start,6,114,
52792.834,refuse,3,112,
52798.792,refuse,4,118,
52799.483,conflict-at-land,1,116,
52803.773,start,0,117,
52805.746,conflict-at-land,6,114,
52807.834,refuse,3,112,
52808.185,conflict-at-land,0,117,
52813.792,start,4,118,
52814.483,refuse,1,116,
52815.072,conflict-at-land,5,88,
52820.417,conflict-at-land,4,118,
52820.746,start,6,114,
52822.834,refuse,3,112,
52823.185,start,0,117,
52829.483,refuse,1,116,
52829.599,conflict-at-land,0,117,
52830.072,start,5,88,
52834.237,conflict-at-land,2,111,
52835.417,start,4,118,
52837.834,refuse,3,112,
52838.826,conflict-at-land,6,114,
52841.667,conflict-at-land,4,118,
52844.483,start,1,116,
52844.599,refuse,0,117,
52849.237,start,2,111,
52852.834,refuse,3,112,
52853.826,start,6,114,
52856.667,refuse,4,118,
52856.883,conflict-at-land,1,116,
52859.599,start,0,117,
52865.212,conflict-at-land,0,117,
52865.989,conflict-at-land,6,114,
52867.834,refuse,3,112,
52871.667,start,4,118,
52871.883,refuse,1,116,
52878.761,conflict-at-land,4,118,
52880.212,start,0,117,
52880.989,start,6,114,
52882.834,refuse,3,112,
52886.883,refuse,1,116,
52887.075,conflict-at-land,0,117,
52893.761,start,4,118,
52897.834,refuse,3,112,
52899.684,conflict-at-land,6,114,
52900.586,conflict-at-land,4,118,
52901.883,start,1,116,
52902.075,refuse,0,117,
52910.406,conflict-at-land,2,111,
52912.834,refuse,3,112,
52914.684,start,6,114,
52915.117,conflict-at-land,1,116,
52915.586,start,4,118,
52917.075,refuse,0,117,
52920.6,conflict-at-land,4,118,
52925.406,start,2,111,
52927.834,refuse,3,112,
52930.117,start,1,116,
52930.917,conflict-at-land,6,114,
52932.075,refuse,0,117,
52933.142,conflict-at-land,5,88,
52935.6,refuse,4,118,
52942.834,refuse,3,112,
52944.405,conflict-at-land,1,116,
52945.917,start,6,114,
52947.075,start,0,117,
52948.142,start,5,88,
52950.6,refuse,4,118,
52952.624,conflict-at-land,0,117,
52957.834,refuse,3,112,
52958.504,conflict-at-land,6,114,
52959.405,start,1,116,
52965.6,refuse,4,118,
52967.624,refuse,0,117,
52972.834,refuse,3,112,
52973.092,conflict-at-land,1,116,
52973.504,start,6,114,
52980.6,start,4,118,
52982.624,refuse,0,117,
52984.68,conflict-at-land,6,114,
52984.796,conflict-at-land,2,111,
52985.247,conflict-at-land,4,118,
52987.834,refuse,3,112,
52988.092,start,1,116,
52997.624,refuse,0,117,
52999.68,start,6,114,
52999.796,start,2,111,
53000.247,refuse,4,118,
53002.834,refuse,3,112,
53003.142,conflict-at-land,1,116,
53012.624,start,0,117,
53015.247,refuse,4,118,
53017.096,conflict-at-land,6,114,
53017.427,conflict-at-land,0,117,
53017.834,refuse,3,112,
53018.142,start,1,116,
53026.57,conflict-at-land,1,116,
53030.247,start,4,118,
53031.598,conflict-at-land,5,88,
53032.096,start,6,114,
53032.427,refuse,0,117,
53032.834,refuse,3,112,
53034.996,conflict-at-land,4,118,
53041.57,start,1,116,
53046.598,start,5,88,
53047.427,refuse,0,117,
53047.834,refuse,3,112,
53047.994,conflict-at-land,2,111,
53049.996,refuse,4,118,
53050.576,conflict-at-land,1,116,
53050.597,conflict-at-land,6,114,
53062.427,start,0,117,
53062.834,refuse,3,112,
53062.994,start,2,111,
53064.996,refuse,4,118,
53065.576,refuse,1,116,
53065.597,start,6,114,
53067.274,conflict-at-land,0,117,
53077.834,refuse,3,112,
53078.139,conflict-at-land,6,114,
53079.996,start,4,118,
53080.576,refuse,1,116,
53082.274,refuse,0,117,
53086.732,conflict-at-land,4,118,
53092.834,refuse,3,112,
53093.139,start,6,114,
53095.576,start,1,116,
53097.274,refuse,0,117,
53101.732,refuse,4,118,
53107.708,conflict-at-land,1,116,
53107.834,refuse,3,112,
53110.573,conflict-at-land,6,114,
53112.274,start,0,117,
53116.732,refuse,4,118,
53117.342,conflict-at-land,0,117,
53122.708,start,1,116,
53122.834,refuse,3,112,
53123.254,conflict-at-land,2,111,
53125.573,start,6,114,
53131.732,refuse,4,118,
53132.342,refuse,0,117,
53134.679,conflict-at-land,1,116,
53137.834,refuse,3,112,
53138.254,start,2,111,
53138.276,conflict-at-land,6,114,
53146.732,start,4,118,
53147.342,refuse,0,117,
53149.679,refuse,1,116,
53151.876,conflict-at-land,5,88,
53152.589,conflict-at-land,4,118,
53152.834,refuse,3,112,
53153.276,start,6,114,
53162.342,start,0,117,
53164.679,refuse,1,116,
53166.876,start,5,88,
53167.589,refuse,4,118,
53167.698,conflict-at-land,0,117,
53167.834,refuse,3,112,
53168.931,conflict-at-land,6,114,
53179.679,start,1,116,
53182.589,refuse,4,118,
53182.698,refuse,0,117,
53182.834,refuse,3,112,
53183.931,start,6,114,
53194.558,conflict-at-land,1,116,
53197.589,start,4,118,
53197.698,refuse,0,117,
53197.834,refuse,3,112,
53202.42,conflict-at-land,6,114,
53203.654,conflict-at-land,2,111,
53204.775,conflict-at-land,4,118,
53209.558,start,1,116,
53212.698,refuse,0,117,
53212.834,refuse,3,112,
53217.42,start,6,114,
53218.654,start,2,111,
53219.775,refuse,4,118,
53224.781,conflict-at-land,1,116,
53227.698,start,0,117,
53227.834,refuse,3,112,
53232.939,conflict-at-land,0,117,
53234.775,start,4,118,
53236.834,conflict-at-land,6,114,
53239.303,conflict-at-land,4,118,
53239.781,start,1,116,
53242.834,refuse,3,112,
53247.939,refuse,0,117,
53250.484,conflict-at-land,5,88,
53251.834,start,6,114,
53254.21,conflict-at-land,1,116,
53254.303,start,4,118,
53254.809,conflict-at-land,2,111,
53257.834,refuse,3,112,
53261.356,conflict-at-land,4,118,
53262.939,start,0,117,
53263.639,conflict-at-land,6,114,
53265.484,start,5,88,
53267.833,conflict-at-land,0,117,
53269.21,start,1,116,
53269.809,start,2,111,
53272.834,refuse,3,112,
53276.356,refuse,4,118,
53278.639,start,6,114,
53279.946,conflict-at-land,1,116,
53282.833,start,0,117,
53287.716,conflict-at-land,0,117,
53287.834,refuse,3,112,
53291.356,start,4,118,
53291.383,conflict-at-land,6,114,
53294.946,refuse,1,116,
53298.373,conflict-at-land,4,118,
53302.716,start,0,117,
53302.834,refuse,3,112,
53306.383,start,6,114,
53307.847,conflict-at-land,0,117,
53309.946,start,1,116,
53313.373,refuse,4,118,
53317.834,refuse,3,112,
53321.782,conflict-at-land,1,116,
53322.102,conflict-at-land,6,114,
53322.847,start,0,117,
53328.373,refuse,4,118,
53329.592,conflict-at-land,0,117,
53332.834,refuse,3,112,
53332.839,conflict-at-land,2,111,
53336.782,start,1,116,
53336.873,conflict-at-land,5,88,
53337.102,start,6,114,
53343.373,refuse,4,118,
53344.592,refuse,0,117,
53347.834,refuse,3,112,
53347.839,start,2,111,
53348.741,conflict-at-land,1,116,
53349.648,conflict-at-land,6,114,
53351.873,start,5,88,
53358.373,start,4,118,
53359.592,refuse,0,117,
53362.834,refuse,3,112,
53363.387,conflict-at-land,4,118,
53363.741,start,1,116,
53364.648,start,6,114,
53373.969,conflict-at-land,1,116,
53374.592,start,0,117,
53377.834,refuse,3,112,
53378.387,refuse,4,118,
53380.35,conflict-at-land,6,114,
53382.204,conflict-at-land,0,117,
53387.5,conflict-at-land,2,111,
53388.969,start,1,116,
53392.834,refuse,3,112,
53392.834,abandon,3,112,
53392.834,start,3,119,
53393.387,refuse,4,118,
53395.35,start,6,114,
53397.204,refuse,0,117,
53399.976,conflict-at-land,1,116,
53402.5,refuse,2,111,
53408.387,start,4,118,
53408.932,conflict-at-land,6,114,
53412.204,refuse,0,117,
53414.23,conflict-at-land,4,118,
53414.976,start,1,116,
53417.5,refuse,2,111,
53423.932,start,6,114,
53427.204,refuse,0,117,
53429.23,refuse,4,118,
53429.964,conflict-at-land,1,116,
53432.5,refuse,2,111,
53439.634,conflict-at-land,6,114,
53442.204,start,0,117,
53444.23,refuse,4,118,
53444.964,refuse,1,116,
53447.5,refuse,2,111,
53448.384,conflict-at-land,0,117,
53454.634,start,6,114,
53456.657,conflict-at-land,5,88,
53459.23,start,4,118,
53459.964,refuse,1,116,
53462.5,refuse,2,111,
53463.384,refuse,0,117,
53464.654,conflict-at-land,4,118,
53467.967,conflict-at-land,6,114,
53471.657,start,5,88,
53474.964,start,1,116,
53477.5,refuse,2,111,
53478.384,refuse,0,117,
53479.654,refuse,4,118,
53482.967,start,6,114,
53489.162,conflict-at-land,1,116,
53492.5,refuse,2,111,
53493.384,start,0,117,
53494.654,refuse,4,118,
53500.517,conflict-at-land,0,117,
53501.588,conflict-at-land,6,114,
53504.162,start,1,116,
53507.5,refuse,2,111,
53509.654,refuse,4,118,
53514.126,conflict-at-land,1,116,
53515.517,start,0,117,
53516.588,start,6,114,
53521.561,conflict-at-land,3,119,
53522.5,start,2,111,
53523.078,conflict-at-land,0,117,
53524.654,start,4,118,
53529.126,refuse,1,116,
53529.814,conflict-at-land,6,114,
53530.554,conflict-at-land,4,118,
53536.561,refuse,3,119,
53538.078,start,0,117,
53542.643,conflict-at-land,0,117,
53544.126,start,1,116,
53544.814,start,6,114,
53545.554,refuse,4,118,
53551.561,refuse,3,119,
53556.155,conflict-at-land,5,88,
53556.242,conflict-at-land,1,116,
53557.643,start,0,117,
53560.554,refuse,4,118,
53562.268,conflict-at-land,0,117,
53563.836,conflict-at-land,6,114,
53566.561,refuse,3,119,
53568.191,conflict-at-land,2,111,
53571.155,start,5,88,
53571.242,start,1,116,
53575.554,refuse,4,118,
53577.268,refuse,0,117,
53578.836,start,6,114,
53581.561,start,3,119,
53582.587,conflict-at-land,1,116,
53583.191,refuse,2,111,
53590.554,start,4,118,
53591.596,conflict-at-land,6,114,
53592.268,refuse,0,117,
53595.1,conflict-at-land,4,118,
53597.587,start,1,116,
53598.191,refuse,2,111,
53606.596,start,6,114,
53607.268,refuse,0,117,
53608.391,conflict-at-land,1,116,
53610.1,start,4,118,
53613.191,refuse,2,111,
53615.376,conflict-at-land,4,118,
53622.268,start,0,117,
53623.391,refuse,1,116,
53623.956,conflict-at-land,6,114,
53628.191,refuse,2,111,
53629.129,conflict-at-land,0,117,
53630.376,start,4,118,
53635.593,conflict-at-land,4,118,
53638.391,start,1,116,
53638.956,start,6,114,
53643.191,refuse,2,111,
53644.129,refuse,0,117,
53650.593,refuse,4,118,
53652.208,conflict-at-land,1,116,
53655.929,conflict-at-land,6,114,
53658.191,refuse,2,111,
53659.129,start,0,117,
53665.405,conflict-at-land,0,117,
53665.593,start,4,118,
53667.208,refuse,1,116,
53670.929,start,6,114,
53671.453,conflict-at-land,4,118,
53673.191,refuse,2,111,
53680.405,start,0,117,
53682.208,refuse,1,116,
53682.569,conflict-at-land,5,88,
53683.458,conflict-at-land,6,114,
53684.979,conflict-at-land,0,117,
53686.453,start,4,118,
53688.191,refuse,2,111,
53692.495,conflict-at-land,4,118,
53697.208,start,1,116,
53697.569,start,5,88,
53698.458,start,6,114,
53699.979,refuse,0,117,
53703.191,refuse,2,111,
53707.495,refuse,4,118,
53708.091,conflict-at-land,1,116,
53709.98,conflict-at-land,6,114,
53714.979,start,0,117,
53718.191,refuse,2,111,
53719.492,conflict-at-land,0,117,
53722.495,start,4,118,
53723.091,refuse,1,116,
53724.98,start,6,114,
53727.899,conflict-at-land,4,118,
53729.125,conflict-at-land,3,119,
53733.191,start,2,111,
53734.492,start,0,117,
53738.091,refuse,1,116,
53740.412,conflict-at-land,6,114,
53740.968,conflict-at-land,0,117,
53742.899,start,4,118,
53744.125,refuse,3,119,
53748.021,conflict-at-land,4,118,
53753.091,start,1,116,
53755.412,start,6,114,
53755.968,refuse,0,117,
53759.125,refuse,3,119,
53762.057,conflict-at-land,1,116,
53763.021,start,4,118,
53767.639,conflict-at-land,4,118,
53770.968,start,0,117,
53771.901,conflict-at-land,6,114,
53774.125,refuse,3,119,
53777.057,refuse,1,116,
53777.995,conflict-at-land,0,117,
53782.639,start,4,118,
53786.901,start,6,114,
53789.087,conflict-at-land,4,118,
53789.125,refuse,3,119,
53791.471,conflict-at-land,2,111,
53792.057,start,1,116,
53792.995,refuse,0,117,
53802.52,conflict-at-land,5,88,
53803.612,conflict-at-land,1,116,
53804.087,start,4,118,
53804.125,start,3,119,
53805.525,conflict-at-land,6,114,
53806.471,refuse,2,111,
53807.995,refuse,0,117,
53809.942,conflict-at-land,4,118,
53817.52,start,5,88,
53818.612,start,1,116,
53820.525,start,6,114,
53821.471,refuse,2,111,
53822.995,refuse,0,117,
53824.942,refuse,4,118,
53833.14,conflict-at-land,1,116,
53836.373,conflict-at-land,6,114,
53836.471,refuse,2,111,
53837.995,start,0,117,
53839.942,refuse,4,118,
53844.679,conflict-at-land,0,117,
53848.14,start,1,116,
53851.373,start,6,114,
53851.471,refuse,2,111,
53854.942,refuse,4,118,
53857.033,conflict-at-land,1,116,
53859.679,start,0,117,
53864.404,conflict-at-land,6,114,
53864.419,conflict-at-land,0,117,
53866.471,refuse,2,111,
53869.942,start,4,118,
53872.033,refuse,1,116,
53875.316,conflict-at-land,4,118,
53879.404,start,6,114,
53879.419,start,0,117,
53881.471,refuse,2,111,
53883.955,conflict-at-land,5,88,
53886.967,conflict-at-land,0,117,
53887.033,start,1,116,
53890.316,refuse,4,118,
53893.351,conflict-at-land,6,114,
53896.471,refuse,2,111,
53898.809,conflict-at-land,1,116,
53898.955,start,5,88,
53901.967,start,0,117,
53905.316,refuse,4,118,
53907.682,conflict-at-land,0,117,
53908.351,start,6,114,
53911.471,refuse,2,111,
53913.809,start,1,116,
53920.316,refuse,4,118,
53922.557,conflict-at-land,6,114,
53922.682,refuse,0,117,
53922.707,conflict-at-land,1,116,
53926.471,refuse,2,111,
53935.316,start,4,118,
53937.557,start,6,114,
53937.682,refuse,0,117,
53937.707,refuse,1,116,
53941.471,refuse,2,111,
53941.957,conflict-at-land,4,118,
53952.434,conflict-at-land,6,114,
53952.682,start,0,117,
53952.707,refuse,1,116,
53956.471,refuse,2,111,
53956.957,refuse,4,118,
53957.62,conflict-at-land,0,117,
53960.187,conflict-at-land,3,119,
53967.434,start,6,114,
53967.707,start,1,116,
53971.471,start,2,111,
53971.957,refuse,4,118,
53972.62,refuse,0,117,
53975.187,refuse,3,119,
53976.251,conflict-at-land,1,116,
53984.72,conflict-at-land,6,114,
53986.957,start,4,118,
53987.62,refuse,0,117,
53989.254,conflict-at-land,5,88,
53990.187,refuse,3,119,
53991.251,refuse,1,116,
53993.103,conflict-at-land,4,118,
53999.72,start,6,114,
54002.62,start,0,117,
54004.254,start,5,88,
54005.187,refuse,3,119,
54006.251,refuse,1,116,
54008.103,refuse,4,118,
54008.62,conflict-at-land,0,117,
54017.746,conflict-at-land,6,114,
54020.187,refuse,3,119,
54021.251,start,1,116,
54023.103,refuse,4,118,
54023.62,refuse,0,117,
54032.746,start,6,114,
54033.113,conflict-at-land,1,116,
54034.213,conflict-at-land,2,111,
54035.187,start,3,119,
54038.103,start,4,118,
54038.62,refuse,0,117,
54042.337,conflict-at-land,4,118,
54045.196,conflict-at-land,6,114,
54048.113,start,1,116,
54049.213,refuse,2,111,
54053.62,refuse,0,117,
54057.337,refuse,4,118,
54060.196,start,6,114,
54061.463,conflict-at-land,1,116,
54064.213,refuse,2,111,
54068.62,start,0,117,
54072.08,conflict-at-land,5,88,
54072.337,refuse,4,118,
54074.84,conflict-at-land,0,117,
54076.463,start,1,116,
54077.849,conflict-at-land,6,114,
54079.213,refuse,2,111,
54087.08,start,5,88,
54087.337,refuse,4,118,
54087.383,conflict-at-land,1,116,
54089.84,start,0,117,
54092.849,start,6,114,
54094.213,refuse,2,111,
54095.456,conflict-at-land,0,117,
54102.337,start,4,118,
54102.383,refuse,1,116,
54109.213,refuse,2,111,
54109.794,conflict-at-land,4,118,
54110.456,start,0,117,
54112.049,conflict-at-land,6,114,
54116.218,conflict-at-land,0,117,
54117.383,start,1,116,
54124.213,refuse,2,111,
54124.794,refuse,4,118,
54127.049,start,6,114,
54131.218,refuse,0,117,
54131.577,conflict-at-land,1,116,
54139.213,refuse,2,111,
54139.753,conflict-at-land,6,114,
54139.794,start,4,118,
54146.218,refuse,0,117,
54146.577,refuse,1,116,
54147.337,conflict-at-land,4,118,
54154.213,refuse,2,111,
54154.753,start,6,114,
54161.218,start,0,117,
54161.577,refuse,1,116,
54162.337,refuse,4,118,
54165.42,conflict-at-land,0,117,
54169.213,refuse,2,111,
54171.268,conflict-at-land,6,114,
54176.577,start,1,116,
54177.337,refuse,4,118,
54180.42,refuse,0,117,
54183.25,conflict-at-land,5,88,
54183.498,conflict-at-land,3,119,
54184.213,start,2,111,
54186.268,start,6,114,
54189.605,conflict-at-land,1,116,
54192.337,start,4,118,
54195.42,refuse,0,117,
54196.955,conflict-at-land,4,118,
54198.25,start,5,88,
54198.498,refuse,3,119,
54202.597,conflict-at-land,6,114,
54204.605,start,1,116,
54210.42,refuse,0,117,
54211.955,refuse,4,118,
54213.498,refuse,3,119,
54217.597,start,6,114,
54219.767,conflict-at-land,1,116,
54225.42,start,0,117,
54226.955,refuse,4,118,
54228.498,refuse,3,119,
54231.449,conflict-at-land,0,117,
54231.537,conflict-at-land,2,111,
54233.233,conflict-at-land,6,114,
54234.767,start,1,116,
54241.955,refuse,4,118,
54243.498,start,3,119,
54246.449,refuse,0,117,
54246.537,refuse,2,111,
54248.024,conflict-at-land,1,116,
54248.233,start,6,114,
54256.955,start,4,118,
54259.968,conflict-at-land,6,114,
54261.449,refuse,0,117,
54261.537,refuse,2,111,
54262.61,conflict-at-land,4,118,
54263.024,start,1,116,
54273.982,conflict-at-land,1,116,
54274.968,start,6,114,
54276.449,start,0,117,
54276.537,refuse,2,111,
54277.126,conflict-at-land,5,88,
54277.61,refuse,4,118,
54282.626,conflict-at-land,0,117,
54288.982,start,1,116,
54289.693,conflict-at-land,6,114,
54291.537,refuse,2,111,
54292.126,start,5,88,
54292.61,refuse,4,118,
54297.626,refuse,0,117,
54297.974,conflict-at-land,1,116,
54304.693,start,6,114,
54306.537,refuse,2,111,
54307.61,start,4,118,
54312.626,refuse,0,117,
54312.974,refuse,1,116,
54314.503,conflict-at-land,4,118,
54321.537,refuse,2,111,
54322.526,conflict-at-land,6,114,
54327.626,start,0,117,
54327.974,refuse,1,116,
54329.503,refuse,4,118,
54334.098,conflict-at-land,0,117,
54336.537,refuse,2,111,
54337.526,start,6,114,
54342.974,start,1,116,
54344.503,refuse,4,118,
54348.473,conflict-at-land,6,114,
54349.098,refuse,0,117,
54351.537,refuse,2,111,
54354.351,conflict-at-land,3,119,
54356.134,conflict-at-land,1,116,
54359.503,start,4,118,
54363.473,start,6,114,
54364.037,conflict-at-land,4,118,
54364.098,start,0,117,
54366.537,start,2,111,
54368.048,conflict-at-land,5,88,
54369.21,conflict-at-land,0,117,
54369.351,refuse,3,119,
54371.134,start,1,116,
54375.847,conflict-at-land,6,114,
54379.037,refuse,4,118,
54382.055,conflict-at-land,1,116,
54383.048,start,5,88,
54384.21,start,0,117,
54384.351,refuse,3,119,
54388.766,conflict-at-land,0,117,
54390.847,start,6,114,
54394.037,start,4,118,
54397.055,refuse,1,116,
54399.351,refuse,3,119,
54401.076,conflict-at-land,4,118,
54403.766,start,0,117,
54405.112,conflict-at-land,6,114,
54409.201,conflict-at-land,0,117,
54412.055,start,1,116,
54414.351,refuse,3,119,
54416.076,refuse,4,118,
54420.112,start,6,114,
54423.493,conflict-at-land,1,116,
54424.201,start,0,117,
54428.972,conflict-at-land,0,117,
54429.351,refuse,3,119,
54431.076,start,4,118,
54431.647,conflict-at-land,6,114,
54432.494,conflict-at-land,2,111,
54435.672,conflict-at-land,4,118,
54438.493,start,1,116,
54443.972,refuse,0,117,
54444.351,start,3,119,
54446.647,start,6,114,
54447.494,refuse,2,111,
54450.672,refuse,4,118,
54452.887,conflict-at-land,1,116,
54458.972,start,0,117,
54460.22,conflict-at-land,5,88,
54461.375,conflict-at-land,6,114,
54462.494,refuse,2,111,
54465.235,conflict-at-land,0,117,
54465.672,start,4,118,
54467.887,refuse,1,116,
54471.281,conflict-at-land,4,118,
54475.22,start,5,88,
54476.375,start,6,114,
54477.494,refuse,2,111,
54480.235,start,0,117,
54482.887,refuse,1,116,
54485.692,conflict-at-land,0,117,
54486.281,start,4,118,
54488.903,conflict-at-land,6,114,
54492.494,refuse,2,111,
54493.091,conflict-at-land,4,118,
54497.887,start,1,116,
54500.692,refuse,0,117,
54503.903,start,6,114,
54507.494,refuse,2,111,
54508.091,refuse,4,118,
54508.773,conflict-at-land,1,116,
54515.692,start,0,117,
54521.569,conflict-at-land,0,117,
54522.494,refuse,2,111,
54523.091,start,4,118,
54523.355,conflict-at-land,6,114,
54523.773,refuse,1,116,
54527.291,conflict-at-land,4,118,
54536.569,start,0,117,
54537.494,refuse,2,111,
54538.355,start,6,114,
54538.773,refuse,1,116,
54542.291,refuse,4,118,
54542.516,conflict-at-land,0,117,
54552.494,refuse,2,111,
54553.773,start,1,116,
54556.662,conflict-at-land,6,114,
54557.291,refuse,4,118,
54557.516,refuse,0,117,
54563.455,conflict-at-land,1,116,
54567.494,refuse,2,111,
54571.662,start,6,114,
54572.077,conflict-at-land,5,88,
54572.291,start,4,118,
54572.516,refuse,0,117,
54578.455,refuse,1,116,
54578.497,conflict-at-land,4,118,
54582.494,refuse,2,111,
54586.135,conflict-at-land,6,114,
54587.077,start,5,88,
54587.516,start,0,117,
54591.769,conflict-at-land,0,117,
54593.455,start,1,116,
54593.497,refuse,4,118,
54597.494,refuse,2,111,
54601.135,start,6,114,
54606.769,refuse,0,117,
54607.033,conflict-at-land,1,116,
54608.497,start,4,118,
54612.369,conflict-at-land,6,114,
54612.494,refuse,2,111,
54615.244,conflict-at-land,4,118,
54618.526,conflict-at-land,3,119,
54621.769,start,0,117,
54622.033,refuse,1,116,
54627.369,start,6,114,
54627.494,start,2,111,
54629.348,conflict-at-land,0,117,
54630.244,start,4,118,
54633.526,refuse,3,119,
54635.439,conflict-at-land,4,118,
54637.033,start,1,116,
54643.587,conflict-at-land,6,114,
54644.348,refuse,0,117,
54648.526,refuse,3,119,
54648.833,conflict-at-land,1,116,
54650.439,start,4,118,
54657.87,conflict-at-land,4,118,
54658.587,start,6,114,
54659.348,start,0,117,
54663.526,refuse,3,119,
54663.833,refuse,1,116,
54663.9,conflict-at-land,2,111,
54664.439,conflict-at-land,0,117,
54672.87,start,4,118,
54672.988,conflict-at-land,6,114,
54678.526,start,3,119,
54678.833,refuse,1,116,
54678.9,refuse,2,111,
54679.439,refuse,0,117,
54679.758,conflict-at-land,4,118,
54687.988,start,6,114,
54693.833,start,1,116,
54693.9,refuse,2,111,
54693.948,conflict-at-land,5,88,
54694.439,refuse,0,117,
54694.758,refuse,4,118,
54706.689,conflict-at-land,1,116,
54707.337,conflict-at-land,6,114,
54708.9,refuse,2,111,
54708.948,start,5,88,
54709.439,start,0,117,
54709.758,refuse,4,118,
54716.81,conflict-at-land,0,117,
54721.689,start,1,116,
54722.337,start,6,114,
54723.9,refuse,2,111,
54724.758,refuse,4,118,
54731.486,conflict-at-land,1,116,
54731.81,start,0,117,
54733.174,conflict-at-land,6,114,
54738.9,refuse,2,111,
54738.962,conflict-at-land,0,117,
54739.758,start,4,118,
54746.205,conflict-at-land,4,118,
54746.486,start,1,116,
54748.174,start,6,114,
54753.9,refuse,2,111,
54753.962,refuse,0,117,
54761.149,conflict-at-land,1,116,
54761.205,start,4,118,
54765.843,conflict-at-land,4,118,
54766.266,conflict-at-land,6,114,
54768.9,refuse,2,111,
54768.962,start,0,117,
54774.143,conflict-at-land,0,117,
54776.149,start,1,116,
54780.843,refuse,4,118,
54781.266,start,6,114,
54783.9,refuse,2,111,
54789.143,refuse,0,117,
54790.671,conflict-at-land,1,116,
54795.843,start,4,118,
54796.76,conflict-at-land,6,114,
54798.9,refuse,2,111,
54802.874,conflict-at-land,4,118,
54804.143,start,0,117,
54805.671,refuse,1,116,
54809.937,conflict-at-land,5,88,
54811.607,conflict-at-land,0,117,
54811.76,start,6,114,
54813.9,refuse,2,111,
54817.874,start,4,118,
54820.671,refuse,1,116,
54822.394,conflict-at-land,6,114,
54822.977,conflict-at-land,4,118,
54824.937,start,5,88,
54826.607,start,0,117,
54828.9,refuse,2,111,
54831.624,conflict-at-land,0,117,
54835.671,start,1,116,
54837.394,start,6,114,
54837.977,refuse,4,118,
54842.743,conflict-at-land,3,119,
54843.9,start,2,111,
54846.624,refuse,0,117,
54846.868,conflict-at-land,1,116,
54852.977,start,4,118,
54856.136,conflict-at-land,6,114,
54857.743,refuse,3,119,
54858.945,conflict-at-land,4,118,
54861.624,start,0,117,
54861.868,refuse,1,116,
54867.358,conflict-at-land,0,117,
54871.136,start,6,114,
54872.743,refuse,3,119,
54873.945,start,4,118,
54876.868,refuse,1,116,
54880.581,conflict-at-land,4,118,
54882.358,start,0,117,
54886.261,conflict-at-land,2,111,
54887.743,start,3,119,
54888.044,conflict-at-land,0,117,
54889.676,conflict-at-land,5,88,
54890.212,conflict-at-land,6,114,
54891.868,start,1,116,
54895.581,refuse,4,118,
54901.261,refuse,2,111,
54902.188,conflict-at-land,1,116,
54903.044,start,0,117,
54904.676,start,5,88,
54905.212,start,6,114,
54907.69,conflict-at-land,0,117,
54910.581,start,4,118,
54915.422,conflict-at-land,4,118,
54916.261,refuse,2,111,
54917.188,start,1,116,
54918.372,conflict-at-land,6,114,
54922.69,refuse,0,117,
54925.814,conflict-at-land,1,116,
54930.422,start,4,118,
54931.261,refuse,2,111,
54933.372,start,6,114,
54935.18,conflict-at-land,4,118,
54937.69,start,0,117,
54940.814,refuse,1,116,
54943.687,conflict-at-land,0,117,
54946.261,refuse,2,111,
54949.236,conflict-at-land,6,114,
54950.18,start,4,118,
54955.814,refuse,1,116,
54956.477,conflict-at-land,4,118,
54958.687,start,0,117,
54961.261,refuse,2,111,
54964.236,start,6,114,
54965.481,conflict-at-land,0,117,
54970.814,start,1,116,
54971.477,refuse,4,118,
54976.261,refuse,2,111,
54976.459,conflict-at-land,6,114,
54980.481,refuse,0,117,
54983.517,conflict-at-land,1,116,
54986.477,start,4,118,
54991.261,refuse,2,111,
54991.459,start,6,114,
54992.793,conflict-at-land,4,118,
54995.481,start,0,117,
54996.195,conflict-at-land,3,119,
54998.517,refuse,1,116,
55001.174,conflict-at-land,0,117,
55006.261,start,2,111,
55007.793,start,4,118,
55010.759,conflict-at-land,6,114,
55011.195,refuse,3,119,
55012.807,conflict-at-land,4,118,
55013.517,start,1,116,
55016.174,refuse,0,117,
55017.37,conflict-at-land,5,88,
55025.759,start,6,114,
55026.195,refuse,3,119,
55027.024,conflict-at-land,1,116,
55027.807,start,4,118,
55031.174,refuse,0,117,
55032.37,start,5,88,
55033.079,conflict-at-land,4,118,
55041.195,refuse,3,119,
55042.024,start,1,116,
55043.506,conflict-at-land,6,114,
55046.174,refuse,0,117,
55048.079,refuse,4,118,
55048.627,conflict-at-land,2,111,
55056.195,start,3,119,
55057.131,conflict-at-land,1,116,
55058.506,start,6,114,
55061.174,start,0,117,
55063.079,refuse,4,118,
55063.627,refuse,2,111,
55068.702,conflict-at-land,0,117,
55069.859,conflict-at-land,6,114,
55072.131,start,1,116,
55078.079,refuse,4,118,
55078.627,refuse,2,111,
55082.357,conflict-at-land,1,116,
55083.702,start,0,117,
55084.859,start,6,114,
55091.469,conflict-at-land,0,117,
55093.079,start,4,118,
55093.627,refuse,2,111,
55097.357,refuse,1,116,
55098.921,conflict-at-land,6,114,
55099.078,conflict-at-land,4,118,
55106.469,start,0,117,
55108.627,refuse,2,111,
55112.289,conflict-at-land,0,117,
55112.357,start,1,116,
55113.921,start,6,114,
55114.078,refuse,4,118,
55121.287,conflict-at-land,1,116,
55123.627,refuse,2,111,
55127.289,start,0,117,
55127.631,conflict-at-land,6,114,
55129.078,refuse,4,118,
55131.807,conflict-at-land,0,117,
55136.287,start,1,116,
55136.316,conflict-at-land,5,88,
55138.627,refuse,2,111,
55142.631,start,6,114,
55144.078,refuse,4,118,
55146.807,refuse,0,117,
55148.187,conflict-at-land,1,116,
55151.316,start,5,88,
55153.627,refuse,2,111,
55154.154,conflict-at-land,6,114,
55159.078,start,4,118,
55161.807,refuse,0,117,
55163.187,refuse,1,116,
55165.215,conflict-at-land,4,118,
55168.627,refuse,2,111,
55169.154,start,6,114,
55176.807,start,0,117,
55178.187,refuse,1,116,
55180.215,refuse,4,118,
55183.627,refuse,2,111,
55183.956,conflict-at-land,0,117,
55187.942,conflict-at-land,6,114,
55189.945,conflict-at-land,3,119,
55193.187,start,1,116,
55195.215,refuse,4,118,
55198.627,start,2,111,
55198.956,refuse,0,117,
55202.942,start,6,114,
55204.945,refuse,3,119,
55206.02,conflict-at-land,1,116,
55210.215,start,4,118,
55213.956,refuse,0,117,
55217.023,conflict-at-land,6,114,
55217.338,conflict-at-land,4,118,
55219.945,refuse,3,119,
55221.02,start,1,116,
55228.956,refuse,0,117,
55232.023,start,6,114,
55232.338,refuse,4,118,
55233.89,conflict-at-land,1,116,
55234.945,refuse,3,119,
55243.956,start,0,117,
55243.968,conflict-at-land,5,88,
55247.338,refuse,4,118,
55248.89,refuse,1,116,
55249.945,refuse,3,119,
55249.993,conflict-at-land,6,114,
55251.301,conflict-at-land,0,117,
55258.635,conflict-at-land,2,111,
55258.968,start,5,88,
55262.338,start,4,118,
55263.89,refuse,1,116,
55264.945,start,3,119,
55264.993,start,6,114,
55266.301,refuse,0,117,
55269.786,conflict-at-land,4,118,
55273.635,refuse,2,111,
55278.89,start,1,116,
55281.301,refuse,0,117,
55283.891,conflict-at-land,6,114,
55284.786,refuse,4,118,
55288.635,refuse,2,111,
55290.796,conflict-at-land,1,116,
55296.301,start,0,117,
55298.891,start,6,114,
55299.786,refuse,4,118,
55302.317,conflict-at-land,0,117,
55303.635,refuse,2,111,
55305.796,start,1,116,
55311.49,conflict-at-land,6,114,
55314.786,refuse,4,118,
55316.492,conflict-at-land,1,116,
55317.317,start,0,117,
55318.635,refuse,2,111,
55323.519,conflict-at-land,0,117,
55326.49,start,6,114,
55329.786,start,4,118,
55331.492,refuse,1,116,
55333.635,refuse,2,111,
55334.013,conflict-at-land,4,118,
55338.519,start,0,117,
55340.234,conflict-at-land,6,114,
55343.948,conflict-at-land,0,117,
55346.492,start,1,116,
55348.635,refuse,2,111,
55349.013,refuse,4,118,
55354.864,conflict-at-land,5,88,
55355.234,start,6,114,
55356.046,conflict-at-land,1,116,
55358.948,start,0,117,
55363.477,conflict-at-land,0,117,
55363.635,refuse,2,111,
55364.013,start,4,118,
55366.919,conflict-at-land,3,119,
55369.864,start,5,88,
55370.806,conflict-at-land,4,118,
55371.046,start,1,116,
55374.667,conflict-at-land,6,114,
55378.477,refuse,0,117,
55378.635,start,2,111,
55381.919,refuse,3,119,
55385.806,refuse,4,118,
55386.639,conflict-at-land,1,116,
55389.667,start,6,114,
55393.477,start,0,117,
55396.919,refuse,3,119,
55399.904,conflict-at-land,0,117,
55400.806,start,4,118,
55401.639,refuse,1,116,
55406.718,conflict-at-land,6,114,
55408.231,conflict-at-land,4,118,
55411.919,refuse,3,119,
55414.904,start,0,117,
55416.639,refuse,1,116,
55421.718,start,6,114,
55422.139,conflict-at-land,0,117,
55423.231,start,4,118,
55426.919,refuse,3,119,
55430.907,conflict-at-land,4,118,
55431.639,start,1,116,
55436.771,conflict-at-land,6,114,
55436.801,conflict-at-land,2,111,
55437.139,refuse,0,117,
55441.919,start,3,119,
55444.183,conflict-at-land,1,116,
55445.907,start,4,118,
55451.158,conflict-at-land,4,118,
55451.771,start,6,114,
55451.801,refuse,2,111,
55452.139,start,0,117,
55458.334,conflict-at-land,0,117,
55459.183,start,1,116,
55466.158,refuse,4,118,
55466.801,refuse,2,111,
55467.877,conflict-at-land,6,114,
55469.823,conflict-at-land,1,116,
55470.592,conflict-at-land,5,88,
55473.334,start,0,117,
55479.236,conflict-at-land,0,117,
55481.158,start,4,118,
55481.801,refuse,2,111,
55482.877,start,6,114,
55484.823,refuse,1,116,
55485.592,start,5,88,
55486.862,conflict-at-land,4,118,
55494.236,start,0,117,
55496.801,refuse,2,111,
55498.696,conflict-at-land,0,117,
55499.823,start,1,116,
55501.219,conflict-at-land,6,114,
55501.862,refuse,4,118,
55511.801,refuse,2,111,
55511.857,conflict-at-land,1,116,
55513.696,start,0,117,
55516.219,start,6,114,
55516.862,refuse,4,118,
55519.863,conflict-at-land,0,117,
55526.801,refuse,2,111,
55526.857,start,1,116,
55527.0,conflict-at-land,6,114,
55531.862,refuse,4,118,
55534.863,refuse,0,117,
55538.464,conflict-at-land,1,116,
55541.801,refuse,2,111,
55542.0,start,6,114,
55546.862,start,4,118,
55549.863,refuse,0,117,
55551.756,conflict-at-land,4,118,
55552.887,conflict-at-land,5,88,
55553.464,start,1,116,
55553.662,conflict-at-land,6,114,
55556.801,refuse,2,111,
55564.863,refuse,0,117,
55566.756,refuse,4,118,
55567.435,conflict-at-land,1,116,
55567.887,start,5,88,
55568.662,start,6,114,
55571.801,refuse,2,111,
55578.155,conflict-at-land,3,119,
55579.863,start,0,117,
55581.026,conflict-at-land,6,114,
55581.756,refuse,4,118,
55582.435,refuse,1,116,
55585.819,conflict-at-land,0,117,
55586.801,start,2,111,
55593.155,refuse,3,119,
55596.026,start,6,114,
55596.756,start,4,118,
55597.435,refuse,1,116,
55600.819,refuse,0,117,
55602.811,conflict-at-land,4,118,
55608.155,refuse,3,119,
55612.435,start,1,116,
55613.574,conflict-at-land,6,114,
55615.819,refuse,0,117,
55617.811,refuse,4,118,
55623.155,refuse,3,119,
55624.511,conflict-at-land,1,116,
55628.574,start,6,114,
55629.769,conflict-at-land,5,88,
55630.819,start,0,117,
55632.811,refuse,4,118,
55636.962,conflict-at-land,0,117,
55638.155,refuse,3,119,
55639.511,start,1,116,
55644.769,start,5,88,
55646.36,conflict-at-land,6,114,
55647.642,conflict-at-land,2,111,
55647.811,refuse,4,118,
55651.962,refuse,0,117,
55653.155,start,3,119,
55653.556,conflict-at-land,1,116,
55661.36,start,6,114,
55662.642,refuse,2,111,
55662.811,start,4,118,
55666.962,refuse,0,117,
55667.778,conflict-at-land,4,118,
55668.556,start,1,116,
55677.642,refuse,2,111,
55680.146,conflict-at-land,6,114,
55681.067,conflict-at-land,1,116,
55681.962,start,0,117,
55682.778,refuse,4,118,
55688.593,conflict-at-land,0,117,
55692.642,refuse,2,111,
55695.146,start,6,114,
55696.067,start,1,116,
55697.778,refuse,4,118,
55703.593,refuse,0,117,
55707.087,conflict-at-land,1,116,
55707.642,refuse,2,111,
55707.642,abandon,2,111,
55707.642,start,2,120,
55710.096,conflict-at-land,6,114,
55712.778,refuse,4,118,
55718.593,refuse,0,117,
55722.087,refuse,1,116,
55725.096,start,6,114,
55727.778,refuse,4,118,
55728.604,conflict-at-land,5,88,
55733.593,refuse,0,117,
55734.145,conflict-at-land,2,120,
55737.087,start,1,116,
55739.549,conflict-at-land,6,114,
55742.778,refuse,4,118,
55743.604,start,5,88,
55746.054,conflict-at-land,1,116,
55748.593,start,0,117,
55749.145,refuse,2,120,
55754.393,conflict-at-land,0,117,
55754.549,start,6,114,
55757.778,start,4,118,
55761.054,refuse,1,116,
55763.273,conflict-at-land,4,118,
55764.145,start,2,120,
55764.695,conflict-at-land,3,119,
55765.686,conflict-at-land,6,114,
55769.393,refuse,0,117,
55776.054,refuse,1,116,
55778.273,refuse,4,118,
55779.695,start,3,119,
55780.686,start,6,114,
55784.393,refuse,0,117,
55784.393,abandon,0,117,
55784.393,start,0,121,
55791.054,refuse,1,116,
55793.273,refuse,4,118,
55798.962,conflict-at-land,2,120,
55799.75,conflict-at-land,6,114,
55806.054,start,1,116,
55808.273,refuse,4,118,
55813.962,refuse,2,120,
55814.75,start,6,114,
55814.999,conflict-at-land,1,116,
55823.273,start,4,118,
55825.572,conflict-at-land,6,114,
55827.705,conflict-at-land,4,118,
55828.962,start,2,120,
55829.999,refuse,1,116,
55832.661,conflict-at-land,5,88,
55837.101,land,0,121,
55837.101,start,0,122,
55840.572,start,6,114,
55842.705,refuse,4,118,
55844.999,refuse,1,116,
55845.701,land,0,122,
55845.701,start,0,123,
55847.661,start,5,88,
55853.227,conflict-at-land,0,123,
55855.121,conflict-at-land,6,114,
55857.705,refuse,4,118,
55859.999,refuse,1,116,
55863.495,conflict-at-land,2,120,
55868.227,start,0,123,
55870.121,start,6,114,
55872.705,start,4,118,
55874.959,conflict-at-land,0,123,
55874.999,refuse,1,116,
55874.999,abandon,1,116,
55874.999,start,1,124,
55877.532,conflict-at-land,4,118,
55877.883,land,1,124,
55877.883,start,1,125,
55878.495,start,2,120,
55885.442,conflict-at-land,6,114,
55886.412,land,1,125,
55886.412,start,1,126,
55889.959,start,0,123,
55892.532,refuse,4,118,
55892.532,abandon,4,118,
55892.532,refuse,4,127,
55894.58,conflict-at-land,0,123,
55900.442,start,6,114,
55904.018,conflict-at-land,3,119,
55904.702,conflict-at-land,1,126,
55907.532,start,4,127,
55909.58,start,0,123,
55913.146,conflict-at-land,2,120,
55914.449,conflict-at-land,0,123,
55915.065,conflict-at-land,6,114,
55918.616,conflict-at-land,4,127,
55919.018,start,3,119,
55919.702,start,1,126,
55922.071,conflict-at-land,5,88,
55928.146,start,2,120,
55929.449,start,0,123,
55930.065,start,6,114,
55933.616,refuse,4,127,
55937.071,start,5,88,
55937.121,conflict-at-land,0,123,
55940.575,conflict-at-land,1,126,
55943.345,conflict-at-land,6,114,
55948.616,start,4,127,
55952.121,start,0,123,
55955.575,refuse,1,126,
55958.345,start,6,114,
55959.513,conflict-at-land,0,123,
55960.496,conflict-at-land,4,127,
55970.575,start,1,126,
55971.018,conflict-at-land,6,114,
55974.13,conflict-at-land,2,120,
55974.513,start,0,123,
55975.496,refuse,4,127,
55980.226,conflict-at-land,0,123,
55986.018,start,6,114,
55989.13,start,2,120,
55990.496,refuse,4,127,
55995.226,start,0,123,
55998.95,conflict-at-land,6,114,
55999.298,conflict-at-land,5,88,
56000.448,conflict-at-land,0,123,
56001.634,conflict-at-land,1,126,
56005.496,start,4,127,
56013.95,start,6,114,
56014.298,start,5,88,
56015.448,start,0,123,
56015.994,conflict-at-land,2,120,
56016.634,refuse,1,126,
56017.735,conflict-at-land,4,127,
56022.247,conflict-at-land,0,123,
56027.053,conflict-at-land,6,114,
56030.994,start,2,120,
56031.634,start,1,126,
56032.735,refuse,4,127,
56033.227,conflict-at-land,3,119,
56037.247,start,0,123,
56041.771,conflict-at-land,0,123,
56042.053,start,6,114,
56047.735,refuse,4,127,
56048.227,start,3,119,
56049.61,conflict-at-land,1,126,
56056.771,start,0,123,
56060.296,conflict-at-land,6,114,
56062.386,conflict-at-land,0,123,
56062.735,start,4,127,
56064.61,refuse,1,126,
56066.941,conflict-at-land,2,120,
56075.296,start,6,114,
56076.092,conflict-at-land,4,127,
56077.386,start,0,123,
56079.61,start,1,126,
56081.941,start,2,120,
56083.459,conflict-at-land,0,123,
56091.092,refuse,4,127,
56094.58,conflict-at-land,6,114,
56095.24,conflict-at-land,5,88,
56098.459,start,0,123,
56105.539,conflict-at-land,0,123,
56106.092,refuse,4,127,
56107.184,conflict-at-land,1,126,
56109.58,start,6,114,
56110.24,start,5,88,
56120.444,conflict-at-land,2,120,
56120.539,start,0,123,
56121.092,start,4,127,
56122.184,refuse,1,126,
56124.335,conflict-at-land,6,114,
56126.689,conflict-at-land,0,123,
56133.987,conflict-at-land,4,127,
56135.444,start,2,120,
56137.184,start,1,126,
56139.335,start,6,114,
56141.689,start,0,123,
56147.258,conflict-at-land,0,123,
56148.987,refuse,4,127,
56153.957,conflict-at-land,6,114,
56162.258,start,0,123,
56162.489,conflict-at-land,1,126,
56163.942,conflict-at-land,3,119,
56163.958,conflict-at-land,2,120,
56163.987,start,4,127,
56168.212,conflict-at-land,0,123,
56168.957,start,6,114,
56175.024,conflict-at-land,4,127,
56177.489,start,1,126,
56178.942,start,3,119,
56178.958,start,2,120,
56182.476,conflict-at-land,5,88,
56182.742,conflict-at-land,6,114,
56183.212,start,0,123,
56187.427,conflict-at-land,0,123,
56190.024,refuse,4,127,
56197.476,start,5,88,
56197.742,start,6,114,
56202.427,start,0,123,
56205.024,refuse,4,127,
56208.441,conflict-at-land,0,123,
56208.48,conflict-at-land,1,126,
56214.406,conflict-at-land,2,120,
56215.529,conflict-at-land,6,114,
56220.024,start,4,127,
56223.441,start,0,123,
56223.48,refuse,1,126,
56229.406,start,2,120,
56230.529,start,6,114,
56230.932,conflict-at-land,0,123,
56233.345,conflict-at-land,4,127,
56238.48,start,1,126,
56245.932,start,0,123,
56248.345,refuse,4,127,
56249.575,conflict-at-land,6,114,
56250.874,conflict-at-land,0,123,
56263.345,refuse,4,127,
56264.575,start,6,114,
56265.874,start,0,123,
56267.722,conflict-at-land,1,126,
56269.538,conflict-at-land,2,120,
56270.154,conflict-at-land,0,123,
56273.64,conflict-at-land,5,88,
56278.345,start,4,127,
56280.723,conflict-at-land,6,114,
56282.722,refuse,1,126,
56284.538,start,2,120,
56285.154,start,0,123,
56288.64,start,5,88,
56291.335,conflict-at-land,4,127,
56291.969,conflict-at-land,0,123,
56295.723,start,6,114,
56297.722,start,1,126,
56306.335,refuse,4,127,
56306.969,start,0,123,
56307.449,conflict-at-land,3,119,
56311.369,conflict-at-land,6,114,
56312.011,conflict-at-land,0,123,
56321.335,refuse,4,127,
56322.449,start,3,119,
56325.69,conflict-at-land,1,126,
56326.369,start,6,114,
56327.011,start,0,123,
56329.235,conflict-at-land,2,120,
56331.685,conflict-at-land,0,123,
56336.335,start,4,127,
56337.66,conflict-at-land,6,114,
56340.69,refuse,1,126,
56344.235,start,2,120,
56346.685,start,0,123,
56350.326,conflict-at-land,4,127,
56352.66,start,6,114,
56353.666,conflict-at-land,0,123,
56355.69,start,1,126,
56365.326,refuse,4,127,
56365.552,conflict-at-land,6,114,
56368.666,start,0,123,
56371.675,conflict-at-land,2,120,
56376.35,conflict-at-land,0,123,
56380.326,refuse,4,127,
56380.552,start,6,114,
56384.648,conflict-at-land,1,126,
56386.675,start,2,120,
56391.35,start,0,123,
56391.428,conflict-at-land,6,114,
56395.326,start,4,127,
56395.761,conflict-at-land,5,88,
56397.942,conflict-at-land,0,123,
56399.648,refuse,1,126,
56406.428,start,6,114,
56407.052,conflict-at-land,4,127,
56410.761,start,5,88,
56412.942,start,0,123,
56414.648,start,1,126,
56417.139,conflict-at-land,6,114,
56419.676,conflict-at-land,0,123,
56422.052,refuse,4,127,
56424.321,conflict-at-land,2,120,
56432.139,start,6,114,
56434.676,start,0,123,
56437.052,refuse,4,127,
56438.966,conflict-at-land,1,126,
56439.321,start,2,120,
56440.829,conflict-at-land,0,123,
56444.071,conflict-at-land,6,114,
56447.603,conflict-at-land,3,119,
56452.052,start,4,127,
56453.966,refuse,1,126,
56455.829,start,0,123,
56459.071,start,6,114,
56461.236,conflict-at-land,0,123,
56461.721,conflict-at-land,4,127,
56462.603,start,3,119,
56465.074,conflict-at-land,2,120,
56468.966,start,1,126,
56473.902,conflict-at-land,6,114,
56476.236,start,0,123,
56476.721,refuse,4,127,
56480.074,start,2,120,
56483.804,conflict-at-land,0,123,
56488.902,start,6,114,
56489.49,conflict-at-land,1,126,
56491.721,start,4,127,
56497.713,conflict-at-land,5,88,
56498.804,start,0,123,
56500.849,conflict-at-land,6,114,
56504.152,conflict-at-land,0,123,
56504.49,refuse,1,126,
56505.497,conflict-at-land,4,127,
56507.462,conflict-at-land,2,120,
56512.713,start,5,88,
56515.849,start,6,114,
56519.152,start,0,123,
56519.49,start,1,126,
56520.497,refuse,4,127,
56522.462,start,2,120,
56525.167,conflict-at-land,0,123,
56533.967,conflict-at-land,6,114,
56535.497,refuse,4,127,
56540.167,start,0,123,
56545.423,conflict-at-land,1,126,
56547.061,conflict-at-land,0,123,
56548.967,start,6,114,
56550.497,start,4,127,
56555.875,conflict-at-land,2,120,
56560.423,refuse,1,126,
56562.061,start,0,123,
56563.401,conflict-at-land,4,127,
56567.59,conflict-at-land,0,123,
56568.214,conflict-at-land,6,114,
56570.875,start,2,120,
56575.423,start,1,126,
56578.401,refuse,4,127,
56582.59,start,0,123,
56583.214,start,6,114,
56589.506,conflict-at-land,0,123,
56592.303,conflict-at-land,1,126,
56593.401,start,4,127,
56595.44,conflict-at-land,3,119,
56602.283,conflict-at-land,6,114,
56603.441,conflict-at-land,4,127,
56604.506,start,0,123,
56607.303,start,1,126,
56610.44,start,3,119,
56611.0,conflict-at-land,0,123,
56615.883,conflict-at-land,2,120,
56617.283,start,6,114,
56618.441,refuse,4,127,
56618.557,conflict-at-land,5,88,
56625.652,conflict-at-land,1,126,
56626.0,start,0,123,
56630.513,conflict-at-land,0,123,
56630.883,start,2,120,
56633.441,start,4,127,
56633.557,start,5,88,
56636.272,conflict-at-land,6,114,
56640.652,refuse,1,126,
56642.962,conflict-at-land,4,127,
56645.513,start,0,123,
56650.521,conflict-at-land,0,123,
56651.272,start,6,114,
56655.652,start,1,126,
56657.962,refuse,4,127,
56660.151,conflict-at-land,2,120,
56665.521,start,0,123,
56670.383,conflict-at-land,6,114,
56671.564,conflict-at-land,0,123,
56672.962,refuse,4,127,
56675.151,start,2,120,
56681.222,conflict-at-land,1,126,
56685.383,start,6,114,
56686.564,start,0,123,
56687.962,start,4,127,
56694.274,conflict-at-land,0,123,
56696.222,refuse,1,126,
56698.808,conflict-at-land,4,127,
56701.807,conflict-at-land,6,114,
56702.573,conflict-at-land,5,88,
56709.274,start,0,123,
56711.222,start,1,126,
56713.808,refuse,4,127,
56715.387,conflict-at-land,0,123,
56716.807,start,6,114,
56717.573,start,5,88,
56717.748,conflict-at-land,2,120,
56728.808,refuse,4,127,
56730.096,conflict-at-land,6,114,
56730.387,start,0,123,
56732.748,start,2,120,
56735.952,conflict-at-land,0,123,
56741.068,conflict-at-land,1,126,
56743.808,start,4,127,
56745.096,start,6,114,
56745.436,conflict-at-land,3,119,
56750.952,start,0,123,
56755.08,conflict-at-land,4,127,
56756.068,start,1,126,
56756.418,conflict-at-land,0,123,
56756.665,conflict-at-land,6,114,
56760.436,start,3,119,
56767.745,conflict-at-land,2,120,
56770.08,refuse,4,127,
56771.418,start,0,123,
56771.665,start,6,114,
56777.643,conflict-at-land,0,123,
56782.692,conflict-at-land,6,114,
56782.745,start,2,120,
56783.042,conflict-at-land,1,126,
56785.08,start,4,127,
56792.643,start,0,123,
56797.692,start,6,114,
56798.042,refuse,1,126,
56798.168,conflict-at-land,4,127,
56799.074,conflict-at-land,0,123,
56810.521,conflict-at-land,6,114,
56813.042,start,1,126,
56813.168,refuse,4,127,
56814.074,start,0,123,
56820.171,conflict-at-land,0,123,
56820.6,conflict-at-land,2,120,
56825.521,start,6,114,
56826.557,conflict-at-land,5,88,
56828.168,refuse,4,127,
56830.72,conflict-at-land,1,126,
56835.171,start,0,123,
56835.6,start,2,120,
56838.303,conflict-at-land,6,114,
56841.557,start,5,88,
56842.342,conflict-at-land,0,123,
56843.168,start,4,127,
56845.72,refuse,1,126,
56853.303,start,6,114,
56857.06,conflict-at-land,4,127,
56857.342,start,0,123,
56860.72,start,1,126,
56863.089,conflict-at-land,0,123,
56867.864,conflict-at-land,6,114,
56872.06,refuse,4,127,
56878.089,start,0,123,
56879.322,conflict-at-land,2,120,
56882.864,start,6,114,
56884.118,conflict-at-land,1,126,
56885.398,conflict-at-land,0,123,
56887.06,start,4,127,
56894.201,conflict-at-land,6,114,
56894.322,start,2,120,
56899.118,refuse,1,126,
56900.398,start,0,123,
56902.242,conflict-at-land,4,127,
56905.897,conflict-at-land,5,88,
56906.158,conflict-at-land,0,123,
56909.201,start,6,114,
56914.118,start,1,126,
56917.242,refuse,4,127,
56920.897,start,5,88,
56921.158,start,0,123,
56927.281,conflict-at-land,0,123,
56928.477,conflict-at-land,6,114,
56932.242,refuse,4,127,
56934.6,conflict-at-land,3,119,
56939.365,conflict-at-land,2,120,
56942.281,start,0,123,
56942.456,conflict-at-land,1,126,
56943.477,start,6,114,
56947.242,start,4,127,
56949.057,conflict-at-land,0,123,
56949.6,start,3,119,
56954.365,start,2,120,
56957.456,refuse,1,126,
56959.164,conflict-at-land,6,114,
56961.331,conflict-at-land,4,127,
56964.057,start,0,123,
56969.217,conflict-at-land,0,123,
56972.456,start,1,126,
56974.164,start,6,114,
56976.331,refuse,4,127,
56984.217,start,0,123,
56988.71,conflict-at-land,2,120,
56989.27,conflict-at-land,1,126,
56990.602,conflict-at-land,0,123,
56991.018,conflict-at-land,6,114,
56991.331,start,4,127,
57001.456,conflict-at-land,4,127,
57003.71,start,2,120,
57004.27,start,1,126,
57005.602,start,0,123,
57006.018,start,6,114,
57012.554,conflict-at-land,0,123,
57016.456,refuse,4,127,
57017.48,conflict-at-land,5,88,
57021.79,conflict-at-land,6,114,
57027.554,start,0,123,
57031.456,refuse,4,127,
57031.547,conflict-at-land,1,126,
57032.48,start,5,88,
57032.85,conflict-at-land,0,123,
57036.79,start,6,114,
57046.456,start,4,127,
57046.469,conflict-at-land,2,120,
57046.547,refuse,1,126,
57047.85,start,0,123,
57049.598,conflict-at-land,6,114,
57054.979,conflict-at-land,0,123,
57058.699,conflict-at-land,4,127,
57061.469,start,2,120,
57061.547,start,1,126,
57064.598,start,6,114,
57069.979,start,0,123,
57070.836,conflict-at-land,3,119,
57073.699,refuse,4,127,
57075.841,conflict-at-land,0,123,
57082.517,conflict-at-land,6,114,
57085.836,start,3,119,
57088.699,refuse,4,127,
57090.774,conflict-at-land,1,126,
57090.841,start,0,123,
57096.038,conflict-at-land,0,123,
57097.517,start,6,114,
57097.674,conflict-at-land,2,120,
57103.699,start,4,127,
57105.774,refuse,1,126,
57111.038,start,0,123,
57112.211,conflict-at-land,6,114,
57112.674,start,2,120,
57112.715,conflict-at-land,4,127,
57118.228,conflict-at-land,0,123,
57120.774,start,1,126,
57127.211,start,6,114,
57127.715,refuse,4,127,
57127.723,conflict-at-land,5,88,
57133.228,start,0,123,
57138.662,conflict-at-land,1,126,
57138.683,conflict-at-land,0,123,
57138.95,conflict-at-land,6,114,
57142.715,start,4,127,
57142.723,start,5,88,
57143.16,conflict-at-land,2,120,
57153.503,conflict-at-land,4,127,
57153.662,start,1,126,
57153.683,start,0,123,
57153.95,start,6,114,
57158.16,start,2,120,
57158.666,conflict-at-land,0,123,
57168.503,refuse,4,127,
57168.732,conflict-at-land,6,114,
57173.666,start,0,123,
57175.321,conflict-at-land,1,126,
57179.715,conflict-at-land,0,123,
57183.503,start,4,127,
57183.732,start,6,114,
57190.321,refuse,1,126,
57194.328,conflict-at-land,2,120,
57194.65,conflict-at-land,4,127,
57194.715,start,0,123,
57199.149,conflict-at-land,6,114,
57202.455,conflict-at-land,0,123,
57205.321,start,1,126,
57209.328,start,2,120,
57209.65,refuse,4,127,
57214.149,start,6,114,
57217.455,start,0,123,
57220.476,conflict-at-land,3,119,
57224.219,conflict-at-land,0,123,
57224.65,refuse,4,127,
57227.278,conflict-at-land,1,126,
57228.532,conflict-at-land,6,114,
57235.476,start,3,119,
57235.907,conflict-at-land,5,88,
57239.219,start,0,123,
57239.65,start,4,127,
57242.278,refuse,1,126,
57243.532,start,6,114,
57246.304,conflict-at-land,0,123,
57249.716,conflict-at-land,2,120,
57250.907,start,5,88,
57255.184,conflict-at-land,4,127,
57257.278,start,1,126,
57260.42,conflict-at-land,6,114,
57261.304,start,0,123,
57264.716,start,2,120,
57267.972,conflict-at-land,0,123,
57270.184,refuse,4,127,
57274.815,conflict-at-land,1,126,
57275.42,start,6,114,
57282.972,start,0,123,
57285.184,start,4,127,
57287.343,conflict-at-land,6,114,
57289.815,refuse,1,126,
57289.945,conflict-at-land,0,123,
57299.498,conflict-at-land,4,127,
57302.343,start,6,114,
57304.815,start,1,126,
57304.881,conflict-at-land,2,120,
57304.945,start,0,123,
57309.798,conflict-at-land,0,123,
57314.498,refuse,4,127,
57319.881,start,2,120,
57321.104,conflict-at-land,6,114,
57324.798,start,0,123,
57327.556,conflict-at-land,1,126,
57329.044,conflict-at-land,0,123,
57329.498,start,4,127,
57336.104,start,6,114,
57341.518,conflict-at-land,4,127,
57342.556,start,1,126,
57344.044,start,0,123,
57349.449,conflict-at-land,2,120,
57350.128,conflict-at-land,0,123,
57350.714,conflict-at-land,5,88,
57355.42,conflict-at-land,6,114,
57355.42,abandon,6,114,
57355.42,start,6,128,
57356.518,refuse,4,127,
57357.756,land,6,128,
57357.756,start,6,129,
57364.449,start,2,120,
57364.689,conflict-at-land,1,126,
57365.128,start,0,123,
57365.714,start,5,88,
57370.356,conflict-at-land,0,123,
57370.505,conflict-at-land,3,119,
57371.518,start,4,127,
57379.689,refuse,1,126,
57384.927,conflict-at-land,4,127,
57385.356,start,0,123,
57385.505,start,3,119,
57391.625,conflict-at-land,0,123,
57394.689,start,1,126,
57397.32,conflict-at-land,2,120,
57399.927,refuse,4,127,
57406.625,start,0,123,
57412.32,start,2,120,
57413.378,conflict-at-land,0,123,
57413.437,conflict-at-land,1,126,
57414.927,start,4,127,
57427.81,conflict-at-land,4,127,
57428.378,start,0,123,
57428.437,start,1,126,
57433.747,conflict-at-land,0,123,
57442.81,refuse,4,127,
57448.747,start,0,123,
57449.9,conflict-at-land,2,120,
57451.728,conflict-at-land,1,126,
57453.282,conflict-at-land,0,123,
57457.81,start,4,127,
57464.9,start,2,120,
57466.728,refuse,1,126,
57468.282,start,0,123,
57469.116,conflict-at-land,5,88,
57469.505,conflict-at-land,4,127,
57474.514,conflict-at-land,0,123,
57481.728,start,1,126,
57484.116,start,5,88,
57484.505,refuse,4,127,
57486.647,land,6,129,
57486.647,start,6,130,
57489.514,start,0,123,
57495.909,land,6,130,
57495.909,start,6,131,
57497.3,conflict-at-land,0,123,
57499.505,refuse,4,127,
57500.362,conflict-at-land,2,120,
57505.616,conflict-at-land,1,126,
57512.3,start,0,123,
57514.505,start,4,127,
57515.362,start,2,120,
57518.832,conflict-at-land,0,123,
57520.616,refuse,1,126,
57528.264,conflict-at-land,4,127,
57533.832,start,0,123,
57535.616,start,1,126,
57538.653,conflict-at-land,0,123,
57543.264,refuse,4,127,
57548.079,conflict-at-land,3,119,
57553.653,start,0,123,
57556.127,conflict-at-land,1,126,
57557.516,conflict-at-land,2,120,
57558.264,start,4,127,
57560.391,conflict-at-land,0,123,
57563.079,start,3,119,
57571.127,refuse,1,126,
57571.173,conflict-at-land,4,127,
57572.516,start,2,120,
57575.391,start,0,123,
57576.947,conflict-at-land,5,88,
57581.187,conflict-at-land,0,123,
57584.22,land,6,131,
57584.22,start,6,132,
57586.127,start,1,126,
57586.173,refuse,4,127,
57591.947,start,5,88,
57596.187,start,0,123,
57597.063,land,6,132,
57597.063,start,6,133,
57601.173,refuse,4,127,
57603.071,conflict-at-land,0,123,
57609.668,conflict-at-land,1,126,
57615.358,conflict-at-land,2,120,
57616.173,start,4,127,
57618.071,start,0,123,
57624.346,conflict-at-land,0,123,
57624.668,refuse,1,126,
57627.783,land,6,133,
57627.783,start,6,134,
57629.777,conflict-at-land,4,127,
57630.358,start,2,120,
57634.604,land,6,134,
57634.604,refuse,6,135,
57639.346,start,0,123,
57639.668,start,1,126,
57644.777,refuse,4,127,
57646.684,conflict-at-land,0,123,
57649.604,refuse,6,135,
57659.777,refuse,4,127,
57661.684,start,0,123,
57664.002,conflict-at-land,5,88,
57664.604,refuse,6,135,
57668.416,conflict-at-land,1,126,
57668.499,conflict-at-land,0,123,
57674.777,start,4,127,
57676.007,conflict-at-land,2,120,
57679.002,start,5,88,
57679.604,start,6,135,
57683.416,refuse,1,126,
57683.499,start,0,123,
57683.741,conflict-at-land,4,127,
57685.554,conflict-at-land,6,135,
57689.865,conflict-at-land,0,123,
57691.007,start,2,120,
57691.805,conflict-at-land,3,119,
57698.416,start,1,126,
57698.741,refuse,4,127,
57700.554,refuse,6,135,
57704.865,start,0,123,
57706.805,start,3,119,
57710.837,conflict-at-land,0,123,
57713.741,refuse,4,127,
57715.554,refuse,6,135,
57720.765,conflict-at-land,2,120,
57725.837,start,0,123,
57727.939,conflict-at-land,1,126,
57728.741,start,4,127,
57730.554,start,6,135,
57733.223,conflict-at-land,0,123,
57735.453,conflict-at-land,6,135,
57735.765,start,2,120,
57738.981,conflict-at-land,4,127,
57742.939,start,1,126,
57748.223,start,0,123,
57750.453,refuse,6,135,
57752.525,conflict-at-land,0,123,
57753.981,refuse,4,127,
57756.449,conflict-at-land,5,88,
57761.476,conflict-at-land,1,126,
57765.453,refuse,6,135,
57767.525,start,0,123,
57768.981,start,4,127,
57771.449,start,5,88,
57771.851,conflict-at-land,0,123,
57773.505,conflict-at-land,2,120,
57776.476,refuse,1,126,
57780.453,start,6,135,
57783.01,conflict-at-land,4,127,
57786.038,conflict-at-land,6,135,
57786.851,start,0,123,
57788.505,start,2,120,
57791.476,start,1,126,
57792.737,conflict-at-land,0,123,
57798.01,refuse,4,127,
57801.038,refuse,6,135,
57807.737,start,0,123,
57812.718,conflict-at-land,1,126,
57813.01,start,4,127,
57813.152,conflict-at-land,0,123,
57816.038,refuse,6,135,
57824.193,conflict-at-land,4,127,
57826.044,conflict-at-land,2,120,
57827.718,start,1,126,
57828.152,start,0,123,
57831.038,start,6,135,
57834.867,conflict-at-land,0,123,
57837.237,conflict-at-land,6,135,
57839.193,refuse,4,127,
57841.044,start,2,120,
57848.274,conflict-at-land,1,126,
57849.867,start,0,123,
57852.237,refuse,6,135,
57854.193,start,4,127,
57854.421,conflict-at-land,0,123,
57863.274,refuse,1,126,
57867.237,refuse,6,135,
57867.963,conflict-at-land,4,127,
57868.662,conflict-at-land,2,120,
57869.421,start,0,123,
57870.201,conflict-at-land,3,119,
57875.359,conflict-at-land,0,123,
57876.261,conflict-at-land,5,88,
57878.274,start,1,126,
57882.237,start,6,135,
57882.963,refuse,4,127,
57883.662,refuse,2,120,
57885.201,start,3,119,
57889.025,conflict-at-land,6,135,
57890.359,start,0,123,
57891.261,start,5,88,
57895.477,conflict-at-land,0,123,
57897.963,refuse,4,127,
57898.662,start,2,120,
57904.025,refuse,6,135,
57907.435,conflict-at-land,1,126,
57910.477,start,0,123,
57912.963,start,4,127,
57917.371,conflict-at-land,0,123,
57919.025,refuse,6,135,
57922.435,refuse,1,126,
57923.201,conflict-at-land,4,127,
57932.371,start,0,123,
57933.98,conflict-at-land,2,120,
57934.025,start,6,135,
57937.435,start,1,126,
57938.201,refuse,4,127,
57940.124,conflict-at-land,0,123,
57941.64,conflict-at-land,6,135,
57948.98,start,2,120,
57953.201,refuse,4,127,
57955.124,start,0,123,
57956.64,refuse,6,135,
57960.023,conflict-at-land,0,123,
57968.201,refuse,4,127,
57968.365,conflict-at-land,1,126,
57971.64,refuse,6,135,
57975.023,start,0,123,
57980.833,conflict-at-land,0,123,
57982.495,conflict-at-land,2,120,
57983.201,start,4,127,
57983.365,refuse,1,126,
57984.035,conflict-at-land,5,88,
57986.64,start,6,135,
57993.191,conflict-at-land,6,135,
57995.833,start,0,123,
57997.115,conflict-at-land,4,127,
57997.495,start,2,120,
57998.365,start,1,126,
57999.035,start,5,88,
58000.08,conflict-at-land,0,123,
58008.191,refuse,6,135,
58012.115,refuse,4,127,
58015.08,start,0,123,
58019.529,conflict-at-land,0,123,
58023.191,refuse,6,135,
58027.115,refuse,4,127,
58027.542,conflict-at-land,2,120,
58029.007,conflict-at-land,1,126,
58034.529,start,0,123,
58036.587,conflict-at-land,3,119,
58038.191,start,6,135,
58040.786,conflict-at-land,0,123,
58042.115,start,4,127,
58042.542,refuse,2,120,
58044.007,refuse,1,126,
58045.187,conflict-at-land,6,135,
58051.587,start,3,119,
58055.786,start,0,123,
58057.06,conflict-at-land,4,127,
58057.542,start,2,120,
58059.007,start,1,126,
58060.187,refuse,6,135,
58062.544,conflict-at-land,0,123,
58072.06,refuse,4,127,
58075.187,refuse,6,135,
58077.544,start,0,123,
58083.695,conflict-at-land,0,123,
58085.012,conflict-at-land,1,126,
58085.112,conflict-at-land,2,120,
58087.06,start,4,127,
58087.811,conflict-at-land,5,88,
58090.187,start,6,135,
58095.016,conflict-at-land,6,135,
58095.613,conflict-at-land,4,127,
58098.695,start,0,123,
58100.012,start,1,126,
58100.112,start,2,120,
58102.811,start,5,88,
58104.403,conflict-at-land,0,123,
58110.016,refuse,6,135,
58110.613,refuse,4,127,
58119.403,start,0,123,
58124.599,conflict-at-land,0,123,
58125.016,refuse,6,135,
58125.613,refuse,4,127,
58126.996,conflict-at-land,1,126,
58139.599,start,0,123,
58140.016,refuse,6,135,
58140.613,start,4,127,
58141.996,refuse,1,126,
58146.28,conflict-at-land,0,123,
58146.643,conflict-at-land,2,120,
58152.289,conflict-at-land,4,127,
58155.016,start,6,135,
58156.996,start,1,126,
58161.28,start,0,123,
58161.363,conflict-at-land,6,135,
58161.643,start,2,120,
58162.388,conflict-at-land,3,119,
58167.289,refuse,4,127,
58168.187,conflict-at-land,0,123,
58176.363,refuse,6,135,
58177.388,start,3,119,
58178.177,conflict-at-land,5,88,
58182.289,refuse,4,127,
58183.187,start,0,123,
58186.055,conflict-at-land,1,126,
58189.876,conflict-at-land,0,123,
58191.363,refuse,6,135,
58193.177,start,5,88,
58196.125,conflict-at-land,2,120,
58197.289,start,4,127,
58201.055,refuse,1,126,
58204.876,start,0,123,
58206.363,start,6,135,
58210.475,conflict-at-land,4,127,
58210.827,conflict-at-land,0,123,
58211.125,refuse,2,120,
58213.192,conflict-at-land,6,135,
58216.055,start,1,126,
58225.475,refuse,4,127,
58225.827,start,0,123,
58226.125,start,2,120,
58228.192,refuse,6,135,
58232.945,conflict-at-land,0,123,
58236.228,conflict-at-land,1,126,
58240.475,start,4,127,
58243.192,refuse,6,135,
58247.945,start,0,123,
58251.228,refuse,1,126,
58251.908,conflict-at-land,4,127,
58252.323,conflict-at-land,0,123,
58258.192,refuse,6,135,
58260.019,conflict-at-land,2,120,
58266.228,start,1,126,
58266.908,refuse,4,127,
58267.323,start,0,123,
58273.192,start,6,135,
58273.559,conflict-at-land,0,123,
58275.019,refuse,2,120,
58279.677,conflict-at-land,6,135,
58281.908,refuse,4,127,
58285.464,conflict-at-land,5,88,
58288.559,start,0,123,
58290.019,start,2,120,
58293.945,conflict-at-land,0,123,
58294.677,refuse,6,135,
58294.97,conflict-at-land,1,126,
58296.908,start,4,127,
58300.464,start,5,88,
58308.945,start,0,123,
58309.156,conflict-at-land,4,127,
58309.594,conflict-at-land,3,119,
58309.677,refuse,6,135,
58309.97,start,1,126,
58313.839,conflict-at-land,0,123,
58316.546,conflict-at-land,2,120,
58324.156,refuse,4,127,
58324.594,start,3,119,
58324.677,start,6,135,
58328.839,start,0,123,
58331.546,refuse,2,120,
58331.959,conflict-at-land,6,135,
58336.326,conflict-at-land,0,123,
58338.524,conflict-at-land,1,126,
58339.156,start,4,127,
58346.546,start,2,120,
58346.959,refuse,6,135,
58348.288,conflict-at-land,4,127,
58351.326,start,0,123,
58353.524,start,1,126,
58358.906,conflict-at-land,0,123,
58361.959,refuse,6,135,
58363.288,refuse,4,127,
58373.906,start,0,123,
58375.411,conflict-at-land,1,126,
58376.959,refuse,6,135,
58378.288,start,4,127,
58379.669,conflict-at-land,0,123,
58388.06,conflict-at-land,5,88,
58390.411,refuse,1,126,
58391.959,refuse,6,135,
58392.269,conflict-at-land,2,120,
58392.56,conflict-at-land,4,127,
58394.669,start,0,123,
58399.088,conflict-at-land,0,123,
58403.06,start,5,88,
58405.411,start,1,126,
58406.959,start,6,135,
58407.269,refuse,2,120,
58407.56,refuse,4,127,
58413.415,conflict-at-land,6,135,
58414.088,start,0,123,
58418.454,conflict-at-land,0,123,
58422.269,start,2,120,
58422.384,conflict-at-land,1,126,
58422.56,start,4,127,
58428.241,conflict-at-land,3,119,
58428.415,refuse,6,135,
58433.454,start,0,123,
58436.061,conflict-at-land,4,127,
58437.384,start,1,126,
58439.588,conflict-at-land,0,123,
58443.241,start,3,119,
58443.415,refuse,6,135,
58451.061,refuse,4,127,
58454.588,start,0,123,
58457.25,conflict-at-land,2,120,
58458.415,start,6,135,
58459.125,conflict-at-land,0,123,
58459.397,conflict-at-land,1,126,
58463.642,conflict-at-land,6,135,
58466.061,start,4,127,
58472.25,start,2,120,
58474.125,start,0,123,
58474.397,refuse,1,126,
58475.996,conflict-at-land,4,127,
58478.642,refuse,6,135,
58478.739,conflict-at-land,0,123,
58489.397,start,1,126,
58490.996,refuse,4,127,
58493.642,refuse,6,135,
58493.739,start,0,123,
58499.404,conflict-at-land,0,123,
58502.535,conflict-at-land,2,120,
58505.996,refuse,4,127,
58506.545,conflict-at-land,5,88,
58508.642,start,6,135,
58508.991,conflict-at-land,1,126,
58513.205,conflict-at-land,6,135,
58514.404,start,0,123,
58517.535,start,2,120,
58520.996,start,4,127,
58521.211,conflict-at-land,0,123,
58521.545,start,5,88,
58523.991,refuse,1,126,
58528.205,refuse,6,135,
58534.989,conflict-at-land,4,127,
58536.211,start,0,123,
58538.991,start,1,126,
58542.998,conflict-at-land,0,123,
58543.205,refuse,6,135,
58549.074,conflict-at-land,2,120,
58549.989,refuse,4,127,
58557.998,start,0,123,
58558.205,start,6,135,
58563.485,conflict-at-land,0,123,
58564.074,refuse,2,120,
58564.856,conflict-at-land,6,135,
58564.989,refuse,4,127,
58566.378,conflict-at-land,1,126,
58566.865,conflict-at-land,3,119,
58578.485,start,0,123,
58579.074,start,2,120,
58579.856,refuse,6,135,
58579.989,start,4,127,
58581.378,refuse,1,126,
58581.865,start,3,119,
58582.822,conflict-at-land,0,123,
58593.573,conflict-at-land,4,127,
58594.856,refuse,6,135,
58596.378,start,1,126,
58597.822,start,0,123,
58602.606,conflict-at-land,0,123,
58608.573,refuse,4,127,
58609.856,refuse,6,135,
58611.785,conflict-at-land,5,88,
58617.606,start,0,123,
58618.187,conflict-at-land,1,126,
58622.632,conflict-at-land,2,120,
58623.573,start,4,127,
58624.442,conflict-at-land,0,123,
58624.856,start,6,135,
58626.785,start,5,88,
58632.212,conflict-at-land,6,135,
58633.187,refuse,1,126,
58633.271,conflict-at-land,4,127,
58637.632,start,2,120,
58639.442,start,0,123,
58643.909,conflict-at-land,0,123,
58647.212,refuse,6,135,
58648.187,start,1,126,
58648.271,refuse,4,127,
58658.909,start,0,123,
58662.212,refuse,6,135,
58663.271,refuse,4,127,
58666.013,conflict-at-land,0,123,
58669.15,conflict-at-land,1,126,
58677.212,refuse,6,135,
58678.271,start,4,127,
58681.013,start,0,123,
58681.435,conflict-at-land,2,120,
58684.15,refuse,1,126,
58687.217,conflict-at-land,4,127,
58687.832,conflict-at-land,0,123,
58692.212,start,6,135,
58696.435,refuse,2,120,
58697.828,conflict-at-land,6,135,
58699.15,start,1,126,
58702.217,refuse,4,127,
58702.832,start,0,123,
58704.948,conflict-at-land,5,88,
58707.671,conflict-at-land,0,123,
58711.435,start,2,120,
58712.828,refuse,6,135,
58717.217,refuse,4,127,
58719.948,start,5,88,
58722.671,start,0,123,
58724.068,conflict-at-land,1,126,
58727.828,refuse,6,135,
58729.474,conflict-at-land,0,123,
58732.217,start,4,127,
58739.068,refuse,1,126,
58741.438,conflict-at-land,4,127,
58741.873,conflict-at-land,2,120,
58742.828,start,6,135,
58744.474,start,0,123,
58747.324,conflict-at-land,6,135,
58749.061,conflict-at-land,0,123,
58754.068,start,1,126,
58756.438,refuse,4,127,
58756.873,start,2,120,
58762.324,refuse,6,135,
58762.497,conflict-at-land,3,119,
58764.061,start,0,123,
58770.154,conflict-at-land,0,123,
58771.438,refuse,4,127,
58773.701,conflict-at-land,1,126,
58777.324,refuse,6,135,
58777.497,start,3,119,
58785.154,start,0,123,
58786.438,start,4,127,
58788.18,conflict-at-land,2,120,
58788.701,refuse,1,126,
58792.324,start,6,135,
58792.745,conflict-at-land,0,123,
58795.407,conflict-at-land,4,127,
58798.32,conflict-at-land,6,135,
58803.18,start,2,120,
58803.701,start,1,126,
58807.745,start,0,123,
58810.407,refuse,4,127,
58813.32,refuse,6,135,
58813.661,conflict-at-land,0,123,
58825.407,refuse,4,127,
58826.642,conflict-at-land,5,88,
58828.32,refuse,6,135,
58828.661,start,0,123,
58831.885,conflict-at-land,1,126,
58835.128,conflict-at-land,0,123,
58840.407,start,4,127,
58841.642,start,5,88,
58841.929,conflict-at-land,2,120,
58843.32,start,6,135,
58846.885,refuse,1,126,
58849.904,conflict-at-land,4,127,
58850.128,start,0,123,
58850.606,conflict-at-land,6,135,
58854.413,conflict-at-land,0,123,
58856.929,start,2,120,
58861.885,start,1,126,
58864.904,refuse,4,127,
58865.606,refuse,6,135,
58869.413,start,0,123,
58876.933,conflict-at-land,0,123,
58879.904,refuse,4,127,
58880.606,refuse,6,135,
58891.898,conflict-at-land,1,126,
58891.933,start,0,123,
58893.835,conflict-at-land,2,120,
58894.904,start,4,127,
58895.606,start,6,135,
58896.82,conflict-at-land,0,123,
58901.487,conflict-at-land,6,135,
58905.184,conflict-at-land,3,119,
58906.898,refuse,1,126,
58908.835,start,2,120,
58910.479,conflict-at-land,4,127,
58911.82,start,0,123,
58916.487,refuse,6,135,
58917.416,conflict-at-land,5,88,
58918.946,conflict-at-land,0,123,
58920.184,start,3,119,
58921.898,start,1,126,
58925.479,refuse,4,127,
58931.487,refuse,6,135,
58932.416,start,5,88,
58933.946,start,0,123,
58936.835,conflict-at-land,2,120,
58940.479,refuse,4,127,
58941.179,conflict-at-land,0,123,
58946.487,start,6,135,
58951.815,conflict-at-land,6,135,
58951.835,start,2,120,
58952.875,conflict-at-land,1,126,
58955.479,start,4,127,
58956.179,start,0,123,
58963.169,conflict-at-land,0,123,
58965.024,conflict-at-land,4,127,
58966.815,refuse,6,135,
58967.875,start,1,126,
58977.87,conflict-at-land,2,120,
58978.169,start,0,123,
58980.024,refuse,4,127,
58981.815,start,6,135,
58984.992,conflict-at-land,0,123,
58988.385,conflict-at-land,6,135,
58992.87,start,2,120,
58995.024,refuse,4,127,
58997.827,conflict-at-land,1,126,
58999.821,conflict-at-land,5,88,
58999.992,start,0,123,
59003.385,refuse,6,135,
59005.291,conflict-at-land,0,123,
59010.024,start,4,127,
59012.827,refuse,1,126,
59014.821,start,5,88,
59018.385,refuse,6,135,
59020.291,start,0,123,
59021.144,conflict-at-land,4,127,
59024.996,conflict-at-land,0,123,
59027.277,conflict-at-land,2,120,
59027.827,start,1,126,
59033.385,start,6,135,
59036.144,refuse,4,127,
59039.996,start,0,123,
59040.873,conflict-at-land,6,135,
59042.277,start,2,120,
59047.474,conflict-at-land,0,123,
59048.15,conflict-at-land,1,126,
59051.144,start,4,127,
59055.873,refuse,6,135,
59062.474,start,0,123,
59063.15,refuse,1,126,
59066.39,conflict-at-land,4,127,
59066.992,conflict-at-land,3,119,
59067.195,conflict-at-land,0,123,
59070.873,refuse,6,135,
59073.519,conflict-at-land,2,120,
59078.15,start,1,126,
59079.509,conflict-at-land,5,88,
59081.39,refuse,4,127,
59081.992,start,3,119,
59082.195,start,0,123,
59085.873,start,6,135,
59088.465,conflict-at-land,0,123,
59088.519,refuse,2,120,
59093.616,conflict-at-land,6,135,
59094.509,start,5,88,
59096.39,refuse,4,127,
59103.465,start,0,123,
59103.519,start,2,120,
59104.453,conflict-at-land,1,126,
59108.616,refuse,6,135,
59110.125,conflict-at-land,0,123,
59111.39,start,4,127,
59119.453,refuse,1,126,
59123.616,refuse,6,135,
59125.125,start,0,123,
59125.781,conflict-at-land,4,127,
59131.106,conflict-at-land,0,123,
59134.453,start,1,126,
59138.616,refuse,6,135,
59140.781,refuse,4,127,
59142.981,conflict-at-land,2,120,
59146.106,start,0,123,
59152.91,conflict-at-land,0,123,
59153.616,start,6,135,
59155.781,refuse,4,127,
59157.981,refuse,2,120,
59160.386,conflict-at-land,6,135,
59164.088,conflict-at-land,1,126,
59167.91,start,0,123,
59170.781,start,4,127,
59172.962,conflict-at-land,0,123,
59172.981,start,2,120,
59175.386,refuse,6,135,
59179.088,refuse,1,126,
59184.864,conflict-at-land,4,127,
59187.962,start,0,123,
59190.386,refuse,6,135,
59192.383,conflict-at-land,0,123,
59192.473,conflict-at-land,3,119,
59193.832,conflict-at-land,5,88,
59194.088,start,1,126,
59199.864,refuse,4,127,
59205.386,refuse,6,135,
59207.383,start,0,123,
59207.473,start,3,119,
59208.832,start,5,88,
59214.074,conflict-at-land,0,123,
59214.864,refuse,4,127,
59217.297,conflict-at-land,1,126,
59218.752,conflict-at-land,2,120,
59220.386,start,6,135,
59225.728,conflict-at-land,6,135,
59229.074,start,0,123,
59229.864,start,4,127,
59232.297,refuse,1,126,
59233.752,start,2,120,
59234.968,conflict-at-land,0,123,
59240.728,refuse,6,135,
59243.632,conflict-at-land,4,127,
59247.297,start,1,126,
59249.968,start,0,123,
59254.224,conflict-at-land,0,123,
59255.728,refuse,6,135,
59258.632,refuse,4,127,
59265.806,conflict-at-land,1,126,
59269.224,start,0,123,
59270.728,refuse,6,135,
59273.632,start,4,127,
59276.509,conflict-at-land,0,123,
59279.944,conflict-at-land,2,120,
59280.806,refuse,1,126,
59282.289,conflict-at-land,4,127,
59285.728,start,6,135,
59290.231,conflict-at-land,6,135,
59291.509,start,0,123,
59294.944,start,2,120,
59295.806,start,1,126,
59297.022,conflict-at-land,0,123,
59297.289,refuse,4,127,
59305.231,refuse,6,135,
59311.973,conflict-at-land,5,88,
59312.022,start,0,123,
59312.289,refuse,4,127,
59316.319,conflict-at-land,0,123,
59320.231,refuse,6,135,
59320.356,conflict-at-land,2,120,
59325.85,conflict-at-land,1,126,
59326.973,start,5,88,
59327.289,start,4,127,
59331.319,start,0,123,
59335.231,start,6,135,
59335.356,refuse,2,120,
59336.936,conflict-at-land,0,123,
59339.284,conflict-at-land,4,127,
59340.85,start,1,126,
59342.132,conflict-at-land,6,135,
59350.356,start,2,120,
59351.936,start,0,123,
59354.284,refuse,4,127,
59357.132,refuse,6,135,
59359.525,conflict-at-land,0,123,
59369.284,refuse,4,127,
59370.095,conflict-at-land,1,126,
59372.132,refuse,6,135,
59374.525,start,0,123,
59375.999,conflict-at-land,2,120,
59378.089,conflict-at-land,3,119,
59378.969,conflict-at-land,0,123,
59384.284,start,4,127,
59385.095,refuse,1,126,
59387.132,start,6,135,
59390.999,refuse,2,120,
59391.746,conflict-at-land,5,88,
59392.208,conflict-at-land,6,135,
59393.089,start,3,119,
59393.969,start,0,123,
59395.348,conflict-at-land,4,127,
59398.454,conflict-at-land,0,123,
59400.095,start,1,126,
59405.999,start,2,120,
59406.746,start,5,88,
59407.208,refuse,6,135,
59410.348,refuse,4,127,
59413.454,start,0,123,
59420.862,conflict-at-land,0,123,
59422.208,refuse,6,135,
59425.348,refuse,4,127,
59428.445,conflict-at-land,1,126,
59435.862,start,0,123,
59437.208,refuse,6,135,
59438.195,conflict-at-land,2,120,
59440.348,start,4,127,
59441.468,conflict-at-land,0,123,
59443.445,refuse,1,126,
59449.825,conflict-at-land,4,127,
59452.208,start,6,135,
59453.195,refuse,2,120,
59456.468,start,0,123,
59456.904,conflict-at-land,6,135,
59458.445,start,1,126,
59461.964,conflict-at-land,0,123,
59464.825,refuse,4,127,
59468.195,start,2,120,
59471.904,refuse,6,135,
59476.124,conflict-at-land,1,126,
59476.964,start,0,123,
59479.825,start,4,127,
59482.488,conflict-at-land,0,123,
59485.567,conflict-at-land,5,88,
59486.904,refuse,6,135,
59491.124,refuse,1,126,
59493.118,conflict-at-land,4,127,
59497.488,start,0,123,
59500.567,start,5,88,
59501.904,refuse,6,135,
59503.271,conflict-at-land,0,123,
59506.124,start,1,126,
59507.709,conflict-at-land,2,120,
59508.118,refuse,4,127,
59508.655,conflict-at-land,3,119,
59516.904,start,6,135,
59518.271,start,0,123,
59522.709,refuse,2,120,
59523.118,refuse,4,127,
59523.655,start,3,119,
59523.8,conflict-at-land,6,135,
59524.576,conflict-at-land,0,123,
59537.21,conflict-at-land,1,126,
59537.709,start,2,120,
59538.118,start,4,127,
59538.8,refuse,6,135,
59539.576,start,0,123,
59546.333,conflict-at-land,0,123,
59550.35,conflict-at-land,4,127,
59552.21,start,1,126,
59553.8,refuse,6,135,
59561.333,start,0,123,
59564.562,conflict-at-land,5,88,
59565.35,refuse,4,127,
59567.933,conflict-at-land,0,123,
59568.8,refuse,6,135,
59569.869,conflict-at-land,1,126,
59576.886,conflict-at-land,2,120,
59579.562,start,5,88,
59580.35,start,4,127,
59582.933,start,0,123,
59583.8,start,6,135,
59584.869,refuse,1,126,
59588.702,conflict-at-land,6,135,
59589.51,conflict-at-land,0,123,
59591.886,start,2,120,
59594.547,conflict-at-land,4,127,
59599.869,start,1,126,
59603.702,refuse,6,135,
59604.51,start,0,123,
59609.547,refuse,4,127,
59609.595,conflict-at-land,0,123,
59618.702,refuse,6,135,
59624.547,refuse,4,127,
59624.595,start,0,123,
59626.499,conflict-at-land,1,126,
59630.677,conflict-at-land,2,120,
59632.05,conflict-at-land,0,123,
59633.702,start,6,135,
59636.44,conflict-at-land,3,119,
59638.929,conflict-at-land,6,135,
59639.547,start,4,127,
59641.499,refuse,1,126,
59645.677,start,2,120,
59647.05,start,0,123,
59648.409,conflict-at-land,4,127,
59651.44,start,3,119,
59653.929,refuse,6,135,
59654.516,conflict-at-land,0,123,
59656.499,start,1,126,
59663.409,refuse,4,127,
59668.929,refuse,6,135,
59669.516,start,0,123,
59675.152,conflict-at-land,0,123,
59677.043,conflict-at-land,1,126,
59678.409,start,4,127,
59681.082,conflict-at-land,2,120,
59683.929,start,6,135,
59690.043,conflict-at-land,5,88,
59690.152,start,0,123,
59691.504,conflict-at-land,6,135,
59692.043,refuse,1,126,
59693.227,conflict-at-land,4,127,
59695.97,conflict-at-land,0,123,
59696.082,start,2,120,
59705.043,start,5,88,
59706.504,refuse,6,135,
59707.043,start,1,126,
59708.227,refuse,4,127,
59710.97,start,0,123,
59718.374,conflict-at-land,0,123,
59721.504,refuse,6,135,
59723.227,refuse,4,127,
59731.802,conflict-at-land,2,120,
59733.374,start,0,123,
59733.552,conflict-at-land,1,126,
59736.504,start,6,135,
59738.227,start,4,127,
59738.791,conflict-at-land,0,123,
59743.665,conflict-at-land,6,135,
59746.802,start,2,120,
59748.552,refuse,1,126,
59750.219,conflict-at-land,4,127,
59753.791,start,0,123,
59758.665,refuse,6,135,
59760.616,conflict-at-land,0,123,
59763.552,start,1,126,
59765.219,refuse,4,127,
59773.665,refuse,6,135,
59775.616,start,0,123,
59780.219,refuse,4,127,
59780.324,conflict-at-land,5,88,
59780.442,conflict-at-land,0,123,
59786.945,conflict-at-land,2,120,
59788.665,start,6,135,
59789.49,conflict-at-land,1,126,
59795.219,start,4,127,
59795.324,start,5,88,
59795.442,start,0,123,
59796.343,conflict-at-land,6,135,
59800.042,conflict-at-land,0,123,
59801.945,start,2,120,
59803.96,conflict-at-land,4,127,
59804.49,start,1,126,
59811.343,refuse,6,135,
59812.888,conflict-at-land,3,119,
59815.042,start,0,123,
59818.96,refuse,4,127,
59818.96,abandon,4,127,
59818.96,refuse,4,136,
59822.76,conflict-at-land,0,123,
59826.343,refuse,6,135,
59827.888,start,3,119,
59827.892,conflict-at-land,1,126,
59833.96,refuse,4,136,
59837.76,start,0,123,
59841.343,refuse,6,135,
59841.705,conflict-at-land,2,120,
59842.275,conflict-at-land,0,123,
59842.892,start,1,126,
59848.96,start,4,136,
59856.343,refuse,6,135,
59856.705,refuse,2,120,
59856.923,conflict-at-land,4,136,
59857.275,start,0,123,
59859.857,conflict-at-land,1,126,
59864.4,conflict-at-land,0,123,
59867.127,conflict-at-land,5,88,
59871.343,start,6,135,
59871.705,refuse,2,120,
59871.923,refuse,4,136,
59874.857,start,1,126,
59876.835,conflict-at-land,6,135,
59879.4,start,0,123,
59882.127,start,5,88,
59884.654,conflict-at-land,0,123,
59886.705,start,2,120,
59886.923,refuse,4,136,
59891.835,refuse,6,135,
59899.129,conflict-at-land,1,126,
59899.654,start,0,123,
59901.923,refuse,4,136,
59903.858,conflict-at-land,0,123,
59906.835,refuse,6,135,
59914.129,start,1,126,
59916.923,refuse,4,136,
59918.858,start,0,123,
59921.835,refuse,6,135,
59926.449,conflict-at-land,0,123,
59927.681,conflict-at-land,2,120,
59931.923,start,4,136,
59936.835,refuse,6,135,
59938.941,conflict-at-land,1,126,
59939.92,conflict-at-land,4,136,
59941.449,start,0,123,
59942.681,start,2,120,
59943.41,conflict-at-land,3,119,
59947.411,conflict-at-land,0,123,
59951.835,refuse,6,135,
59953.941,start,1,126,
59954.92,refuse,4,136,
59957.821,conflict-at-land,5,88,
59958.41,start,3,119,
59962.411,start,0,123,
59966.835,refuse,6,135,
59969.669,conflict-at-land,0,123,
59969.92,refuse,4,136,
59972.821,start,5,88,
59974.917,conflict-at-land,1,126,
59981.803,conflict-at-land,2,120,
59981.835,start,6,135,
59984.669,start,0,123,
59984.92,refuse,4,136,
59986.869,conflict-at-land,6,135,
59989.917,start,1,126,
59990.588,conflict-at-land,0,123,
59996.803,start,2,120,
59999.92,refuse,4,136,
60001.869,refuse,6,135,
60005.588,start,0,123,
60007.642,conflict-at-land,1,126,
60012.924,conflict-at-land,0,123,
60014.92,refuse,4,136,
60016.869,refuse,6,135,
60022.642,start,1,126,
60022.926,conflict-at-land,2,120,
60027.924,start,0,123,
60029.92,start,4,136,
60031.869,refuse,6,135,
60033.854,conflict-at-land,5,88,
60034.018,conflict-at-land,0,123,
60037.926,refuse,2,120,
60041.374,conflict-at-land,4,136,
60046.869,start,6,135,
60048.854,start,5,88,
60049.018,start,0,123,
60051.017,conflict-at-land,1,126,
60052.926,refuse,2,120,
60054.033,conflict-at-land,6,135,
60054.538,conflict-at-land,0,123,
60054.538,abandon,0,123,
60054.538,start,0,137,
60056.374,refuse,4,136,
60066.017,start,1,126,
60067.926,refuse,2,120,
60068.199,conflict-at-land,0,137,
60069.033,start,6,135,
60071.374,refuse,4,136,
60074.485,conflict-at-land,6,135,
60075.874,conflict-at-land,3,119,
60082.926,start,2,120,
60083.199,refuse,0,137,
60086.374,refuse,4,136,
60087.785,conflict-at-land,1,126,
60089.485,refuse,6,135,
60090.874,start,3,119,
60098.199,refuse,0,137,
60101.374,refuse,4,136,
60102.785,start,1,126,
60104.485,refuse,6,135,
60112.217,conflict-at-land,2,120,
60113.199,start,0,137,
60116.374,refuse,4,136,
60119.485,refuse,6,135,
60127.187,conflict-at-land,0,137,
60127.217,start,2,120,
60131.049,conflict-at-land,1,126,
60131.374,refuse,4,136,
60134.485,refuse,6,135,
60142.187,refuse,0,137,
60146.049,start,1,126,
60146.374,refuse,4,136,
60148.128,conflict-at-land,5,88,
60149.485,refuse,6,135,
60157.187,refuse,0,137,
60161.374,refuse,4,136,
60163.128,start,5,88,
60164.485,refuse,6,135,
60168.839,conflict-at-land,1,126,
60170.601,conflict-at-land,2,120,
60172.187,start,0,137,
60176.374,refuse,4,136,
60179.485,refuse,6,135,
60183.839,start,1,126,
60184.901,conflict-at-land,0,137,
60185.601,start,2,120,
60191.374,refuse,4,136,
60191.739,conflict-at-land,3,119,
60194.485,refuse,6,135,
60199.901,refuse,0,137,
60204.535,conflict-at-land,1,126,
60206.374,refuse,4,136,
60206.739,start,3,119,
60209.485,refuse,6,135,
60214.901,refuse,0,137,
60219.535,start,1,126,
60220.497,conflict-at-land,2,120,
60221.374,start,4,136,
60224.485,refuse,6,135,
60229.901,refuse,0,137,
60231.498,conflict-at-land,4,136,
60235.497,start,2,120,
60239.485,refuse,6,135,
60244.901,refuse,0,137,
60246.498,refuse,4,136,
60248.163,conflict-at-land,1,126,
60254.485,refuse,6,135,
60259.901,refuse,0,137,
60260.626,conflict-at-land,5,88,
60261.498,refuse,4,136,
60261.618,conflict-at-land,2,120,
60263.163,start,1,126,
60269.485,start,6,135,
60274.901,refuse,0,137,
60275.626,start,5,88,
60276.231,conflict-at-land,6,135,
60276.498,start,4,136,
60276.618,refuse,2,120,
60288.113,conflict-at-land,4,136,
60289.901,start,0,137,
60290.106,conflict-at-land,1,126,
60291.231,refuse,6,135,
60291.618,refuse,2,120,
60303.113,refuse,4,136,
60305.106,start,1,126,
60305.433,conflict-at-land,0,137,
60306.231,start,6,135,
60306.618,refuse,2,120,
60311.764,conflict-at-land,6,135,
60317.049,conflict-at-land,3,119,
60318.113,start,4,136,
60320.433,refuse,0,137,
60321.618,refuse,2,120,
60324.434,conflict-at-land,4,136,
60326.764,start,6,135,
60328.932,conflict-at-land,1,126,
60332.049,start,3,119,
60333.72,conflict-at-land,6,135,
60335.433,start,0,137,
60336.618,refuse,2,120,
60339.434,refuse,4,136,
60339.505,conflict-at-land,5,88,
60343.932,start,1,126,
60345.369,conflict-at-land,0,137,
60348.72,start,6,135,
60351.618,refuse,2,120,
60354.372,conflict-at-land,6,135,
60354.434,start,4,136,
60354.505,start,5,88,
60360.369,refuse,0,137,
60361.706,conflict-at-land,1,126,
60365.032,conflict-at-land,4,136,
60366.618,start,2,120,
60369.372,refuse,6,135,
60375.369,refuse,0,137,
60376.706,start,1,126,
60380.032,refuse,4,136,
60384.372,refuse,6,135,
60390.369,refuse,0,137,
60395.032,refuse,4,136,
60399.372,refuse,6,135,
60403.391,conflict-at-land,1,126,
60404.653,conflict-at-land,2,120,
60405.369,start,0,137,
60410.032,refuse,4,136,
60414.372,refuse,6,135,
60415.079,conflict-at-land,0,137,
60418.391,start,1,126,
60419.653,start,2,120,
60425.032,refuse,4,136,
60429.372,refuse,6,135,
60430.079,refuse,0,137,
60432.172,conflict-at-land,5,88,
60440.032,refuse,4,136,
60443.533,conflict-at-land,1,126,
60444.372,refuse,6,135,
60445.079,refuse,0,137,
60447.172,start,5,88,
60448.018,conflict-at-land,2,120,
60455.032,start,4,136,
60458.533,start,1,126,
60459.372,refuse,6,135,
60460.079,refuse,0,137,
60463.018,refuse,2,120,
60463.908,conflict-at-land,4,136,
60474.372,start,6,135,
60475.079,refuse,0,137,
60478.018,refuse,2,120,
60478.908,refuse,4,136,
60480.132,conflict-at-land,6,135,
60488.265,conflict-at-land,1,126,
60490.079,start,0,137,
60493.018,refuse,2,120,
60493.908,refuse,4,136,
60495.132,refuse,6,135,
60495.638,conflict-at-land,3,119,
60501.366,conflict-at-land,0,137,
60503.265,start,1,126,
60508.018,start,2,120,
60508.908,refuse,4,136,
60510.132,refuse,6,135,
60510.638,start,3,119,
60516.366,refuse,0,137,
60523.908,refuse,4,136,
60525.132,refuse,6,135,
60526.418,conflict-at-land,1,126,
60531.366,refuse,0,137,
60538.908,refuse,4,136,
60540.132,refuse,6,135,
60541.418,start,1,126,
60542.75,conflict-at-land,2,120,
60546.366,start,0,137,
60549.914,conflict-at-land,5,88,
60553.908,refuse,4,136,
60554.877,conflict-at-land,0,137,
60555.132,start,6,135,
60557.75,refuse,2,120,
60561.667,conflict-at-land,6,135,
60562.54,conflict-at-land,1,126,
60564.914,start,5,88,
60568.908,start,4,136,
60569.877,refuse,0,137,
60572.75,refuse,2,120,
60576.03,conflict-at-land,4,136,
60576.667,start,6,135,
60577.54,start,1,126,
60582.097,conflict-at-land,6,135,
60584.877,start,0,137,
60587.75,refuse,2,120,
60591.03,refuse,4,136,
60594.953,conflict-at-land,0,137,
60597.097,start,6,135,
60601.153,conflict-at-land,1,126,
60602.75,refuse,2,120,
60604.58,conflict-at-land,6,135,
60606.03,start,4,136,
60609.953,refuse,0,137,
60613.987,conflict-at-land,4,136,
60616.153,start,1,126,
60617.75,start,2,120,
60619.58,refuse,6,135,
60624.953,refuse,0,137,
60628.987,refuse,4,136,
60633.715,conflict-at-land,5,88,
60634.58,refuse,6,135,
60639.953,refuse,0,137,
60643.987,refuse,4,136,
60646.125,conflict-at-land,1,126,
60648.715,start,5,88,
60648.981,conflict-at-land,2,120,
60649.58,start,6,135,
60654.953,refuse,0,137,
60656.8,conflict-at-land,6,135,
60658.987,start,4,136,
60661.125,start,1,126,
60663.981,refuse,2,120,
60667.448,conflict-at-land,4,136,
60669.953,start,0,137,
60671.8,refuse,6,135,
60678.412,conflict-at-land,1,126,
60678.981,refuse,2,120,
60679.093,conflict-at-land,3,119,
60682.448,refuse,4,136,
60682.81,conflict-at-land,0,137,
60686.8,start,6,135,
60693.412,start,1,126,
60693.823,conflict-at-land,6,135,
60693.981,start,2,120,
60694.093,start,3,119,
60697.448,refuse,4,136,
60697.81,refuse,0,137,
60708.823,refuse,6,135,
60710.348,conflict-at-land,5,88,
60712.448,refuse,4,136,
60712.81,refuse,0,137,
60715.997,conflict-at-land,1,126,
60723.823,refuse,6,135,
60725.348,start,5,88,
60727.448,refuse,4,136,
60727.81,refuse,0,137,
60730.997,start,1,126,
60733.959,conflict-at-land,2,120,
60738.823,start,6,135,
60742.448,refuse,4,136,
60742.81,refuse,0,137,
60746.58,conflict-at-land,6,135,
60748.959,start,2,120,
60756.733,conflict-at-land,1,126,
60757.448,refuse,4,136,
60757.81,refuse,0,137,
60761.58,refuse,6,135,
60771.733,start,1,126,
60772.448,refuse,4,136,
60772.81,refuse,0,137,
60776.58,refuse,6,135,
60780.47,conflict-at-land,2,120,
60787.448,start,4,136,
60787.81,refuse,0,137,
60791.58,refuse,6,135,
60794.256,conflict-at-land,4,136,
60795.47,start,2,120,
60800.549,conflict-at-land,1,126,
60800.58,conflict-at-land,5,88,
60802.81,refuse,0,137,
60806.58,refuse,6,135,
60809.256,refuse,4,136,
60815.549,start,1,126,
60815.58,start,5,88,
60817.81,refuse,0,137,
60821.58,refuse,6,135,
60824.256,refuse,4,136,
60832.81,refuse,0,137,
60835.254,conflict-at-land,2,120,
60836.58,start,6,135,
60839.256,refuse,4,136,
60840.029,conflict-at-land,1,126,
60842.652,conflict-at-land,6,135,
60847.81,start,0,137,
60850.254,refuse,2,120,
60854.256,refuse,4,136,
60855.029,start,1,126,
60857.652,refuse,6,135,
60861.309,conflict-at-land,0,137,
60865.254,start,2,120,
60869.256,refuse,4,136,
60872.652,refuse,6,135,
60873.34,conflict-at-land,1,126,
60876.309,refuse,0,137,
60880.687,conflict-at-land,3,119,
60884.256,refuse,4,136,
60887.652,refuse,6,135,
60888.34,start,1,126,
60891.309,refuse,0,137,
60895.687,start,3,119,
60899.256,refuse,4,136,
60902.652,refuse,6,135,
60906.309,refuse,0,137,
60909.141,conflict-at-land,2,120,
60912.76,conflict-at-land,1,126,
60914.256,start,4,136,
60915.502,conflict-at-land,5,88,
60917.652,refuse,6,135,
60921.309,refuse,0,137,
60924.141,refuse,2,120,
60924.665,conflict-at-land,4,136,
60927.76,start,1,126,
60930.502,start,5,88,
60932.652,start,6,135,
60936.309,refuse,0,137,
60939.141,refuse,2,120,
60939.444,conflict-at-land,6,135,
60939.665,start,4,136,
60947.34,conflict-at-land,4,136,
60951.309,start,0,137,
60951.809,conflict-at-land,1,126,
60954.141,refuse,2,120,
60954.444,refuse,6,135,
60960.357,conflict-at-land,0,137,
60962.34,start,4,136,
60966.809,start,1,126,
60969.141,refuse,2,120,
60969.444,refuse,6,135,
60972.557,conflict-at-land,4,136,
60975.357,start,0,137,
60984.141,refuse,2,120,
60984.444,refuse,6,135,
60984.444,abandon,6,135,
60984.444,start,6,138,
60986.174,conflict-at-land,0,137,
60987.557,start,4,136,
60989.798,land,6,138,
60989.798,start,6,139,
60996.578,conflict-at-land,1,126,
60997.508,conflict-at-land,4,136,
60999.141,start,2,120,
61001.174,refuse,0,137,
61001.232,land,6,139,
61001.232,start,6,140,
61005.714,land,6,140,
61005.714,start,6,141,
61011.578,start,1,126,
61011.711,land,6,141,
61011.711,start,6,142,
61012.508,refuse,4,136,
61016.174,refuse,0,137,
61016.634,land,6,142,
61016.634,start,6,143,
61023.147,land,6,143,
61023.147,start,6,144,
61026.266,land,6,144,
61026.266,start,6,145,
61027.508,refuse,4,136,
61031.174,refuse,0,137,
61035.352,conflict-at-land,1,126,
61036.515,conflict-at-land,5,88,
61037.63,conflict-at-land,2,120,
61037.684,land,6,145,
61037.684,start,6,146,
61042.508,start,4,136,
61044.077,land,6,146,
61044.077,start,6,147,
61046.174,refuse,0,137,
61049.443,conflict-at-land,4,136,
61050.352,start,1,126,
61051.515,start,5,88,
61051.552,land,6,147,
61051.552,start,6,148,
61052.63,start,2,120,
61056.026,conflict-at-land,3,119,
61058.935,land,6,148,
61058.935,start,6,149,
61061.174,refuse,0,137,
61064.443,refuse,4,136,
61066.696,land,6,149,
61066.696,start,6,150,
61071.026,start,3,119,
61072.187,conflict-at-land,1,126,
61073.728,land,6,150,
61073.728,start,6,151,
61076.174,refuse,0,137,
61079.443,refuse,4,136,
61081.399,land,6,151,
61081.399,start,6,152,
61087.187,start,1,126,
61088.101,land,6,152,
61088.101,start,6,153,
61090.375,conflict-at-land,2,120,
61091.174,start,0,137,
61094.306,land,6,153,
61094.306,start,6,154,
61094.443,refuse,4,136,
61100.426,land,6,154,
61100.426,start,6,155,
61103.039,conflict-at-land,0,137,
61104.884,conflict-at-land,1,126,
61105.375,start,2,120,
61109.443,refuse,4,136,
61118.039,refuse,0,137,
61119.884,start,1,126,
61124.443,refuse,4,136,
61129.987,conflict-at-land,5,88,
61133.039,refuse,0,137,
61139.443,refuse,4,136,
61144.987,start,5,88,
61147.045,conflict-at-land,1,126,
61148.039,refuse,0,137,
61151.777,conflict-at-land,2,120,
61154.443,start,4,136,
61160.762,conflict-at-land,4,136,
61162.045,start,1,126,
61163.039,start,0,137,
61166.777,refuse,2,120,
61174.795,conflict-at-land,0,137,
61175.762,start,4,136,
61181.777,refuse,2,120,
61183.346,conflict-at-land,4,136,
61185.309,conflict-at-land,1,126,
61189.795,start,0,137,
61196.777,refuse,2,120,
61198.346,refuse,4,136,
61200.309,start,1,126,
61204.83,conflict-at-land,0,137,
61211.777,start,2,120,
61213.346,refuse,4,136,
61217.511,conflict-at-land,1,126,
61219.83,refuse,0,137,
61228.346,refuse,4,136,
61232.511,start,1,126,
61234.83,refuse,0,137,
61236.19,conflict-at-land,3,119,
61243.346,refuse,4,136,
61248.988,conflict-at-land,5,88,
61249.83,refuse,0,137,
61251.19,start,3,119,
61255.111,conflict-at-land,2,120,
61258.346,start,4,136,
61263.572,conflict-at-land,1,126,
61263.988,start,5,88,
61264.791,conflict-at-land,4,136,
61264.83,start,0,137,
61270.111,refuse,2,120,
61273.967,conflict-at-land,0,137,
61278.572,start,1,126,
61279.791,start,4,136,
61285.111,refuse,2,120,
61288.911,conflict-at-land,4,136,
61288.967,start,0,137,
61298.725,conflict-at-land,0,137,
61300.111,start,2,120,
61303.911,refuse,4,136,
61309.075,conflict-at-land,1,126,
61313.725,refuse,0,137,
61318.911,refuse,4,136,
61324.075,start,1,126,
61328.725,refuse,0,137,
61333.911,refuse,4,136,
61340.746,conflict-at-land,2,120,
61343.725,start,0,137,
61347.483,conflict-at-land,5,88,
61348.3,conflict-at-land,1,126,
61348.911,refuse,4,136,
61355.746,refuse,2,120,
61356.111,conflict-at-land,0,137,
61362.483,start,5,88,
61363.3,start,1,126,
61363.911,start,4,136,
61370.746,refuse,2,120,
61371.111,refuse,0,137,
61374.944,conflict-at-land,4,136,
61381.191,conflict-at-land,3,119,
61385.746,start,2,120,
61386.111,refuse,0,137,
61389.944,refuse,4,136,
61394.007,conflict-at-land,1,126,
61396.191,start,3,119,
61401.111,refuse,0,137,
61404.944,refuse,4,136,
61409.007,start,1,126,
61416.111,refuse,0,137,
61419.944,refuse,4,136,
61430.097,conflict-at-land,2,120,
61431.111,start,0,137,
61434.5,conflict-at-land,5,88,
61434.944,refuse,4,136,
61439.325,conflict-at-land,1,126,
61441.189,conflict-at-land,0,137,
61445.097,start,2,120,
61449.5,start,5,88,
61449.944,refuse,4,136,
61454.325,start,1,126,
61456.189,refuse,0,137,
61464.944,refuse,4,136,
61471.189,refuse,0,137,
61474.076,conflict-at-land,1,126,
61479.944,refuse,4,136,
61486.189,refuse,0,137,
61487.041,conflict-at-land,2,120,
61489.076,start,1,126,
61494.944,start,4,136,
61501.189,refuse,0,137,
61502.041,refuse,2,120,
61503.996,conflict-at-land,4,136,
61516.148,conflict-at-land,1,126,
61516.189,start,0,137,
61517.041,refuse,2,120,
61518.996,refuse,4,136,
61526.401,conflict-at-land,0,137,
61531.148,start,1,126,
61531.353,conflict-at-land,5,88,
61532.041,start,2,120,
61533.996,refuse,4,136,
61541.401,refuse,0,137,
61546.353,start,5,88,
61548.996,refuse,4,136,
61555.481,conflict-at-land,1,126,
61556.401,refuse,0,137,
61563.996,refuse,4,136,
61565.953,conflict-at-land,2,120,
61568.336,conflict-at-land,3,119,
61570.481,start,1,126,
61571.401,start,0,137,
61578.996,refuse,4,136,
61580.953,refuse,2,120,
61583.336,start,3,119,
61585.314,conflict-at-land,0,137,
61593.996,start,4,136,
61595.953,refuse,2,120,
61598.271,conflict-at-land,1,126,
61600.314,refuse,0,137,
61602.233,conflict-at-land,4,136,
61610.953,start,2,120,
61613.271,start,1,126,
61615.314,refuse,0,137,
61617.233,refuse,4,136,
61630.314,refuse,0,137,
61632.233,refuse,4,136,
61637.592,conflict-at-land,5,88,
61641.058,conflict-at-land,2,120,
61643.785,conflict-at-land,1,126,
61645.314,start,0,137,
61647.233,refuse,4,136,
61652.592,start,5,88,
61656.058,refuse,2,120,
61658.785,start,1,126,
61660.779,conflict-at-land,0,137,
61662.233,start,4,136,
61671.058,refuse,2,120,
61671.33,conflict-at-land,4,136,
61675.779,start,0,137,
61680.873,conflict-at-land,1,126,
61684.993,conflict-at-land,0,137,
61686.058,start,2,120,
61686.33,refuse,4,136,
61695.873,start,1,126,
61699.993,refuse,0,137,
61701.33,refuse,4,136,
61708.493,conflict-at-land,3,119,
61714.993,refuse,0,137,
61716.33,refuse,4,136,
61722.078,conflict-at-land,1,126,
61723.493,start,3,119,
61725.104,conflict-at-land,2,120,
61725.481,conflict-at-land,5,88,
61729.993,start,0,137,
61731.33,refuse,4,136,
61737.078,start,1,126,
61740.104,refuse,2,120,
61740.481,start,5,88,
61740.495,conflict-at-land,0,137,
61746.33,start,4,136,
61753.3,conflict-at-land,4,136,
61755.104,start,2,120,
61755.495,refuse,0,137,
61763.591,conflict-at-land,1,126,
61768.3,refuse,4,136,
61770.495,refuse,0,137,
61778.591,start,1,126,
61783.3,refuse,4,136,
61785.495,refuse,0,137,
61795.902,conflict-at-land,2,120,
61798.3,start,4,136,
61800.495,refuse,0,137,
61807.889,conflict-at-land,1,126,
61808.599,conflict-at-land,4,136,
61810.902,start,2,120,
61815.495,refuse,0,137,
61822.889,start,1,126,
61823.599,refuse,4,136,
61830.495,refuse,0,137,
61838.599,refuse,4,136,
61842.609,conflict-at-land,3,119,
61843.347,conflict-at-land,1,126,
61845.495,refuse,0,137,
61850.611,conflict-at-land,5,88,
61853.599,refuse,4,136,
61857.517,conflict-at-land,2,120,
61857.609,start,3,119,
61858.347,start,1,126,
61860.495,start,0,137,
61865.611,start,5,88,
61868.599,refuse,4,136,
61872.187,conflict-at-land,0,137,
61872.517,start,2,120,
61883.599,refuse,4,136,
61887.187,refuse,0,137,
61889.083,conflict-at-land,1,126,
61898.599,refuse,4,136,
61902.187,refuse,0,137,
61904.083,start,1,126,
61909.201,conflict-at-land,2,120,
61913.599,start,4,136,
61917.187,refuse,0,137,
61920.023,conflict-at-land,4,136,
61924.201,start,2,120,
61929.224,conflict-at-land,1,126,
61932.187,refuse,0,137,
61935.023,refuse,4,136,
61944.224,start,1,126,
61947.187,refuse,0,137,
61950.023,refuse,4,136,
61950.842,conflict-at-land,2,120,
61962.187,start,0,137,
61962.279,conflict-at-land,1,126,
61962.288,conflict-at-land,5,88,
61965.023,refuse,4,136,
61965.842,refuse,2,120,
61974.838,conflict-at-land,3,119,
61976.813,conflict-at-land,0,137,
61977.279,start,1,126,
61977.288,start,5,88,
61980.023,start,4,136,
61980.842,refuse,2,120,
61987.035,conflict-at-land,4,136,
61989.838,start,3,119,
61991.813,start,0,137,
61995.159,conflict-at-land,1,126,
61995.842,refuse,2,120,
62002.035,refuse,4,136,
62005.021,conflict-at-land,0,137,
62010.159,start,1,126,
62010.842,start,2,120,
62017.035,refuse,4,136,
62020.021,refuse,0,137,
62032.035,refuse,4,136,
62035.021,refuse,0,137,
62038.491,conflict-at-land,1,126,
62047.035,refuse,4,136,
62050.021,refuse,0,137,
62052.046,conflict-at-land,2,120,
62053.491,start,1,126,
62057.61,conflict-at-land,5,88,
62062.035,start,4,136,
62065.021,refuse,0,137,
62067.046,refuse,2,120,
62069.366,conflict-at-land,4,136,
62072.61,start,5,88,
62080.021,start,0,137,
62081.345,conflict-at-land,1,126,
62082.046,refuse,2,120,
62084.366,refuse,4,136,
62095.393,conflict-at-land,0,137,
62096.345,start,1,126,
62097.046,start,2,120,
62099.366,refuse,4,136,
62110.393,refuse,0,137,
62114.366,refuse,4,136,
62119.395,conflict-at-land,1,126,
62125.393,refuse,0,137,
62129.366,refuse,4,136,
62134.395,start,1,126,
62140.071,conflict-at-land,2,120,
62140.393,start,0,137,
62144.366,refuse,4,136,
62145.577,conflict-at-land,3,119,
62151.052,conflict-at-land,0,137,
62155.071,start,2,120,
62156.883,conflict-at-land,5,88,
62159.067,conflict-at-land,1,126,
62159.366,refuse,4,136,
62160.577,start,3,119,
62166.052,refuse,0,137,
62171.883,start,5,88,
62174.067,start,1,126,
62174.366,refuse,4,136,
62181.052,refuse,0,137,
62189.366,refuse,4,136,
62196.052,refuse,0,137,
62200.185,conflict-at-land,2,120,
62201.837,conflict-at-land,1,126,
62204.366,start,4,136,
62211.052,refuse,0,137,
62215.145,conflict-at-land,4,136,
62215.185,start,2,120,
62216.837,start,1,126,
62226.052,refuse,0,137,
62230.145,refuse,4,136,
62241.052,refuse,0,137,
62241.675,conflict-at-land,2,120,
62242.482,conflict-at-land,1,126,
62245.145,start,4,136,
62253.132,conflict-at-land,4,136,
62256.052,start,0,137,
62256.675,refuse,2,120,
62257.482,start,1,126,
62266.341,conflict-at-land,5,88,
62266.45,conflict-at-land,3,119,
62268.132,refuse,4,136,
62269.225,conflict-at-land,0,137,
62271.675,start,2,120,
62274.969,conflict-at-land,1,126,
62281.341,start,5,88,
62281.45,start,3,119,
62283.132,refuse,4,136,
62284.225,refuse,0,137,
62289.969,start,1,126,
62298.132,refuse,4,136,
62299.225,refuse,0,137,
62307.018,conflict-at-land,2,120,
62310.81,conflict-at-land,1,126,
62313.132,start,4,136,
62314.225,refuse,0,137,
62322.018,refuse,2,120,
62323.409,conflict-at-land,4,136,
62325.81,start,1,126,
62329.225,start,0,137,
62337.018,refuse,2,120,
62338.409,refuse,4,136,
62340.406,conflict-at-land,0,137,
62350.849,conflict-at-land,1,126,
62350.849,abandon,1,126,
62350.849,refuse,1,156,
62352.018,start,2,120,
62353.409,refuse,4,136,
62355.406,refuse,0,137,
62365.849,refuse,1,156,
62367.783,conflict-at-land,5,88,
62368.409,refuse,4,136,
62370.406,refuse,0,137,
62380.849,refuse,1,156,
62382.783,start,5,88,
62383.409,refuse,4,136,
62385.406,refuse,0,137,
62387.031,conflict-at-land,2,120,
62395.849,refuse,1,156,
62398.409,start,4,136,
62400.406,refuse,0,137,
62402.031,refuse,2,120,
62405.693,conflict-at-land,3,119,
62407.944,conflict-at-land,4,136,
62410.849,refuse,1,156,
62415.406,start,0,137,
62417.031,refuse,2,120,
62420.693,start,3,119,
62422.944,refuse,4,136,
62425.849,refuse,1,156,
62428.707,conflict-at-land,0,137,
62432.031,start,2,120,
62437.944,refuse,4,136,
62440.849,refuse,1,156,
62443.707,refuse,0,137,
62452.944,refuse,4,136,
62455.849,refuse,1,156,
62458.707,refuse,0,137,
62467.944,refuse,4,136,
62470.849,refuse,1,156,
62473.707,refuse,0,137,
62476.251,conflict-at-land,5,88,
62478.327,conflict-at-land,2,120,
62482.944,start,4,136,
62485.849,refuse,1,156,
62488.707,refuse,0,137,
62489.984,conflict-at-land,4,136,
62491.251,start,5,88,
62493.327,start,2,120,
62500.849,refuse,1,156,
62503.707,refuse,0,137,
62504.984,refuse,4,136,
62515.849,refuse,1,156,
62518.707,refuse,0,137,
62519.984,refuse,4,136,
62530.849,refuse,1,156,
62530.876,conflict-at-land,2,120,
62533.707,start,0,137,
62534.984,refuse,4,136,
62543.012,conflict-at-land,0,137,
62545.849,refuse,1,156,
62545.876,start,2,120,
62549.984,refuse,4,136,
62558.012,refuse,0,137,
62560.849,refuse,1,156,
62564.984,refuse,4,136,
62573.012,refuse,0,137,
62575.849,refuse,1,156,
62576.794,conflict-at-land,2,120,
62577.268,conflict-at-land,5,88,
62579.984,start,4,136,
62587.241,conflict-at-land,4,136,
62588.012,start,0,137,
62590.849,refuse,1,156,
62591.794,refuse,2,120,
62592.268,start,5,88,
62599.271,conflict-at-land,0,137,
62602.225,conflict-at-land,3,119,
62602.241,start,4,136,
62605.849,refuse,1,156,
62606.794,refuse,2,120,
62608.973,conflict-at-land,4,136,
62614.271,start,0,137,
62617.225,start,3,119,
62620.849,refuse,1,156,
62621.794,refuse,2,120,
62623.973,refuse,4,136,
62627.723,conflict-at-land,0,137,
62635.849,refuse,1,156,
62636.794,start,2,120,
62638.973,refuse,4,136,
62642.723,refuse,0,137,
62650.849,refuse,1,156,
62653.973,refuse,4,136,
62657.723,refuse,0,137,
62665.849,refuse,1,156,
62666.894,conflict-at-land,2,120,
62668.973,start,4,136,
62670.645,conflict-at-land,5,88,
62672.723,refuse,0,137,
62676.139,conflict-at-land,4,136,
62680.849,refuse,1,156,
62681.894,start,2,120,
62685.645,start,5,88,
62687.723,refuse,0,137,
62691.139,refuse,4,136,
62695.849,refuse,1,156,
62702.723,refuse,0,137,
62706.139,refuse,4,136,
62710.849,refuse,1,156,
62714.043,conflict-at-land,2,120,
62717.723,start,0,137,
62721.139,refuse,4,136,
62725.849,refuse,1,156,
62726.967,conflict-at-land,0,137,
62729.043,start,2,120,
62736.139,refuse,4,136,
62740.849,refuse,1,156,
62741.967,refuse,0,137,
62751.139,refuse,4,136,
62755.849,refuse,1,156,
62756.967,refuse,0,137,
62766.139,refuse,4,136,
62769.468,conflict-at-land,2,120,
62770.849,refuse,1,156,
62771.967,start,0,137,
62781.139,refuse,4,136,
62783.023,conflict-at-land,3,119,
62784.468,refuse,2,120,
62784.595,conflict-at-land,5,88,
62785.849,refuse,1,156,
62787.187,conflict-at-land,0,137,
62796.139,start,4,136,
62798.023,start,3,119,
62799.468,refuse,2,120,
62799.595,start,5,88,
62800.849,refuse,1,156,
62802.187,refuse,0,137,
62803.848,conflict-at-land,4,136,
62814.468,start,2,120,
62815.849,refuse,1,156,
62817.187,refuse,0,137,
62818.848,refuse,4,136,
62830.849,refuse,1,156,
62832.187,refuse,0,137,
62833.848,refuse,4,136,
62845.849,refuse,1,156,
62847.187,refuse,0,137,
62848.848,refuse,4,136,
62857.885,conflict-at-land,2,120,
62860.849,refuse,1,156,
62862.187,start,0,137,
62863.848,refuse,4,136,
62872.002,conflict-at-land,0,137,
62872.885,start,2,120,
62875.849,refuse,1,156,
62878.848,refuse,4,136,
62887.002,refuse,0,137,
62890.849,refuse,1,156,
62891.222,conflict-at-land,5,88,
62893.848,refuse,4,136,
62899.362,conflict-at-land,2,120,
62902.002,start,0,137,
62905.849,refuse,1,156,
62906.222,start,5,88,
62908.848,refuse,4,136,
62913.45,conflict-at-land,0,137,
62914.362,start,2,120,
62918.643,conflict-at-land,3,119,
62920.849,refuse,1,156,
62923.848,refuse,4,136,
62928.45,refuse,0,137,
62933.643,start,3,119,
62935.849,refuse,1,156,
62938.848,refuse,4,136,
62942.282,conflict-at-land,2,120,
62943.45,start,0,137,
62950.849,refuse,1,156,
62952.311,conflict-at-land,0,137,
62953.848,start,4,136,
62957.282,refuse,2,120,
62963.705,conflict-at-land,4,136,
62965.849,refuse,1,156,
62967.311,start,0,137,
62972.282,refuse,2,120,
62977.624,conflict-at-land,0,137,
62978.705,start,4,136,
62980.849,refuse,1,156,
62985.606,conflict-at-land,4,136,
62987.282,start,2,120,
62988.101,conflict-at-land,5,88,
62992.624,refuse,0,137,
62995.849,refuse,1,156,
63000.606,refuse,4,136,
63003.101,start,5,88,
63007.624,refuse,0,137,
63010.849,refuse,1,156,
63015.606,refuse,4,136,
63020.714,conflict-at-land,2,120,
63022.624,start,0,137,
63025.849,refuse,1,156,
63030.606,refuse,4,136,
63033.576,conflict-at-land,0,137,
63035.714,start,2,120,
63040.849,refuse,1,156,
63045.606,refuse,4,136,
63048.576,refuse,0,137,
63055.849,refuse,1,156,
63060.606,refuse,4,136,
63063.576,refuse,0,137,
63070.849,refuse,1,156,
63074.59,conflict-at-land,2,120,
63075.606,start,4,136,
63078.576,refuse,0,137,
63084.429,conflict-at-land,4,136,
63084.67,conflict-at-land,5,88,
63085.849,refuse,1,156,
63089.59,start,2,120,
63093.576,refuse,0,137,
63099.429,refuse,4,136,
63099.67,start,5,88,
63100.849,refuse,1,156,
63103.83,conflict-at-land,3,119,
63108.576,refuse,0,137,
63114.429,refuse,4,136,
63115.849,refuse,1,156,
63118.83,start,3,119,
63121.555,conflict-at-land,2,120,
63123.576,start,0,137,
63129.429,refuse,4,136,
63130.849,refuse,1,156,
63136.555,refuse,2,120,
63138.078,conflict-at-land,0,137,
63144.429,start,4,136,
63145.849,refuse,1,156,
63151.555,refuse,2,120,
63153.078,refuse,0,137,
63155.287,conflict-at-land,4,136,
63160.849,refuse,1,156,
63166.555,start,2,120,
63168.078,refuse,0,137,
63170.287,refuse,4,136,
63170.888,conflict-at-land,5,88,
63175.849,refuse,1,156,
63183.078,refuse,0,137,
63185.287,refuse,4,136,
63185.287,abandon,4,136,
63185.287,refuse,4,157,
63185.888,start,5,88,
63190.849,refuse,1,156,
63197.103,conflict-at-land,2,120,
63198.078,start,0,137,
63200.287,refuse,4,157,
63205.849,refuse,1,156,
63208.966,conflict-at-land,0,137,
63212.103,start,2,120,
63215.287,refuse,4,157,
63220.849,refuse,1,156,
63223.966,refuse,0,137,
63230.287,refuse,4,157,
63235.849,refuse,1,156,
63238.966,refuse,0,137,
63245.287,refuse,4,157,
63250.849,refuse,1,156,
63251.176,conflict-at-land,2,120,
63251.176,abandon,2,120,
63251.176,refuse,2,158,
63253.966,start,0,137,
63260.287,refuse,4,157,
63262.834,conflict-at-land,0,137,
63265.849,refuse,1,156,
63266.176,refuse,2,158,
63271.315,conflict-at-land,3,119,
63275.287,refuse,4,157,
63277.834,start,0,137,
63280.849,refuse,1,156,
63281.176,refuse,2,158,
63282.129,conflict-at-land,5,88,
63286.315,start,3,119,
63290.287,refuse,4,157,
63291.741,conflict-at-land,0,137,
63295.849,refuse,1,156,
63296.176,refuse,2,158,
63297.129,start,5,88,
63305.287,refuse,4,157,
63306.741,start,0,137,
63310.849,refuse,1,156,
63311.176,refuse,2,158,
63320.287,refuse,4,157,
63321.51,conflict-at-land,0,137,
63325.849,refuse,1,156,
63326.176,refuse,2,158,
63335.287,refuse,4,157,
63336.51,start,0,137,
63340.849,refuse,1,156,
63341.176,refuse,2,158,
63345.837,conflict-at-land,0,137,
63350.287,refuse,4,157,
63355.849,refuse,1,156,
63356.176,refuse,2,158,
63360.837,start,0,137,
63365.287,refuse,4,157,
63370.849,refuse,1,156,
63371.176,refuse,2,158,
63371.652,conflict-at-land,6,155,
63375.281,conflict-at-land,0,137,
63380.287,refuse,4,157,
63385.849,start,1,156,
63386.176,refuse,2,158,
63386.652,refuse,6,155,
63390.281,start,0,137,
63395.287,refuse,4,157,
63397.105,conflict-at-land,5,88,
63400.323,conflict-at-land,0,137,
63401.176,refuse,2,158,
63401.652,refuse,6,155,
63410.287,refuse,4,157,
63412.105,start,5,88,
63415.323,start,0,137,
63416.176,refuse,2,158,
63416.652,refuse,6,155,
63423.338,conflict-at-land,3,119,
63425.287,refuse,4,157,
63429.969,conflict-at-land,0,137,
63431.176,refuse,2,158,
63431.652,refuse,6,155,
63438.338,start,3,119,
63440.287,refuse,4,157,
63444.969,start,0,137,
63446.176,refuse,2,158,
63446.652,refuse,6,155,
63455.287,refuse,4,157,
63458.132,conflict-at-land,0,137,
63461.176,refuse,2,158,
63461.652,refuse,6,155,
63470.287,refuse,4,157,
63473.132,start,0,137,
63476.176,refuse,2,158,
63476.652,refuse,6,155,
63483.752,conflict-at-land,0,137,
63485.287,refuse,4,157,
63491.176,refuse,2,158,
63491.652,refuse,6,155,
63498.752,start,0,137,
63500.287,refuse,4,157,
63506.176,refuse,2,158,
63506.652,refuse,6,155,
63507.219,conflict-at-land,5,88,
63507.219,abandon,5,88,
63507.219,refuse,5,159,
63510.601,conflict-at-land,0,137,
63515.287,refuse,4,157,
63521.176,refuse,2,158,
63521.652,refuse,6,155,
63522.219,refuse,5,159,
63525.601,start,0,137,
63530.287,refuse,4,157,
63535.262,conflict-at-land,0,137,
63536.176,refuse,2,158,
63536.652,refuse,6,155,
63537.219,refuse,5,159,
63542.8,conflict-at-land,3,119,
63545.287,refuse,4,157,
63550.262,start,0,137,
63551.176,refuse,2,158,
63551.652,refuse,6,155,
63552.219,refuse,5,159,
63557.8,start,3,119,
63560.287,refuse,4,157,
63561.539,conflict-at-land,0,137,
63566.176,refuse,2,158,
63566.652,refuse,6,155,
63567.219,refuse,5,159,
63575.287,refuse,4,157,
63576.539,start,0,137,
63581.176,refuse,2,158,
63581.652,refuse,6,155,
63582.219,refuse,5,159,
63586.924,conflict-at-land,0,137,
63590.287,refuse,4,157,
63592.096,conflict-at-land,1,156,
63596.176,refuse,2,158,
63596.652,start,6,155,
63597.219,refuse,5,159,
63601.924,start,0,137,
63605.287,refuse,4,157,
63607.096,refuse,1,156,
63611.176,refuse,2,158,
63611.295,conflict-at-land,0,137,
63612.219,refuse,5,159,
63620.287,refuse,4,157,
63622.096,refuse,1,156,
63626.176,refuse,2,158,
63626.295,start,0,137,
63627.219,refuse,5,159,
63635.287,refuse,4,157,
63637.096,refuse,1,156,
63637.358,conflict-at-land,0,137,
63641.176,refuse,2,158,
63642.219,refuse,5,159,
63650.287,refuse,4,157,
63652.096,refuse,1,156,
63652.358,start,0,137,
63656.176,refuse,2,158,
63657.219,refuse,5,159,
63662.214,conflict-at-land,0,137,
63665.287,refuse,4,157,
63667.096,refuse,1,156,
63671.176,refuse,2,158,
63672.219,refuse,5,159,
63677.214,start,0,137,
63680.287,refuse,4,157,
63682.096,refuse,1,156,
63686.176,refuse,2,158,
63687.219,refuse,5,159,
63688.183,conflict-at-land,0,137,
63695.287,refuse,4,157,
63697.096,refuse,1,156,
63701.176,refuse,2,158,
63702.219,refuse,5,159,
63703.183,start,0,137,
63710.287,refuse,4,157,
63712.096,refuse,1,156,
63714.567,conflict-at-land,0,137,
63716.176,refuse,2,158,
63717.219,refuse,5,159,
63725.287,refuse,4,157,
63727.096,refuse,1,156,
63729.567,start,0,137,
63731.176,refuse,2,158,
63732.219,refuse,5,159,
63735.803,conflict-at-land,3,119,
63740.287,refuse,4,157,
63741.765,conflict-at-land,0,137,
63742.096,refuse,1,156,
63746.176,refuse,2,158,
63747.219,refuse,5,159,
63750.803,start,3,119,
63755.287,refuse,4,157,
63756.765,start,0,137,
63757.096,refuse,1,156,
63761.176,refuse,2,158,
63762.219,refuse,5,159,
63769.624,conflict-at-land,0,137,
63770.287,refuse,4,157,
63772.096,refuse,1,156,
63776.176,refuse,2,158,
63777.219,refuse,5,159,
63784.624,start,0,137,
63785.287,refuse,4,157,
63787.096,refuse,1,156,
63791.176,refuse,2,158,
63792.219,refuse,5,159,
63793.149,conflict-at-land,0,137,
63800.287,refuse,4,157,
63802.096,refuse,1,156,
63806.176,refuse,2,158,
63807.219,refuse,5,159,
63808.149,start,0,137,
63815.287,refuse,4,157,
63817.096,refuse,1,156,
63820.066,conflict-at-land,0,137,
63821.176,refuse,2,158,
63822.219,refuse,5,159,
63830.287,refuse,4,157,
63832.096,refuse,1,156,
63835.066,start,0,137,
63836.176,refuse,2,158,
63837.219,refuse,5,159,
63845.287,refuse,4,157,
63847.096,refuse,1,156,
63850.616,conflict-at-land,0,137,
63850.616,abandon,0,137,
63850.616,refuse,0,160,
63851.176,refuse,2,158,
63852.219,refuse,5,159,
63860.287,refuse,4,157,
63862.096,refuse,1,156,
63865.616,refuse,0,160,
63866.176,refuse,2,158,
63867.219,refuse,5,159,
63875.287,refuse,4,157,
63877.096,refuse,1,156,
63880.616,refuse,0,160,
63881.176,refuse,2,158,
63882.219,refuse,5,159,
63890.287,refuse,4,157,
63892.096,refuse,1,156,
63895.616,refuse,0,160,
63896.176,refuse,2,158,
63897.219,refuse,5,159,
63905.28,conflict-at-land,3,119,
63905.287,refuse,4,157,
63907.096,refuse,1,156,
63910.616,start,0,160,
63911.176,refuse,2,158,
63912.219,refuse,5,159,
63920.28,refuse,3,119,
63920.287,refuse,4,157,
63922.096,refuse,1,156,
63926.176,refuse,2,158,
63927.219,refuse,5,159,
63935.28,refuse,3,119,
63935.287,refuse,4,157,
63937.096,refuse,1,156,
63941.176,refuse,2,158,
63942.219,refuse,5,159,
63950.28,refuse,3,119,
63950.287,refuse,4,157,
63952.096,refuse,1,156,
63956.176,refuse,2,158,
63957.219,refuse,5,159,
63965.28,refuse,3,119,
63965.287,refuse,4,157,
63967.096,refuse,1,156,
63971.176,refuse,2,158,
63972.219,refuse,5,159,
63980.28,refuse,3,119,
63980.287,refuse,4,157,
63982.096,refuse,1,156,
63986.176,refuse,2,158,
63987.219,refuse,5,159,
63995.28,refuse,3,119,
63995.287,refuse,4,157,
63997.096,refuse,1,156,
64001.176,refuse,2,158,
64002.219,refuse,5,159,
64010.28,refuse,3,119,
64010.287,refuse,4,157,
64012.096,refuse,1,156,
64016.176,refuse,2,158,
64017.219,refuse,5,159,
64025.28,refuse,3,119,
64025.287,refuse,4,157,
64027.096,refuse,1,156,
64031.176,refuse,2,158,
64032.219,refuse,5,159,
64040.28,refuse,3,119,
64040.287,refuse,4,157,
64042.096,refuse,1,156,
64046.176,refuse,2,158,
64047.219,refuse,5,159,
64055.28,refuse,3,119,
64055.287,refuse,4,157,
64057.096,refuse,1,156,
64061.176,refuse,2,158,
64062.219,refuse,5,159,
64070.28,refuse,3,119,
64070.287,refuse,4,157,
64072.096,refuse,1,156,
64076.176,refuse,2,158,
64077.219,refuse,5,159,
64078.77,conflict-at-land,0,160,
64085.28,start,3,119,
64085.287,refuse,4,157,
64087.096,refuse,1,156,
64091.176,refuse,2,158,
64092.219,refuse,5,159,
64093.77,refuse,0,160,
64100.287,refuse,4,157,
64102.096,refuse,1,156,
64106.176,refuse,2,158,
64107.219,refuse,5,159,
64108.77,refuse,0,160,
64115.287,refuse,4,157,
64117.096,refuse,1,156,
64121.176,refuse,2,158,
64122.219,refuse,5,159,
64123.77,refuse,0,160,
64130.287,refuse,4,157,
64132.096,refuse,1,156,
64136.176,refuse,2,158,
64137.219,refuse,5,159,
64138.77,refuse,0,160,
64145.287,refuse,4,157,
64147.096,refuse,1,156,
64151.176,refuse,2,158,
64152.219,refuse,5,159,
64153.77,refuse,0,160,
64160.287,refuse,4,157,
64162.096,refuse,1,156,
64166.176,refuse,2,158,
64167.219,refuse,5,159,
64168.77,refuse,0,160,
64175.287,refuse,4,157,
64177.096,refuse,1,156,
64181.176,refuse,2,158,
64182.219,refuse,5,159,
64183.77,refuse,0,160,
64190.287,refuse,4,157,
64192.096,refuse,1,156,
64196.176,refuse,2,158,
64197.219,refuse,5,159,
64198.77,refuse,0,160,
64205.287,refuse,4,157,
64207.096,refuse,1,156,
64211.176,refuse,2,158,
64212.219,refuse,5,159,
64213.77,refuse,0,160,
64220.287,refuse,4,157,
64222.096,refuse,1,156,
64226.176,refuse,2,158,
64227.219,refuse,5,159,
64228.77,refuse,0,160,
64235.287,refuse,4,157,
64237.096,refuse,1,156,
64241.176,refuse,2,158,
64241.944,conflict-at-land,3,119,
64242.219,refuse,5,159,
64243.77,start,0,160,
64250.287,refuse,4,157,
64252.096,refuse,1,156,
64256.176,refuse,2,158,
64256.944,refuse,3,119,
64257.219,refuse,5,159,
64265.287,refuse,4,157,
64267.096,refuse,1,156,
64271.176,refuse,2,158,
64271.944,refuse,3,119,
64272.219,refuse,5,159,
64280.287,refuse,4,157,
64282.096,refuse,1,156,
64286.176,refuse,2,158,
64286.944,refuse,3,119,
64287.219,refuse,5,159,
64295.287,refuse,4,157,
64297.096,refuse,1,156,
64301.176,refuse,2,158,
64301.944,refuse,3,119,
64302.219,refuse,5,159,
64310.287,refuse,4,157,
64312.096,refuse,1,156,
64316.176,refuse,2,158,
64316.944,refuse,3,119,
64317.219,refuse,5,159,
64325.287,refuse,4,157,
64327.096,refuse,1,156,
64331.176,refuse,2,158,
64331.944,refuse,3,119,
64332.219,refuse,5,159,
64340.287,refuse,4,157,
64342.096,refuse,1,156,
64346.176,refuse,2,158,
64346.944,refuse,3,119,
64347.219,refuse,5,159,
64355.287,refuse,4,157,
64357.096,refuse,1,156,
64361.176,refuse,2,158,
64361.944,refuse,3,119,
64362.219,refuse,5,159,
64370.287,refuse,4,157,
64372.096,refuse,1,156,
64376.176,refuse,2,158,
64376.944,refuse,3,119,
64377.219,refuse,5,159,
64385.287,refuse,4,157,
64387.096,refuse,1,156,
64391.176,refuse,2,158,
64391.944,refuse,3,119,
64392.219,refuse,5,159,
64397.381,conflict-at-land,0,160,
64400.287,refuse,4,157,
64402.096,refuse,1,156,
64406.176,refuse,2,158,
64406.944,start,3,119,
64407.219,refuse,5,159,
64412.381,refuse,0,160,
64415.287,refuse,4,157,
64417.096,refuse,1,156,
64421.176,refuse,2,158,
64422.219,refuse,5,159,
64427.381,refuse,0,160,
64430.287,refuse,4,157,
64432.096,refuse,1,156,
64436.176,refuse,2,158,
64437.219,refuse,5,159,
64442.381,refuse,0,160,
64445.287,refuse,4,157,
64447.096,refuse,1,156,
64451.176,refuse,2,158,
64452.219,refuse,5,159,
64457.381,refuse,0,160,
64460.287,refuse,4,157,
64462.096,refuse,1,156,
64466.176,refuse,2,158,
64467.219,refuse,5,159,
64472.381,refuse,0,160,
64475.287,refuse,4,157,
64477.096,refuse,1,156,
64481.176,refuse,2,158,
64482.219,refuse,5,159,
64487.381,refuse,0,160,
64490.287,refuse,4,157,
64492.096,refuse,1,156,
64496.176,refuse,2,158,
64497.219,refuse,5,159,
64502.381,refuse,0,160,
64505.287,refuse,4,157,
64507.096,refuse,1,156,
64511.176,refuse,2,158,
64512.219,refuse,5,159,
64517.381,refuse,0,160,
64520.287,refuse,4,157,
64522.096,refuse,1,156,
64526.176,refuse,2,158,
64527.219,refuse,5,159,
64532.381,refuse,0,160,
64535.287,refuse,4,157,
64536.174,conflict-at-land,3,119,
64537.096,refuse,1,156,
64541.176,refuse,2,158,
64542.219,refuse,5,159,
64547.381,start,0,160,
64550.287,refuse,4,157,
64551.174,refuse,3,119,
64552.096,refuse,1,156,
64556.176,refuse,2,158,
64557.219,refuse,5,159,
64565.287,refuse,4,157,
64566.174,refuse,3,119,
64567.096,refuse,1,156,
64571.176,refuse,2,158,
64572.219,refuse,5,159,
64580.287,refuse,4,157,
64581.174,refuse,3,119,
64582.096,refuse,1,156,
64586.176,refuse,2,158,
64587.219,refuse,5,159,
64595.287,refuse,4,157,
64596.174,refuse,3,119,
64597.096,refuse,1,156,
64601.176,refuse,2,158,
64602.219,refuse,5,159,
64610.287,refuse,4,157,
64611.174,refuse,3,119,
64612.096,refuse,1,156,
64616.176,refuse,2,158,
64617.219,refuse,5,159,
64625.287,refuse,4,157,
64626.174,refuse,3,119,
64627.096,refuse,1,156,
64631.176,refuse,2,158,
64632.219,refuse,5,159,
64640.287,refuse,4,157,
64641.174,refuse,3,119,
64642.096,refuse,1,156,
64646.176,refuse,2,158,
64646.632,conflict-at-land,0,160,
64647.219,refuse,5,159,
64655.287,refuse,4,157,
64656.174,start,3,119,
64657.096,refuse,1,156,
64661.176,refuse,2,158,
64661.632,refuse,0,160,
64662.219,refuse,5,159,
64670.287,refuse,4,157,
64672.096,refuse,1,156,
64676.176,refuse,2,158,
64676.632,refuse,0,160,
64677.219,refuse,5,159,
64685.287,refuse,4,157,
64687.096,refuse,1,156,
64691.176,refuse,2,158,
64691.632,refuse,0,160,
64692.219,refuse,5,159,
64700.287,refuse,4,157,
64702.096,refuse,1,156,
64706.176,refuse,2,158,
64706.632,refuse,0,160,
64707.219,refuse,5,159,
64715.287,refuse,4,157,
64717.096,refuse,1,156,
64721.176,refuse,2,158,
64721.632,refuse,0,160,
64722.219,refuse,5,159,
64730.287,refuse,4,157,
64732.096,refuse,1,156,
64736.176,refuse,2,158,
64736.632,refuse,0,160,
64737.219,refuse,5,159,
64745.287,refuse,4,157,
64747.096,refuse,1,156,
64751.176,refuse,2,158,
64751.632,refuse,0,160,
64752.219,refuse,5,159,
64760.287,refuse,4,157,
64762.096,refuse,1,156,
64766.176,refuse,2,158,
64766.632,refuse,0,160,
64767.219,refuse,5,159,
64775.287,refuse,4,157,
64777.096,refuse,1,156,
64777.411,conflict-at-land,3,119,
64781.176,refuse,2,158,
64781.632,start,0,160,
64782.219,refuse,5,159,
64790.287,refuse,4,157,
64792.096,refuse,1,156,
64792.411,refuse,3,119,
64796.176,refuse,2,158,
64797.219,refuse,5,159,
64805.287,refuse,4,157,
64807.096,refuse,1,156,
64807.411,refuse,3,119,
64811.176,refuse,2,158,
64812.219,refuse,5,159,
64820.287,refuse,4,157,
64822.096,refuse,1,156,
64822.411,refuse,3,119,
64826.176,refuse,2,158,
64827.219,refuse,5,159,
64835.287,refuse,4,157,
64837.096,refuse,1,156,
64837.411,refuse,3,119,
64841.176,refuse,2,158,
64842.219,refuse,5,159,
64850.287,refuse,4,157,
64852.096,refuse,1,156,
64852.411,refuse,3,119,
64856.176,refuse,2,158,
64857.219,refuse,5,159,
64865.287,refuse,4,157,
64867.096,refuse,1,156,
64867.411,refuse,3,119,
64871.176,refuse,2,158,
64872.219,refuse,5,159,
64880.287,refuse,4,157,
64882.096,refuse,1,156,
64882.411,refuse,3,119,
64886.176,refuse,2,158,
64887.219,refuse,5,159,
64895.287,refuse,4,157,
64897.096,refuse,1,156,
64897.411,refuse,3,119,
64901.176,refuse,2,158,
64902.219,refuse,5,159,
64910.287,refuse,4,157,
64912.096,refuse,1,156,
64912.411,refuse,3,119,
64916.176,refuse,2,158,
64917.219,refuse,5,159,
64925.287,refuse,4,157,
64927.096,refuse,1,156,
64927.411,refuse,3,119,
64931.176,refuse,2,158,
64932.219,refuse,5,159,
64940.287,refuse,4,157,
64942.096,refuse,1,156,
64942.411,refuse,3,119,
64946.176,refuse,2,158,
64947.219,refuse,5,159,
64955.287,refuse,4,157,
64955.654,conflict-at-land,0,160,
64957.096,refuse,1,156,
64957.411,start,3,119,
64961.176,refuse,2,158,
64962.219,refuse,5,159,
64970.287,refuse,4,157,
64970.654,refuse,0,160,
64972.096,refuse,1,156,
64976.176,refuse,2,158,
64977.219,refuse,5,159,
64985.287,refuse,4,157,
64985.654,refuse,0,160,
64987.096,refuse,1,156,
64991.176,refuse,2,158,
64992.219,refuse,5,159,
65000.287,refuse,4,157,
65000.654,refuse,0,160,
65002.096,refuse,1,156,
65006.176,refuse,2,158,
65007.219,refuse,5,159,
65015.287,refuse,4,157,
65015.654,refuse,0,160,
65017.096,refuse,1,156,
65021.176,refuse,2,158,
65022.219,refuse,5,159,
65030.287,refuse,4,157,
65030.654,refuse,0,160,
65032.096,refuse,1,156,
65036.176,refuse,2,158,
65037.219,refuse,5,159,
65045.287,refuse,4,157,
65045.654,refuse,0,160,
65047.096,refuse,1,156,
65051.176,refuse,2,158,
65052.219,refuse,5,159,
65060.287,refuse,4,157,
65060.654,refuse,0,160,
65062.096,refuse,1,156,
65066.176,refuse,2,158,
65067.219,refuse,5,159,
65075.287,refuse,4,157,
65075.654,refuse,0,160,
65077.096,refuse,1,156,
65081.176,refuse,2,158,
65082.219,refuse,5,159,
65090.287,refuse,4,157,
65090.654,refuse,0,160,
65092.096,refuse,1,156,
65092.264,conflict-at-land,3,119,
65096.176,refuse,2,158,
65097.219,refuse,5,159,
65105.287,refuse,4,157,
65105.654,start,0,160,
65107.096,refuse,1,156,
65107.264,refuse,3,119,
65111.176,refuse,2,158,
65112.219,refuse,5,159,
65120.287,refuse,4,157,
65122.096,refuse,1,156,
65122.264,refuse,3,119,
65126.176,refuse,2,158,
65127.219,refuse,5,159,
65135.287,refuse,4,157,
65137.096,refuse,1,156,
65137.264,refuse,3,119,
65141.176,refuse,2,158,
65142.219,refuse,5,159,
65150.287,refuse,4,157,
65152.096,refuse,1,156,
65152.264,refuse,3,119,
65156.176,refuse,2,158,
65157.219,refuse,5,159,
65165.287,refuse,4,157,
65167.096,refuse,1,156,
65167.264,refuse,3,119,
65171.176,refuse,2,158,
65172.219,refuse,5,159,
65180.287,refuse,4,157,
65182.096,refuse,1,156,
65182.264,refuse,3,119,
65186.176,refuse,2,158,
65187.219,refuse,5,159,
65195.287,refuse,4,157,
65197.096,refuse,1,156,
65197.264,refuse,3,119,
65201.176,refuse,2,158,
65202.219,refuse,5,159,
65210.287,refuse,4,157,
65212.096,refuse,1,156,
65212.264,refuse,3,119,
65216.176,refuse,2,158,
65217.219,refuse,5,159,
65225.287,refuse,4,157,
65227.096,refuse,1,156,
65227.264,refuse,3,119,
65231.176,refuse,2,158,
65232.219,refuse,5,159,
65240.287,refuse,4,157,
65242.007,conflict-at-land,0,160,
65242.096,refuse,1,156,
65242.264,start,3,119,
65246.176,refuse,2,158,
65247.219,refuse,5,159,
65255.287,refuse,4,157,
65257.007,refuse,0,160,
65257.096,refuse,1,156,
65261.176,refuse,2,158,
65262.219,refuse,5,159,
65265.246,conflict-at-land,6,155,
65270.287,refuse,4,157,
65272.007,refuse,0,160,
65272.096,start,1,156,
65276.176,refuse,2,158,
65277.219,refuse,5,159,
65280.246,refuse,6,155,
65285.287,refuse,4,157,
65287.007,refuse,0,160,
65291.176,refuse,2,158,
65292.219,refuse,5,159,
65295.246,refuse,6,155,
65300.287,refuse,4,157,
65302.007,refuse,0,160,
65306.176,refuse,2,158,
65307.219,refuse,5,159,
65310.246,refuse,6,155,
65315.287,refuse,4,157,
65317.007,refuse,0,160,
65321.176,refuse,2,158,
65322.219,refuse,5,159,
65325.246,refuse,6,155,
65330.287,refuse,4,157,
65332.007,refuse,0,160,
65336.176,refuse,2,158,
65337.219,refuse,5,159,
65340.246,refuse,6,155,
65345.287,refuse,4,157,
65347.007,refuse,0,160,
65351.176,refuse,2,158,
65352.219,refuse,5,159,
65355.246,refuse,6,155,
65360.287,refuse,4,157,
65362.007,refuse,0,160,
65366.176,refuse,2,158,
65367.219,refuse,5,159,
65368.807,conflict-at-land,3,119,
65370.246,refuse,6,155,
65375.287,refuse,4,157,
65377.007,start,0,160,
65381.176,refuse,2,158,
65382.219,refuse,5,159,
65383.807,refuse,3,119,
65385.246,refuse,6,155,
65387.577,conflict-at-land,1,156,
65390.287,refuse,4,157,
65396.176,refuse,2,158,
65397.219,refuse,5,159,
65398.807,refuse,3,119,
65400.246,start,6,155,
65402.577,refuse,1,156,
65405.287,refuse,4,157,
65411.176,refuse,2,158,
65412.219,refuse,5,159,
65413.807,refuse,3,119,
65417.577,refuse,1,156,
65420.287,refuse,4,157,
65426.176,refuse,2,158,
65427.219,refuse,5,159,
65428.807,refuse,3,119,
65432.577,refuse,1,156,
65435.287,refuse,4,157,
65441.176,refuse,2,158,
65442.219,refuse,5,159,
65443.807,refuse,3,119,
65447.577,refuse,1,156,
65450.287,refuse,4,157,
65456.176,refuse,2,158,
65457.219,refuse,5,159,
65458.807,refuse,3,119,
65462.577,refuse,1,156,
65465.287,refuse,4,157,
65471.176,refuse,2,158,
65472.219,refuse,5,159,
65473.807,refuse,3,119,
65477.577,refuse,1,156,
65480.287,refuse,4,157,
65486.176,refuse,2,158,
65487.219,refuse,5,159,
65488.807,refuse,3,119,
65492.577,refuse,1,156,
65495.287,refuse,4,157,
65501.176,refuse,2,158,
65502.219,refuse,5,159,
65503.807,refuse,3,119,
65507.577,refuse,1,156,
65510.287,refuse,4,157,
65516.176,refuse,2,158,
65517.219,refuse,5,159,
65518.807,refuse,3,119,
65519.105,conflict-at-land,0,160,
65522.577,refuse,1,156,
65525.287,refuse,4,157,
65531.176,refuse,2,158,
65532.219,refuse,5,159,
65533.807,start,3,119,
65534.105,refuse,0,160,
65537.577,refuse,1,156,
65540.287,refuse,4,157,
65546.176,refuse,2,158,
65547.219,refuse,5,159,
65549.105,refuse,0,160,
65552.577,refuse,1,156,
65555.287,refuse,4,157,
65561.176,refuse,2,158,
65562.219,refuse,5,159,
65564.105,refuse,0,160,
65567.577,refuse,1,156,
65570.287,refuse,4,157,
65576.176,refuse,2,158,
65577.219,refuse,5,159,
65579.105,refuse,0,160,
65582.577,refuse,1,156,
65585.287,refuse,4,157,
65591.176,refuse,2,158,
65592.219,refuse,5,159,
65594.105,refuse,0,160,
65597.577,refuse,1,156,
65600.287,refuse,4,157,
65606.176,refuse,2,158,
65607.219,refuse,5,159,
65609.105,refuse,0,160,
65612.577,refuse,1,156,
65615.287,refuse,4,157,
65621.176,refuse,2,158,
65622.219,refuse,5,159,
65624.105,refuse,0,160,
65627.577,refuse,1,156,
65630.287,refuse,4,157,
65636.176,refuse,2,158,
65637.219,refuse,5,159,
65639.105,refuse,0,160,
65642.577,refuse,1,156,
65645.287,refuse,4,157,
65651.176,refuse,2,158,
65652.219,refuse,5,159,
65654.105,refuse,0,160,
65657.577,refuse,1,156,
65660.287,refuse,4,157,
65666.176,refuse,2,158,
65667.219,refuse,5,159,
65669.105,refuse,0,160,
65672.577,refuse,1,156,
65672.577,abandon,1,156,
65672.577,refuse,1,161,
65675.287,refuse,4,157,
65681.176,refuse,2,158,
65682.219,refuse,5,159,
65684.105,refuse,0,160,
65687.577,refuse,1,161,
65690.287,refuse,4,157,
65696.176,refuse,2,158,
65697.219,refuse,5,159,
65699.105,refuse,0,160,
65702.577,refuse,1,161,
65704.347,conflict-at-land,3,119,
65705.287,refuse,4,157,
65711.176,refuse,2,158,
65712.219,refuse,5,159,
65714.105,start,0,160,
65717.577,refuse,1,161,
65719.347,refuse,3,119,
65720.287,refuse,4,157,
65726.176,refuse,2,158,
65727.219,refuse,5,159,
65732.577,refuse,1,161,
65734.347,refuse,3,119,
65735.287,refuse,4,157,
65741.176,refuse,2,158,
65742.219,refuse,5,159,
65747.577,refuse,1,161,
65749.347,refuse,3,119,
65750.287,refuse,4,157,
65756.176,refuse,2,158,
65757.219,refuse,5,159,
65762.577,refuse,1,161,
65764.347,refuse,3,119,
65765.287,refuse,4,157,
65771.176,refuse,2,158,
65772.219,refuse,5,159,
65777.577,refuse,1,161,
65779.347,refuse,3,119,
65780.287,refuse,4,157,
65786.176,refuse,2,158,
65787.219,refuse,5,159,
65792.577,refuse,1,161,
65794.347,refuse,3,119,
65795.287,refuse,4,157,
65801.176,refuse,2,158,
65802.219,refuse,5,159,
65807.577,refuse,1,161,
65809.347,refuse,3,119,
65810.287,refuse,4,157,
65816.176,refuse,2,158,
65817.219,refuse,5,159,
65822.577,refuse,1,161,
65824.347,refuse,3,119,
65825.287,refuse,4,157,
65831.176,refuse,2,158,
65832.219,refuse,5,159,
65837.577,refuse,1,161,
65839.347,refuse,3,119,
65840.287,refuse,4,157,
65846.176,refuse,2,158,
65847.219,refuse,5,159,
65852.577,refuse,1,161,
65854.347,refuse,3,119,
65855.287,refuse,4,157,
65858.173,conflict-at-land,0,160,
65861.176,refuse,2,158,
65862.219,refuse,5,159,
65867.577,start,1,161,
65869.347,refuse,3,119,
65870.287,refuse,4,157,
65873.173,refuse,0,160,
65876.176,refuse,2,158,
65876.816,conflict-at-land,1,161,
65877.219,refuse,5,159,
65884.347,start,3,119,
65885.287,refuse,4,157,
65888.173,refuse,0,160,
65891.176,refuse,2,158,
65891.816,refuse,1,161,
65892.219,refuse,5,159,
65900.287,refuse,4,157,
65903.173,refuse,0,160,
65906.176,refuse,2,158,
65906.816,refuse,1,161,
65907.219,refuse,5,159,
65915.287,refuse,4,157,
65918.173,refuse,0,160,
65921.176,refuse,2,158,
65921.816,refuse,1,161,
65922.219,refuse,5,159,
65930.287,refuse,4,157,
65933.173,refuse,0,160,
65936.176,refuse,2,158,
65936.816,refuse,1,161,
65937.219,refuse,5,159,
65945.287,refuse,4,157,
65948.173,refuse,0,160,
65951.176,refuse,2,158,
65951.816,refuse,1,161,
65952.219,refuse,5,159,
65960.287,refuse,4,157,
65963.173,refuse,0,160,
65966.176,refuse,2,158,
65966.816,refuse,1,161,
65967.219,refuse,5,159,
65975.287,refuse,4,157,
65978.173,refuse,0,160,
65981.176,refuse,2,158,
65981.816,refuse,1,161,
65982.219,refuse,5,159,
65990.287,refuse,4,157,
65993.173,refuse,0,160,
65996.176,refuse,2,158,
65996.816,refuse,1,161,
65997.219,refuse,5,159,
66004.075,conflict-at-land,3,119,
66005.287,refuse,4,157,
66008.173,start,0,160,
66011.176,refuse,2,158,
66011.816,refuse,1,161,
66012.219,refuse,5,159,
66019.075,refuse,3,119,
66020.287,refuse,4,157,
66026.176,refuse,2,158,
66026.816,refuse,1,161,
66027.219,refuse,5,159,
66034.075,refuse,3,119,
66035.287,refuse,4,157,
66041.176,refuse,2,158,
66041.816,refuse,1,161,
66042.219,refuse,5,159,
66049.075,refuse,3,119,
66050.287,refuse,4,157,
66056.176,refuse,2,158,
66056.816,refuse,1,161,
66057.219,refuse,5,159,
66064.075,refuse,3,119,
66065.287,refuse,4,157,
66071.176,refuse,2,158,
66071.816,refuse,1,161,
66072.219,refuse,5,159,
66079.075,refuse,3,119,
66080.287,refuse,4,157,
66086.176,refuse,2,158,
66086.816,refuse,1,161,
66087.219,refuse,5,159,
66094.075,refuse,3,119,
66095.287,refuse,4,157,
66101.176,refuse,2,158,
66101.816,refuse,1,161,
66102.219,refuse,5,159,
66109.049,conflict-at-land,0,160,
66109.075,start,3,119,
66110.287,refuse,4,157,
66116.176,refuse,2,158,
66116.816,refuse,1,161,
66117.219,refuse,5,159,
66124.049,refuse,0,160,
66125.287,refuse,4,157,
66131.176,refuse,2,158,
66131.816,refuse,1,161,
66132.219,refuse,5,159,
66139.049,refuse,0,160,
66140.287,refuse,4,157,
66146.176,refuse,2,158,
66146.816,refuse,1,161,
66147.219,refuse,5,159,
66154.049,refuse,0,160,
66155.287,refuse,4,157,
66161.176,refuse,2,158,
66161.816,refuse,1,161,
66162.219,refuse,5,159,
66169.049,refuse,0,160,
66170.287,refuse,4,157,
66176.176,refuse,2,158,
66176.816,refuse,1,161,
66177.219,refuse,5,159,
66184.049,refuse,0,160,
66185.287,refuse,4,157,
66185.287,abandon,4,157,
66185.287,refuse,4,162,
66191.176,refuse,2,158,
66191.816,refuse,1,161,
66192.219,refuse,5,159,
66199.049,refuse,0,160,
66200.287,refuse,4,162,
66206.176,refuse,2,158,
66206.816,refuse,1,161,
66207.219,refuse,5,159,
66214.049,refuse,0,160,
66215.287,refuse,4,162,
66221.176,refuse,2,158,
66221.816,refuse,1,161,
66222.219,refuse,5,159,
66223.883,conflict-at-land,3,119,
66229.049,start,0,160,
66230.287,refuse,4,162,
66236.176,refuse,2,158,
66236.816,refuse,1,161,
66237.219,refuse,5,159,
66238.883,refuse,3,119,
66245.287,refuse,4,162,
66251.176,refuse,2,158,
66251.176,abandon,2,158,
66251.176,refuse,2,163,
66251.816,refuse,1,161,
66252.219,refuse,5,159,
66253.883,refuse,3,119,
66260.287,refuse,4,162,
66266.176,refuse,2,163,
66266.816,refuse,1,161,
66267.219,refuse,5,159,
66268.883,refuse,3,119,
66275.287,refuse,4,162,
66281.176,refuse,2,163,
66281.816,refuse,1,161,
66282.219,refuse,5,159,
66283.883,refuse,3,119,
66290.287,refuse,4,162,
66296.176,refuse,2,163,
66296.816,refuse,1,161,
66297.219,refuse,5,159,
66298.883,refuse,3,119,
66305.287,refuse,4,162,
66311.176,refuse,2,163,
66311.816,refuse,1,161,
66312.219,refuse,5,159,
66313.883,refuse,3,119,
66320.287,refuse,4,162,
66326.176,refuse,2,163,
66326.816,refuse,1,161,
66327.219,refuse,5,159,
66328.883,refuse,3,119,
66335.287,refuse,4,162,
66341.176,refuse,2,163,
66341.816,refuse,1,161,
66342.219,refuse,5,159,
66343.883,refuse,3,119,
66349.787,conflict-at-land,0,160,
66350.287,refuse,4,162,
66356.176,refuse,2,163,
66356.816,start,1,161,
66357.219,refuse,5,159,
66358.883,refuse,3,119,
66364.787,refuse,0,160,
66365.287,refuse,4,162,
66367.976,conflict-at-land,1,161,
66371.176,refuse,2,163,
66372.219,refuse,5,159,
66373.883,start,3,119,
66379.787,refuse,0,160,
66380.287,refuse,4,162,
66382.976,refuse,1,161,
66386.176,refuse,2,163,
66387.219,refuse,5,159,
66394.787,refuse,0,160,
66395.287,refuse,4,162,
66397.976,refuse,1,161,
66401.176,refuse,2,163,
66402.219,refuse,5,159,
66409.787,refuse,0,160,
66410.287,refuse,4,162,
66412.976,refuse,1,161,
66416.176,refuse,2,163,
66417.219,refuse,5,159,
66424.787,refuse,0,160,
66425.287,refuse,4,162,
66427.976,refuse,1,161,
66431.176,refuse,2,163,
66432.219,refuse,5,159,
66439.787,refuse,0,160,
66440.287,refuse,4,162,
66442.976,refuse,1,161,
66446.176,refuse,2,163,
66447.219,refuse,5,159,
66454.787,refuse,0,160,
66455.287,refuse,4,162,
66457.976,refuse,1,161,
66461.176,refuse,2,163,
66462.219,refuse,5,159,
66469.787,refuse,0,160,
66470.287,refuse,4,162,
66472.976,refuse,1,161,
66476.176,refuse,2,163,
66477.219,refuse,5,159,
66484.787,refuse,0,160,
66485.287,refuse,4,162,
66487.976,refuse,1,161,
66491.176,refuse,2,163,
66492.219,refuse,5,159,
66499.787,refuse,0,160,
66500.287,refuse,4,162,
66502.976,refuse,1,161,
66506.176,refuse,2,163,
66507.219,refuse,5,159,
66507.219,abandon,5,159,
66507.219,start,5,164,
66509.149,conflict-at-land,3,119,
66511.61,conflict-at-land,5,164,
66514.787,start,0,160,
66515.287,refuse,4,162,
66517.976,refuse,1,161,
66521.176,refuse,2,163,
66524.149,refuse,3,119,
66526.61,start,5,164,
66530.287,refuse,4,162,
66532.266,conflict-at-land,5,164,
66532.976,refuse,1,161,
66536.176,refuse,2,163,
66539.149,refuse,3,119,
66545.287,refuse,4,162,
66547.266,start,5,164,
66547.976,refuse,1,161,
66551.176,refuse,2,163,
66554.149,refuse,3,119,
66555.044,conflict-at-land,5,164,
66560.287,refuse,4,162,
66562.976,refuse,1,161,
66566.176,refuse,2,163,
66569.149,refuse,3,119,
66569.149,abandon,3,119,
66569.149,start,3,165,
66570.044,refuse,5,164,
66574.014,conflict-at-land,3,165,
66575.287,refuse,4,162,
66577.976,refuse,1,161,
66581.176,refuse,2,163,
66585.044,start,5,164,
66589.014,refuse,3,165,
66590.287,refuse,4,162,
66591.667,conflict-at-land,5,164,
66592.976,refuse,1,161,
66596.176,refuse,2,163,
66604.014,start,3,165,
66605.287,refuse,4,162,
66606.667,refuse,5,164,
66607.976,refuse,1,161,
66611.176,refuse,2,163,
66611.318,conflict-at-land,3,165,
66620.287,refuse,4,162,
66621.667,start,5,164,
66622.976,refuse,1,161,
66626.176,refuse,2,163,
66626.318,refuse,3,165,
66627.292,conflict-at-land,5,164,
66635.287,refuse,4,162,
66637.976,refuse,1,161,
66641.176,refuse,2,163,
66641.318,start,3,165,
66642.292,refuse,5,164,
66648.203,conflict-at-land,3,165,
66650.287,refuse,4,162,
66652.976,refuse,1,161,
66656.176,refuse,2,163,
66657.292,start,5,164,
66662.446,conflict-at-land,5,164,
66663.203,start,3,165,
66665.287,refuse,4,162,
66667.976,refuse,1,161,
66669.944,conflict-at-land,3,165,
66671.176,refuse,2,163,
66677.446,start,5,164,
66680.287,refuse,4,162,
66682.266,conflict-at-land,5,164,
66682.976,refuse,1,161,
66684.944,start,3,165,
66686.176,refuse,2,163,
66689.324,conflict-at-land,0,160,
66692.195,conflict-at-land,3,165,
66695.287,refuse,4,162,
66697.266,start,5,164,
66697.976,start,1,161,
66701.176,refuse,2,163,
66704.324,refuse,0,160,
66704.798,conflict-at-land,5,164,
66707.195,start,3,165,
66708.424,conflict-at-land,1,161,
66710.287,refuse,4,162,
66712.324,conflict-at-land,3,165,
66716.176,refuse,2,163,
66719.324,start,0,160,
66719.798,start,5,164,
66719.946,conflict-at-land,6,155,
66723.424,refuse,1,161,
66725.18,conflict-at-land,5,164,
66725.287,refuse,4,162,
66727.324,start,3,165,
66731.176,refuse,2,163,
66733.682,conflict-at-land,3,165,
66734.946,start,6,155,
66738.424,refuse,1,161,
66740.18,start,5,164,
66740.287,refuse,4,162,
66746.176,refuse,2,163,
66747.726,conflict-at-land,5,164,
66748.682,start,3,165,
66753.424,refuse,1,161,
66755.118,conflict-at-land,3,165,
66755.287,refuse,4,162,
66761.176,refuse,2,163,
66762.726,start,5,164,
66768.424,refuse,1,161,
66770.061,conflict-at-land,5,164,
66770.118,start,3,165,
66770.287,refuse,4,162,
66776.176,refuse,2,163,
66776.204,conflict-at-land,3,165,
66783.424,refuse,1,161,
66785.061,start,5,164,
66785.287,refuse,4,162,
66791.176,refuse,2,163,
66791.204,refuse,3,165,
66791.328,conflict-at-land,5,164,
66798.424,refuse,1,161,
66800.287,refuse,4,162,
66806.176,refuse,2,163,
66806.204,start,3,165,
66806.328,refuse,5,164,
66813.302,conflict-at-land,3,165,
66813.424,refuse,1,161,
66815.287,refuse,4,162,
66821.176,refuse,2,163,
66821.328,start,5,164,
66828.302,refuse,3,165,
66828.424,refuse,1,161,
66828.595,conflict-at-land,5,164,
66830.287,refuse,4,162,
66836.176,refuse,2,163,
66843.302,start,3,165,
66843.424,refuse,1,161,
66843.595,refuse,5,164,
66845.287,refuse,4,162,
66850.193,conflict-at-land,3,165,
66851.176,refuse,2,163,
66858.424,refuse,1,161,
66858.595,start,5,164,
66860.287,refuse,4,162,
66864.36,conflict-at-land,5,164,
66865.193,start,3,165,
66866.176,refuse,2,163,
66871.676,conflict-at-land,3,165,
66873.424,refuse,1,161,
66874.958,conflict-at-land,0,160,
66875.287,refuse,4,162,
66879.36,start,5,164,
66881.176,refuse,2,163,
66886.206,conflict-at-land,5,164,
66886.676,start,3,165,
66888.424,start,1,161,
66889.958,refuse,0,160,
66890.287,refuse,4,162,
66891.604,conflict-at-land,3,165,
66896.176,refuse,2,163,
66897.689,conflict-at-land,1,161,
66901.206,start,5,164,
66904.958,start,0,160,
66905.287,refuse,4,162,
66906.604,refuse,3,165,
66907.62,conflict-at-land,5,164,
66911.176,refuse,2,163,
66912.689,refuse,1,161,
66920.287,refuse,4,162,
66921.604,start,3,165,
66922.62,refuse,5,164,
66926.176,refuse,2,163,
66927.689,refuse,1,161,
66928.438,conflict-at-land,3,165,
66935.287,refuse,4,162,
66937.62,start,5,164,
66941.176,refuse,2,163,
66941.872,conflict-at-land,5,164,
66942.689,refuse,1,161,
66943.438,start,3,165,
66950.108,conflict-at-land,3,165,
66950.287,refuse,4,162,
66956.176,refuse,2,163,
66956.872,start,5,164,
66957.689,refuse,1,161,
66961.232,conflict-at-land,5,164,
66965.108,start,3,165,
66965.287,refuse,4,162,
66969.375,conflict-at-land,3,165,
66971.176,refuse,2,163,
66972.689,refuse,1,161,
66976.232,start,5,164,
66980.287,refuse,4,162,
66981.043,conflict-at-land,5,164,
66984.375,start,3,165,
66986.176,refuse,2,163,
66987.689,refuse,1,161,
66989.822,conflict-at-land,3,165,
66995.287,refuse,4,162,
66996.043,start,5,164,
67000.697,conflict-at-land,5,164,
67001.176,refuse,2,163,
67002.689,refuse,1,161,
67004.822,start,3,165,
67010.287,refuse,4,162,
67011.176,conflict-at-land,3,165,
67015.697,start,5,164,
67016.176,refuse,2,163,
67017.689,refuse,1,161,
67022.959,conflict-at-land,0,160,
67023.009,conflict-at-land,5,164,
67025.287,refuse,4,162,
67026.176,start,3,165,
67031.176,refuse,2,163,
67032.587,conflict-at-land,3,165,
67032.689,start,1,161,
67037.959,refuse,0,160,
67038.009,start,5,164,
67040.287,refuse,4,162,
67042.526,conflict-at-land,1,161,
67045.427,conflict-at-land,5,164,
67046.176,refuse,2,163,
67047.587,start,3,165,
67052.959,start,0,160,
67055.287,refuse,4,162,
67055.295,conflict-at-land,3,165,
67057.526,refuse,1,161,
67060.427,start,5,164,
67061.176,refuse,2,163,
67068.098,conflict-at-land,5,164,
67070.287,refuse,4,162,
67070.295,start,3,165,
67072.526,refuse,1,161,
67076.176,refuse,2,163,
67076.686,conflict-at-land,3,165,
67083.098,start,5,164,
67085.287,refuse,4,162,
67087.31,conflict-at-land,5,164,
67087.526,refuse,1,161,
67091.176,refuse,2,163,
67091.686,start,3,165,
67096.004,conflict-at-land,3,165,
67100.287,refuse,4,162,
67102.31,start,5,164,
67102.526,refuse,1,161,
67106.176,refuse,2,163,
67107.091,conflict-at-land,5,164,
67111.004,start,3,165,
67115.287,refuse,4,162,
67117.526,refuse,1,161,
67118.717,conflict-at-land,3,165,
67121.176,refuse,2,163,
67122.091,start,5,164,
67126.984,conflict-at-land,5,164,
67130.287,refuse,4,162,
67132.526,refuse,1,161,
67133.717,start,3,165,
67136.176,refuse,2,163,
67141.127,conflict-at-land,3,165,
67141.984,start,5,164,
67145.287,refuse,4,162,
67147.526,refuse,1,161,
67148.82,conflict-at-land,5,164,
67151.176,refuse,2,163,
67156.127,start,3,165,
67160.287,refuse,4,162,
67162.526,refuse,1,161,
67163.68,conflict-at-land,3,165,
67163.82,start,5,164,
67166.176,refuse,2,163,
67170.34,conflict-at-land,5,164,
67175.287,refuse,4,162,
67177.526,refuse,1,161,
67178.68,start,3,165,
67181.176,refuse,2,163,
67183.159,conflict-at-land,0,160,
67183.757,conflict-at-land,3,165,
67185.34,start,5,164,
67190.287,refuse,4,162,
67192.359,conflict-at-land,5,164,
67192.526,start,1,161,
67196.176,refuse,2,163,
67198.159,refuse,0,160,
67198.757,start,3,165,
67201.15,conflict-at-land,1,161,
67204.185,conflict-at-land,3,165,
67205.287,refuse,4,162,
67207.359,start,5,164,
67211.176,refuse,2,163,
67212.809,conflict-at-land,5,164,
67213.159,start,0,160,
67216.15,refuse,1,161,
67219.185,start,3,165,
67220.287,refuse,4,162,
67224.899,conflict-at-land,3,165,
67226.176,refuse,2,163,
67227.809,start,5,164,
67231.15,refuse,1,161,
67232.515,conflict-at-land,5,164,
67235.287,refuse,4,162,
67239.899,start,3,165,
67241.176,refuse,2,163,
67244.565,conflict-at-land,3,165,
67246.15,refuse,1,161,
67247.515,start,5,164,
67250.287,refuse,4,162,
67252.391,conflict-at-land,5,164,
67256.176,refuse,2,163,
67259.565,start,3,165,
67261.15,refuse,1,161,
67265.195,conflict-at-land,3,165,
67265.287,refuse,4,162,
67267.391,start,5,164,
67271.176,refuse,2,163,
67273.485,conflict-at-land,5,164,
67276.15,refuse,1,161,
67280.195,start,3,165,
67280.287,refuse,4,162,
67284.4,conflict-at-land,3,165,
67286.176,refuse,2,163,
67288.485,start,5,164,
67291.15,refuse,1,161,
67295.287,refuse,4,162,
67296.18,conflict-at-land,5,164,
67299.4,start,3,165,
67301.176,refuse,2,163,
67305.76,conflict-at-land,3,165,
67306.15,refuse,1,161,
67310.287,refuse,4,162,
67311.18,start,5,164,
67316.176,refuse,2,163,
67316.327,conflict-at-land,5,164,
67320.76,start,3,165,
67321.15,refuse,1,161,
67325.287,refuse,4,162,
67327.155,conflict-at-land,3,165,
67331.176,refuse,2,163,
67331.327,start,5,164,
67336.15,refuse,1,161,
67339.118,conflict-at-land,5,164,
67340.287,refuse,4,162,
67342.155,start,3,165,
67346.176,refuse,2,163,
67346.88,conflict-at-land,3,165,
67351.15,refuse,1,161,
67354.118,start,5,164,
67355.287,refuse,4,162,
67358.58,conflict-at-land,5,164,
67361.176,refuse,2,163,
67361.88,start,3,165,
67366.15,refuse,1,161,
67367.0,conflict-at-land,3,165,
67370.287,refuse,4,162,
67373.58,start,5,164,
67374.324,conflict-at-land,0,160,
67376.176,refuse,2,163,
67379.865,conflict-at-land,5,164,
67381.15,start,1,161,
67382.0,start,3,165,
67385.287,refuse,4,162,
67388.15,conflict-at-land,3,165,
67389.324,refuse,0,160,
67391.176,refuse,2,163,
67394.865,start,5,164,
67396.119,conflict-at-land,1,161,
67399.443,conflict-at-land,5,164,
67400.287,refuse,4,162,
67403.15,start,3,165,
67404.324,start,0,160,
67406.176,refuse,2,163,
67409.847,conflict-at-land,3,165,
67411.119,refuse,1,161,
67414.443,start,5,164,
67415.287,refuse,4,162,
67421.044,conflict-at-land,5,164,
67421.176,refuse,2,163,
67424.847,start,3,165,
67426.119,refuse,1,161,
67429.763,conflict-at-land,3,165,
67430.287,refuse,4,162,
67436.044,start,5,164,
67436.176,refuse,2,163,
67441.119,refuse,1,161,
67442.355,conflict-at-land,5,164,
67444.763,start,3,165,
67445.287,refuse,4,162,
67451.176,refuse,2,163,
67451.18,conflict-at-land,3,165,
67456.119,refuse,1,161,
67457.355,start,5,164,
67460.287,refuse,4,162,
67463.877,conflict-at-land,5,164,
67466.176,refuse,2,163,
67466.18,start,3,165,
67471.119,refuse,1,161,
67471.53,conflict-at-land,3,165,
67475.287,refuse,4,162,
67478.877,start,5,164,
67481.176,refuse,2,163,
67485.061,conflict-at-land,5,164,
67486.119,refuse,1,161,
67486.53,start,3,165,
67490.287,refuse,4,162,
67492.294,conflict-at-land,3,165,
67496.176,refuse,2,163,
67500.061,start,5,164,
67501.119,refuse,1,161,
67505.287,refuse,4,162,
67506.92,conflict-at-land,5,164,
67507.294,start,3,165,
67511.176,refuse,2,163,
67512.016,conflict-at-land,3,165,
67516.119,refuse,1,161,
67520.287,refuse,4,162,
67521.92,start,5,164,
67526.176,refuse,2,163,
67527.016,refuse,3,165,
67528.677,conflict-at-land,5,164,
67531.119,refuse,1,161,
67535.287,refuse,4,162,
67541.176,refuse,2,163,
67542.016,start,3,165,
67543.677,refuse,5,164,
67546.119,refuse,1,161,
67549.554,conflict-at-land,3,165,
67550.287,refuse,4,162,
67556.176,refuse,2,163,
67558.677,start,5,164,
67561.119,refuse,1,161,
67564.4,conflict-at-land,5,164,
67564.554,start,3,165,
67565.287,refuse,4,162,
67569.689,conflict-at-land,3,165,
67571.176,refuse,2,163,
67576.119,refuse,1,161,
67579.189,conflict-at-land,0,160,
67579.4,start,5,164,
67580.287,refuse,4,162,
67584.513,conflict-at-land,5,164,
67584.689,start,3,165,
67586.176,refuse,2,163,
67590.053,conflict-at-land,3,165,
67591.119,start,1,161,
67594.189,refuse,0,160,
67595.287,refuse,4,162,
67599.513,start,5,164,
67601.176,refuse,2,163,
67603.983,conflict-at-land,1,161,
67605.053,refuse,3,165,
67605.587,conflict-at-land,5,164,
67609.189,start,0,160,
67610.287,refuse,4,162,
67616.176,refuse,2,163,
67618.983,refuse,1,161,
67620.053,start,3,165,
67620.587,refuse,5,164,
67625.287,refuse,4,162,
67625.921,conflict-at-land,3,165,
67631.176,refuse,2,163,
67633.983,refuse,1,161,
67635.587,start,5,164,
67640.287,refuse,4,162,
67640.618,conflict-at-land,5,164,
67640.921,start,3,165,
67645.915,conflict-at-land,3,165,
67646.176,refuse,2,163,
67648.983,refuse,1,161,
67655.287,refuse,4,162,
67655.618,start,5,164,
67660.915,refuse,3,165,
67661.126,conflict-at-land,5,164,
67661.176,refuse,2,163,
67663.983,refuse,1,161,
67670.287,refuse,4,162,
67675.915,start,3,165,
67676.126,refuse,5,164,
67676.176,refuse,2,163,
67678.983,refuse,1,161,
67682.613,conflict-at-land,3,165,
67685.287,refuse,4,162,
67691.126,start,5,164,
67691.176,refuse,2,163,
67693.983,refuse,1,161,
67696.929,conflict-at-land,5,164,
67697.613,start,3,165,
67700.287,refuse,4,162,
67702.67,conflict-at-land,3,165,
67706.176,refuse,2,163,
67708.983,refuse,1,161,
67711.929,start,5,164,
67715.287,refuse,4,162,
67716.226,conflict-at-land,5,164,
67717.67,start,3,165,
67720.345,conflict-at-land,0,160,
67721.176,refuse,2,163,
67722.57,conflict-at-land,3,165,
67723.983,start,1,161,
67730.287,refuse,4,162,
67731.226,start,5,164,
67735.345,refuse,0,160,
67736.176,refuse,2,163,
67736.701,conflict-at-land,1,161,
67737.57,refuse,3,165,
67737.714,conflict-at-land,5,164,
67745.287,refuse,4,162,
67750.345,start,0,160,
67751.176,refuse,2,163,
67751.701,refuse,1,161,
67752.57,start,3,165,
67752.714,refuse,5,164,
67757.888,conflict-at-land,3,165,
67760.287,refuse,4,162,
67766.176,refuse,2,163,
67766.701,refuse,1,161,
67767.714,start,5,164,
67772.888,refuse,3,165,
67774.332,conflict-at-land,5,164,
67775.287,refuse,4,162,
67781.176,refuse,2,163,
67781.701,refuse,1,161,
67787.888,start,3,165,
67789.332,refuse,5,164,
67790.287,refuse,4,162,
67792.452,conflict-at-land,3,165,
67796.176,refuse,2,163,
67796.701,refuse,1,161,
67804.332,start,5,164,
67805.287,refuse,4,162,
67807.452,refuse,3,165,
67810.728,conflict-at-land,5,164,
67811.176,refuse,2,163,
67811.701,refuse,1,161,
67820.287,refuse,4,162,
67822.452,start,3,165,
67825.728,refuse,5,164,
67826.176,refuse,2,163,
67826.701,refuse,1,161,
67828.512,conflict-at-land,3,165,
67835.287,refuse,4,162,
67840.728,start,5,164,
67841.176,refuse,2,163,
67841.701,refuse,1,161,
67843.512,refuse,3,165,
67845.95,conflict-at-land,5,164,
67850.287,refuse,4,162,
67856.176,refuse,2,163,
67856.701,refuse,1,161,
67858.512,start,3,165,
67860.95,refuse,5,164,
67864.739,conflict-at-land,3,165,
67865.287,refuse,4,162,
67865.894,conflict-at-land,0,160,
67871.176,refuse,2,163,
67871.701,start,1,161,
67875.95,start,5,164,
67879.739,refuse,3,165,
67880.287,refuse,4,162,
67880.894,refuse,0,160,
67881.055,conflict-at-land,1,161,
67881.855,conflict-at-land,5,164,
67886.176,refuse,2,163,
67894.739,start,3,165,
67895.287,refuse,4,162,
67895.894,start,0,160,
67896.055,refuse,1,161,
67896.855,refuse,5,164,
67900.246,conflict-at-land,3,165,
67901.176,refuse,2,163,
67910.287,refuse,4,162,
67911.055,refuse,1,161,
67911.855,start,5,164,
67915.246,refuse,3,165,
67916.176,refuse,2,163,
67917.56,conflict-at-land,5,164,
67925.287,refuse,4,162,
67926.055,refuse,1,161,
67930.246,start,3,165,
67931.176,refuse,2,163,
67932.56,refuse,5,164,
67937.711,conflict-at-land,3,165,
67940.287,refuse,4,162,
67941.055,refuse,1,161,
67946.176,refuse,2,163,
67947.56,start,5,164,
67952.711,refuse,3,165,
67954.778,conflict-at-land,5,164,
67955.287,refuse,4,162,
67956.055,refuse,1,161,
67961.176,refuse,2,163,
67967.711,start,3,165,
67969.778,refuse,5,164,
67970.287,refuse,4,162,
67971.055,refuse,1,161,
67973.756,conflict-at-land,3,165,
67976.176,refuse,2,163,
67984.778,start,5,164,
67985.287,refuse,4,162,
67986.055,refuse,1,161,
67988.756,refuse,3,165,
67991.176,refuse,2,163,
67991.879,conflict-at-land,5,164,
68000.287,refuse,4,162,
68001.055,refuse,1,161,
68003.756,start,3,165,
68006.176,refuse,2,163,
68006.879,refuse,5,164,
68007.685,conflict-at-land,0,160,
68010.527,conflict-at-land,3,165,
68015.287,refuse,4,162,
68016.055,start,1,161,
68021.176,refuse,2,163,
68021.879,start,5,164,
68022.685,refuse,0,160,
68025.527,refuse,3,165,
68026.88,conflict-at-land,5,164,
68027.942,conflict-at-land,1,161,
68030.287,refuse,4,162,
68036.176,refuse,2,163,
68037.685,start,0,160,
68040.527,start,3,165,
68041.88,refuse,5,164,
68042.942,refuse,1,161,
68045.287,refuse,4,162,
68046.178,conflict-at-land,3,165,
68051.176,refuse,2,163,
68056.88,start,5,164,
68057.942,refuse,1,161,
68060.287,refuse,4,162,
68061.178,refuse,3,165,
68061.472,conflict-at-land,5,164,
68066.176,refuse,2,163,
68072.942,refuse,1,161,
68075.287,refuse,4,162,
68076.178,start,3,165,
68076.472,refuse,5,164,
68081.176,refuse,2,163,
68082.483,conflict-at-land,3,165,
68087.942,refuse,1,161,
68090.287,refuse,4,162,
68091.472,start,5,164,
68096.176,refuse,2,163,
68097.46,conflict-at-land,5,164,
68097.483,start,3,165,
68102.942,refuse,1,161,
68104.102,conflict-at-land,3,165,
68105.287,refuse,4,162,
68111.176,refuse,2,163,
68112.46,start,5,164,
68116.776,conflict-at-land,5,164,
68117.942,refuse,1,161,
68119.102,start,3,165,
68120.287,refuse,4,162,
68126.176,refuse,2,163,
68126.576,conflict-at-land,3,165,
68131.776,start,5,164,
68132.942,refuse,1,161,
68135.287,refuse,4,162,
68138.348,conflict-at-land,5,164,
68141.176,refuse,2,163,
68141.576,start,3,165,
68147.761,conflict-at-land,3,165,
68147.942,refuse,1,161,
68150.287,refuse,4,162,
68153.348,start,5,164,
68156.176,refuse,2,163,
68158.246,conflict-at-land,0,160,
68158.629,conflict-at-land,5,164,
68162.761,start,3,165,
68162.942,start,1,161,
68165.287,refuse,4,162,
68169.541,conflict-at-land,3,165,
68171.176,refuse,2,163,
68172.839,conflict-at-land,1,161,
68173.246,start,0,160,
68173.629,start,5,164,
68178.508,conflict-at-land,5,164,
68180.287,refuse,4,162,
68184.541,start,3,165,
68186.176,refuse,2,163,
68187.839,refuse,1,161,
68190.521,conflict-at-land,3,165,
68193.508,start,5,164,
68195.287,refuse,4,162,
68198.767,conflict-at-land,5,164,
68201.176,refuse,2,163,
68202.839,refuse,1,161,
68205.521,start,3,165,
68210.287,refuse,4,162,
68213.222,conflict-at-land,3,165,
68213.767,start,5,164,
68216.176,refuse,2,163,
68217.839,refuse,1,161,
68218.814,conflict-at-land,5,164,
68225.287,refuse,4,162,
68228.222,start,3,165,
68231.176,refuse,2,163,
68232.839,refuse,1,161,
68233.814,refuse,5,164,
68234.555,conflict-at-land,3,165,
68240.287,refuse,4,162,
68246.176,refuse,2,163,
68247.839,refuse,1,161,
68248.814,start,5,164,
68249.555,refuse,3,165,
68253.302,conflict-at-land,5,164,
68255.287,refuse,4,162,
68261.176,refuse,2,163,
68262.839,refuse,1,161,
68264.555,start,3,165,
68268.302,refuse,5,164,
68270.287,refuse,4,162,
68272.032,conflict-at-land,3,165,
68276.176,refuse,2,163,
68277.839,refuse,1,161,
68283.302,start,5,164,
68285.287,refuse,4,162,
68287.032,refuse,3,165,
68290.856,conflict-at-land,5,164,
68291.176,refuse,2,163,
68292.839,refuse,1,161,
68300.287,refuse,4,162,
68302.032,start,3,165,
68305.856,refuse,5,164,
68306.176,refuse,2,163,
68307.839,refuse,1,161,
68308.739,conflict-at-land,3,165,
68315.287,refuse,4,162,
68320.856,start,5,164,
68321.176,refuse,2,163,
68322.839,refuse,1,161,
68323.739,refuse,3,165,
68325.388,conflict-at-land,5,164,
68330.287,refuse,4,162,
68336.176,refuse,2,163,
68337.839,refuse,1,161,
68338.739,start,3,165,
68340.388,refuse,5,164,
68343.943,conflict-at-land,3,165,
68345.287,refuse,4,162,
68347.377,conflict-at-land,0,160,
68351.176,refuse,2,163,
68352.839,start,1,161,
68355.388,start,5,164,
68358.943,refuse,3,165,
68360.287,refuse,4,162,
68361.066,conflict-at-land,5,164,
68362.215,conflict-at-land,1,161,
68362.377,start,0,160,
68366.176,refuse,2,163,
68373.943,start,3,165,
68375.287,refuse,4,162,
68376.066,refuse,5,164,
68377.215,refuse,1,161,
68378.393,conflict-at-land,3,165,
68381.176,refuse,2,163,
68390.287,refuse,4,162,
68391.066,start,5,164,
68392.215,refuse,1,161,
68392.737,conflict-at-land,6,155,
68393.393,refuse,3,165,
68395.603,conflict-at-land,5,164,
68396.176,start,2,163,
68405.287,refuse,4,162,
68407.215,refuse,1,161,
68407.737,refuse,6,155,
68408.393,refuse,3,165,
68410.603,refuse,5,164,
68418.316,conflict-at-land,2,163,
68420.287,refuse,4,162,
68422.215,refuse,1,161,
68422.737,start,6,155,
68423.393,start,3,165,
68425.603,refuse,5,164,
68428.366,conflict-at-land,3,165,
68433.316,refuse,2,163,
68435.287,refuse,4,162,
68437.215,refuse,1,161,
68440.603,start,5,164,
68443.366,refuse,3,165,
68446.431,conflict-at-land,5,164,
68448.316,refuse,2,163,
68450.287,refuse,4,162,
68452.215,refuse,1,161,
68458.366,start,3,165,
68461.431,refuse,5,164,
68463.316,refuse,2,163,
68465.287,refuse,4,162,
68465.467,conflict-at-land,3,165,
68467.215,refuse,1,161,
68476.431,start,5,164,
68478.316,refuse,2,163,
68480.287,refuse,4,162,
68480.467,refuse,3,165,
68482.215,refuse,1,161,
68482.308,conflict-at-land,5,164,
68493.316,refuse,2,163,
68495.287,refuse,4,162,
68495.467,start,3,165,
68497.215,refuse,1,161,
68497.308,refuse,5,164,
68501.101,conflict-at-land,3,165,
68508.316,refuse,2,163,
68510.287,refuse,4,162,
68512.215,refuse,1,161,
68512.308,start,5,164,
68516.101,refuse,3,165,
68519.111,conflict-at-land,5,164,
68523.316,refuse,2,163,
68525.287,refuse,4,162,
68527.215,refuse,1,161,
68530.361,conflict-at-land,0,160,
68531.101,start,3,165,
68534.111,refuse,5,164,
68537.803,conflict-at-land,3,165,
68538.316,refuse,2,163,
68540.287,refuse,4,162,
68542.215,start,1,161,
68545.361,refuse,0,160,
68549.111,start,5,164,
68552.803,refuse,3,165,
68553.316,refuse,2,163,
68553.817,conflict-at-land,1,161,
68555.287,refuse,4,162,
68556.388,conflict-at-land,5,164,
68560.361,start,0,160,
68567.803,start,3,165,
68568.316,refuse,2,163,
68568.817,refuse,1,161,
68570.287,refuse,4,162,
68571.388,refuse,5,164,
68574.613,conflict-at-land,3,165,
68583.316,refuse,2,163,
68583.817,refuse,1,161,
68585.287,refuse,4,162,
68586.388,start,5,164,
68589.613,refuse,3,165,
68592.618,conflict-at-land,5,164,
68598.316,refuse,2,163,
68598.817,refuse,1,161,
68600.287,refuse,4,162,
68604.613,start,3,165,
68607.618,refuse,5,164,
68609.474,conflict-at-land,3,165,
68613.316,refuse,2,163,
68613.817,refuse,1,161,
68615.287,refuse,4,162,
68622.618,start,5,164,
68624.474,refuse,3,165,
68628.316,refuse,2,163,
68628.817,refuse,1,161,
68629.471,conflict-at-land,5,164,
68630.287,refuse,4,162,
68639.474,start,3,165,
68643.316,refuse,2,163,
68643.817,refuse,1,161,
68644.471,refuse,5,164,
68645.287,refuse,4,162,
68646.366,conflict-at-land,3,165,
68658.316,refuse,2,163,
68658.817,refuse,1,161,
68659.471,start,5,164,
68660.287,refuse,4,162,
68661.366,refuse,3,165,
68665.879,conflict-at-land,5,164,
68673.316,refuse,2,163,
68673.817,refuse,1,161,
68675.287,refuse,4,162,
68676.366,start,3,165,
68680.879,refuse,5,164,
68682.705,conflict-at-land,3,165,
68688.316,refuse,2,163,
68688.817,refuse,1,161,
68690.287,refuse,4,162,
68695.879,start,5,164,
68697.705,refuse,3,165,
68702.042,conflict-at-land,5,164,
68703.316,refuse,2,163,
68703.817,refuse,1,161,
68705.287,refuse,4,162,
68712.705,start,3,165,
68717.042,refuse,5,164,
68718.316,refuse,2,163,
68718.817,refuse,1,161,
68719.337,conflict-at-land,0,160,
68719.416,conflict-at-land,3,165,
68720.287,refuse,4,162,
68732.042,start,5,164,
68733.316,refuse,2,163,
68733.817,start,1,161,
68734.337,refuse,0,160,
68734.416,refuse,3,165,
68735.287,refuse,4,162,
68737.167,conflict-at-land,5,164,
68745.574,conflict-at-land,1,161,
68748.316,refuse,2,163,
68749.337,start,0,160,
68749.416,start,3,165,
68750.287,refuse,4,162,
68752.167,refuse,5,164,
68756.902,conflict-at-land,3,165,
68760.574,refuse,1,161,
68763.316,refuse,2,163,
68765.287,refuse,4,162,
68767.167,start,5,164,
68771.902,refuse,3,165,
68773.812,conflict-at-land,5,164,
68775.574,refuse,1,161,
68778.316,refuse,2,163,
68780.287,refuse,4,162,
68786.902,start,3,165,
68788.812,refuse,5,164,
68790.574,refuse,1,161,
68791.135,conflict-at-land,3,165,
68793.316,refuse,2,163,
68795.287,refuse,4,162,
68803.812,start,5,164,
68805.574,refuse,1,161,
68806.135,refuse,3,165,
68808.316,refuse,2,163,
68809.635,conflict-at-land,5,164,
68810.287,refuse,4,162,
68820.574,refuse,1,161,
68821.135,start,3,165,
68823.316,refuse,2,163,
68824.635,refuse,5,164,
68825.287,refuse,4,162,
68825.55,conflict-at-land,3,165,
68835.574,refuse,1,161,
68835.574,abandon,1,161,
68835.574,refuse,1,166,
68838.316,refuse,2,163,
68839.635,start,5,164,
68840.287,refuse,4,162,
68840.55,refuse,3,165,
68847.055,conflict-at-land,5,164,
68850.574,refuse,1,166,
68853.316,refuse,2,163,
68855.287,refuse,4,162,
68855.55,start,3,165,
68862.055,refuse,5,164,
68862.102,conflict-at-land,3,165,
68865.574,refuse,1,166,
68868.316,refuse,2,163,
68870.287,refuse,4,162,
68877.055,start,5,164,
68877.102,refuse,3,165,
68880.574,refuse,1,166,
68883.316,refuse,2,163,
68883.935,conflict-at-land,5,164,
68885.287,refuse,4,162,
68892.102,start,3,165,
68895.574,refuse,1,166,
68898.316,refuse,2,163,
68898.456,conflict-at-land,3,165,
68898.935,start,5,164,
68900.287,refuse,4,162,
68903.587,conflict-at-land,5,164,
68910.574,refuse,1,166,
68913.316,refuse,2,163,
68913.456,start,3,165,
68915.287,refuse,4,162,
68918.587,refuse,5,164,
68919.578,conflict-at-land,3,165,
68921.642,conflict-at-land,0,160,
68925.574,refuse,1,166,
68928.316,refuse,2,163,
68930.287,refuse,4,162,
68933.587,start,5,164,
68934.578,refuse,3,165,
68936.642,start,0,160,
68940.574,refuse,1,166,
68940.712,conflict-at-land,5,164,
68943.316,refuse,2,163,
68945.287,refuse,4,162,
68949.578,start,3,165,
68955.574,refuse,1,166,
68955.712,refuse,5,164,
68956.501,conflict-at-land,3,165,
68958.316,refuse,2,163,
68960.287,refuse,4,162,
68970.574,refuse,1,166,
68970.712,start,5,164,
68971.501,refuse,3,165,
68973.316,refuse,2,163,
68975.287,refuse,4,162,
68975.371,conflict-at-land,5,164,
68985.574,refuse,1,166,
68986.501,start,3,165,
68988.316,refuse,2,163,
68990.287,refuse,4,162,
68990.371,refuse,5,164,
68991.674,conflict-at-land,3,165,
69000.574,refuse,1,166,
69003.316,refuse,2,163,
69005.287,refuse,4,162,
69005.371,start,5,164,
69006.674,refuse,3,165,
69011.21,conflict-at-land,5,164,
69015.574,refuse,1,166,
69018.316,refuse,2,163,
69020.287,refuse,4,162,
69021.674,start,3,165,
69026.073,conflict-at-land,3,165,
69026.21,start,5,164,
69030.574,refuse,1,166,
69031.748,conflict-at-land,5,164,
69033.316,refuse,2,163,
69035.287,refuse,4,162,
69041.073,start,3,165,
69045.574,refuse,1,166,
69046.748,refuse,5,164,
69047.142,conflict-at-land,3,165,
69048.316,refuse,2,163,
69050.058,conflict-at-land,0,160,
69050.287,refuse,4,162,
69060.574,refuse,1,166,
69061.748,start,5,164,
69062.142,refuse,3,165,
69063.316,refuse,2,163,
69065.058,start,0,160,
69065.287,refuse,4,162,
69067.843,conflict-at-land,5,164,
69075.574,refuse,1,166,
69077.142,start,3,165,
69078.316,refuse,2,163,
69080.287,refuse,4,162,
69082.843,refuse,5,164,
69084.181,conflict-at-land,3,165,
69090.574,refuse,1,166,
69093.316,refuse,2,163,
69095.287,refuse,4,162,
69097.843,start,5,164,
69099.181,refuse,3,165,
69102.941,conflict-at-land,5,164,
69105.574,refuse,1,166,
69108.316,refuse,2,163,
69110.287,refuse,4,162,
69114.181,start,3,165,
69117.941,refuse,5,164,
69120.574,refuse,1,166,
69121.621,conflict-at-land,3,165,
69123.316,refuse,2,163,
69125.287,refuse,4,162,
69132.941,start,5,164,
69135.574,refuse,1,166,
69136.621,refuse,3,165,
69138.316,refuse,2,163,
69139.189,conflict-at-land,5,164,
69140.287,refuse,4,162,
69150.574,refuse,1,166,
69151.621,start,3,165,
69153.316,refuse,2,163,
69154.189,refuse,5,164,
69155.287,refuse,4,162,
69158.713,conflict-at-land,3,165,
69165.574,refuse,1,166,
69168.316,refuse,2,163,
69169.189,start,5,164,
69170.287,refuse,4,162,
69173.713,refuse,3,165,
69173.744,conflict-at-land,5,164,
69180.574,refuse,1,166,
69183.316,refuse,2,163,
69185.287,refuse,4,162,
69185.287,abandon,4,162,
69185.287,refuse,4,167,
69188.713,start,3,165,
69188.744,refuse,5,164,
69194.396,conflict-at-land,3,165,
69195.574,refuse,1,166,
69198.316,refuse,2,163,
69200.287,refuse,4,167,
69203.744,start,5,164,
69209.182,conflict-at-land,5,164,
69209.396,start,3,165,
69210.574,refuse,1,166,
69213.316,refuse,2,163,
69215.287,refuse,4,167,
69215.416,conflict-at-land,3,165,
69224.182,start,5,164,
69225.574,refuse,1,166,
69228.316,refuse,2,163,
69230.287,refuse,4,167,
69230.416,refuse,3,165,
69231.605,conflict-at-land,5,164,
69235.982,conflict-at-land,0,160,
69240.574,refuse,1,166,
69243.316,refuse,2,163,
69245.287,refuse,4,167,
69245.416,start,3,165,
69246.605,refuse,5,164,
69249.851,conflict-at-land,3,165,
69250.982,start,0,160,
69255.574,refuse,1,166,
69258.316,refuse,2,163,
69260.287,refuse,4,167,
69261.605,start,5,164,
69264.851,refuse,3,165,
69266.226,conflict-at-land,5,164,
69270.574,refuse,1,166,
69273.316,refuse,2,163,
69273.316,abandon,2,163,
69273.316,refuse,2,168,
69275.287,refuse,4,167,
69279.851,start,3,165,
69281.226,refuse,5,164,
69285.574,refuse,1,166,
69286.768,conflict-at-land,3,165,
69288.316,refuse,2,168,
69290.287,refuse,4,167,
69296.226,start,5,164,
69300.574,refuse,1,166,
69301.768,refuse,3,165,
69302.226,conflict-at-land,5,164,
69303.316,refuse,2,168,
69305.287,refuse,4,167,
69315.574,refuse,1,166,
69316.768,start,3,165,
69317.226,refuse,5,164,
69318.316,refuse,2,168,
69320.287,refuse,4,167,
69322.84,conflict-at-land,3,165,
69330.574,refuse,1,166,
69332.226,start,5,164,
69333.316,refuse,2,168,
69335.287,refuse,4,167,
69337.84,refuse,3,165,
69338.506,conflict-at-land,5,164,
69345.574,refuse,1,166,
69348.316,refuse,2,168,
69350.287,refuse,4,167,
69352.84,start,3,165,
69353.506,refuse,5,164,
69357.745,conflict-at-land,3,165,
69360.574,refuse,1,166,
69363.316,refuse,2,168,
69365.287,refuse,4,167,
69368.506,start,5,164,
69372.107,conflict-at-land,0,160,
69372.745,refuse,3,165,
69374.773,conflict-at-land,5,164,
69375.574,refuse,1,166,
69378.316,refuse,2,168,
69380.287,refuse,4,167,
69387.107,start,0,160,
69387.745,start,3,165,
69389.773,refuse,5,164,
69390.574,refuse,1,166,
69393.316,refuse,2,168,
69394.904,conflict-at-land,3,165,
69395.287,refuse,4,167,
69404.773,start,5,164,
69405.574,refuse,1,166,
69408.316,refuse,2,168,
69409.769,conflict-at-land,5,164,
69409.904,start,3,165,
69410.287,refuse,4,167,
69415.865,conflict-at-land,3,165,
69420.574,refuse,1,166,
69423.316,refuse,2,168,
69424.769,start,5,164,
69425.287,refuse,4,167,
69430.708,conflict-at-land,5,164,
69430.865,start,3,165,
69435.344,conflict-at-land,3,165,
69435.574,refuse,1,166,
69438.316,refuse,2,168,
69440.287,refuse,4,167,
69445.708,start,5,164,
69450.344,refuse,3,165,
69450.574,refuse,1,166,
69452.748,conflict-at-land,5,164,
69453.316,refuse,2,168,
69455.287,refuse,4,167,
69465.344,start,3,165,
69465.574,refuse,1,166,
69467.748,refuse,5,164,
69468.316,refuse,2,168,
69470.275,conflict-at-land,3,165,
69470.287,refuse,4,167,
69480.574,refuse,1,166,
69482.748,start,5,164,
69483.316,refuse,2,168,
69485.275,refuse,3,165,
69485.287,refuse,4,167,
69489.569,conflict-at-land,5,164,
69495.574,refuse,1,166,
69498.316,refuse,2,168,
69500.275,start,3,165,
69500.287,refuse,4,167,
69504.569,refuse,5,164,
69505.385,conflict-at-land,3,165,
69510.574,refuse,1,166,
69513.316,refuse,2,168,
69515.287,refuse,4,167,
69519.569,start,5,164,
69520.385,refuse,3,165,
69525.574,refuse,1,166,
69526.513,conflict-at-land,5,164,
69528.316,refuse,2,168,
69530.287,refuse,4,167,
69534.19,conflict-at-land,0,160,
69535.385,start,3,165,
69540.574,refuse,1,166,
69541.513,refuse,5,164,
69543.003,conflict-at-land,3,165,
69543.316,refuse,2,168,
69545.287,refuse,4,167,
69549.19,start,0,160,
69555.574,refuse,1,166,
69556.513,start,5,164,
69558.003,refuse,3,165,
69558.316,refuse,2,168,
69560.287,refuse,4,167,
69561.637,conflict-at-land,5,164,
69570.574,refuse,1,166,
69573.003,start,3,165,
69573.316,refuse,2,168,
69575.287,refuse,4,167,
69576.637,refuse,5,164,
69579.86,conflict-at-land,3,165,
69585.574,refuse,1,166,
69588.316,refuse,2,168,
69590.287,refuse,4,167,
69591.637,start,5,164,
69594.86,refuse,3,165,
69596.753,conflict-at-land,5,164,
69600.574,refuse,1,166,
69603.316,refuse,2,168,
69605.287,refuse,4,167,
69609.86,start,3,165,
69611.753,refuse,5,164,
69614.945,conflict-at-land,3,165,
69615.574,refuse,1,166,
69618.316,refuse,2,168,
69620.287,refuse,4,167,
69626.753,start,5,164,
69629.945,refuse,3,165,
69630.574,refuse,1,166,
69632.374,conflict-at-land,5,164,
69633.316,refuse,2,168,
69635.287,refuse,4,167,
69644.945,start,3,165,
69645.574,refuse,1,166,
69647.374,refuse,5,164,
69648.316,refuse,2,168,
69650.287,refuse,4,167,
69651.655,conflict-at-land,3,165,
69652.08,conflict-at-land,0,160,
69660.574,refuse,1,166,
69662.374,start,5,164,
69663.316,refuse,2,168,
69665.287,refuse,4,167,
69666.655,refuse,3,165,
69667.08,start,0,160,
69669.634,conflict-at-land,5,164,
69675.574,refuse,1,166,
69678.316,refuse,2,168,
69680.287,refuse,4,167,
69681.655,start,3,165,
69684.634,refuse,5,164,
69686.512,conflict-at-land,3,165,
69690.574,refuse,1,166,
69693.316,refuse,2,168,
69695.287,refuse,4,167,
69699.634,start,5,164,
69701.512,refuse,3,165,
69705.556,conflict-at-land,5,164,
69705.574,refuse,1,166,
69708.316,refuse,2,168,
69710.287,refuse,4,167,
69716.512,start,3,165,
69720.556,refuse,5,164,
69720.574,refuse,1,166,
69720.893,conflict-at-land,3,165,
69723.316,refuse,2,168,
69725.287,refuse,4,167,
69735.556,start,5,164,
69735.574,refuse,1,166,
69735.893,refuse,3,165,
69738.316,refuse,2,168,
69740.287,refuse,4,167,
69742.096,conflict-at-land,5,164,
69750.574,refuse,1,166,
69750.893,start,3,165,
69753.316,refuse,2,168,
69755.287,refuse,4,167,
69757.096,refuse,5,164,
69757.742,conflict-at-land,3,165,
69765.574,refuse,1,166,
69768.316,refuse,2,168,
69770.287,refuse,4,167,
69772.096,start,5,164,
69772.742,refuse,3,165,
69776.996,conflict-at-land,5,164,
69780.574,refuse,1,166,
69783.316,refuse,2,168,
69785.287,refuse,4,167,
69787.742,start,3,165,
69791.996,refuse,5,164,
69792.049,conflict-at-land,3,165,
69795.574,refuse,1,166,
69798.316,refuse,2,168,
69800.287,refuse,4,167,
69806.996,start,5,164,
69807.049,refuse,3,165,
69810.574,refuse,1,166,
69813.316,refuse,2,168,
69813.602,conflict-at-land,5,164,
69815.287,refuse,4,167,
69816.481,conflict-at-land,0,160,
69822.049,start,3,165,
69825.574,refuse,1,166,
69828.316,refuse,2,168,
69828.602,refuse,5,164,
69829.096,conflict-at-land,3,165,
69830.287,refuse,4,167,
69831.481,start,0,160,
69840.574,refuse,1,166,
69843.316,refuse,2,168,
69843.602,start,5,164,
69844.096,refuse,3,165,
69845.287,refuse,4,167,
69847.878,conflict-at-land,5,164,
69855.574,refuse,1,166,
69858.316,refuse,2,168,
69859.096,start,3,165,
69860.287,refuse,4,167,
69862.878,refuse,5,164,
69866.5,conflict-at-land,3,165,
69870.574,refuse,1,166,
69873.316,refuse,2,168,
69875.287,refuse,4,167,
69877.878,start,5,164,
69881.5,refuse,3,165,
69884.772,conflict-at-land,5,164,
69885.574,refuse,1,166,
69888.316,refuse,2,168,
69890.287,refuse,4,167,
69896.5,start,3,165,
69899.772,refuse,5,164,
69900.574,refuse,1,166,
69901.429,conflict-at-land,3,165,
69903.316,refuse,2,168,
69905.287,refuse,4,167,
69914.772,start,5,164,
69915.574,refuse,1,166,
69916.429,refuse,3,165,
69918.316,refuse,2,168,
69919.147,conflict-at-land,5,164,
69920.287,refuse,4,167,
69930.574,refuse,1,166,
69931.429,start,3,165,
69933.316,refuse,2,168,
69934.147,refuse,5,164,
69935.287,refuse,4,167,
69938.669,conflict-at-land,3,165,
69945.574,refuse,1,166,
69948.316,refuse,2,168,
69949.147,start,5,164,
69950.287,refuse,4,167,
69953.51,conflict-at-land,5,164,
69953.669,start,3,165,
69959.442,conflict-at-land,3,165,
69960.574,refuse,1,166,
69963.316,refuse,2,168,
69965.287,refuse,4,167,
69968.51,start,5,164,
69973.981,conflict-at-land,5,164,
69974.442,start,3,165,
69975.574,refuse,1,166,
69978.316,refuse,2,168,
69980.287,refuse,4,167,
69980.687,conflict-at-land,3,165,
69988.981,start,5,164,
69990.574,refuse,1,166,
69993.316,refuse,2,168,
69993.702,conflict-at-land,5,164,
69995.287,refuse,4,167,
69995.687,start,3,165,
70001.859,conflict-at-land,3,165,
70005.055,conflict-at-land,0,160,
70005.574,refuse,1,166,
70008.316,refuse,2,168,
70008.702,start,5,164,
70010.287,refuse,4,167,
70015.539,conflict-at-land,5,164,
70016.859,start,3,165,
70020.055,start,0,160,
70020.574,refuse,1,166,
70022.467,conflict-at-land,3,165,
70023.316,refuse,2,168,
70025.287,refuse,4,167,
70030.539,start,5,164,
70035.574,refuse,1,166,
70036.911,conflict-at-land,5,164,
70037.467,start,3,165,
70038.316,refuse,2,168,
70040.287,refuse,4,167,
70042.826,conflict-at-land,3,165,
70050.574,refuse,1,166,
70051.911,start,5,164,
70053.316,refuse,2,168,
70055.287,refuse,4,167,
70057.826,refuse,3,165,
70059.455,conflict-at-land,5,164,
70065.574,refuse,1,166,
70068.316,refuse,2,168,
70070.287,refuse,4,167,
70072.826,start,3,165,
70074.455,refuse,5,164,
70078.106,conflict-at-land,3,165,
70080.574,refuse,1,166,
70083.316,refuse,2,168,
70085.287,refuse,4,167,
70089.455,start,5,164,
70093.106,refuse,3,165,
70094.291,conflict-at-land,5,164,
70095.574,refuse,1,166,
70098.316,refuse,2,168,
70100.287,refuse,4,167,
70108.106,start,3,165,
70109.291,refuse,5,164,
70110.574,refuse,1,166,
70113.316,refuse,2,168,
70114.108,conflict-at-land,3,165,
70115.287,refuse,4,167,
70122.262,conflict-at-land,0,160,
70124.291,start,5,164,
70125.574,refuse,1,166,
70128.316,refuse,2,168,
70129.108,refuse,3,165,
70129.865,conflict-at-land,5,164,
70130.287,refuse,4,167,
70137.262,start,0,160,
70140.574,refuse,1,166,
70143.316,refuse,2,168,
70144.108,start,3,165,
70144.865,refuse,5,164,
70145.287,refuse,4,167,
70150.47,conflict-at-land,3,165,
70155.574,refuse,1,166,
70158.316,refuse,2,168,
70159.865,start,5,164,
70160.287,refuse,4,167,
70165.127,conflict-at-land,5,164,
70165.47,start,3,165,
70170.574,refuse,1,166,
70173.003,conflict-at-land,3,165,
70173.316,refuse,2,168,
70175.287,refuse,4,167,
70180.127,start,5,164,
70183.157,conflict-at-land,6,155,
70184.819,conflict-at-land,5,164,
70185.574,start,1,166,
70188.003,start,3,165,
70188.316,refuse,2,168,
70190.287,refuse,4,167,
70194.059,conflict-at-land,3,165,
70194.788,conflict-at-land,1,166,
70198.157,start,6,155,
70199.819,start,5,164,
70203.316,refuse,2,168,
70205.287,refuse,4,167,
70207.401,conflict-at-land,5,164,
70209.059,start,3,165,
70209.788,refuse,1,166,
70215.773,conflict-at-land,3,165,
70218.316,refuse,2,168,
70220.287,refuse,4,167,
70222.401,start,5,164,
70224.788,refuse,1,166,
70229.89,conflict-at-land,5,164,
70230.773,start,3,165,
70233.316,refuse,2,168,
70235.287,refuse,4,167,
70236.754,conflict-at-land,3,165,
70239.788,refuse,1,166,
70239.866,conflict-at-land,0,160,
70244.89,start,5,164,
70248.316,refuse,2,168,
70250.287,refuse,4,167,
70251.754,refuse,3,165,
70251.822,conflict-at-land,5,164,
70254.788,refuse,1,166,
70254.866,start,0,160,
70263.316,refuse,2,168,
70265.287,refuse,4,167,
70266.754,start,3,165,
70266.822,refuse,5,164,
70269.788,refuse,1,166,
70272.745,conflict-at-land,3,165,
70278.316,refuse,2,168,
70280.287,refuse,4,167,
70281.822,start,5,164,
70284.788,refuse,1,166,
70287.745,refuse,3,165,
70288.794,conflict-at-land,5,164,
70288.794,abandon,5,164,
70288.794,refuse,5,169,
70293.316,refuse,2,168,
70295.287,refuse,4,167,
70299.788,refuse,1,166,
70302.745,start,3,165,
70303.794,refuse,5,169,
70307.081,conflict-at-land,3,165,
70308.316,refuse,2,168,
70310.287,refuse,4,167,
70314.788,refuse,1,166,
70318.794,refuse,5,169,
70322.081,start,3,165,
70323.316,refuse,2,168,
70325.287,refuse,4,167,
70328.828,conflict-at-land,3,165,
70329.788,refuse,1,166,
70333.794,refuse,5,169,
70338.316,refuse,2,168,
70340.287,refuse,4,167,
70343.828,start,3,165,
70344.788,refuse,1,166,
70348.794,refuse,5,169,
70349.79,conflict-at-land,3,165,
70353.316,refuse,2,168,
70355.287,refuse,4,167,
70359.788,refuse,1,166,
70363.794,refuse,5,169,
70364.79,start,3,165,
70368.316,refuse,2,168,
70370.287,refuse,4,167,
70371.708,conflict-at-land,3,165,
70371.708,abandon,3,165,
70371.708,refuse,3,170,
70374.788,refuse,1,166,
70378.794,refuse,5,169,
70383.316,refuse,2,168,
70385.287,refuse,4,167,
70385.476,conflict-at-land,0,160,
70386.708,start,3,170,
70389.788,refuse,1,166,
70393.794,refuse,5,169,
70398.316,refuse,2,168,
70400.287,refuse,4,167,
70400.476,refuse,0,160,
70404.788,refuse,1,166,
70407.363,conflict-at-land,3,170,
70408.794,refuse,5,169,
70413.316,refuse,2,168,
70415.287,refuse,4,167,
70415.476,start,0,160,
70419.788,refuse,1,166,
70422.363,refuse,3,170,
70423.794,refuse,5,169,
70428.316,refuse,2,168,
70430.287,refuse,4,167,
70434.788,refuse,1,166,
70437.363,refuse,3,170,
70438.794,refuse,5,169,
70443.316,refuse,2,168,
70445.287,refuse,4,167,
70449.788,refuse,1,166,
70452.363,refuse,3,170,
70453.794,refuse,5,169,
70458.316,refuse,2,168,
70460.287,refuse,4,167,
70464.788,refuse,1,166,
70467.363,refuse,3,170,
70468.794,refuse,5,169,
70473.316,refuse,2,168,
70475.287,refuse,4,167,
70479.788,refuse,1,166,
70482.363,refuse,3,170,
70483.794,refuse,5,169,
70488.316,refuse,2,168,
70490.287,refuse,4,167,
70494.788,refuse,1,166,
70497.363,refuse,3,170,
70498.794,refuse,5,169,
70503.316,refuse,2,168,
70505.287,refuse,4,167,
70509.788,refuse,1,166,
70512.363,refuse,3,170,
70513.794,refuse,5,169,
70514.514,conflict-at-land,0,160,
70518.316,refuse,2,168,
70520.287,refuse,4,167,
70524.788,refuse,1,166,
70527.363,start,3,170,
70528.794,refuse,5,169,
70529.514,refuse,0,160,
70533.316,refuse,2,168,
70535.287,refuse,4,167,
70539.788,refuse,1,166,
70543.794,refuse,5,169,
70544.514,refuse,0,160,
70548.316,refuse,2,168,
70550.287,refuse,4,167,
70550.692,conflict-at-land,3,170,
70554.788,refuse,1,166,
70558.794,refuse,5,169,
70559.514,start,0,160,
70563.316,refuse,2,168,
70565.287,refuse,4,167,
70565.692,refuse,3,170,
70569.788,refuse,1,166,
70573.794,refuse,5,169,
70578.316,refuse,2,168,
70580.287,refuse,4,167,
70580.692,refuse,3,170,
70584.788,refuse,1,166,
70588.794,refuse,5,169,
70593.316,refuse,2,168,
70595.287,refuse,4,167,
70595.692,refuse,3,170,
70599.788,refuse,1,166,
70603.794,refuse,5,169,
70608.316,refuse,2,168,
70610.287,refuse,4,167,
70610.692,refuse,3,170,
70614.788,refuse,1,166,
70618.794,refuse,5,169,
70623.316,refuse,2,168,
70625.287,refuse,4,167,
70625.692,refuse,3,170,
70629.788,refuse,1,166,
70633.794,refuse,5,169,
70638.316,refuse,2,168,
70640.287,refuse,4,167,
70640.692,refuse,3,170,
70644.788,refuse,1,166,
70648.794,refuse,5,169,
70653.316,refuse,2,168,
70655.287,refuse,4,167,
70655.692,refuse,3,170,
70657.744,conflict-at-land,0,160,
70659.788,refuse,1,166,
70663.794,refuse,5,169,
70668.316,refuse,2,168,
70670.287,refuse,4,167,
70670.692,start,3,170,
70672.744,refuse,0,160,
70674.788,refuse,1,166,
70678.794,refuse,5,169,
70683.316,refuse,2,168,
70685.287,refuse,4,167,
70687.744,refuse,0,160,
70689.788,refuse,1,166,
70693.058,conflict-at-land,3,170,
70693.794,refuse,5,169,
70698.316,refuse,2,168,
70700.287,refuse,4,167,
70702.744,start,0,160,
70704.788,refuse,1,166,
70708.058,refuse,3,170,
70708.794,refuse,5,169,
70713.316,refuse,2,168,
70715.287,refuse,4,167,
70719.788,refuse,1,166,
70723.058,refuse,3,170,
70723.794,refuse,5,169,
70728.316,refuse,2,168,
70730.287,refuse,4,167,
70734.788,refuse,1,166,
70738.058,refuse,3,170,
70738.794,refuse,5,169,
70743.316,refuse,2,168,
70745.287,refuse,4,167,
70749.788,refuse,1,166,
70753.058,refuse,3,170,
70753.794,refuse,5,169,
70758.316,refuse,2,168,
70760.287,refuse,4,167,
70764.788,refuse,1,166,
70768.058,refuse,3,170,
70768.794,refuse,5,169,
70773.316,refuse,2,168,
70775.287,refuse,4,167,
70779.788,refuse,1,166,
70783.058,refuse,3,170,
70783.794,refuse,5,169,
70788.316,refuse,2,168,
70790.287,refuse,4,167,
70794.788,refuse,1,166,
70798.058,refuse,3,170,
70798.794,refuse,5,169,
70803.316,refuse,2,168,
70805.287,refuse,4,167,
70809.788,refuse,1,166,
70813.058,refuse,3,170,
70813.794,refuse,5,169,
70818.316,refuse,2,168,
70820.287,refuse,4,167,
70824.788,refuse,1,166,
70828.058,refuse,3,170,
70828.794,refuse,5,169,
70833.316,refuse,2,168,
70835.287,refuse,4,167,
70839.788,refuse,1,166,
70843.058,refuse,3,170,
70843.794,refuse,5,169,
70848.316,refuse,2,168,
70850.287,refuse,4,167,
70854.788,refuse,1,166,
70858.058,refuse,3,170,
70858.794,refuse,5,169,
70863.316,refuse,2,168,
70865.287,refuse,4,167,
70869.788,refuse,1,166,
70872.667,conflict-at-land,0,160,
70873.058,start,3,170,
70873.794,refuse,5,169,
70878.316,refuse,2,168,
70880.287,refuse,4,167,
70884.788,refuse,1,166,
70887.667,refuse,0,160,
70888.794,refuse,5,169,
70893.316,refuse,2,168,
70894.495,conflict-at-land,3,170,
70895.287,refuse,4,167,
70899.788,refuse,1,166,
70902.667,start,0,160,
70903.794,refuse,5,169,
70908.316,refuse,2,168,
70909.495,refuse,3,170,
70910.287,refuse,4,167,
70914.788,refuse,1,166,
70918.794,refuse,5,169,
70923.316,refuse,2,168,
70924.495,refuse,3,170,
70925.287,refuse,4,167,
70929.788,refuse,1,166,
70933.794,refuse,5,169,
70938.316,refuse,2,168,
70939.495,refuse,3,170,
70940.287,refuse,4,167,
70944.788,refuse,1,166,
70948.794,refuse,5,169,
70953.316,refuse,2,168,
70954.495,refuse,3,170,
70955.287,refuse,4,167,
70959.788,refuse,1,166,
70963.794,refuse,5,169,
70968.316,refuse,2,168,
70969.495,refuse,3,170,
70970.287,refuse,4,167,
70974.788,refuse,1,166,
70978.794,refuse,5,169,
70983.316,refuse,2,168,
70984.495,refuse,3,170,
70985.287,refuse,4,167,
70989.788,refuse,1,166,
70993.794,refuse,5,169,
70998.316,refuse,2,168,
70999.495,refuse,3,170,
71000.287,refuse,4,167,
71004.788,refuse,1,166,
71008.794,refuse,5,169,
71013.316,refuse,2,168,
71014.495,refuse,3,170,
71015.287,refuse,4,167,
71019.788,refuse,1,166,
71023.794,refuse,5,169,
71028.316,refuse,2,168,
71029.495,refuse,3,170,
71030.287,refuse,4,167,
71031.801,conflict-at-land,0,160,
71034.788,refuse,1,166,
71038.794,refuse,5,169,
71043.316,refuse,2,168,
71044.495,start,3,170,
71045.287,refuse,4,167,
71046.801,refuse,0,160,
71049.788,refuse,1,166,
71053.794,refuse,5,169,
71058.316,refuse,2,168,
71060.287,refuse,4,167,
71061.801,refuse,0,160,
71064.788,refuse,1,166,
71068.411,conflict-at-land,3,170,
71068.794,refuse,5,169,
71073.316,refuse,2,168,
71075.287,refuse,4,167,
71076.801,start,0,160,
71079.788,refuse,1,166,
71083.411,refuse,3,170,
71083.794,refuse,5,169,
71088.316,refuse,2,168,
71090.287,refuse,4,167,
71094.788,refuse,1,166,
71098.411,refuse,3,170,
71098.794,refuse,5,169,
71103.316,refuse,2,168,
71105.287,refuse,4,167,
71109.788,refuse,1,166,
71113.411,refuse,3,170,
71113.794,refuse,5,169,
71118.316,refuse,2,168,
71120.287,refuse,4,167,
71124.788,refuse,1,166,
71128.411,refuse,3,170,
71128.794,refuse,5,169,
71133.316,refuse,2,168,
71135.287,refuse,4,167,
71139.788,refuse,1,166,
71143.411,refuse,3,170,
71143.794,refuse,5,169,
71148.316,refuse,2,168,
71150.287,refuse,4,167,
71154.788,refuse,1,166,
71158.411,refuse,3,170,
71158.794,refuse,5,169,
71163.316,refuse,2,168,
71165.287,refuse,4,167,
71169.788,refuse,1,166,
71173.411,refuse,3,170,
71173.794,refuse,5,169,
71178.316,refuse,2,168,
71180.287,refuse,4,167,
71184.788,refuse,1,166,
71188.411,refuse,3,170,
71188.794,refuse,5,169,
71190.519,conflict-at-land,0,160,
71193.316,refuse,2,168,
71195.287,refuse,4,167,
71199.788,refuse,1,166,
71203.411,start,3,170,
71203.794,refuse,5,169,
71205.519,refuse,0,160,
71208.316,refuse,2,168,
71210.287,refuse,4,167,
71214.788,refuse,1,166,
71218.794,refuse,5,169,
71220.519,refuse,0,160,
71223.316,refuse,2,168,
71225.287,refuse,4,167,
71229.481,conflict-at-land,3,170,
71229.788,refuse,1,166,
71233.794,refuse,5,169,
71235.519,start,0,160,
71238.316,refuse,2,168,
71240.287,refuse,4,167,
71244.481,refuse,3,170,
71244.788,refuse,1,166,
71248.794,refuse,5,169,
71253.316,refuse,2,168,
71255.287,refuse,4,167,
71259.481,refuse,3,170,
71259.788,refuse,1,166,
71263.794,refuse,5,169,
71268.316,refuse,2,168,
71270.287,refuse,4,167,
71274.481,refuse,3,170,
71274.788,refuse,1,166,
71278.794,refuse,5,169,
71283.316,refuse,2,168,
71285.287,refuse,4,167,
71289.481,refuse,3,170,
71289.788,refuse,1,166,
71293.794,refuse,5,169,
71298.316,refuse,2,168,
71300.287,refuse,4,167,
71304.481,refuse,3,170,
71304.788,refuse,1,166,
71308.794,refuse,5,169,
71313.316,refuse,2,168,
71315.287,refuse,4,167,
71319.481,refuse,3,170,
71319.788,refuse,1,166,
71323.794,refuse,5,169,
71328.316,refuse,2,168,
71330.287,refuse,4,167,
71334.316,conflict-at-land,0,160,
71334.481,start,3,170,
71334.788,refuse,1,166,
71338.794,refuse,5,169,
71343.316,refuse,2,168,
71345.287,refuse,4,167,
71349.316,refuse,0,160,
71349.788,refuse,1,166,
71353.794,refuse,5,169,
71358.316,refuse,2,168,
71360.287,refuse,4,167,
71360.563,conflict-at-land,3,170,
71364.316,start,0,160,
71364.788,refuse,1,166,
71368.794,refuse,5,169,
71373.316,refuse,2,168,
71375.287,refuse,4,167,
71375.563,refuse,3,170,
71379.788,refuse,1,166,
71383.794,refuse,5,169,
71388.316,refuse,2,168,
71390.287,refuse,4,167,
71390.563,refuse,3,170,
71394.788,refuse,1,166,
71398.794,refuse,5,169,
71403.316,refuse,2,168,
71405.287,refuse,4,167,
71405.563,refuse,3,170,
71409.788,refuse,1,166,
71413.794,refuse,5,169,
71418.316,refuse,2,168,
71420.287,refuse,4,167,
71420.563,refuse,3,170,
71424.788,refuse,1,166,
71428.794,refuse,5,169,
71433.316,refuse,2,168,
71435.287,refuse,4,167,
71435.563,refuse,3,170,
71439.788,refuse,1,166,
71443.794,refuse,5,169,
71448.316,refuse,2,168,
71450.287,refuse,4,167,
71450.563,refuse,3,170,
71454.788,refuse,1,166,
71458.794,refuse,5,169,
71463.316,refuse,2,168,
71464.07,conflict-at-land,0,160,
71465.287,refuse,4,167,
71465.563,start,3,170,
71469.788,refuse,1,166,
71473.794,refuse,5,169,
71478.316,refuse,2,168,
71479.07,refuse,0,160,
71480.287,refuse,4,167,
71484.788,refuse,1,166,
71488.794,refuse,5,169,
71491.468,conflict-at-land,3,170,
71493.316,refuse,2,168,
71494.07,start,0,160,
71495.287,refuse,4,167,
71499.788,refuse,1,166,
71503.794,refuse,5,169,
71506.468,refuse,3,170,
71508.316,refuse,2,168,
71510.287,refuse,4,167,
71514.788,refuse,1,166,
71518.794,refuse,5,169,
71521.468,refuse,3,170,
71523.316,refuse,2,168,
71525.287,refuse,4,167,
71529.788,refuse,1,166,
71533.794,refuse,5,169,
71536.468,refuse,3,170,
71538.316,refuse,2,168,
71540.287,refuse,4,167,
71544.788,refuse,1,166,
71548.794,refuse,5,169,
71551.468,refuse,3,170,
71553.316,refuse,2,168,
71555.287,refuse,4,167,
71559.788,refuse,1,166,
71563.794,refuse,5,169,
71566.468,refuse,3,170,
71568.316,refuse,2,168,
71570.287,refuse,4,167,
71574.788,refuse,1,166,
71578.794,refuse,5,169,
71581.468,refuse,3,170,
71583.316,refuse,2,168,
71585.287,refuse,4,167,
71589.788,refuse,1,166,
71593.794,refuse,5,169,
71596.468,refuse,3,170,
71598.316,refuse,2,168,
71600.287,refuse,4,167,
71604.788,refuse,1,166,
71608.794,refuse,5,169,
71611.468,refuse,3,170,
71613.316,refuse,2,168,
71615.287,refuse,4,167,
71619.788,refuse,1,166,
71623.794,refuse,5,169,
71625.877,conflict-at-land,0,160,
71626.468,start,3,170,
71628.316,refuse,2,168,
71630.287,refuse,4,167,
71634.788,refuse,1,166,
71638.794,refuse,5,169,
71640.877,refuse,0,160,
71643.316,refuse,2,168,
71645.287,refuse,4,167,
71647.963,conflict-at-land,3,170,
71649.788,refuse,1,166,
71653.794,refuse,5,169,
71655.877,start,0,160,
71658.316,refuse,2,168,
71660.287,refuse,4,167,
71662.963,refuse,3,170,
71664.788,refuse,1,166,
71668.794,refuse,5,169,
71673.316,refuse,2,168,
71675.287,refuse,4,167,
71677.963,refuse,3,170,
71679.788,refuse,1,166,
71683.794,refuse,5,169,
71688.316,refuse,2,168,
71690.287,refuse,4,167,
71692.963,refuse,3,170,
71694.788,refuse,1,166,
71698.794,refuse,5,169,
71703.316,refuse,2,168,
71705.287,refuse,4,167,
71707.963,refuse,3,170,
71709.788,refuse,1,166,
71713.794,refuse,5,169,
71718.316,refuse,2,168,
71720.287,refuse,4,167,
71722.963,refuse,3,170,
71724.788,refuse,1,166,
71728.794,refuse,5,169,
71733.316,refuse,2,168,
71735.287,refuse,4,167,
71737.963,refuse,3,170,
71739.788,refuse,1,166,
71743.794,refuse,5,169,
71748.316,refuse,2,168,
71750.287,refuse,4,167,
71752.963,refuse,3,170,
71754.788,refuse,1,166,
71758.794,refuse,5,169,
71763.316,refuse,2,168,
71765.287,refuse,4,167,
71767.963,refuse,3,170,
71769.788,refuse,1,166,
71773.794,refuse,5,169,
71777.665,conflict-at-land,0,160,
71778.316,refuse,2,168,
71780.287,refuse,4,167,
71782.963,start,3,170,
71784.788,refuse,1,166,
71788.794,refuse,5,169,
71792.665,refuse,0,160,
71793.316,refuse,2,168,
71795.287,refuse,4,167,
71799.788,refuse,1,166,
71803.794,refuse,5,169,
71806.939,conflict-at-land,3,170,
71807.665,start,0,160,
71808.316,refuse,2,168,
71810.287,refuse,4,167,
71814.788,refuse,1,166,
71818.794,refuse,5,169,
71821.939,refuse,3,170,
71823.316,refuse,2,168,
71825.287,refuse,4,167,
71829.788,refuse,1,166,
71833.794,refuse,5,169,
71836.939,refuse,3,170,
71838.316,refuse,2,168,
71840.287,refuse,4,167,
71844.788,refuse,1,166,
71844.788,abandon,1,166,
71844.788,start,1,171,
71848.794,refuse,5,169,
71851.939,refuse,3,170,
71853.316,refuse,2,168,
71855.287,refuse,4,167,
71861.409,conflict-at-land,1,171,
71863.794,refuse,5,169,
71866.939,refuse,3,170,
71868.316,refuse,2,168,
71870.287,refuse,4,167,
71876.409,start,1,171,
71878.794,refuse,5,169,
71881.939,refuse,3,170,
71883.316,refuse,2,168,
71885.287,refuse,4,167,
71893.794,refuse,5,169,
71896.939,refuse,3,170,
71897.88,conflict-at-land,1,171,
71898.316,refuse,2,168,
71900.287,refuse,4,167,
71908.794,refuse,5,169,
71911.939,refuse,3,170,
71912.88,start,1,171,
71913.316,refuse,2,168,
71915.287,refuse,4,167,
71923.794,refuse,5,169,
71926.939,refuse,3,170,
71928.316,refuse,2,168,
71929.421,conflict-at-land,1,171,
71930.287,refuse,4,167,
71938.794,refuse,5,169,
71941.939,refuse,3,170,
71943.316,refuse,2,168,
71944.421,start,1,171,
71945.287,refuse,4,167,
71953.794,refuse,5,169,
71956.939,refuse,3,170,
71958.316,refuse,2,168,
71960.287,refuse,4,167,
71968.794,refuse,5,169,
71968.899,conflict-at-land,1,171,
71971.939,refuse,3,170,
71973.316,refuse,2,168,
71975.287,refuse,4,167,
71983.794,refuse,5,169,
71983.899,start,1,171,
71984.344,conflict-at-land,0,160,
71986.939,start,3,170,
71988.316,refuse,2,168,
71990.287,refuse,4,167,
71998.794,refuse,5,169,
71999.344,refuse,0,160,
71999.364,conflict-at-land,1,171,
72003.316,refuse,2,168,
72005.287,refuse,4,167,
72005.794,conflict-at-land,3,170,
72013.794,refuse,5,169,
72014.344,start,0,160,
72014.364,start,1,171,
72018.316,refuse,2,168,
72020.287,refuse,4,167,
72020.794,refuse,3,170,
72028.794,refuse,5,169,
72033.316,refuse,2,168,
72035.287,refuse,4,167,
72035.794,refuse,3,170,
72038.347,conflict-at-land,1,171,
72043.794,refuse,5,169,
72048.316,refuse,2,168,
72050.287,refuse,4,167,
72050.794,refuse,3,170,
72053.347,start,1,171,
72058.794,refuse,5,169,
72063.316,refuse,2,168,
72065.287,refuse,4,167,
72065.794,refuse,3,170,
72070.641,conflict-at-land,1,171,
72073.794,refuse,5,169,
72078.316,refuse,2,168,
72080.287,refuse,4,167,
72080.794,refuse,3,170,
72085.641,start,1,171,
72088.794,refuse,5,169,
72093.316,refuse,2,168,
72095.287,refuse,4,167,
72095.794,refuse,3,170,
72103.794,refuse,5,169,
72108.316,refuse,2,168,
72110.287,refuse,4,167,
72110.794,refuse,3,170,
72111.519,conflict-at-land,1,171,
72118.794,refuse,5,169,
72123.316,refuse,2,168,
72125.287,refuse,4,167,
72125.794,refuse,3,170,
72126.519,start,1,171,
72128.93,conflict-at-land,0,160,
72133.794,refuse,5,169,
72138.316,refuse,2,168,
72140.287,refuse,4,167,
72140.794,start,3,170,
72143.93,refuse,0,160,
72148.794,refuse,5,169,
72151.368,conflict-at-land,1,171,
72153.316,refuse,2,168,
72155.287,refuse,4,167,
72156.945,conflict-at-land,3,170,
72158.93,start,0,160,
72163.794,refuse,5,169,
72166.368,start,1,171,
72168.316,refuse,2,168,
72170.287,refuse,4,167,
72171.945,refuse,3,170,
72178.794,refuse,5,169,
72183.316,refuse,2,168,
72185.287,refuse,4,167,
72185.287,abandon,4,167,
72185.287,start,4,172,
72186.945,refuse,3,170,
72192.094,conflict-at-land,1,171,
72192.141,land,4,172,
72192.141,start,4,173,
72193.794,refuse,5,169,
72198.316,refuse,2,168,
72201.945,refuse,3,170,
72205.772,conflict-at-land,4,173,
72207.094,start,1,171,
72208.794,refuse,5,169,
72213.316,refuse,2,168,
72216.945,refuse,3,170,
72220.772,start,4,173,
72223.47,conflict-at-land,6,155,
72223.794,start,5,169,
72225.567,conflict-at-land,1,171,
72228.316,refuse,2,168,
72229.124,conflict-at-land,5,169,
72230.888,conflict-at-land,4,173,
72231.945,refuse,3,170,
72238.47,start,6,155,
72240.567,start,1,171,
72243.316,refuse,2,168,
72244.124,refuse,5,169,
72245.888,start,4,173,
72246.945,refuse,3,170,
72255.521,conflict-at-land,4,173,
72258.316,refuse,2,168,
72259.124,refuse,5,169,
72261.945,refuse,3,170,
72265.385,conflict-at-land,1,171,
72270.521,start,4,173,
72273.316,refuse,2,168,
72273.316,abandon,2,168,
72273.316,start,2,174,
72274.124,refuse,5,169,
72276.945,refuse,3,170,
72279.891,conflict-at-land,2,174,
72280.385,start,1,171,
72280.633,conflict-at-land,4,173,
72289.124,refuse,5,169,
72291.945,refuse,3,170,
72294.891,refuse,2,174,
72295.633,start,4,173,
72301.214,conflict-at-land,1,171,
72304.124,refuse,5,169,
72305.888,conflict-at-land,4,173,
72306.945,refuse,3,170,
72309.891,start,2,174,
72314.565,conflict-at-land,2,174,
72316.214,start,1,171,
72319.124,refuse,5,169,
72320.888,start,4,173,
72321.945,refuse,3,170,
72329.565,refuse,2,174,
72331.589,conflict-at-land,4,173,
72334.124,refuse,5,169,
72334.159,conflict-at-land,1,171,
72335.769,conflict-at-land,0,160,
72336.945,start,3,170,
72344.565,start,2,174,
72346.589,start,4,173,
72349.124,refuse,5,169,
72349.159,refuse,1,171,
72349.863,conflict-at-land,2,174,
72350.769,refuse,0,160,
72354.957,conflict-at-land,3,170,
72359.418,conflict-at-land,4,173,
72364.124,refuse,5,169,
72364.159,start,1,171,
72364.863,refuse,2,174,
72365.769,start,0,160,
72369.957,refuse,3,170,
72374.418,start,4,173,
72379.124,refuse,5,169,
72379.863,refuse,2,174,
72384.957,refuse,3,170,
72385.177,conflict-at-land,4,173,
72388.66,conflict-at-land,1,171,
72394.124,refuse,5,169,
72394.863,start,2,174,
72399.666,conflict-at-land,2,174,
72399.957,refuse,3,170,
72400.177,start,4,173,
72403.66,start,1,171,
72409.097,conflict-at-land,4,173,
72409.124,refuse,5,169,
72414.666,refuse,2,174,
72414.957,refuse,3,170,
72424.097,start,4,173,
72424.124,refuse,5,169,
72429.666,refuse,2,174,
72429.957,refuse,3,170,
72430.888,conflict-at-land,1,171,
72433.977,conflict-at-land,4,173,
72439.124,refuse,5,169,
72444.666,start,2,174,
72444.957,refuse,3,170,
72445.888,refuse,1,171,
72448.977,start,4,173,
72451.129,conflict-at-land,2,174,
72454.124,refuse,5,169,
72459.896,conflict-at-land,4,173,
72459.957,refuse,3,170,
72460.888,start,1,171,
72466.129,refuse,2,174,
72469.124,refuse,5,169,
72474.896,start,4,173,
72474.957,refuse,3,170,
72476.79,conflict-at-land,1,171,
72481.129,start,2,174,
72484.124,refuse,5,169,
72487.43,conflict-at-land,2,174,
72488.139,conflict-at-land,4,173,
72489.957,refuse,3,170,
72491.79,start,1,171,
72499.124,refuse,5,169,
72502.43,refuse,2,174,
72503.139,start,4,173,
72504.957,refuse,3,170,
72506.995,conflict-at-land,1,171,
72510.232,conflict-at-land,0,160,
72514.124,refuse,5,169,
72516.245,conflict-at-land,4,173,
72517.43,start,2,174,
72519.957,start,3,170,
72521.995,refuse,1,171,
72524.932,conflict-at-land,2,174,
72525.232,refuse,0,160,
72529.124,refuse,5,169,
72531.245,start,4,173,
72536.995,start,1,171,
72539.294,conflict-at-land,3,170,
72539.932,refuse,2,174,
72540.232,start,0,160,
72542.879,conflict-at-land,4,173,
72544.124,refuse,5,169,
72554.294,refuse,3,170,
72554.932,refuse,2,174,
72557.879,start,4,173,
72559.124,refuse,5,169,
72563.759,conflict-at-land,1,171,
72569.294,refuse,3,170,
72569.932,start,2,174,
72572.475,conflict-at-land,4,173,
72574.124,refuse,5,169,
72575.818,conflict-at-land,2,174,
72578.759,start,1,171,
72584.294,refuse,3,170,
72587.475,start,4,173,
72589.124,refuse,5,169,
72590.818,refuse,2,174,
72598.214,conflict-at-land,4,173,
72599.294,refuse,3,170,
72603.435,conflict-at-land,1,171,
72604.124,refuse,5,169,
72605.818,start,2,174,
72610.63,conflict-at-land,2,174,
72613.214,start,4,173,
72614.294,refuse,3,170,
72618.435,start,1,171,
72619.124,refuse,5,169,
72623.721,conflict-at-land,4,173,
72625.63,refuse,2,174,
72629.294,refuse,3,170,
72634.124,refuse,5,169,
72636.292,conflict-at-land,1,171,
72638.721,start,4,173,
72640.63,start,2,174,
72644.294,refuse,3,170,
72648.227,conflict-at-land,2,174,
72649.031,conflict-at-land,4,173,
72649.124,refuse,5,169,
72651.292,start,1,171,
72659.294,refuse,3,170,
72663.227,refuse,2,174,
72664.031,start,4,173,
72664.124,refuse,5,169,
72667.0,conflict-at-land,1,171,
72674.294,refuse,3,170,
72677.874,conflict-at-land,4,173,
72678.227,start,2,174,
72679.124,refuse,5,169,
72682.0,refuse,1,171,
72683.472,conflict-at-land,2,174,
72689.294,refuse,3,170,
72692.874,start,4,173,
72694.124,refuse,5,169,
72696.67,conflict-at-land,0,160,
72697.0,start,1,171,
72698.472,refuse,2,174,
72704.145,conflict-at-land,4,173,
72704.294,start,3,170,
72709.124,refuse,5,169,
72711.67,refuse,0,160,
72713.472,refuse,2,174,
72719.145,start,4,173,
72724.124,refuse,5,169,
72724.253,conflict-at-land,1,171,
72726.396,conflict-at-land,3,170,
72726.67,start,0,160,
72728.472,start,2,174,
72732.175,conflict-at-land,4,173,
72732.901,conflict-at-land,2,174,
72739.124,refuse,5,169,
72739.253,start,1,171,
72741.396,refuse,3,170,
72747.175,start,4,173,
72747.901,refuse,2,174,
72754.124,refuse,5,169,
72756.315,conflict-at-land,4,173,
72756.396,refuse,3,170,
72758.249,conflict-at-land,1,171,
72762.901,start,2,174,
72769.124,refuse,5,169,
72770.2,conflict-at-land,2,174,
72771.315,start,4,173,
72771.396,refuse,3,170,
72773.249,start,1,171,
72784.124,refuse,5,169,
72784.598,conflict-at-land,4,173,
72785.2,refuse,2,174,
72786.396,refuse,3,170,
72798.638,conflict-at-land,1,171,
72799.124,refuse,5,169,
72799.598,start,4,173,
72800.2,start,2,174,
72801.396,refuse,3,170,
72804.644,conflict-at-land,2,174,
72812.055,conflict-at-land,4,173,
72813.638,start,1,171,
72814.124,refuse,5,169,
72816.396,refuse,3,170,
72819.644,refuse,2,174,
72827.055,start,4,173,
72829.124,refuse,5,169,
72831.396,refuse,3,170,
72834.409,conflict-at-land,1,171,
72834.644,start,2,174,
72841.559,conflict-at-land,4,173,
72842.241,conflict-at-land,2,174,
72844.124,refuse,5,169,
72846.396,refuse,3,170,
72849.409,start,1,171,
72856.559,start,4,173,
72857.241,refuse,2,174,
72859.124,refuse,5,169,
72861.396,refuse,3,170,
72865.276,conflict-at-land,4,173,
72872.241,refuse,2,174,
72874.124,refuse,5,169,
72874.897,conflict-at-land,1,171,
72876.396,refuse,3,170,
72880.276,start,4,173,
72887.241,start,2,174,
72889.124,refuse,5,169,
72889.897,refuse,1,171,
72891.396,refuse,3,170,
72891.471,conflict-at-land,0,160,
72893.214,conflict-at-land,2,174,
72895.226,conflict-at-land,4,173,
72904.124,refuse,5,169,
72904.897,start,1,171,
72906.396,start,3,170,
72906.471,refuse,0,160,
72908.214,refuse,2,174,
72910.226,start,4,173,
72919.124,refuse,5,169,
72921.471,refuse,0,160,
72922.258,conflict-at-land,3,170,
72923.214,refuse,2,174,
72925.701,conflict-at-land,4,173,
72927.711,conflict-at-land,1,171,
72934.124,refuse,5,169,
72936.471,start,0,160,
72937.258,refuse,3,170,
72938.214,start,2,174,
72940.701,start,4,173,
72942.711,refuse,1,171,
72944.433,conflict-at-land,2,174,
72949.124,refuse,5,169,
72952.258,refuse,3,170,
72955.081,conflict-at-land,4,173,
72957.711,start,1,171,
72959.433,refuse,2,174,
72964.124,refuse,5,169,
72967.258,refuse,3,170,
72970.081,start,4,173,
72974.433,refuse,2,174,
72977.148,conflict-at-land,1,171,
72979.124,refuse,5,169,
72980.968,conflict-at-land,4,173,
72982.258,refuse,3,170,
72989.433,start,2,174,
72992.148,refuse,1,171,
72994.124,refuse,5,169,
72994.678,conflict-at-land,2,174,
72995.968,start,4,173,
72997.258,refuse,3,170,
73005.346,conflict-at-land,4,173,
73007.148,start,1,171,
73009.124,refuse,5,169,
73009.678,refuse,2,174,
73012.258,refuse,3,170,
73020.346,start,4,173,
73024.124,refuse,5,169,
73024.678,refuse,2,174,
73027.258,refuse,3,170,
73031.311,conflict-at-land,1,171,
73032.888,conflict-at-land,4,173,
73039.124,refuse,5,169,
73039.678,start,2,174,
73042.258,refuse,3,170,
73046.239,conflict-at-land,2,174,
73046.311,start,1,171,
73047.888,start,4,173,
73054.124,refuse,5,169,
73057.258,refuse,3,170,
73059.432,conflict-at-land,4,173,
73061.239,refuse,2,174,
73069.124,refuse,5,169,
73070.974,conflict-at-land,1,171,
73072.258,refuse,3,170,
73074.432,start,4,173,
73076.239,start,2,174,
73082.281,conflict-at-land,2,174,
73084.124,refuse,5,169,
73085.974,start,1,171,
73086.246,conflict-at-land,4,173,
73087.258,refuse,3,170,
73093.339,conflict-at-land,0,160,
73097.281,refuse,2,174,
73099.124,refuse,5,169,
73101.246,start,4,173,
73102.258,start,3,170,
73103.884,conflict-at-land,1,171,
73108.339,refuse,0,160,
73112.281,start,2,174,
73114.124,refuse,5,169,
73116.11,conflict-at-land,4,173,
73117.476,conflict-at-land,2,174,
73118.884,start,1,171,
73123.339,refuse,0,160,
73126.492,conflict-at-land,3,170,
73129.124,refuse,5,169,
73131.11,start,4,173,
73132.476,refuse,2,174,
73136.551,conflict-at-land,1,171,
73138.339,start,0,160,
73141.492,refuse,3,170,
73144.124,refuse,5,169,
73145.675,conflict-at-land,4,173,
73147.476,start,2,174,
73151.551,refuse,1,171,
73153.25,conflict-at-land,2,174,
73156.492,refuse,3,170,
73159.124,refuse,5,169,
73160.675,start,4,173,
73166.551,start,1,171,
73168.25,refuse,2,174,
73170.696,conflict-at-land,4,173,
73171.492,refuse,3,170,
73174.124,refuse,5,169,
73183.25,refuse,2,174,
73185.696,start,4,173,
73186.492,refuse,3,170,
73187.373,conflict-at-land,1,171,
73189.124,refuse,5,169,
73195.113,conflict-at-land,4,173,
73198.25,start,2,174,
73201.492,refuse,3,170,
73202.373,refuse,1,171,
73203.575,conflict-at-land,2,174,
73204.124,refuse,5,169,
73210.113,start,4,173,
73216.492,refuse,3,170,
73217.373,start,1,171,
73218.575,refuse,2,174,
73219.124,refuse,5,169,
73219.194,conflict-at-land,4,173,
73231.492,refuse,3,170,
73233.575,refuse,2,174,
73234.124,refuse,5,169,
73234.194,start,4,173,
73240.014,conflict-at-land,1,171,
73246.492,refuse,3,170,
73247.076,conflict-at-land,4,173,
73248.575,start,2,174,
73249.124,refuse,5,169,
73253.756,conflict-at-land,2,174,
73255.014,start,1,171,
73256.452,conflict-at-land,0,160,
73261.492,start,3,170,
73262.076,start,4,173,
73264.124,refuse,5,169,
73268.756,refuse,2,174,
73271.452,refuse,0,160,
73277.291,conflict-at-land,4,173,
73279.124,refuse,5,169,
73280.895,conflict-at-land,1,171,
73283.756,start,2,174,
73286.452,refuse,0,160,
73288.347,conflict-at-land,3,170,
73288.927,conflict-at-land,2,174,
73292.291,start,4,173,
73294.124,refuse,5,169,
73294.124,abandon,5,169,
73294.124,start,5,175,
73295.895,start,1,171,
73301.452,start,0,160,
73303.347,refuse,3,170,
73303.927,refuse,2,174,
73304.337,conflict-at-land,5,175,
73306.155,conflict-at-land,4,173,
73312.135,conflict-at-land,1,171,
73318.347,refuse,3,170,
73318.927,start,2,174,
73319.337,start,5,175,
73321.155,start,4,173,
73326.341,conflict-at-land,2,174,
73327.135,start,1,171,
73328.965,conflict-at-land,5,175,
73329.941,conflict-at-land,4,173,
73333.347,refuse,3,170,
73341.341,refuse,2,174,
73342.905,conflict-at-land,1,171,
73343.965,start,5,175,
73344.941,start,4,173,
73348.347,refuse,3,170,
73352.956,conflict-at-land,5,175,
73356.341,start,2,174,
73357.905,refuse,1,171,
73359.911,conflict-at-land,4,173,
73363.347,refuse,3,170,
73363.419,conflict-at-land,2,174,
73367.956,start,5,175,
73372.905,start,1,171,
73374.911,start,4,173,
73378.347,refuse,3,170,
73378.419,refuse,2,174,
73379.46,conflict-at-land,5,175,
73384.881,conflict-at-land,4,173,
73391.23,conflict-at-land,1,171,
73393.347,refuse,3,170,
73393.419,start,2,174,
73394.46,start,5,175,
73399.881,start,4,173,
73400.436,conflict-at-land,2,174,
73403.169,conflict-at-land,5,175,
73406.23,start,1,171,
73408.347,refuse,3,170,
73414.915,conflict-at-land,4,173,
73415.436,refuse,2,174,
73418.169,start,5,175,
73423.347,refuse,3,170,
73426.153,conflict-at-land,5,175,
73429.482,conflict-at-land,1,171,
73429.915,start,4,173,
73430.436,start,2,174,
73431.299,conflict-at-land,0,160,
73434.772,conflict-at-land,2,174,
73438.347,start,3,170,
73441.153,refuse,5,175,
73444.482,start,1,171,
73445.208,conflict-at-land,4,173,
73446.299,refuse,0,160,
73449.772,refuse,2,174,
73456.153,refuse,5,175,
73460.208,start,4,173,
73461.299,refuse,0,160,
73464.772,refuse,2,174,
73465.096,conflict-at-land,3,170,
73470.823,conflict-at-land,1,171,
73471.153,start,5,175,
73472.975,conflict-at-land,4,173,
73476.299,start,0,160,
73478.179,conflict-at-land,5,175,
73479.772,start,2,174,
73480.096,refuse,3,170,
73484.16,conflict-at-land,2,174,
73485.823,start,1,171,
73487.975,start,4,173,
73493.179,start,5,175,
73495.096,refuse,3,170,
73496.833,conflict-at-land,4,173,
73499.16,refuse,2,174,
73503.936,conflict-at-land,5,175,
73506.906,conflict-at-land,1,171,
73510.096,refuse,3,170,
73511.833,start,4,173,
73514.16,start,2,174,
73518.936,start,5,175,
73521.537,conflict-at-land,2,174,
73521.906,start,1,171,
73523.913,conflict-at-land,4,173,
73525.096,refuse,3,170,
73527.023,conflict-at-land,5,175,
73536.537,refuse,2,174,
73538.913,start,4,173,
73540.096,refuse,3,170,
73542.023,start,5,175,
73542.527,conflict-at-land,1,171,
73548.44,conflict-at-land,5,175,
73551.068,conflict-at-land,4,173,
73551.537,start,2,174,
73555.096,refuse,3,170,
73556.116,conflict-at-land,2,174,
73557.527,start,1,171,
73563.44,start,5,175,
73566.068,start,4,173,
73570.096,refuse,3,170,
73570.785,conflict-at-land,5,175,
73571.116,refuse,2,174,
73580.058,conflict-at-land,1,171,
73580.628,conflict-at-land,4,173,
73585.096,refuse,3,170,
73585.785,start,5,175,
73586.116,start,2,174,
73589.841,conflict-at-land,0,160,
73591.193,conflict-at-land,2,174,
73595.058,start,1,171,
73595.628,start,4,173,
73596.296,conflict-at-land,5,175,
73600.096,start,3,170,
73604.841,refuse,0,160,
73606.193,refuse,2,174,
73609.122,conflict-at-land,4,173,
73611.296,refuse,5,175,
73616.575,conflict-at-land,1,171,
73616.811,conflict-at-land,3,170,
73619.841,start,0,160,
73621.193,start,2,174,
73624.122,start,4,173,
73625.534,conflict-at-land,2,174,
73626.296,start,5,175,
73631.575,start,1,171,
73631.811,refuse,3,170,
73632.562,conflict-at-land,4,173,
73635.857,conflict-at-land,5,175,
73640.534,refuse,2,174,
73646.811,refuse,3,170,
73647.562,start,4,173,
73650.857,start,5,175,
73651.53,conflict-at-land,1,171,
73655.534,start,2,174,
73657.914,conflict-at-land,5,175,
73660.494,conflict-at-land,4,173,
73661.811,refuse,3,170,
73662.925,conflict-at-land,2,174,
73666.53,start,1,171,
73672.914,start,5,175,
73675.494,start,4,173,
73676.811,refuse,3,170,
73677.925,refuse,2,174,
73683.489,conflict-at-land,5,175,
73686.181,conflict-at-land,1,171,
73690.225,conflict-at-land,4,173,
73691.811,refuse,3,170,
73692.925,start,2,174,
73698.117,conflict-at-land,2,174,
73698.489,start,5,175,
73701.181,start,1,171,
73705.225,start,4,173,
73705.851,conflict-at-land,5,175,
73706.811,refuse,3,170,
73713.117,refuse,2,174,
73717.432,conflict-at-land,4,173,
73720.851,start,5,175,
73720.899,conflict-at-land,1,171,
73721.811,refuse,3,170,
73728.117,start,2,174,
73732.432,start,4,173,
73732.436,conflict-at-land,5,175,
73733.899,conflict-at-land,2,174,
73735.899,start,1,171,
73736.811,refuse,3,170,
73742.058,conflict-at-land,4,173,
73747.436,start,5,175,
73748.899,refuse,2,174,
73751.811,refuse,3,170,
73757.058,start,4,173,
73758.467,conflict-at-land,5,175,
73760.717,conflict-at-land,1,171,
73763.899,start,2,174,
73766.811,refuse,3,170,
73771.283,conflict-at-land,2,174,
73772.114,conflict-at-land,4,173,
73773.186,conflict-at-land,0,160,
73773.467,start,5,175,
73775.717,start,1,171,
73781.417,conflict-at-land,5,175,
73781.811,start,3,170,
73786.283,refuse,2,174,
73787.114,start,4,173,
73788.186,refuse,0,160,
73795.275,conflict-at-land,1,171,
73796.417,refuse,5,175,
73799.665,conflict-at-land,3,170,
73801.255,conflict-at-land,4,173,
73801.283,start,2,174,
73803.186,start,0,160,
73808.621,conflict-at-land,2,174,
73810.275,start,1,171,
73811.417,start,5,175,
73814.665,refuse,3,170,
73816.255,start,4,173,
73817.894,conflict-at-land,5,175,
73823.621,refuse,2,174,
73824.964,conflict-at-land,4,173,
73829.665,refuse,3,170,
73829.665,abandon,3,170,
73829.665,start,3,176,
73832.568,conflict-at-land,1,171,
73832.894,start,5,175,
73838.621,start,2,174,
73839.964,start,4,173,
73840.695,conflict-at-land,5,175,
73844.154,conflict-at-land,2,174,
73847.568,start,1,171,
73849.301,conflict-at-land,4,173,
73855.046,conflict-at-land,3,176,
73855.695,start,5,175,
73859.154,refuse,2,174,
73864.301,start,4,173,
73866.334,conflict-at-land,5,175,
73870.046,start,3,176,
73874.154,refuse,2,174,
73874.546,conflict-at-land,1,171,
73878.882,conflict-at-land,4,173,
73881.334,start,5,175,
73888.313,conflict-at-land,5,175,
73889.154,start,2,174,
73889.546,refuse,1,171,
73891.734,conflict-at-land,3,176,
73893.85,conflict-at-land,2,174,
73893.882,start,4,173,
73903.313,start,5,175,
73904.546,start,1,171,
73906.734,start,3,176,
73908.85,refuse,2,174,
73908.882,conflict-at-land,4,173,
73912.209,conflict-at-land,5,175,
73921.959,conflict-at-land,1,171,
73923.85,start,2,174,
73923.882,start,4,173,
73927.209,start,5,175,
73930.021,conflict-at-land,0,160,
73931.241,conflict-at-land,2,174,
73933.691,conflict-at-land,4,173,
73936.678,conflict-at-land,3,176,
73936.959,start,1,171,
73937.845,conflict-at-land,5,175,
73945.021,start,0,160,
73946.241,refuse,2,174,
73948.691,start,4,173,
73951.678,start,3,176,
73952.845,start,5,175,
73953.892,conflict-at-land,1,171,
73958.565,conflict-at-land,4,173,
73961.241,start,2,174,
73961.608,conflict-at-land,5,175,
73966.802,conflict-at-land,2,174,
73968.892,start,1,171,
73973.565,start,4,173,
73976.608,start,5,175,
73978.084,conflict-at-land,3,176,
73981.802,refuse,2,174,
73983.392,conflict-at-land,4,173,
73987.079,conflict-at-land,5,175,
73993.084,start,3,176,
73993.15,conflict-at-land,1,171,
73996.802,start,2,174,
73998.392,start,4,173,
74002.077,conflict-at-land,2,174,
74002.079,start,5,175,
74007.008,conflict-at-land,4,173,
74008.15,start,1,171,
74009.965,conflict-at-land,5,175,
74017.077,refuse,2,174,
74020.362,conflict-at-land,3,176,
74022.008,start,4,173,
74024.965,start,5,175,
74026.874,conflict-at-land,1,171,
74030.801,conflict-at-land,4,173,
74031.381,conflict-at-land,5,175,
74032.077,start,2,174,
74035.362,start,3,176,
74038.885,conflict-at-land,2,174,
74041.874,start,1,171,
74045.801,start,4,173,
74046.381,start,5,175,
74050.539,conflict-at-land,0,160,
74052.175,conflict-at-land,3,176,
74053.885,refuse,2,174,
74054.341,conflict-at-land,4,173,
74054.451,conflict-at-land,5,175,
74065.539,start,0,160,
74067.175,start,3,176,
74068.885,refuse,2,174,
74069.022,conflict-at-land,1,171,
74069.341,start,4,173,
74069.451,start,5,175,
74077.017,conflict-at-land,5,175,
74079.189,conflict-at-land,4,173,
74083.885,start,2,174,
74084.022,refuse,1,171,
74091.63,conflict-at-land,2,174,
74092.017,start,5,175,
74094.189,start,4,173,
74096.701,conflict-at-land,3,176,
74099.022,start,1,171,
74102.016,conflict-at-land,5,175,
74103.44,conflict-at-land,4,173,
74106.63,refuse,2,174,
74111.701,start,3,176,
74117.016,start,5,175,
74118.44,start,4,173,
74121.63,refuse,2,174,
74123.249,conflict-at-land,1,171,
74125.68,conflict-at-land,5,175,
74130.312,conflict-at-land,3,176,
74131.8,conflict-at-land,4,173,
74136.63,start,2,174,
74138.249,refuse,1,171,
74140.68,start,5,175,
74141.873,conflict-at-land,2,174,
74145.312,start,3,176,
74146.8,start,4,173,
74151.606,conflict-at-land,5,175,
74153.249,start,1,171,
74156.198,conflict-at-land,4,173,
74156.873,refuse,2,174,
74162.657,conflict-at-land,3,176,
74166.606,start,5,175,
74171.198,start,4,173,
74171.873,refuse,2,174,
74176.207,conflict-at-land,1,171,
74177.657,start,3,176,
74178.233,conflict-at-land,5,175,
74184.243,conflict-at-land,4,173,
74186.873,start,2,174,
74191.207,refuse,1,171,
74193.233,start,5,175,
74193.472,conflict-at-land,2,174,
74199.243,start,4,173,
74201.59,conflict-at-land,5,175,
74203.753,conflict-at-land,3,176,
74206.207,start,1,171,
74208.472,refuse,2,174,
74209.443,conflict-at-land,0,160,
74210.323,conflict-at-land,4,173,
74216.59,start,5,175,
74218.753,start,3,176,
74223.374,conflict-at-land,5,175,
74223.472,refuse,2,174,
74224.443,start,0,160,
74225.323,start,4,173,
74229.446,conflict-at-land,1,171,
74236.097,conflict-at-land,4,173,
74238.374,start,5,175,
74238.472,start,2,174,
74244.446,refuse,1,171,
74245.2,conflict-at-land,2,174,
74245.793,conflict-at-land,5,175,
74249.689,conflict-at-land,3,176,
74251.097,start,4,173,
74259.446,start,1,171,
74260.2,refuse,2,174,
74260.793,start,5,175,
74264.689,start,3,176,
74265.254,conflict-at-land,4,173,
74269.031,conflict-at-land,5,175,
74275.2,refuse,2,174,
74278.342,conflict-at-land,1,171,
74280.254,start,4,173,
74284.031,start,5,175,
74288.369,conflict-at-land,3,176,
74289.77,conflict-at-land,4,173,
74290.2,start,2,174,
74293.342,refuse,1,171,
74294.571,conflict-at-land,2,174,
74295.3,conflict-at-land,5,175,
74303.369,start,3,176,
74304.77,start,4,173,
74308.342,start,1,171,
74309.571,refuse,2,174,
74310.3,start,5,175,
74316.946,conflict-at-land,5,175,
74319.165,conflict-at-land,4,173,
74324.571,refuse,2,174,
74330.355,conflict-at-land,3,176,
74331.946,start,5,175,
74332.71,conflict-at-land,1,171,
74334.165,start,4,173,
74339.388,conflict-at-land,5,175,
74339.571,start,2,174,
74342.581,conflict-at-land,4,173,
74345.355,start,3,176,
74346.636,conflict-at-land,2,174,
74347.71,start,1,171,
74354.388,start,5,175,
74357.581,start,4,173,
74361.266,conflict-at-land,5,175,
74361.636,refuse,2,174,
74361.934,conflict-at-land,0,160,
74371.582,conflict-at-land,3,176,
74371.878,conflict-at-land,4,173,
74374.559,conflict-at-land,1,171,
74376.266,start,5,175,
74376.636,start,2,174,
74376.934,start,0,160,
74383.219,conflict-at-land,2,174,
74384.436,conflict-at-land,5,175,
74386.582,start,3,176,
74386.878,start,4,173,
74389.559,start,1,171,
74398.219,refuse,2,174,
74399.436,start,5,175,
74400.392,conflict-at-land,4,173,
74405.635,conflict-at-land,1,171,
74405.908,conflict-at-land,5,175,
74407.195,conflict-at-land,3,176,
74413.219,start,2,174,
74415.392,start,4,173,
74418.86,conflict-at-land,2,174,
74420.635,start,1,171,
74420.908,start,5,175,
74422.195,start,3,176,
74424.795,conflict-at-land,4,173,
74430.237,conflict-at-land,5,175,
74433.86,refuse,2,174,
74439.795,start,4,173,
74442.394,conflict-at-land,3,176,
74444.787,conflict-at-land,1,171,
74445.237,start,5,175,
74446.799,conflict-at-land,7,8,
74448.86,start,2,174,
74448.998,conflict-at-land,4,173,
74454.042,conflict-at-land,5,175,
74456.075,conflict-at-land,2,174,
74457.394,start,3,176,
74459.787,start,1,171,
74461.799,start,7,8,
74463.998,start,4,173,
74469.042,start,5,175,
74471.075,refuse,2,174,
74477.019,conflict-at-land,5,175,
74478.403,conflict-at-land,4,173,
74483.838,conflict-at-land,3,176,
74485.302,conflict-at-land,1,171,
74486.075,start,2,174,
74492.019,start,5,175,
74493.403,start,4,173,
74493.851,conflict-at-land,2,174,
74498.838,start,3,176,
74500.302,start,1,171,
74500.365,conflict-at-land,5,175,
74508.106,conflict-at-land,4,173,
74508.851,refuse,2,174,
74515.365,start,5,175,
74522.548,conflict-at-land,1,171,
74523.106,start,4,173,
74523.16,conflict-at-land,6,155,
74523.64,conflict-at-land,5,175,
74523.851,start,2,174,
74527.231,conflict-at-land,3,176,
74529.575,conflict-at-land,2,174,
74533.213,conflict-at-land,4,173,
74537.548,start,1,171,
74538.16,start,6,155,
74538.64,start,5,175,
74542.231,start,3,176,
74544.575,refuse,2,174,
74548.213,start,4,173,
74548.503,conflict-at-land,5,175,
74553.693,conflict-at-land,0,160,
74558.867,conflict-at-land,4,173,
74559.575,refuse,2,174,
74563.182,conflict-at-land,1,171,
74563.503,start,5,175,
74564.511,conflict-at-land,3,176,
74568.693,start,0,160,
74573.722,conflict-at-land,5,175,
74573.867,start,4,173,
74574.575,start,2,174,
74578.182,refuse,1,171,
74579.511,start,3,176,
74580.751,conflict-at-land,2,174,
74582.993,conflict-at-land,4,173,
74588.722,start,5,175,
74593.182,start,1,171,
74595.022,conflict-at-land,5,175,
74595.751,refuse,2,174,
74597.993,start,4,173,
74609.616,conflict-at-land,3,176,
74609.741,conflict-at-land,1,171,
74610.022,start,5,175,
74610.561,conflict-at-land,4,173,
74610.751,start,2,174,
74617.775,conflict-at-land,2,174,
74618.306,conflict-at-land,5,175,
74624.616,start,3,176,
74624.741,start,1,171,
74625.561,start,4,173,
74632.775,refuse,2,174,
74633.306,start,5,175,
74634.266,conflict-at-land,4,173,
74641.352,conflict-at-land,5,175,
74646.581,conflict-at-land,1,171,
74647.775,start,2,174,
74649.266,start,4,173,
74649.344,conflict-at-land,3,176,
74652.961,conflict-at-land,2,174,
74656.352,start,5,175,
74661.078,conflict-at-land,4,173,
74661.581,start,1,171,
74663.871,conflict-at-land,5,175,
74664.344,start,3,176,
74667.961,refuse,2,174,
74676.078,start,4,173,
74676.455,conflict-at-land,1,171,
74677.213,conflict-at-land,0,160,
74678.871,start,5,175,
74682.961,start,2,174,
74687.342,conflict-at-land,5,175,
74687.774,conflict-at-land,4,173,
74688.006,conflict-at-land,2,174,
74691.455,start,1,171,
74692.213,start,0,160,
74693.318,conflict-at-land,3,176,
74702.342,start,5,175,
74702.774,start,4,173,
74703.006,refuse,2,174,
74707.069,conflict-at-land,1,171,
74708.318,start,3,176,
74712.882,conflict-at-land,5,175,
74717.528,conflict-at-land,4,173,
74718.006,start,2,174,
74722.069,refuse,1,171,
74725.389,conflict-at-land,2,174,
74727.882,start,5,175,
74732.528,start,4,173,
74736.353,conflict-at-land,3,176,
74737.069,start,1,171,
74739.187,conflict-at-land,5,175,
74740.389,refuse,2,174,
74744.813,conflict-at-land,4,173,
74751.353,start,3,176,
74754.187,start,5,175,
74755.389,refuse,2,174,
74756.241,conflict-at-land,1,171,
74759.813,start,4,173,
74765.018,conflict-at-land,5,175,
74770.078,conflict-at-land,3,176,
74770.389,start,2,174,
74771.069,conflict-at-land,4,173,
74771.241,refuse,1,171,
74776.868,conflict-at-land,2,174,
74780.018,start,5,175,
74785.078,start,3,176,
74786.069,start,4,173,
74786.241,start,1,171,
74787.492,conflict-at-land,5,175,
74791.868,refuse,2,174,
74794.643,conflict-at-land,4,173,
74802.492,start,5,175,
74806.095,conflict-at-land,1,171,
74806.868,start,2,174,
74807.523,conflict-at-land,3,176,
74808.783,conflict-at-land,0,160,
74809.39,conflict-at-land,5,175,
74809.643,start,4,173,
74812.782,conflict-at-land,2,174,
74821.095,start,1,171,
74822.523,start,3,176,
74823.783,start,0,160,
74824.39,start,5,175,
74825.065,conflict-at-land,4,173,
74827.782,refuse,2,174,
74831.218,conflict-at-land,5,175,
74840.065,start,4,173,
74842.782,refuse,2,174,
74844.192,conflict-at-land,3,176,
74844.293,conflict-at-land,1,171,
74846.218,start,5,175,
74852.563,conflict-at-land,5,175,
74853.225,conflict-at-land,4,173,
74857.782,start,2,174,
74859.192,start,3,176,
74859.293,refuse,1,171,
74865.572,conflict-at-land,2,174,
74867.563,start,5,175,
74868.225,start,4,173,
74874.293,start,1,171,
74877.269,conflict-at-land,5,175,
74878.158,conflict-at-land,4,173,
74879.857,conflict-at-land,3,176,
74880.572,refuse,2,174,
74892.269,start,5,175,
74893.158,start,4,173,
74894.857,start,3,176,
74895.572,refuse,2,174,
74898.077,conflict-at-land,1,171,
74902.476,conflict-at-land,5,175,
74908.034,conflict-at-land,4,173,
74910.572,start,2,174,
74913.077,refuse,1,171,
74916.65,conflict-at-land,2,174,
74917.476,start,5,175,
74922.763,conflict-at-land,3,176,
74923.034,start,4,173,
74928.077,start,1,171,
74928.147,conflict-at-land,5,175,
74928.389,conflict-at-land,0,160,
74931.65,refuse,2,174,
74934.157,conflict-at-land,4,173,
74937.763,start,3,176,
74943.147,start,5,175,
74943.389,start,0,160,
74943.948,conflict-at-land,1,171,
74946.65,start,2,174,
74949.157,start,4,173,
74950.098,conflict-at-land,5,175,
74952.489,conflict-at-land,2,174,
74955.583,conflict-at-land,3,176,
74958.948,start,1,171,
74964.061,conflict-at-land,4,173,
74965.098,start,5,175,
74967.489,refuse,2,174,
74970.583,start,3,176,
74976.401,conflict-at-land,5,175,
74979.061,start,4,173,
74982.489,refuse,2,174,
74983.626,conflict-at-land,1,171,
74987.825,conflict-at-land,4,173,
74989.942,conflict-at-land,3,176,
74991.401,start,5,175,
74997.489,start,2,174,
74998.626,refuse,1,171,
75000.702,conflict-at-land,5,175,
75002.825,start,4,173,
75003.223,conflict-at-land,2,174,
75004.942,start,3,176,
75013.626,start,1,171,
75015.702,start,5,175,
75015.774,conflict-at-land,4,173,
75018.223,refuse,2,174,
75025.595,conflict-at-land,5,175,
75030.774,start,4,173,
75033.223,refuse,2,174,
75034.195,conflict-at-land,3,176,
75037.403,conflict-at-land,1,171,
75039.417,conflict-at-land,4,173,
75040.595,start,5,175,
75048.223,start,2,174,
75049.195,start,3,176,
75050.965,conflict-at-land,5,175,
75052.403,refuse,1,171,
75052.605,conflict-at-land,2,174,
75054.417,start,4,173,
75065.075,conflict-at-land,4,173,
75065.965,start,5,175,
75067.403,start,1,171,
75067.605,refuse,2,174,
75072.465,conflict-at-land,0,160,
75073.955,conflict-at-land,5,175,
75078.47,conflict-at-land,3,176,
75080.075,start,4,173,
75082.605,refuse,2,174,
75087.025,conflict-at-land,1,171,
75087.465,start,0,160,
75088.955,start,5,175,
75093.47,start,3,176,
75095.313,conflict-at-land,4,173,
75097.605,start,2,174,
75099.358,conflict-at-land,5,175,
75102.025,refuse,1,171,
75102.159,conflict-at-land,2,174,
75110.313,start,4,173,
75114.358,start,5,175,
75117.025,start,1,171,
75117.159,refuse,2,174,
75121.025,conflict-at-land,5,175,
75122.443,conflict-at-land,4,173,
75124.635,conflict-at-land,3,176,
75132.159,refuse,2,174,
75133.288,conflict-at-land,1,171,
75136.025,start,5,175,
75137.443,start,4,173,
75139.635,start,3,176,
75143.765,conflict-at-land,5,175,
75147.159,start,2,174,
75148.288,refuse,1,171,
75151.367,conflict-at-land,2,174,
75152.99,conflict-at-land,4,173,
75158.765,start,5,175,
75163.288,start,1,171,
75166.367,refuse,2,174,
75167.876,conflict-at-land,3,176,
75167.99,start,4,173,
75170.022,conflict-at-land,5,175,
75176.448,conflict-at-land,4,173,
75181.367,refuse,2,174,
75182.876,start,3,176,
75184.733,conflict-at-land,1,171,
75185.022,start,5,175,
75191.448,start,4,173,
75193.295,conflict-at-land,5,175,
75196.367,start,2,174,
75199.733,refuse,1,171,
75204.107,conflict-at-land,4,173,
75204.122,conflict-at-land,2,174,
75208.295,start,5,175,
75208.488,conflict-at-land,3,176,
75209.242,conflict-at-land,0,160,
75214.733,start,1,171,
75215.301,conflict-at-land,5,175,
75219.107,start,4,173,
75219.122,refuse,2,174,
75223.488,start,3,176,
75224.242,start,0,160,
75230.301,start,5,175,
75231.272,conflict-at-land,4,173,
75233.356,conflict-at-land,1,171,
75234.122,start,2,174,
75239.677,conflict-at-land,2,174,
75241.271,conflict-at-land,5,175,
75246.272,start,4,173,
75248.356,start,1,171,
75250.806,conflict-at-land,3,176,
75254.677,refuse,2,174,
75254.781,conflict-at-land,4,173,
75256.271,start,5,175,
75264.496,conflict-at-land,5,175,
75265.806,start,3,176,
75269.677,refuse,2,174,
75269.781,start,4,173,
75275.494,conflict-at-land,1,171,
75279.496,start,5,175,
75282.457,conflict-at-land,4,173,
75284.677,start,2,174,
75284.727,conflict-at-land,3,176,
75289.917,conflict-at-land,5,175,
75290.097,conflict-at-land,2,174,
75290.494,start,1,171,
75297.457,start,4,173,
75299.727,start,3,176,
75304.917,start,5,175,
75305.097,refuse,2,174,
75308.765,conflict-at-land,1,171,
75310.246,conflict-at-land,4,173,
75314.171,conflict-at-land,5,175,
75320.097,start,2,174,
75323.765,refuse,1,171,
75325.246,start,4,173,
75326.616,conflict-at-land,3,176,
75326.726,conflict-at-land,2,174,
75329.171,start,5,175,
75336.367,conflict-at-land,5,175,
75336.654,conflict-at-land,0,160,
75338.765,start,1,171,
75339.202,conflict-at-land,4,173,
75341.616,start,3,176,
75341.726,refuse,2,174,
75351.367,start,5,175,
75351.654,start,0,160,
75354.202,start,4,173,
75356.726,refuse,2,174,
75360.463,conflict-at-land,5,175,
75364.855,conflict-at-land,4,173,
75365.325,conflict-at-land,1,171,
75369.542,conflict-at-land,3,176,
75371.726,start,2,174,
75375.463,start,5,175,
75378.126,conflict-at-land,2,174,
75379.855,start,4,173,
75380.325,start,1,171,
75384.542,start,3,176,
75384.935,conflict-at-land,5,175,
75389.751,conflict-at-land,4,173,
75393.126,refuse,2,174,
75399.935,start,5,175,
75401.977,conflict-at-land,3,176,
75404.613,conflict-at-land,1,171,
75404.751,start,4,173,
75408.126,start,2,174,
75411.185,conflict-at-land,5,175,
75414.912,conflict-at-land,4,173,
75415.601,conflict-at-land,2,174,
75416.977,start,3,176,
75419.613,start,1,171,
75426.185,start,5,175,
75429.912,start,4,173,
75430.601,refuse,2,174,
75433.579,conflict-at-land,5,175,
75436.407,conflict-at-land,1,171,
75440.238,conflict-at-land,4,173,
75442.194,conflict-at-land,3,176,
75445.601,start,2,174,
75448.579,start,5,175,
75449.985,conflict-at-land,2,174,
75451.407,start,1,171,
75454.418,conflict-at-land,0,160,
75455.238,start,4,173,
75457.01,conflict-at-land,5,175,
75457.194,start,3,176,
75464.289,conflict-at-land,4,173,
75464.985,refuse,2,174,
75469.418,start,0,160,
75472.01,start,5,175,
75472.525,conflict-at-land,1,171,
75478.965,conflict-at-land,3,176,
75479.289,start,4,173,
75479.985,start,2,174,
75482.64,conflict-at-land,5,175,
75484.383,conflict-at-land,2,174,
75487.525,start,1,171,
75493.236,conflict-at-land,4,173,
75493.965,start,3,176,
75497.64,start,5,175,
75499.383,refuse,2,174,
75505.479,conflict-at-land,5,175,
75506.949,conflict-at-land,1,171,
75508.236,start,4,173,
75514.383,start,2,174,
75515.528,conflict-at-land,3,176,
75520.479,start,5,175,
75520.652,conflict-at-land,2,174,
75521.949,start,1,171,
75523.624,conflict-at-land,4,173,
75530.252,conflict-at-land,5,175,
75530.528,start,3,176,
75535.652,refuse,2,174,
75538.624,start,4,173,
75539.904,conflict-at-land,1,171,
75545.252,start,5,175,
75550.652,start,2,174,
75552.433,conflict-at-land,3,176,
75553.312,conflict-at-land,4,173,
75554.904,refuse,1,171,
75555.191,conflict-at-land,5,175,
75557.808,conflict-at-land,2,174,
75567.433,start,3,176,
75568.312,start,4,173,
75569.904,start,1,171,
75570.191,start,5,175,
75572.808,refuse,2,174,
75577.1,conflict-at-land,4,173,
75577.298,conflict-at-land,5,175,
75587.808,refuse,2,174,
75592.1,start,4,173,
75592.298,start,5,175,
75592.503,conflict-at-land,3,176,
75596.623,conflict-at-land,1,171,
75600.744,conflict-at-land,5,175,
75602.07,conflict-at-land,4,173,
75602.808,start,2,174,
75607.503,start,3,176,
75609.261,conflict-at-land,2,174,
75611.623,start,1,171,
75615.744,start,5,175,
75617.07,start,4,173,
75620.601,conflict-at-land,0,160,
75624.261,refuse,2,174,
75625.84,conflict-at-land,5,175,
75626.01,conflict-at-land,4,173,
75632.627,conflict-at-land,1,171,
75632.901,conflict-at-land,3,176,
75635.601,start,0,160,
75639.261,start,2,174,
75640.84,start,5,175,
75641.01,start,4,173,
75644.579,conflict-at-land,2,174,
75647.627,start,1,171,
75647.901,start,3,176,
75651.192,conflict-at-land,5,175,
75653.055,conflict-at-land,4,173,
75659.579,refuse,2,174,
75665.17,conflict-at-land,1,171,
75666.192,start,5,175,
75668.055,start,4,173,
75674.301,conflict-at-land,5,175,
75674.579,start,2,174,
75674.971,conflict-at-land,3,176,
75679.37,conflict-at-land,2,174,
75680.17,start,1,171,
75682.229,conflict-at-land,4,173,
75689.301,start,5,175,
75689.971,start,3,176,
75694.37,refuse,2,174,
75695.149,conflict-at-land,1,171,
75697.229,start,4,173,
75699.819,conflict-at-land,5,175,
75708.755,conflict-at-land,3,176,
75709.37,start,2,174,
75710.149,refuse,1,171,
75711.784,conflict-at-land,4,173,
75714.819,start,5,175,
75715.731,conflict-at-land,2,174,
75723.518,conflict-at-land,5,175,
75723.755,start,3,176,
75725.149,start,1,171,
75726.784,start,4,173,
75730.731,refuse,2,174,
75735.328,conflict-at-land,4,173,
75738.518,start,5,175,
75741.453,conflict-at-land,3,176,
75745.731,refuse,2,174,
75748.158,conflict-at-land,5,175,
75748.773,conflict-at-land,0,160,
75749.77,conflict-at-land,1,171,
75750.328,start,4,173,
75756.453,start,3,176,
75760.731,start,2,174,
75761.204,conflict-at-land,4,173,
75763.158,start,5,175,
75763.773,start,0,160,
75764.77,refuse,1,171,
75765.233,conflict-at-land,2,174,
75772.257,conflict-at-land,5,175,
75776.204,start,4,173,
75779.77,start,1,171,
75780.233,refuse,2,174,
75780.233,abandon,2,174,
75780.233,refuse,2,177,
75782.356,conflict-at-land,3,176,
75784.929,conflict-at-land,4,173,
75787.257,start,5,175,
75794.624,conflict-at-land,1,171,
75794.743,conflict-at-land,5,175,
75795.233,start,2,177,
75797.356,refuse,3,176,
75799.929,start,4,173,
75807.601,conflict-at-land,2,177,
75808.558,conflict-at-land,4,173,
75809.624,start,1,171,
75809.743,start,5,175,
75812.356,start,3,176,
75816.834,conflict-at-land,5,175,
75822.601,refuse,2,177,
75823.558,start,4,173,
75825.66,conflict-at-land,1,171,
75831.834,start,5,175,
75837.588,conflict-at-land,3,176,
75837.601,start,2,177,
75838.747,conflict-at-land,4,173,
75839.144,conflict-at-land,5,175,
75840.66,start,1,171,
75849.528,conflict-at-land,2,177,
75852.588,start,3,176,
75853.747,start,4,173,
75854.144,start,5,175,
75857.002,conflict-at-land,1,171,
75863.397,conflict-at-land,4,173,
75863.96,conflict-at-land,5,175,
75864.528,refuse,2,177,
75872.002,start,1,171,
75872.365,conflict-at-land,3,176,
75878.397,start,4,173,
75878.96,start,5,175,
75879.528,start,2,177,
75887.365,refuse,3,176,
75888.404,conflict-at-land,2,177,
75888.875,conflict-at-land,5,175,
75893.388,conflict-at-land,4,173,
75893.445,conflict-at-land,1,171,
75895.429,conflict-at-land,0,160,
75902.365,start,3,176,
75903.404,refuse,2,177,
75903.875,start,5,175,
75908.388,start,4,173,
75908.445,start,1,171,
75910.429,start,0,160,
75912.224,conflict-at-land,5,175,
75918.404,refuse,2,177,
75922.731,conflict-at-land,4,173,
75927.224,start,5,175,
75932.921,conflict-at-land,3,176,
75933.404,start,2,177,
75935.389,conflict-at-land,1,171,
75937.731,start,4,173,
75937.779,conflict-at-land,5,175,
75946.565,conflict-at-land,4,173,
75947.403,conflict-at-land,2,177,
75947.921,start,3,176,
75950.389,start,1,171,
75952.779,start,5,175,
75961.565,start,4,173,
75962.403,refuse,2,177,
75963.596,conflict-at-land,5,175,
75970.145,conflict-at-land,4,173,
75973.746,conflict-at-land,3,176,
75975.053,conflict-at-land,1,171,
75977.403,start,2,177,
75978.596,start,5,175,
75985.145,start,4,173,
75987.226,conflict-at-land,5,175,
75988.746,refuse,3,176,
75989.641,conflict-at-land,2,177,
75990.053,start,1,171,
76000.248,conflict-at-land,4,173,
76002.226,start,5,175,
76003.746,start,3,176,
76004.641,refuse,2,177,
76005.76,conflict-at-land,1,171,
76010.314,conflict-at-land,5,175,
76015.248,start,4,173,
76019.641,refuse,2,177,
76020.76,start,1,171,
76025.314,start,5,175,
76026.853,conflict-at-land,3,176,
76027.551,conflict-at-land,4,173,
76032.663,conflict-at-land,5,175,
76034.641,start,2,177,
76038.626,conflict-at-land,1,171,
76041.853,refuse,3,176,
76042.551,start,4,173,
76046.594,conflict-at-land,0,160,
76047.663,start,5,175,
76048.189,conflict-at-land,2,177,
76053.626,start,1,171,
76055.758,conflict-at-land,5,175,
76056.853,start,3,176,
76057.683,conflict-at-land,4,173,
76061.594,start,0,160,
76063.189,refuse,2,177,
76070.758,start,5,175,
76072.683,start,4,173,
76075.732,conflict-at-land,1,171,
76078.189,refuse,2,177,
76079.304,conflict-at-land,3,176,
76082.312,conflict-at-land,5,175,
76085.849,conflict-at-land,4,173,
76090.732,start,1,171,
76093.189,start,2,177,
76094.304,refuse,3,176,
76097.312,start,5,175,
76100.849,start,4,173,
76106.278,conflict-at-land,5,175,
76108.238,conflict-at-land,2,177,
76109.304,start,3,176,
76114.258,conflict-at-land,4,173,
76118.012,conflict-at-land,1,171,
76121.278,start,5,175,
76123.238,refuse,2,177,
76129.258,start,4,173,
76132.836,conflict-at-land,5,175,
76133.012,start,1,171,
76135.059,conflict-at-land,3,176,
76138.009,conflict-at-land,4,173,
76138.238,start,2,177,
76147.836,start,5,175,
76150.059,refuse,3,176,
76152.883,conflict-at-land,2,177,
76153.009,start,4,173,
76154.228,conflict-at-land,1,171,
76156.331,conflict-at-land,5,175,
76161.71,conflict-at-land,4,173,
76165.059,start,3,176,
76167.883,refuse,2,177,
76169.228,start,1,171,
76171.331,start,5,175,
76174.733,conflict-at-land,0,160,
76176.71,start,4,173,
76182.787,conflict-at-land,5,175,
76182.883,refuse,2,177,
76186.386,conflict-at-land,4,173,
76187.461,conflict-at-land,3,176,
76189.733,start,0,160,
76191.434,conflict-at-land,1,171,
76197.787,start,5,175,
76197.883,start,2,177,
76201.386,start,4,173,
76202.461,refuse,3,176,
76205.649,conflict-at-land,5,175,
76206.434,start,1,171,
76207.6,conflict-at-land,2,177,
76212.752,conflict-at-land,4,173,
76217.461,start,3,176,
76220.649,start,5,175,
76222.6,refuse,2,177,
76227.752,start,4,173,
76228.506,conflict-at-land,5,175,
76231.894,conflict-at-land,1,171,
76237.6,refuse,2,177,
76241.281,conflict-at-land,3,176,
76242.938,conflict-at-land,4,173,
76243.506,start,5,175,
76246.894,start,1,171,
76252.317,conflict-at-land,5,175,
76252.6,start,2,177,
76256.281,refuse,3,176,
76257.938,start,4,173,
76263.834,conflict-at-land,1,171,
76266.571,conflict-at-land,2,177,
76267.317,start,5,175,
76267.433,conflict-at-land,4,173,
76271.281,start,3,176,
76277.163,conflict-at-land,5,175,
76278.834,start,1,171,
76281.571,refuse,2,177,
76282.433,start,4,173,
76288.847,conflict-at-land,3,176,
76292.163,start,5,175,
76296.276,conflict-at-land,4,173,
76296.571,start,2,177,
76299.92,conflict-at-land,5,175,
76300.562,conflict-at-land,1,171,
76303.847,refuse,3,176,
76305.335,conflict-at-land,0,160,
76307.546,conflict-at-land,2,177,
76311.276,start,4,173,
76314.92,start,5,175,
76315.562,start,1,171,
76318.847,start,3,176,
76320.335,start,0,160,
76322.546,refuse,2,177,
76324.905,conflict-at-land,4,173,
76325.216,conflict-at-land,5,175,
76337.546,refuse,2,177,
76339.905,start,4,173,
76340.022,conflict-at-land,1,171,
76340.216,start,5,175,
76341.88,conflict-at-land,3,176,
76348.723,conflict-at-land,5,175,
76352.033,conflict-at-land,4,173,
76352.546,start,2,177,
76355.022,start,1,171,
76356.88,refuse,3,176,
76361.842,conflict-at-land,2,177,
76363.723,start,5,175,
76367.033,start,4,173,
76371.88,start,3,176,
76372.451,conflict-at-land,5,175,
76376.842,refuse,2,177,
76379.07,conflict-at-land,1,171,
76380.993,conflict-at-land,4,173,
76387.451,start,5,175,
76391.842,refuse,2,177,
76394.07,start,1,171,
76395.443,conflict-at-land,5,175,
76395.993,start,4,173,
76402.235,conflict-at-land,3,176,
76406.842,start,2,177,
76409.576,conflict-at-land,4,173,
76410.443,start,5,175,
76413.709,conflict-at-land,1,171,
76417.235,refuse,3,176,
76421.653,conflict-at-land,2,177,
76421.733,conflict-at-land,5,175,
76424.576,start,4,173,
76428.709,start,1,171,
76432.235,start,3,176,
76435.658,conflict-at-land,4,173,
76436.653,refuse,2,177,
76436.733,start,5,175,
76446.51,conflict-at-land,1,171,
76447.434,conflict-at-land,5,175,
76450.658,start,4,173,
76451.653,refuse,2,177,
76458.222,conflict-at-land,3,176,
76461.51,start,1,171,
76462.434,start,5,175,
76465.269,conflict-at-land,4,173,
76466.653,start,2,177,
76469.643,conflict-at-land,6,155,
76470.97,conflict-at-land,5,175,
76473.222,refuse,3,176,
76478.999,conflict-at-land,2,177,
76479.441,conflict-at-land,1,171,
76480.269,start,4,173,
76484.643,start,6,155,
76485.97,start,5,175,
76488.222,start,3,176,
76490.452,conflict-at-land,4,173,
76493.999,refuse,2,177,
76494.441,start,1,171,
76494.749,conflict-at-land,0,160,
76495.106,conflict-at-land,5,175,
76505.452,start,4,173,
76508.716,conflict-at-land,3,176,
76508.999,start,2,177,
76509.749,start,0,160,
76510.106,start,5,175,
76516.093,conflict-at-land,4,173,
76516.248,conflict-at-land,1,171,
76516.97,conflict-at-land,5,175,
76521.084,conflict-at-land,2,177,
76523.716,start,3,176,
76531.093,start,4,173,
76531.248,start,1,171,
76531.97,start,5,175,
76536.084,refuse,2,177,
76539.663,conflict-at-land,4,173,
76542.871,conflict-at-land,5,175,
76544.814,conflict-at-land,3,176,
76551.084,start,2,177,
76553.938,conflict-at-land,1,171,
76554.663,start,4,173,
76557.871,start,5,175,
76559.814,refuse,3,176,
76565.231,conflict-at-land,5,175,
76565.584,conflict-at-land,2,177,
76568.938,start,1,171,
76570.098,conflict-at-land,4,173,
76574.814,start,3,176,
76580.231,start,5,175,
76580.584,refuse,2,177,
76585.098,start,4,173,
76585.214,conflict-at-land,1,171,
76590.502,conflict-at-land,5,175,
76595.584,refuse,2,177,
76599.778,conflict-at-land,4,173,
76600.214,start,1,171,
76600.866,conflict-at-land,3,176,
76605.502,start,5,175,
76610.584,start,2,177,
76612.776,conflict-at-land,5,175,
76614.778,start,4,173,
76615.866,refuse,3,176,
76622.0,conflict-at-land,2,177,
76623.371,conflict-at-land,1,171,
76627.146,conflict-at-land,4,173,
76627.776,start,5,175,
76630.866,start,3,176,
76637.0,refuse,2,177,
76638.124,conflict-at-land,5,175,
76638.371,start,1,171,
76642.146,start,4,173,
76652.0,refuse,2,177,
76653.124,start,5,175,
76657.209,conflict-at-land,4,173,
76659.894,conflict-at-land,3,176,
76662.955,conflict-at-land,5,175,
76664.743,conflict-at-land,1,171,
76667.0,start,2,177,
76672.209,start,4,173,
76674.894,refuse,3,176,
76677.955,start,5,175,
76679.743,start,1,171,
76680.086,conflict-at-land,2,177,
76682.462,conflict-at-land,0,160,
76683.641,conflict-at-land,4,173,
76688.059,conflict-at-land,5,175,
76689.894,start,3,176,
76695.086,refuse,2,177,
76697.462,start,0,160,
76698.641,start,4,173,
76699.113,conflict-at-land,1,171,
76703.059,start,5,175,
76710.086,refuse,2,177,
76710.818,conflict-at-land,4,173,
76711.187,conflict-at-land,5,175,
76714.113,start,1,171,
76719.59,conflict-at-land,3,176,
76725.086,start,2,177,
76725.818,start,4,173,
76726.187,start,5,175,
76734.59,refuse,3,176,
76734.957,conflict-at-land,5,175,
76735.366,conflict-at-land,1,171,
76736.049,conflict-at-land,4,173,
76738.299,conflict-at-land,2,177,
76749.59,start,3,176,
76749.957,start,5,175,
76750.366,start,1,171,
76751.049,start,4,173,
76753.299,refuse,2,177,
76759.941,conflict-at-land,5,175,
76764.658,conflict-at-land,4,173,
76768.299,refuse,2,177,
76772.576,conflict-at-land,1,171,
76774.361,conflict-at-land,3,176,
76774.941,start,5,175,
76779.658,start,4,173,
76781.815,conflict-at-land,5,175,
76783.299,start,2,177,
76787.576,start,1,171,
76789.361,refuse,3,176,
76791.232,conflict-at-land,4,173,
76795.293,conflict-at-land,2,177,
76796.815,start,5,175,
76804.361,start,3,176,
76806.232,start,4,173,
76806.566,conflict-at-land,5,175,
76810.293,refuse,2,177,
76813.0,conflict-at-land,1,171,
76816.462,conflict-at-land,4,173,
76818.528,conflict-at-land,0,160,
76821.566,start,5,175,
76824.193,conflict-at-land,3,176,
76825.293,start,2,177,
76828.0,start,1,171,
76828.575,conflict-at-land,5,175,
76831.462,start,4,173,
76833.528,start,0,160,
76835.129,conflict-at-land,2,177,
76839.193,start,3,176,
76843.575,start,5,175,
76844.731,conflict-at-land,4,173,
76846.042,conflict-at-land,1,171,
76850.129,refuse,2,177,
76852.614,conflict-at-land,5,175,
76859.731,start,4,173,
76861.042,start,1,171,
76865.129,refuse,2,177,
76867.614,start,5,175,
76868.691,conflict-at-land,3,176,
76873.885,conflict-at-land,4,173,
76878.815,conflict-at-land,5,175,
76880.129,start,2,177,
76883.691,refuse,3,176,
76884.032,conflict-at-land,1,171,
76888.885,start,4,173,
76891.126,conflict-at-land,2,177,
76893.815,start,5,175,
76898.691,start,3,176,
76899.032,start,1,171,
76899.625,conflict-at-land,4,173,
76904.744,conflict-at-land,5,175,
76906.126,refuse,2,177,
76914.625,start,4,173,
76919.193,conflict-at-land,1,171,
76919.744,start,5,175,
76921.126,refuse,2,177,
76924.762,conflict-at-land,3,176,
76927.237,conflict-at-land,5,175,
76928.978,conflict-at-land,4,173,
76934.193,start,1,171,
76936.126,start,2,177,
76939.762,refuse,3,176,
76942.237,start,5,175,
76943.978,start,4,173,
76948.706,conflict-at-land,2,177,
76951.472,conflict-at-land,1,171,
76952.867,conflict-at-land,5,175,
76954.762,start,3,176,
76955.293,conflict-at-land,4,173,
76963.706,refuse,2,177,
76963.935,conflict-at-land,0,160,
76963.935,abandon,0,160,
76963.935,refuse,0,178,
76966.472,start,1,171,
76967.867,start,5,175,
76970.293,start,4,173,
76971.607,conflict-at-land,3,176,
76978.706,start,2,177,
76978.935,refuse,0,178,
76979.01,conflict-at-land,5,175,
76983.029,conflict-at-land,4,173,
76986.607,refuse,3,176,
76987.237,conflict-at-land,2,177,
76988.534,conflict-at-land,1,171,
76993.935,refuse,0,178,
76994.01,start,5,175,
76998.029,start,4,173,
77001.607,start,3,176,
77002.103,conflict-at-land,5,175,
77002.237,refuse,2,177,
77003.534,start,1,171,
77008.935,refuse,0,178,
77013.601,conflict-at-land,4,173,
77017.103,start,5,175,
77017.237,refuse,2,177,
77022.654,conflict-at-land,3,176,
77023.935,refuse,0,178,
77024.256,conflict-at-land,5,175,
77026.918,conflict-at-land,1,171,
77028.601,start,4,173,
77032.237,start,2,177,
77037.654,refuse,3,176,
77038.935,refuse,0,178,
77039.256,start,5,175,
77041.614,conflict-at-land,4,173,
77041.918,start,1,171,
77044.241,conflict-at-land,2,177,
77045.819,conflict-at-land,5,175,
77052.654,start,3,176,
77053.935,refuse,0,178,
77056.614,start,4,173,
77059.241,refuse,2,177,
77060.819,start,5,175,
77068.543,conflict-at-land,5,175,
77068.545,conflict-at-land,4,173,
77068.935,refuse,0,178,
77069.16,conflict-at-land,1,171,
77072.482,conflict-at-land,3,176,
77074.241,start,2,177,
77083.543,start,5,175,
77083.545,start,4,173,
77083.935,refuse,0,178,
77084.16,start,1,171,
77087.482,refuse,3,176,
77087.583,conflict-at-land,2,177,
77091.005,conflict-at-land,5,175,
77092.682,conflict-at-land,4,173,
77098.935,refuse,0,178,
77102.482,start,3,176,
77102.583,refuse,2,177,
77106.005,start,5,175,
77107.682,start,4,173,
77109.687,conflict-at-land,1,171,
77113.424,conflict-at-land,5,175,
77113.935,refuse,0,178,
77117.583,refuse,2,177,
77122.523,conflict-at-land,4,173,
77124.687,start,1,171,
77128.424,start,5,175,
77128.935,refuse,0,178,
77132.583,refuse,2,177,
77133.476,conflict-at-land,3,176,
77137.523,start,4,173,
77139.901,conflict-at-land,5,175,
77140.211,conflict-at-land,1,171,
77143.935,refuse,0,178,
77146.764,conflict-at-land,4,173,
77147.583,start,2,177,
77148.476,refuse,3,176,
77154.901,start,5,175,
77155.211,start,1,171,
77157.211,conflict-at-land,2,177,
77158.935,refuse,0,178,
77161.764,start,4,173,
77163.476,start,3,176,
77165.126,conflict-at-land,5,175,
77172.211,refuse,2,177,
77173.446,conflict-at-land,4,173,
77173.935,refuse,0,178,
77176.888,conflict-at-land,1,171,
77180.126,start,5,175,
77187.211,refuse,2,177,
77188.446,start,4,173,
77188.935,refuse,0,178,
77191.457,conflict-at-land,3,176,
77191.629,conflict-at-land,5,175,
77191.888,start,1,171,
77202.211,start,2,177,
77202.659,conflict-at-land,4,173,
77203.935,refuse,0,178,
77206.457,refuse,3,176,
77206.629,start,5,175,
77209.23,conflict-at-land,1,171,
77216.63,conflict-at-land,2,177,
77217.659,start,4,173,
77218.133,conflict-at-land,5,175,
77218.935,refuse,0,178,
77221.457,start,3,176,
77224.23,start,1,171,
77231.481,conflict-at-land,4,173,
77231.63,refuse,2,177,
77233.133,start,5,175,
77233.935,refuse,0,178,
77241.727,conflict-at-land,5,175,
77246.481,start,4,173,
77246.63,refuse,2,177,
77247.296,conflict-at-land,3,176,
77248.935,refuse,0,178,
77251.491,conflict-at-land,1,171,
77256.727,start,5,175,
77261.589,conflict-at-land,4,173,
77261.63,start,2,177,
77262.296,refuse,3,176,
77263.935,refuse,0,178,
77266.491,start,1,171,
77267.22,conflict-at-land,5,175,
77275.474,conflict-at-land,2,177,
77276.589,start,4,173,
77277.296,start,3,176,
77278.935,refuse,0,178,
77282.22,start,5,175,
77286.958,conflict-at-land,1,171,
77287.33,conflict-at-land,4,173,
77290.341,conflict-at-land,5,175,
77290.474,refuse,2,177,
77293.935,refuse,0,178,
77301.958,start,1,171,
77302.33,start,4,173,
77305.341,start,5,175,
77305.474,refuse,2,177,
77306.038,conflict-at-land,3,176,
77308.935,refuse,0,178,
77312.29,conflict-at-land,4,173,
77315.59,conflict-at-land,5,175,
77318.192,conflict-at-land,1,171,
77320.474,start,2,177,
77321.038,refuse,3,176,
77323.935,refuse,0,178,
77327.29,start,4,173,
77329.204,conflict-at-land,2,177,
77330.59,start,5,175,
77333.192,start,1,171,
77336.038,start,3,176,
77336.275,conflict-at-land,4,173,
77338.935,refuse,0,178,
77340.619,conflict-at-land,5,175,
77344.204,refuse,2,177,
77351.275,start,4,173,
77353.598,conflict-at-land,1,171,
77353.929,conflict-at-land,3,176,
77353.935,refuse,0,178,
77355.619,start,5,175,
77359.204,start,2,177,
77360.472,conflict-at-land,4,173,
77364.37,conflict-at-land,5,175,
77368.598,start,1,171,
77368.929,refuse,3,176,
77368.935,refuse,0,178,
77373.538,conflict-at-land,2,177,
77375.472,start,4,173,
77379.37,start,5,175,
77383.929,start,3,176,
77383.935,refuse,0,178,
77384.347,conflict-at-land,1,171,
77385.681,conflict-at-land,5,175,
77388.538,refuse,2,177,
77390.517,conflict-at-land,4,173,
77398.935,refuse,0,178,
77399.347,start,1,171,
77400.681,start,5,175,
77403.538,refuse,2,177,
77405.517,start,4,173,
77409.258,conflict-at-land,5,175,
77413.935,refuse,0,178,
77414.509,conflict-at-land,3,176,
77417.506,conflict-at-land,4,173,
77417.865,conflict-at-land,1,171,
77418.538,start,2,177,
77424.258,start,5,175,
77428.935,refuse,0,178,
77429.509,refuse,3,176,
77429.836,conflict-at-land,2,177,
77432.093,conflict-at-land,5,175,
77432.506,start,4,173,
77432.865,start,1,171,
77443.935,refuse,0,178,
77444.274,conflict-at-land,4,173,
77444.509,start,3,176,
77444.836,refuse,2,177,
77447.093,start,5,175,
77453.834,conflict-at-land,1,171,
77455.473,conflict-at-land,5,175,
77458.935,refuse,0,178,
77459.274,start,4,173,
77459.836,refuse,2,177,
77468.834,start,1,171,
77468.99,conflict-at-land,4,173,
77469.469,conflict-at-land,3,176,
77470.473,start,5,175,
77473.935,refuse,0,178,
77474.836,start,2,177,
77476.948,conflict-at-land,5,175,
77483.99,start,4,173,
77484.05,conflict-at-land,2,177,
77484.469,start,3,176,
77488.935,refuse,0,178,
77491.119,conflict-at-land,1,171,
77491.948,start,5,175,
77494.815,conflict-at-land,4,173,
77498.678,conflict-at-land,5,175,
77499.05,refuse,2,177,
77503.935,refuse,0,178,
77506.119,start,1,171,
77508.846,conflict-at-land,3,176,
77509.815,start,4,173,
77513.678,start,5,175,
77514.05,start,2,177,
77518.935,refuse,0,178,
77522.578,conflict-at-land,5,175,
77523.369,conflict-at-land,4,173,
77523.846,refuse,3,176,
77526.544,conflict-at-land,2,177,
77532.787,conflict-at-land,1,171,
77533.935,refuse,0,178,
77537.578,start,5,175,
77538.369,start,4,173,
77538.846,start,3,176,
77541.544,refuse,2,177,
77545.695,conflict-at-land,5,175,
77546.938,conflict-at-land,4,173,
77547.787,start,1,171,
77548.935,refuse,0,178,
77556.544,refuse,2,177,
77560.695,start,5,175,
77561.938,start,4,173,
77563.935,refuse,0,178,
77568.618,conflict-at-land,3,176,
77568.884,conflict-at-land,1,171,
77571.544,start,2,177,
77571.861,conflict-at-land,5,175,
77573.086,conflict-at-land,4,173,
77573.086,abandon,4,173,
77573.086,refuse,4,179,
77578.935,refuse,0,178,
77581.427,conflict-at-land,2,177,
77583.618,start,3,176,
77583.884,start,1,171,
77586.861,start,5,175,
77588.086,refuse,4,179,
77593.935,refuse,0,178,
77594.034,conflict-at-land,5,175,
77596.427,refuse,2,177,
77603.086,refuse,4,179,
77608.935,refuse,0,178,
77609.034,start,5,175,
77609.955,conflict-at-land,3,176,
77610.958,conflict-at-land,1,171,
77611.427,start,2,177,
77618.086,refuse,4,179,
77618.368,conflict-at-land,5,175,
77620.157,conflict-at-land,2,177,
77623.935,refuse,0,178,
77624.955,start,3,176,
77625.958,start,1,171,
77633.086,refuse,4,179,
77633.368,start,5,175,
77635.157,refuse,2,177,
77638.935,refuse,0,178,
77641.642,conflict-at-land,5,175,
77646.27,conflict-at-land,1,171,
77648.086,refuse,4,179,
77650.139,conflict-at-land,3,176,
77650.157,start,2,177,
77653.935,refuse,0,178,
77656.642,start,5,175,
77661.27,start,1,171,
77663.086,refuse,4,179,
77665.107,conflict-at-land,2,177,
77665.139,start,3,176,
77665.528,conflict-at-land,5,175,
77668.935,refuse,0,178,
77678.086,refuse,4,179,
77680.107,refuse,2,177,
77680.528,start,5,175,
77681.282,conflict-at-land,1,171,
77683.935,refuse,0,178,
77691.835,conflict-at-land,5,175,
77693.086,refuse,4,179,
77693.271,conflict-at-land,3,176,
77695.107,start,2,177,
77696.282,start,1,171,
77698.935,refuse,0,178,
77704.691,conflict-at-land,2,177,
77706.835,start,5,175,
77708.086,refuse,4,179,
77708.271,start,3,176,
77712.795,conflict-at-land,1,171,
77713.935,refuse,0,178,
77718.418,conflict-at-land,5,175,
77719.691,refuse,2,177,
77723.086,refuse,4,179,
77727.795,start,1,171,
77728.935,refuse,0,178,
77733.418,start,5,175,
77734.691,refuse,2,177,
77735.172,conflict-at-land,3,176,
77738.086,refuse,4,179,
77743.935,refuse,0,178,
77744.997,conflict-at-land,5,175,
77749.691,start,2,177,
77750.172,refuse,3,176,
77752.17,conflict-at-land,1,171,
77753.086,refuse,4,179,
77758.935,refuse,0,178,
77759.997,start,5,175,
77764.932,conflict-at-land,2,177,
77765.172,start,3,176,
77767.17,start,1,171,
77768.086,refuse,4,179,
77769.494,conflict-at-land,5,175,
77773.935,refuse,0,178,
77779.932,refuse,2,177,
77783.086,refuse,4,179,
77784.494,start,5,175,
77784.835,conflict-at-land,3,176,
77788.935,refuse,0,178,
77790.622,conflict-at-land,1,171,
77792.792,conflict-at-land,6,155,
77792.901,conflict-at-land,5,175,
77794.932,start,2,177,
77798.086,start,4,179,
77799.835,refuse,3,176,
77803.935,refuse,0,178,
77805.622,start,1,171,
77807.792,refuse,6,155,
77807.901,start,5,175,
77807.981,conflict-at-land,2,177,
77809.81,conflict-at-land,4,179,
77814.835,start,3,176,
77817.177,conflict-at-land,5,175,
77818.935,start,0,178,
77822.792,refuse,6,155,
77822.981,refuse,2,177,
77824.636,conflict-at-land,0,178,
77824.81,start,4,179,
77826.206,conflict-at-land,1,171,
77832.177,start,5,175,
77837.792,refuse,6,155,
77837.981,refuse,2,177,
77838.562,conflict-at-land,5,175,
77838.575,conflict-at-land,4,179,
77839.636,start,0,178,
77841.206,start,1,171,
77842.157,conflict-at-land,3,176,
77844.142,conflict-at-land,0,178,
77852.792,start,6,155,
77852.981,start,2,177,
77853.562,start,5,175,
77853.575,refuse,4,179,
77857.157,refuse,3,176,
77859.142,refuse,0,178,
77862.208,conflict-at-land,5,175,
77863.939,conflict-at-land,1,171,
77867.8,conflict-at-land,2,177,
77868.575,refuse,4,179,
77872.157,start,3,176,
77874.142,refuse,0,178,
77877.208,start,5,175,
77878.939,start,1,171,
77882.8,refuse,2,177,
77883.575,refuse,4,179,
77884.924,conflict-at-land,5,175,
77889.142,refuse,0,178,
77897.8,refuse,2,177,
77898.575,refuse,4,179,
77899.364,conflict-at-land,3,176,
77899.924,start,5,175,
77902.342,conflict-at-land,1,171,
77904.142,refuse,0,178,
77909.777,conflict-at-land,5,175,
77912.8,start,2,177,
77913.575,refuse,4,179,
77914.364,refuse,3,176,
77917.342,start,1,171,
77919.142,refuse,0,178,
77924.777,start,5,175,
77924.811,conflict-at-land,2,177,
77928.575,refuse,4,179,
77929.364,start,3,176,
77932.165,conflict-at-land,5,175,
77934.142,refuse,0,178,
77939.811,refuse,2,177,
77942.062,conflict-at-land,1,171,
77943.575,refuse,4,179,
77947.165,start,5,175,
77949.142,refuse,0,178,
77953.181,conflict-at-land,3,176,
77954.811,start,2,177,
77954.881,conflict-at-land,5,175,
77957.062,start,1,171,
77958.575,refuse,4,179,
77964.142,refuse,0,178,
77968.181,refuse,3,176,
77968.212,conflict-at-land,2,177,
77969.881,start,5,175,
77973.575,refuse,4,179,
77979.142,refuse,0,178,
77980.497,conflict-at-land,5,175,
77983.181,start,3,176,
77983.212,refuse,2,177,
77984.111,conflict-at-land,1,171,
77988.575,refuse,4,179,
77994.142,refuse,0,178,
77995.497,start,5,175,
77998.212,refuse,2,177,
77999.111,start,1,171,
78001.861,conflict-at-land,5,175,
78003.575,refuse,4,179,
78007.318,conflict-at-land,3,176,
78009.142,refuse,0,178,
78013.212,start,2,177,
78016.572,conflict-at-land,1,171,
78016.861,start,5,175,
78018.575,refuse,4,179,
78022.318,refuse,3,176,
78022.601,conflict-at-land,2,177,
78024.142,refuse,0,178,
78024.405,conflict-at-land,5,175,
78031.572,start,1,171,
78033.575,refuse,4,179,
78037.318,start,3,176,
78037.601,refuse,2,177,
78039.142,refuse,0,178,
78039.405,start,5,175,
78048.575,refuse,4,179,
78048.606,conflict-at-land,5,175,
78048.606,abandon,5,175,
78048.606,refuse,5,180,
78052.601,refuse,2,177,
78054.142,refuse,0,178,
78058.317,conflict-at-land,1,171,
78063.575,refuse,4,179,
78063.606,refuse,5,180,
78065.578,conflict-at-land,3,176,
78067.601,start,2,177,
78069.142,refuse,0,178,
78073.317,start,1,171,
78076.692,conflict-at-land,2,177,
78078.575,refuse,4,179,
78078.606,refuse,5,180,
78080.578,start,3,176,
78084.142,refuse,0,178,
78090.881,conflict-at-land,1,171,
78091.692,refuse,2,177,
78093.575,refuse,4,179,
78093.606,refuse,5,180,
78099.142,refuse,0,178,
78105.881,start,1,171,
78106.263,conflict-at-land,3,176,
78106.692,start,2,177,
78108.575,refuse,4,179,
78108.606,refuse,5,180,
78114.142,refuse,0,178,
78120.356,conflict-at-land,2,177,
78121.263,start,3,176,
78123.575,refuse,4,179,
78123.606,refuse,5,180,
78129.142,refuse,0,178,
78130.376,conflict-at-land,1,171,
78135.356,refuse,2,177,
78138.575,refuse,4,179,
78138.606,refuse,5,180,
78144.142,refuse,0,178,
78145.376,start,1,171,
78146.654,conflict-at-land,3,176,
78150.356,start,2,177,
78153.575,refuse,4,179,
78153.606,refuse,5,180,
78159.142,refuse,0,178,
78161.654,refuse,3,176,
78162.27,conflict-at-land,2,177,
78168.575,refuse,4,179,
78168.606,refuse,5,180,
78171.625,conflict-at-land,1,171,
78174.142,refuse,0,178,
78176.654,start,3,176,
78177.27,refuse,2,177,
78183.575,refuse,4,179,
78183.606,refuse,5,180,
78186.625,start,1,171,
78189.142,refuse,0,178,
78192.27,refuse,2,177,
78194.57,conflict-at-land,3,176,
78198.575,refuse,4,179,
78198.606,refuse,5,180,
78204.142,refuse,0,178,
78205.175,conflict-at-land,1,171,
78207.27,start,2,177,
78209.57,refuse,3,176,
78213.575,refuse,4,179,
78213.606,refuse,5,180,
78217.398,conflict-at-land,2,177,
78219.142,refuse,0,178,
78220.175,start,1,171,
78224.57,start,3,176,
78228.575,refuse,4,179,
78228.606,refuse,5,180,
78232.398,refuse,2,177,
78234.142,refuse,0,178,
78243.575,refuse,4,179,
78243.606,refuse,5,180,
78246.016,conflict-at-land,1,171,
78247.398,refuse,2,177,
78249.142,refuse,0,178,
78253.35,conflict-at-land,3,176,
78258.575,refuse,4,179,
78258.606,refuse,5,180,
78261.016,start,1,171,
78262.398,start,2,177,
78264.142,refuse,0,178,
78268.35,refuse,3,176,
78272.843,conflict-at-land,2,177,
78273.575,refuse,4,179,
78273.606,refuse,5,180,
78279.142,refuse,0,178,
78283.35,start,3,176,
78284.045,conflict-at-land,1,171,
78287.843,refuse,2,177,
78288.575,refuse,4,179,
78288.606,refuse,5,180,
78294.142,refuse,0,178,
78299.045,start,1,171,
78302.843,refuse,2,177,
78303.575,refuse,4,179,
78303.606,refuse,5,180,
78309.142,refuse,0,178,
78312.069,conflict-at-land,3,176,
78316.048,conflict-at-land,1,171,
78317.843,start,2,177,
78318.575,refuse,4,179,
78318.606,refuse,5,180,
78324.142,refuse,0,178,
78327.069,refuse,3,176,
78331.048,start,1,171,
78332.575,conflict-at-land,2,177,
78333.575,refuse,4,179,
78333.606,refuse,5,180,
78339.142,refuse,0,178,
78342.069,start,3,176,
78347.575,refuse,2,177,
78348.575,refuse,4,179,
78348.606,refuse,5,180,
78350.43,conflict-at-land,1,171,
78354.142,refuse,0,178,
78362.575,refuse,2,177,
78362.849,conflict-at-land,3,176,
78363.575,refuse,4,179,
78363.606,refuse,5,180,
78365.43,start,1,171,
78369.142,refuse,0,178,
78377.575,start,2,177,
78377.849,refuse,3,176,
78378.575,refuse,4,179,
78378.606,refuse,5,180,
78384.142,refuse,0,178,
78385.382,conflict-at-land,1,171,
78391.898,conflict-at-land,2,177,
78392.849,start,3,176,
78393.575,refuse,4,179,
78393.606,refuse,5,180,
78399.142,refuse,0,178,
78400.382,start,1,171,
78406.898,refuse,2,177,
78408.575,refuse,4,179,
78408.606,refuse,5,180,
78414.142,refuse,0,178,
78419.984,conflict-at-land,3,176,
78421.898,start,2,177,
78423.575,refuse,4,179,
78423.606,refuse,5,180,
78426.109,conflict-at-land,1,171,
78429.142,refuse,0,178,
78430.464,conflict-at-land,2,177,
78434.984,start,3,176,
78438.575,refuse,4,179,
78438.606,refuse,5,180,
78441.109,start,1,171,
78444.142,refuse,0,178,
78445.464,refuse,2,177,
78453.575,refuse,4,179,
78453.606,refuse,5,180,
78459.142,refuse,0,178,
78460.464,refuse,2,177,
78460.789,conflict-at-land,1,171,
78465.908,conflict-at-land,3,176,
78468.575,refuse,4,179,
78468.606,refuse,5,180,
78474.142,refuse,0,178,
78475.464,start,2,177,
78475.789,start,1,171,
78480.908,refuse,3,176,
78483.575,refuse,4,179,
78483.606,refuse,5,180,
78489.142,refuse,0,178,
78490.777,conflict-at-land,2,177,
78495.908,start,3,176,
78498.575,refuse,4,179,
78498.606,refuse,5,180,
78499.865,conflict-at-land,1,171,
78499.865,abandon,1,171,
78499.865,refuse,1,181,
78504.142,refuse,0,178,
78505.777,refuse,2,177,
78513.575,refuse,4,179,
78513.606,refuse,5,180,
78514.865,refuse,1,181,
78519.142,refuse,0,178,
78519.943,conflict-at-land,3,176,
78520.777,start,2,177,
78528.575,refuse,4,179,
78528.606,refuse,5,180,
78529.865,refuse,1,181,
78532.546,conflict-at-land,2,177,
78534.142,refuse,0,178,
78534.943,start,3,176,
78543.575,refuse,4,179,
78543.606,refuse,5,180,
78544.865,refuse,1,181,
78547.546,refuse,2,177,
78549.142,refuse,0,178,
78558.575,refuse,4,179,
78558.606,refuse,5,180,
78559.865,refuse,1,181,
78562.546,refuse,2,177,
78564.142,refuse,0,178,
78564.398,conflict-at-land,3,176,
78573.575,refuse,4,179,
78573.606,refuse,5,180,
78574.865,refuse,1,181,
78577.546,start,2,177,
78579.142,refuse,0,178,
78579.398,refuse,3,176,
78588.575,refuse,4,179,
78588.606,refuse,5,180,
78589.865,refuse,1,181,
78592.282,conflict-at-land,2,177,
78594.142,refuse,0,178,
78594.398,start,3,176,
78603.575,refuse,4,179,
78603.606,refuse,5,180,
78604.865,refuse,1,181,
78607.282,refuse,2,177,
78609.142,refuse,0,178,
78616.795,conflict-at-land,3,176,
78618.575,refuse,4,179,
78618.606,refuse,5,180,
78619.865,refuse,1,181,
78622.282,start,2,177,
78624.142,refuse,0,178,
78631.795,refuse,3,176,
78633.575,refuse,4,179,
78633.606,refuse,5,180,
78634.865,refuse,1,181,
78637.504,conflict-at-land,2,177,
78639.142,refuse,0,178,
78646.795,start,3,176,
78648.575,refuse,4,179,
78648.606,refuse,5,180,
78649.865,refuse,1,181,
78652.504,refuse,2,177,
78654.142,refuse,0,178,
78663.575,refuse,4,179,
78663.606,refuse,5,180,
78664.865,refuse,1,181,
78667.504,refuse,2,177,
78669.142,refuse,0,178,
78677.903,conflict-at-land,3,176,
78678.575,refuse,4,179,
78678.606,refuse,5,180,
78679.865,refuse,1,181,
78682.504,start,2,177,
78684.142,refuse,0,178,
78692.903,refuse,3,176,
78693.575,refuse,4,179,
78693.606,refuse,5,180,
78694.865,refuse,1,181,
78695.653,conflict-at-land,2,177,
78699.142,refuse,0,178,
78707.903,start,3,176,
78708.575,refuse,4,179,
78708.606,refuse,5,180,
78709.865,refuse,1,181,
78710.653,refuse,2,177,
78714.142,refuse,0,178,
78723.575,refuse,4,179,
78723.606,refuse,5,180,
78724.865,refuse,1,181,
78725.653,refuse,2,177,
78726.987,conflict-at-land,3,176,
78729.142,refuse,0,178,
78738.575,refuse,4,179,
78738.606,refuse,5,180,
78739.865,refuse,1,181,
78740.653,start,2,177,
78741.987,refuse,3,176,
78744.142,refuse,0,178,
78751.69,conflict-at-land,2,177,
78753.575,refuse,4,179,
78753.606,refuse,5,180,
78754.865,refuse,1,181,
78756.987,start,3,176,
78759.142,refuse,0,178,
78766.69,refuse,2,177,
78768.575,refuse,4,179,
78768.606,refuse,5,180,
78769.865,refuse,1,181,
78774.142,refuse,0,178,
78780.662,conflict-at-land,3,176,
78781.69,start,2,177,
78783.575,refuse,4,179,
78783.606,refuse,5,180,
78784.865,refuse,1,181,
78789.142,refuse,0,178,
78790.132,conflict-at-land,2,177,
78795.662,start,3,176,
78798.575,refuse,4,179,
78798.606,refuse,5,180,
78799.865,refuse,1,181,
78804.142,refuse,0,178,
78805.132,refuse,2,177,
78813.575,refuse,4,179,
78813.606,refuse,5,180,
78814.865,refuse,1,181,
78819.142,refuse,0,178,
78820.132,refuse,2,177,
78820.917,conflict-at-land,3,176,
78828.575,refuse,4,179,
78828.606,refuse,5,180,
78829.865,refuse,1,181,
78834.142,refuse,0,178,
78835.132,start,2,177,
78835.917,refuse,3,176,
78843.575,refuse,4,179,
78843.606,refuse,5,180,
78844.865,refuse,1,181,
78845.728,conflict-at-land,2,177,
78849.142,refuse,0,178,
78850.917,start,3,176,
78858.575,refuse,4,179,
78858.606,refuse,5,180,
78859.865,refuse,1,181,
78860.728,refuse,2,177,
78864.142,refuse,0,178,
78873.575,refuse,4,179,
78873.606,refuse,5,180,
78874.865,refuse,1,181,
78875.728,refuse,2,177,
78879.142,refuse,0,178,
78880.826,conflict-at-land,3,176,
78888.575,refuse,4,179,
78888.606,refuse,5,180,
78889.865,refuse,1,181,
78890.728,start,2,177,
78894.142,refuse,0,178,
78895.826,refuse,3,176,
78901.302,conflict-at-land,2,177,
78903.575,refuse,4,179,
78903.606,refuse,5,180,
78904.865,refuse,1,181,
78909.142,refuse,0,178,
78910.826,start,3,176,
78916.302,refuse,2,177,
78918.575,refuse,4,179,
78918.606,refuse,5,180,
78919.865,refuse,1,181,
78924.142,refuse,0,178,
78928.307,conflict-at-land,3,176,
78931.302,start,2,177,
78933.575,refuse,4,179,
78933.606,refuse,5,180,
78934.865,refuse,1,181,
78939.142,refuse,0,178,
78943.307,refuse,3,176,
78946.854,conflict-at-land,2,177,
78948.575,refuse,4,179,
78948.606,refuse,5,180,
78949.865,refuse,1,181,
78954.142,refuse,0,178,
78958.307,start,3,176,
78961.854,refuse,2,177,
78963.575,refuse,4,179,
78963.606,refuse,5,180,
78964.865,refuse,1,181,
78969.142,refuse,0,178,
78976.854,refuse,2,177,
78978.575,refuse,4,179,
78978.606,refuse,5,180,
78979.865,refuse,1,181,
78984.142,refuse,0,178,
78987.035,conflict-at-land,3,176,
78991.854,start,2,177,
78993.575,refuse,4,179,
78993.606,refuse,5,180,
78994.865,refuse,1,181,
78999.142,refuse,0,178,
79002.035,refuse,3,176,
79004.859,conflict-at-land,2,177,
79008.575,refuse,4,179,
79008.606,refuse,5,180,
79009.865,refuse,1,181,
79014.142,refuse,0,178,
79017.035,start,3,176,
79019.859,refuse,2,177,
79023.575,refuse,4,179,
79023.606,refuse,5,180,
79024.865,refuse,1,181,
79029.142,refuse,0,178,
79034.859,refuse,2,177,
79038.575,refuse,4,179,
79038.606,refuse,5,180,
79039.865,refuse,1,181,
79040.528,conflict-at-land,3,176,
79044.142,refuse,0,178,
79049.859,start,2,177,
79053.575,refuse,4,179,
79053.606,refuse,5,180,
79054.865,refuse,1,181,
79055.528,refuse,3,176,
79059.142,refuse,0,178,
79061.581,conflict-at-land,2,177,
79068.575,refuse,4,179,
79068.606,refuse,5,180,
79069.865,refuse,1,181,
79070.528,start,3,176,
79074.142,refuse,0,178,
79076.581,refuse,2,177,
79083.575,refuse,4,179,
79083.606,refuse,5,180,
79084.865,refuse,1,181,
79089.142,refuse,0,178,
79091.581,refuse,2,177,
79094.891,conflict-at-land,3,176,
79098.575,refuse,4,179,
79098.606,refuse,5,180,
79099.865,refuse,1,181,
79104.142,refuse,0,178,
79106.581,start,2,177,
79109.891,refuse,3,176,
79113.575,refuse,4,179,
79113.606,refuse,5,180,
79114.865,refuse,1,181,
79117.071,conflict-at-land,2,177,
79119.142,refuse,0,178,
79124.891,start,3,176,
79128.575,refuse,4,179,
79128.606,refuse,5,180,
79129.865,refuse,1,181,
79132.071,refuse,2,177,
79134.142,refuse,0,178,
79143.575,refuse,4,179,
79143.606,refuse,5,180,
79144.865,refuse,1,181,
79147.071,refuse,2,177,
79149.142,refuse,0,178,
79154.731,conflict-at-land,3,176,
79158.575,refuse,4,179,
79158.606,refuse,5,180,
79159.865,refuse,1,181,
79162.071,start,2,177,
79164.142,refuse,0,178,
79169.731,refuse,3,176,
79171.546,conflict-at-land,2,177,
79173.575,refuse,4,179,
79173.606,refuse,5,180,
79174.865,refuse,1,181,
79179.142,refuse,0,178,
79184.731,start,3,176,
79186.546,refuse,2,177,
79188.575,refuse,4,179,
79188.606,refuse,5,180,
79189.865,refuse,1,181,
79194.142,refuse,0,178,
79201.546,refuse,2,177,
79203.575,refuse,4,179,
79203.606,refuse,5,180,
79204.865,refuse,1,181,
79209.142,refuse,0,178,
79210.006,conflict-at-land,3,176,
79216.546,start,2,177,
79218.575,refuse,4,179,
79218.606,refuse,5,180,
79219.865,refuse,1,181,
79224.142,refuse,0,178,
79225.006,refuse,3,176,
79225.208,conflict-at-land,2,177,
79233.575,refuse,4,179,
79233.606,refuse,5,180,
79234.865,refuse,1,181,
79239.142,refuse,0,178,
79240.006,start,3,176,
79240.208,refuse,2,177,
79248.575,refuse,4,179,
79248.606,refuse,5,180,
79249.865,refuse,1,181,
79254.142,refuse,0,178,
79255.208,refuse,2,177,
79263.575,refuse,4,179,
79263.606,refuse,5,180,
79264.865,refuse,1,181,
79269.142,refuse,0,178,
79270.019,conflict-at-land,3,176,
79270.208,start,2,177,
79278.575,refuse,4,179,
79278.606,refuse,5,180,
79279.865,refuse,1,181,
79280.523,conflict-at-land,2,177,
79284.142,refuse,0,178,
79285.019,start,3,176,
79293.575,refuse,4,179,
79293.606,refuse,5,180,
79294.865,refuse,1,181,
79295.523,refuse,2,177,
79299.142,refuse,0,178,
79304.709,conflict-at-land,3,176,
79308.575,refuse,4,179,
79308.606,refuse,5,180,
79309.865,refuse,1,181,
79310.523,start,2,177,
79314.142,refuse,0,178,
79319.709,refuse,3,176,
79323.575,refuse,4,179,
79323.606,refuse,5,180,
79324.548,conflict-at-land,2,177,
79324.865,refuse,1,181,
79329.142,refuse,0,178,
79334.709,start,3,176,
79338.575,refuse,4,179,
79338.606,refuse,5,180,
79339.548,refuse,2,177,
79339.865,refuse,1,181,
79344.142,refuse,0,178,
79352.985,conflict-at-land,3,176,
79353.575,refuse,4,179,
79353.606,refuse,5,180,
79354.548,start,2,177,
79354.865,refuse,1,181,
79359.142,refuse,0,178,
79365.503,conflict-at-land,2,177,
79367.985,start,3,176,
79368.575,refuse,4,179,
79368.606,refuse,5,180,
79369.865,refuse,1,181,
79374.142,refuse,0,178,
79380.503,refuse,2,177,
79383.575,refuse,4,179,
79383.606,refuse,5,180,
79384.865,refuse,1,181,
79385.527,conflict-at-land,3,176,
79389.142,refuse,0,178,
79394.575,conflict-at-land,6,155,
79395.503,start,2,177,
79398.575,start,4,179,
79398.606,refuse,5,180,
79399.865,refuse,1,181,
79400.527,refuse,3,176,
79404.142,refuse,0,178,
79406.159,conflict-at-land,2,177,
79407.715,conflict-at-land,4,179,
79409.575,start,6,155,
79413.606,refuse,5,180,
79414.865,refuse,1,181,
79415.527,start,3,176,
79419.142,refuse,0,178,
79421.159,refuse,2,177,
79422.715,refuse,4,179,
79428.606,refuse,5,180,
79429.865,refuse,1,181,
79434.142,refuse,0,178,
79435.377,conflict-at-land,3,176,
79436.159,start,2,177,
79437.715,refuse,4,179,
79443.606,refuse,5,180,
79444.865,refuse,1,181,
79447.249,conflict-at-land,2,177,
79449.142,refuse,0,178,
79450.377,start,3,176,
79452.715,refuse,4,179,
79458.606,refuse,5,180,
79459.865,refuse,1,181,
79462.249,refuse,2,177,
79464.142,refuse,0,178,
79467.715,refuse,4,179,
79473.606,refuse,5,180,
79474.865,refuse,1,181,
79477.249,refuse,2,177,
79479.142,refuse,0,178,
79479.429,conflict-at-land,3,176,
79482.715,refuse,4,179,
79488.606,refuse,5,180,
79489.865,refuse,1,181,
79492.249,start,2,177,
79494.142,refuse,0,178,
79494.429,refuse,3,176,
79497.715,refuse,4,179,
79501.162,conflict-at-land,2,177,
79503.606,refuse,5,180,
79504.865,refuse,1,181,
79509.142,refuse,0,178,
79509.429,start,3,176,
79512.715,refuse,4,179,
79516.162,refuse,2,177,
79518.606,refuse,5,180,
79519.865,refuse,1,181,
79524.142,refuse,0,178,
79527.715,refuse,4,179,
79531.162,refuse,2,177,
79533.606,refuse,5,180,
79534.865,refuse,1,181,
79536.175,conflict-at-land,3,176,
79539.142,refuse,0,178,
79542.715,refuse,4,179,
79546.162,start,2,177,
79548.606,refuse,5,180,
79549.865,refuse,1,181,
79551.175,refuse,3,176,
79554.142,refuse,0,178,
79554.753,conflict-at-land,2,177,
79557.715,refuse,4,179,
79563.606,refuse,5,180,
79564.865,refuse,1,181,
79566.175,start,3,176,
79569.142,refuse,0,178,
79569.753,refuse,2,177,
79572.715,refuse,4,179,
79578.606,refuse,5,180,
79579.865,refuse,1,181,
79584.142,refuse,0,178,
79584.753,refuse,2,177,
79587.715,refuse,4,179,
79593.606,refuse,5,180,
79594.865,refuse,1,181,
79595.624,conflict-at-land,3,176,
79599.142,refuse,0,178,
79599.753,start,2,177,
79602.715,refuse,4,179,
79608.606,refuse,5,180,
79609.335,conflict-at-land,2,177,
79609.865,refuse,1,181,
79610.624,start,3,176,
79614.142,refuse,0,178,
79617.715,refuse,4,179,
79623.606,refuse,5,180,
79624.335,refuse,2,177,
79624.865,refuse,1,181,
79629.142,refuse,0,178,
79632.715,refuse,4,179,
79638.606,refuse,5,180,
79639.335,refuse,2,177,
79639.524,conflict-at-land,3,176,
79639.865,refuse,1,181,
79644.142,refuse,0,178,
79647.715,refuse,4,179,
79653.606,refuse,5,180,
79654.335,start,2,177,
79654.524,refuse,3,176,
79654.865,refuse,1,181,
79659.142,refuse,0,178,
79662.715,refuse,4,179,
79665.137,conflict-at-land,2,177,
79668.606,refuse,5,180,
79669.524,start,3,176,
79669.865,refuse,1,181,
79674.142,refuse,0,178,
79677.715,refuse,4,179,
79680.137,refuse,2,177,
79680.137,abandon,2,177,
79680.137,refuse,2,182,
79683.606,refuse,5,180,
79684.865,refuse,1,181,
79689.142,refuse,0,178,
79692.715,refuse,4,179,
79695.137,refuse,2,182,
79696.497,conflict-at-land,3,176,
79698.606,refuse,5,180,
79699.865,refuse,1,181,
79704.142,refuse,0,178,
79707.715,refuse,4,179,
79710.137,refuse,2,182,
79711.497,start,3,176,
79713.606,refuse,5,180,
79714.865,refuse,1,181,
79719.142,refuse,0,178,
79722.715,refuse,4,179,
79725.137,refuse,2,182,
79728.606,refuse,5,180,
79729.865,refuse,1,181,
79734.142,refuse,0,178,
79737.715,refuse,4,179,
79738.702,conflict-at-land,3,176,
79740.137,refuse,2,182,
79743.606,refuse,5,180,
79744.865,refuse,1,181,
79749.142,refuse,0,178,
79752.715,refuse,4,179,
79753.702,start,3,176,
79755.137,refuse,2,182,
79758.606,refuse,5,180,
79759.865,refuse,1,181,
79764.142,refuse,0,178,
79767.715,refuse,4,179,
79770.137,refuse,2,182,
79773.606,refuse,5,180,
79774.865,refuse,1,181,
79776.255,conflict-at-land,3,176,
79779.142,refuse,0,178,
79782.715,refuse,4,179,
79785.137,refuse,2,182,
79788.606,refuse,5,180,
79789.865,refuse,1,181,
79791.255,start,3,176,
79794.142,refuse,0,178,
79797.715,refuse,4,179,
79800.137,refuse,2,182,
79803.606,refuse,5,180,
79804.865,refuse,1,181,
79809.142,refuse,0,178,
79810.94,conflict-at-land,3,176,
79812.715,refuse,4,179,
79815.137,refuse,2,182,
79818.606,refuse,5,180,
79819.865,refuse,1,181,
79824.142,refuse,0,178,
79825.94,start,3,176,
79827.715,refuse,4,179,
79830.137,refuse,2,182,
79833.606,refuse,5,180,
79834.865,refuse,1,181,
79839.142,refuse,0,178,
79842.715,refuse,4,179,
79845.137,refuse,2,182,
79848.606,refuse,5,180,
79849.848,conflict-at-land,3,176,
79849.865,refuse,1,181,
79854.142,refuse,0,178,
79857.715,refuse,4,179,
79860.137,refuse,2,182,
79863.606,refuse,5,180,
79864.848,start,3,176,
79864.865,refuse,1,181,
79869.142,refuse,0,178,
79872.715,refuse,4,179,
79875.137,refuse,2,182,
79878.606,refuse,5,180,
79879.865,refuse,1,181,
79884.142,refuse,0,178,
79887.715,refuse,4,179,
79890.137,refuse,2,182,
79890.14,conflict-at-land,3,176,
79893.606,refuse,5,180,
79894.865,refuse,1,181,
79899.142,refuse,0,178,
79902.715,refuse,4,179,
79905.137,refuse,2,182,
79905.14,start,3,176,
79908.606,refuse,5,180,
79909.865,refuse,1,181,
79914.142,refuse,0,178,
79917.715,refuse,4,179,
79920.137,refuse,2,182,
79922.802,conflict-at-land,3,176,
79923.606,refuse,5,180,
79924.865,refuse,1,181,
79929.142,refuse,0,178,
79932.715,refuse,4,179,
79935.137,refuse,2,182,
79937.802,start,3,176,
79938.606,refuse,5,180,
79939.865,refuse,1,181,
79944.142,refuse,0,178,
79947.715,refuse,4,179,
79950.137,refuse,2,182,
79953.606,refuse,5,180,
79954.865,refuse,1,181,
79955.561,conflict-at-land,3,176,
79959.142,refuse,0,178,
79962.715,refuse,4,179,
79965.137,refuse,2,182,
79968.606,refuse,5,180,
79969.865,refuse,1,181,
79970.561,start,3,176,
79974.142,refuse,0,178,
79974.142,abandon,0,178,
79974.142,start,0,183,
79977.715,refuse,4,179,
79980.137,refuse,2,182,
79982.909,conflict-at-land,0,183,
79983.606,refuse,5,180,
79984.865,refuse,1,181,
79992.715,refuse,4,179,
79995.137,refuse,2,182,
79997.909,start,0,183,
79998.606,refuse,5,180,
79998.697,conflict-at-land,3,176,
79999.865,refuse,1,181,
80007.712,conflict-at-land,0,183,
80007.715,refuse,4,179,
80010.137,refuse,2,182,
80013.606,refuse,5,180,
80013.697,start,3,176,
80014.865,refuse,1,181,
80022.712,start,0,183,
80022.715,refuse,4,179,
80025.137,refuse,2,182,
80028.606,refuse,5,180,
80029.865,refuse,1,181,
80033.333,conflict-at-land,3,176,
80036.582,conflict-at-land,0,183,
80037.715,refuse,4,179,
80040.137,refuse,2,182,
80043.606,refuse,5,180,
80044.865,refuse,1,181,
80048.333,start,3,176,
80051.582,start,0,183,
80052.715,refuse,4,179,
80055.137,refuse,2,182,
80058.606,refuse,5,180,
80059.865,refuse,1,181,
80064.856,conflict-at-land,0,183,
80065.315,conflict-at-land,3,176,
80067.715,refuse,4,179,
80070.137,refuse,2,182,
80073.606,refuse,5,180,
80074.865,refuse,1,181,
80079.856,start,0,183,
80080.315,start,3,176,
80082.715,refuse,4,179,
80085.137,refuse,2,182,
80088.606,refuse,5,180,
80088.901,conflict-at-land,0,183,
80089.865,refuse,1,181,
80097.715,refuse,4,179,
80099.652,conflict-at-land,3,176,
80100.137,refuse,2,182,
80103.606,refuse,5,180,
80103.901,start,0,183,
80104.865,refuse,1,181,
80112.715,refuse,4,179,
80114.652,start,3,176,
80115.137,refuse,2,182,
80115.431,conflict-at-land,0,183,
80118.606,refuse,5,180,
80119.865,refuse,1,181,
80127.715,refuse,4,179,
80130.137,refuse,2,182,
80130.431,start,0,183,
80133.606,refuse,5,180,
80134.865,refuse,1,181,
80140.314,conflict-at-land,3,176,
80142.483,conflict-at-land,0,183,
80142.715,refuse,4,179,
80145.137,refuse,2,182,
80148.606,refuse,5,180,
80149.865,refuse,1,181,
80155.314,start,3,176,
80157.483,start,0,183,
80157.715,refuse,4,179,
80160.137,refuse,2,182,
80163.606,refuse,5,180,
80164.865,refuse,1,181,
80170.929,conflict-at-land,0,183,
80172.715,refuse,4,179,
80175.137,refuse,2,182,
80175.603,conflict-at-land,3,176,
80178.606,refuse,5,180,
80179.865,refuse,1,181,
80185.929,start,0,183,
80187.715,refuse,4,179,
80190.137,refuse,2,182,
80190.603,start,3,176,
80193.606,refuse,5,180,
80194.865,refuse,1,181,
80197.856,conflict-at-land,0,183,
80202.715,refuse,4,179,
80205.137,refuse,2,182,
80208.606,refuse,5,180,
80209.865,refuse,1,181,
80212.856,start,0,183,
80217.715,refuse,4,179,
80220.137,refuse,2,182,
80221.714,conflict-at-land,3,176,
80222.757,conflict-at-land,0,183,
80223.606,refuse,5,180,
80224.865,refuse,1,181,
80232.715,refuse,4,179,
80235.137,refuse,2,182,
80236.714,start,3,176,
80237.757,start,0,183,
80238.606,refuse,5,180,
80239.865,refuse,1,181,
80247.715,refuse,4,179,
80250.137,refuse,2,182,
80251.545,conflict-at-land,0,183,
80253.606,refuse,5,180,
80254.865,refuse,1,181,
80260.283,conflict-at-land,3,176,
80262.715,refuse,4,179,
80265.137,refuse,2,182,
80266.545,start,0,183,
80268.606,refuse,5,180,
80269.865,refuse,1,181,
80275.283,start,3,176,
80277.715,refuse,4,179,
80280.137,refuse,2,182,
80281.27,conflict-at-land,0,183,
80283.606,refuse,5,180,
80284.865,refuse,1,181,
80292.715,refuse,4,179,
80295.137,refuse,2,182,
80296.27,start,0,183,
80296.564,conflict-at-land,3,176,
80298.606,refuse,5,180,
80299.865,refuse,1,181,
80307.715,refuse,4,179,
80310.137,refuse,2,182,
80310.476,conflict-at-land,0,183,
80311.564,start,3,176,
80313.606,refuse,5,180,
80314.865,refuse,1,181,
80322.715,refuse,4,179,
80325.137,refuse,2,182,
80325.476,start,0,183,
80328.606,refuse,5,180,
80329.865,refuse,1,181,
80332.048,conflict-at-land,3,176,
80332.048,abandon,3,176,
80332.048,refuse,3,184,
80335.34,conflict-at-land,0,183,
80337.715,refuse,4,179,
80340.137,refuse,2,182,
80343.606,refuse,5,180,
80344.865,refuse,1,181,
80347.048,start,3,184,
80350.34,refuse,0,183,
80352.715,refuse,4,179,
80355.137,refuse,2,182,
80358.606,refuse,5,180,
80359.865,refuse,1,181,
80360.302,conflict-at-land,3,184,
80365.34,start,0,183,
80367.715,refuse,4,179,
80370.137,refuse,2,182,
80373.606,refuse,5,180,
80374.865,refuse,1,181,
80375.302,refuse,3,184,
80380.852,conflict-at-land,0,183,
80382.715,refuse,4,179,
80385.137,refuse,2,182,
80388.606,refuse,5,180,
80389.865,refuse,1,181,
80390.302,start,3,184,
80395.852,refuse,0,183,
80397.715,refuse,4,179,
80400.137,refuse,2,182,
80403.606,refuse,5,180,
80404.715,conflict-at-land,3,184,
80404.865,refuse,1,181,
80410.852,start,0,183,
80412.715,refuse,4,179,
80415.137,refuse,2,182,
80418.606,refuse,5,180,
80419.572,conflict-at-land,0,183,
80419.715,start,3,184,
80419.865,refuse,1,181,
80427.715,refuse,4,179,
80430.137,refuse,2,182,
80431.182,conflict-at-land,3,184,
80433.606,refuse,5,180,
80434.572,start,0,183,
80434.865,refuse,1,181,
80442.715,refuse,4,179,
80445.137,refuse,2,182,
80446.182,refuse,3,184,
80448.482,conflict-at-land,0,183,
80448.606,refuse,5,180,
80449.865,refuse,1,181,
80457.715,refuse,4,179,
80460.137,refuse,2,182,
80461.182,start,3,184,
80463.482,refuse,0,183,
80463.606,refuse,5,180,
80464.865,refuse,1,181,
80472.715,refuse,4,179,
80475.137,refuse,2,182,
80475.152,conflict-at-land,3,184,
80478.482,start,0,183,
80478.606,refuse,5,180,
80479.865,refuse,1,181,
80487.715,refuse,4,179,
80490.137,refuse,2,182,
80490.152,refuse,3,184,
80492.746,conflict-at-land,0,183,
80493.606,refuse,5,180,
80494.865,refuse,1,181,
80502.715,refuse,4,179,
80505.137,refuse,2,182,
80505.152,start,3,184,
80507.746,refuse,0,183,
80508.606,refuse,5,180,
80509.865,refuse,1,181,
80513.598,conflict-at-land,3,184,
80517.715,refuse,4,179,
80520.137,refuse,2,182,
80522.746,start,0,183,
80523.606,refuse,5,180,
80524.865,refuse,1,181,
80528.598,refuse,3,184,
80531.766,conflict-at-land,0,183,
80532.715,refuse,4,179,
80535.137,refuse,2,182,
80538.606,refuse,5,180,
80539.865,refuse,1,181,
80543.598,start,3,184,
80546.766,refuse,0,183,
80547.715,refuse,4,179,
80550.137,refuse,2,182,
80553.606,refuse,5,180,
80554.865,refuse,1,181,
80555.698,conflict-at-land,3,184,
80561.766,start,0,183,
80562.715,refuse,4,179,
80565.137,refuse,2,182,
80568.606,refuse,5,180,
80569.865,refuse,1,181,
80570.698,refuse,3,184,
80571.95,conflict-at-land,0,183,
80577.715,refuse,4,179,
80580.137,refuse,2,182,
80583.606,refuse,5,180,
80584.865,refuse,1,181,
80585.698,start,3,184,
80586.95,refuse,0,183,
80592.715,refuse,4,179,
80595.137,refuse,2,182,
80598.606,refuse,5,180,
80598.642,conflict-at-land,3,184,
80599.865,refuse,1,181,
80601.95,start,0,183,
80607.715,refuse,4,179,
80607.715,abandon,4,179,
80607.715,start,4,185,
80610.137,refuse,2,182,
80613.482,conflict-at-land,4,185,
80613.606,refuse,5,180,
80613.642,refuse,3,184,
80614.865,refuse,1,181,
80615.328,conflict-at-land,0,183,
80625.137,refuse,2,182,
80628.482,start,4,185,
80628.606,refuse,5,180,
80628.642,start,3,184,
80629.865,refuse,1,181,
80630.328,refuse,0,183,
80632.745,conflict-at-land,4,185,
80639.85,conflict-at-land,3,184,
80640.137,refuse,2,182,
80643.606,refuse,5,180,
80644.865,refuse,1,181,
80645.328,start,0,183,
80647.745,start,4,185,
80653.742,conflict-at-land,4,185,
80654.85,refuse,3,184,
80655.137,refuse,2,182,
80657.791,conflict-at-land,0,183,
80658.606,refuse,5,180,
80659.865,refuse,1,181,
80668.742,start,4,185,
80669.85,start,3,184,
80670.137,refuse,2,182,
80672.791,refuse,0,183,
80673.508,conflict-at-land,4,185,
80673.606,refuse,5,180,
80674.865,refuse,1,181,
80683.11,conflict-at-land,3,184,
80685.137,refuse,2,182,
80687.791,start,0,183,
80688.508,start,4,185,
80688.606,refuse,5,180,
80689.865,refuse,1,181,
80694.959,conflict-at-land,4,185,
80698.11,refuse,3,184,
80700.031,conflict-at-land,0,183,
80700.137,refuse,2,182,
80703.606,refuse,5,180,
80704.865,refuse,1,181,
80709.959,start,4,185,
80713.11,start,3,184,
80715.031,refuse,0,183,
80715.137,refuse,2,182,
80716.143,conflict-at-land,4,185,
80718.606,refuse,5,180,
80719.865,refuse,1,181,
80723.322,conflict-at-land,3,184,
80730.031,start,0,183,
80730.137,refuse,2,182,
80731.143,start,4,185,
80733.606,refuse,5,180,
80734.865,refuse,1,181,
80736.957,conflict-at-land,4,185,
80738.322,refuse,3,184,
80744.559,conflict-at-land,0,183,
80745.137,refuse,2,182,
80748.606,refuse,5,180,
80749.865,refuse,1,181,
80751.957,start,4,185,
80753.322,start,3,184,
80756.394,conflict-at-land,4,185,
80759.559,refuse,0,183,
80760.137,refuse,2,182,
80763.606,refuse,5,180,
80763.612,conflict-at-land,3,184,
80764.865,refuse,1,181,
80771.394,start,4,185,
80774.559,start,0,183,
80775.137,refuse,2,182,
80778.546,conflict-at-land,4,185,
80778.606,refuse,5,180,
80778.612,refuse,3,184,
80779.865,refuse,1,181,
80786.029,conflict-at-land,0,183,
80790.137,refuse,2,182,
80793.546,start,4,185,
80793.606,refuse,5,180,
80793.612,start,3,184,
80794.865,refuse,1,181,
80800.383,conflict-at-land,4,185,
80801.029,refuse,0,183,
80803.534,conflict-at-land,3,184,
80805.137,refuse,2,182,
80808.606,refuse,5,180,
80809.865,refuse,1,181,
80815.383,start,4,185,
80816.029,start,0,183,
80818.534,refuse,3,184,
80820.137,refuse,2,182,
80821.254,conflict-at-land,4,185,
80823.606,refuse,5,180,
80824.865,refuse,1,181,
80827.264,conflict-at-land,0,183,
80833.534,start,3,184,
80835.137,refuse,2,182,
80836.254,start,4,185,
80838.606,refuse,5,180,
80839.865,refuse,1,181,
80842.264,refuse,0,183,
80843.006,conflict-at-land,4,185,
80845.539,conflict-at-land,3,184,
80850.137,refuse,2,182,
80853.606,refuse,5,180,
80854.865,refuse,1,181,
80857.264,start,0,183,
80858.006,start,4,185,
80860.539,refuse,3,184,
80863.868,conflict-at-land,4,185,
80865.137,refuse,2,182,
80868.606,refuse,5,180,
80869.865,refuse,1,181,
80871.788,conflict-at-land,0,183,
80875.539,start,3,184,
80878.868,start,4,185,
80880.137,refuse,2,182,
80883.606,refuse,5,180,
80884.121,conflict-at-land,3,184,
80884.865,refuse,1,181,
80886.3,conflict-at-land,4,185,
80886.788,start,0,183,
80895.137,refuse,2,182,
80898.606,refuse,5,180,
80899.121,refuse,3,184,
80899.865,refuse,1,181,
80901.3,start,4,185,
80901.808,conflict-at-land,0,183,
80908.223,conflict-at-land,4,185,
80910.137,refuse,2,182,
80913.606,refuse,5,180,
80914.121,start,3,184,
80914.865,refuse,1,181,
80916.808,refuse,0,183,
80923.223,start,4,185,
80925.137,refuse,2,182,
80925.475,conflict-at-land,3,184,
80928.606,refuse,5,180,
80929.865,refuse,1,181,
80930.99,conflict-at-land,4,185,
80931.808,start,0,183,
80940.137,refuse,2,182,
80940.475,refuse,3,184,
80943.606,refuse,5,180,
80944.865,refuse,1,181,
80945.99,start,4,185,
80946.519,conflict-at-land,0,183,
80953.534,conflict-at-land,4,185,
80955.137,refuse,2,182,
80955.475,start,3,184,
80958.606,refuse,5,180,
80959.865,refuse,1,181,
80961.519,refuse,0,183,
80966.793,conflict-at-land,3,184,
80968.534,start,4,185,
80970.137,refuse,2,182,
80973.606,refuse,5,180,
80974.865,refuse,1,181,
80974.929,conflict-at-land,4,185,
80976.519,start,0,183,
80981.793,refuse,3,184,
80985.137,refuse,2,182,
80986.245,conflict-at-land,0,183,
80988.606,refuse,5,180,
80989.865,refuse,1,181,
80989.929,start,4,185,
80994.903,conflict-at-land,4,185,
80996.793,start,3,184,
81000.137,refuse,2,182,
81001.245,refuse,0,183,
81003.606,refuse,5,180,
81004.865,refuse,1,181,
81008.479,conflict-at-land,3,184,
81009.903,start,4,185,
81015.137,refuse,2,182,
81015.208,conflict-at-land,4,185,
81016.245,start,0,183,
81018.606,refuse,5,180,
81019.865,refuse,1,181,
81023.479,refuse,3,184,
81025.535,conflict-at-land,0,183,
81030.137,refuse,2,182,
81030.208,start,4,185,
81033.606,refuse,5,180,
81034.433,conflict-at-land,4,185,
81034.865,refuse,1,181,
81038.479,start,3,184,
81040.535,refuse,0,183,
81045.137,refuse,2,182,
81048.606,refuse,5,180,
81048.606,abandon,5,180,
81048.606,refuse,5,186,
81049.433,start,4,185,
81049.865,refuse,1,181,
81053.15,conflict-at-land,3,184,
81053.972,conflict-at-land,4,185,
81055.535,start,0,183,
81060.137,refuse,2,182,
81063.606,refuse,5,186,
81064.865,refuse,1,181,
81066.38,conflict-at-land,0,183,
81068.15,start,3,184,
81068.972,start,4,185,
81074.59,conflict-at-land,4,185,
81075.137,refuse,2,182,
81077.248,conflict-at-land,3,184,
81078.606,refuse,5,186,
81079.865,refuse,1,181,
81081.38,start,0,183,
81089.59,start,4,185,
81090.137,refuse,2,182,
81092.248,refuse,3,184,
81093.606,refuse,5,186,
81094.755,conflict-at-land,4,185,
81094.865,refuse,1,181,
81095.006,conflict-at-land,0,183,
81105.137,refuse,2,182,
81107.248,start,3,184,
81108.606,refuse,5,186,
81109.755,start,4,185,
81109.865,refuse,1,181,
81110.006,refuse,0,183,
81114.126,conflict-at-land,4,185,
81119.285,conflict-at-land,3,184,
81120.137,refuse,2,182,
81123.606,refuse,5,186,
81124.865,refuse,1,181,
81125.006,start,0,183,
81129.126,start,4,185,
81134.285,refuse,3,184,
81135.137,refuse,2,182,
81136.82,conflict-at-land,4,185,
81138.606,refuse,5,186,
81139.835,conflict-at-land,0,183,
81139.865,refuse,1,181,
81149.285,start,3,184,
81150.137,refuse,2,182,
81151.82,start,4,185,
81153.606,refuse,5,186,
81154.835,refuse,0,183,
81154.865,refuse,1,181,
81156.85,conflict-at-land,4,185,
81161.76,conflict-at-land,3,184,
81165.137,refuse,2,182,
81168.606,refuse,5,186,
81169.835,start,0,183,
81169.865,refuse,1,181,
81171.85,start,4,185,
81176.76,refuse,3,184,
81177.669,conflict-at-land,4,185,
81180.137,refuse,2,182,
81181.493,conflict-at-land,0,183,
81183.606,refuse,5,186,
81184.865,refuse,1,181,
81191.76,start,3,184,
81192.669,start,4,185,
81195.137,refuse,2,182,
81196.493,refuse,0,183,
81197.201,conflict-at-land,4,185,
81198.606,refuse,5,186,
81199.865,refuse,1,181,
81200.378,conflict-at-land,3,184,
81210.137,refuse,2,182,
81211.493,start,0,183,
81212.201,start,4,185,
81213.606,refuse,5,186,
81214.865,refuse,1,181,
81215.378,refuse,3,184,
81218.959,conflict-at-land,4,185,
81220.592,conflict-at-land,0,183,
81225.137,refuse,2,182,
81228.606,refuse,5,186,
81229.865,refuse,1,181,
81230.378,start,3,184,
81233.959,start,4,185,
81235.592,refuse,0,183,
81239.573,conflict-at-land,4,185,
81240.137,refuse,2,182,
81243.606,refuse,5,186,
81244.865,refuse,1,181,
81244.972,conflict-at-land,3,184,
81250.592,start,0,183,
81254.573,start,4,185,
81255.137,refuse,2,182,
81258.606,refuse,5,186,
81259.101,conflict-at-land,4,185,
81259.865,refuse,1,181,
81259.972,refuse,3,184,
81261.507,conflict-at-land,0,183,
81270.137,refuse,2,182,
81273.606,refuse,5,186,
81274.101,start,4,185,
81274.865,refuse,1,181,
81274.972,start,3,184,
81276.507,refuse,0,183,
81280.086,conflict-at-land,4,185,
81285.137,refuse,2,182,
81288.221,conflict-at-land,3,184,
81288.606,refuse,5,186,
81289.865,refuse,1,181,
81291.507,start,0,183,
81295.086,start,4,185,
81300.137,refuse,2,182,
81301.804,conflict-at-land,0,183,
81302.526,conflict-at-land,4,185,
81303.221,start,3,184,
81303.606,refuse,5,186,
81304.865,refuse,1,181,
81315.137,refuse,2,182,
81316.804,refuse,0,183,
81317.526,start,4,185,
81318.499,conflict-at-land,3,184,
81318.606,refuse,5,186,
81319.865,refuse,1,181,
81322.645,conflict-at-land,4,185,
81330.137,refuse,2,182,
81331.804,start,0,183,
81333.499,refuse,3,184,
81333.606,refuse,5,186,
81334.865,refuse,1,181,
81337.645,start,4,185,
81344.218,conflict-at-land,4,185,
81345.137,refuse,2,182,
81346.651,conflict-at-land,0,183,
81348.499,start,3,184,
81348.606,refuse,5,186,
81349.865,refuse,1,181,
81359.218,start,4,185,
81359.859,conflict-at-land,3,184,
81360.137,refuse,2,182,
81361.651,start,0,183,
81363.606,refuse,5,186,
81364.865,refuse,1,181,
81364.956,conflict-at-land,4,185,
81372.435,conflict-at-land,0,183,
81374.859,start,3,184,
81375.137,refuse,2,182,
81378.606,refuse,5,186,
81379.865,refuse,1,181,
81379.956,start,4,185,
81383.402,conflict-at-land,3,184,
81386.328,conflict-at-land,4,185,
81387.435,start,0,183,
81390.137,refuse,2,182,
81393.606,refuse,5,186,
81394.865,refuse,1,181,
81398.221,conflict-at-land,0,183,
81398.402,start,3,184,
81401.328,start,4,185,
81405.137,refuse,2,182,
81407.473,conflict-at-land,4,185,
81408.606,refuse,5,186,
81409.865,refuse,1,181,
81411.587,conflict-at-land,3,184,
81413.221,start,0,183,
81420.137,refuse,2,182,
81422.473,start,4,185,
81423.606,refuse,5,186,
81424.865,refuse,1,181,
81425.179,conflict-at-land,0,183,
81426.587,start,3,184,
81428.923,conflict-at-land,4,185,
81435.007,conflict-at-land,3,184,
81435.137,refuse,2,182,
81438.606,refuse,5,186,
81439.865,refuse,1,181,
81440.179,start,0,183,
81443.923,start,4,185,
81449.479,conflict-at-land,0,183,
81450.007,start,3,184,
81450.121,conflict-at-land,4,185,
81450.137,refuse,2,182,
81453.606,refuse,5,186,
81454.865,refuse,1,181,
81463.196,conflict-at-land,3,184,
81464.479,start,0,183,
81465.121,start,4,185,
81465.137,refuse,2,182,
81468.606,refuse,5,186,
81469.865,refuse,1,181,
81471.214,conflict-at-land,4,185,
81473.999,conflict-at-land,0,183,
81478.196,start,3,184,
81480.137,refuse,2,182,
81483.606,refuse,5,186,
81484.865,refuse,1,181,
81486.214,start,4,185,
81488.655,conflict-at-land,3,184,
81488.999,start,0,183,
81493.869,conflict-at-land,4,185,
81495.137,refuse,2,182,
81498.606,refuse,5,186,
81499.865,refuse,1,181,
81499.865,abandon,1,181,
81499.865,refuse,1,187,
81502.087,conflict-at-land,0,183,
81503.655,start,3,184,
81508.869,start,4,185,
81510.137,refuse,2,182,
81513.606,refuse,5,186,
81514.865,refuse,1,187,
81515.924,conflict-at-land,4,185,
81517.087,refuse,0,183,
81518.021,conflict-at-land,3,184,
81525.137,refuse,2,182,
81528.606,refuse,5,186,
81529.425,conflict-at-land,6,155,
81529.865,start,1,187,
81530.924,start,4,185,
81532.087,start,0,183,
81533.021,refuse,3,184,
81538.438,conflict-at-land,4,185,
81540.137,refuse,2,182,
81541.777,conflict-at-land,0,183,
81543.606,refuse,5,186,
81544.049,conflict-at-land,1,187,
81544.425,start,6,155,
81548.021,start,3,184,
81553.438,start,4,185,
81555.137,refuse,2,182,
81556.777,refuse,0,183,
81558.606,refuse,5,186,
81558.715,conflict-at-land,4,185,
81559.049,refuse,1,187,
81559.714,conflict-at-land,3,184,
81570.137,refuse,2,182,
81571.777,start,0,183,
81573.606,refuse,5,186,
81573.715,start,4,185,
81574.049,refuse,1,187,
81574.714,refuse,3,184,
81578.353,conflict-at-land,4,185,
81582.273,conflict-at-land,0,183,
81585.137,refuse,2,182,
81588.606,refuse,5,186,
81589.049,refuse,1,187,
81589.714,start,3,184,
81593.353,start,4,185,
81597.273,refuse,0,183,
81598.159,conflict-at-land,4,185,
81600.137,refuse,2,182,
81603.606,refuse,5,186,
81604.049,refuse,1,187,
81604.687,conflict-at-land,3,184,
81612.273,start,0,183,
81613.159,start,4,185,
81615.137,refuse,2,182,
81617.629,conflict-at-land,4,185,
81618.606,refuse,5,186,
81619.049,refuse,1,187,
81619.687,refuse,3,184,
81625.086,conflict-at-land,0,183,
81630.137,refuse,2,182,
81632.629,start,4,185,
81633.606,refuse,5,186,
81634.049,refuse,1,187,
81634.687,start,3,184,
81636.831,conflict-at-land,4,185,
81640.086,refuse,0,183,
81645.137,refuse,2,182,
81648.606,refuse,5,186,
81649.049,refuse,1,187,
81649.94,conflict-at-land,3,184,
81651.831,start,4,185,
81655.086,start,0,183,
81657.2,conflict-at-land,4,185,
81660.137,refuse,2,182,
81663.606,refuse,5,186,
81664.049,refuse,1,187,
81664.94,refuse,3,184,
81668.23,conflict-at-land,0,183,
81672.2,start,4,185,
81675.137,refuse,2,182,
81676.853,conflict-at-land,4,185,
81678.606,refuse,5,186,
81679.049,refuse,1,187,
81679.94,start,3,184,
81683.23,refuse,0,183,
81690.137,refuse,2,182,
81690.167,conflict-at-land,3,184,
81691.853,start,4,185,
81693.606,refuse,5,186,
81694.049,refuse,1,187,
81698.23,start,0,183,
81699.245,conflict-at-land,4,185,
81705.137,refuse,2,182,
81705.167,refuse,3,184,
81707.992,conflict-at-land,0,183,
81708.606,refuse,5,186,
81709.049,refuse,1,187,
81714.245,start,4,185,
81720.137,refuse,2,182,
81720.149,conflict-at-land,4,185,
81720.167,start,3,184,
81722.992,refuse,0,183,
81723.606,refuse,5,186,
81724.049,refuse,1,187,
81731.867,conflict-at-land,3,184,
81735.137,refuse,2,182,
81735.149,start,4,185,
81737.992,start,0,183,
81738.606,refuse,5,186,
81739.049,refuse,1,187,
81741.244,conflict-at-land,4,185,
81746.867,refuse,3,184,
81750.137,refuse,2,182,
81750.587,conflict-at-land,0,183,
81753.606,refuse,5,186,
81754.049,refuse,1,187,
81756.244,start,4,185,
81761.448,conflict-at-land,4,185,
81761.867,start,3,184,
81765.137,refuse,2,182,
81765.587,refuse,0,183,
81768.606,refuse,5,186,
81769.049,refuse,1,187,
81770.331,conflict-at-land,3,184,
81776.448,start,4,185,
81780.137,refuse,2,182,
81780.587,start,0,183,
81781.334,conflict-at-land,4,185,
81783.606,refuse,5,186,
81784.049,refuse,1,187,
81785.331,refuse,3,184,
81795.137,refuse,2,182,
81795.722,conflict-at-land,0,183,
81796.334,start,4,185,
81798.606,refuse,5,186,
81799.049,refuse,1,187,
81800.331,start,3,184,
81803.345,conflict-at-land,4,185,
81809.528,conflict-at-land,3,184,
81810.137,refuse,2,182,
81810.722,start,0,183,
81813.606,refuse,5,186,
81814.049,refuse,1,187,
81818.345,start,4,185,
81824.528,refuse,3,184,
81824.724,conflict-at-land,0,183,
81825.06,conflict-at-land,4,185,
81825.137,refuse,2,182,
81828.606,refuse,5,186,
81829.049,refuse,1,187,
81839.528,start,3,184,
81839.724,refuse,0,183,
81840.06,start,4,185,
81840.137,refuse,2,182,
81843.606,refuse,5,186,
81844.049,refuse,1,187,
81846.405,conflict-at-land,4,185,
81850.233,conflict-at-land,3,184,
81854.724,start,0,183,
81855.137,refuse,2,182,
81858.606,refuse,5,186,
81859.049,refuse,1,187,
81861.405,start,4,185,
81865.108,conflict-at-land,0,183,
81865.233,start,3,184,
81868.714,conflict-at-land,4,185,
81870.137,refuse,2,182,
81873.606,refuse,5,186,
81873.725,conflict-at-land,3,184,
81874.049,refuse,1,187,
81880.108,start,0,183,
81883.714,start,4,185,
81885.137,refuse,2,182,
81888.606,refuse,5,186,
81888.725,refuse,3,184,
81889.049,refuse,1,187,
81889.457,conflict-at-land,0,183,
81889.697,conflict-at-land,4,185,
81900.137,refuse,2,182,
81903.606,refuse,5,186,
81903.725,start,3,184,
81904.049,refuse,1,187,
81904.457,refuse,0,183,
81904.697,start,4,185,
81910.865,conflict-at-land,4,185,
81915.137,refuse,2,182,
81915.887,conflict-at-land,3,184,
81918.606,refuse,5,186,
81919.049,refuse,1,187,
81919.457,start,0,183,
81925.865,start,4,185,
81930.137,refuse,2,182,
81930.887,refuse,3,184,
81931.719,conflict-at-land,4,185,
81933.042,conflict-at-land,0,183,
81933.606,refuse,5,186,
81934.049,refuse,1,187,
81945.137,refuse,2,182,
81945.887,start,3,184,
81946.719,start,4,185,
81948.042,refuse,0,183,
81948.606,refuse,5,186,
81949.049,refuse,1,187,
81954.334,conflict-at-land,4,185,
81956.462,conflict-at-land,3,184,
81960.137,refuse,2,182,
81963.042,start,0,183,
81963.606,refuse,5,186,
81964.049,refuse,1,187,
81969.334,start,4,185,
81971.462,refuse,3,184,
81972.157,conflict-at-land,0,183,
81974.98,conflict-at-land,4,185,
81975.137,refuse,2,182,
81978.606,refuse,5,186,
81979.049,refuse,1,187,
81986.462,start,3,184,
81987.157,refuse,0,183,
81989.98,start,4,185,
81990.137,refuse,2,182,
81993.606,refuse,5,186,
81994.049,refuse,1,187,
81997.2,conflict-at-land,4,185,
81998.348,conflict-at-land,3,184,
82002.157,start,0,183,
82005.137,refuse,2,182,
82008.606,refuse,5,186,
82009.049,refuse,1,187,
82011.052,conflict-at-land,0,183,
82012.2,start,4,185,
82013.348,start,3,184,
82019.939,conflict-at-land,4,185,
82020.137,refuse,2,182,
82023.606,refuse,5,186,
82024.049,refuse,1,187,
82025.179,conflict-at-land,3,184,
82026.052,start,0,183,
82034.614,conflict-at-land,0,183,
82034.939,start,4,185,
82035.137,refuse,2,182,
82038.606,refuse,5,186,
82039.049,refuse,1,187,
82040.179,start,3,184,
82040.189,conflict-at-land,4,185,
82049.614,refuse,0,183,
82050.137,refuse,2,182,
82052.099,conflict-at-land,3,184,
82053.606,refuse,5,186,
82054.049,refuse,1,187,
82055.189,start,4,185,
82062.297,conflict-at-land,4,185,
82064.614,start,0,183,
82065.137,refuse,2,182,
82067.099,refuse,3,184,
82068.606,refuse,5,186,
82069.049,refuse,1,187,
82075.516,conflict-at-land,0,183,
82077.297,start,4,185,
82080.137,refuse,2,182,
82082.099,start,3,184,
82083.606,refuse,5,186,
82083.858,conflict-at-land,4,185,
82084.049,refuse,1,187,
82090.516,refuse,0,183,
82092.057,conflict-at-land,3,184,
82095.137,refuse,2,182,
82098.606,refuse,5,186,
82098.858,start,4,185,
82099.049,refuse,1,187,
82104.773,conflict-at-land,4,185,
82105.516,start,0,183,
82107.057,refuse,3,184,
82110.137,refuse,2,182,
82113.606,refuse,5,186,
82114.049,refuse,1,187,
82117.409,conflict-at-land,0,183,
82119.773,start,4,185,
82122.057,start,3,184,
82124.291,conflict-at-land,4,185,
82125.137,refuse,2,182,
82128.606,refuse,5,186,
82129.049,refuse,1,187,
82130.986,conflict-at-land,3,184,
82132.409,start,0,183,
82139.291,start,4,185,
82140.137,refuse,2,182,
82141.006,conflict-at-land,0,183,
82143.606,refuse,5,186,
82143.913,conflict-at-land,4,185,
82144.049,refuse,1,187,
82145.986,start,3,184,
82155.137,refuse,2,182,
82156.006,refuse,0,183,
82157.44,conflict-at-land,3,184,
82158.606,refuse,5,186,
82158.913,start,4,185,
82159.049,refuse,1,187,
82166.625,conflict-at-land,4,185,
82170.137,refuse,2,182,
82171.006,start,0,183,
82172.44,refuse,3,184,
82173.606,refuse,5,186,
82174.049,refuse,1,187,
82181.625,start,4,185,
82184.306,conflict-at-land,0,183,
82185.137,refuse,2,182,
82187.44,start,3,184,
82187.833,conflict-at-land,4,185,
82188.606,refuse,5,186,
82189.049,refuse,1,187,
82199.306,refuse,0,183,
82200.137,refuse,2,182,
82200.417,conflict-at-land,3,184,
82202.833,start,4,185,
82203.606,refuse,5,186,
82204.049,refuse,1,187,
82209.942,conflict-at-land,4,185,
82214.306,start,0,183,
82215.137,refuse,2,182,
82215.417,refuse,3,184,
82218.606,refuse,5,186,
82219.049,refuse,1,187,
82224.942,start,4,185,
82229.241,conflict-at-land,4,185,
82229.244,conflict-at-land,0,183,
82230.137,refuse,2,182,
82230.417,start,3,184,
82233.606,refuse,5,186,
82234.049,refuse,1,187,
82244.152,conflict-at-land,3,184,
82244.241,start,4,185,
82244.244,start,0,183,
82245.137,refuse,2,182,
82248.606,refuse,5,186,
82248.867,conflict-at-land,4,185,
82249.049,refuse,1,187,
82258.428,conflict-at-land,0,183,
82259.152,start,3,184,
82260.137,refuse,2,182,
82263.606,refuse,5,186,
82263.867,start,4,185,
82264.049,refuse,1,187,
82269.266,conflict-at-land,3,184,
82270.383,conflict-at-land,4,185,
82273.428,start,0,183,
82275.137,refuse,2,182,
82278.606,refuse,5,186,
82279.049,refuse,1,187,
82284.266,refuse,3,184,
82285.383,start,4,185,
82287.326,conflict-at-land,0,183,
82290.137,refuse,2,182,
82292.659,conflict-at-land,4,185,
82293.606,refuse,5,186,
82294.049,refuse,1,187,
82299.266,start,3,184,
82302.326,refuse,0,183,
82305.137,refuse,2,182,
82307.659,start,4,185,
82308.606,refuse,5,186,
82309.049,refuse,1,187,
82313.182,conflict-at-land,3,184,
82315.044,conflict-at-land,4,185,
82317.326,start,0,183,
82320.137,refuse,2,182,
82323.606,refuse,5,186,
82324.049,refuse,1,187,
82328.182,refuse,3,184,
82330.044,start,4,185,
82330.657,conflict-at-land,0,183,
82335.137,refuse,2,182,
82336.812,conflict-at-land,4,185,
82338.606,refuse,5,186,
82339.049,refuse,1,187,
82343.182,start,3,184,
82345.657,refuse,0,183,
82350.137,refuse,2,182,
82351.812,start,4,185,
82353.606,refuse,5,186,
82354.04,conflict-at-land,3,184,
82354.049,refuse,1,187,
82356.871,conflict-at-land,4,185,
82360.657,start,0,183,
82365.137,refuse,2,182,
82368.606,refuse,5,186,
82369.04,refuse,3,184,
82369.049,refuse,1,187,
82371.871,start,4,185,
82372.03,conflict-at-land,0,183,
82376.789,conflict-at-land,4,185,
82380.137,refuse,2,182,
82383.606,refuse,5,186,
82384.04,start,3,184,
82384.049,refuse,1,187,
82387.03,refuse,0,183,
82391.789,start,4,185,
82393.182,conflict-at-land,3,184,
82395.137,refuse,2,182,
82398.023,conflict-at-land,4,185,
82398.606,refuse,5,186,
82399.049,refuse,1,187,
82402.03,start,0,183,
82408.182,refuse,3,184,
82410.137,refuse,2,182,
82411.972,conflict-at-land,0,183,
82413.023,start,4,185,
82413.606,refuse,5,186,
82414.049,refuse,1,187,
82420.038,conflict-at-land,4,185,
82423.182,start,3,184,
82425.137,refuse,2,182,
82426.972,refuse,0,183,
82428.606,refuse,5,186,
82429.049,refuse,1,187,
82432.495,conflict-at-land,3,184,
82435.038,start,4,185,
82439.527,conflict-at-land,4,185,
82440.137,refuse,2,182,
82441.972,start,0,183,
82443.606,refuse,5,186,
82444.049,refuse,1,187,
82447.495,refuse,3,184,
82454.527,start,4,185,
82455.085,conflict-at-land,0,183,
82455.137,refuse,2,182,
82458.606,refuse,5,186,
82459.049,refuse,1,187,
82462.047,conflict-at-land,4,185,
82462.495,start,3,184,
82470.085,refuse,0,183,
82470.137,refuse,2,182,
82471.432,conflict-at-land,3,184,
82473.606,refuse,5,186,
82474.049,refuse,1,187,
82477.047,start,4,185,
82484.152,conflict-at-land,4,185,
82485.085,start,0,183,
82485.137,refuse,2,182,
82486.432,refuse,3,184,
82488.606,refuse,5,186,
82489.049,refuse,1,187,
82497.111,conflict-at-land,0,183,
82499.152,start,4,185,
82500.137,refuse,2,182,
82501.432,start,3,184,
82503.606,refuse,5,186,
82504.049,refuse,1,187,
82505.731,conflict-at-land,4,185,
82512.111,refuse,0,183,
82515.137,refuse,2,182,
82515.802,conflict-at-land,3,184,
82518.606,refuse,5,186,
82519.049,refuse,1,187,
82520.731,start,4,185,
82525.283,conflict-at-land,4,185,
82527.111,start,0,183,
82530.137,refuse,2,182,
82530.802,refuse,3,184,
82533.606,refuse,5,186,
82534.049,refuse,1,187,
82535.839,conflict-at-land,0,183,
82540.283,start,4,185,
82545.137,refuse,2,182,
82545.802,start,3,184,
82547.821,conflict-at-land,4,185,
82548.606,refuse,5,186,
82549.049,refuse,1,187,
82550.839,refuse,0,183,
82555.197,conflict-at-land,3,184,
82560.137,refuse,2,182,
82562.821,start,4,185,
82563.606,refuse,5,186,
82564.049,refuse,1,187,
82565.839,start,0,183,
82569.408,conflict-at-land,4,185,
82570.197,refuse,3,184,
82575.137,refuse,2,182,
82577.072,conflict-at-land,0,183,
82578.606,refuse,5,186,
82579.049,refuse,1,187,
82584.408,start,4,185,
82585.197,start,3,184,
82589.241,conflict-at-land,4,185,
82590.137,refuse,2,182,
82592.072,refuse,0,183,
82593.606,refuse,5,186,
82594.049,refuse,1,187,
82594.248,conflict-at-land,3,184,
82604.241,start,4,185,
82605.137,refuse,2,182,
82607.072,start,0,183,
82608.606,refuse,5,186,
82609.049,refuse,1,187,
82609.248,refuse,3,184,
82609.889,conflict-at-land,4,185,
82618.638,conflict-at-land,0,183,
82620.137,refuse,2,182,
82623.606,refuse,5,186,
82624.049,refuse,1,187,
82624.248,start,3,184,
82624.889,start,4,185,
82631.016,conflict-at-land,4,185,
82633.433,conflict-at-land,3,184,
82633.638,start,0,183,
82635.137,refuse,2,182,
82638.606,refuse,5,186,
82639.049,refuse,1,187,
82646.016,start,4,185,
82647.294,conflict-at-land,0,183,
82648.433,start,3,184,
82650.137,refuse,2,182,
82650.247,conflict-at-land,4,185,
82653.606,refuse,5,186,
82654.049,refuse,1,187,
82659.041,conflict-at-land,3,184,
82662.294,start,0,183,
82665.137,refuse,2,182,
82665.247,start,4,185,
82668.606,refuse,5,186,
82669.049,refuse,1,187,
82672.523,conflict-at-land,4,185,
82674.041,refuse,3,184,
82675.976,conflict-at-land,0,183,
82680.137,refuse,2,182,
82680.137,abandon,2,182,
82680.137,refuse,2,188,
82683.606,refuse,5,186,
82684.049,refuse,1,187,
82687.523,start,4,185,
82689.041,start,3,184,
82690.976,refuse,0,183,
82694.176,conflict-at-land,4,185,
82695.137,refuse,2,188,
82698.606,refuse,5,186,
82699.049,refuse,1,187,
82700.689,conflict-at-land,3,184,
82705.976,start,0,183,
82709.176,start,4,185,
82710.137,refuse,2,188,
82713.606,refuse,5,186,
82714.049,refuse,1,187,
82714.774,conflict-at-land,4,185,
82715.689,refuse,3,184,
82717.763,conflict-at-land,0,183,
82725.137,refuse,2,188,
82728.606,refuse,5,186,
82729.049,refuse,1,187,
82729.774,start,4,185,
82730.689,start,3,184,
82732.763,refuse,0,183,
82734.493,conflict-at-land,4,185,
82740.137,refuse,2,188,
82741.208,conflict-at-land,3,184,
82743.606,refuse,5,186,
82744.049,refuse,1,187,
82747.763,start,0,183,
82749.493,start,4,185,
82755.137,refuse,2,188,
82755.899,conflict-at-land,4,185,
82756.208,refuse,3,184,
82758.606,refuse,5,186,
82759.049,refuse,1,187,
82763.081,conflict-at-land,0,183,
82770.137,refuse,2,188,
82770.899,start,4,185,
82771.208,start,3,184,
82773.606,refuse,5,186,
82774.049,refuse,1,187,
82778.081,refuse,0,183,
82778.429,conflict-at-land,4,185,
82784.189,conflict-at-land,3,184,
82785.137,refuse,2,188,
82788.606,refuse,5,186,
82789.049,refuse,1,187,
82793.081,start,0,183,
82793.429,start,4,185,
82799.189,refuse,3,184,
82799.511,conflict-at-land,4,185,
82800.137,refuse,2,188,
82803.268,conflict-at-land,0,183,
82803.606,refuse,5,186,
82804.049,refuse,1,187,
82814.189,start,3,184,
82814.511,start,4,185,
82815.137,refuse,2,188,
82818.268,refuse,0,183,
82818.606,refuse,5,186,
82818.809,conflict-at-land,4,185,
82819.049,refuse,1,187,
82824.478,conflict-at-land,3,184,
82830.137,refuse,2,188,
82833.268,start,0,183,
82833.606,refuse,5,186,
82833.809,start,4,185,
82834.049,refuse,1,187,
82839.478,refuse,3,184,
82840.938,conflict-at-land,4,185,
82845.137,refuse,2,188,
82845.832,conflict-at-land,0,183,
82848.606,refuse,5,186,
82849.049,refuse,1,187,
82854.268,conflict-at-land,6,155,
82854.478,start,3,184,
82855.938,start,4,185,
82860.137,start,2,188,
82860.53,conflict-at-land,4,185,
82860.832,refuse,0,183,
82863.606,refuse,5,186,
82864.049,refuse,1,187,
82869.132,conflict-at-land,3,184,
82869.169,conflict-at-land,2,188,
82869.268,start,6,155,
82875.53,start,4,185,
82875.832,start,0,183,
82878.606,refuse,5,186,
82879.049,refuse,1,187,
82881.257,conflict-at-land,4,185,
82884.132,refuse,3,184,
82884.169,refuse,2,188,
82889.866,conflict-at-land,0,183,
82893.606,refuse,5,186,
82894.049,refuse,1,187,
82896.257,start,4,185,
82899.132,start,3,184,
82899.169,refuse,2,188,
82900.742,conflict-at-land,4,185,
82904.866,refuse,0,183,
82908.606,refuse,5,186,
82909.049,refuse,1,187,
82912.956,conflict-at-land,3,184,
82914.169,refuse,2,188,
82915.742,start,4,185,
82919.866,start,0,183,
82923.227,conflict-at-land,4,185,
82923.606,refuse,5,186,
82924.049,refuse,1,187,
82927.956,refuse,3,184,
82929.169,refuse,2,188,
82933.859,conflict-at-land,0,183,
82938.227,start,4,185,
82938.606,refuse,5,186,
82939.049,refuse,1,187,
82942.956,start,3,184,
82943.6,conflict-at-land,4,185,
82944.169,refuse,2,188,
82948.859,refuse,0,183,
82953.606,refuse,5,186,
82954.049,refuse,1,187,
82955.887,conflict-at-land,3,184,
82958.6,start,4,185,
82959.169,refuse,2,188,
82963.859,start,0,183,
82964.277,conflict-at-land,4,185,
82968.606,refuse,5,186,
82969.049,refuse,1,187,
82970.887,refuse,3,184,
82973.723,conflict-at-land,0,183,
82974.169,refuse,2,188,
82979.277,start,4,185,
82983.606,refuse,5,186,
82984.049,refuse,1,187,
82984.218,conflict-at-land,4,185,
82985.887,start,3,184,
82988.723,refuse,0,183,
82989.169,refuse,2,188,
82996.557,conflict-at-land,3,184,
82998.606,refuse,5,186,
82999.049,refuse,1,187,
82999.218,start,4,185,
83003.723,start,0,183,
83004.169,refuse,2,188,
83004.43,conflict-at-land,4,185,
83011.557,refuse,3,184,
83013.606,refuse,5,186,
83014.049,refuse,1,187,
83016.484,conflict-at-land,0,183,
83019.169,refuse,2,188,
83019.43,start,4,185,
83025.566,conflict-at-land,4,185,
83026.557,start,3,184,
83028.606,refuse,5,186,
83029.049,refuse,1,187,
83031.484,refuse,0,183,
83034.169,refuse,2,188,
83038.283,conflict-at-land,3,184,
83040.566,start,4,185,
83043.606,refuse,5,186,
83044.049,refuse,1,187,
83046.484,start,0,183,
83047.196,conflict-at-land,4,185,
83049.169,refuse,2,188,
83053.283,refuse,3,184,
83054.901,conflict-at-land,0,183,
83058.606,refuse,5,186,
83059.049,refuse,1,187,
83062.196,start,4,185,
83064.169,refuse,2,188,
83068.283,start,3,184,
83068.678,conflict-at-land,4,185,
83069.901,refuse,0,183,
83073.606,refuse,5,186,
83074.049,refuse,1,187,
83077.379,conflict-at-land,3,184,
83079.169,refuse,2,188,
83083.678,start,4,185,
83084.901,start,0,183,
83088.606,refuse,5,186,
83089.049,refuse,1,187,
83091.382,conflict-at-land,4,185,
83092.379,refuse,3,184,
83094.169,refuse,2,188,
83097.622,conflict-at-land,0,183,
83103.606,refuse,5,186,
83104.049,refuse,1,187,
83106.382,start,4,185,
83107.379,start,3,184,
83109.169,refuse,2,188,
83112.41,conflict-at-land,4,185,
83112.622,refuse,0,183,
83116.784,conflict-at-land,3,184,
83118.606,refuse,5,186,
83119.049,refuse,1,187,
83124.169,refuse,2,188,
83127.41,start,4,185,
83127.622,start,0,183,
83131.784,refuse,3,184,
83133.606,refuse,5,186,
83134.049,refuse,1,187,
83134.067,conflict-at-land,4,185,
83139.169,refuse,2,188,
83143.14,conflict-at-land,0,183,
83146.784,start,3,184,
83148.606,refuse,5,186,
83149.049,refuse,1,187,
83149.067,start,4,185,
83154.169,refuse,2,188,
83155.672,conflict-at-land,4,185,
83157.588,conflict-at-land,3,184,
83158.14,start,0,183,
83163.606,refuse,5,186,
83164.049,refuse,1,187,
83169.169,refuse,2,188,
83169.661,conflict-at-land,0,183,
83170.672,start,4,185,
83172.588,start,3,184,
83175.201,conflict-at-land,4,185,
83178.606,refuse,5,186,
83179.049,refuse,1,187,
83183.817,conflict-at-land,3,184,
83184.169,refuse,2,188,
83184.661,start,0,183,
83190.201,start,4,185,
83193.606,refuse,5,186,
83194.049,refuse,1,187,
83195.2,conflict-at-land,0,183,
83197.871,conflict-at-land,4,185,
83198.817,start,3,184,
83199.169,refuse,2,188,
83208.606,refuse,5,186,
83209.049,refuse,1,187,
83209.441,conflict-at-land,3,184,
83210.2,start,0,183,
83212.871,start,4,185,
83214.169,refuse,2,188,
83218.442,conflict-at-land,4,185,
83220.317,conflict-at-land,0,183,
83223.606,refuse,5,186,
83224.049,refuse,1,187,
83224.441,start,3,184,
83229.169,refuse,2,188,
83233.442,start,4,185,
83235.317,refuse,0,183,
83238.354,conflict-at-land,3,184,
83238.606,refuse,5,186,
83238.928,conflict-at-land,4,185,
83239.049,refuse,1,187,
83244.169,refuse,2,188,
83250.317,start,0,183,
83253.354,refuse,3,184,
83253.606,refuse,5,186,
83253.928,start,4,185,
83254.049,refuse,1,187,
83259.169,refuse,2,188,
83259.387,conflict-at-land,4,185,
83265.43,conflict-at-land,0,183,
83268.354,start,3,184,
83268.606,refuse,5,186,
83269.049,refuse,1,187,
83274.169,refuse,2,188,
83274.387,start,4,185,
83280.43,refuse,0,183,
83282.133,conflict-at-land,4,185,
83282.926,conflict-at-land,3,184,
83283.606,refuse,5,186,
83284.049,refuse,1,187,
83289.169,refuse,2,188,
83295.43,start,0,183,
83297.133,start,4,185,
83297.926,refuse,3,184,
83298.606,refuse,5,186,
83299.049,refuse,1,187,
83303.495,conflict-at-land,4,185,
83304.169,refuse,2,188,
83304.838,conflict-at-land,0,183,
83312.926,start,3,184,
83313.606,refuse,5,186,
83314.049,refuse,1,187,
83318.495,start,4,185,
83319.169,refuse,2,188,
83319.838,refuse,0,183,
83325.163,conflict-at-land,3,184,
83325.543,conflict-at-land,4,185,
83328.606,refuse,5,186,
83329.049,refuse,1,187,
83334.169,refuse,2,188,
83334.838,start,0,183,
83340.163,refuse,3,184,
83340.543,start,4,185,
83343.606,refuse,5,186,
83344.049,refuse,1,187,
83344.885,conflict-at-land,4,185,
83346.879,conflict-at-land,0,183,
83349.169,refuse,2,188,
83355.163,start,3,184,
83358.606,refuse,5,186,
83359.049,refuse,1,187,
83359.885,start,4,185,
83361.879,refuse,0,183,
83364.169,refuse,2,188,
83366.441,conflict-at-land,4,185,
83369.007,conflict-at-land,3,184,
83373.606,refuse,5,186,
83374.049,refuse,1,187,
83376.879,start,0,183,
83379.169,refuse,2,188,
83381.441,start,4,185,
83384.007,refuse,3,184,
83385.973,conflict-at-land,4,185,
83388.606,refuse,5,186,
83389.049,refuse,1,187,
83390.44,conflict-at-land,0,183,
83394.169,refuse,2,188,
83399.007,start,3,184,
83400.973,start,4,185,
83403.606,refuse,5,186,
83404.049,refuse,1,187,
83405.44,refuse,0,183,
83405.816,conflict-at-land,4,185,
83409.169,refuse,2,188,
83414.433,conflict-at-land,3,184,
83418.606,refuse,5,186,
83419.049,refuse,1,187,
83420.44,start,0,183,
83420.816,start,4,185,
83424.169,refuse,2,188,
83426.708,conflict-at-land,4,185,
83429.433,refuse,3,184,
83430.874,conflict-at-land,0,183,
83433.606,refuse,5,186,
83434.049,refuse,1,187,
83439.169,refuse,2,188,
83441.708,start,4,185,
83444.433,start,3,184,
83445.874,refuse,0,183,
83447.707,conflict-at-land,4,185,
83448.606,refuse,5,186,
83449.049,refuse,1,187,
83454.169,refuse,2,188,
83455.247,conflict-at-land,3,184,
83460.874,start,0,183,
83462.707,start,4,185,
83463.606,refuse,5,186,
83464.049,refuse,1,187,
83468.313,conflict-at-land,4,185,
83469.169,refuse,2,188,
83470.247,refuse,3,184,
83475.372,conflict-at-land,0,183,
83478.606,refuse,5,186,
83479.049,refuse,1,187,
83483.313,start,4,185,
83484.169,refuse,2,188,
83485.247,start,3,184,
83490.357,conflict-at-land,4,185,
83490.372,refuse,0,183,
83493.606,refuse,5,186,
83494.049,refuse,1,187,
83499.169,refuse,2,188,
83499.778,conflict-at-land,3,184,
83505.357,start,4,185,
83505.372,start,0,183,
83508.606,refuse,5,186,
83509.049,refuse,1,187,
83510.594,conflict-at-land,4,185,
83514.169,refuse,2,188,
83514.513,conflict-at-land,0,183,
83514.778,start,3,184,
83523.606,refuse,5,186,
83524.049,refuse,1,187,
83525.594,start,4,185,
83529.169,refuse,2,188,
83529.513,refuse,0,183,
83530.359,conflict-at-land,3,184,
83532.167,conflict-at-land,4,185,
83538.606,refuse,5,186,
83539.049,refuse,1,187,
83544.169,refuse,2,188,
83544.513,start,0,183,
83545.359,refuse,3,184,
83547.167,start,4,185,
83552.271,conflict-at-land,4,185,
83553.606,refuse,5,186,
83554.049,refuse,1,187,
83556.336,conflict-at-land,0,183,
83559.169,refuse,2,188,
83560.359,start,3,184,
83567.271,start,4,185,
83568.606,refuse,5,186,
83569.049,refuse,1,187,
83571.336,refuse,0,183,
83573.383,conflict-at-land,4,185,
83574.169,refuse,2,188,
83574.367,conflict-at-land,3,184,
83583.606,refuse,5,186,
83584.049,refuse,1,187,
83586.336,start,0,183,
83588.383,start,4,185,
83589.169,refuse,2,188,
83589.367,refuse,3,184,
83595.777,conflict-at-land,0,183,
83595.958,conflict-at-land,4,185,
83598.606,refuse,5,186,
83599.049,refuse,1,187,
83604.169,refuse,2,188,
83604.367,start,3,184,
83610.777,refuse,0,183,
83610.958,start,4,185,
83613.606,refuse,5,186,
83614.049,refuse,1,187,
83615.449,conflict-at-land,4,185,
83619.067,conflict-at-land,3,184,
83619.169,refuse,2,188,
83625.777,start,0,183,
83628.606,refuse,5,186,
83629.049,refuse,1,187,
83630.449,start,4,185,
83634.067,refuse,3,184,
83634.169,refuse,2,188,
83636.906,conflict-at-land,0,183,
83637.025,conflict-at-land,4,185,
83643.606,refuse,5,186,
83644.049,refuse,1,187,
83649.067,start,3,184,
83649.169,refuse,2,188,
83651.906,refuse,0,183,
83652.025,start,4,185,
83658.606,refuse,5,186,
83659.049,refuse,1,187,
83659.442,conflict-at-land,4,185,
83663.327,conflict-at-land,3,184,
83664.169,refuse,2,188,
83666.906,start,0,183,
83673.606,refuse,5,186,
83674.049,refuse,1,187,
83674.442,start,4,185,
83678.2,conflict-at-land,0,183,
83678.327,start,3,184,
83678.9,conflict-at-land,4,185,
83679.169,refuse,2,188,
83688.606,refuse,5,186,
83689.049,refuse,1,187,
83692.611,conflict-at-land,3,184,
83693.2,start,0,183,
83693.9,start,4,185,
83694.169,refuse,2,188,
83698.268,conflict-at-land,4,185,
83703.606,refuse,5,186,
83704.049,refuse,1,187,
83705.69,conflict-at-land,0,183,
83707.611,start,3,184,
83709.169,refuse,2,188,
83713.268,start,4,185,
83718.606,refuse,5,186,
83719.008,conflict-at-land,3,184,
83719.049,refuse,1,187,
83720.282,conflict-at-land,4,185,
83720.69,start,0,183,
83724.169,refuse,2,188,
83733.606,refuse,5,186,
83733.684,conflict-at-land,0,183,
83734.008,start,3,184,
83734.049,refuse,1,187,
83735.282,start,4,185,
83739.169,refuse,2,188,
83742.955,conflict-at-land,4,185,
83747.137,conflict-at-land,3,184,
83748.606,refuse,5,186,
83748.684,start,0,183,
83749.049,refuse,1,187,
83754.169,refuse,2,188,
83757.955,start,4,185,
83762.137,refuse,3,184,
83762.655,conflict-at-land,0,183,
83763.606,refuse,5,186,
83764.049,refuse,1,187,
83765.195,conflict-at-land,4,185,
83769.169,refuse,2,188,
83777.137,start,3,184,
83777.655,refuse,0,183,
83778.606,refuse,5,186,
83779.049,refuse,1,187,
83780.195,start,4,185,
83784.169,refuse,2,188,
83786.995,conflict-at-land,4,185,
83788.866,conflict-at-land,3,184,
83792.655,start,0,183,
83793.606,refuse,5,186,
83794.049,refuse,1,187,
83799.169,refuse,2,188,
83801.995,start,4,185,
83803.866,refuse,3,184,
83805.842,conflict-at-land,0,183,
83808.606,refuse,5,186,
83809.049,refuse,1,187,
83809.634,conflict-at-land,4,185,
83814.169,refuse,2,188,
83818.866,start,3,184,
83820.842,refuse,0,183,
83823.606,refuse,5,186,
83824.049,refuse,1,187,
83824.634,start,4,185,
83829.169,refuse,2,188,
83831.827,conflict-at-land,4,185,
83833.616,conflict-at-land,3,184,
83835.842,start,0,183,
83838.606,refuse,5,186,
83839.049,refuse,1,187,
83844.169,refuse,2,188,
83845.836,conflict-at-land,0,183,
83846.827,start,4,185,
83848.616,start,3,184,
83852.006,conflict-at-land,4,185,
83853.606,refuse,5,186,
83854.049,refuse,1,187,
83859.169,refuse,2,188,
83860.22,conflict-at-land,3,184,
83860.836,start,0,183,
83867.006,start,4,185,
83868.606,refuse,5,186,
83869.049,refuse,1,187,
83873.804,conflict-at-land,4,185,
83874.169,refuse,2,188,
83874.275,conflict-at-land,0,183,
83875.22,start,3,184,
83883.606,refuse,5,186,
83884.049,refuse,1,187,
83887.168,conflict-at-land,3,184,
83888.804,start,4,185,
83889.169,refuse,2,188,
83889.275,start,0,183,
83893.433,conflict-at-land,4,185,
83898.606,refuse,5,186,
83899.049,refuse,1,187,
83902.168,refuse,3,184,
83904.169,refuse,2,188,
83904.644,conflict-at-land,0,183,
83908.433,start,4,185,
83913.606,refuse,5,186,
83914.049,refuse,1,187,
83915.006,conflict-at-land,4,185,
83917.168,start,3,184,
83919.169,refuse,2,188,
83919.644,refuse,0,183,
83928.606,refuse,5,186,
83929.049,refuse,1,187,
83930.006,start,4,185,
83932.494,conflict-at-land,3,184,
83934.169,refuse,2,188,
83934.644,start,0,183,
83935.457,conflict-at-land,4,185,
83943.606,refuse,5,186,
83944.049,refuse,1,187,
83947.494,refuse,3,184,
83948.037,conflict-at-land,0,183,
83949.169,refuse,2,188,
83950.457,start,4,185,
83955.776,conflict-at-land,4,185,
83958.606,refuse,5,186,
83959.049,refuse,1,187,
83962.494,start,3,184,
83963.037,refuse,0,183,
83964.169,refuse,2,188,
83970.776,start,4,185,
83973.606,refuse,5,186,
83974.049,refuse,1,187,
83975.298,conflict-at-land,4,185,
83977.025,conflict-at-land,3,184,
83978.037,start,0,183,
83979.169,refuse,2,188,
83987.589,conflict-at-land,0,183,
83988.606,refuse,5,186,
83989.049,refuse,1,187,
83990.298,start,4,185,
83992.025,start,3,184,
83994.169,refuse,2,188,
83994.533,conflict-at-land,4,185,
84002.589,refuse,0,183,
84003.606,refuse,5,186,
84004.049,refuse,1,187,
84006.585,conflict-at-land,3,184,
84009.169,refuse,2,188,
84009.533,start,4,185,
84017.127,conflict-at-land,4,185,
84017.589,start,0,183,
84018.606,refuse,5,186,
84019.049,refuse,1,187,
84021.585,refuse,3,184,
84024.169,refuse,2,188,
84029.973,conflict-at-land,0,183,
84032.127,start,4,185,
84033.606,refuse,5,186,
84034.049,refuse,1,187,
84036.585,start,3,184,
84039.169,refuse,2,188,
84039.923,conflict-at-land,4,185,
84044.973,refuse,0,183,
84048.606,refuse,5,186,
84048.606,abandon,5,186,
84048.606,refuse,5,189,
84049.049,refuse,1,187,
84051.485,conflict-at-land,3,184,
84054.169,refuse,2,188,
84054.923,start,4,185,
84059.973,start,0,183,
84060.545,conflict-at-land,4,185,
84063.606,refuse,5,189,
84064.049,refuse,1,187,
84066.485,refuse,3,184,
84069.169,refuse,2,188,
84072.565,conflict-at-land,0,183,
84075.545,start,4,185,
84078.606,refuse,5,189,
84079.049,refuse,1,187,
84080.902,conflict-at-land,4,185,
84081.485,start,3,184,
84084.169,refuse,2,188,
84087.565,refuse,0,183,
84093.606,refuse,5,189,
84094.049,refuse,1,187,
84095.353,conflict-at-land,3,184,
84095.902,start,4,185,
84099.169,refuse,2,188,
84102.565,start,0,183,
84103.177,conflict-at-land,4,185,
84108.606,refuse,5,189,
84109.049,refuse,1,187,
84110.353,refuse,3,184,
84114.169,refuse,2,188,
84114.2,conflict-at-land,0,183,
84118.177,start,4,185,
84123.606,refuse,5,189,
84124.049,refuse,1,187,
84124.15,conflict-at-land,4,185,
84125.353,start,3,184,
84129.169,refuse,2,188,
84129.2,refuse,0,183,
84137.84,conflict-at-land,3,184,
84138.606,refuse,5,189,
84139.049,refuse,1,187,
84139.15,start,4,185,
84144.169,refuse,2,188,
84144.2,start,0,183,
84145.296,conflict-at-land,4,185,
84152.84,refuse,3,184,
84153.606,refuse,5,189,
84154.049,refuse,1,187,
84155.806,conflict-at-land,0,183,
84159.169,refuse,2,188,
84160.296,start,4,185,
84166.413,conflict-at-land,4,185,
84167.84,start,3,184,
84168.606,refuse,5,189,
84169.049,refuse,1,187,
84170.806,refuse,0,183,
84174.169,refuse,2,188,
84179.016,conflict-at-land,3,184,
84181.413,start,4,185,
84183.606,refuse,5,189,
84184.049,refuse,1,187,
84185.806,start,0,183,
84187.088,conflict-at-land,4,185,
84189.169,refuse,2,188,
84194.016,refuse,3,184,
84195.433,conflict-at-land,0,183,
84198.606,refuse,5,189,
84199.049,refuse,1,187,
84202.088,start,4,185,
84204.169,refuse,2,188,
84209.016,start,3,184,
84209.692,conflict-at-land,4,185,
84210.433,refuse,0,183,
84213.606,refuse,5,189,
84214.049,refuse,1,187,
84219.169,refuse,2,188,
84220.333,conflict-at-land,3,184,
84224.692,start,4,185,
84225.433,start,0,183,
84228.606,refuse,5,189,
84229.049,refuse,1,187,
84231.274,conflict-at-land,4,185,
84234.169,refuse,2,188,
84235.333,refuse,3,184,
84236.487,conflict-at-land,0,183,
84243.606,refuse,5,189,
84244.049,refuse,1,187,
84246.274,start,4,185,
84249.169,refuse,2,188,
84250.333,start,3,184,
84251.202,conflict-at-land,4,185,
84251.487,refuse,0,183,
84258.606,refuse,5,189,
84259.049,refuse,1,187,
84264.169,refuse,2,188,
84265.423,conflict-at-land,3,184,
84266.202,start,4,185,
84266.487,start,0,183,
84272.768,conflict-at-land,4,185,
84273.606,refuse,5,189,
84274.049,refuse,1,187,
84279.169,refuse,2,188,
84280.423,refuse,3,184,
84280.896,conflict-at-land,0,183,
84287.768,start,4,185,
84288.606,refuse,5,189,
84289.049,refuse,1,187,
84294.013,conflict-at-land,4,185,
84294.169,refuse,2,188,
84295.423,start,3,184,
84295.896,refuse,0,183,
84303.606,refuse,5,189,
84304.049,refuse,1,187,
84305.373,conflict-at-land,3,184,
84309.013,start,4,185,
84309.169,refuse,2,188,
84310.896,start,0,183,
84313.537,conflict-at-land,4,185,
84318.606,refuse,5,189,
84319.049,refuse,1,187,
84320.373,refuse,3,184,
84324.169,refuse,2,188,
84325.465,conflict-at-land,0,183,
84328.537,start,4,185,
84333.32,conflict-at-land,4,185,
84333.606,refuse,5,189,
84334.049,refuse,1,187,
84335.373,start,3,184,
84339.169,refuse,2,188,
84340.465,refuse,0,183,
84348.32,start,4,185,
84348.606,refuse,5,189,
84349.049,refuse,1,187,
84349.709,conflict-at-land,3,184,
84354.169,refuse,2,188,
84354.294,conflict-at-land,4,185,
84355.465,start,0,183,
84363.606,refuse,5,189,
84364.049,refuse,1,187,
84364.709,refuse,3,184,
84366.321,conflict-at-land,0,183,
84369.169,refuse,2,188,
84369.294,start,4,185,
84374.936,conflict-at-land,4,185,
84378.606,refuse,5,189,
84379.049,refuse,1,187,
84379.709,start,3,184,
84381.321,refuse,0,183,
84384.169,refuse,2,188,
84389.936,start,4,185,
84393.606,refuse,5,189,
84394.049,refuse,1,187,
84394.272,conflict-at-land,3,184,
84396.321,start,0,183,
84397.501,conflict-at-land,4,185,
84399.169,refuse,2,188,
84407.095,conflict-at-land,0,183,
84407.095,abandon,0,183,
84407.095,refuse,0,190,
84408.606,refuse,5,189,
84409.049,refuse,1,187,
84409.272,start,3,184,
84412.501,start,4,185,
84414.169,refuse,2,188,
84417.944,conflict-at-land,4,185,
84422.095,refuse,0,190,
84422.389,conflict-at-land,3,184,
84423.606,refuse,5,189,
84424.049,refuse,1,187,
84429.169,refuse,2,188,
84432.944,start,4,185,
84437.095,refuse,0,190,
84437.389,start,3,184,
84438.606,refuse,5,189,
84439.049,refuse,1,187,
84439.33,conflict-at-land,4,185,
84444.169,refuse,2,188,
84448.051,conflict-at-land,3,184,
84452.095,refuse,0,190,
84453.606,refuse,5,189,
84454.049,refuse,1,187,
84454.33,start,4,185,
84459.169,refuse,2,188,
84461.725,conflict-at-land,4,185,
84463.051,start,3,184,
84467.095,refuse,0,190,
84468.606,refuse,5,189,
84469.049,refuse,1,187,
84471.781,conflict-at-land,3,184,
84474.169,refuse,2,188,
84476.725,start,4,185,
84482.095,refuse,0,190,
84482.655,conflict-at-land,4,185,
84483.606,refuse,5,189,
84484.049,refuse,1,187,
84486.781,start,3,184,
84489.169,refuse,2,188,
84497.095,refuse,0,190,
84497.655,start,4,185,
84497.828,conflict-at-land,3,184,
84498.606,refuse,5,189,
84499.049,refuse,1,187,
84504.169,refuse,2,188,
84504.54,conflict-at-land,4,185,
84512.095,refuse,0,190,
84512.828,start,3,184,
84513.606,refuse,5,189,
84514.049,refuse,1,187,
84514.049,abandon,1,187,
84514.049,start,1,191,
84519.169,refuse,2,188,
84519.54,start,4,185,
84521.992,conflict-at-land,3,184,
84525.263,conflict-at-land,4,185,
84527.095,refuse,0,190,
84528.606,refuse,5,189,
84534.169,refuse,2,188,
84536.992,start,3,184,
84540.263,start,4,185,
84542.095,refuse,0,190,
84543.606,refuse,5,189,
84544.797,conflict-at-land,4,185,
84549.169,refuse,2,188,
84550.411,conflict-at-land,3,184,
84557.095,refuse,0,190,
84558.606,refuse,5,189,
84559.797,start,4,185,
84564.169,refuse,2,188,
84565.411,start,3,184,
84566.02,conflict-at-land,4,185,
84572.095,refuse,0,190,
84573.606,refuse,5,189,
84576.453,conflict-at-land,3,184,
84579.169,refuse,2,188,
84581.02,start,4,185,
84587.095,refuse,0,190,
84587.883,conflict-at-land,4,185,
84588.606,refuse,5,189,
84591.453,start,3,184,
84594.169,refuse,2,188,
84602.095,refuse,0,190,
84602.883,start,4,185,
84603.606,refuse,5,189,
84606.829,conflict-at-land,3,184,
84607.512,conflict-at-land,4,185,
84609.169,refuse,2,188,
84616.136,land,1,191,
84616.136,start,1,192,
84617.095,refuse,0,190,
84618.606,refuse,5,189,
84621.829,start,3,184,
84622.512,start,4,185,
84623.592,land,1,192,
84623.592,refuse,1,193,
84624.169,refuse,2,188,
84629.285,conflict-at-land,4,185,
84632.095,refuse,0,190,
84633.606,refuse,5,189,
84634.096,conflict-at-land,3,184,
84638.592,start,1,193,
84639.169,refuse,2,188,
84644.285,start,4,185,
84647.095,refuse,0,190,
84648.606,refuse,5,189,
84648.756,conflict-at-land,6,155,
84649.096,refuse,3,184,
84649.314,conflict-at-land,4,185,
84653.703,conflict-at-land,1,193,
84654.169,start,2,188,
84662.095,refuse,0,190,
84663.606,refuse,5,189,
84663.756,refuse,6,155,
84664.096,start,3,184,
84664.314,start,4,185,
84668.703,refuse,1,193,
84668.865,conflict-at-land,2,188,
84671.839,conflict-at-land,4,185,
84677.095,start,0,190,
84677.784,conflict-at-land,3,184,
84678.606,refuse,5,189,
84678.756,refuse,6,155,
84683.372,conflict-at-land,0,190,
84683.703,start,1,193,
84683.865,start,2,188,
84686.839,start,4,185,
84692.784,refuse,3,184,
84693.369,conflict-at-land,4,185,
84693.606,refuse,5,189,
84693.756,refuse,6,155,
84698.372,refuse,0,190,
84698.857,conflict-at-land,2,188,
84705.757,conflict-at-land,1,193,
84707.784,start,3,184,
84708.369,start,4,185,
84708.606,start,5,189,
84708.756,refuse,6,155,
84713.372,refuse,0,190,
84713.857,refuse,2,188,
84714.716,conflict-at-land,4,185,
84718.748,conflict-at-land,3,184,
84720.757,start,1,193,
84720.809,conflict-at-land,5,189,
84723.756,start,6,155,
84728.372,refuse,0,190,
84728.857,refuse,2,188,
84729.716,start,4,185,
84733.748,refuse,3,184,
84733.748,abandon,3,184,
84733.748,start,3,194,
84735.299,conflict-at-land,4,185,
84735.809,refuse,5,189,
84738.755,conflict-at-land,1,193,
84741.114,land,3,194,
84741.114,start,3,195,
84743.372,refuse,0,190,
84743.857,refuse,2,188,
84750.299,start,4,185,
84750.809,refuse,5,189,
84753.755,refuse,1,193,
84757.692,conflict-at-land,4,185,
84758.372,refuse,0,190,
84758.857,refuse,2,188,
84761.376,land,3,195,
84761.376,start,3,196,
84765.809,refuse,5,189,
84768.145,land,3,196,
84768.145,start,3,197,
84768.755,start,1,193,
84772.692,start,4,185,
84772.919,land,3,197,
84772.919,refuse,3,198,
84773.372,refuse,0,190,
84773.857,refuse,2,188,
84778.553,conflict-at-land,4,185,
84780.809,refuse,5,189,
84787.27,conflict-at-land,1,193,
84787.919,start,3,198,
84788.372,refuse,0,190,
84788.857,refuse,2,188,
84793.553,start,4,185,
84795.809,refuse,5,189,
84801.063,conflict-at-land,4,185,
84802.27,refuse,1,193,
84803.372,refuse,0,190,
84803.857,refuse,2,188,
84810.809,refuse,5,189,
84813.189,land,3,198,
84813.189,start,3,199,
84816.063,start,4,185,
84817.27,refuse,1,193,
84818.372,refuse,0,190,
84818.857,refuse,2,188,
84823.764,conflict-at-land,4,185,
84823.764,abandon,4,185,
84825.809,refuse,5,189,
84832.27,refuse,1,193,
84833.372,refuse,0,190,
84833.857,refuse,2,188,
84840.809,refuse,5,189,
84844.004,land,3,199,
84847.27,start,1,193,
84848.372,refuse,0,190,
84848.857,refuse,2,188,
84855.809,refuse,5,189,
84863.372,refuse,0,190,
84863.857,refuse,2,188,
84870.613,conflict-at-land,1,193,
84870.809,refuse,5,189,
84878.372,refuse,0,190,
84878.857,refuse,2,188,
84885.613,start,1,193,
84885.809,refuse,5,189,
84893.372,refuse,0,190,
84893.857,refuse,2,188,
84900.809,refuse,5,189,
84907.827,conflict-at-land,1,193,
84908.372,refuse,0,190,
84908.857,refuse,2,188,
84915.809,refuse,5,189,
84922.827,start,1,193,
84923.372,refuse,0,190,
84923.857,refuse,2,188,
84930.809,refuse,5,189,
84938.372,refuse,0,190,
84938.857,refuse,2,188,
84945.809,refuse,5,189,
84945.829,conflict-at-land,1,193,
84953.372,refuse,0,190,
84953.857,refuse,2,188,
84960.809,refuse,5,189,
84960.829,start,1,193,
84968.372,refuse,0,190,
84968.857,refuse,2,188,
84975.809,refuse,5,189,
84976.783,conflict-at-land,1,193,
84983.372,refuse,0,190,
84983.857,refuse,2,188,
84990.809,refuse,5,189,
84991.783,start,1,193,
84998.372,refuse,0,190,
84998.857,refuse,2,188,
85005.809,refuse,5,189,
85007.107,conflict-at-land,1,193,
85013.372,refuse,0,190,
85013.857,refuse,2,188,
85020.809,refuse,5,189,
85022.107,start,1,193,
85028.372,refuse,0,190,
85028.857,refuse,2,188,
85035.809,refuse,5,189,
85039.992,conflict-at-land,1,193,
85043.372,refuse,0,190,
85043.857,refuse,2,188,
85050.809,refuse,5,189,
85054.992,start,1,193,
85058.372,refuse,0,190,
85058.857,refuse,2,188,
85065.809,refuse,5,189,
85072.36,conflict-at-land,1,193,
85073.372,refuse,0,190,
85073.857,refuse,2,188,
85080.809,refuse,5,189,
85087.36,start,1,193,
85088.372,refuse,0,190,
85088.857,refuse,2,188,
85095.809,refuse,5,189,
85103.372,refuse,0,190,
85103.857,refuse,2,188,
85110.47,conflict-at-land,1,193,
85110.809,refuse,5,189,
85118.372,refuse,0,190,
85118.857,refuse,2,188,
85125.47,start,1,193,
85125.809,refuse,5,189,
85133.372,refuse,0,190,
85133.857,refuse,2,188,
85140.809,refuse,5,189,
85145.68,conflict-at-land,1,193,
85148.372,refuse,0,190,
85148.857,refuse,2,188,
85155.809,refuse,5,189,
85160.68,start,1,193,
85163.372,refuse,0,190,
85163.857,refuse,2,188,
85170.809,refuse,5,189,
85178.372,refuse,0,190,
85178.857,refuse,2,188,
85180.392,conflict-at-land,1,193,
85185.809,refuse,5,189,
85193.372,refuse,0,190,
85193.857,refuse,2,188,
85195.392,start,1,193,
85200.809,refuse,5,189,
85208.372,refuse,0,190,
85208.857,refuse,2,188,
85215.809,refuse,5,189,
85217.647,conflict-at-land,1,193,
85223.372,refuse,0,190,
85223.857,refuse,2,188,
85230.809,refuse,5,189,
85232.647,start,1,193,
85238.372,refuse,0,190,
85238.857,refuse,2,188,
85245.809,refuse,5,189,
85253.372,refuse,0,190,
85253.857,refuse,2,188,
85255.416,conflict-at-land,1,193,
85260.809,refuse,5,189,
85268.372,refuse,0,190,
85268.857,refuse,2,188,
85270.416,start,1,193,
85275.809,refuse,5,189,
85283.372,refuse,0,190,
85283.857,refuse,2,188,
85287.599,conflict-at-land,1,193,
85290.809,refuse,5,189,
85298.372,refuse,0,190,
85298.857,refuse,2,188,
85302.599,start,1,193,
85305.809,refuse,5,189,
85313.372,refuse,0,190,
85313.857,refuse,2,188,
85319.015,conflict-at-land,1,193,
85320.809,refuse,5,189,
85328.372,refuse,0,190,
85328.857,refuse,2,188,
85334.015,start,1,193,
85335.809,refuse,5,189,
85343.372,refuse,0,190,
85343.857,refuse,2,188,
85350.809,refuse,5,189,
85351.266,conflict-at-land,1,193,
85358.372,refuse,0,190,
85358.857,refuse,2,188,
85365.809,refuse,5,189,
85366.266,start,1,193,
85373.372,refuse,0,190,
85373.857,refuse,2,188,
85380.809,refuse,5,189,
85381.488,conflict-at-land,1,193,
85388.372,refuse,0,190,
85388.857,refuse,2,188,
85395.809,refuse,5,189,
85396.488,start,1,193,
85403.372,refuse,0,190,
85403.857,refuse,2,188,
85410.809,refuse,5,189,
85416.713,conflict-at-land,1,193,
85418.372,refuse,0,190,
85418.857,refuse,2,188,
85425.809,refuse,5,189,
85431.713,start,1,193,
85433.372,refuse,0,190,
85433.857,refuse,2,188,
85440.809,refuse,5,189,
85444.633,conflict-at-land,1,193,
85448.372,refuse,0,190,
85448.857,refuse,2,188,
85455.809,refuse,5,189,
85459.633,start,1,193,
85463.372,refuse,0,190,
85463.857,refuse,2,188,
85470.809,refuse,5,189,
85473.454,conflict-at-land,1,193,
85478.372,refuse,0,190,
85478.857,refuse,2,188,
85485.809,refuse,5,189,
85488.454,start,1,193,
85493.372,refuse,0,190,
85493.857,refuse,2,188,
85500.809,refuse,5,189,
85508.372,refuse,0,190,
85508.857,refuse,2,188,
85511.253,conflict-at-land,1,193,
85515.809,refuse,5,189,
85523.372,refuse,0,190,
85523.857,refuse,2,188,
85526.253,start,1,193,
85530.809,refuse,5,189,
85538.372,refuse,0,190,
85538.857,refuse,2,188,
85545.809,refuse,5,189,
85545.953,conflict-at-land,1,193,
85553.372,refuse,0,190,
85553.857,refuse,2,188,
85560.809,refuse,5,189,
85560.953,start,1,193,
85568.372,refuse,0,190,
85568.857,refuse,2,188,
85575.809,refuse,5,189,
85580.246,conflict-at-land,1,193,
85583.372,refuse,0,190,
85583.857,refuse,2,188,
85590.809,refuse,5,189,
85595.246,start,1,193,
85598.372,refuse,0,190,
85598.857,refuse,2,188,
85605.809,refuse,5,189,
85613.372,refuse,0,190,
85613.857,refuse,2,188,
85618.087,conflict-at-land,1,193,
85620.809,refuse,5,189,
85628.372,refuse,0,190,
85628.857,refuse,2,188,
85633.087,start,1,193,
85635.809,refuse,5,189,
85643.372,refuse,0,190,
85643.857,refuse,2,188,
85648.227,conflict-at-land,1,193,
85650.809,refuse,5,189,
85658.372,refuse,0,190,
85658.857,refuse,2,188,
85663.227,start,1,193,
85665.809,refuse,5,189,
85673.372,refuse,0,190,
85673.857,refuse,2,188,
85678.463,conflict-at-land,1,193,
85680.809,refuse,5,189,
85688.372,refuse,0,190,
85688.857,refuse,2,188,
85693.463,start,1,193,
85695.809,refuse,5,189,
85703.372,refuse,0,190,
85703.857,refuse,2,188,
85710.348,conflict-at-land,1,193,
85710.809,refuse,5,189,
85718.372,refuse,0,190,
85718.857,refuse,2,188,
85718.857,abandon,2,188,
85725.348,start,1,193,
85725.809,refuse,5,189,
85733.372,refuse,0,190,
85740.809,refuse,5,189,
85741.656,conflict-at-land,1,193,
85748.372,refuse,0,190,
85755.809,refuse,5,189,
85756.656,start,1,193,
85763.372,refuse,0,190,
85770.809,refuse,5,189,
85773.382,conflict-at-land,1,193,
85778.372,refuse,0,190,
85785.809,refuse,5,189,
85788.382,start,1,193,
85793.372,refuse,0,190,
85800.809,refuse,5,189,
85807.718,conflict-at-land,1,193,
85808.372,refuse,0,190,
85815.809,refuse,5,189,
85822.718,start,1,193,
85823.372,refuse,0,190,
85830.809,refuse,5,189,
85838.372,refuse,0,190,
85840.113,conflict-at-land,1,193,
85845.809,refuse,5,189,
85853.372,refuse,0,190,
85855.113,start,1,193,
85860.809,refuse,5,189,
85867.963,conflict-at-land,1,193,
85868.372,refuse,0,190,
85875.809,refuse,5,189,
85882.963,start,1,193,
85883.372,refuse,0,190,
85890.809,refuse,5,189,
85898.372,refuse,0,190,
85902.998,conflict-at-land,1,193,
85905.809,refuse,5,189,
85913.372,refuse,0,190,
85917.998,start,1,193,
85920.809,refuse,5,189,
85928.372,refuse,0,190,
85935.809,refuse,5,189,
85937.222,conflict-at-land,1,193,
85943.372,refuse,0,190,
85950.809,refuse,5,189,
85952.222,start,1,193,
85958.372,refuse,0,190,
85965.809,refuse,5,189,
85968.107,conflict-at-land,1,193,
85973.372,refuse,0,190,
85980.809,refuse,5,189,
85983.107,start,1,193,
85988.372,refuse,0,190,
85995.809,refuse,5,189,
86002.057,conflict-at-land,1,193,
86003.372,refuse,0,190,
86010.809,refuse,5,189,
86017.057,start,1,193,
86018.372,refuse,0,190,
86025.809,refuse,5,189,
86033.372,refuse,0,190,
86034.458,conflict-at-land,1,193,
86040.809,refuse,5,189,
86048.372,refuse,0,190,
86049.458,start,1,193,
86055.809,refuse,5,189,
86062.214,conflict-at-land,1,193,
86063.372,refuse,0,190,
86070.809,refuse,5,189,
86077.214,start,1,193,
86078.372,refuse,0,190,
86085.809,refuse,5,189,
86092.328,conflict-at-land,1,193,
86093.372,refuse,0,190,
86100.809,refuse,5,189,
86107.328,start,1,193,
86108.372,refuse,0,190,
86115.809,refuse,5,189,
86123.372,refuse,0,190,
86130.4,conflict-at-land,1,193,
86130.809,refuse,5,189,
86138.372,refuse,0,190,
86145.4,start,1,193,
86145.809,refuse,5,189,
86153.372,refuse,0,190,
86160.809,refuse,5,189,
86161.569,conflict-at-land,1,193,
86166.23,conflict-at-land,6,155,
86168.372,start,0,190,
86172.924,conflict-at-land,0,190,
86175.809,start,5,189,
86176.569,start,1,193,
86181.23,refuse,6,155,
86187.924,refuse,0,190,
86191.131,conflict-at-land,5,189,
86196.23,start,6,155,
86197.958,conflict-at-land,1,193,
86202.924,refuse,0,190,
86206.131,refuse,5,189,
86212.958,start,1,193,
86217.924,refuse,0,190,
86221.131,refuse,5,189,
86225.869,conflict-at-land,1,193,
86232.924,refuse,0,190,
86236.131,refuse,5,189,
86240.869,start,1,193,
86247.924,refuse,0,190,
86251.131,refuse,5,189,
86255.565,conflict-at-land,1,193,
86262.924,refuse,0,190,
86266.131,refuse,5,189,
86270.565,start,1,193,
86277.924,refuse,0,190,
86281.131,refuse,5,189,
86290.655,conflict-at-land,1,193,
86292.924,refuse,0,190,
86296.131,refuse,5,189,
86305.655,start,1,193,
86307.924,refuse,0,190,
86311.131,refuse,5,189,
86322.924,refuse,0,190,
86326.131,refuse,5,189,
86328.655,conflict-at-land,1,193,
86337.924,refuse,0,190,
86341.131,refuse,5,189,
86343.655,start,1,193,
86352.924,refuse,0,190,
86356.131,refuse,5,189,
86359.815,conflict-at-land,1,193,
86367.924,refuse,0,190,
86371.131,refuse,5,189,
86374.815,start,1,193,
86382.924,refuse,0,190,
86386.131,refuse,5,189,
86387.893,conflict-at-land,1,193,
86397.924,refuse,0,190,
86401.131,refuse,5,189,
86402.893,start,1,193,
86412.924,refuse,0,190,
86416.131,refuse,5,189,
86417.919,conflict-at-land,1,193,
86427.924,refuse,0,190,
86431.131,refuse,5,189,
86432.919,start,1,193,
86442.924,refuse,0,190,
86446.131,refuse,5,189,
86455.207,conflict-at-land,1,193,
86457.924,refuse,0,190,
86461.131,refuse,5,189,
86470.207,start,1,193,
86472.924,refuse,0,190,
86476.131,refuse,5,189,
86484.193,conflict-at-land,1,193,
86487.924,refuse,0,190,
86491.131,refuse,5,189,
86499.193,start,1,193,
86502.924,refuse,0,190,
86506.131,refuse,5,189,
86513.487,conflict-at-land,1,193,
86517.924,refuse,0,190,
86521.131,refuse,5,189,
86528.487,start,1,193,
86532.924,refuse,0,190,
86536.131,refuse,5,189,
86547.924,refuse,0,190,
86551.131,refuse,5,189,
86551.719,conflict-at-land,1,193,
86562.924,refuse,0,190,
86566.131,refuse,5,189,
86566.719,start,1,193,
86577.924,refuse,0,190,
86581.131,refuse,5,189,
86583.709,conflict-at-land,1,193,
86592.924,refuse,0,190,
86596.131,refuse,5,189,
86598.709,start,1,193,
86607.924,refuse,0,190,
86611.131,refuse,5,189,
86612.853,conflict-at-land,1,193,
86622.924,refuse,0,190,
86626.131,refuse,5,189,
86627.853,start,1,193,
86637.924,refuse,0,190,
86641.131,refuse,5,189,
86647.501,conflict-at-land,1,193,
86652.924,refuse,0,190,
86656.131,refuse,5,189,
86662.501,start,1,193,
86667.924,refuse,0,190,
86671.131,refuse,5,189,
86682.924,refuse,0,190,
86685.569,conflict-at-land,1,193,
86686.131,refuse,5,189,
86697.924,refuse,0,190,
86700.569,start,1,193,
86701.131,refuse,5,189,
86712.924,refuse,0,190,
86714.679,conflict-at-land,1,193,
86716.131,refuse,5,189,
86727.924,refuse,0,190,
86729.679,start,1,193,
86731.131,refuse,5,189,
86742.924,refuse,0,190,
86746.131,refuse,5,189,
86752.403,conflict-at-land,1,193,
86757.924,refuse,0,190,
86761.131,refuse,5,189,
86767.403,start,1,193,
86772.924,refuse,0,190,
86776.131,refuse,5,189,
86787.924,refuse,0,190,
86788.245,conflict-at-land,1,193,
86791.131,refuse,5,189,
86802.924,refuse,0,190,
86803.245,start,1,193,
86806.131,refuse,5,189,
86817.924,refuse,0,190,
86821.131,refuse,5,189,
86823.692,conflict-at-land,1,193,
86832.924,refuse,0,190,
86836.131,refuse,5,189,
86838.692,start,1,193,
86847.924,refuse,0,190,
86851.131,refuse,5,189,
86851.566,conflict-at-land,1,193,
86862.924,refuse,0,190,
86866.131,refuse,5,189,
86866.566,start,1,193,
86877.924,refuse,0,190,
86881.131,refuse,5,189,
86883.642,conflict-at-land,1,193,
86892.924,refuse,0,190,
86896.131,refuse,5,189,
86898.642,start,1,193,
86907.924,refuse,0,190,
86911.131,refuse,5,189,
86919.401,conflict-at-land,1,193,
86922.924,refuse,0,190,
86926.131,refuse,5,189,
86934.401,start,1,193,
86937.924,refuse,0,190,
86941.131,refuse,5,189,
86952.924,refuse,0,190,
86956.068,conflict-at-land,1,193,
86956.131,refuse,5,189,
86967.924,refuse,0,190,
86971.068,start,1,193,
86971.131,refuse,5,189,
86982.924,refuse,0,190,
86986.131,refuse,5,189,
86986.496,conflict-at-land,1,193,
86997.924,refuse,0,190,
87001.131,refuse,5,189,
87001.496,start,1,193,
87012.924,refuse,0,190,
87015.022,conflict-at-land,1,193,
87016.131,refuse,5,189,
87027.924,refuse,0,190,
87030.022,start,1,193,
87031.131,refuse,5,189,
87042.924,refuse,0,190,
87046.131,refuse,5,189,
87051.406,conflict-at-land,1,193,
87057.924,refuse,0,190,
87061.131,refuse,5,189,
87066.406,start,1,193,
87072.924,refuse,0,190,
87076.131,refuse,5,189,
87076.131,abandon,5,189,
87081.688,conflict-at-land,1,193,
87087.924,refuse,0,190,
87096.688,start,1,193,
87102.924,refuse,0,190,
87116.945,conflict-at-land,1,193,
87117.924,refuse,0,190,
87131.945,start,1,193,
87132.924,refuse,0,190,
87147.924,refuse,0,190,
87153.324,conflict-at-land,1,193,
87162.924,refuse,0,190,
87168.324,start,1,193,
87177.924,refuse,0,190,
87187.95,conflict-at-land,1,193,
87192.924,refuse,0,190,
87202.95,start,1,193,
87207.924,refuse,0,190,
87216.023,conflict-at-land,1,193,
87222.924,refuse,0,190,
87231.023,start,1,193,
87237.924,refuse,0,190,
87246.208,conflict-at-land,1,193,
87252.924,refuse,0,190,
87261.208,start,1,193,
87267.924,refuse,0,190,
87275.885,conflict-at-land,1,193,
87282.924,refuse,0,190,
87290.885,start,1,193,
87297.924,refuse,0,190,
87308.063,conflict-at-land,1,193,
87312.924,refuse,0,190,
87323.063,start,1,193,
87327.924,refuse,0,190,
87342.924,refuse,0,190,
87345.128,conflict-at-land,1,193,
87357.924,refuse,0,190,
87360.128,start,1,193,
87372.924,refuse,0,190,
87375.971,conflict-at-land,1,193,
87387.924,refuse,0,190,
87390.971,start,1,193,
87402.924,refuse,0,190,
87403.721,conflict-at-land,1,193,
87417.924,refuse,0,190,
87417.924,abandon,0,190,
87418.721,start,1,193,
87442.031,conflict-at-land,1,193,
87457.031,start,1,193,
87476.377,conflict-at-land,1,193,
87491.377,start,1,193,
87506.918,conflict-at-land,1,193,
87521.918,start,1,193,
87542.454,conflict-at-land,1,193,
87557.454,start,1,193,
87573.966,conflict-at-land,1,193,
87588.966,start,1,193,
87610.93,conflict-at-land,1,193,
87625.93,start,1,193,
87647.535,conflict-at-land,1,193,
87658.709,conflict-at-land,6,155,
87662.535,start,1,193,
87673.709,start,6,155,
87682.823,conflict-at-land,1,193,
87697.823,start,1,193,
87719.428,conflict-at-land,1,193,
87734.428,start,1,193,
87754.748,conflict-at-land,1,193,
87769.748,start,1,193,
87787.763,conflict-at-land,1,193,
87802.763,start,1,193,
87819.478,conflict-at-land,1,193,
87834.478,start,1,193,
87856.559,conflict-at-land,1,193,
87871.559,start,1,193,
87890.448,conflict-at-land,1,193,
87905.448,start,1,193,
87922.158,conflict-at-land,1,193,
87937.158,start,1,193,
87957.309,conflict-at-land,1,193,
87972.309,start,1,193,
87987.161,conflict-at-land,1,193,
88002.161,start,1,193,
88022.996,conflict-at-land,1,193,
88037.996,start,1,193,
88055.627,conflict-at-land,1,193,
88070.627,start,1,193,
88088.742,conflict-at-land,1,193,
88103.742,start,1,193,
88124.238,conflict-at-land,1,193,
88139.238,start,1,193,
88158.364,conflict-at-land,1,193,
88173.364,start,1,193,
88194.449,conflict-at-land,1,193,
88209.449,start,1,193,
88228.758,conflict-at-land,1,193,
88243.758,start,1,193,
88264.643,conflict-at-land,1,193,
88279.643,start,1,193,
88295.812,conflict-at-land,1,193,
88310.812,start,1,193,
88329.175,conflict-at-land,1,193,
88344.175,start,1,193,
88356.775,conflict-at-land,1,193,
88371.775,start,1,193,
88388.003,conflict-at-land,1,193,
88403.003,start,1,193,
88425.86,conflict-at-land,1,193,
88440.86,start,1,193,
88454.368,conflict-at-land,1,193,
88469.368,start,1,193,
88485.197,conflict-at-land,1,193,
88500.197,start,1,193,
88512.881,conflict-at-land,1,193,
88527.881,start,1,193,
88548.516,conflict-at-land,1,193,
88563.516,start,1,193,
88583.325,conflict-at-land,1,193,
88598.325,start,1,193,
88616.363,conflict-at-land,1,193,
88631.363,start,1,193,
88649.192,conflict-at-land,1,193,
88664.192,start,1,193,
88686.965,conflict-at-land,1,193,
88701.965,start,1,193,
88721.813,conflict-at-land,1,193,
88736.813,start,1,193,
88752.948,conflict-at-land,1,193,
88767.948,start,1,193,
88789.952,conflict-at-land,1,193,
88804.952,start,1,193,
88826.288,conflict-at-land,1,193,
88841.288,start,1,193,
88858.938,conflict-at-land,1,193,
88873.938,start,1,193,
88890.45,conflict-at-land,1,193,
88905.45,start,1,193,
88924.808,conflict-at-land,1,193,
88939.808,start,1,193,
88958.506,conflict-at-land,1,193,
88973.506,start,1,193,
88990.198,conflict-at-land,1,193,
89005.198,start,1,193,
89021.893,conflict-at-land,1,193,
89036.893,start,1,193,
89051.241,conflict-at-land,1,193,
89066.241,start,1,193,
89082.189,conflict-at-land,1,193,
89097.189,start,1,193,
89116.773,conflict-at-land,1,193,
89131.773,start,1,193,
89153.732,conflict-at-land,1,193,
89168.732,start,1,193,
89171.165,conflict-at-land,6,155,
89182.848,conflict-at-land,1,193,
89186.165,start,6,155,
89197.848,start,1,193,
89211.828,conflict-at-land,1,193,
89226.828,start,1,193,
89247.161,conflict-at-land,1,193,
89262.161,start,1,193,
89280.77,conflict-at-land,1,193,
89295.77,start,1,193,
89314.918,conflict-at-land,1,193,
89329.918,start,1,193,
89344.5,conflict-at-land,1,193,
89359.5,start,1,193,
89373.575,conflict-at-land,1,193,
89388.575,start,1,193,
89409.216,conflict-at-land,1,193,
89424.216,start,1,193,
89437.673,conflict-at-land,1,193,
89452.673,start,1,193,
89467.746,conflict-at-land,1,193,
89482.746,start,1,193,
89496.848,conflict-at-land,1,193,
89511.848,start,1,193,
89528.613,conflict-at-land,1,193,
89543.613,start,1,193,
89558.12,conflict-at-land,1,193,
89573.12,start,1,193,
89587.689,conflict-at-land,1,193,
89602.689,start,1,193,
89622.487,conflict-at-land,1,193,
89637.487,start,1,193,
89653.385,conflict-at-land,1,193,
89668.385,start,1,193,
89684.124,conflict-at-land,1,193,
89699.124,start,1,193,
89721.238,conflict-at-land,1,193,
89736.238,start,1,193,
89754.664,conflict-at-land,1,193,
89769.664,start,1,193,
89792.541,conflict-at-land,1,193,
89807.541,start,1,193,
89821.836,conflict-at-land,1,193,
89836.836,start,1,193,
89856.1,conflict-at-land,1,193,
89871.1,start,1,193,
89887.335,conflict-at-land,1,193,
89902.335,start,1,193,
89915.051,conflict-at-land,1,193,
89930.051,start,1,193,
89944.202,conflict-at-land,1,193,
89959.202,start,1,193,
89971.893,conflict-at-land,1,193,
89986.893,start,1,193,
90005.867,conflict-at-land,1,193,
90020.867,start,1,193,
90034.062,conflict-at-land,1,193,
90049.062,start,1,193,
90072.208,conflict-at-land,1,193,
90087.208,start,1,193,
90101.077,conflict-at-land,1,193,
90116.077,start,1,193,
90134.886,conflict-at-land,1,193,
90149.886,start,1,193,
90166.447,conflict-at-land,1,193,
90181.447,start,1,193,
90203.959,conflict-at-land,1,193,
90218.959,start,1,193,
90232.448,conflict-at-land,1,193,
90247.448,start,1,193,
90265.654,conflict-at-land,1,193,
90280.654,start,1,193,
90293.965,conflict-at-land,1,193,
90308.965,start,1,193,
90324.845,conflict-at-land,1,193,
90339.845,start,1,193,
90356.219,conflict-at-land,1,193,
90371.219,start,1,193,
90393.685,conflict-at-land,1,193,
90408.685,start,1,193,
90429.776,conflict-at-land,1,193,
90444.776,start,1,193,
90465.807,conflict-at-land,1,193,
90480.807,start,1,193,
90503.41,conflict-at-land,1,193,
90518.41,start,1,193,
90539.434,conflict-at-land,1,193,
90554.434,start,1,193,
90571.817,conflict-at-land,1,193,
90586.817,start,1,193,
90600.788,conflict-at-land,1,193,
90615.788,start,1,193,
90638.669,conflict-at-land,1,193,
90653.669,start,1,193,
90666.548,conflict-at-land,1,193,
90681.548,start,1,193,
90702.787,conflict-at-land,1,193,
90717.787,start,1,193,
90730.534,conflict-at-land,1,193,
90745.534,start,1,193,
90760.449,conflict-at-land,1,193,
90775.449,start,1,193,
90792.023,conflict-at-land,1,193,
90807.023,start,1,193,
90820.13,conflict-at-land,1,193,
90835.13,start,1,193,
90853.796,conflict-at-land,1,193,
90868.796,start,1,193,
90884.859,conflict-at-land,1,193,
90899.859,start,1,193,
90915.329,conflict-at-land,1,193,
90930.329,start,1,193,
90952.969,conflict-at-land,1,193,
90967.969,start,1,193,
90989.955,conflict-at-land,1,193,
91004.955,start,1,193,
91026.053,conflict-at-land,1,193,
91041.053,start,1,193,
91057.175,conflict-at-land,1,193,
91072.175,start,1,193,
91090.324,conflict-at-land,1,193,
91105.324,start,1,193,
91125.38,conflict-at-land,1,193,
91125.38,abandon,1,193,
91361.783,conflict-at-land,6,155,
91376.783,start,6,155,
93579.441,conflict-at-land,6,155,
93594.441,start,6,155,
95425.783,conflict-at-land,6,155,
95440.783,start,6,155,
96790.576,conflict-at-land,6,155,
96805.576,start,6,155,
98896.589,conflict-at-land,6,155,
98911.589,start,6,155,
100293.574,conflict-at-land,6,155,
100308.574,start,6,155,
101755.189,conflict-at-land,6,155,
101770.189,start,6,155,
103613.359,conflict-at-land,6,155,
103628.359,start,6,155,
105032.523,conflict-at-land,6,155,
105047.523,start,6,155,
105927.236,conflict-at-land,7,8,
105942.236,start,7,8,
106943.853,conflict-at-land,6,155,
106958.853,start,6,155,
109171.29,conflict-at-land,6,155,
109186.29,start,6,155,
110764.173,conflict-at-land,6,155,
110779.173,start,6,155,
112176.785,conflict-at-land,6,155,
112191.785,start,6,155,
114419.09,conflict-at-land,6,155,
114434.09,start,6,155,
116611.239,conflict-at-land,6,155,
116626.239,start,6,155,
118239.06,conflict-at-land,6,155,
118254.06,start,6,155,
119949.211,conflict-at-land,6,155,
119964.211,start,6,155,
121605.88,conflict-at-land,6,155,
121620.88,start,6,155,
123459.321,conflict-at-land,6,155,
123474.321,start,6,155,
125050.07,conflict-at-land,6,155,
125065.07,start,6,155,
126651.211,conflict-at-land,6,155,
126666.211,start,6,155,
128550.319,conflict-at-land,6,155,
128565.319,start,6,155,
130619.677,conflict-at-land,6,155,
130634.677,start,6,155,
132366.736,conflict-at-land,6,155,
132381.736,start,6,155,
133738.481,conflict-at-land,6,155,
133753.481,start,6,155,
135538.975,conflict-at-land,6,155,
135553.975,start,6,155,
136145.531,conflict-at-land,7,8,
136160.531,start,7,8,
137595.014,conflict-at-land,6,155,
137610.014,start,6,155,
139553.958,conflict-at-land,6,155,
139568.958,start,6,155,
141778.754,conflict-at-land,6,155,
141793.754,start,6,155,
143236.749,conflict-at-land,6,155,
143251.749,start,6,155,
144828.338,conflict-at-land,6,155,
144843.338,start,6,155,
146388.328,conflict-at-land,6,155,
146403.328,start,6,155,
148207.17,conflict-at-land,6,155,
148222.17,start,6,155,
149603.037,conflict-at-land,6,155,
149618.037,start,6,155,
151742.487,conflict-at-land,6,155,
151757.487,start,6,155,
153358.289,conflict-at-land,6,155,
153373.289,start,6,155,
155407.157,conflict-at-land,6,155,
155422.157,start,6,155,
157286.989,conflict-at-land,6,155,
157301.989,start,6,155,
159389.341,conflict-at-land,6,155,
159404.341,start,6,155,
161477.611,conflict-at-land,7,8,
161492.611,start,7,8,
161644.524,conflict-at-land,6,155,
161659.524,start,6,155,
163338.264,conflict-at-land,6,155,
163353.264,start,6,155,
165549.48,conflict-at-land,6,155,
165564.48,start,6,155,
167590.899,conflict-at-land,6,155,
167605.899,start,6,155,
169509.125,conflict-at-land,6,155,
169524.125,start,6,155,
171169.493,conflict-at-land,6,155,
171184.493,start,6,155,
172832.979,conflict-at-land,6,155,
172847.979,start,6,155,
174089.358,conflict-at-land,6,155,
174104.358,start,6,155,
175786.918,conflict-at-land,6,155,
175801.918,start,6,155,
178072.054,conflict-at-land,6,155,
178087.054,start,6,155,
180137.593,conflict-at-land,6,155,
180152.593,start,6,155,
182343.331,conflict-at-land,6,155,
182358.331,start,6,155,
184391.102,conflict-at-land,6,155,
184406.102,start,6,155,
186689.429,conflict-at-land,6,155,
186704.429,start,6,155,
188963.478,conflict-at-land,6,155,
188978.478,start,6,155,
189588.045,conflict-at-land,7,8,
189603.045,start,7,8,
191210.842,conflict-at-land,6,155,
191225.842,start,6,155,
192797.877,conflict-at-land,6,155,
192812.877,start,6,155,
194535.385,conflict-at-land,6,155,
194550.385,start,6,155,
196180.264,conflict-at-land,6,155,
196195.264,start,6,155,
198396.127,conflict-at-land,6,155,
198411.127,start,6,155,
199684.184,conflict-at-land,6,155,
199699.184,start,6,155,
201069.97,conflict-at-land,6,155,
201084.97,start,6,155,
202443.351,conflict-at-land,6,155,
202458.351,start,6,155,
204518.209,conflict-at-land,6,155,
204533.209,start,6,155,
206773.045,conflict-at-land,6,155,
206788.045,start,6,155,
208096.406,conflict-at-land,6,155,
208111.406,start,6,155,
210005.283,conflict-at-land,6,155,
210020.283,start,6,155,
211404.902,conflict-at-land,6,155,
211419.902,start,6,155,
213423.735,conflict-at-land,7,8,
213438.735,start,7,8,
213634.735,conflict-at-land,6,155,
213649.735,start,6,155,
215592.154,conflict-at-land,6,155,
215607.154,start,6,155,
217837.743,conflict-at-land,6,155,
217852.743,start,6,155,
219920.051,conflict-at-land,6,155,
219935.051,start,6,155,
221909.742,conflict-at-land,6,155,
221924.742,start,6,155,
223651.782,conflict-at-land,6,155,
223666.782,start,6,155,
225021.143,conflict-at-land,6,155,
225036.143,start,6,155,
226471.474,conflict-at-land,6,155,
226486.474,start,6,155,
228534.082,conflict-at-land,6,155,
228549.082,start,6,155,
229856.342,conflict-at-land,6,155,
229871.342,start,6,155,
231702.192,conflict-at-land,6,155,
231717.192,start,6,155,
233220.61,conflict-at-land,6,155,
233235.61,start,6,155,
235436.405,conflict-at-land,6,155,
235451.405,start,6,155,
237273.988,conflict-at-land,6,155,
237288.988,start,6,155,
239440.895,conflict-at-land,6,155,
239455.895,start,6,155,
240712.557,conflict-at-land,6,155,
240727.557,start,6,155,
242018.26,conflict-at-land,6,155,
242033.26,start,6,155,
243300.514,conflict-at-land,6,155,
243315.514,start,6,155,
245565.334,conflict-at-land,6,155,
245580.334,start,6,155,
247778.654,conflict-at-land,6,155,
247793.654,start,6,155,
249961.049,conflict-at-land,6,155,
249976.049,start,6,155,
251797.88,conflict-at-land,6,155,
251812.88,start,6,155,
253112.804,conflict-at-land,6,155,
253127.804,start,6,155,
253848.055,conflict-at-land,7,8,
253863.055,start,7,8,
255404.049,conflict-at-land,6,155,
255419.049,start,6,155,
257105.334,conflict-at-land,6,155,
257120.334,start,6,155,
259359.764,conflict-at-land,6,155,
259374.764,start,6,155,
260996.791,conflict-at-land,6,155,
261011.791,start,6,155,
262278.464,conflict-at-land,6,155,
262293.464,start,6,155,
264498.866,conflict-at-land,6,155,
264513.866,start,6,155,
266032.956,conflict-at-land,6,155,
266047.956,start,6,155,
267944.366,conflict-at-land,6,155,
267959.366,start,6,155,
269574.578,conflict-at-land,6,155,
269589.578,start,6,155,
271194.647,conflict-at-land,6,155,
271209.647,start,6,155,
273278.154,conflict-at-land,6,155,
273293.154,start,6,155,
275281.748,conflict-at-land,6,155,
275296.748,start,6,155,
277138.274,conflict-at-land,6,155,
277153.274,start,6,155,
278214.582,conflict-at-land,7,8,
278229.582,start,7,8,
279349.806,conflict-at-land,6,155,
279364.806,start,6,155,
281091.296,conflict-at-land,6,155,
281106.296,start,6,155,
282933.611,conflict-at-land,6,155,
282948.611,start,6,155,
285037.552,conflict-at-land,6,155,
285052.552,start,6,155,
286844.376,conflict-at-land,6,155,
286859.376,start,6,155,
288605.376,conflict-at-land,6,155,
288620.376,start,6,155,
290512.202,conflict-at-land,6,155,
290527.202,start,6,155,
291979.444,conflict-at-land,6,155,
291994.444,start,6,155,
294217.257,conflict-at-land,6,155,
294232.257,start,6,155,
295683.586,conflict-at-land,6,155,
295698.586,start,6,155,
297188.219,conflict-at-land,6,155,
297203.219,start,6,155,
299189.622,conflict-at-land,6,155,
299204.622,start,6,155,
300998.279,conflict-at-land,6,155,
301013.279,start,6,155,
302967.864,conflict-at-land,6,155,
302982.864,start,6,155,
304396.665,conflict-at-land,6,155,
304411.665,start,6,155,
306219.96,conflict-at-land,6,155,
306234.96,start,6,155,
308452.906,conflict-at-land,6,155,
308467.906,start,6,155,
309960.526,conflict-at-land,6,155,
309975.526,start,6,155,
310309.005,conflict-at-land,7,8,
310324.005,start,7,8,
311946.175,conflict-at-land,6,155,
311961.175,start,6,155,
313921.952,conflict-at-land,6,155,
313936.952,start,6,155,
316066.659,conflict-at-land,6,155,
316081.659,start,6,155,
317812.897,conflict-at-land,6,155,
317827.897,start,6,155,
319783.777,conflict-at-land,6,155,
319798.777,start,6,155,
321652.83,conflict-at-land,6,155,
321667.83,start,6,155,
323648.541,conflict-at-land,6,155,
323663.541,start,6,155,
325800.71,conflict-at-land,6,155,
325815.71,start,6,155,
327387.568,conflict-at-land,6,155,
327402.568,start,6,155,
329186.977,conflict-at-land,6,155,
329201.977,start,6,155,
331240.393,conflict-at-land,6,155,
331255.393,start,6,155,
332772.122,conflict-at-land,6,155,
332787.122,start,6,155,
334569.1,conflict-at-land,6,155,
334584.1,start,6,155,
336680.237,conflict-at-land,6,155,
336695.237,start,6,155,
338499.29,conflict-at-land,6,155,
338514.29,start,6,155,
340621.893,conflict-at-land,6,155,
340636.893,start,6,155,
342449.018,conflict-at-land,6,155,
342464.018,start,6,155,
344456.312,conflict-at-land,6,155,
344471.312,start,6,155,
346372.709,conflict-at-land,6,155,
346387.709,start,6,155,
347123.112,conflict-at-land,7,8,
347138.112,start,7,8,
348572.202,conflict-at-land,6,155,
348587.202,start,6,155,
350117.372,conflict-at-land,6,155,
350132.372,start,6,155,
351598.625,conflict-at-land,6,155,
351613.625,start,6,155,
353451.779,conflict-at-land,6,155,
353466.779,start,6,155,
354795.233,conflict-at-land,6,155,
354810.233,start,6,155,
356205.235,conflict-at-land,6,155,
356220.235,start,6,155,
358462.607,conflict-at-land,6,155,
358477.607,start,6,155,
360302.189,conflict-at-land,6,155,
360317.189,start,6,155,
362463.299,conflict-at-land,6,155,
362478.299,start,6,155,
364589.035,conflict-at-land,6,155,
364604.035,start,6,155,
366654.16,conflict-at-land,6,155,
366669.16,start,6,155,
368371.589,conflict-at-land,6,155,
368386.589,start,6,155,
370078.118,conflict-at-land,6,155,
370093.118,start,6,155,
371720.078,conflict-at-land,6,155,
371720.078,abandon,6,155,
381563.061,conflict-at-land,7,8,
381578.061,start,7,8,
407951.4,conflict-at-land,7,8,
407966.4,start,7,8,
432060.141,conflict-at-land,7,8,
432075.141,start,7,8,
458626.005,conflict-at-land,7,8,
458641.005,start,7,8,
498411.485,conflict-at-land,7,8,
498426.485,start,7,8,
529319.795,conflict-at-land,7,8,
529334.795,start,7,8,
552886.586,conflict-at-land,7,8,
552901.586,start,7,8,
584671.789,conflict-at-land,7,8,
584686.789,start,7,8,
625793.326,conflict-at-land,7,8,
625808.326,start,7,8,
653840.331,conflict-at-land,7,8,
653855.331,start,7,8,
688066.371,conflict-at-land,7,8,
688081.371,start,7,8,
725502.776,conflict-at-land,7,8,
725517.776,start,7,8,
748924.472,conflict-at-land,7,8,
748939.472,start,7,8,
788289.299,conflict-at-land,7,8,
788304.299,start,7,8,
823847.069,conflict-at-land,7,8,
823862.069,start,7,8,
848005.489,conflict-at-land,7,8,
848020.489,start,7,8,
877630.391,conflict-at-land,7,8,
877645.391,start,7,8,
914372.563,conflict-at-land,7,8,
914387.563,start,7,8,
953718.801,conflict-at-land,7,8,
953733.801,start,7,8,
987584.179,conflict-at-land,7,8,
987599.179,start,7,8,
1012163.21,conflict-at-land,7,8,
1012178.21,start,7,8,
1035139.078,conflict-at-land,7,8,
1035154.078,start,7,8,
1065693.575,conflict-at-land,7,8,
1065708.575,start,7,8,
1103182.84,conflict-at-land,7,8,
1103197.84,start,7,8,
1133065.116,conflict-at-land,7,8,
1133080.116,start,7,8,
1169695.601,conflict-at-land,7,8,
1169710.601,start,7,8,
1206176.821,conflict-at-land,7,8,
1206191.821,start,7,8,
1243534.381,conflict-at-land,7,8,
1243549.381,start,7,8,
1267474.044,conflict-at-land,7,8,
1267489.044,start,7,8,
1302828.683,conflict-at-land,7,8,
1302843.683,start,7,8,
1333364.729,conflict-at-land,7,8,
1333379.729,start,7,8,
1373255.549,conflict-at-land,7,8,
1373270.549,start,7,8,
1403041.397,conflict-at-land,7,8,
1403056.397,start,7,8,
1443652.779,conflict-at-land,7,8,
1443667.779,start,7,8,
1475086.491,conflict-at-land,7,8,
1475101.491,start,7,8,
1504623.595,conflict-at-land,7,8,
1504638.595,start,7,8,
1532578.726,conflict-at-land,7,8,
1532593.726,start,7,8,
1557313.074,conflict-at-land,7,8,
1557328.074,start,7,8,
1595602.177,conflict-at-land,7,8,
1595617.177,start,7,8,
1633661.427,conflict-at-land,7,8,
1633676.427,start,7,8,
1667867.783,conflict-at-land,7,8,
1667882.783,start,7,8,
1696182.384,conflict-at-land,7,8,
1696197.384,start,7,8,
1732924.951,conflict-at-land,7,8,
1732939.951,start,7,8,
1768628.713,conflict-at-land,7,8,
1768643.713,start,7,8,
1810211.855,conflict-at-land,7,8,
1810226.855,start,7,8,
1834323.139,conflict-at-land,7,8,
1834338.139,start,7,8,
1865303.691,conflict-at-land,7,8,
1865318.691,start,7,8,
1900565.728,conflict-at-land,7,8,
1900580.728,start,7,8,
1930300.377,conflict-at-land,7,8,
1930315.377,start,7,8,
1954470.186,conflict-at-land,7,8,
1954485.186,start,7,8,
1984609.054,conflict-at-land,7,8,
1984624.054,start,7,8,
2023368.195,conflict-at-land,7,8,
2023383.195,start,7,8,
2057663.084,conflict-at-land,7,8,
2057678.084,start,7,8,
2097769.03,conflict-at-land,7,8,
2097784.03,start,7,8,
2137673.961,conflict-at-land,7,8,
2137688.961,start,7,8,
2168456.754,conflict-at-land,7,8,
2168471.754,start,7,8,
2198889.897,conflict-at-land,7,8,
2198904.897,start,7,8,
2223872.806,conflict-at-land,7,8,
2223887.806,start,7,8,
2246619.953,conflict-at-land,7,8,
2246634.953,start,7,8,
2272646.332,conflict-at-land,7,8,
2272661.332,start,7,8,
2313600.037,conflict-at-land,7,8,
2313615.037,start,7,8,
2353407.543,conflict-at-land,7,8,
2353422.543,start,7,8,
2377320.668,conflict-at-land,7,8,
2377335.668,start,7,8,
2402073.708,conflict-at-land,7,8,
2402088.708,start,7,8,
2428943.552,conflict-at-land,7,8,
2428958.552,start,7,8,
2465991.584,conflict-at-land,7,8,
2466006.584,start,7,8,
2498232.882,conflict-at-land,7,8,
2498247.882,start,7,8,
2525173.848,conflict-at-land,7,8,
2525188.848,start,7,8,
2550947.642,conflict-at-land,7,8,
2550962.642,start,7,8,
2577760.434,conflict-at-land,7,8,
2577775.434,start,7,8,
2611153.804,conflict-at-land,7,8,
2611168.804,start,7,8,
2646877.546,conflict-at-land,7,8,
2646892.546,start,7,8,
2671799.037,conflict-at-land,7,8,
2671814.037,start,7,8,
2713559.132,conflict-at-land,7,8,
2713574.132,start,7,8,
2746192.996,conflict-at-land,7,8,
2746207.996,start,7,8,
2780940.797,conflict-at-land,7,8,
2780955.797,start,7,8,
2807886.17,conflict-at-land,7,8,
2807901.17,start,7,8,
2835545.156,conflict-at-land,7,8,
2835560.156,start,7,8,
2859072.859,conflict-at-land,7,8,
2859087.859,start,7,8,
2882195.199,conflict-at-land,7,8,
2882210.199,start,7,8,
2914054.138,conflict-at-land,7,8,
2914069.138,start,7,8,
2938746.285,conflict-at-land,7,8,
2938761.285,start,7,8,
2971859.177,conflict-at-land,7,8,
2971874.177,start,7,8,
3012305.352,conflict-at-land,7,8,
3012320.352,start,7,8,
3047360.798,conflict-at-land,7,8,
3047375.798,start,7,8,
3089254.045,conflict-at-land,7,8,
3089269.045,start,7,8,
3123362.685,conflict-at-land,7,8,
3123377.685,start,7,8,
3155839.609,conflict-at-land,7,8,
3155854.609,start,7,8,
3180754.097,conflict-at-land,7,8,
3180769.097,start,7,8,
3205561.786,conflict-at-land,7,8,
3205576.786,start,7,8,
3245170.81,conflict-at-land,7,8,
3245185.81,start,7,8,
3281480.644,conflict-at-land,7,8,
3281495.644,start,7,8,
3319387.669,conflict-at-land,7,8,
3319402.669,start,7,8,
3352070.584,conflict-at-land,7,8,
3352085.584,start,7,8,
3385294.529,conflict-at-land,7,8,
3385309.529,start,7,8,
3420523.716,conflict-at-land,7,8,
3420538.716,start,7,8,
3444991.344,conflict-at-land,7,8,
3445006.344,start,7,8,
3478254.64,conflict-at-land,7,8,
3478269.64,start,7,8,
3501696.475,conflict-at-land,7,8,
3501711.475,start,7,8,
3535169.23,conflict-at-land,7,8,
3535184.23,start,7,8,
3569595.594,conflict-at-land,7,8,
3569610.594,start,7,8,
3607343.136,conflict-at-land,7,8,
3607358.136,start,7,8,
3648931.691,conflict-at-land,7,8,
3648946.691,start,7,8,
3681431.051,conflict-at-land,7,8,
3681446.051,start,7,8,
3723443.376,conflict-at-land,7,8,
3723458.376,start,7,8,
3763985.322,conflict-at-land,7,8,
3764000.322,start,7,8,
3792863.705,conflict-at-land,7,8,
3792878.705,start,7,8,
3822873.257,conflict-at-land,7,8,
3822888.257,start,7,8,
3850212.35,conflict-at-land,7,8,
3850227.35,start,7,8,
3873532.557,conflict-at-land,7,8,
3873547.557,start,7,8,
3904828.645,conflict-at-land,7,8,
3904843.645,start,7,8,
3937506.611,conflict-at-land,7,8,
3937521.611,start,7,8,
3973549.204,conflict-at-land,7,8,
3973564.204,start,7,8,
4014377.175,conflict-at-land,7,8,
4014392.175,start,7,8,
4054171.558,conflict-at-land,7,8,
4054186.558,start,7,8,
4088346.347,conflict-at-land,7,8,
4088361.347,start,7,8,
4119908.228,conflict-at-land,7,8,
4119923.228,start,7,8,
4160337.966,conflict-at-land,7,8,
4160352.966,start,7,8,
4190524.117,conflict-at-land,7,8,
4190539.117,start,7,8,
4215497.86,conflict-at-land,7,8,
4215512.86,start,7,8,
4242872.675,conflict-at-land,7,8,
4242887.675,start,7,8,
4269849.047,conflict-at-land,7,8,
4269864.047,start,7,8,
4297866.373,conflict-at-land,7,8,
4297881.373,start,7,8,
4325811.77,conflict-at-land,7,8,
4325826.77,start,7,8,
4353200.159,conflict-at-land,7,8,
4353215.159,start,7,8,
4386641.576,conflict-at-land,7,8,
4386656.576,start,7,8,
4417565.512,conflict-at-land,7,8,
4417580.512,start,7,8,
4449071.852,conflict-at-land,7,8,
4449086.852,start,7,8,
4476431.027,conflict-at-land,7,8,
4476446.027,start,7,8,
4516449.348,conflict-at-land,7,8,
4516464.348,start,7,8,
4555062.468,conflict-at-land,7,8,
4555077.468,start,7,8,
4588714.447,conflict-at-land,7,8,
4588729.447,start,7,8,
4618881.184,conflict-at-land,7,8,
4618896.184,start,7,8,
4650092.12,conflict-at-land,7,8,
4650107.12,start,7,8,
4680694.463,conflict-at-land,7,8,
4680709.463,start,7,8,
4721815.08,conflict-at-land,7,8,
4721830.08,start,7,8,
4758189.828,conflict-at-land,7,8,
4758204.828,start,7,8,
4793745.228,conflict-at-land,7,8,
4793760.228,start,7,8,
4829086.55,conflict-at-land,7,8,
4829101.55,start,7,8,
4863902.361,conflict-at-land,7,8,
4863917.361,start,7,8,
4887452.306,conflict-at-land,7,8,
4887467.306,start,7,8,
4920503.941,conflict-at-land,7,8,
4920518.941,start,7,8,
4957679.77,conflict-at-land,7,8,
4957694.77,start,7,8,
4990933.703,conflict-at-land,7,8,
4990948.703,start,7,8,
5021706.554,conflict-at-land,7,8,
5021721.554,start,7,8,
5057691.915,conflict-at-land,7,8,
5057706.915,start,7,8,
5084783.432,conflict-at-land,7,8,
5084798.432,start,7,8,
5119729.188,conflict-at-land,7,8,
5119744.188,start,7,8,
5150624.966,conflict-at-land,7,8,
5150639.966,start,7,8,
5184452.067,conflict-at-land,7,8,
5184467.067,start,7,8,
5223316.918,conflict-at-land,7,8,
5223331.918,start,7,8,
5258549.471,conflict-at-land,7,8,
5258564.471,start,7,8,
5299068.811,conflict-at-land,7,8,
5299083.811,start,7,8,
5333908.796,conflict-at-land,7,8,
5333923.796,start,7,8,
5361692.377,conflict-at-land,7,8,
5361707.377,start,7,8,
5392376.708,conflict-at-land,7,8,
5392391.708,start,7,8,
5415721.651,conflict-at-land,7,8,
5415736.651,start,7,8,
5446056.967,conflict-at-land,7,8,
5446071.967,start,7,8,
5477564.381,conflict-at-land,7,8,
5477579.381,start,7,8,
5507433.24,conflict-at-land,7,8,
5507448.24,start,7,8,
5548755.656,conflict-at-land,7,8,
5548770.656,start,7,8,
5580391.164,conflict-at-land,7,8,
5580406.164,start,7,8,
5608652.419,conflict-at-land,7,8,
5608667.419,start,7,8,
5646602.571,conflict-at-land,7,8,
5646617.571,start,7,8,
5685255.274,conflict-at-land,7,8,
5685270.274,start,7,8,
5715249.691,conflict-at-land,7,8,
5715264.691,start,7,8,
5753204.529,conflict-at-land,7,8,
5753219.529,start,7,8,
5789338.646,conflict-at-land,7,8,
5789353.646,start,7,8,
5824932.785,conflict-at-land,7,8,
5824947.785,start,7,8,
5850586.546,conflict-at-land,7,8,
5850601.546,start,7,8,
5878204.46,conflict-at-land,7,8,
5878219.46,start,7,8,
5904005.157,conflict-at-land,7,8,
5904020.157,start,7,8,
5939981.839,conflict-at-land,7,8,
5939996.839,start,7,8,
5974986.757,conflict-at-land,7,8,
5975001.757,start,7,8,
6006231.908,conflict-at-land,7,8,
6006246.908,start,7,8,
6039840.942,conflict-at-land,7,8,
6039855.942,start,7,8,
6076177.004,conflict-at-land,7,8,
6076192.004,start,7,8,
6100232.862,conflict-at-land,7,8,
6100247.862,start,7,8,
6126882.913,conflict-at-land,7,8,
6126897.913,start,7,8,
6149601.65,conflict-at-land,7,8,
6149616.65,start,7,8,
6177683.183,conflict-at-land,7,8,
6177698.183,start,7,8,
6206141.685,conflict-at-land,7,8,
6206156.685,start,7,8,
6236038.487,conflict-at-land,7,8,
6236053.487,start,7,8,
6277346.605,conflict-at-land,7,8,
6277361.605,start,7,8,
6309167.494,conflict-at-land,7,8,
6309182.494,start,7,8,
6345930.42,conflict-at-land,7,8,
6345945.42,start,7,8,
6374217.482,conflict-at-land,7,8,
6374232.482,start,7,8,
6407385.535,conflict-at-land,7,8,
6407385.535,abandon,7,8,
