time,event,agent_id,task_id,note
0.0,start,0,0,
0.0,refuse,1,1,
0.0,start,2,2,
0.0,start,3,3,
7.612,land,2,2,
7.612,refuse,2,4,
15.0,refuse,1,1,
22.612,refuse,2,4,
26.746,land,0,0,
26.746,refuse,0,5,
30.0,refuse,1,1,
37.612,refuse,2,4,
41.746,refuse,0,5,
45.0,refuse,1,1,
52.612,refuse,2,4,
56.746,refuse,0,5,
60.0,refuse,1,1,
67.612,refuse,2,4,
71.746,refuse,0,5,
75.0,refuse,1,1,
82.612,refuse,2,4,
86.746,refuse,0,5,
90.0,refuse,1,1,
97.612,refuse,2,4,
101.746,refuse,0,5,
105.0,refuse,1,1,
112.612,refuse,2,4,
116.746,refuse,0,5,
120.0,refuse,1,1,
127.612,refuse,2,4,
131.746,refuse,0,5,
135.0,refuse,1,1,
142.612,refuse,2,4,
146.746,refuse,0,5,
150.0,refuse,1,1,
157.612,refuse,2,4,
161.746,refuse,0,5,
165.0,refuse,1,1,
172.612,refuse,2,4,
176.746,refuse,0,5,
180.0,refuse,1,1,
187.612,refuse,2,4,
191.746,refuse,0,5,
195.0,refuse,1,1,
202.612,refuse,2,4,
206.746,refuse,0,5,
210.0,refuse,1,1,
217.612,refuse,2,4,
221.746,refuse,0,5,
225.0,refuse,1,1,
232.612,refuse,2,4,
236.746,refuse,0,5,
240.0,refuse,1,1,
247.612,refuse,2,4,
251.746,refuse,0,5,
255.0,refuse,1,1,
262.612,refuse,2,4,
266.746,refuse,0,5,
270.0,refuse,1,1,
277.612,refuse,2,4,
281.746,refuse,0,5,
285.0,refuse,1,1,
292.612,refuse,2,4,
296.746,refuse,0,5,
300.0,refuse,1,1,
307.612,refuse,2,4,
311.746,refuse,0,5,
315.0,refuse,1,1,
322.612,refuse,2,4,
326.746,refuse,0,5,
330.0,refuse,1,1,
337.612,refuse,2,4,
341.746,refuse,0,5,
345.0,refuse,1,1,
352.612,refuse,2,4,
356.746,refuse,0,5,
360.0,refuse,1,1,
367.612,refuse,2,4,
371.746,refuse,0,5,
375.0,refuse,1,1,
382.612,refuse,2,4,
386.746,refuse,0,5,
390.0,refuse,1,1,
397.612,refuse,2,4,
401.746,refuse,0,5,
405.0,refuse,1,1,
412.612,refuse,2,4,
416.746,refuse,0,5,
420.0,refuse,1,1,
427.612,refuse,2,4,
431.746,refuse,0,5,
435.0,refuse,1,1,
442.612,refuse,2,4,
446.746,refuse,0,5,
450.0,refuse,1,1,
457.612,refuse,2,4,
461.746,refuse,0,5,
465.0,refuse,1,1,
472.612,refuse,2,4,
476.746,refuse,0,5,
480.0,refuse,1,1,
487.612,refuse,2,4,
491.746,refuse,0,5,
495.0,refuse,1,1,
502.612,refuse,2,4,
506.746,refuse,0,5,
510.0,refuse,1,1,
517.612,refuse,2,4,
521.746,refuse,0,5,
525.0,refuse,1,1,
532.612,refuse,2,4,
536.746,refuse,0,5,
540.0,refuse,1,1,
547.612,refuse,2,4,
551.746,refuse,0,5,
555.0,refuse,1,1,
562.612,refuse,2,4,
566.746,refuse,0,5,
570.0,refuse,1,1,
577.612,refuse,2,4,
581.746,refuse,0,5,
585.0,refuse,1,1,
592.612,refuse,2,4,
596.746,refuse,0,5,
600.0,refuse,1,1,
607.612,refuse,2,4,
611.746,refuse,0,5,
615.0,refuse,1,1,
622.612,refuse,2,4,
626.746,refuse,0,5,
630.0,refuse,1,1,
637.612,refuse,2,4,
641.746,refuse,0,5,
645.0,refuse,1,1,
652.612,refuse,2,4,
656.746,refuse,0,5,
660.0,refuse,1,1,
667.612,refuse,2,4,
671.746,refuse,0,5,
675.0,refuse,1,1,
682.612,refuse,2,4,
686.746,refuse,0,5,
690.0,refuse,1,1,
697.612,refuse,2,4,
701.746,refuse,0,5,
705.0,refuse,1,1,
712.612,refuse,2,4,
716.746,refuse,0,5,
720.0,refuse,1,1,
727.612,refuse,2,4,
731.746,refuse,0,5,
735.0,refuse,1,1,
742.612,refuse,2,4,
746.746,refuse,0,5,
750.0,refuse,1,1,
757.612,refuse,2,4,
761.746,refuse,0,5,
765.0,refuse,1,1,
772.612,refuse,2,4,
776.746,refuse,0,5,
780.0,refuse,1,1,
787.612,refuse,2,4,
791.746,refuse,0,5,
795.0,refuse,1,1,
802.612,refuse,2,4,
806.746,refuse,0,5,
810.0,refuse,1,1,
817.612,refuse,2,4,
821.746,refuse,0,5,
825.0,refuse,1,1,
832.612,refuse,2,4,
836.746,refuse,0,5,
840.0,refuse,1,1,
847.612,refuse,2,4,
851.746,refuse,0,5,
855.0,refuse,1,1,
862.612,refuse,2,4,
866.746,refuse,0,5,
870.0,refuse,1,1,
877.612,refuse,2,4,
881.746,refuse,0,5,
885.0,refuse,1,1,
892.612,refuse,2,4,
896.746,refuse,0,5,
900.0,refuse,1,1,
907.612,refuse,2,4,
911.746,refuse,0,5,
915.0,refuse,1,1,
922.612,refuse,2,4,
926.746,refuse,0,5,
930.0,refuse,1,1,
937.612,refuse,2,4,
941.746,refuse,0,5,
945.0,refuse,1,1,
952.612,refuse,2,4,
956.746,refuse,0,5,
960.0,refuse,1,1,
967.612,refuse,2,4,
971.746,refuse,0,5,
975.0,refuse,1,1,
982.612,refuse,2,4,
986.746,refuse,0,5,
990.0,refuse,1,1,
997.612,refuse,2,4,
1001.746,refuse,0,5,
1005.0,refuse,1,1,
1012.612,refuse,2,4,
1016.746,refuse,0,5,
1020.0,refuse,1,1,
1027.612,refuse,2,4,
1031.746,refuse,0,5,
1035.0,refuse,1,1,
1042.612,refuse,2,4,
1046.746,refuse,0,5,
1050.0,refuse,1,1,
1057.612,refuse,2,4,
1061.746,refuse,0,5,
1065.0,refuse,1,1,
1072.612,refuse,2,4,
1076.746,refuse,0,5,
1080.0,refuse,1,1,
1087.612,refuse,2,4,
1091.746,refuse,0,5,
1095.0,refuse,1,1,
1102.612,refuse,2,4,
1106.746,refuse,0,5,
1110.0,refuse,1,1,
1117.612,refuse,2,4,
1121.746,refuse,0,5,
1125.0,refuse,1,1,
1132.612,refuse,2,4,
1136.746,refuse,0,5,
1140.0,refuse,1,1,
1147.612,refuse,2,4,
1151.746,refuse,0,5,
1155.0,refuse,1,1,
1162.612,refuse,2,4,
1166.746,refuse,0,5,
1170.0,refuse,1,1,
1177.612,refuse,2,4,
1181.746,refuse,0,5,
1185.0,refuse,1,1,
1192.612,refuse,2,4,
1196.746,refuse,0,5,
1200.0,refuse,1,1,
1207.612,refuse,2,4,
1211.746,refuse,0,5,
1215.0,refuse,1,1,
1222.612,refuse,2,4,
1226.746,refuse,0,5,
1230.0,refuse,1,1,
1237.612,refuse,2,4,
1241.746,refuse,0,5,
1245.0,refuse,1,1,
1252.612,refuse,2,4,
1256.746,refuse,0,5,
1260.0,refuse,1,1,
1267.612,refuse,2,4,
1271.746,refuse,0,5,
1275.0,refuse,1,1,
1282.612,refuse,2,4,
1286.746,refuse,0,5,
1290.0,refuse,1,1,
1297.612,refuse,2,4,
1301.746,refuse,0,5,
1305.0,refuse,1,1,
1312.612,refuse,2,4,
1316.746,refuse,0,5,
1320.0,refuse,1,1,
1327.612,refuse,2,4,
1331.746,refuse,0,5,
1335.0,refuse,1,1,
1342.612,refuse,2,4,
1346.746,refuse,0,5,
1350.0,refuse,1,1,
1357.612,refuse,2,4,
1361.746,refuse,0,5,
1365.0,refuse,1,1,
1372.612,refuse,2,4,
1376.746,refuse,0,5,
1380.0,refuse,1,1,
1387.612,refuse,2,4,
1391.746,refuse,0,5,
1395.0,refuse,1,1,
1402.612,refuse,2,4,
1406.746,refuse,0,5,
1410.0,refuse,1,1,
1417.612,refuse,2,4,
1421.746,refuse,0,5,
1425.0,refuse,1,1,
1432.612,refuse,2,4,
1436.746,refuse,0,5,
1440.0,refuse,1,1,
1447.612,refuse,2,4,
1451.746,refuse,0,5,
1455.0,refuse,1,1,
1462.612,refuse,2,4,
1466.746,refuse,0,5,
1470.0,refuse,1,1,
1477.612,refuse,2,4,
1481.746,refuse,0,5,
1485.0,refuse,1,1,
1492.612,refuse,2,4,
1496.746,refuse,0,5,
1500.0,refuse,1,1,
1507.612,refuse,2,4,
1511.746,refuse,0,5,
1515.0,refuse,1,1,
1522.612,refuse,2,4,
1526.746,refuse,0,5,
1530.0,refuse,1,1,
1537.612,refuse,2,4,
1541.746,refuse,0,5,
1545.0,refuse,1,1,
1552.612,refuse,2,4,
1556.746,refuse,0,5,
1560.0,refuse,1,1,
1567.612,refuse,2,4,
1571.746,refuse,0,5,
1575.0,refuse,1,1,
1582.612,refuse,2,4,
1586.746,refuse,0,5,
1590.0,refuse,1,1,
1597.612,refuse,2,4,
1601.746,refuse,0,5,
1605.0,refuse,1,1,
1612.612,refuse,2,4,
1616.746,refuse,0,5,
1620.0,refuse,1,1,
1627.612,refuse,2,4,
1631.746,refuse,0,5,
1633.73,conflict-at-land,3,3,
1635.0,start,1,1,
1642.612,start,2,4,
1646.746,refuse,0,5,
1648.73,refuse,3,3,
1661.746,refuse,0,5,
1663.73,refuse,3,3,
1676.746,refuse,0,5,
1678.73,refuse,3,3,
1691.746,refuse,0,5,
1693.73,refuse,3,3,
1706.746,refuse,0,5,
1708.73,refuse,3,3,
1711.594,land,1,1,
1711.594,start,1,6,
1721.746,refuse,0,5,
1723.73,refuse,3,3,
1728.718,land,1,6,
1728.718,start,1,7,
1736.746,refuse,0,5,
1738.634,land,1,7,
1738.634,refuse,1,8,
1738.73,refuse,3,3,
1751.746,refuse,0,5,
1753.634,refuse,1,8,
1753.73,refuse,3,3,
1766.746,refuse,0,5,
1768.634,refuse,1,8,
1768.73,refuse,3,3,
1781.746,refuse,0,5,
1783.634,refuse,1,8,
1783.73,refuse,3,3,
1796.746,refuse,0,5,
1798.634,refuse,1,8,
1798.73,refuse,3,3,
1811.746,refuse,0,5,
1813.634,refuse,1,8,
1813.73,refuse,3,3,
1815.599,conflict-at-land,2,4,
1826.746,start,0,5,
1828.634,refuse,1,8,
1828.73,refuse,3,3,
1830.599,refuse,2,4,
1843.634,refuse,1,8,
1843.73,refuse,3,3,
1845.599,refuse,2,4,
1858.634,refuse,1,8,
1858.73,refuse,3,3,
1860.599,refuse,2,4,
1873.634,refuse,1,8,
1873.73,refuse,3,3,
1875.599,refuse,2,4,
1888.634,refuse,1,8,
1888.73,refuse,3,3,
1890.599,refuse,2,4,
1903.634,refuse,1,8,
1903.73,refuse,3,3,
1905.599,refuse,2,4,
1918.634,refuse,1,8,
1918.73,refuse,3,3,
1920.599,refuse,2,4,
1933.634,refuse,1,8,
1933.73,refuse,3,3,
1935.599,refuse,2,4,
1948.634,refuse,1,8,
1948.73,refuse,3,3,
1950.599,refuse,2,4,
1963.634,refuse,1,8,
1963.73,refuse,3,3,
1965.599,refuse,2,4,
1978.634,refuse,1,8,
1978.73,refuse,3,3,
1980.599,refuse,2,4,
1993.634,refuse,1,8,
1993.73,refuse,3,3,
1995.599,refuse,2,4,
2008.634,refuse,1,8,
2008.73,refuse,3,3,
2010.599,refuse,2,4,
2023.634,refuse,1,8,
2023.73,refuse,3,3,
2025.599,refuse,2,4,
2038.634,refuse,1,8,
2038.73,refuse,3,3,
2040.599,refuse,2,4,
2053.634,refuse,1,8,
2053.73,refuse,3,3,
2055.599,refuse,2,4,
2068.634,refuse,1,8,
2068.73,refuse,3,3,
2070.599,refuse,2,4,
2083.634,refuse,1,8,
2083.73,refuse,3,3,
2085.599,refuse,2,4,
2098.634,refuse,1,8,
2098.73,refuse,3,3,
2100.599,refuse,2,4,
2113.634,refuse,1,8,
2113.73,refuse,3,3,
2115.599,refuse,2,4,
2128.634,refuse,1,8,
2128.73,refuse,3,3,
2130.599,refuse,2,4,
2143.634,refuse,1,8,
2143.73,refuse,3,3,
2145.599,refuse,2,4,
2158.634,refuse,1,8,
2158.73,refuse,3,3,
2160.599,refuse,2,4,
2173.634,refuse,1,8,
2173.73,refuse,3,3,
2175.599,refuse,2,4,
2188.634,refuse,1,8,
2188.73,refuse,3,3,
2190.599,refuse,2,4,
2203.634,refuse,1,8,
2203.73,refuse,3,3,
2205.599,refuse,2,4,
2218.634,refuse,1,8,
2218.73,refuse,3,3,
2220.599,refuse,2,4,
2233.634,refuse,1,8,
2233.73,refuse,3,3,
2235.599,refuse,2,4,
2248.634,refuse,1,8,
2248.73,refuse,3,3,
2250.599,refuse,2,4,
2263.634,refuse,1,8,
2263.73,refuse,3,3,
2265.599,refuse,2,4,
2278.634,refuse,1,8,
2278.73,refuse,3,3,
2280.599,refuse,2,4,
2293.634,refuse,1,8,
2293.73,refuse,3,3,
2295.599,refuse,2,4,
2308.634,refuse,1,8,
2308.73,refuse,3,3,
2310.599,refuse,2,4,
2323.634,refuse,1,8,
2323.73,refuse,3,3,
2325.599,refuse,2,4,
2338.634,refuse,1,8,
2338.73,refuse,3,3,
2340.599,refuse,2,4,
2353.634,refuse,1,8,
2353.73,refuse,3,3,
2355.599,refuse,2,4,
2368.634,refuse,1,8,
2368.73,refuse,3,3,
2370.599,refuse,2,4,
2383.634,refuse,1,8,
2383.73,refuse,3,3,
2385.599,refuse,2,4,
2398.634,refuse,1,8,
2398.73,refuse,3,3,
2400.599,refuse,2,4,
2413.634,refuse,1,8,
2413.73,refuse,3,3,
2415.599,refuse,2,4,
2428.634,refuse,1,8,
2428.73,refuse,3,3,
2430.599,refuse,2,4,
2443.634,refuse,1,8,
2443.73,refuse,3,3,
2445.599,refuse,2,4,
2458.634,refuse,1,8,
2458.73,refuse,3,3,
2460.599,refuse,2,4,
2473.634,refuse,1,8,
2473.73,refuse,3,3,
2475.599,refuse,2,4,
2488.634,refuse,1,8,
2488.73,refuse,3,3,
2490.599,refuse,2,4,
2503.634,refuse,1,8,
2503.73,refuse,3,3,
2505.599,refuse,2,4,
2518.634,refuse,1,8,
2518.73,refuse,3,3,
2520.599,refuse,2,4,
2533.634,refuse,1,8,
2533.73,refuse,3,3,
2535.599,refuse,2,4,
2548.634,refuse,1,8,
2548.73,refuse,3,3,
2550.599,refuse,2,4,
2563.634,refuse,1,8,
2563.73,refuse,3,3,
2565.599,refuse,2,4,
2578.634,refuse,1,8,
2578.73,refuse,3,3,
2580.599,refuse,2,4,
2593.634,refuse,1,8,
2593.73,refuse,3,3,
2595.599,refuse,2,4,
2607.212,conflict-at-land,0,5,
2608.634,start,1,8,
2608.73,start,3,3,
2610.599,refuse,2,4,
2622.212,refuse,0,5,
2625.599,refuse,2,4,
2637.212,refuse,0,5,
2640.599,refuse,2,4,
2652.212,refuse,0,5,
2655.599,refuse,2,4,
2667.212,refuse,0,5,
2670.599,refuse,2,4,
2682.212,refuse,0,5,
2685.599,refuse,2,4,
2697.212,refuse,0,5,
2700.599,refuse,2,4,
2712.212,refuse,0,5,
2715.599,refuse,2,4,
2727.212,refuse,0,5,
2730.599,refuse,2,4,
2742.212,refuse,0,5,
2745.599,refuse,2,4,
2757.212,refuse,0,5,
2760.599,refuse,2,4,
2772.212,refuse,0,5,
2775.599,refuse,2,4,
2787.212,refuse,0,5,
2790.599,refuse,2,4,
2802.212,refuse,0,5,
2805.599,refuse,2,4,
2817.212,refuse,0,5,
2820.599,refuse,2,4,
2832.212,refuse,0,5,
2835.599,refuse,2,4,
2847.212,refuse,0,5,
2850.599,refuse,2,4,
2862.212,refuse,0,5,
2865.599,refuse,2,4,
2877.212,refuse,0,5,
2880.599,refuse,2,4,
2892.212,refuse,0,5,
2895.599,refuse,2,4,
2907.212,refuse,0,5,
2910.599,refuse,2,4,
2922.212,refuse,0,5,
2925.599,refuse,2,4,
2937.212,refuse,0,5,
2940.599,refuse,2,4,
2952.212,refuse,0,5,
2955.599,refuse,2,4,
2967.212,refuse,0,5,
2970.599,refuse,2,4,
2982.212,refuse,0,5,
2985.599,refuse,2,4,
2997.212,refuse,0,5,
3000.599,refuse,2,4,
3012.212,refuse,0,5,
3015.599,refuse,2,4,
3027.212,refuse,0,5,
3030.599,refuse,2,4,
3042.212,refuse,0,5,
3045.599,refuse,2,4,
3057.212,refuse,0,5,
3060.599,refuse,2,4,
3072.212,refuse,0,5,
3075.599,refuse,2,4,
3087.212,refuse,0,5,
3090.599,refuse,2,4,
3102.212,refuse,0,5,
3105.599,refuse,2,4,
3117.212,refuse,0,5,
3120.599,refuse,2,4,
3132.212,refuse,0,5,
3135.599,refuse,2,4,
3147.212,refuse,0,5,
3150.599,refuse,2,4,
3162.212,refuse,0,5,
3165.599,refuse,2,4,
3177.212,refuse,0,5,
3180.599,refuse,2,4,
3180.599,abandon,2,4,
3180.599,refuse,2,9,
3192.212,refuse,0,5,
3195.599,refuse,2,9,
3207.212,refuse,0,5,
3210.599,refuse,2,9,
3222.212,refuse,0,5,
3225.599,refuse,2,9,
3237.212,refuse,0,5,
3240.599,refuse,2,9,
3252.212,refuse,0,5,
3255.599,refuse,2,9,
3267.212,refuse,0,5,
3270.599,refuse,2,9,
3282.212,refuse,0,5,
3285.599,refuse,2,9,
3297.212,refuse,0,5,
3300.599,refuse,2,9,
3312.212,refuse,0,5,
3315.599,refuse,2,9,
3327.212,refuse,0,5,
3330.599,refuse,2,9,
3342.212,refuse,0,5,
3345.599,refuse,2,9,
3357.212,refuse,0,5,
3360.599,refuse,2,9,
3372.212,refuse,0,5,
3375.599,refuse,2,9,
3387.212,refuse,0,5,
3390.599,refuse,2,9,
3402.212,refuse,0,5,
3405.599,refuse,2,9,
3417.212,refuse,0,5,
3420.599,refuse,2,9,
3432.212,refuse,0,5,
3435.599,refuse,2,9,
3447.212,refuse,0,5,
3450.599,refuse,2,9,
3462.212,refuse,0,5,
3465.599,refuse,2,9,
3477.212,refuse,0,5,
3480.599,refuse,2,9,
3492.212,refuse,0,5,
3495.599,refuse,2,9,
3507.212,refuse,0,5,
3510.599,refuse,2,9,
3522.212,refuse,0,5,
3525.599,refuse,2,9,
3537.212,refuse,0,5,
3540.599,refuse,2,9,
3552.212,refuse,0,5,
3555.599,refuse,2,9,
3567.212,refuse,0,5,
3570.599,refuse,2,9,
3582.212,refuse,0,5,
3585.599,refuse,2,9,
3597.212,refuse,0,5,
3600.599,refuse,2,9,
3612.212,refuse,0,5,
3615.599,refuse,2,9,
3627.212,refuse,0,5,
3630.599,refuse,2,9,
3642.212,refuse,0,5,
3645.599,refuse,2,9,
3657.212,refuse,0,5,
3660.599,refuse,2,9,
3672.212,refuse,0,5,
3675.599,refuse,2,9,
3687.212,refuse,0,5,
3690.599,refuse,2,9,
3702.212,refuse,0,5,
3705.599,refuse,2,9,
3717.212,refuse,0,5,
3720.599,refuse,2,9,
3732.212,refuse,0,5,
3735.599,refuse,2,9,
3747.212,refuse,0,5,
3750.599,refuse,2,9,
3762.212,refuse,0,5,
3765.599,refuse,2,9,
3777.212,refuse,0,5,
3780.599,refuse,2,9,
3792.212,refuse,0,5,
3795.599,refuse,2,9,
3807.212,refuse,0,5,
3807.212,abandon,0,5,
3807.212,refuse,0,10,
3810.599,refuse,2,9,
3822.212,refuse,0,10,
3825.599,refuse,2,9,
3837.212,refuse,0,10,
3840.599,refuse,2,9,
3852.212,refuse,0,10,
3855.599,refuse,2,9,
3867.212,refuse,0,10,
3870.599,refuse,2,9,
3882.212,refuse,0,10,
3885.599,refuse,2,9,
3897.212,refuse,0,10,
3900.599,refuse,2,9,
3912.212,refuse,0,10,
3915.599,refuse,2,9,
3927.212,refuse,0,10,
3930.599,refuse,2,9,
3942.212,refuse,0,10,
3945.599,refuse,2,9,
3957.212,refuse,0,10,
3960.599,refuse,2,9,
3972.212,refuse,0,10,
3975.599,refuse,2,9,
3987.212,refuse,0,10,
3990.599,refuse,2,9,
4002.212,refuse,0,10,
4005.599,refuse,2,9,
4017.212,refuse,0,10,
4020.599,refuse,2,9,
4032.212,refuse,0,10,
4035.599,refuse,2,9,
4047.212,refuse,0,10,
4050.599,refuse,2,9,
4062.212,refuse,0,10,
4065.599,refuse,2,9,
4077.212,refuse,0,10,
4080.599,refuse,2,9,
4092.212,refuse,0,10,
4095.599,refuse,2,9,
4107.212,refuse,0,10,
4110.599,refuse,2,9,
4122.212,refuse,0,10,
4125.599,refuse,2,9,
4137.212,refuse,0,10,
4140.599,refuse,2,9,
4152.212,refuse,0,10,
4155.599,refuse,2,9,
4167.212,refuse,0,10,
4170.599,refuse,2,9,
4182.212,refuse,0,10,
4185.599,refuse,2,9,
4197.212,refuse,0,10,
4200.599,refuse,2,9,
4212.212,refuse,0,10,
4215.599,refuse,2,9,
4227.212,refuse,0,10,
4230.599,refuse,2,9,
4242.212,refuse,0,10,
4245.599,refuse,2,9,
4257.212,refuse,0,10,
4260.599,refuse,2,9,
4272.212,refuse,0,10,
4275.599,refuse,2,9,
4287.212,refuse,0,10,
4290.599,refuse,2,9,
4302.212,refuse,0,10,
4305.599,refuse,2,9,
4317.212,refuse,0,10,
4320.599,refuse,2,9,
4332.212,refuse,0,10,
4335.599,refuse,2,9,
4347.212,refuse,0,10,
4350.599,refuse,2,9,
4362.212,refuse,0,10,
4365.599,refuse,2,9,
4377.212,refuse,0,10,
4380.599,refuse,2,9,
4392.212,refuse,0,10,
4395.599,refuse,2,9,
4407.212,refuse,0,10,
4410.599,refuse,2,9,
4422.212,refuse,0,10,
4425.599,refuse,2,9,
4437.212,refuse,0,10,
4440.599,refuse,2,9,
4452.212,refuse,0,10,
4455.599,refuse,2,9,
4467.212,refuse,0,10,
4470.599,refuse,2,9,
4482.212,refuse,0,10,
4485.599,refuse,2,9,
4497.212,refuse,0,10,
4500.599,refuse,2,9,
4512.212,refuse,0,10,
4515.599,refuse,2,9,
4527.212,refuse,0,10,
4530.599,refuse,2,9,
4542.212,refuse,0,10,
4545.599,refuse,2,9,
4557.212,refuse,0,10,
4560.599,refuse,2,9,
4572.212,refuse,0,10,
4575.599,refuse,2,9,
4587.212,refuse,0,10,
4590.599,refuse,2,9,
4602.212,refuse,0,10,
4605.599,refuse,2,9,
4617.212,refuse,0,10,
4620.599,refuse,2,9,
4632.212,refuse,0,10,
4635.599,refuse,2,9,
4647.212,refuse,0,10,
4650.599,refuse,2,9,
4662.212,refuse,0,10,
4665.599,refuse,2,9,
4677.212,refuse,0,10,
4680.599,refuse,2,9,
4692.212,refuse,0,10,
4695.599,refuse,2,9,
4707.212,refuse,0,10,
4710.599,refuse,2,9,
4722.212,refuse,0,10,
4725.599,refuse,2,9,
4737.212,refuse,0,10,
4740.599,refuse,2,9,
4752.212,refuse,0,10,
4755.599,refuse,2,9,
4767.212,refuse,0,10,
4770.599,refuse,2,9,
4782.212,refuse,0,10,
4785.599,refuse,2,9,
4797.212,refuse,0,10,
4800.599,refuse,2,9,
4812.212,refuse,0,10,
4815.599,refuse,2,9,
4827.212,refuse,0,10,
4830.599,refuse,2,9,
4842.212,refuse,0,10,
4845.599,refuse,2,9,
4857.212,refuse,0,10,
4860.599,refuse,2,9,
4872.212,refuse,0,10,
4875.599,refuse,2,9,
4887.212,refuse,0,10,
4890.599,refuse,2,9,
4902.212,refuse,0,10,
4905.599,refuse,2,9,
4917.212,refuse,0,10,
4920.599,refuse,2,9,
4932.212,refuse,0,10,
4935.599,refuse,2,9,
4947.212,refuse,0,10,
4950.599,refuse,2,9,
4962.212,refuse,0,10,
4965.599,refuse,2,9,
4977.212,refuse,0,10,
4977.374,conflict-at-land,3,3,
4980.599,refuse,2,9,
4992.212,refuse,0,10,
4992.374,start,3,3,
4995.599,refuse,2,9,
5007.212,refuse,0,10,
5010.599,refuse,2,9,
5022.212,refuse,0,10,
5025.599,refuse,2,9,
5037.212,refuse,0,10,
5040.599,refuse,2,9,
5052.212,refuse,0,10,
5055.599,refuse,2,9,
5067.212,refuse,0,10,
5070.599,refuse,2,9,
5082.212,refuse,0,10,
5085.599,refuse,2,9,
5097.212,refuse,0,10,
5100.599,refuse,2,9,
5112.212,refuse,0,10,
5115.599,refuse,2,9,
5127.212,refuse,0,10,
5130.599,refuse,2,9,
5142.212,refuse,0,10,
5145.599,refuse,2,9,
5157.212,refuse,0,10,
5160.599,refuse,2,9,
5172.212,refuse,0,10,
5175.599,refuse,2,9,
5187.212,refuse,0,10,
5190.599,refuse,2,9,
5202.212,refuse,0,10,
5205.599,refuse,2,9,
5217.212,refuse,0,10,
5220.599,refuse,2,9,
5232.212,refuse,0,10,
5235.599,refuse,2,9,
5247.212,refuse,0,10,
5250.599,refuse,2,9,
5262.212,refuse,0,10,
5265.599,refuse,2,9,
5277.212,refuse,0,10,
5280.599,refuse,2,9,
5292.212,refuse,0,10,
5295.599,refuse,2,9,
5307.212,refuse,0,10,
5310.599,refuse,2,9,
5322.212,refuse,0,10,
5325.599,refuse,2,9,
5337.212,refuse,0,10,
5340.599,refuse,2,9,
5352.212,refuse,0,10,
5355.599,refuse,2,9,
5367.212,refuse,0,10,
5370.599,refuse,2,9,
5382.212,refuse,0,10,
5385.599,refuse,2,9,
5397.212,refuse,0,10,
5400.599,refuse,2,9,
5412.212,refuse,0,10,
5415.599,refuse,2,9,
5427.212,refuse,0,10,
5430.599,refuse,2,9,
5442.212,refuse,0,10,
5445.599,refuse,2,9,
5457.212,refuse,0,10,
5460.599,refuse,2,9,
5472.212,refuse,0,10,
5475.599,refuse,2,9,
5487.212,refuse,0,10,
5490.599,refuse,2,9,
5502.212,refuse,0,10,
5505.599,refuse,2,9,
5517.212,refuse,0,10,
5520.599,refuse,2,9,
5532.212,refuse,0,10,
5535.599,refuse,2,9,
5547.212,refuse,0,10,
5550.599,refuse,2,9,
5562.212,refuse,0,10,
5565.599,refuse,2,9,
5577.212,refuse,0,10,
5580.599,refuse,2,9,
5592.212,refuse,0,10,
5595.599,refuse,2,9,
5607.212,refuse,0,10,
5610.599,refuse,2,9,
5622.212,refuse,0,10,
5625.599,refuse,2,9,
5637.212,refuse,0,10,
5640.599,refuse,2,9,
5652.212,refuse,0,10,
5655.599,refuse,2,9,
5667.212,refuse,0,10,
5670.599,refuse,2,9,
5682.212,refuse,0,10,
5685.599,refuse,2,9,
5697.212,refuse,0,10,
5700.599,refuse,2,9,
5712.212,refuse,0,10,
5715.599,refuse,2,9,
5727.212,refuse,0,10,
5730.599,refuse,2,9,
5742.212,refuse,0,10,
5745.599,refuse,2,9,
5757.212,refuse,0,10,
5760.599,refuse,2,9,
5772.212,refuse,0,10,
5775.599,refuse,2,9,
5787.212,refuse,0,10,
5790.599,refuse,2,9,
5802.212,refuse,0,10,
5805.599,refuse,2,9,
5817.212,refuse,0,10,
5820.599,refuse,2,9,
5832.212,refuse,0,10,
5835.599,refuse,2,9,
5847.212,refuse,0,10,
5850.599,refuse,2,9,
5862.212,refuse,0,10,
5865.599,refuse,2,9,
5877.212,refuse,0,10,
5880.599,refuse,2,9,
5892.212,refuse,0,10,
5895.599,refuse,2,9,
5907.212,refuse,0,10,
5910.599,refuse,2,9,
5922.212,refuse,0,10,
5925.599,refuse,2,9,
5937.212,refuse,0,10,
5940.599,refuse,2,9,
5952.212,refuse,0,10,
5955.599,refuse,2,9,
5967.212,refuse,0,10,
5970.599,refuse,2,9,
5982.212,refuse,0,10,
5985.599,refuse,2,9,
5997.212,refuse,0,10,
6000.599,refuse,2,9,
6012.212,refuse,0,10,
6015.599,refuse,2,9,
6027.212,refuse,0,10,
6030.599,refuse,2,9,
6042.212,refuse,0,10,
6045.599,refuse,2,9,
6057.212,refuse,0,10,
6060.599,refuse,2,9,
6072.212,refuse,0,10,
6075.599,refuse,2,9,
6087.212,refuse,0,10,
6090.599,refuse,2,9,
6102.212,refuse,0,10,
6105.599,refuse,2,9,
6117.212,refuse,0,10,
6120.599,refuse,2,9,
6132.212,refuse,0,10,
6135.599,refuse,2,9,
6147.212,refuse,0,10,
6150.599,refuse,2,9,
6162.212,refuse,0,10,
6165.599,refuse,2,9,
6177.212,refuse,0,10,
6180.599,refuse,2,9,
6180.599,abandon,2,9,
6180.599,refuse,2,11,
6192.212,refuse,0,10,
6195.599,refuse,2,11,
6207.212,refuse,0,10,
6210.599,refuse,2,11,
6222.212,refuse,0,10,
6225.599,refuse,2,11,
6237.212,refuse,0,10,
6240.599,refuse,2,11,
6252.212,refuse,0,10,
6255.599,refuse,2,11,
6267.212,refuse,0,10,
6270.599,refuse,2,11,
6282.212,refuse,0,10,
6285.599,refuse,2,11,
6297.212,refuse,0,10,
6300.599,refuse,2,11,
6312.212,refuse,0,10,
6315.599,refuse,2,11,
6327.212,refuse,0,10,
6330.599,refuse,2,11,
6342.212,refuse,0,10,
6345.599,refuse,2,11,
6357.212,refuse,0,10,
6360.599,refuse,2,11,
6372.212,refuse,0,10,
6375.599,refuse,2,11,
6387.212,refuse,0,10,
6390.599,refuse,2,11,
6402.212,refuse,0,10,
6405.599,refuse,2,11,
6417.212,refuse,0,10,
6420.599,refuse,2,11,
6432.212,refuse,0,10,
6435.599,refuse,2,11,
6447.212,refuse,0,10,
6450.599,refuse,2,11,
6462.212,refuse,0,10,
6465.599,refuse,2,11,
6477.212,refuse,0,10,
6480.599,refuse,2,11,
6492.212,refuse,0,10,
6495.599,refuse,2,11,
6507.212,refuse,0,10,
6510.599,refuse,2,11,
6522.212,refuse,0,10,
6525.599,refuse,2,11,
6537.212,refuse,0,10,
6540.599,refuse,2,11,
6552.212,refuse,0,10,
6555.599,refuse,2,11,
6567.212,refuse,0,10,
6570.599,refuse,2,11,
6582.212,refuse,0,10,
6585.599,refuse,2,11,
6597.212,refuse,0,10,
6600.599,refuse,2,11,
6612.212,refuse,0,10,
6615.599,refuse,2,11,
6627.212,refuse,0,10,
6630.599,refuse,2,11,
6642.212,refuse,0,10,
6645.599,refuse,2,11,
6657.212,refuse,0,10,
6660.599,refuse,2,11,
6672.212,refuse,0,10,
6675.599,refuse,2,11,
6687.212,refuse,0,10,
6690.599,refuse,2,11,
6702.212,refuse,0,10,
6705.599,refuse,2,11,
6717.212,refuse,0,10,
6720.599,refuse,2,11,
6732.212,refuse,0,10,
6735.599,refuse,2,11,
6747.212,refuse,0,10,
6750.599,refuse,2,11,
6762.212,refuse,0,10,
6765.599,refuse,2,11,
6777.212,refuse,0,10,
6780.599,refuse,2,11,
6792.212,refuse,0,10,
6795.599,refuse,2,11,
6807.212,refuse,0,10,
6807.212,abandon,0,10,
6807.212,refuse,0,12,
6810.599,refuse,2,11,
6822.212,refuse,0,12,
6825.599,refuse,2,11,
6837.212,refuse,0,12,
6840.599,refuse,2,11,
6852.212,refuse,0,12,
6855.599,refuse,2,11,
6867.212,refuse,0,12,
6870.599,refuse,2,11,
6882.212,refuse,0,12,
6885.599,refuse,2,11,
6897.212,refuse,0,12,
6900.599,refuse,2,11,
6912.212,refuse,0,12,
6915.599,refuse,2,11,
6927.212,refuse,0,12,
6930.599,refuse,2,11,
6942.212,refuse,0,12,
6945.599,refuse,2,11,
6957.212,refuse,0,12,
6960.599,refuse,2,11,
6972.212,refuse,0,12,
6975.599,refuse,2,11,
6987.212,refuse,0,12,
6990.599,refuse,2,11,
7002.212,refuse,0,12,
7005.599,refuse,2,11,
7017.212,refuse,0,12,
7020.599,refuse,2,11,
7032.212,refuse,0,12,
7035.599,refuse,2,11,
7047.212,refuse,0,12,
7050.599,refuse,2,11,
7062.212,refuse,0,12,
7065.599,refuse,2,11,
7077.212,refuse,0,12,
7080.599,refuse,2,11,
7092.212,refuse,0,12,
7095.599,refuse,2,11,
7107.212,refuse,0,12,
7110.599,refuse,2,11,
7122.212,refuse,0,12,
7125.599,refuse,2,11,
7137.212,refuse,0,12,
7140.599,refuse,2,11,
7152.212,refuse,0,12,
7155.599,refuse,2,11,
7167.212,refuse,0,12,
7170.599,refuse,2,11,
7182.212,refuse,0,12,
7185.599,refuse,2,11,
7197.212,refuse,0,12,
7200.599,refuse,2,11,
7212.212,refuse,0,12,
7215.599,refuse,2,11,
7227.212,refuse,0,12,
7230.599,refuse,2,11,
7242.212,refuse,0,12,
7245.599,refuse,2,11,
7257.212,refuse,0,12,
7260.599,refuse,2,11,
7272.212,refuse,0,12,
7275.599,refuse,2,11,
7287.212,refuse,0,12,
7290.599,refuse,2,11,
7302.212,refuse,0,12,
7305.599,refuse,2,11,
7317.212,refuse,0,12,
7320.599,refuse,2,11,
7326.83,conflict-at-land,3,3,
7332.212,refuse,0,12,
7335.599,refuse,2,11,
7341.83,start,3,3,
7347.212,refuse,0,12,
7350.599,refuse,2,11,
7362.212,refuse,0,12,
7365.599,refuse,2,11,
7377.212,refuse,0,12,
7380.599,refuse,2,11,
7392.212,refuse,0,12,
7395.599,refuse,2,11,
7407.212,refuse,0,12,
7410.599,refuse,2,11,
7422.212,refuse,0,12,
7425.599,refuse,2,11,
7437.212,refuse,0,12,
7440.599,refuse,2,11,
7452.212,refuse,0,12,
7455.599,refuse,2,11,
7467.212,refuse,0,12,
7470.599,refuse,2,11,
7482.212,refuse,0,12,
7485.599,refuse,2,11,
7497.212,refuse,0,12,
7500.599,refuse,2,11,
7512.212,refuse,0,12,
7515.599,refuse,2,11,
7527.212,refuse,0,12,
7530.599,refuse,2,11,
7542.212,refuse,0,12,
7545.599,refuse,2,11,
7557.212,refuse,0,12,
7560.599,refuse,2,11,
7572.212,refuse,0,12,
7575.599,refuse,2,11,
7587.212,refuse,0,12,
7590.599,refuse,2,11,
7602.212,refuse,0,12,
7605.599,refuse,2,11,
7617.212,refuse,0,12,
7620.599,refuse,2,11,
7632.212,refuse,0,12,
7635.599,refuse,2,11,
7647.212,refuse,0,12,
7650.599,refuse,2,11,
7662.212,refuse,0,12,
7665.599,refuse,2,11,
7677.212,refuse,0,12,
7680.599,refuse,2,11,
7692.212,refuse,0,12,
7695.599,refuse,2,11,
7707.212,refuse,0,12,
7710.599,refuse,2,11,
7722.212,refuse,0,12,
7725.599,refuse,2,11,
7737.212,refuse,0,12,
7740.599,refuse,2,11,
7752.212,refuse,0,12,
7755.599,refuse,2,11,
7767.212,refuse,0,12,
7770.599,refuse,2,11,
7782.212,refuse,0,12,
7785.599,refuse,2,11,
7797.212,refuse,0,12,
7800.599,refuse,2,11,
7812.212,refuse,0,12,
7815.599,refuse,2,11,
7827.212,refuse,0,12,
7830.599,refuse,2,11,
7842.212,refuse,0,12,
7845.599,refuse,2,11,
7857.212,refuse,0,12,
7860.599,refuse,2,11,
7872.212,refuse,0,12,
7875.599,refuse,2,11,
7887.212,refuse,0,12,
7890.599,refuse,2,11,
7902.212,refuse,0,12,
7905.599,refuse,2,11,
7917.212,refuse,0,12,
7920.599,refuse,2,11,
7932.212,refuse,0,12,
7935.599,refuse,2,11,
7947.212,refuse,0,12,
7950.599,refuse,2,11,
7962.212,refuse,0,12,
7965.599,refuse,2,11,
7977.212,refuse,0,12,
7980.599,refuse,2,11,
7992.212,refuse,0,12,
7995.599,refuse,2,11,
8007.212,refuse,0,12,
8010.599,refuse,2,11,
8022.212,refuse,0,12,
8025.599,refuse,2,11,
8037.212,refuse,0,12,
8040.599,refuse,2,11,
8052.212,refuse,0,12,
8055.599,refuse,2,11,
8067.212,refuse,0,12,
8070.599,refuse,2,11,
8082.212,refuse,0,12,
8085.599,refuse,2,11,
8097.212,refuse,0,12,
8100.599,refuse,2,11,
8112.212,refuse,0,12,
8115.599,refuse,2,11,
8127.212,refuse,0,12,
8130.599,refuse,2,11,
8142.212,refuse,0,12,
8145.599,refuse,2,11,
8157.212,refuse,0,12,
8160.599,refuse,2,11,
8172.212,refuse,0,12,
8175.599,refuse,2,11,
8187.212,refuse,0,12,
8190.599,refuse,2,11,
8202.212,refuse,0,12,
8205.599,refuse,2,11,
8217.212,refuse,0,12,
8220.599,refuse,2,11,
8232.212,refuse,0,12,
8235.599,refuse,2,11,
8247.212,refuse,0,12,
8250.599,refuse,2,11,
8262.212,refuse,0,12,
8265.599,refuse,2,11,
8277.212,refuse,0,12,
8280.599,refuse,2,11,
8292.212,refuse,0,12,
8295.599,refuse,2,11,
8307.212,refuse,0,12,
8310.599,refuse,2,11,
8322.212,refuse,0,12,
8325.599,refuse,2,11,
8337.212,refuse,0,12,
8340.599,refuse,2,11,
8352.212,refuse,0,12,
8355.599,refuse,2,11,
8367.212,refuse,0,12,
8370.599,refuse,2,11,
8382.212,refuse,0,12,
8385.599,refuse,2,11,
8397.212,refuse,0,12,
8400.599,refuse,2,11,
8412.212,refuse,0,12,
8415.599,refuse,2,11,
8427.212,refuse,0,12,
8430.599,refuse,2,11,
8442.212,refuse,0,12,
8445.599,refuse,2,11,
8457.212,refuse,0,12,
8460.599,refuse,2,11,
8472.212,refuse,0,12,
8475.599,refuse,2,11,
8487.212,refuse,0,12,
8490.599,refuse,2,11,
8502.212,refuse,0,12,
8505.599,refuse,2,11,
8517.212,refuse,0,12,
8520.599,refuse,2,11,
8532.212,refuse,0,12,
8535.599,refuse,2,11,
8547.212,refuse,0,12,
8550.599,refuse,2,11,
8562.212,refuse,0,12,
8565.599,refuse,2,11,
8577.212,refuse,0,12,
8580.599,refuse,2,11,
8592.212,refuse,0,12,
8595.599,refuse,2,11,
8607.212,refuse,0,12,
8610.599,refuse,2,11,
8622.212,refuse,0,12,
8625.599,refuse,2,11,
8637.212,refuse,0,12,
8640.599,refuse,2,11,
8652.212,refuse,0,12,
8655.599,refuse,2,11,
8667.212,refuse,0,12,
8670.599,refuse,2,11,
8682.212,refuse,0,12,
8685.599,refuse,2,11,
8697.212,refuse,0,12,
8700.599,refuse,2,11,
8712.212,refuse,0,12,
8715.599,refuse,2,11,
8727.212,refuse,0,12,
8730.599,refuse,2,11,
8742.212,refuse,0,12,
8745.599,refuse,2,11,
8757.212,refuse,0,12,
8760.599,refuse,2,11,
8772.212,refuse,0,12,
8775.599,refuse,2,11,
8787.212,refuse,0,12,
8790.599,refuse,2,11,
8802.212,refuse,0,12,
8805.599,refuse,2,11,
8817.212,refuse,0,12,
8820.599,refuse,2,11,
8832.212,refuse,0,12,
8835.599,refuse,2,11,
8847.212,refuse,0,12,
8850.599,refuse,2,11,
8862.212,refuse,0,12,
8865.599,refuse,2,11,
8877.212,refuse,0,12,
8880.599,refuse,2,11,
8892.212,refuse,0,12,
8895.599,refuse,2,11,
8907.212,refuse,0,12,
8910.599,refuse,2,11,
8922.212,refuse,0,12,
8925.599,refuse,2,11,
8937.212,refuse,0,12,
8940.599,refuse,2,11,
8952.212,refuse,0,12,
8955.599,refuse,2,11,
8967.212,refuse,0,12,
8970.599,refuse,2,11,
8982.212,refuse,0,12,
8985.599,refuse,2,11,
8997.212,refuse,0,12,
9000.599,refuse,2,11,
9012.212,refuse,0,12,
9015.599,refuse,2,11,
9027.212,refuse,0,12,
9030.599,refuse,2,11,
9042.212,refuse,0,12,
9045.599,refuse,2,11,
9057.212,refuse,0,12,
9060.599,refuse,2,11,
9072.212,refuse,0,12,
9075.599,refuse,2,11,
9087.212,refuse,0,12,
9090.599,refuse,2,11,
9102.212,refuse,0,12,
9105.599,refuse,2,11,
9111.567,conflict-at-land,3,3,
9117.212,refuse,0,12,
9120.599,refuse,2,11,
9126.567,start,3,3,
9132.212,refuse,0,12,
9135.599,refuse,2,11,
9147.212,refuse,0,12,
9150.599,refuse,2,11,
9162.212,refuse,0,12,
9165.599,refuse,2,11,
9177.212,refuse,0,12,
9180.599,refuse,2,11,
9180.599,abandon,2,11,
9180.599,refuse,2,13,
9192.212,refuse,0,12,
9195.599,refuse,2,13,
9207.212,refuse,0,12,
9210.599,refuse,2,13,
9222.212,refuse,0,12,
9225.599,refuse,2,13,
9237.212,refuse,0,12,
9240.599,refuse,2,13,
9252.212,refuse,0,12,
9255.599,refuse,2,13,
9267.212,refuse,0,12,
9270.599,refuse,2,13,
9282.212,refuse,0,12,
9285.599,refuse,2,13,
9297.212,refuse,0,12,
9300.599,refuse,2,13,
9312.212,refuse,0,12,
9315.599,refuse,2,13,
9327.212,refuse,0,12,
9330.599,refuse,2,13,
9342.212,refuse,0,12,
9345.599,refuse,2,13,
9357.212,refuse,0,12,
9360.599,refuse,2,13,
9372.212,refuse,0,12,
9375.599,refuse,2,13,
9387.212,refuse,0,12,
9390.599,refuse,2,13,
9402.212,refuse,0,12,
9405.599,refuse,2,13,
9417.212,refuse,0,12,
9420.599,refuse,2,13,
9432.212,refuse,0,12,
9435.599,refuse,2,13,
9447.212,refuse,0,12,
9450.599,refuse,2,13,
9462.212,refuse,0,12,
9465.599,refuse,2,13,
9477.212,refuse,0,12,
9480.599,refuse,2,13,
9492.212,refuse,0,12,
9495.599,refuse,2,13,
9507.212,refuse,0,12,
9510.599,refuse,2,13,
9522.212,refuse,0,12,
9525.599,refuse,2,13,
9537.212,refuse,0,12,
9540.599,refuse,2,13,
9552.212,refuse,0,12,
9555.599,refuse,2,13,
9567.212,refuse,0,12,
9570.599,refuse,2,13,
9582.212,refuse,0,12,
9585.599,refuse,2,13,
9597.212,refuse,0,12,
9600.599,refuse,2,13,
9612.212,refuse,0,12,
9615.599,refuse,2,13,
9627.212,refuse,0,12,
9630.599,refuse,2,13,
9642.212,refuse,0,12,
9645.599,refuse,2,13,
9657.212,refuse,0,12,
9660.599,refuse,2,13,
9672.212,refuse,0,12,
9675.599,refuse,2,13,
9687.212,refuse,0,12,
9690.599,refuse,2,13,
9702.212,refuse,0,12,
9705.599,refuse,2,13,
9717.212,refuse,0,12,
9720.599,refuse,2,13,
9732.212,refuse,0,12,
9735.599,refuse,2,13,
9747.212,refuse,0,12,
9750.599,refuse,2,13,
9762.212,refuse,0,12,
9765.599,refuse,2,13,
9777.212,refuse,0,12,
9780.599,refuse,2,13,
9792.212,refuse,0,12,
9795.599,refuse,2,13,
9807.212,refuse,0,12,
9807.212,abandon,0,12,
9807.212,refuse,0,14,
9810.599,refuse,2,13,
9822.212,refuse,0,14,
9825.599,refuse,2,13,
9837.212,refuse,0,14,
9840.599,refuse,2,13,
9852.212,refuse,0,14,
9855.599,refuse,2,13,
9867.212,refuse,0,14,
9870.599,refuse,2,13,
9882.212,refuse,0,14,
9885.599,refuse,2,13,
9897.212,refuse,0,14,
9900.599,refuse,2,13,
9912.212,refuse,0,14,
9915.599,refuse,2,13,
9927.212,refuse,0,14,
9930.599,refuse,2,13,
9942.212,refuse,0,14,
9945.599,refuse,2,13,
9957.212,refuse,0,14,
9960.599,refuse,2,13,
9972.212,refuse,0,14,
9975.599,refuse,2,13,
9987.212,refuse,0,14,
9990.599,refuse,2,13,
10002.212,refuse,0,14,
10005.599,refuse,2,13,
10017.212,refuse,0,14,
10020.599,refuse,2,13,
10032.212,refuse,0,14,
10035.599,refuse,2,13,
10047.212,refuse,0,14,
10050.599,refuse,2,13,
10062.212,refuse,0,14,
10065.599,refuse,2,13,
10077.212,refuse,0,14,
10080.599,refuse,2,13,
10092.212,refuse,0,14,
10095.599,refuse,2,13,
10107.212,refuse,0,14,
10110.599,refuse,2,13,
10122.212,refuse,0,14,
10125.599,refuse,2,13,
10137.212,refuse,0,14,
10140.599,refuse,2,13,
10152.212,refuse,0,14,
10155.599,refuse,2,13,
10167.212,refuse,0,14,
10170.599,refuse,2,13,
10182.212,refuse,0,14,
10185.599,refuse,2,13,
10197.212,refuse,0,14,
10200.599,refuse,2,13,
10212.212,refuse,0,14,
10215.599,refuse,2,13,
10227.212,refuse,0,14,
10230.599,refuse,2,13,
10242.212,refuse,0,14,
10245.599,refuse,2,13,
10257.212,refuse,0,14,
10260.599,refuse,2,13,
10272.212,refuse,0,14,
10275.599,refuse,2,13,
10287.212,refuse,0,14,
10290.599,refuse,2,13,
10302.212,refuse,0,14,
10305.599,refuse,2,13,
10317.212,refuse,0,14,
10320.599,refuse,2,13,
10332.212,refuse,0,14,
10335.599,refuse,2,13,
10347.212,refuse,0,14,
10350.599,refuse,2,13,
10362.212,refuse,0,14,
10365.599,refuse,2,13,
10377.212,refuse,0,14,
10380.599,refuse,2,13,
10392.212,refuse,0,14,
10395.599,refuse,2,13,
10407.212,refuse,0,14,
10410.599,refuse,2,13,
10422.212,refuse,0,14,
10425.599,refuse,2,13,
10437.212,refuse,0,14,
10440.599,refuse,2,13,
10452.212,refuse,0,14,
10455.599,refuse,2,13,
10467.212,refuse,0,14,
10470.599,refuse,2,13,
10482.212,refuse,0,14,
10485.599,refuse,2,13,
10497.212,refuse,0,14,
10500.599,refuse,2,13,
10512.212,refuse,0,14,
10515.599,refuse,2,13,
10527.212,refuse,0,14,
10530.599,refuse,2,13,
10542.212,refuse,0,14,
10545.599,refuse,2,13,
10557.212,refuse,0,14,
10560.599,refuse,2,13,
10572.212,refuse,0,14,
10575.599,refuse,2,13,
10587.212,refuse,0,14,
10590.599,refuse,2,13,
10602.212,refuse,0,14,
10605.599,refuse,2,13,
10617.212,refuse,0,14,
10620.599,refuse,2,13,
10632.212,refuse,0,14,
10635.599,refuse,2,13,
10647.212,refuse,0,14,
10650.599,refuse,2,13,
10662.212,refuse,0,14,
10665.599,refuse,2,13,
10677.212,refuse,0,14,
10680.599,refuse,2,13,
10692.212,refuse,0,14,
10695.599,refuse,2,13,
10707.212,refuse,0,14,
10710.599,refuse,2,13,
10722.212,refuse,0,14,
10725.599,refuse,2,13,
10737.212,refuse,0,14,
10740.599,refuse,2,13,
10752.212,refuse,0,14,
10755.599,refuse,2,13,
10767.212,refuse,0,14,
10770.599,refuse,2,13,
10782.212,refuse,0,14,
10785.599,refuse,2,13,
10797.212,refuse,0,14,
10800.599,refuse,2,13,
10812.212,refuse,0,14,
10815.599,refuse,2,13,
10827.212,refuse,0,14,
10830.599,refuse,2,13,
10842.212,refuse,0,14,
10845.599,refuse,2,13,
10857.212,refuse,0,14,
10860.599,refuse,2,13,
10872.212,refuse,0,14,
10875.599,refuse,2,13,
10887.212,refuse,0,14,
10890.599,refuse,2,13,
10902.212,refuse,0,14,
10905.599,refuse,2,13,
10917.212,refuse,0,14,
10920.599,refuse,2,13,
10932.212,refuse,0,14,
10935.599,refuse,2,13,
10947.212,refuse,0,14,
10950.599,refuse,2,13,
10962.212,refuse,0,14,
10965.599,refuse,2,13,
10977.212,refuse,0,14,
10980.599,refuse,2,13,
10992.212,refuse,0,14,
10995.599,refuse,2,13,
11007.212,refuse,0,14,
11010.599,refuse,2,13,
11022.212,refuse,0,14,
11025.599,refuse,2,13,
11037.212,refuse,0,14,
11040.599,refuse,2,13,
11052.212,refuse,0,14,
11055.599,refuse,2,13,
11067.212,refuse,0,14,
11070.599,refuse,2,13,
11082.212,refuse,0,14,
11085.599,refuse,2,13,
11097.212,refuse,0,14,
11100.599,refuse,2,13,
11112.212,refuse,0,14,
11115.599,refuse,2,13,
11127.212,refuse,0,14,
11130.599,refuse,2,13,
11142.212,refuse,0,14,
11145.599,refuse,2,13,
11157.212,refuse,0,14,
11160.599,refuse,2,13,
11172.212,refuse,0,14,
11175.599,refuse,2,13,
11187.212,refuse,0,14,
11190.599,refuse,2,13,
11202.212,refuse,0,14,
11205.599,refuse,2,13,
11217.212,refuse,0,14,
11220.599,refuse,2,13,
11232.212,refuse,0,14,
11235.599,refuse,2,13,
11247.212,refuse,0,14,
11250.599,refuse,2,13,
11259.969,conflict-at-land,3,3,
11262.212,start,0,14,
11265.599,start,2,13,
11272.402,conflict-at-land,2,13,
11274.969,refuse,3,3,
11276.254,conflict-at-land,0,14,
11287.402,start,2,13,
11289.969,refuse,3,3,
11291.254,start,0,14,
11295.183,conflict-at-land,2,13,
11304.969,refuse,3,3,
11310.183,start,2,13,
11310.298,conflict-at-land,0,14,
11316.343,conflict-at-land,2,13,
11319.969,start,3,3,
11325.298,refuse,0,14,
11331.343,refuse,2,13,
11340.298,refuse,0,14,
11346.343,refuse,2,13,
11355.298,refuse,0,14,
11361.343,refuse,2,13,
11370.298,refuse,0,14,
11376.343,refuse,2,13,
11385.298,refuse,0,14,
11391.343,refuse,2,13,
11400.298,refuse,0,14,
11406.343,refuse,2,13,
11415.298,refuse,0,14,
11421.343,refuse,2,13,
11430.298,refuse,0,14,
11436.343,refuse,2,13,
11445.298,refuse,0,14,
11451.343,refuse,2,13,
11460.298,refuse,0,14,
11466.343,refuse,2,13,
11475.298,refuse,0,14,
11481.343,refuse,2,13,
11490.298,refuse,0,14,
11496.343,refuse,2,13,
11505.298,refuse,0,14,
11511.343,refuse,2,13,
11520.298,refuse,0,14,
11526.343,refuse,2,13,
11535.298,refuse,0,14,
11541.343,refuse,2,13,
11550.298,refuse,0,14,
11556.343,refuse,2,13,
11565.298,refuse,0,14,
11571.343,refuse,2,13,
11580.298,refuse,0,14,
11586.343,refuse,2,13,
11595.298,refuse,0,14,
11601.343,refuse,2,13,
11610.298,refuse,0,14,
11616.343,refuse,2,13,
11625.298,refuse,0,14,
11631.343,refuse,2,13,
11640.298,refuse,0,14,
11646.343,refuse,2,13,
11655.298,refuse,0,14,
11661.343,refuse,2,13,
11670.298,refuse,0,14,
11676.343,refuse,2,13,
11685.298,refuse,0,14,
11691.343,refuse,2,13,
11700.298,refuse,0,14,
11706.343,refuse,2,13,
11715.298,refuse,0,14,
11721.343,refuse,2,13,
11730.298,refuse,0,14,
11736.343,refuse,2,13,
11745.298,refuse,0,14,
11751.343,refuse,2,13,
11760.298,refuse,0,14,
11766.343,refuse,2,13,
11775.298,refuse,0,14,
11781.343,refuse,2,13,
11790.298,refuse,0,14,
11796.343,refuse,2,13,
11805.298,refuse,0,14,
11811.343,refuse,2,13,
11820.298,refuse,0,14,
11826.343,refuse,2,13,
11835.298,refuse,0,14,
11841.343,refuse,2,13,
11850.298,refuse,0,14,
11856.343,refuse,2,13,
11865.298,refuse,0,14,
11871.343,refuse,2,13,
11880.298,refuse,0,14,
11886.343,refuse,2,13,
11895.298,refuse,0,14,
11901.343,refuse,2,13,
11910.298,refuse,0,14,
11916.343,refuse,2,13,
11925.298,refuse,0,14,
11931.343,refuse,2,13,
11940.298,refuse,0,14,
11946.343,refuse,2,13,
11955.298,refuse,0,14,
11961.343,refuse,2,13,
11970.298,refuse,0,14,
11976.343,refuse,2,13,
11985.298,refuse,0,14,
11991.343,refuse,2,13,
12000.298,refuse,0,14,
12006.343,refuse,2,13,
12015.298,refuse,0,14,
12021.343,refuse,2,13,
12030.298,refuse,0,14,
12036.343,refuse,2,13,
12045.298,refuse,0,14,
12051.343,refuse,2,13,
12060.298,refuse,0,14,
12066.343,refuse,2,13,
12075.298,refuse,0,14,
12081.343,refuse,2,13,
12090.298,refuse,0,14,
12096.343,refuse,2,13,
12105.298,refuse,0,14,
12111.343,refuse,2,13,
12120.298,refuse,0,14,
12126.343,refuse,2,13,
12135.298,refuse,0,14,
12141.343,refuse,2,13,
12150.298,refuse,0,14,
12156.343,refuse,2,13,
12165.298,refuse,0,14,
12171.343,refuse,2,13,
12180.298,refuse,0,14,
12186.343,refuse,2,13,
12195.298,refuse,0,14,
12201.343,refuse,2,13,
12201.343,abandon,2,13,
12201.343,refuse,2,15,
12210.298,refuse,0,14,
12216.343,refuse,2,15,
12225.298,refuse,0,14,
12231.343,refuse,2,15,
12240.298,refuse,0,14,
12246.343,refuse,2,15,
12255.298,refuse,0,14,
12261.343,refuse,2,15,
12270.298,refuse,0,14,
12276.343,refuse,2,15,
12285.298,refuse,0,14,
12291.343,refuse,2,15,
12300.298,refuse,0,14,
12306.343,refuse,2,15,
12315.298,refuse,0,14,
12321.343,refuse,2,15,
12330.298,refuse,0,14,
12336.343,refuse,2,15,
12345.298,refuse,0,14,
12351.343,refuse,2,15,
12360.298,refuse,0,14,
12366.343,refuse,2,15,
12375.298,refuse,0,14,
12381.343,refuse,2,15,
12390.298,refuse,0,14,
12396.343,refuse,2,15,
12405.298,refuse,0,14,
12411.343,refuse,2,15,
12420.298,refuse,0,14,
12426.343,refuse,2,15,
12435.298,refuse,0,14,
12441.343,refuse,2,15,
12450.298,refuse,0,14,
12456.343,refuse,2,15,
12465.298,refuse,0,14,
12471.343,refuse,2,15,
12480.298,refuse,0,14,
12486.343,refuse,2,15,
12495.298,refuse,0,14,
12501.343,refuse,2,15,
12510.298,refuse,0,14,
12516.343,refuse,2,15,
12525.298,refuse,0,14,
12531.343,refuse,2,15,
12540.298,refuse,0,14,
12546.343,refuse,2,15,
12555.298,refuse,0,14,
12561.343,refuse,2,15,
12570.298,refuse,0,14,
12576.343,refuse,2,15,
12585.298,refuse,0,14,
12591.343,refuse,2,15,
12600.298,refuse,0,14,
12606.343,refuse,2,15,
12615.298,refuse,0,14,
12621.343,refuse,2,15,
12630.298,refuse,0,14,
12636.343,refuse,2,15,
12645.298,refuse,0,14,
12651.343,refuse,2,15,
12660.298,refuse,0,14,
12666.343,refuse,2,15,
12675.298,refuse,0,14,
12681.343,refuse,2,15,
12690.298,refuse,0,14,
12696.343,refuse,2,15,
12705.298,refuse,0,14,
12711.343,refuse,2,15,
12720.298,refuse,0,14,
12726.343,refuse,2,15,
12735.298,refuse,0,14,
12741.343,refuse,2,15,
12750.298,refuse,0,14,
12756.343,refuse,2,15,
12765.298,refuse,0,14,
12771.343,refuse,2,15,
12780.298,refuse,0,14,
12786.343,refuse,2,15,
12795.298,refuse,0,14,
12801.343,refuse,2,15,
12810.298,refuse,0,14,
12816.343,refuse,2,15,
12825.298,refuse,0,14,
12831.343,refuse,2,15,
12840.298,refuse,0,14,
12840.298,abandon,0,14,
12840.298,refuse,0,16,
12846.343,refuse,2,15,
12855.298,refuse,0,16,
12861.343,refuse,2,15,
12870.298,refuse,0,16,
12876.343,refuse,2,15,
12885.298,refuse,0,16,
12891.343,refuse,2,15,
12900.298,refuse,0,16,
12906.343,refuse,2,15,
12915.298,refuse,0,16,
12921.343,refuse,2,15,
12930.298,refuse,0,16,
12936.343,refuse,2,15,
12945.298,refuse,0,16,
12951.343,refuse,2,15,
12960.298,refuse,0,16,
12966.343,refuse,2,15,
12975.298,refuse,0,16,
12981.343,refuse,2,15,
12990.298,refuse,0,16,
12996.343,refuse,2,15,
13005.298,refuse,0,16,
13011.343,refuse,2,15,
13020.298,refuse,0,16,
13026.343,refuse,2,15,
13035.298,refuse,0,16,
13041.343,refuse,2,15,
13050.298,refuse,0,16,
13056.343,refuse,2,15,
13065.298,refuse,0,16,
13071.343,refuse,2,15,
13080.298,refuse,0,16,
13086.343,refuse,2,15,
13095.298,refuse,0,16,
13101.343,refuse,2,15,
13110.298,refuse,0,16,
13116.343,refuse,2,15,
13125.298,refuse,0,16,
13131.343,refuse,2,15,
13140.298,refuse,0,16,
13146.343,refuse,2,15,
13155.298,refuse,0,16,
13161.343,refuse,2,15,
13170.298,refuse,0,16,
13176.343,refuse,2,15,
13185.298,refuse,0,16,
13191.343,refuse,2,15,
13200.298,refuse,0,16,
13206.343,refuse,2,15,
13215.298,refuse,0,16,
13221.343,refuse,2,15,
13230.298,refuse,0,16,
13236.343,refuse,2,15,
13245.298,refuse,0,16,
13251.343,refuse,2,15,
13260.298,refuse,0,16,
13266.343,refuse,2,15,
13275.298,refuse,0,16,
13281.343,refuse,2,15,
13290.298,refuse,0,16,
13296.343,refuse,2,15,
13305.298,refuse,0,16,
13311.343,refuse,2,15,
13320.298,refuse,0,16,
13326.343,refuse,2,15,
13335.298,refuse,0,16,
13341.343,refuse,2,15,
13350.298,refuse,0,16,
13356.343,refuse,2,15,
13365.298,refuse,0,16,
13371.343,refuse,2,15,
13380.298,refuse,0,16,
13386.343,refuse,2,15,
13395.298,refuse,0,16,
13401.343,refuse,2,15,
13410.298,refuse,0,16,
13416.343,refuse,2,15,
13425.298,refuse,0,16,
13431.343,refuse,2,15,
13440.298,refuse,0,16,
13446.343,refuse,2,15,
13455.298,refuse,0,16,
13461.343,refuse,2,15,
13470.298,refuse,0,16,
13472.316,conflict-at-land,3,3,
13476.343,start,2,15,
13485.298,refuse,0,16,
13486.674,conflict-at-land,2,15,
13487.316,start,3,3,
13500.298,refuse,0,16,
13501.674,refuse,2,15,
13515.298,refuse,0,16,
13516.674,refuse,2,15,
13530.298,refuse,0,16,
13531.674,refuse,2,15,
13545.298,refuse,0,16,
13546.674,refuse,2,15,
13560.298,refuse,0,16,
13561.674,refuse,2,15,
13575.298,refuse,0,16,
13576.674,refuse,2,15,
13590.298,refuse,0,16,
13591.674,refuse,2,15,
13605.298,refuse,0,16,
13606.674,refuse,2,15,
13620.298,refuse,0,16,
13621.674,refuse,2,15,
13635.298,refuse,0,16,
13636.674,refuse,2,15,
13650.298,refuse,0,16,
13651.674,refuse,2,15,
13665.298,refuse,0,16,
13666.674,refuse,2,15,
13680.298,refuse,0,16,
13681.674,refuse,2,15,
13695.298,refuse,0,16,
13696.674,refuse,2,15,
13710.298,refuse,0,16,
13711.674,refuse,2,15,
13725.298,refuse,0,16,
13726.674,refuse,2,15,
13740.298,refuse,0,16,
13741.674,refuse,2,15,
13755.298,refuse,0,16,
13756.674,refuse,2,15,
13770.298,refuse,0,16,
13771.674,refuse,2,15,
13785.298,refuse,0,16,
13786.674,refuse,2,15,
13800.298,refuse,0,16,
13801.674,refuse,2,15,
13815.298,refuse,0,16,
13816.674,refuse,2,15,
13830.298,refuse,0,16,
13831.674,refuse,2,15,
13845.298,refuse,0,16,
13846.674,refuse,2,15,
13860.298,refuse,0,16,
13861.674,refuse,2,15,
13875.298,refuse,0,16,
13876.674,refuse,2,15,
13890.298,refuse,0,16,
13891.674,refuse,2,15,
13905.298,refuse,0,16,
13906.674,refuse,2,15,
13920.298,refuse,0,16,
13921.674,refuse,2,15,
13935.298,refuse,0,16,
13936.674,refuse,2,15,
13950.298,refuse,0,16,
13951.674,refuse,2,15,
13965.298,refuse,0,16,
13966.674,refuse,2,15,
13980.298,refuse,0,16,
13981.674,refuse,2,15,
13995.298,refuse,0,16,
13996.674,refuse,2,15,
14010.298,refuse,0,16,
14011.674,refuse,2,15,
14025.298,refuse,0,16,
14026.674,refuse,2,15,
14040.298,refuse,0,16,
14041.674,refuse,2,15,
14055.298,refuse,0,16,
14056.674,refuse,2,15,
14070.298,refuse,0,16,
14071.674,refuse,2,15,
14085.298,refuse,0,16,
14086.674,refuse,2,15,
14100.298,refuse,0,16,
14101.674,refuse,2,15,
14115.298,refuse,0,16,
14116.674,refuse,2,15,
14130.298,refuse,0,16,
14131.674,refuse,2,15,
14145.298,refuse,0,16,
14146.674,refuse,2,15,
14160.298,refuse,0,16,
14161.674,refuse,2,15,
14175.298,refuse,0,16,
14176.674,refuse,2,15,
14190.298,refuse,0,16,
14191.674,refuse,2,15,
14205.298,refuse,0,16,
14206.674,refuse,2,15,
14220.298,refuse,0,16,
14221.674,refuse,2,15,
14235.298,refuse,0,16,
14236.674,refuse,2,15,
14250.298,refuse,0,16,
14251.674,refuse,2,15,
14265.298,refuse,0,16,
14266.674,refuse,2,15,
14280.298,refuse,0,16,
14281.674,refuse,2,15,
14295.298,refuse,0,16,
14296.674,refuse,2,15,
14310.298,refuse,0,16,
14311.674,refuse,2,15,
14325.298,refuse,0,16,
14326.674,refuse,2,15,
14340.298,refuse,0,16,
14341.674,refuse,2,15,
14355.298,refuse,0,16,
14356.674,refuse,2,15,
14370.298,refuse,0,16,
14371.674,refuse,2,15,
14385.298,refuse,0,16,
14386.674,refuse,2,15,
14400.298,refuse,0,16,
14401.674,refuse,2,15,
14415.298,refuse,0,16,
14416.674,refuse,2,15,
14430.298,refuse,0,16,
14431.674,refuse,2,15,
14445.298,refuse,0,16,
14446.674,refuse,2,15,
14460.298,refuse,0,16,
14461.674,refuse,2,15,
14475.298,refuse,0,16,
14476.674,refuse,2,15,
14490.298,refuse,0,16,
14491.674,refuse,2,15,
14505.298,refuse,0,16,
14506.674,refuse,2,15,
14520.298,refuse,0,16,
14521.674,refuse,2,15,
14535.298,refuse,0,16,
14536.674,refuse,2,15,
14550.298,refuse,0,16,
14551.674,refuse,2,15,
14565.298,refuse,0,16,
14566.674,refuse,2,15,
14580.298,refuse,0,16,
14581.674,refuse,2,15,
14595.298,refuse,0,16,
14596.674,refuse,2,15,
14610.298,refuse,0,16,
14611.674,refuse,2,15,
14625.298,refuse,0,16,
14626.674,refuse,2,15,
14640.298,refuse,0,16,
14641.674,refuse,2,15,
14655.298,refuse,0,16,
14656.674,refuse,2,15,
14670.298,refuse,0,16,
14671.674,refuse,2,15,
14685.298,refuse,0,16,
14686.674,refuse,2,15,
14700.298,refuse,0,16,
14701.674,refuse,2,15,
14715.298,refuse,0,16,
14716.674,refuse,2,15,
14730.298,refuse,0,16,
14731.674,refuse,2,15,
14745.298,refuse,0,16,
14746.674,refuse,2,15,
14760.298,refuse,0,16,
14761.674,refuse,2,15,
14775.298,refuse,0,16,
14776.674,refuse,2,15,
14790.298,refuse,0,16,
14791.674,refuse,2,15,
14805.298,refuse,0,16,
14806.674,refuse,2,15,
14820.298,refuse,0,16,
14821.674,refuse,2,15,
14835.298,refuse,0,16,
14836.674,refuse,2,15,
14850.298,refuse,0,16,
14851.674,refuse,2,15,
14865.298,refuse,0,16,
14866.674,refuse,2,15,
14880.298,refuse,0,16,
14881.674,refuse,2,15,
14895.298,refuse,0,16,
14896.674,refuse,2,15,
14910.298,refuse,0,16,
14911.674,refuse,2,15,
14925.298,refuse,0,16,
14926.674,refuse,2,15,
14940.298,refuse,0,16,
14941.674,refuse,2,15,
14955.298,refuse,0,16,
14956.674,refuse,2,15,
14970.298,refuse,0,16,
14971.674,refuse,2,15,
14985.298,refuse,0,16,
14986.674,refuse,2,15,
15000.298,refuse,0,16,
15001.674,refuse,2,15,
15015.298,refuse,0,16,
15016.674,refuse,2,15,
15030.298,refuse,0,16,
15031.674,refuse,2,15,
15045.298,refuse,0,16,
15046.674,refuse,2,15,
15060.298,refuse,0,16,
15061.674,refuse,2,15,
15075.298,refuse,0,16,
15076.674,refuse,2,15,
15090.298,refuse,0,16,
15091.674,refuse,2,15,
15093.497,conflict-at-land,3,3,
15105.298,refuse,0,16,
15106.674,start,2,15,
15108.497,refuse,3,3,
15115.271,conflict-at-land,2,15,
15120.298,refuse,0,16,
15123.497,start,3,3,
15130.271,refuse,2,15,
15135.298,refuse,0,16,
15145.271,refuse,2,15,
15150.298,refuse,0,16,
15160.271,refuse,2,15,
15165.298,refuse,0,16,
15175.271,refuse,2,15,
15180.298,refuse,0,16,
15190.271,refuse,2,15,
15195.298,refuse,0,16,
15205.271,refuse,2,15,
15210.298,refuse,0,16,
15220.271,refuse,2,15,
15220.271,abandon,2,15,
15220.271,refuse,2,17,
15225.298,refuse,0,16,
15235.271,refuse,2,17,
15240.298,refuse,0,16,
15250.271,refuse,2,17,
15255.298,refuse,0,16,
15265.271,refuse,2,17,
15270.298,refuse,0,16,
15280.271,refuse,2,17,
15285.298,refuse,0,16,
15295.271,refuse,2,17,
15300.298,refuse,0,16,
15310.271,refuse,2,17,
15315.298,refuse,0,16,
15325.271,refuse,2,17,
15330.298,refuse,0,16,
15340.271,refuse,2,17,
15345.298,refuse,0,16,
15355.271,refuse,2,17,
15360.298,refuse,0,16,
15370.271,refuse,2,17,
15375.298,refuse,0,16,
15385.271,refuse,2,17,
15390.298,refuse,0,16,
15400.271,refuse,2,17,
15405.298,refuse,0,16,
15415.271,refuse,2,17,
15420.298,refuse,0,16,
15430.271,refuse,2,17,
15435.298,refuse,0,16,
15445.271,refuse,2,17,
15450.298,refuse,0,16,
15460.271,refuse,2,17,
15465.298,refuse,0,16,
15475.271,refuse,2,17,
15480.298,refuse,0,16,
15490.271,refuse,2,17,
15495.298,refuse,0,16,
15505.271,refuse,2,17,
15510.298,refuse,0,16,
15520.271,refuse,2,17,
15525.298,refuse,0,16,
15535.271,refuse,2,17,
15540.298,refuse,0,16,
15550.271,refuse,2,17,
15555.298,refuse,0,16,
15565.271,refuse,2,17,
15570.298,refuse,0,16,
15580.271,refuse,2,17,
15585.298,refuse,0,16,
15595.271,refuse,2,17,
15600.298,refuse,0,16,
15610.271,refuse,2,17,
15615.298,refuse,0,16,
15625.271,refuse,2,17,
15630.298,refuse,0,16,
15640.271,refuse,2,17,
15645.298,refuse,0,16,
15655.271,refuse,2,17,
15660.298,refuse,0,16,
15670.271,refuse,2,17,
15675.298,refuse,0,16,
15685.271,refuse,2,17,
15690.298,refuse,0,16,
15700.271,refuse,2,17,
15705.298,refuse,0,16,
15715.271,refuse,2,17,
15720.298,refuse,0,16,
15730.271,refuse,2,17,
15735.298,refuse,0,16,
15745.271,refuse,2,17,
15750.298,refuse,0,16,
15760.271,refuse,2,17,
15765.298,refuse,0,16,
15775.271,refuse,2,17,
15780.298,refuse,0,16,
15790.271,refuse,2,17,
15795.298,refuse,0,16,
15805.271,refuse,2,17,
15810.298,refuse,0,16,
15820.271,refuse,2,17,
15825.298,refuse,0,16,
15835.271,refuse,2,17,
15840.298,refuse,0,16,
15840.298,abandon,0,16,
15840.298,start,0,18,
15850.271,refuse,2,17,
15853.664,land,0,18,
15853.664,refuse,0,19,
15865.271,refuse,2,17,
15868.664,refuse,0,19,
15880.271,refuse,2,17,
15883.664,refuse,0,19,
15895.271,refuse,2,17,
15898.664,refuse,0,19,
15910.271,refuse,2,17,
15913.664,refuse,0,19,
15925.271,refuse,2,17,
15928.664,refuse,0,19,
15940.271,refuse,2,17,
15943.664,refuse,0,19,
15955.271,refuse,2,17,
15958.664,refuse,0,19,
15970.271,refuse,2,17,
15973.664,refuse,0,19,
15985.271,refuse,2,17,
15988.664,refuse,0,19,
16000.271,refuse,2,17,
16003.664,refuse,0,19,
16015.271,refuse,2,17,
16018.664,refuse,0,19,
16030.271,refuse,2,17,
16033.664,refuse,0,19,
16045.271,refuse,2,17,
16048.664,refuse,0,19,
16060.271,refuse,2,17,
16063.664,refuse,0,19,
16075.271,refuse,2,17,
16078.664,refuse,0,19,
16090.271,refuse,2,17,
16093.664,refuse,0,19,
16105.271,refuse,2,17,
16108.664,refuse,0,19,
16120.271,refuse,2,17,
16123.664,refuse,0,19,
16135.271,refuse,2,17,
16138.664,refuse,0,19,
16150.271,refuse,2,17,
16153.664,refuse,0,19,
16165.271,refuse,2,17,
16168.664,refuse,0,19,
16180.271,refuse,2,17,
16183.664,refuse,0,19,
16195.271,refuse,2,17,
16198.664,refuse,0,19,
16210.271,refuse,2,17,
16213.664,refuse,0,19,
16225.271,refuse,2,17,
16228.664,refuse,0,19,
16240.271,refuse,2,17,
16243.664,refuse,0,19,
16255.271,refuse,2,17,
16258.664,refuse,0,19,
16270.271,refuse,2,17,
16273.664,refuse,0,19,
16285.271,refuse,2,17,
16288.664,refuse,0,19,
16300.271,refuse,2,17,
16303.664,refuse,0,19,
16315.271,refuse,2,17,
16318.664,refuse,0,19,
16330.271,refuse,2,17,
16333.664,refuse,0,19,
16345.271,refuse,2,17,
16348.664,refuse,0,19,
16360.271,refuse,2,17,
16363.664,refuse,0,19,
16375.271,refuse,2,17,
16378.664,refuse,0,19,
16390.271,refuse,2,17,
16393.664,refuse,0,19,
16405.271,refuse,2,17,
16408.664,refuse,0,19,
16420.271,refuse,2,17,
16423.664,refuse,0,19,
16435.271,refuse,2,17,
16438.664,refuse,0,19,
16450.271,refuse,2,17,
16453.664,refuse,0,19,
16465.271,refuse,2,17,
16468.664,refuse,0,19,
16480.271,refuse,2,17,
16483.664,refuse,0,19,
16495.271,refuse,2,17,
16498.664,refuse,0,19,
16510.271,refuse,2,17,
16513.664,refuse,0,19,
16525.271,refuse,2,17,
16528.664,refuse,0,19,
16540.271,refuse,2,17,
16543.664,refuse,0,19,
16555.271,refuse,2,17,
16558.664,refuse,0,19,
16570.271,refuse,2,17,
16573.664,refuse,0,19,
16585.271,refuse,2,17,
16588.664,refuse,0,19,
16600.271,refuse,2,17,
16603.664,refuse,0,19,
16615.271,refuse,2,17,
16618.664,refuse,0,19,
16630.271,refuse,2,17,
16633.664,refuse,0,19,
16645.271,refuse,2,17,
16648.664,refuse,0,19,
16660.271,refuse,2,17,
16663.664,refuse,0,19,
16675.271,refuse,2,17,
16678.664,refuse,0,19,
16690.271,refuse,2,17,
16693.664,refuse,0,19,
16705.271,refuse,2,17,
16708.664,refuse,0,19,
16720.271,refuse,2,17,
16723.664,refuse,0,19,
16735.271,refuse,2,17,
16738.664,refuse,0,19,
16750.271,refuse,2,17,
16753.664,refuse,0,19,
16765.271,refuse,2,17,
16768.664,refuse,0,19,
16780.271,refuse,2,17,
16783.664,refuse,0,19,
16795.271,refuse,2,17,
16798.664,refuse,0,19,
16810.271,refuse,2,17,
16813.664,refuse,0,19,
16825.271,refuse,2,17,
16828.664,refuse,0,19,
16840.271,refuse,2,17,
16843.664,refuse,0,19,
16855.271,refuse,2,17,
16858.664,refuse,0,19,
16870.271,refuse,2,17,
16873.664,refuse,0,19,
16885.271,refuse,2,17,
16888.664,refuse,0,19,
16900.271,refuse,2,17,
16903.664,refuse,0,19,
16915.271,refuse,2,17,
16918.664,refuse,0,19,
16930.271,refuse,2,17,
16933.664,refuse,0,19,
16945.271,refuse,2,17,
16948.664,refuse,0,19,
16960.271,refuse,2,17,
16963.664,refuse,0,19,
16975.271,refuse,2,17,
16978.664,refuse,0,19,
16990.271,refuse,2,17,
16993.664,refuse,0,19,
17005.271,refuse,2,17,
17008.664,refuse,0,19,
17020.271,refuse,2,17,
17023.664,refuse,0,19,
17035.271,refuse,2,17,
17038.664,refuse,0,19,
17050.271,refuse,2,17,
17053.664,refuse,0,19,
17065.271,refuse,2,17,
17068.664,refuse,0,19,
17080.271,refuse,2,17,
17083.664,refuse,0,19,
17095.271,refuse,2,17,
17098.664,refuse,0,19,
17110.271,refuse,2,17,
17113.664,refuse,0,19,
17125.271,refuse,2,17,
17128.664,refuse,0,19,
17140.271,refuse,2,17,
17143.664,refuse,0,19,
17155.271,refuse,2,17,
17158.664,refuse,0,19,
17170.271,refuse,2,17,
17173.664,refuse,0,19,
17185.271,refuse,2,17,
17188.664,refuse,0,19,
17200.271,refuse,2,17,
17203.664,refuse,0,19,
17215.271,refuse,2,17,
17218.664,refuse,0,19,
17230.271,refuse,2,17,
17233.664,refuse,0,19,
17245.271,refuse,2,17,
17248.664,refuse,0,19,
17260.271,refuse,2,17,
17263.664,refuse,0,19,
17275.271,refuse,2,17,
17278.664,refuse,0,19,
17290.271,refuse,2,17,
17293.664,refuse,0,19,
17302.609,conflict-at-land,3,3,
17305.271,refuse,2,17,
17308.664,refuse,0,19,
17317.609,start,3,3,
17320.271,refuse,2,17,
17323.664,refuse,0,19,
17335.271,refuse,2,17,
17338.664,refuse,0,19,
17350.271,refuse,2,17,
17353.664,refuse,0,19,
17365.271,refuse,2,17,
17368.664,refuse,0,19,
17380.271,refuse,2,17,
17383.664,refuse,0,19,
17395.271,refuse,2,17,
17398.664,refuse,0,19,
17410.271,refuse,2,17,
17413.664,refuse,0,19,
17425.271,refuse,2,17,
17428.664,refuse,0,19,
17440.271,refuse,2,17,
17443.664,refuse,0,19,
17455.271,refuse,2,17,
17458.664,refuse,0,19,
17470.271,refuse,2,17,
17473.664,refuse,0,19,
17485.271,refuse,2,17,
17488.664,refuse,0,19,
17500.271,refuse,2,17,
17503.664,refuse,0,19,
17515.271,refuse,2,17,
17518.664,refuse,0,19,
17530.271,refuse,2,17,
17533.664,refuse,0,19,
17545.271,refuse,2,17,
17548.664,refuse,0,19,
17560.271,refuse,2,17,
17563.664,refuse,0,19,
17575.271,refuse,2,17,
17578.664,refuse,0,19,
17590.271,refuse,2,17,
17593.664,refuse,0,19,
17605.271,refuse,2,17,
17608.664,refuse,0,19,
17620.271,refuse,2,17,
17623.664,refuse,0,19,
17635.271,refuse,2,17,
17638.664,refuse,0,19,
17650.271,refuse,2,17,
17653.664,refuse,0,19,
17665.271,refuse,2,17,
17668.664,refuse,0,19,
17680.271,refuse,2,17,
17683.664,refuse,0,19,
17695.271,refuse,2,17,
17698.664,refuse,0,19,
17710.271,refuse,2,17,
17713.664,refuse,0,19,
17725.271,refuse,2,17,
17728.664,refuse,0,19,
17740.271,refuse,2,17,
17743.664,refuse,0,19,
17755.271,refuse,2,17,
17758.664,refuse,0,19,
17770.271,refuse,2,17,
17773.664,refuse,0,19,
17785.271,refuse,2,17,
17788.664,refuse,0,19,
17800.271,refuse,2,17,
17803.664,refuse,0,19,
17815.271,refuse,2,17,
17818.664,refuse,0,19,
17830.271,refuse,2,17,
17833.664,refuse,0,19,
17845.271,refuse,2,17,
17848.664,refuse,0,19,
17860.271,refuse,2,17,
17863.664,refuse,0,19,
17875.271,refuse,2,17,
17878.664,refuse,0,19,
17890.271,refuse,2,17,
17893.664,refuse,0,19,
17905.271,refuse,2,17,
17908.664,refuse,0,19,
17920.271,refuse,2,17,
17923.664,refuse,0,19,
17935.271,refuse,2,17,
17938.664,refuse,0,19,
17950.271,refuse,2,17,
17953.664,refuse,0,19,
17965.271,refuse,2,17,
17968.664,refuse,0,19,
17980.271,refuse,2,17,
17983.664,refuse,0,19,
17995.271,refuse,2,17,
17998.664,refuse,0,19,
18010.271,refuse,2,17,
18013.664,refuse,0,19,
18025.271,refuse,2,17,
18028.664,refuse,0,19,
18040.271,refuse,2,17,
18043.664,refuse,0,19,
18055.271,refuse,2,17,
18058.664,refuse,0,19,
18070.271,refuse,2,17,
18073.664,refuse,0,19,
18085.271,refuse,2,17,
18088.664,refuse,0,19,
18100.271,refuse,2,17,
18103.664,refuse,0,19,
18115.271,refuse,2,17,
18118.664,refuse,0,19,
18130.271,refuse,2,17,
18133.664,refuse,0,19,
18145.271,refuse,2,17,
18148.664,refuse,0,19,
18160.271,refuse,2,17,
18163.664,refuse,0,19,
18175.271,refuse,2,17,
18178.664,refuse,0,19,
18190.271,refuse,2,17,
18193.664,refuse,0,19,
18205.271,refuse,2,17,
18208.664,refuse,0,19,
18220.271,refuse,2,17,
18220.271,abandon,2,17,
18220.271,start,2,20,
18223.664,refuse,0,19,
18238.664,refuse,0,19,
18253.664,refuse,0,19,
18268.664,refuse,0,19,
18279.555,land,2,20,
18279.555,refuse,2,21,
18283.664,refuse,0,19,
18294.555,refuse,2,21,
18298.664,refuse,0,19,
18309.555,refuse,2,21,
18313.664,refuse,0,19,
18324.555,refuse,2,21,
18328.664,refuse,0,19,
18339.555,refuse,2,21,
18343.664,refuse,0,19,
18354.555,refuse,2,21,
18358.664,refuse,0,19,
18369.555,refuse,2,21,
18373.664,refuse,0,19,
18384.555,refuse,2,21,
18388.664,refuse,0,19,
18399.555,refuse,2,21,
18403.664,refuse,0,19,
18414.555,refuse,2,21,
18418.664,refuse,0,19,
18429.555,refuse,2,21,
18433.664,refuse,0,19,
18444.555,refuse,2,21,
18448.664,refuse,0,19,
18459.555,refuse,2,21,
18463.664,refuse,0,19,
18474.555,refuse,2,21,
18478.664,refuse,0,19,
18489.555,refuse,2,21,
18493.664,refuse,0,19,
18504.555,refuse,2,21,
18508.664,refuse,0,19,
18519.555,refuse,2,21,
18523.664,refuse,0,19,
18534.555,refuse,2,21,
18538.664,refuse,0,19,
18549.555,refuse,2,21,
18553.664,refuse,0,19,
18564.555,refuse,2,21,
18568.664,refuse,0,19,
18579.555,refuse,2,21,
18583.664,refuse,0,19,
18594.555,refuse,2,21,
18598.664,refuse,0,19,
18609.555,refuse,2,21,
18613.664,refuse,0,19,
18624.555,refuse,2,21,
18628.664,refuse,0,19,
18639.555,refuse,2,21,
18643.664,refuse,0,19,
18654.555,refuse,2,21,
18658.664,refuse,0,19,
18669.555,refuse,2,21,
18673.664,refuse,0,19,
18684.555,refuse,2,21,
18688.664,refuse,0,19,
18699.555,refuse,2,21,
18703.664,refuse,0,19,
18714.555,refuse,2,21,
18718.664,refuse,0,19,
18729.555,refuse,2,21,
18733.664,refuse,0,19,
18744.555,refuse,2,21,
18748.664,refuse,0,19,
18759.555,refuse,2,21,
18763.664,refuse,0,19,
18774.555,refuse,2,21,
18778.664,refuse,0,19,
18789.555,refuse,2,21,
18793.664,refuse,0,19,
18804.555,refuse,2,21,
18808.664,refuse,0,19,
18819.555,refuse,2,21,
18823.664,refuse,0,19,
18834.555,refuse,2,21,
18838.664,refuse,0,19,
18849.555,refuse,2,21,
18853.664,refuse,0,19,
18853.664,abandon,0,19,
18853.664,start,0,22,
18862.803,land,0,22,
18862.803,refuse,0,23,
18864.555,refuse,2,21,
18877.803,refuse,0,23,
18879.555,refuse,2,21,
18892.803,refuse,0,23,
18894.555,refuse,2,21,
18907.803,refuse,0,23,
18909.555,refuse,2,21,
18922.803,refuse,0,23,
18924.555,refuse,2,21,
18937.803,refuse,0,23,
18939.555,refuse,2,21,
18952.803,refuse,0,23,
18954.555,refuse,2,21,
18967.803,refuse,0,23,
18969.555,refuse,2,21,
18982.803,refuse,0,23,
18984.555,refuse,2,21,
18997.803,refuse,0,23,
18999.555,refuse,2,21,
19012.803,refuse,0,23,
19014.555,refuse,2,21,
19027.803,refuse,0,23,
19029.555,refuse,2,21,
19042.803,refuse,0,23,
19044.555,refuse,2,21,
19057.803,refuse,0,23,
19059.555,refuse,2,21,
19072.803,refuse,0,23,
19074.555,refuse,2,21,
19087.803,refuse,0,23,
19089.555,refuse,2,21,
19102.803,refuse,0,23,
19104.555,refuse,2,21,
19117.803,refuse,0,23,
19119.555,refuse,2,21,
19132.803,refuse,0,23,
19134.555,refuse,2,21,
19147.803,refuse,0,23,
19149.555,refuse,2,21,
19162.803,refuse,0,23,
19164.555,refuse,2,21,
19177.803,refuse,0,23,
19179.555,refuse,2,21,
19192.803,refuse,0,23,
19194.555,refuse,2,21,
19207.803,refuse,0,23,
19209.555,refuse,2,21,
19222.803,refuse,0,23,
19224.555,refuse,2,21,
19237.803,refuse,0,23,
19239.555,refuse,2,21,
19252.803,refuse,0,23,
19254.555,refuse,2,21,
19267.803,refuse,0,23,
19269.555,refuse,2,21,
19282.803,refuse,0,23,
19284.555,refuse,2,21,
19297.803,refuse,0,23,
19299.555,refuse,2,21,
19312.803,refuse,0,23,
19314.555,refuse,2,21,
19327.803,refuse,0,23,
19329.555,refuse,2,21,
19342.803,refuse,0,23,
19344.555,refuse,2,21,
19357.803,refuse,0,23,
19359.555,refuse,2,21,
19372.803,refuse,0,23,
19374.555,refuse,2,21,
19383.357,conflict-at-land,3,3,
19387.803,refuse,0,23,
19389.555,refuse,2,21,
19398.357,start,3,3,
19402.803,refuse,0,23,
19404.555,refuse,2,21,
19417.803,refuse,0,23,
19419.555,refuse,2,21,
19432.803,refuse,0,23,
19434.555,refuse,2,21,
19447.803,refuse,0,23,
19449.555,refuse,2,21,
19462.803,refuse,0,23,
19464.555,refuse,2,21,
19477.803,refuse,0,23,
19479.555,refuse,2,21,
19492.803,refuse,0,23,
19494.555,refuse,2,21,
19507.803,refuse,0,23,
19509.555,refuse,2,21,
19522.803,refuse,0,23,
19524.555,refuse,2,21,
19537.803,refuse,0,23,
19539.555,refuse,2,21,
19552.803,refuse,0,23,
19554.555,refuse,2,21,
19567.803,refuse,0,23,
19569.555,refuse,2,21,
19582.803,refuse,0,23,
19584.555,refuse,2,21,
19597.803,refuse,0,23,
19599.555,refuse,2,21,
19612.803,refuse,0,23,
19614.555,refuse,2,21,
19627.803,refuse,0,23,
19629.555,refuse,2,21,
19642.803,refuse,0,23,
19644.555,refuse,2,21,
19657.803,refuse,0,23,
19659.555,refuse,2,21,
19672.803,refuse,0,23,
19674.555,refuse,2,21,
19687.803,refuse,0,23,
19689.555,refuse,2,21,
19702.803,refuse,0,23,
19704.555,refuse,2,21,
19717.803,refuse,0,23,
19719.555,refuse,2,21,
19732.803,refuse,0,23,
19734.555,refuse,2,21,
19747.803,refuse,0,23,
19749.555,refuse,2,21,
19762.803,refuse,0,23,
19764.555,refuse,2,21,
19777.803,refuse,0,23,
19779.555,refuse,2,21,
19792.803,refuse,0,23,
19794.555,refuse,2,21,
19807.803,refuse,0,23,
19809.555,refuse,2,21,
19822.803,refuse,0,23,
19824.555,refuse,2,21,
19837.803,refuse,0,23,
19839.555,refuse,2,21,
19852.803,refuse,0,23,
19854.555,refuse,2,21,
19867.803,refuse,0,23,
19869.555,refuse,2,21,
19882.803,refuse,0,23,
19884.555,refuse,2,21,
19897.803,refuse,0,23,
19899.555,refuse,2,21,
19912.803,refuse,0,23,
19914.555,refuse,2,21,
19927.803,refuse,0,23,
19929.555,refuse,2,21,
19942.803,refuse,0,23,
19944.555,refuse,2,21,
19957.803,refuse,0,23,
19959.555,refuse,2,21,
19972.803,refuse,0,23,
19974.555,refuse,2,21,
19987.803,refuse,0,23,
19989.555,refuse,2,21,
20002.803,refuse,0,23,
20004.555,refuse,2,21,
20017.803,refuse,0,23,
20019.555,refuse,2,21,
20032.803,refuse,0,23,
20034.555,refuse,2,21,
20047.803,refuse,0,23,
20049.555,refuse,2,21,
20062.803,refuse,0,23,
20064.555,refuse,2,21,
20077.803,refuse,0,23,
20079.555,refuse,2,21,
20092.803,refuse,0,23,
20094.555,refuse,2,21,
20107.803,refuse,0,23,
20109.555,refuse,2,21,
20122.803,refuse,0,23,
20124.555,refuse,2,21,
20137.803,refuse,0,23,
20139.555,refuse,2,21,
20152.803,refuse,0,23,
20154.555,refuse,2,21,
20167.803,refuse,0,23,
20169.555,refuse,2,21,
20182.803,refuse,0,23,
20184.555,refuse,2,21,
20197.803,refuse,0,23,
20199.555,refuse,2,21,
20212.803,refuse,0,23,
20214.555,refuse,2,21,
20227.803,refuse,0,23,
20229.555,refuse,2,21,
20242.803,refuse,0,23,
20244.555,refuse,2,21,
20257.803,refuse,0,23,
20259.555,refuse,2,21,
20272.803,refuse,0,23,
20274.555,refuse,2,21,
20287.803,refuse,0,23,
20289.555,refuse,2,21,
20302.803,refuse,0,23,
20304.555,refuse,2,21,
20317.803,refuse,0,23,
20319.555,refuse,2,21,
20332.803,refuse,0,23,
20334.555,refuse,2,21,
20347.803,refuse,0,23,
20349.555,refuse,2,21,
20362.803,refuse,0,23,
20364.555,refuse,2,21,
20377.803,refuse,0,23,
20379.555,refuse,2,21,
20392.803,refuse,0,23,
20394.555,refuse,2,21,
20407.803,refuse,0,23,
20409.555,refuse,2,21,
20422.803,refuse,0,23,
20424.555,refuse,2,21,
20437.803,refuse,0,23,
20439.555,refuse,2,21,
20452.803,refuse,0,23,
20454.555,refuse,2,21,
20467.803,refuse,0,23,
20469.555,refuse,2,21,
20482.803,refuse,0,23,
20484.555,refuse,2,21,
20497.803,refuse,0,23,
20499.555,refuse,2,21,
20512.803,refuse,0,23,
20514.555,refuse,2,21,
20527.803,refuse,0,23,
20529.555,refuse,2,21,
20542.803,refuse,0,23,
20544.555,refuse,2,21,
20557.803,refuse,0,23,
20559.555,refuse,2,21,
20572.803,refuse,0,23,
20574.555,refuse,2,21,
20587.803,refuse,0,23,
20589.555,refuse,2,21,
20602.803,refuse,0,23,
20604.555,refuse,2,21,
20617.803,refuse,0,23,
20619.555,refuse,2,21,
20632.803,refuse,0,23,
20634.555,refuse,2,21,
20647.803,refuse,0,23,
20649.555,refuse,2,21,
20662.803,refuse,0,23,
20664.555,refuse,2,21,
20677.803,refuse,0,23,
20679.555,refuse,2,21,
20692.803,refuse,0,23,
20694.555,refuse,2,21,
20707.803,refuse,0,23,
20709.555,refuse,2,21,
20722.803,refuse,0,23,
20724.555,refuse,2,21,
20737.803,refuse,0,23,
20739.555,refuse,2,21,
20752.803,refuse,0,23,
20754.555,refuse,2,21,
20767.803,refuse,0,23,
20769.555,refuse,2,21,
20782.803,refuse,0,23,
20784.555,refuse,2,21,
20797.803,refuse,0,23,
20799.555,refuse,2,21,
20812.803,refuse,0,23,
20814.555,refuse,2,21,
20827.803,refuse,0,23,
20829.555,refuse,2,21,
20842.803,refuse,0,23,
20844.555,refuse,2,21,
20857.803,refuse,0,23,
20859.555,refuse,2,21,
20872.803,refuse,0,23,
20874.555,refuse,2,21,
20887.803,refuse,0,23,
20889.555,refuse,2,21,
20902.803,refuse,0,23,
20904.555,refuse,2,21,
20917.803,refuse,0,23,
20919.555,refuse,2,21,
20932.803,refuse,0,23,
20934.555,refuse,2,21,
20947.803,refuse,0,23,
20949.555,refuse,2,21,
20962.803,refuse,0,23,
20964.555,refuse,2,21,
20977.803,refuse,0,23,
20979.555,refuse,2,21,
20992.803,refuse,0,23,
20994.555,refuse,2,21,
21007.803,refuse,0,23,
21009.555,refuse,2,21,
21022.803,refuse,0,23,
21024.555,refuse,2,21,
21037.803,refuse,0,23,
21039.555,refuse,2,21,
21052.803,refuse,0,23,
21054.555,refuse,2,21,
21067.803,refuse,0,23,
21069.555,refuse,2,21,
21082.803,refuse,0,23,
21084.555,refuse,2,21,
21097.803,refuse,0,23,
21099.555,refuse,2,21,
21112.803,refuse,0,23,
21114.555,refuse,2,21,
21127.803,refuse,0,23,
21129.555,refuse,2,21,
21142.803,refuse,0,23,
21144.555,refuse,2,21,
21157.803,refuse,0,23,
21159.555,refuse,2,21,
21172.803,refuse,0,23,
21174.555,refuse,2,21,
21187.803,refuse,0,23,
21189.555,refuse,2,21,
21202.803,refuse,0,23,
21204.555,refuse,2,21,
21217.803,refuse,0,23,
21219.555,refuse,2,21,
21232.803,refuse,0,23,
21234.555,refuse,2,21,
21247.803,refuse,0,23,
21249.555,refuse,2,21,
21262.803,refuse,0,23,
21264.555,refuse,2,21,
21277.803,refuse,0,23,
21279.555,refuse,2,21,
21279.555,abandon,2,21,
21279.555,refuse,2,24,
21292.803,refuse,0,23,
21294.555,refuse,2,24,
21307.803,refuse,0,23,
21309.555,refuse,2,24,
21322.803,refuse,0,23,
21324.555,refuse,2,24,
21337.803,refuse,0,23,
21339.555,refuse,2,24,
21352.803,refuse,0,23,
21354.555,refuse,2,24,
21367.803,refuse,0,23,
21369.555,refuse,2,24,
21382.803,refuse,0,23,
21384.555,refuse,2,24,
21397.803,refuse,0,23,
21399.555,refuse,2,24,
21412.803,refuse,0,23,
21414.555,refuse,2,24,
21427.803,refuse,0,23,
21429.555,refuse,2,24,
21442.803,refuse,0,23,
21444.555,refuse,2,24,
21457.803,refuse,0,23,
21459.555,refuse,2,24,
21472.803,refuse,0,23,
21474.555,refuse,2,24,
21487.803,refuse,0,23,
21489.555,refuse,2,24,
21502.803,refuse,0,23,
21504.555,refuse,2,24,
21517.803,refuse,0,23,
21519.555,refuse,2,24,
21532.803,refuse,0,23,
21534.555,refuse,2,24,
21547.803,refuse,0,23,
21549.555,refuse,2,24,
21562.803,refuse,0,23,
21564.555,refuse,2,24,
21577.803,refuse,0,23,
21579.555,refuse,2,24,
21592.803,refuse,0,23,
21594.555,refuse,2,24,
21607.803,refuse,0,23,
21609.555,refuse,2,24,
21622.803,refuse,0,23,
21624.555,refuse,2,24,
21637.803,refuse,0,23,
21639.555,refuse,2,24,
21652.803,refuse,0,23,
21654.555,refuse,2,24,
21667.803,refuse,0,23,
21669.555,refuse,2,24,
21682.803,refuse,0,23,
21684.555,refuse,2,24,
21697.803,refuse,0,23,
21699.555,refuse,2,24,
21705.175,conflict-at-land,3,3,
21712.803,refuse,0,23,
21714.555,refuse,2,24,
21720.175,start,3,3,
21727.803,refuse,0,23,
21729.555,refuse,2,24,
21742.803,refuse,0,23,
21744.555,refuse,2,24,
21757.803,refuse,0,23,
21759.555,refuse,2,24,
21772.803,refuse,0,23,
21774.555,refuse,2,24,
21787.803,refuse,0,23,
21789.555,refuse,2,24,
21802.803,refuse,0,23,
21804.555,refuse,2,24,
21817.803,refuse,0,23,
21819.555,refuse,2,24,
21832.803,refuse,0,23,
21834.555,refuse,2,24,
21847.803,refuse,0,23,
21849.555,refuse,2,24,
21862.803,refuse,0,23,
21862.803,abandon,0,23,
21862.803,start,0,25,
21864.555,refuse,2,24,
21867.089,land,0,25,
21867.089,start,0,26,
21872.46,conflict-at-land,0,26,
21879.555,refuse,2,24,
21887.46,start,0,26,
21892.152,conflict-at-land,0,26,
21894.555,refuse,2,24,
21907.152,start,0,26,
21909.555,refuse,2,24,
21913.189,conflict-at-land,0,26,
21924.555,refuse,2,24,
21928.189,start,0,26,
21935.984,conflict-at-land,0,26,
21939.555,refuse,2,24,
21950.984,start,0,26,
21954.555,refuse,2,24,
21957.612,conflict-at-land,0,26,
21969.555,refuse,2,24,
21972.612,start,0,26,
21977.467,conflict-at-land,0,26,
21984.555,refuse,2,24,
21992.467,start,0,26,
21999.555,refuse,2,24,
21999.884,conflict-at-land,0,26,
22014.555,refuse,2,24,
22014.884,start,0,26,
22021.952,conflict-at-land,0,26,
22029.555,refuse,2,24,
22036.952,start,0,26,
22043.796,conflict-at-land,0,26,
22044.555,refuse,2,24,
22058.796,start,0,26,
22059.555,refuse,2,24,
22066.26,conflict-at-land,0,26,
22074.555,refuse,2,24,
22081.26,start,0,26,
22088.206,conflict-at-land,0,26,
22089.555,refuse,2,24,
22103.206,start,0,26,
22104.555,refuse,2,24,
22110.249,conflict-at-land,0,26,
22119.555,refuse,2,24,
22125.249,start,0,26,
22130.723,conflict-at-land,0,26,
22134.555,refuse,2,24,
22145.723,start,0,26,
22149.555,refuse,2,24,
22153.454,conflict-at-land,0,26,
22164.555,refuse,2,24,
22168.454,start,0,26,
22176.117,conflict-at-land,0,26,
22179.555,refuse,2,24,
22191.117,start,0,26,
22194.555,refuse,2,24,
22195.897,conflict-at-land,0,26,
22209.555,refuse,2,24,
22210.897,start,0,26,
22217.812,conflict-at-land,0,26,
22224.555,refuse,2,24,
22232.812,start,0,26,
22239.555,refuse,2,24,
22239.586,conflict-at-land,0,26,
22254.555,refuse,2,24,
22254.586,start,0,26,
22260.447,conflict-at-land,0,26,
22269.555,refuse,2,24,
22275.447,start,0,26,
22281.557,conflict-at-land,0,26,
22284.555,refuse,2,24,
22296.557,start,0,26,
22299.555,refuse,2,24,
22302.521,conflict-at-land,0,26,
22314.555,refuse,2,24,
22317.521,start,0,26,
22325.05,conflict-at-land,0,26,
22329.555,refuse,2,24,
22340.05,start,0,26,
22344.555,refuse,2,24,
22346.053,conflict-at-land,0,26,
22359.555,refuse,2,24,
22361.053,start,0,26,
22368.247,conflict-at-land,0,26,
22374.555,refuse,2,24,
22383.247,start,0,26,
22388.721,conflict-at-land,0,26,
22389.555,refuse,2,24,
22403.721,start,0,26,
22404.555,refuse,2,24,
22411.099,conflict-at-land,0,26,
22419.555,refuse,2,24,
22426.099,start,0,26,
22433.538,conflict-at-land,0,26,
22434.555,refuse,2,24,
22448.538,start,0,26,
22449.555,refuse,2,24,
22454.398,conflict-at-land,0,26,
22464.555,refuse,2,24,
22469.398,start,0,26,
22475.641,conflict-at-land,0,26,
22479.555,refuse,2,24,
22490.641,start,0,26,
22494.555,refuse,2,24,
22498.154,conflict-at-land,0,26,
22509.555,refuse,2,24,
22513.154,start,0,26,
22519.96,conflict-at-land,0,26,
22524.555,refuse,2,24,
22534.96,start,0,26,
22539.555,refuse,2,24,
22540.912,conflict-at-land,0,26,
22554.555,refuse,2,24,
22555.912,start,0,26,
22560.91,conflict-at-land,0,26,
22569.555,refuse,2,24,
22575.91,start,0,26,
22581.279,conflict-at-land,0,26,
22584.555,refuse,2,24,
22596.279,start,0,26,
22599.555,refuse,2,24,
22602.998,conflict-at-land,0,26,
22614.555,refuse,2,24,
22617.998,start,0,26,
22622.795,conflict-at-land,0,26,
22629.555,refuse,2,24,
22637.795,start,0,26,
22644.555,refuse,2,24,
22645.264,conflict-at-land,0,26,
22659.555,refuse,2,24,
22660.264,start,0,26,
22665.429,conflict-at-land,0,26,
22674.555,refuse,2,24,
22680.429,start,0,26,
22687.91,conflict-at-land,0,26,
22689.555,refuse,2,24,
22702.91,start,0,26,
22704.555,refuse,2,24,
22708.225,conflict-at-land,0,26,
22719.555,refuse,2,24,
22723.225,start,0,26,
22730.871,conflict-at-land,0,26,
22734.555,refuse,2,24,
22745.871,start,0,26,
22749.555,refuse,2,24,
22752.614,conflict-at-land,0,26,
22764.555,refuse,2,24,
22767.614,start,0,26,
22773.629,conflict-at-land,0,26,
22779.555,refuse,2,24,
22788.629,start,0,26,
22794.555,refuse,2,24,
22794.693,conflict-at-land,0,26,
22809.555,refuse,2,24,
22809.693,start,0,26,
22816.238,conflict-at-land,0,26,
22824.555,refuse,2,24,
22831.238,start,0,26,
22837.554,conflict-at-land,0,26,
22839.555,refuse,2,24,
22852.554,start,0,26,
22854.555,refuse,2,24,
22857.877,conflict-at-land,0,26,
22869.555,refuse,2,24,
22872.877,start,0,26,
22877.825,conflict-at-land,0,26,
22884.555,refuse,2,24,
22892.825,start,0,26,
22898.868,conflict-at-land,0,26,
22899.555,refuse,2,24,
22913.868,start,0,26,
22914.555,refuse,2,24,
22921.431,conflict-at-land,0,26,
22929.555,refuse,2,24,
22936.431,start,0,26,
22942.875,conflict-at-land,0,26,
22944.555,refuse,2,24,
22957.875,start,0,26,
22959.555,refuse,2,24,
22962.346,conflict-at-land,0,26,
22974.555,refuse,2,24,
22977.346,start,0,26,
22984.5,conflict-at-land,0,26,
22989.555,refuse,2,24,
22999.5,start,0,26,
23004.555,refuse,2,24,
23006.313,conflict-at-land,0,26,
23019.555,refuse,2,24,
23021.313,start,0,26,
23028.781,conflict-at-land,0,26,
23034.555,refuse,2,24,
23043.781,start,0,26,
23048.67,conflict-at-land,0,26,
23049.555,refuse,2,24,
23063.67,start,0,26,
23064.555,refuse,2,24,
23070.551,conflict-at-land,0,26,
23079.555,refuse,2,24,
23085.551,start,0,26,
23089.962,conflict-at-land,0,26,
23094.555,refuse,2,24,
23104.962,start,0,26,
23109.555,refuse,2,24,
23111.513,conflict-at-land,0,26,
23124.555,refuse,2,24,
23126.513,start,0,26,
23131.696,conflict-at-land,0,26,
23139.555,refuse,2,24,
23146.696,start,0,26,
23151.712,conflict-at-land,0,26,
23154.555,refuse,2,24,
23166.712,start,0,26,
23169.555,refuse,2,24,
23174.064,conflict-at-land,0,26,
23184.555,refuse,2,24,
23189.064,start,0,26,
23193.646,conflict-at-land,0,26,
23199.555,refuse,2,24,
23208.646,start,0,26,
23214.555,refuse,2,24,
23214.727,conflict-at-land,0,26,
23229.555,refuse,2,24,
23229.727,start,0,26,
23237.001,conflict-at-land,0,26,
23244.555,refuse,2,24,
23252.001,start,0,26,
23257.082,conflict-at-land,0,26,
23259.555,refuse,2,24,
23272.082,start,0,26,
23274.555,refuse,2,24,
23277.04,conflict-at-land,0,26,
23289.555,refuse,2,24,
23292.04,start,0,26,
23299.41,conflict-at-land,0,26,
23304.555,refuse,2,24,
23314.41,start,0,26,
23319.555,refuse,2,24,
23320.133,conflict-at-land,0,26,
23334.555,refuse,2,24,
23335.133,start,0,26,
23341.914,conflict-at-land,0,26,
23349.555,refuse,2,24,
23356.914,start,0,26,
23361.228,conflict-at-land,0,26,
23364.555,refuse,2,24,
23376.228,start,0,26,
23379.555,refuse,2,24,
23381.733,conflict-at-land,0,26,
23394.555,refuse,2,24,
23396.733,start,0,26,
23401.552,conflict-at-land,0,26,
23409.555,refuse,2,24,
23416.552,start,0,26,
23423.174,conflict-at-land,0,26,
23424.555,refuse,2,24,
23438.174,start,0,26,
23439.555,refuse,2,24,
23442.672,conflict-at-land,0,26,
23454.555,refuse,2,24,
23457.672,start,0,26,
23465.308,conflict-at-land,0,26,
23469.555,refuse,2,24,
23480.308,start,0,26,
23484.555,refuse,2,24,
23484.6,conflict-at-land,0,26,
23499.555,refuse,2,24,
23499.6,start,0,26,
23506.426,conflict-at-land,0,26,
23514.555,refuse,2,24,
23521.426,start,0,26,
23525.702,conflict-at-land,0,26,
23529.555,refuse,2,24,
23540.702,start,0,26,
23544.555,refuse,2,24,
23545.822,conflict-at-land,0,26,
23559.555,refuse,2,24,
23560.822,start,0,26,
23567.95,conflict-at-land,0,26,
23574.555,refuse,2,24,
23582.95,start,0,26,
23587.716,conflict-at-land,0,26,
23589.555,refuse,2,24,
23593.741,conflict-at-land,3,3,
23602.716,start,0,26,
23604.555,refuse,2,24,
23607.577,conflict-at-land,0,26,
23608.741,start,3,3,
23619.555,refuse,2,24,
23622.577,start,0,26,
23628.165,conflict-at-land,0,26,
23634.555,refuse,2,24,
23643.165,start,0,26,
23647.521,conflict-at-land,0,26,
23649.555,refuse,2,24,
23662.521,start,0,26,
23664.555,refuse,2,24,
23670.285,conflict-at-land,0,26,
23679.555,refuse,2,24,
23685.285,start,0,26,
23690.03,conflict-at-land,0,26,
23694.555,refuse,2,24,
23705.03,start,0,26,
23709.36,conflict-at-land,0,26,
23709.555,refuse,2,24,
23724.36,start,0,26,
23724.555,refuse,2,24,
23729.8,conflict-at-land,0,26,
23739.555,refuse,2,24,
23744.8,start,0,26,
23751.214,conflict-at-land,0,26,
23754.555,refuse,2,24,
23766.214,start,0,26,
23769.555,refuse,2,24,
23773.087,conflict-at-land,0,26,
23784.555,refuse,2,24,
23788.087,start,0,26,
23792.694,conflict-at-land,0,26,
23799.555,refuse,2,24,
23807.694,start,0,26,
23813.108,conflict-at-land,0,26,
23814.555,refuse,2,24,
23828.108,start,0,26,
23829.555,refuse,2,24,
23832.419,conflict-at-land,0,26,
23844.555,refuse,2,24,
23847.419,start,0,26,
23853.235,conflict-at-land,0,26,
23859.555,refuse,2,24,
23868.235,start,0,26,
23874.555,refuse,2,24,
23875.192,conflict-at-land,0,26,
23889.555,refuse,2,24,
23890.192,start,0,26,
23897.056,conflict-at-land,0,26,
23904.555,refuse,2,24,
23912.056,start,0,26,
23919.503,conflict-at-land,0,26,
23919.555,refuse,2,24,
23934.503,start,0,26,
23934.555,refuse,2,24,
23941.423,conflict-at-land,0,26,
23949.555,refuse,2,24,
23956.423,start,0,26,
23963.728,conflict-at-land,0,26,
23964.555,refuse,2,24,
23978.728,start,0,26,
23979.555,refuse,2,24,
23985.468,conflict-at-land,0,26,
23994.555,refuse,2,24,
24000.468,start,0,26,
24006.37,conflict-at-land,0,26,
24009.555,refuse,2,24,
24021.37,start,0,26,
24024.555,refuse,2,24,
24026.381,conflict-at-land,0,26,
24039.555,refuse,2,24,
24041.381,start,0,26,
24047.96,conflict-at-land,0,26,
24054.555,refuse,2,24,
24062.96,start,0,26,
24068.299,conflict-at-land,0,26,
24069.555,refuse,2,24,
24083.299,start,0,26,
24084.555,refuse,2,24,
24087.866,conflict-at-land,0,26,
24099.555,refuse,2,24,
24102.866,start,0,26,
24108.679,conflict-at-land,0,26,
24114.555,refuse,2,24,
24123.679,start,0,26,
24129.555,refuse,2,24,
24131.028,conflict-at-land,0,26,
24144.555,refuse,2,24,
24146.028,start,0,26,
24150.687,conflict-at-land,0,26,
24159.555,refuse,2,24,
24165.687,start,0,26,
24171.993,conflict-at-land,0,26,
24174.555,refuse,2,24,
24186.993,start,0,26,
24189.555,refuse,2,24,
24192.607,conflict-at-land,0,26,
24204.555,refuse,2,24,
24207.607,start,0,26,
24213.661,conflict-at-land,0,26,
24219.555,refuse,2,24,
24228.661,start,0,26,
24233.378,conflict-at-land,0,26,
24234.555,refuse,2,24,
24248.378,start,0,26,
24249.555,refuse,2,24,
24256.034,conflict-at-land,0,26,
24264.555,refuse,2,24,
24271.034,start,0,26,
24276.166,conflict-at-land,0,26,
24279.555,refuse,2,24,
24279.555,abandon,2,24,
24279.555,refuse,2,27,
24291.166,start,0,26,
24294.555,refuse,2,27,
24297.548,conflict-at-land,0,26,
24309.555,refuse,2,27,
24312.548,start,0,26,
24318.259,conflict-at-land,0,26,
24324.555,refuse,2,27,
24333.259,start,0,26,
24337.524,conflict-at-land,0,26,
24339.555,refuse,2,27,
24352.524,start,0,26,
24354.555,refuse,2,27,
24358.733,conflict-at-land,0,26,
24369.555,refuse,2,27,
24373.733,start,0,26,
24378.439,conflict-at-land,0,26,
24384.555,refuse,2,27,
24393.439,start,0,26,
24397.843,conflict-at-land,0,26,
24399.555,refuse,2,27,
24412.843,start,0,26,
24414.555,refuse,2,27,
24417.164,conflict-at-land,0,26,
24429.555,refuse,2,27,
24432.164,start,0,26,
24436.944,conflict-at-land,0,26,
24444.555,refuse,2,27,
24451.944,start,0,26,
24456.489,conflict-at-land,0,26,
24459.555,refuse,2,27,
24471.489,start,0,26,
24474.555,refuse,2,27,
24477.976,conflict-at-land,0,26,
24489.555,refuse,2,27,
24492.976,start,0,26,
24499.005,conflict-at-land,0,26,
24504.555,refuse,2,27,
24514.005,start,0,26,
24519.555,refuse,2,27,
24521.746,conflict-at-land,0,26,
24534.555,refuse,2,27,
24536.746,start,0,26,
24544.309,conflict-at-land,0,26,
24549.555,refuse,2,27,
24559.309,start,0,26,
24564.555,refuse,2,27,
24567.089,conflict-at-land,0,26,
24579.555,refuse,2,27,
24582.089,start,0,26,
24587.126,conflict-at-land,0,26,
24594.555,refuse,2,27,
24602.126,start,0,26,
24607.927,conflict-at-land,0,26,
24609.555,refuse,2,27,
24622.927,start,0,26,
24624.555,refuse,2,27,
24628.03,conflict-at-land,0,26,
24639.555,refuse,2,27,
24643.03,start,0,26,
24649.358,conflict-at-land,0,26,
24654.555,refuse,2,27,
24664.358,start,0,26,
24669.555,refuse,2,27,
24670.805,conflict-at-land,0,26,
24684.555,refuse,2,27,
24685.805,start,0,26,
24692.886,conflict-at-land,0,26,
24699.555,refuse,2,27,
24707.886,start,0,26,
24714.555,refuse,2,27,
24714.64,conflict-at-land,0,26,
24729.555,refuse,2,27,
24729.64,start,0,26,
24734.764,conflict-at-land,0,26,
24744.555,refuse,2,27,
24749.764,start,0,26,
24755.487,conflict-at-land,0,26,
24759.555,refuse,2,27,
24770.487,start,0,26,
24774.555,refuse,2,27,
24776.581,conflict-at-land,0,26,
24789.555,refuse,2,27,
24791.581,start,0,26,
24795.798,conflict-at-land,0,26,
24804.555,refuse,2,27,
24810.798,start,0,26,
24815.126,conflict-at-land,0,26,
24819.555,refuse,2,27,
24830.126,start,0,26,
24834.555,refuse,2,27,
24835.798,conflict-at-land,0,26,
24849.555,refuse,2,27,
24850.798,start,0,26,
24855.398,conflict-at-land,0,26,
24864.555,refuse,2,27,
24870.398,start,0,26,
24877.203,conflict-at-land,0,26,
24879.555,refuse,2,27,
24892.203,start,0,26,
24894.555,refuse,2,27,
24897.27,conflict-at-land,0,26,
24909.555,refuse,2,27,
24912.27,start,0,26,
24916.83,conflict-at-land,0,26,
24924.555,refuse,2,27,
24931.83,start,0,26,
24936.684,conflict-at-land,0,26,
24939.555,refuse,2,27,
24951.684,start,0,26,
24954.555,refuse,2,27,
24956.718,conflict-at-land,0,26,
24969.555,refuse,2,27,
24971.718,start,0,26,
24976.7,conflict-at-land,0,26,
24984.555,refuse,2,27,
24991.7,start,0,26,
24997.775,conflict-at-land,0,26,
24999.555,refuse,2,27,
25012.775,start,0,26,
25014.555,refuse,2,27,
25018.646,conflict-at-land,0,26,
25029.555,refuse,2,27,
25033.646,start,0,26,
25038.961,conflict-at-land,0,26,
25044.555,refuse,2,27,
25053.961,start,0,26,
25059.555,refuse,2,27,
25060.472,conflict-at-land,0,26,
25074.555,refuse,2,27,
25075.472,start,0,26,
25080.437,conflict-at-land,0,26,
25089.555,refuse,2,27,
25095.437,start,0,26,
25102.9,conflict-at-land,0,26,
25104.555,refuse,2,27,
25117.9,start,0,26,
25119.555,refuse,2,27,
25125.567,conflict-at-land,0,26,
25134.555,refuse,2,27,
25140.567,start,0,26,
25147.392,conflict-at-land,0,26,
25149.555,refuse,2,27,
25162.392,start,0,26,
25164.555,refuse,2,27,
25168.153,conflict-at-land,0,26,
25179.555,refuse,2,27,
25183.153,start,0,26,
25189.194,conflict-at-land,0,26,
25194.555,refuse,2,27,
25204.194,start,0,26,
25209.555,refuse,2,27,
25210.486,conflict-at-land,0,26,
25224.555,refuse,2,27,
25225.486,start,0,26,
25229.871,conflict-at-land,0,26,
25239.555,refuse,2,27,
25244.871,start,0,26,
25250.576,conflict-at-land,0,26,
25254.555,refuse,2,27,
25265.576,start,0,26,
25269.555,refuse,2,27,
25271.666,conflict-at-land,0,26,
25284.555,refuse,2,27,
25286.666,start,0,26,
25291.518,conflict-at-land,0,26,
25299.555,refuse,2,27,
25306.518,start,0,26,
25311.056,conflict-at-land,0,26,
25314.555,refuse,2,27,
25326.056,start,0,26,
25329.555,refuse,2,27,
25333.145,conflict-at-land,0,26,
25344.555,refuse,2,27,
25348.145,start,0,26,
25353.664,conflict-at-land,0,26,
25359.555,refuse,2,27,
25368.664,start,0,26,
25374.555,refuse,2,27,
25374.733,conflict-at-land,0,26,
25389.555,refuse,2,27,
25389.733,start,0,26,
25397.25,conflict-at-land,0,26,
25404.555,refuse,2,27,
25412.25,start,0,26,
25418.648,conflict-at-land,0,26,
25419.555,refuse,2,27,
25433.648,start,0,26,
25434.555,refuse,2,27,
25438.89,conflict-at-land,0,26,
25449.555,refuse,2,27,
25453.89,start,0,26,
25461.631,conflict-at-land,0,26,
25464.555,refuse,2,27,
25476.631,start,0,26,
25479.555,refuse,2,27,
25482.171,conflict-at-land,0,26,
25494.555,refuse,2,27,
25497.171,start,0,26,
25501.44,conflict-at-land,0,26,
25509.555,refuse,2,27,
25516.44,start,0,26,
25523.107,conflict-at-land,0,26,
25524.555,refuse,2,27,
25538.107,start,0,26,
25539.555,refuse,2,27,
25542.671,conflict-at-land,0,26,
25554.555,refuse,2,27,
25557.671,start,0,26,
25562.972,conflict-at-land,0,26,
25569.555,refuse,2,27,
25577.972,start,0,26,
25584.555,refuse,2,27,
25585.199,conflict-at-land,0,26,
25599.555,refuse,2,27,
25600.199,start,0,26,
25606.82,conflict-at-land,0,26,
25614.555,refuse,2,27,
25621.82,start,0,26,
25626.076,conflict-at-land,0,26,
25629.555,refuse,2,27,
25641.076,start,0,26,
25644.555,refuse,2,27,
25646.902,conflict-at-land,0,26,
25659.555,refuse,2,27,
25661.902,start,0,26,
25667.58,conflict-at-land,0,26,
25674.555,refuse,2,27,
25682.58,start,0,26,
25688.529,conflict-at-land,0,26,
25689.555,refuse,2,27,
25703.529,start,0,26,
25704.555,refuse,2,27,
25708.479,conflict-at-land,0,26,
25719.555,refuse,2,27,
25723.479,start,0,26,
25729.798,conflict-at-land,0,26,
25734.555,refuse,2,27,
25744.798,start,0,26,
25749.264,conflict-at-land,0,26,
25749.555,refuse,2,27,
25764.264,start,0,26,
25764.555,refuse,2,27,
25769.488,conflict-at-land,0,26,
25779.555,refuse,2,27,
25784.488,start,0,26,
25790.03,conflict-at-land,0,26,
25794.555,refuse,2,27,
25805.03,start,0,26,
25809.555,refuse,2,27,
25812.597,conflict-at-land,0,26,
25824.555,refuse,2,27,
25827.597,start,0,26,
25832.073,conflict-at-land,0,26,
25839.555,refuse,2,27,
25847.073,start,0,26,
25853.991,conflict-at-land,0,26,
25854.555,refuse,2,27,
25868.991,start,0,26,
25869.555,refuse,2,27,
25873.883,conflict-at-land,0,26,
25884.555,refuse,2,27,
25888.883,start,0,26,
25895.141,conflict-at-land,0,26,
25899.555,refuse,2,27,
25910.141,start,0,26,
25914.555,refuse,2,27,
25915.751,conflict-at-land,0,26,
25929.555,refuse,2,27,
25930.751,start,0,26,
25936.619,conflict-at-land,0,26,
25944.555,refuse,2,27,
25951.619,start,0,26,
25958.532,conflict-at-land,0,26,
25959.555,refuse,2,27,
25973.532,start,0,26,
25974.555,refuse,2,27,
25979.154,conflict-at-land,0,26,
25989.555,refuse,2,27,
25994.154,start,0,26,
25998.792,conflict-at-land,0,26,
26004.555,refuse,2,27,
26013.792,start,0,26,
26018.43,conflict-at-land,0,26,
26019.555,refuse,2,27,
26033.43,start,0,26,
26034.555,refuse,2,27,
26037.92,conflict-at-land,0,26,
26049.555,refuse,2,27,
26052.92,start,0,26,
26060.18,conflict-at-land,0,26,
26060.18,abandon,0,26,
26060.18,start,0,28,
26064.555,refuse,2,27,
26073.196,conflict-at-land,0,28,
26079.555,refuse,2,27,
26088.196,start,0,28,
26090.502,conflict-at-land,3,3,
26094.555,refuse,2,27,
26103.505,conflict-at-land,0,28,
26105.502,start,3,3,
26109.555,refuse,2,27,
26118.505,start,0,28,
26124.555,refuse,2,27,
26127.083,conflict-at-land,0,28,
26139.555,refuse,2,27,
26142.083,start,0,28,
26154.555,refuse,2,27,
26155.229,conflict-at-land,0,28,
26169.555,refuse,2,27,
26170.229,start,0,28,
26184.225,conflict-at-land,0,28,
26184.555,refuse,2,27,
26199.225,start,0,28,
26199.555,refuse,2,27,
26212.834,conflict-at-land,0,28,
26214.555,refuse,2,27,
26227.834,start,0,28,
26229.555,refuse,2,27,
26239.819,conflict-at-land,0,28,
26244.555,refuse,2,27,
26254.819,start,0,28,
26259.555,refuse,2,27,
26265.794,conflict-at-land,0,28,
26274.555,refuse,2,27,
26280.794,start,0,28,
26289.555,refuse,2,27,
26292.484,conflict-at-land,0,28,
26304.555,refuse,2,27,
26307.484,start,0,28,
26319.555,refuse,2,27,
26321.635,conflict-at-land,0,28,
26334.555,refuse,2,27,
26336.635,start,0,28,
26346.972,conflict-at-land,0,28,
26349.555,refuse,2,27,
26361.972,start,0,28,
26364.555,refuse,2,27,
26374.161,conflict-at-land,0,28,
26379.555,refuse,2,27,
26389.161,start,0,28,
26394.555,refuse,2,27,
26400.999,conflict-at-land,0,28,
26409.555,refuse,2,27,
26415.999,start,0,28,
26424.555,refuse,2,27,
26431.273,conflict-at-land,0,28,
26439.555,refuse,2,27,
26446.273,start,0,28,
26454.555,refuse,2,27,
26460.465,conflict-at-land,0,28,
26469.555,refuse,2,27,
26475.465,start,0,28,
26484.555,refuse,2,27,
26490.575,conflict-at-land,0,28,
26499.555,refuse,2,27,
26505.575,start,0,28,
26514.555,refuse,2,27,
26519.995,conflict-at-land,0,28,
26529.555,refuse,2,27,
26534.995,start,0,28,
26544.555,refuse,2,27,
26545.531,conflict-at-land,0,28,
26559.555,refuse,2,27,
26560.531,start,0,28,
26570.599,conflict-at-land,0,28,
26574.555,refuse,2,27,
26585.599,start,0,28,
26589.555,refuse,2,27,
26597.518,conflict-at-land,0,28,
26604.555,refuse,2,27,
26612.518,start,0,28,
26619.555,refuse,2,27,
26622.786,conflict-at-land,0,28,
26634.555,refuse,2,27,
26637.786,start,0,28,
26649.265,conflict-at-land,0,28,
26649.555,refuse,2,27,
26664.265,start,0,28,
26664.555,refuse,2,27,
26677.555,conflict-at-land,0,28,
26679.555,refuse,2,27,
26692.555,start,0,28,
26694.555,refuse,2,27,
26707.569,conflict-at-land,0,28,
26709.555,refuse,2,27,
26722.569,start,0,28,
26724.555,refuse,2,27,
26735.187,conflict-at-land,0,28,
26739.555,refuse,2,27,
26750.187,start,0,28,
26754.555,refuse,2,27,
26764.476,conflict-at-land,0,28,
26769.555,refuse,2,27,
26779.476,start,0,28,
26784.555,refuse,2,27,
26788.567,conflict-at-land,0,28,
26799.555,refuse,2,27,
26803.567,start,0,28,
26814.53,conflict-at-land,0,28,
26814.555,refuse,2,27,
26829.53,start,0,28,
26829.555,refuse,2,27,
26844.555,refuse,2,27,
26845.114,conflict-at-land,0,28,
26859.555,refuse,2,27,
26860.114,start,0,28,
26869.569,conflict-at-land,0,28,
26874.555,refuse,2,27,
26884.569,start,0,28,
26889.555,refuse,2,27,
26895.97,conflict-at-land,0,28,
26904.555,refuse,2,27,
26910.97,start,0,28,
26919.555,refuse,2,27,
26919.851,conflict-at-land,0,28,
26934.555,refuse,2,27,
26934.851,start,0,28,
26943.871,conflict-at-land,0,28,
26949.555,refuse,2,27,
26958.871,start,0,28,
26964.555,refuse,2,27,
26973.719,conflict-at-land,0,28,
26979.555,refuse,2,27,
26988.719,start,0,28,
26994.555,refuse,2,27,
27004.237,conflict-at-land,0,28,
27009.555,refuse,2,27,
27019.237,start,0,28,
27024.555,refuse,2,27,
27032.303,conflict-at-land,0,28,
27039.555,refuse,2,27,
27047.303,start,0,28,
27054.555,refuse,2,27,
27056.628,conflict-at-land,0,28,
27069.555,refuse,2,27,
27071.628,start,0,28,
27082.162,conflict-at-land,0,28,
27084.555,refuse,2,27,
27097.162,start,0,28,
27099.555,refuse,2,27,
27107.231,conflict-at-land,0,28,
27114.555,refuse,2,27,
27122.231,start,0,28,
27129.555,refuse,2,27,
27135.46,conflict-at-land,0,28,
27144.555,refuse,2,27,
27150.46,start,0,28,
27159.555,refuse,2,27,
27163.764,conflict-at-land,0,28,
27174.555,refuse,2,27,
27178.764,start,0,28,
27189.555,refuse,2,27,
27190.323,conflict-at-land,0,28,
27204.555,refuse,2,27,
27205.323,start,0,28,
27217.496,conflict-at-land,0,28,
27219.555,refuse,2,27,
27232.496,start,0,28,
27234.555,refuse,2,27,
27241.703,conflict-at-land,0,28,
27249.555,refuse,2,27,
27256.703,start,0,28,
27264.555,refuse,2,27,
27268.997,conflict-at-land,0,28,
27279.555,refuse,2,27,
27279.555,abandon,2,27,
27279.555,refuse,2,29,
27283.997,start,0,28,
27294.555,refuse,2,29,
27299.237,conflict-at-land,0,28,
27309.555,refuse,2,29,
27314.237,start,0,28,
27324.555,refuse,2,29,
27328.079,conflict-at-land,0,28,
27339.555,refuse,2,29,
27343.079,start,0,28,
27352.171,conflict-at-land,0,28,
27354.555,refuse,2,29,
27367.171,start,0,28,
27369.555,refuse,2,29,
27379.29,conflict-at-land,0,28,
27384.555,refuse,2,29,
27394.29,start,0,28,
27399.555,refuse,2,29,
27407.84,conflict-at-land,0,28,
27414.555,refuse,2,29,
27422.84,start,0,28,
27429.555,refuse,2,29,
27433.093,conflict-at-land,0,28,
27444.555,refuse,2,29,
27448.093,start,0,28,
27459.555,refuse,2,29,
27462.936,conflict-at-land,0,28,
27474.555,refuse,2,29,
27477.936,start,0,28,
27489.555,refuse,2,29,
27489.655,conflict-at-land,0,28,
27504.555,refuse,2,29,
27504.655,start,0,28,
27518.118,conflict-at-land,0,28,
27519.555,refuse,2,29,
27533.118,start,0,28,
27534.555,refuse,2,29,
27544.428,conflict-at-land,0,28,
27549.555,refuse,2,29,
27559.428,start,0,28,
27564.555,refuse,2,29,
27574.993,conflict-at-land,0,28,
27579.555,refuse,2,29,
27589.993,start,0,28,
27594.555,refuse,2,29,
27604.029,conflict-at-land,0,28,
27609.555,refuse,2,29,
27619.029,start,0,28,
27624.555,refuse,2,29,
27631.558,conflict-at-land,0,28,
27639.555,refuse,2,29,
27646.558,start,0,28,
27654.555,refuse,2,29,
27656.0,conflict-at-land,0,28,
27669.555,refuse,2,29,
27671.0,start,0,28,
27682.577,conflict-at-land,0,28,
27684.555,refuse,2,29,
27697.577,start,0,28,
27699.555,refuse,2,29,
27706.188,conflict-at-land,0,28,
27714.555,refuse,2,29,
27721.188,start,0,28,
27729.555,refuse,2,29,
27733.874,conflict-at-land,0,28,
27744.555,refuse,2,29,
27748.874,start,0,28,
27759.555,refuse,2,29,
27763.623,conflict-at-land,0,28,
27774.555,refuse,2,29,
27778.623,start,0,28,
27788.322,conflict-at-land,0,28,
27789.555,refuse,2,29,
27803.322,start,0,28,
27804.555,refuse,2,29,
27815.395,conflict-at-land,0,28,
27819.555,refuse,2,29,
27830.395,start,0,28,
27834.555,refuse,2,29,
27842.269,conflict-at-land,0,28,
27849.555,refuse,2,29,
27857.269,start,0,28,
27864.555,refuse,2,29,
27868.584,conflict-at-land,0,28,
27879.555,refuse,2,29,
27883.584,start,0,28,
27894.555,refuse,2,29,
27897.099,conflict-at-land,0,28,
27909.555,refuse,2,29,
27912.099,start,0,28,
27924.555,refuse,2,29,
27927.243,conflict-at-land,0,28,
27939.555,refuse,2,29,
27942.243,start,0,28,
27954.555,refuse,2,29,
27955.722,conflict-at-land,0,28,
27969.555,refuse,2,29,
27970.722,start,0,28,
27982.524,conflict-at-land,0,28,
27984.555,refuse,2,29,
27997.524,start,0,28,
27999.555,refuse,2,29,
28012.85,conflict-at-land,0,28,
28014.555,refuse,2,29,
28027.85,start,0,28,
28029.555,refuse,2,29,
28038.632,conflict-at-land,0,28,
28044.555,refuse,2,29,
28053.632,start,0,28,
28059.555,refuse,2,29,
28067.4,conflict-at-land,0,28,
28074.555,refuse,2,29,
28082.4,start,0,28,
28089.555,refuse,2,29,
28095.541,conflict-at-land,0,28,
28104.555,refuse,2,29,
28110.541,start,0,28,
28119.555,refuse,2,29,
28124.425,conflict-at-land,0,28,
28134.555,refuse,2,29,
28139.425,start,0,28,
28149.555,refuse,2,29,
28153.96,conflict-at-land,0,28,
28164.555,refuse,2,29,
28168.96,start,0,28,
28178.98,conflict-at-land,0,28,
28179.555,refuse,2,29,
28193.98,start,0,28,
28194.555,refuse,2,29,
28206.853,conflict-at-land,0,28,
28209.555,refuse,2,29,
28221.853,start,0,28,
28224.555,refuse,2,29,
28233.152,conflict-at-land,0,28,
28239.555,refuse,2,29,
28248.152,start,0,28,
28254.555,refuse,2,29,
28261.354,conflict-at-land,0,28,
28269.555,refuse,2,29,
28276.354,start,0,28,
28284.555,refuse,2,29,
28291.791,conflict-at-land,0,28,
28299.555,refuse,2,29,
28306.791,start,0,28,
28314.555,refuse,2,29,
28319.761,conflict-at-land,0,28,
28329.555,refuse,2,29,
28334.761,start,0,28,
28343.245,conflict-at-land,0,28,
28344.555,refuse,2,29,
28358.245,start,0,28,
28359.555,refuse,2,29,
28369.99,conflict-at-land,0,28,
28374.555,refuse,2,29,
28384.99,start,0,28,
28389.555,refuse,2,29,
28398.513,conflict-at-land,0,28,
28404.555,refuse,2,29,
28413.513,start,0,28,
28419.555,refuse,2,29,
28428.272,conflict-at-land,0,28,
28434.555,refuse,2,29,
28443.272,start,0,28,
28449.555,refuse,2,29,
28456.353,conflict-at-land,0,28,
28464.555,refuse,2,29,
28471.353,start,0,28,
28479.555,refuse,2,29,
28485.628,conflict-at-land,0,28,
28494.555,refuse,2,29,
28500.628,start,0,28,
28509.152,conflict-at-land,0,28,
28509.555,refuse,2,29,
28524.152,start,0,28,
28524.555,refuse,2,29,
28539.343,conflict-at-land,0,28,
28539.555,refuse,2,29,
28554.343,start,0,28,
28554.555,refuse,2,29,
28567.995,conflict-at-land,0,28,
28569.555,refuse,2,29,
28582.995,start,0,28,
28584.555,refuse,2,29,
28588.809,conflict-at-land,3,3,
28595.762,conflict-at-land,0,28,
28599.555,refuse,2,29,
28603.809,start,3,3,
28610.762,start,0,28,
28614.555,refuse,2,29,
28625.531,conflict-at-land,0,28,
28629.555,refuse,2,29,
28640.531,start,0,28,
28644.555,refuse,2,29,
28649.655,conflict-at-land,0,28,
28659.555,refuse,2,29,
28664.655,start,0,28,
28674.555,refuse,2,29,
28678.927,conflict-at-land,0,28,
28689.555,refuse,2,29,
28693.927,start,0,28,
28704.555,refuse,2,29,
28707.85,conflict-at-land,0,28,
28719.555,refuse,2,29,
28722.85,start,0,28,
28732.686,conflict-at-land,0,28,
28734.555,refuse,2,29,
28747.686,start,0,28,
28749.555,refuse,2,29,
28761.445,conflict-at-land,0,28,
28764.555,refuse,2,29,
28776.445,start,0,28,
28779.555,refuse,2,29,
28789.066,conflict-at-land,0,28,
28794.555,refuse,2,29,
28804.066,start,0,28,
28809.555,refuse,2,29,
28813.844,conflict-at-land,0,28,
28824.555,refuse,2,29,
28828.844,start,0,28,
28839.555,refuse,2,29,
28843.035,conflict-at-land,0,28,
28854.555,refuse,2,29,
28858.035,start,0,28,
28867.427,conflict-at-land,0,28,
28869.555,refuse,2,29,
28882.427,start,0,28,
28884.555,refuse,2,29,
28895.236,conflict-at-land,0,28,
28899.555,refuse,2,29,
28910.236,start,0,28,
28914.555,refuse,2,29,
28921.764,conflict-at-land,0,28,
28929.555,refuse,2,29,
28936.764,start,0,28,
28944.555,refuse,2,29,
28946.99,conflict-at-land,0,28,
28959.555,refuse,2,29,
28961.99,start,0,28,
28974.466,conflict-at-land,0,28,
28974.555,refuse,2,29,
28989.466,start,0,28,
28989.555,refuse,2,29,
29001.229,conflict-at-land,0,28,
29004.555,refuse,2,29,
29016.229,start,0,28,
29019.555,refuse,2,29,
29026.105,conflict-at-land,0,28,
29034.555,refuse,2,29,
29041.105,start,0,28,
29049.555,refuse,2,29,
29056.466,conflict-at-land,0,28,
29064.555,refuse,2,29,
29071.466,start,0,28,
29079.555,refuse,2,29,
29080.39,conflict-at-land,0,28,
29094.555,refuse,2,29,
29095.39,start,0,28,
29103.812,conflict-at-land,0,28,
29109.555,refuse,2,29,
29118.812,start,0,28,
29124.555,refuse,2,29,
29130.707,conflict-at-land,0,28,
29139.555,refuse,2,29,
29145.707,start,0,28,
29154.555,refuse,2,29,
29160.135,conflict-at-land,0,28,
29169.555,refuse,2,29,
29175.135,start,0,28,
29184.555,refuse,2,29,
29188.275,conflict-at-land,0,28,
29199.555,refuse,2,29,
29203.275,start,0,28,
29214.555,refuse,2,29,
29217.109,conflict-at-land,0,28,
29229.555,refuse,2,29,
29232.109,start,0,28,
29244.001,conflict-at-land,0,28,
29244.555,refuse,2,29,
29259.001,start,0,28,
29259.555,refuse,2,29,
29272.26,conflict-at-land,0,28,
29274.555,refuse,2,29,
29287.26,start,0,28,
29289.555,refuse,2,29,
29298.071,conflict-at-land,0,28,
29304.555,refuse,2,29,
29313.071,start,0,28,
29319.555,refuse,2,29,
29323.393,conflict-at-land,0,28,
29334.555,refuse,2,29,
29338.393,start,0,28,
29349.555,refuse,2,29,
29350.414,conflict-at-land,0,28,
29364.555,refuse,2,29,
29365.414,start,0,28,
29374.012,conflict-at-land,0,28,
29379.555,refuse,2,29,
29389.012,start,0,28,
29394.555,refuse,2,29,
29397.987,conflict-at-land,0,28,
29409.555,refuse,2,29,
29412.987,start,0,28,
29424.555,refuse,2,29,
29426.815,conflict-at-land,0,28,
29439.555,refuse,2,29,
29441.815,start,0,28,
29451.466,conflict-at-land,0,28,
29454.555,refuse,2,29,
29466.466,start,0,28,
29469.555,refuse,2,29,
29480.268,conflict-at-land,0,28,
29484.555,refuse,2,29,
29495.268,start,0,28,
29499.555,refuse,2,29,
29509.315,conflict-at-land,0,28,
29514.555,refuse,2,29,
29524.315,start,0,28,
29529.555,refuse,2,29,
29535.627,conflict-at-land,0,28,
29544.555,refuse,2,29,
29550.627,start,0,28,
29559.555,refuse,2,29,
29563.887,conflict-at-land,0,28,
29574.555,refuse,2,29,
29578.887,start,0,28,
29589.555,refuse,2,29,
29592.957,conflict-at-land,0,28,
29604.555,refuse,2,29,
29607.957,start,0,28,
29619.555,refuse,2,29,
29622.578,conflict-at-land,0,28,
29634.555,refuse,2,29,
29637.578,start,0,28,
29646.949,conflict-at-land,0,28,
29649.555,refuse,2,29,
29661.949,start,0,28,
29664.555,refuse,2,29,
29671.519,conflict-at-land,0,28,
29679.555,refuse,2,29,
29686.519,start,0,28,
29694.555,refuse,2,29,
29697.667,conflict-at-land,0,28,
29709.555,refuse,2,29,
29712.667,start,0,28,
29724.413,conflict-at-land,0,28,
29724.555,refuse,2,29,
29739.413,start,0,28,
29739.555,refuse,2,29,
29749.936,conflict-at-land,0,28,
29754.555,refuse,2,29,
29764.936,start,0,28,
29769.555,refuse,2,29,
29773.41,conflict-at-land,0,28,
29784.555,refuse,2,29,
29788.41,start,0,28,
29799.555,refuse,2,29,
29800.824,conflict-at-land,0,28,
29814.555,refuse,2,29,
29815.824,start,0,28,
29829.555,refuse,2,29,
29831.186,conflict-at-land,0,28,
29844.555,refuse,2,29,
29846.186,start,0,28,
29857.224,conflict-at-land,0,28,
29859.555,refuse,2,29,
29872.224,start,0,28,
29874.555,refuse,2,29,
29884.498,conflict-at-land,0,28,
29889.555,refuse,2,29,
29899.498,start,0,28,
29904.555,refuse,2,29,
29910.65,conflict-at-land,0,28,
29919.555,refuse,2,29,
29925.65,start,0,28,
29934.555,refuse,2,29,
29937.239,conflict-at-land,0,28,
29949.555,refuse,2,29,
29952.239,start,0,28,
29964.555,refuse,2,29,
29966.906,conflict-at-land,0,28,
29979.555,refuse,2,29,
29981.906,start,0,28,
29992.527,conflict-at-land,0,28,
29994.555,refuse,2,29,
30007.527,start,0,28,
30009.555,refuse,2,29,
30020.6,conflict-at-land,0,28,
30024.555,refuse,2,29,
30035.6,start,0,28,
30039.555,refuse,2,29,
30047.483,conflict-at-land,0,28,
30054.555,refuse,2,29,
30062.483,start,0,28,
30069.555,refuse,2,29,
30074.761,conflict-at-land,0,28,
30084.555,refuse,2,29,
30089.761,start,0,28,
30099.555,refuse,2,29,
30104.747,conflict-at-land,0,28,
30114.555,refuse,2,29,
30119.747,start,0,28,
30128.699,conflict-at-land,0,28,
30129.555,refuse,2,29,
30143.699,start,0,28,
30144.555,refuse,2,29,
30158.035,conflict-at-land,0,28,
30159.555,refuse,2,29,
30173.035,start,0,28,
30174.555,refuse,2,29,
30183.625,conflict-at-land,0,28,
30189.555,refuse,2,29,
30198.625,start,0,28,
30204.555,refuse,2,29,
30211.678,conflict-at-land,0,28,
30219.555,refuse,2,29,
30226.678,start,0,28,
30234.555,refuse,2,29,
30240.808,conflict-at-land,0,28,
30249.555,refuse,2,29,
30255.808,start,0,28,
30264.555,refuse,2,29,
30268.913,conflict-at-land,0,28,
30279.555,refuse,2,29,
30279.555,abandon,2,29,
30279.555,refuse,2,30,
30283.913,start,0,28,
30294.555,refuse,2,30,
30295.142,conflict-at-land,0,28,
30309.555,refuse,2,30,
30310.142,start,0,28,
30324.555,refuse,2,30,
30324.595,conflict-at-land,0,28,
30339.555,refuse,2,30,
30339.595,start,0,28,
30348.665,conflict-at-land,0,28,
30354.555,refuse,2,30,
30363.665,start,0,28,
30369.555,refuse,2,30,
30376.624,conflict-at-land,0,28,
30384.555,refuse,2,30,
30391.624,start,0,28,
30399.555,refuse,2,30,
30402.84,conflict-at-land,0,28,
30414.555,refuse,2,30,
30417.84,start,0,28,
30429.555,refuse,2,30,
30430.06,conflict-at-land,0,28,
30444.555,refuse,2,30,
30445.06,start,0,28,
30459.555,refuse,2,30,
30459.587,conflict-at-land,0,28,
30474.555,refuse,2,30,
30474.587,start,0,28,
30488.731,conflict-at-land,0,28,
30489.555,refuse,2,30,
30503.731,start,0,28,
30504.555,refuse,2,30,
30516.659,conflict-at-land,0,28,
30519.555,refuse,2,30,
30531.659,start,0,28,
30534.555,refuse,2,30,
30542.277,conflict-at-land,0,28,
30549.555,refuse,2,30,
30557.277,start,0,28,
30564.555,refuse,2,30,
30567.354,conflict-at-land,0,28,
30579.555,refuse,2,30,
30582.354,start,0,28,
30594.048,conflict-at-land,0,28,
30594.555,refuse,2,30,
30609.048,start,0,28,
30609.555,refuse,2,30,
30619.119,conflict-at-land,0,28,
30624.555,refuse,2,30,
30634.119,start,0,28,
30639.555,refuse,2,30,
30644.517,conflict-at-land,0,28,
30654.555,refuse,2,30,
30659.517,start,0,28,
30669.555,refuse,2,30,
30674.813,conflict-at-land,0,28,
30684.555,refuse,2,30,
30689.813,start,0,28,
30699.019,conflict-at-land,0,28,
30699.555,refuse,2,30,
30714.019,start,0,28,
30714.555,refuse,2,30,
30728.313,conflict-at-land,0,28,
30729.555,refuse,2,30,
30743.313,start,0,28,
30744.555,refuse,2,30,
30754.444,conflict-at-land,0,28,
30759.555,refuse,2,30,
30769.444,start,0,28,
30774.555,refuse,2,30,
30780.469,conflict-at-land,0,28,
30789.555,refuse,2,30,
30795.469,start,0,28,
30804.555,refuse,2,30,
30806.161,conflict-at-land,0,28,
30819.555,refuse,2,30,
30821.161,start,0,28,
30830.119,conflict-at-land,0,28,
30834.555,refuse,2,30,
30845.119,start,0,28,
30849.555,refuse,2,30,
30856.812,conflict-at-land,0,28,
30864.555,refuse,2,30,
30871.812,start,0,28,
30879.555,refuse,2,30,
30881.41,conflict-at-land,0,28,
30894.555,refuse,2,30,
30896.41,start,0,28,
30907.993,conflict-at-land,0,28,
30909.555,refuse,2,30,
30922.993,start,0,28,
30924.555,refuse,2,30,
30933.495,conflict-at-land,0,28,
30939.555,refuse,2,30,
30948.495,start,0,28,
30954.555,refuse,2,30,
30963.336,conflict-at-land,0,28,
30969.555,refuse,2,30,
30978.336,start,0,28,
30984.555,refuse,2,30,
30993.373,conflict-at-land,0,28,
30999.555,refuse,2,30,
31008.373,start,0,28,
31014.555,refuse,2,30,
31019.955,conflict-at-land,0,28,
31029.555,refuse,2,30,
31034.955,start,0,28,
31044.555,refuse,2,30,
31047.96,conflict-at-land,0,28,
31059.555,refuse,2,30,
31062.96,start,0,28,
31074.555,refuse,2,30,
31078.054,conflict-at-land,0,28,
31089.555,refuse,2,30,
31093.054,start,0,28,
31103.803,conflict-at-land,0,28,
31104.555,refuse,2,30,
31118.803,start,0,28,
31119.555,refuse,2,30,
31127.919,conflict-at-land,0,28,
31134.555,refuse,2,30,
31142.919,start,0,28,
31149.555,refuse,2,30,
31153.032,conflict-at-land,0,28,
31164.555,refuse,2,30,
31168.032,start,0,28,
31177.797,conflict-at-land,0,28,
31179.555,refuse,2,30,
31192.797,start,0,28,
31194.555,refuse,2,30,
31206.082,conflict-at-land,0,28,
31209.555,refuse,2,30,
31221.082,start,0,28,
31224.555,refuse,2,30,
31232.173,conflict-at-land,0,28,
31239.555,refuse,2,30,
31247.173,start,0,28,
31254.555,refuse,2,30,
31258.137,conflict-at-land,0,28,
31269.555,refuse,2,30,
31273.137,start,0,28,
31284.555,refuse,2,30,
31287.261,conflict-at-land,0,28,
31299.555,refuse,2,30,
31302.261,start,0,28,
31312.34,conflict-at-land,0,28,
31314.555,refuse,2,30,
31327.34,start,0,28,
31329.555,refuse,2,30,
31341.562,conflict-at-land,0,28,
31344.555,refuse,2,30,
31356.562,start,0,28,
31359.555,refuse,2,30,
31369.519,conflict-at-land,0,28,
31371.159,conflict-at-land,3,3,
31374.555,refuse,2,30,
31384.519,start,0,28,
31386.159,start,3,3,
31389.555,refuse,2,30,
31395.801,conflict-at-land,0,28,
31404.555,refuse,2,30,
31410.801,start,0,28,
31419.555,refuse,2,30,
31421.665,conflict-at-land,0,28,
31434.555,refuse,2,30,
31436.665,start,0,28,
31449.555,refuse,2,30,
31451.391,conflict-at-land,0,28,
31464.555,refuse,2,30,
31466.391,start,0,28,
31479.555,refuse,2,30,
31481.457,conflict-at-land,0,28,
31494.555,refuse,2,30,
31496.457,start,0,28,
31508.476,conflict-at-land,0,28,
31508.476,abandon,0,28,
31508.476,start,0,31,
31509.555,refuse,2,30,
31518.502,land,0,31,
31518.502,refuse,0,32,
31524.555,refuse,2,30,
31533.502,refuse,0,32,
31539.555,refuse,2,30,
31548.502,refuse,0,32,
31554.555,refuse,2,30,
31563.502,refuse,0,32,
31569.555,refuse,2,30,
31578.502,refuse,0,32,
31584.555,refuse,2,30,
31593.502,refuse,0,32,
31599.555,refuse,2,30,
31608.502,refuse,0,32,
31614.555,refuse,2,30,
31623.502,refuse,0,32,
31629.555,refuse,2,30,
31638.502,refuse,0,32,
31644.555,refuse,2,30,
31653.502,refuse,0,32,
31659.555,refuse,2,30,
31668.502,refuse,0,32,
31674.555,refuse,2,30,
31683.502,refuse,0,32,
31689.555,refuse,2,30,
31698.502,refuse,0,32,
31704.555,refuse,2,30,
31713.502,refuse,0,32,
31719.555,refuse,2,30,
31728.502,refuse,0,32,
31734.555,refuse,2,30,
31743.502,refuse,0,32,
31749.555,refuse,2,30,
31758.502,refuse,0,32,
31764.555,refuse,2,30,
31773.502,refuse,0,32,
31779.555,refuse,2,30,
31788.502,refuse,0,32,
31794.555,refuse,2,30,
31803.502,refuse,0,32,
31809.555,refuse,2,30,
31818.502,refuse,0,32,
31824.555,refuse,2,30,
31833.502,refuse,0,32,
31839.555,refuse,2,30,
31848.502,refuse,0,32,
31854.555,refuse,2,30,
31863.502,refuse,0,32,
31869.555,refuse,2,30,
31878.502,refuse,0,32,
31884.555,refuse,2,30,
31893.502,refuse,0,32,
31899.555,refuse,2,30,
31908.502,refuse,0,32,
31914.555,refuse,2,30,
31923.502,refuse,0,32,
31929.555,refuse,2,30,
31938.502,refuse,0,32,
31944.555,refuse,2,30,
31953.502,refuse,0,32,
31959.555,refuse,2,30,
31968.502,refuse,0,32,
31974.555,refuse,2,30,
31983.502,refuse,0,32,
31989.555,refuse,2,30,
31998.502,refuse,0,32,
32004.555,refuse,2,30,
32013.502,refuse,0,32,
32019.555,refuse,2,30,
32028.502,refuse,0,32,
32034.555,refuse,2,30,
32043.502,refuse,0,32,
32049.555,refuse,2,30,
32058.502,refuse,0,32,
32064.555,refuse,2,30,
32073.502,refuse,0,32,
32079.555,refuse,2,30,
32088.502,refuse,0,32,
32094.555,refuse,2,30,
32103.502,refuse,0,32,
32109.555,refuse,2,30,
32118.502,refuse,0,32,
32124.555,refuse,2,30,
32133.502,refuse,0,32,
32139.555,refuse,2,30,
32148.502,refuse,0,32,
32154.555,refuse,2,30,
32163.502,refuse,0,32,
32169.555,refuse,2,30,
32178.502,refuse,0,32,
32184.555,refuse,2,30,
32193.502,refuse,0,32,
32199.555,refuse,2,30,
32208.502,refuse,0,32,
32214.555,refuse,2,30,
32223.502,refuse,0,32,
32229.555,refuse,2,30,
32238.502,refuse,0,32,
32244.555,refuse,2,30,
32253.502,refuse,0,32,
32259.555,refuse,2,30,
32268.502,refuse,0,32,
32274.555,refuse,2,30,
32283.502,refuse,0,32,
32289.555,refuse,2,30,
32298.502,refuse,0,32,
32304.555,refuse,2,30,
32313.502,refuse,0,32,
32319.555,refuse,2,30,
32328.502,refuse,0,32,
32334.555,refuse,2,30,
32343.502,refuse,0,32,
32349.555,refuse,2,30,
32358.502,refuse,0,32,
32364.555,refuse,2,30,
32373.502,refuse,0,32,
32379.555,refuse,2,30,
32388.502,refuse,0,32,
32394.555,refuse,2,30,
32403.502,refuse,0,32,
32409.555,refuse,2,30,
32418.502,refuse,0,32,
32424.555,refuse,2,30,
32433.502,refuse,0,32,
32439.555,refuse,2,30,
32448.502,refuse,0,32,
32454.555,refuse,2,30,
32463.502,refuse,0,32,
32469.555,refuse,2,30,
32478.502,refuse,0,32,
32484.555,refuse,2,30,
32493.502,refuse,0,32,
32499.555,refuse,2,30,
32508.502,refuse,0,32,
32514.555,refuse,2,30,
32523.502,refuse,0,32,
32529.555,refuse,2,30,
32538.502,refuse,0,32,
32544.555,refuse,2,30,
32553.502,refuse,0,32,
32559.555,refuse,2,30,
32568.502,refuse,0,32,
32574.555,refuse,2,30,
32583.502,refuse,0,32,
32589.555,refuse,2,30,
32598.502,refuse,0,32,
32604.555,refuse,2,30,
32613.502,refuse,0,32,
32619.555,refuse,2,30,
32628.502,refuse,0,32,
32634.555,refuse,2,30,
32643.502,refuse,0,32,
32649.555,refuse,2,30,
32658.502,refuse,0,32,
32664.555,refuse,2,30,
32673.502,refuse,0,32,
32679.555,refuse,2,30,
32688.502,refuse,0,32,
32694.555,refuse,2,30,
32703.502,refuse,0,32,
32709.555,refuse,2,30,
32718.502,refuse,0,32,
32724.555,refuse,2,30,
32733.502,refuse,0,32,
32739.555,refuse,2,30,
32748.502,refuse,0,32,
32754.555,refuse,2,30,
32763.502,refuse,0,32,
32769.555,refuse,2,30,
32778.502,refuse,0,32,
32784.555,refuse,2,30,
32793.502,refuse,0,32,
32799.555,refuse,2,30,
32808.502,refuse,0,32,
32814.555,refuse,2,30,
32823.502,refuse,0,32,
32829.555,refuse,2,30,
32838.502,refuse,0,32,
32844.555,refuse,2,30,
32853.502,refuse,0,32,
32859.555,refuse,2,30,
32868.502,refuse,0,32,
32874.555,refuse,2,30,
32883.502,refuse,0,32,
32889.555,refuse,2,30,
32898.502,refuse,0,32,
32904.555,refuse,2,30,
32913.502,refuse,0,32,
32919.555,refuse,2,30,
32928.502,refuse,0,32,
32934.555,refuse,2,30,
32943.502,refuse,0,32,
32949.555,refuse,2,30,
32958.502,refuse,0,32,
32964.555,refuse,2,30,
32973.502,refuse,0,32,
32979.555,refuse,2,30,
32988.502,refuse,0,32,
32994.555,refuse,2,30,
33003.502,refuse,0,32,
33009.555,refuse,2,30,
33018.502,refuse,0,32,
33024.555,refuse,2,30,
33033.502,refuse,0,32,
33039.555,refuse,2,30,
33048.502,refuse,0,32,
33054.555,refuse,2,30,
33063.502,refuse,0,32,
33069.555,refuse,2,30,
33078.502,refuse,0,32,
33084.555,refuse,2,30,
33093.502,refuse,0,32,
33099.555,refuse,2,30,
33108.502,refuse,0,32,
33114.555,refuse,2,30,
33123.502,refuse,0,32,
33129.555,refuse,2,30,
33138.502,refuse,0,32,
33144.555,refuse,2,30,
33153.502,refuse,0,32,
33159.555,refuse,2,30,
33168.502,refuse,0,32,
33174.555,refuse,2,30,
33183.502,refuse,0,32,
33189.555,refuse,2,30,
33198.502,refuse,0,32,
33204.555,refuse,2,30,
33213.502,refuse,0,32,
33219.555,refuse,2,30,
33228.502,refuse,0,32,
33234.555,refuse,2,30,
33243.502,refuse,0,32,
33249.555,refuse,2,30,
33258.502,refuse,0,32,
33264.555,refuse,2,30,
33273.502,refuse,0,32,
33279.555,refuse,2,30,
33279.555,abandon,2,30,
33279.555,refuse,2,33,
33288.502,refuse,0,32,
33294.555,refuse,2,33,
33303.502,refuse,0,32,
33309.555,refuse,2,33,
33318.502,refuse,0,32,
33324.555,refuse,2,33,
33333.502,refuse,0,32,
33339.555,refuse,2,33,
33348.502,refuse,0,32,
33354.555,refuse,2,33,
33363.502,refuse,0,32,
33369.555,refuse,2,33,
33378.502,refuse,0,32,
33384.555,refuse,2,33,
33393.502,refuse,0,32,
33399.555,refuse,2,33,
33408.502,refuse,0,32,
33414.555,refuse,2,33,
33423.502,refuse,0,32,
33429.555,refuse,2,33,
33438.502,refuse,0,32,
33444.555,refuse,2,33,
33453.502,refuse,0,32,
33459.555,refuse,2,33,
33468.502,refuse,0,32,
33474.555,refuse,2,33,
33483.502,refuse,0,32,
33489.555,refuse,2,33,
33498.502,refuse,0,32,
33504.555,refuse,2,33,
33513.502,refuse,0,32,
33519.555,refuse,2,33,
33528.502,refuse,0,32,
33534.555,refuse,2,33,
33543.502,refuse,0,32,
33549.555,refuse,2,33,
33558.502,refuse,0,32,
33564.555,refuse,2,33,
33573.502,refuse,0,32,
33579.555,refuse,2,33,
33588.502,refuse,0,32,
33594.555,refuse,2,33,
33603.502,refuse,0,32,
33609.555,refuse,2,33,
33618.502,refuse,0,32,
33624.555,refuse,2,33,
33633.502,refuse,0,32,
33639.555,refuse,2,33,
33648.502,refuse,0,32,
33654.555,refuse,2,33,
33663.502,refuse,0,32,
33669.555,refuse,2,33,
33678.502,refuse,0,32,
33684.555,refuse,2,33,
33693.502,refuse,0,32,
33699.555,refuse,2,33,
33708.502,refuse,0,32,
33714.555,refuse,2,33,
33723.502,refuse,0,32,
33729.555,refuse,2,33,
33738.502,refuse,0,32,
33744.555,refuse,2,33,
33753.502,refuse,0,32,
33759.555,refuse,2,33,
33768.502,refuse,0,32,
33774.555,refuse,2,33,
33783.502,refuse,0,32,
33789.555,refuse,2,33,
33798.502,refuse,0,32,
33804.555,refuse,2,33,
33813.502,refuse,0,32,
33819.555,refuse,2,33,
33828.502,refuse,0,32,
33834.555,refuse,2,33,
33843.502,refuse,0,32,
33849.555,refuse,2,33,
33858.502,refuse,0,32,
33864.555,refuse,2,33,
33873.502,refuse,0,32,
33879.555,refuse,2,33,
33888.502,refuse,0,32,
33894.555,refuse,2,33,
33903.502,refuse,0,32,
33909.555,refuse,2,33,
33918.502,refuse,0,32,
33924.555,refuse,2,33,
33933.502,refuse,0,32,
33939.555,refuse,2,33,
33948.502,refuse,0,32,
33954.555,refuse,2,33,
33963.502,refuse,0,32,
33969.555,refuse,2,33,
33978.502,refuse,0,32,
33984.555,refuse,2,33,
33993.502,refuse,0,32,
33999.555,refuse,2,33,
34008.502,refuse,0,32,
34014.555,refuse,2,33,
34023.502,refuse,0,32,
34029.555,refuse,2,33,
34038.502,refuse,0,32,
34044.251,conflict-at-land,3,3,
34044.555,refuse,2,33,
34053.502,refuse,0,32,
34059.251,start,3,3,
34059.555,refuse,2,33,
34068.502,refuse,0,32,
34074.555,refuse,2,33,
34083.502,refuse,0,32,
34089.555,refuse,2,33,
34098.502,refuse,0,32,
34104.555,refuse,2,33,
34113.502,refuse,0,32,
34119.555,refuse,2,33,
34128.502,refuse,0,32,
34134.555,refuse,2,33,
34143.502,refuse,0,32,
34149.555,refuse,2,33,
34158.502,refuse,0,32,
34164.555,refuse,2,33,
34173.502,refuse,0,32,
34179.555,refuse,2,33,
34188.502,refuse,0,32,
34194.555,refuse,2,33,
34203.502,refuse,0,32,
34209.555,refuse,2,33,
34218.502,refuse,0,32,
34224.555,refuse,2,33,
34233.502,refuse,0,32,
34239.555,refuse,2,33,
34248.502,refuse,0,32,
34254.555,refuse,2,33,
34263.502,refuse,0,32,
34269.555,refuse,2,33,
34278.502,refuse,0,32,
34284.555,refuse,2,33,
34293.502,refuse,0,32,
34299.555,refuse,2,33,
34308.502,refuse,0,32,
34314.555,refuse,2,33,
34323.502,refuse,0,32,
34329.555,refuse,2,33,
34338.502,refuse,0,32,
34344.555,refuse,2,33,
34353.502,refuse,0,32,
34359.555,refuse,2,33,
34368.502,refuse,0,32,
34374.555,refuse,2,33,
34383.502,refuse,0,32,
34389.555,refuse,2,33,
34398.502,refuse,0,32,
34404.555,refuse,2,33,
34413.502,refuse,0,32,
34419.555,refuse,2,33,
34428.502,refuse,0,32,
34434.555,refuse,2,33,
34443.502,refuse,0,32,
34449.555,refuse,2,33,
34458.502,refuse,0,32,
34464.555,refuse,2,33,
34473.502,refuse,0,32,
34479.555,refuse,2,33,
34488.502,refuse,0,32,
34494.555,refuse,2,33,
34503.502,refuse,0,32,
34509.555,refuse,2,33,
34518.502,refuse,0,32,
34518.502,abandon,0,32,
34518.502,refuse,0,34,
34524.555,refuse,2,33,
34533.502,refuse,0,34,
34539.555,refuse,2,33,
34548.502,refuse,0,34,
34554.555,refuse,2,33,
34563.502,refuse,0,34,
34569.555,refuse,2,33,
34578.502,refuse,0,34,
34584.555,refuse,2,33,
34593.502,refuse,0,34,
34599.555,refuse,2,33,
34608.502,refuse,0,34,
34614.555,refuse,2,33,
34623.502,refuse,0,34,
34629.555,refuse,2,33,
34638.502,refuse,0,34,
34644.555,refuse,2,33,
34653.502,refuse,0,34,
34659.555,refuse,2,33,
34668.502,refuse,0,34,
34674.555,refuse,2,33,
34683.502,refuse,0,34,
34689.555,refuse,2,33,
34698.502,refuse,0,34,
34704.555,refuse,2,33,
34713.502,refuse,0,34,
34719.555,refuse,2,33,
34728.502,refuse,0,34,
34734.555,refuse,2,33,
34743.502,refuse,0,34,
34749.555,refuse,2,33,
34758.502,refuse,0,34,
34764.555,refuse,2,33,
34773.502,refuse,0,34,
34779.555,refuse,2,33,
34788.502,refuse,0,34,
34794.555,refuse,2,33,
34803.502,refuse,0,34,
34809.555,refuse,2,33,
34818.502,refuse,0,34,
34824.555,refuse,2,33,
34833.502,refuse,0,34,
34839.555,refuse,2,33,
34848.502,refuse,0,34,
34854.555,refuse,2,33,
34863.502,refuse,0,34,
34869.555,refuse,2,33,
34878.502,refuse,0,34,
34884.555,refuse,2,33,
34893.502,refuse,0,34,
34899.555,refuse,2,33,
34908.502,refuse,0,34,
34914.555,refuse,2,33,
34923.502,refuse,0,34,
34929.555,refuse,2,33,
34938.502,refuse,0,34,
34944.555,refuse,2,33,
34953.502,refuse,0,34,
34959.555,refuse,2,33,
34968.502,refuse,0,34,
34974.555,refuse,2,33,
34983.502,refuse,0,34,
34989.555,refuse,2,33,
34998.502,refuse,0,34,
35004.555,refuse,2,33,
35013.502,refuse,0,34,
35019.555,refuse,2,33,
35028.502,refuse,0,34,
35034.555,refuse,2,33,
35043.502,refuse,0,34,
35049.555,refuse,2,33,
35058.502,refuse,0,34,
35064.555,refuse,2,33,
35073.502,refuse,0,34,
35079.555,refuse,2,33,
35088.502,refuse,0,34,
35094.555,refuse,2,33,
35103.502,refuse,0,34,
35109.555,refuse,2,33,
35118.502,refuse,0,34,
35124.555,refuse,2,33,
35133.502,refuse,0,34,
35139.555,refuse,2,33,
35148.502,refuse,0,34,
35154.555,refuse,2,33,
35163.502,refuse,0,34,
35169.555,refuse,2,33,
35178.502,refuse,0,34,
35184.555,refuse,2,33,
35193.502,refuse,0,34,
35199.555,refuse,2,33,
35208.502,refuse,0,34,
35214.555,refuse,2,33,
35223.502,refuse,0,34,
35229.555,refuse,2,33,
35238.502,refuse,0,34,
35244.555,refuse,2,33,
35253.502,refuse,0,34,
35259.555,refuse,2,33,
35268.502,refuse,0,34,
35274.555,refuse,2,33,
35283.502,refuse,0,34,
35289.555,refuse,2,33,
35298.502,refuse,0,34,
35304.555,refuse,2,33,
35313.502,refuse,0,34,
35319.555,refuse,2,33,
35328.502,refuse,0,34,
35334.555,refuse,2,33,
35343.502,refuse,0,34,
35349.555,refuse,2,33,
35358.502,refuse,0,34,
35364.555,refuse,2,33,
35373.502,refuse,0,34,
35379.555,refuse,2,33,
35388.502,refuse,0,34,
35394.555,refuse,2,33,
35403.502,refuse,0,34,
35409.555,refuse,2,33,
35418.502,refuse,0,34,
35424.555,refuse,2,33,
35433.502,refuse,0,34,
35439.555,refuse,2,33,
35448.502,refuse,0,34,
35454.555,refuse,2,33,
35463.502,refuse,0,34,
35469.555,refuse,2,33,
35478.502,refuse,0,34,
35484.555,refuse,2,33,
35493.502,refuse,0,34,
35499.555,refuse,2,33,
35508.502,refuse,0,34,
35514.555,refuse,2,33,
35523.502,refuse,0,34,
35529.555,refuse,2,33,
35538.502,refuse,0,34,
35544.555,refuse,2,33,
35553.502,refuse,0,34,
35559.555,refuse,2,33,
35568.502,refuse,0,34,
35574.555,refuse,2,33,
35583.502,refuse,0,34,
35589.555,refuse,2,33,
35598.502,refuse,0,34,
35604.555,refuse,2,33,
35613.502,refuse,0,34,
35619.555,refuse,2,33,
35628.502,refuse,0,34,
35634.555,refuse,2,33,
35643.502,refuse,0,34,
35649.555,refuse,2,33,
35658.502,refuse,0,34,
35664.555,refuse,2,33,
35673.502,refuse,0,34,
35679.555,refuse,2,33,
35688.502,refuse,0,34,
35694.555,refuse,2,33,
35703.502,refuse,0,34,
35709.555,refuse,2,33,
35718.502,refuse,0,34,
35724.555,refuse,2,33,
35733.502,refuse,0,34,
35739.555,refuse,2,33,
35748.502,refuse,0,34,
35754.555,refuse,2,33,
35763.502,refuse,0,34,
35769.555,refuse,2,33,
35778.502,refuse,0,34,
35784.555,refuse,2,33,
35793.502,refuse,0,34,
35799.555,refuse,2,33,
35808.502,refuse,0,34,
35814.555,refuse,2,33,
35823.502,refuse,0,34,
35829.555,refuse,2,33,
35838.502,refuse,0,34,
35844.555,refuse,2,33,
35853.502,refuse,0,34,
35859.555,refuse,2,33,
35868.502,refuse,0,34,
35874.555,refuse,2,33,
35883.502,refuse,0,34,
35889.555,refuse,2,33,
35898.502,refuse,0,34,
35904.555,refuse,2,33,
35913.502,refuse,0,34,
35919.555,refuse,2,33,
35928.502,refuse,0,34,
35934.555,refuse,2,33,
35943.502,refuse,0,34,
35949.555,refuse,2,33,
35958.502,refuse,0,34,
35964.555,refuse,2,33,
35973.502,refuse,0,34,
35979.555,refuse,2,33,
35988.502,refuse,0,34,
35994.555,refuse,2,33,
36003.502,refuse,0,34,
36009.555,refuse,2,33,
36018.502,refuse,0,34,
36024.555,refuse,2,33,
36033.502,refuse,0,34,
36039.555,refuse,2,33,
36048.502,refuse,0,34,
36054.555,refuse,2,33,
36063.502,refuse,0,34,
36069.555,refuse,2,33,
36078.502,refuse,0,34,
36084.555,refuse,2,33,
36093.502,refuse,0,34,
36099.555,refuse,2,33,
36108.502,refuse,0,34,
36114.555,refuse,2,33,
36123.502,refuse,0,34,
36129.555,refuse,2,33,
36138.502,refuse,0,34,
36144.555,refuse,2,33,
36153.502,refuse,0,34,
36159.555,refuse,2,33,
36168.502,refuse,0,34,
36174.555,refuse,2,33,
36183.502,refuse,0,34,
36189.555,refuse,2,33,
36198.502,refuse,0,34,
36204.555,refuse,2,33,
36213.502,refuse,0,34,
36219.555,refuse,2,33,
36228.502,refuse,0,34,
36234.555,refuse,2,33,
36243.502,refuse,0,34,
36249.555,refuse,2,33,
36258.502,refuse,0,34,
36264.555,refuse,2,33,
36273.502,refuse,0,34,
36279.555,refuse,2,33,
36279.555,abandon,2,33,
36279.555,refuse,2,35,
36288.502,refuse,0,34,
36294.555,refuse,2,35,
36303.502,refuse,0,34,
36309.555,refuse,2,35,
36318.502,refuse,0,34,
36324.555,refuse,2,35,
36333.502,refuse,0,34,
36339.555,refuse,2,35,
36348.502,refuse,0,34,
36354.555,refuse,2,35,
36363.502,refuse,0,34,
36369.555,refuse,2,35,
36378.502,refuse,0,34,
36384.555,refuse,2,35,
36393.502,refuse,0,34,
36399.555,refuse,2,35,
36408.502,refuse,0,34,
36414.555,refuse,2,35,
36423.502,refuse,0,34,
36429.555,refuse,2,35,
36438.502,refuse,0,34,
36444.555,refuse,2,35,
36453.502,refuse,0,34,
36459.555,refuse,2,35,
36468.502,refuse,0,34,
36474.555,refuse,2,35,
36483.502,refuse,0,34,
36489.555,refuse,2,35,
36498.502,refuse,0,34,
36504.555,refuse,2,35,
36513.502,refuse,0,34,
36519.555,refuse,2,35,
36528.502,refuse,0,34,
36534.555,refuse,2,35,
36543.502,refuse,0,34,
36549.555,refuse,2,35,
36558.502,refuse,0,34,
36564.555,refuse,2,35,
36573.502,refuse,0,34,
36579.555,refuse,2,35,
36588.502,refuse,0,34,
36594.555,refuse,2,35,
36603.502,refuse,0,34,
36609.555,refuse,2,35,
36618.502,refuse,0,34,
36624.555,refuse,2,35,
36633.502,refuse,0,34,
36639.555,refuse,2,35,
36648.502,refuse,0,34,
36654.555,refuse,2,35,
36663.502,refuse,0,34,
36669.555,refuse,2,35,
36678.502,refuse,0,34,
36684.555,refuse,2,35,
36693.502,refuse,0,34,
36699.555,refuse,2,35,
36708.502,refuse,0,34,
36714.555,refuse,2,35,
36723.502,refuse,0,34,
36729.555,refuse,2,35,
36738.502,refuse,0,34,
36744.555,refuse,2,35,
36753.502,refuse,0,34,
36759.555,refuse,2,35,
36768.502,refuse,0,34,
36774.555,refuse,2,35,
36783.502,refuse,0,34,
36789.555,refuse,2,35,
36798.502,refuse,0,34,
36804.555,refuse,2,35,
36813.502,refuse,0,34,
36819.555,refuse,2,35,
36828.502,refuse,0,34,
36834.555,refuse,2,35,
36843.502,refuse,0,34,
36849.555,refuse,2,35,
36858.502,refuse,0,34,
36864.555,refuse,2,35,
36873.502,refuse,0,34,
36879.555,refuse,2,35,
36884.644,conflict-at-land,3,3,
36888.502,refuse,0,34,
36894.555,refuse,2,35,
36899.644,start,3,3,
36903.502,refuse,0,34,
36909.555,refuse,2,35,
36918.502,refuse,0,34,
36924.555,refuse,2,35,
36933.502,refuse,0,34,
36939.555,refuse,2,35,
36948.502,refuse,0,34,
36954.555,refuse,2,35,
36963.502,refuse,0,34,
36969.555,refuse,2,35,
36978.502,refuse,0,34,
36984.555,refuse,2,35,
36993.502,refuse,0,34,
36999.555,refuse,2,35,
37008.502,refuse,0,34,
37014.555,refuse,2,35,
37023.502,refuse,0,34,
37023.519,conflict-at-land,1,8,
37029.555,start,2,35,
37036.459,conflict-at-land,2,35,
37038.502,start,0,34,
37038.519,refuse,1,8,
37051.459,refuse,2,35,
37053.519,refuse,1,8,
37060.49,conflict-at-land,0,34,
37066.459,start,2,35,
37068.519,refuse,1,8,
37074.027,conflict-at-land,2,35,
37075.49,start,0,34,
37083.519,refuse,1,8,
37089.027,refuse,2,35,
37096.229,conflict-at-land,0,34,
37098.519,start,1,8,
37104.027,refuse,2,35,
37111.229,refuse,0,34,
37119.027,refuse,2,35,
37126.229,refuse,0,34,
37134.027,refuse,2,35,
37141.229,refuse,0,34,
37149.027,refuse,2,35,
37156.229,refuse,0,34,
37164.027,refuse,2,35,
37171.229,refuse,0,34,
37179.027,refuse,2,35,
37186.229,refuse,0,34,
37194.027,refuse,2,35,
37201.229,refuse,0,34,
37209.027,refuse,2,35,
37216.229,refuse,0,34,
37224.027,refuse,2,35,
37231.229,refuse,0,34,
37239.027,refuse,2,35,
37246.229,refuse,0,34,
37254.027,refuse,2,35,
37261.229,refuse,0,34,
37269.027,refuse,2,35,
37276.229,refuse,0,34,
37284.027,refuse,2,35,
37291.229,refuse,0,34,
37299.027,refuse,2,35,
37306.229,refuse,0,34,
37314.027,refuse,2,35,
37321.229,refuse,0,34,
37329.027,refuse,2,35,
37336.229,refuse,0,34,
37344.027,refuse,2,35,
37351.229,refuse,0,34,
37359.027,refuse,2,35,
37366.229,refuse,0,34,
37374.027,refuse,2,35,
37381.229,refuse,0,34,
37389.027,refuse,2,35,
37396.229,refuse,0,34,
37404.027,refuse,2,35,
37411.229,refuse,0,34,
37419.027,refuse,2,35,
37426.229,refuse,0,34,
37434.027,refuse,2,35,
37441.229,refuse,0,34,
37449.027,refuse,2,35,
37456.229,refuse,0,34,
37464.027,refuse,2,35,
37471.229,refuse,0,34,
37479.027,refuse,2,35,
37486.229,refuse,0,34,
37494.027,refuse,2,35,
37501.229,refuse,0,34,
37509.027,refuse,2,35,
37516.229,refuse,0,34,
37524.027,refuse,2,35,
37531.229,refuse,0,34,
37539.027,refuse,2,35,
37546.229,refuse,0,34,
37554.027,refuse,2,35,
37561.229,refuse,0,34,
37561.229,abandon,0,34,
37561.229,refuse,0,36,
37569.027,refuse,2,35,
37576.229,refuse,0,36,
37584.027,refuse,2,35,
37591.229,refuse,0,36,
37599.027,refuse,2,35,
37606.229,refuse,0,36,
37614.027,refuse,2,35,
37621.229,refuse,0,36,
37629.027,refuse,2,35,
37636.229,refuse,0,36,
37644.027,refuse,2,35,
37651.229,refuse,0,36,
37659.027,refuse,2,35,
37666.229,refuse,0,36,
37674.027,refuse,2,35,
37681.229,refuse,0,36,
37689.027,refuse,2,35,
37696.229,refuse,0,36,
37704.027,refuse,2,35,
37711.229,refuse,0,36,
37719.027,refuse,2,35,
37726.229,refuse,0,36,
37734.027,refuse,2,35,
37741.229,refuse,0,36,
37749.027,refuse,2,35,
37756.229,refuse,0,36,
37764.027,refuse,2,35,
37771.229,refuse,0,36,
37779.027,refuse,2,35,
37786.229,refuse,0,36,
37794.027,refuse,2,35,
37801.229,refuse,0,36,
37809.027,refuse,2,35,
37816.229,refuse,0,36,
37824.027,refuse,2,35,
37831.229,refuse,0,36,
37839.027,refuse,2,35,
37846.229,refuse,0,36,
37854.027,refuse,2,35,
37861.229,refuse,0,36,
37869.027,refuse,2,35,
37876.229,refuse,0,36,
37884.027,refuse,2,35,
37891.229,refuse,0,36,
37899.027,refuse,2,35,
37906.229,refuse,0,36,
37914.027,refuse,2,35,
37921.229,refuse,0,36,
37929.027,refuse,2,35,
37936.229,refuse,0,36,
37944.027,refuse,2,35,
37951.229,refuse,0,36,
37959.027,refuse,2,35,
37966.229,refuse,0,36,
37974.027,refuse,2,35,
37981.229,refuse,0,36,
37989.027,refuse,2,35,
37996.229,refuse,0,36,
38004.027,refuse,2,35,
38011.229,refuse,0,36,
38019.027,refuse,2,35,
38026.229,refuse,0,36,
38034.027,refuse,2,35,
38041.229,refuse,0,36,
38049.027,refuse,2,35,
38056.229,refuse,0,36,
38064.027,refuse,2,35,
38071.229,refuse,0,36,
38079.027,refuse,2,35,
38086.229,refuse,0,36,
38094.027,refuse,2,35,
38101.229,refuse,0,36,
38109.027,refuse,2,35,
38116.229,refuse,0,36,
38124.027,refuse,2,35,
38131.229,refuse,0,36,
38139.027,refuse,2,35,
38146.229,refuse,0,36,
38154.027,refuse,2,35,
38161.229,refuse,0,36,
38169.027,refuse,2,35,
38176.229,refuse,0,36,
38184.027,refuse,2,35,
38191.229,refuse,0,36,
38199.027,refuse,2,35,
38206.229,refuse,0,36,
38214.027,refuse,2,35,
38221.229,refuse,0,36,
38229.027,refuse,2,35,
38236.229,refuse,0,36,
38244.027,refuse,2,35,
38251.229,refuse,0,36,
38259.027,refuse,2,35,
38266.229,refuse,0,36,
38274.027,refuse,2,35,
38281.229,refuse,0,36,
38289.027,refuse,2,35,
38296.229,refuse,0,36,
38304.027,refuse,2,35,
38311.229,refuse,0,36,
38319.027,refuse,2,35,
38326.229,refuse,0,36,
38334.027,refuse,2,35,
38341.229,refuse,0,36,
38349.027,refuse,2,35,
38356.229,refuse,0,36,
38364.027,refuse,2,35,
38371.229,refuse,0,36,
38379.027,refuse,2,35,
38386.229,refuse,0,36,
38394.027,refuse,2,35,
38401.229,refuse,0,36,
38409.027,refuse,2,35,
38416.229,refuse,0,36,
38424.027,refuse,2,35,
38431.229,refuse,0,36,
38439.027,refuse,2,35,
38446.229,refuse,0,36,
38454.027,refuse,2,35,
38461.229,refuse,0,36,
38469.027,refuse,2,35,
38476.229,refuse,0,36,
38484.027,refuse,2,35,
38491.229,refuse,0,36,
38499.027,refuse,2,35,
38506.229,refuse,0,36,
38514.027,refuse,2,35,
38521.229,refuse,0,36,
38529.027,refuse,2,35,
38536.229,refuse,0,36,
38544.027,refuse,2,35,
38551.229,refuse,0,36,
38559.027,refuse,2,35,
38566.229,refuse,0,36,
38574.027,refuse,2,35,
38581.229,refuse,0,36,
38589.027,refuse,2,35,
38596.229,refuse,0,36,
38604.027,refuse,2,35,
38611.229,refuse,0,36,
38619.027,refuse,2,35,
38626.229,refuse,0,36,
38634.027,refuse,2,35,
38641.229,refuse,0,36,
38649.027,refuse,2,35,
38656.229,refuse,0,36,
38664.027,refuse,2,35,
38671.229,refuse,0,36,
38679.027,refuse,2,35,
38686.229,refuse,0,36,
38694.027,refuse,2,35,
38701.229,refuse,0,36,
38709.027,refuse,2,35,
38716.229,refuse,0,36,
38724.027,refuse,2,35,
38731.229,refuse,0,36,
38739.027,refuse,2,35,
38746.229,refuse,0,36,
38754.027,refuse,2,35,
38761.229,refuse,0,36,
38769.027,refuse,2,35,
38776.229,refuse,0,36,
38784.027,refuse,2,35,
38791.229,refuse,0,36,
38799.027,refuse,2,35,
38806.229,refuse,0,36,
38814.027,refuse,2,35,
38821.229,refuse,0,36,
38829.027,refuse,2,35,
38836.229,refuse,0,36,
38844.027,refuse,2,35,
38851.229,refuse,0,36,
38859.027,refuse,2,35,
38866.229,refuse,0,36,
38874.027,refuse,2,35,
38881.229,refuse,0,36,
38889.027,refuse,2,35,
38896.229,refuse,0,36,
38904.027,refuse,2,35,
38911.229,refuse,0,36,
38919.027,refuse,2,35,
38926.229,refuse,0,36,
38934.027,refuse,2,35,
38941.229,refuse,0,36,
38949.027,refuse,2,35,
38956.229,refuse,0,36,
38964.027,refuse,2,35,
38971.229,refuse,0,36,
38979.027,refuse,2,35,
38986.229,refuse,0,36,
38994.027,refuse,2,35,
39001.229,refuse,0,36,
39009.027,refuse,2,35,
39016.229,refuse,0,36,
39024.027,refuse,2,35,
39031.229,refuse,0,36,
39039.027,refuse,2,35,
39046.229,refuse,0,36,
39054.027,refuse,2,35,
39061.229,refuse,0,36,
39069.027,refuse,2,35,
39076.229,refuse,0,36,
39084.027,refuse,2,35,
39091.229,refuse,0,36,
39099.027,refuse,2,35,
39106.229,refuse,0,36,
39114.027,refuse,2,35,
39121.229,refuse,0,36,
39129.027,refuse,2,35,
39136.229,refuse,0,36,
39144.027,refuse,2,35,
39151.229,refuse,0,36,
39159.027,refuse,2,35,
39166.229,refuse,0,36,
39174.027,refuse,2,35,
39181.229,refuse,0,36,
39189.027,refuse,2,35,
39196.229,refuse,0,36,
39204.027,refuse,2,35,
39211.229,refuse,0,36,
39219.027,refuse,2,35,
39226.229,refuse,0,36,
39234.027,refuse,2,35,
39241.229,refuse,0,36,
39249.027,refuse,2,35,
39256.229,refuse,0,36,
39264.027,refuse,2,35,
39271.229,refuse,0,36,
39279.027,refuse,2,35,
39286.229,refuse,0,36,
39294.027,refuse,2,35,
39294.027,abandon,2,35,
39294.027,refuse,2,37,
39301.229,refuse,0,36,
39309.027,refuse,2,37,
39316.229,refuse,0,36,
39324.027,refuse,2,37,
39331.229,refuse,0,36,
39339.027,refuse,2,37,
39346.229,refuse,0,36,
39354.027,refuse,2,37,
39361.229,refuse,0,36,
39369.027,refuse,2,37,
39376.229,refuse,0,36,
39384.027,refuse,2,37,
39391.229,refuse,0,36,
39399.027,refuse,2,37,
39406.229,refuse,0,36,
39414.027,refuse,2,37,
39421.229,refuse,0,36,
39429.027,refuse,2,37,
39436.229,refuse,0,36,
39444.027,refuse,2,37,
39449.607,conflict-at-land,3,3,
39451.229,refuse,0,36,
39459.027,refuse,2,37,
39464.607,start,3,3,
39466.229,refuse,0,36,
39474.027,refuse,2,37,
39481.229,refuse,0,36,
39489.027,refuse,2,37,
39496.229,refuse,0,36,
39504.027,refuse,2,37,
39511.229,refuse,0,36,
39519.027,refuse,2,37,
39526.229,refuse,0,36,
39534.027,refuse,2,37,
39541.229,refuse,0,36,
39549.027,refuse,2,37,
39556.229,refuse,0,36,
39564.027,refuse,2,37,
39571.229,refuse,0,36,
39579.027,refuse,2,37,
39586.229,refuse,0,36,
39594.027,refuse,2,37,
39601.229,refuse,0,36,
39609.027,refuse,2,37,
39616.229,refuse,0,36,
39624.027,refuse,2,37,
39631.229,refuse,0,36,
39639.027,refuse,2,37,
39646.229,refuse,0,36,
39654.027,refuse,2,37,
39661.229,refuse,0,36,
39669.027,refuse,2,37,
39676.229,refuse,0,36,
39684.027,refuse,2,37,
39691.229,refuse,0,36,
39699.027,refuse,2,37,
39706.229,refuse,0,36,
39714.027,refuse,2,37,
39721.229,refuse,0,36,
39729.027,refuse,2,37,
39736.229,refuse,0,36,
39744.027,refuse,2,37,
39751.229,refuse,0,36,
39759.027,refuse,2,37,
39766.229,refuse,0,36,
39774.027,refuse,2,37,
39781.229,refuse,0,36,
39789.027,refuse,2,37,
39796.229,refuse,0,36,
39804.027,refuse,2,37,
39811.229,refuse,0,36,
39819.027,refuse,2,37,
39826.229,refuse,0,36,
39834.027,refuse,2,37,
39841.229,refuse,0,36,
39849.027,refuse,2,37,
39856.229,refuse,0,36,
39864.027,refuse,2,37,
39871.229,refuse,0,36,
39879.027,refuse,2,37,
39886.229,refuse,0,36,
39894.027,refuse,2,37,
39901.229,refuse,0,36,
39909.027,refuse,2,37,
39916.229,refuse,0,36,
39924.027,refuse,2,37,
39931.229,refuse,0,36,
39939.027,refuse,2,37,
39946.229,refuse,0,36,
39954.027,refuse,2,37,
39961.229,refuse,0,36,
39969.027,refuse,2,37,
39976.229,refuse,0,36,
39984.027,refuse,2,37,
39991.229,refuse,0,36,
39999.027,refuse,2,37,
40006.229,refuse,0,36,
40014.027,refuse,2,37,
40021.229,refuse,0,36,
40029.027,refuse,2,37,
40036.229,refuse,0,36,
40044.027,refuse,2,37,
40051.229,refuse,0,36,
40059.027,refuse,2,37,
40066.229,refuse,0,36,
40074.027,refuse,2,37,
40081.229,refuse,0,36,
40089.027,refuse,2,37,
40096.229,refuse,0,36,
40104.027,refuse,2,37,
40111.229,refuse,0,36,
40119.027,refuse,2,37,
40126.229,refuse,0,36,
40134.027,refuse,2,37,
40141.229,refuse,0,36,
40149.027,refuse,2,37,
40156.229,refuse,0,36,
40164.027,refuse,2,37,
40171.229,refuse,0,36,
40179.027,refuse,2,37,
40186.229,refuse,0,36,
40194.027,refuse,2,37,
40201.229,refuse,0,36,
40209.027,refuse,2,37,
40216.229,refuse,0,36,
40224.027,refuse,2,37,
40231.229,refuse,0,36,
40239.027,refuse,2,37,
40246.229,refuse,0,36,
40254.027,refuse,2,37,
40261.229,refuse,0,36,
40269.027,refuse,2,37,
40276.229,refuse,0,36,
40284.027,refuse,2,37,
40291.229,refuse,0,36,
40299.027,refuse,2,37,
40306.229,refuse,0,36,
40314.027,refuse,2,37,
40321.229,refuse,0,36,
40329.027,refuse,2,37,
40336.229,refuse,0,36,
40344.027,refuse,2,37,
40351.229,refuse,0,36,
40359.027,refuse,2,37,
40366.229,refuse,0,36,
40374.027,refuse,2,37,
40381.229,refuse,0,36,
40389.027,refuse,2,37,
40396.229,refuse,0,36,
40404.027,refuse,2,37,
40411.229,refuse,0,36,
40419.027,refuse,2,37,
40426.229,refuse,0,36,
40434.027,refuse,2,37,
40441.229,refuse,0,36,
40449.027,refuse,2,37,
40456.229,refuse,0,36,
40464.027,refuse,2,37,
40471.229,refuse,0,36,
40479.027,refuse,2,37,
40486.229,refuse,0,36,
40494.027,refuse,2,37,
40501.229,refuse,0,36,
40509.027,refuse,2,37,
40516.229,refuse,0,36,
40524.027,refuse,2,37,
40531.229,refuse,0,36,
40539.027,refuse,2,37,
40546.229,refuse,0,36,
40554.027,refuse,2,37,
40561.229,refuse,0,36,
40561.229,abandon,0,36,
40561.229,refuse,0,38,
40569.027,refuse,2,37,
40576.229,refuse,0,38,
40584.027,refuse,2,37,
40591.229,refuse,0,38,
40599.027,refuse,2,37,
40606.229,refuse,0,38,
40614.027,refuse,2,37,
40621.229,refuse,0,38,
40629.027,refuse,2,37,
40636.229,refuse,0,38,
40644.027,refuse,2,37,
40651.229,refuse,0,38,
40659.027,refuse,2,37,
40666.229,refuse,0,38,
40674.027,refuse,2,37,
40681.229,refuse,0,38,
40689.027,refuse,2,37,
40696.229,refuse,0,38,
40704.027,refuse,2,37,
40711.229,refuse,0,38,
40719.027,refuse,2,37,
40726.229,refuse,0,38,
40734.027,refuse,2,37,
40741.229,refuse,0,38,
40749.027,refuse,2,37,
40756.229,refuse,0,38,
40764.027,refuse,2,37,
40771.229,refuse,0,38,
40779.027,refuse,2,37,
40786.229,refuse,0,38,
40794.027,refuse,2,37,
40801.229,refuse,0,38,
40809.027,refuse,2,37,
40816.229,refuse,0,38,
40824.027,refuse,2,37,
40831.229,refuse,0,38,
40839.027,refuse,2,37,
40846.229,refuse,0,38,
40854.027,refuse,2,37,
40861.229,refuse,0,38,
40869.027,refuse,2,37,
40876.229,refuse,0,38,
40884.027,refuse,2,37,
40891.229,refuse,0,38,
40899.027,refuse,2,37,
40906.229,refuse,0,38,
40914.027,refuse,2,37,
40921.229,refuse,0,38,
40929.027,refuse,2,37,
40936.229,refuse,0,38,
40944.027,refuse,2,37,
40951.229,refuse,0,38,
40959.027,refuse,2,37,
40966.229,refuse,0,38,
40974.027,refuse,2,37,
40981.229,refuse,0,38,
40989.027,refuse,2,37,
40996.229,refuse,0,38,
41004.027,refuse,2,37,
41011.229,refuse,0,38,
41019.027,refuse,2,37,
41026.229,refuse,0,38,
41034.027,refuse,2,37,
41041.229,refuse,0,38,
41049.027,refuse,2,37,
41056.229,refuse,0,38,
41064.027,refuse,2,37,
41071.229,refuse,0,38,
41079.027,refuse,2,37,
41086.229,refuse,0,38,
41094.027,refuse,2,37,
41101.229,refuse,0,38,
41109.027,refuse,2,37,
41116.229,refuse,0,38,
41124.027,refuse,2,37,
41131.229,refuse,0,38,
41139.027,refuse,2,37,
41146.229,refuse,0,38,
41154.027,refuse,2,37,
41161.229,refuse,0,38,
41169.027,refuse,2,37,
41176.229,refuse,0,38,
41184.027,refuse,2,37,
41191.229,refuse,0,38,
41199.027,refuse,2,37,
41206.229,refuse,0,38,
41214.027,refuse,2,37,
41221.229,refuse,0,38,
41229.027,refuse,2,37,
41236.229,refuse,0,38,
41244.027,refuse,2,37,
41251.229,refuse,0,38,
41259.027,refuse,2,37,
41266.229,refuse,0,38,
41274.027,refuse,2,37,
41281.229,refuse,0,38,
41289.027,refuse,2,37,
41296.229,refuse,0,38,
41304.027,refuse,2,37,
41311.229,refuse,0,38,
41319.027,refuse,2,37,
41326.229,refuse,0,38,
41334.027,refuse,2,37,
41341.229,refuse,0,38,
41349.027,refuse,2,37,
41356.229,refuse,0,38,
41364.027,refuse,2,37,
41371.229,refuse,0,38,
41379.027,refuse,2,37,
41386.229,refuse,0,38,
41394.027,refuse,2,37,
41401.229,refuse,0,38,
41409.027,refuse,2,37,
41412.276,conflict-at-land,3,3,
41416.229,refuse,0,38,
41424.027,refuse,2,37,
41427.276,start,3,3,
41431.229,refuse,0,38,
41439.027,refuse,2,37,
41446.229,refuse,0,38,
41454.027,refuse,2,37,
41461.229,refuse,0,38,
41469.027,refuse,2,37,
41476.229,refuse,0,38,
41484.027,refuse,2,37,
41491.229,refuse,0,38,
41499.027,refuse,2,37,
41506.229,refuse,0,38,
41514.027,refuse,2,37,
41521.229,refuse,0,38,
41529.027,refuse,2,37,
41536.229,refuse,0,38,
41544.027,refuse,2,37,
41551.229,refuse,0,38,
41559.027,refuse,2,37,
41566.229,refuse,0,38,
41574.027,refuse,2,37,
41581.229,refuse,0,38,
41589.027,refuse,2,37,
41596.229,refuse,0,38,
41604.027,refuse,2,37,
41611.229,refuse,0,38,
41619.027,refuse,2,37,
41626.229,refuse,0,38,
41634.027,refuse,2,37,
41641.229,refuse,0,38,
41649.027,refuse,2,37,
41656.229,refuse,0,38,
41664.027,refuse,2,37,
41671.229,refuse,0,38,
41679.027,refuse,2,37,
41686.229,refuse,0,38,
41694.027,refuse,2,37,
41701.229,refuse,0,38,
41709.027,refuse,2,37,
41716.229,refuse,0,38,
41724.027,refuse,2,37,
41731.229,refuse,0,38,
41739.027,refuse,2,37,
41746.229,refuse,0,38,
41754.027,refuse,2,37,
41761.229,refuse,0,38,
41769.027,refuse,2,37,
41776.229,refuse,0,38,
41784.027,refuse,2,37,
41791.229,refuse,0,38,
41799.027,refuse,2,37,
41806.229,refuse,0,38,
41814.027,refuse,2,37,
41821.229,refuse,0,38,
41829.027,refuse,2,37,
41836.229,refuse,0,38,
41844.027,refuse,2,37,
41851.229,refuse,0,38,
41859.027,refuse,2,37,
41866.229,refuse,0,38,
41874.027,refuse,2,37,
41881.229,refuse,0,38,
41889.027,refuse,2,37,
41896.229,refuse,0,38,
41904.027,refuse,2,37,
41911.229,refuse,0,38,
41919.027,refuse,2,37,
41926.229,refuse,0,38,
41934.027,refuse,2,37,
41941.229,refuse,0,38,
41949.027,refuse,2,37,
41956.229,refuse,0,38,
41964.027,refuse,2,37,
41971.229,refuse,0,38,
41979.027,refuse,2,37,
41986.229,refuse,0,38,
41994.027,refuse,2,37,
42001.229,refuse,0,38,
42009.027,refuse,2,37,
42016.229,refuse,0,38,
42024.027,refuse,2,37,
42031.229,refuse,0,38,
42039.027,refuse,2,37,
42046.229,refuse,0,38,
42054.027,refuse,2,37,
42061.229,refuse,0,38,
42069.027,refuse,2,37,
42076.229,refuse,0,38,
42084.027,refuse,2,37,
42091.229,refuse,0,38,
42099.027,refuse,2,37,
42106.229,refuse,0,38,
42114.027,refuse,2,37,
42121.229,refuse,0,38,
42129.027,refuse,2,37,
42136.229,refuse,0,38,
42144.027,refuse,2,37,
42151.229,refuse,0,38,
42159.027,refuse,2,37,
42166.229,refuse,0,38,
42174.027,refuse,2,37,
42181.229,refuse,0,38,
42189.027,refuse,2,37,
42196.229,refuse,0,38,
42204.027,refuse,2,37,
42211.229,refuse,0,38,
42219.027,refuse,2,37,
42226.229,refuse,0,38,
42234.027,refuse,2,37,
42241.229,refuse,0,38,
42249.027,refuse,2,37,
42256.229,refuse,0,38,
42264.027,refuse,2,37,
42271.229,refuse,0,38,
42279.027,refuse,2,37,
42286.229,refuse,0,38,
42294.027,refuse,2,37,
42294.027,abandon,2,37,
42294.027,refuse,2,39,
42301.229,refuse,0,38,
42309.027,refuse,2,39,
42316.229,refuse,0,38,
42324.027,refuse,2,39,
42331.229,refuse,0,38,
42339.027,refuse,2,39,
42346.229,refuse,0,38,
42354.027,refuse,2,39,
42361.229,refuse,0,38,
42369.027,refuse,2,39,
42376.229,refuse,0,38,
42384.027,refuse,2,39,
42391.229,refuse,0,38,
42399.027,refuse,2,39,
42406.229,refuse,0,38,
42414.027,refuse,2,39,
42421.229,refuse,0,38,
42429.027,refuse,2,39,
42436.229,refuse,0,38,
42444.027,refuse,2,39,
42451.229,refuse,0,38,
42459.027,refuse,2,39,
42466.229,refuse,0,38,
42474.027,refuse,2,39,
42481.229,refuse,0,38,
42489.027,refuse,2,39,
42496.229,refuse,0,38,
42504.027,refuse,2,39,
42511.229,refuse,0,38,
42519.027,refuse,2,39,
42526.229,refuse,0,38,
42534.027,refuse,2,39,
42541.229,refuse,0,38,
42549.027,refuse,2,39,
42556.229,refuse,0,38,
42564.027,refuse,2,39,
42571.229,refuse,0,38,
42579.027,refuse,2,39,
42586.229,refuse,0,38,
42594.027,refuse,2,39,
42601.229,refuse,0,38,
42609.027,refuse,2,39,
42616.229,refuse,0,38,
42624.027,refuse,2,39,
42631.229,refuse,0,38,
42639.027,refuse,2,39,
42646.229,refuse,0,38,
42654.027,refuse,2,39,
42661.229,refuse,0,38,
42669.027,refuse,2,39,
42676.229,refuse,0,38,
42684.027,refuse,2,39,
42691.229,refuse,0,38,
42699.027,refuse,2,39,
42706.229,refuse,0,38,
42714.027,refuse,2,39,
42721.229,refuse,0,38,
42729.027,refuse,2,39,
42736.229,refuse,0,38,
42744.027,refuse,2,39,
42751.229,refuse,0,38,
42759.027,refuse,2,39,
42766.229,refuse,0,38,
42774.027,refuse,2,39,
42781.229,refuse,0,38,
42789.027,refuse,2,39,
42796.229,refuse,0,38,
42804.027,refuse,2,39,
42811.229,refuse,0,38,
42819.027,refuse,2,39,
42826.229,refuse,0,38,
42834.027,refuse,2,39,
42841.229,refuse,0,38,
42849.027,refuse,2,39,
42856.229,refuse,0,38,
42864.027,refuse,2,39,
42871.229,refuse,0,38,
42879.027,refuse,2,39,
42886.229,refuse,0,38,
42894.027,refuse,2,39,
42901.229,refuse,0,38,
42909.027,refuse,2,39,
42916.229,refuse,0,38,
42924.027,refuse,2,39,
42931.229,refuse,0,38,
42939.027,refuse,2,39,
42946.229,refuse,0,38,
42954.027,refuse,2,39,
42961.229,refuse,0,38,
42969.027,refuse,2,39,
42976.229,refuse,0,38,
42984.027,refuse,2,39,
42991.229,refuse,0,38,
42999.027,refuse,2,39,
43006.229,refuse,0,38,
43014.027,refuse,2,39,
43021.229,refuse,0,38,
43029.027,refuse,2,39,
43036.229,refuse,0,38,
43044.027,refuse,2,39,
43051.229,refuse,0,38,
43059.027,refuse,2,39,
43066.229,refuse,0,38,
43074.027,refuse,2,39,
43081.229,refuse,0,38,
43089.027,refuse,2,39,
43096.229,refuse,0,38,
43104.027,refuse,2,39,
43111.229,refuse,0,38,
43119.027,refuse,2,39,
43126.229,refuse,0,38,
43134.027,refuse,2,39,
43141.229,refuse,0,38,
43149.027,refuse,2,39,
43156.229,refuse,0,38,
43164.027,refuse,2,39,
43171.229,refuse,0,38,
43179.027,refuse,2,39,
43186.229,refuse,0,38,
43194.027,refuse,2,39,
43201.229,refuse,0,38,
43209.027,refuse,2,39,
43216.229,refuse,0,38,
43224.027,refuse,2,39,
43231.229,refuse,0,38,
43239.027,refuse,2,39,
43246.229,refuse,0,38,
43254.027,refuse,2,39,
43261.229,refuse,0,38,
43269.027,refuse,2,39,
43276.229,refuse,0,38,
43284.027,refuse,2,39,
43291.229,refuse,0,38,
43299.027,refuse,2,39,
43306.229,refuse,0,38,
43314.027,refuse,2,39,
43321.229,refuse,0,38,
43329.027,refuse,2,39,
43336.229,refuse,0,38,
43344.027,refuse,2,39,
43351.229,refuse,0,38,
43359.027,refuse,2,39,
43366.229,refuse,0,38,
43374.027,refuse,2,39,
43381.229,refuse,0,38,
43389.027,refuse,2,39,
43396.229,refuse,0,38,
43404.027,refuse,2,39,
43411.229,refuse,0,38,
43419.027,refuse,2,39,
43426.229,refuse,0,38,
43434.027,refuse,2,39,
43441.229,refuse,0,38,
43449.027,refuse,2,39,
43456.229,refuse,0,38,
43464.027,refuse,2,39,
43471.229,refuse,0,38,
43479.027,refuse,2,39,
43486.229,refuse,0,38,
43494.027,refuse,2,39,
43501.229,refuse,0,38,
43509.027,refuse,2,39,
43516.229,refuse,0,38,
43524.027,refuse,2,39,
43531.229,refuse,0,38,
43539.027,refuse,2,39,
43546.229,refuse,0,38,
43554.027,refuse,2,39,
43561.229,refuse,0,38,
43561.229,abandon,0,38,
43561.229,refuse,0,40,
43569.027,refuse,2,39,
43576.229,refuse,0,40,
43584.027,refuse,2,39,
43591.229,refuse,0,40,
43599.027,refuse,2,39,
43606.229,refuse,0,40,
43614.027,refuse,2,39,
43621.229,refuse,0,40,
43629.027,refuse,2,39,
43636.229,refuse,0,40,
43644.027,refuse,2,39,
43651.229,refuse,0,40,
43659.027,refuse,2,39,
43666.229,refuse,0,40,
43674.027,refuse,2,39,
43681.229,refuse,0,40,
43689.027,refuse,2,39,
43696.229,refuse,0,40,
43704.027,refuse,2,39,
43711.229,refuse,0,40,
43719.027,refuse,2,39,
43726.229,refuse,0,40,
43734.027,refuse,2,39,
43741.229,refuse,0,40,
43749.027,refuse,2,39,
43756.229,refuse,0,40,
43764.027,refuse,2,39,
43771.229,refuse,0,40,
43779.027,refuse,2,39,
43786.229,refuse,0,40,
43794.027,refuse,2,39,
43801.229,refuse,0,40,
43809.027,refuse,2,39,
43816.229,refuse,0,40,
43816.869,conflict-at-land,3,3,
43824.027,refuse,2,39,
43831.229,refuse,0,40,
43831.869,start,3,3,
43839.027,refuse,2,39,
43846.229,refuse,0,40,
43854.027,refuse,2,39,
43861.229,refuse,0,40,
43869.027,refuse,2,39,
43876.229,refuse,0,40,
43884.027,refuse,2,39,
43891.229,refuse,0,40,
43899.027,refuse,2,39,
43906.229,refuse,0,40,
43914.027,refuse,2,39,
43921.229,refuse,0,40,
43929.027,refuse,2,39,
43936.229,refuse,0,40,
43944.027,refuse,2,39,
43951.229,refuse,0,40,
43959.027,refuse,2,39,
43966.229,refuse,0,40,
43974.027,refuse,2,39,
43981.229,refuse,0,40,
43989.027,refuse,2,39,
43996.229,refuse,0,40,
44004.027,refuse,2,39,
44011.229,refuse,0,40,
44019.027,refuse,2,39,
44026.229,refuse,0,40,
44034.027,refuse,2,39,
44041.229,refuse,0,40,
44049.027,refuse,2,39,
44056.229,refuse,0,40,
44064.027,refuse,2,39,
44071.229,refuse,0,40,
44079.027,refuse,2,39,
44086.229,refuse,0,40,
44094.027,refuse,2,39,
44101.229,refuse,0,40,
44109.027,refuse,2,39,
44116.229,refuse,0,40,
44124.027,refuse,2,39,
44131.229,refuse,0,40,
44139.027,refuse,2,39,
44146.229,refuse,0,40,
44154.027,refuse,2,39,
44161.229,refuse,0,40,
44169.027,refuse,2,39,
44176.229,refuse,0,40,
44184.027,refuse,2,39,
44191.229,refuse,0,40,
44199.027,refuse,2,39,
44206.229,refuse,0,40,
44214.027,refuse,2,39,
44221.229,refuse,0,40,
44229.027,refuse,2,39,
44236.229,refuse,0,40,
44244.027,refuse,2,39,
44251.229,refuse,0,40,
44259.027,refuse,2,39,
44266.229,refuse,0,40,
44274.027,refuse,2,39,
44281.229,refuse,0,40,
44289.027,refuse,2,39,
44296.229,refuse,0,40,
44304.027,refuse,2,39,
44311.229,refuse,0,40,
44319.027,refuse,2,39,
44326.229,refuse,0,40,
44334.027,refuse,2,39,
44341.229,refuse,0,40,
44349.027,refuse,2,39,
44356.229,refuse,0,40,
44364.027,refuse,2,39,
44371.229,refuse,0,40,
44379.027,refuse,2,39,
44386.229,refuse,0,40,
44394.027,refuse,2,39,
44401.229,refuse,0,40,
44409.027,refuse,2,39,
44416.229,refuse,0,40,
44424.027,refuse,2,39,
44431.229,refuse,0,40,
44439.027,refuse,2,39,
44446.229,refuse,0,40,
44454.027,refuse,2,39,
44461.229,refuse,0,40,
44469.027,refuse,2,39,
44476.229,refuse,0,40,
44484.027,refuse,2,39,
44491.229,refuse,0,40,
44499.027,refuse,2,39,
44506.229,refuse,0,40,
44514.027,refuse,2,39,
44521.229,refuse,0,40,
44529.027,refuse,2,39,
44536.229,refuse,0,40,
44544.027,refuse,2,39,
44551.229,refuse,0,40,
44559.027,refuse,2,39,
44566.229,refuse,0,40,
44574.027,refuse,2,39,
44581.229,refuse,0,40,
44589.027,refuse,2,39,
44596.229,refuse,0,40,
44604.027,refuse,2,39,
44611.229,refuse,0,40,
44619.027,refuse,2,39,
44626.229,refuse,0,40,
44634.027,refuse,2,39,
44641.229,refuse,0,40,
44649.027,refuse,2,39,
44656.229,refuse,0,40,
44664.027,refuse,2,39,
44671.229,refuse,0,40,
44679.027,refuse,2,39,
44686.229,refuse,0,40,
44694.027,refuse,2,39,
44701.229,refuse,0,40,
44709.027,refuse,2,39,
44716.229,refuse,0,40,
44724.027,refuse,2,39,
44731.229,refuse,0,40,
44739.027,refuse,2,39,
44746.229,refuse,0,40,
44754.027,refuse,2,39,
44761.229,refuse,0,40,
44769.027,refuse,2,39,
44776.229,refuse,0,40,
44784.027,refuse,2,39,
44791.229,refuse,0,40,
44799.027,refuse,2,39,
44806.229,refuse,0,40,
44814.027,refuse,2,39,
44821.229,refuse,0,40,
44829.027,refuse,2,39,
44836.229,refuse,0,40,
44844.027,refuse,2,39,
44851.229,refuse,0,40,
44859.027,refuse,2,39,
44866.229,refuse,0,40,
44874.027,refuse,2,39,
44881.229,refuse,0,40,
44889.027,refuse,2,39,
44896.229,refuse,0,40,
44904.027,refuse,2,39,
44911.229,refuse,0,40,
44919.027,refuse,2,39,
44926.229,refuse,0,40,
44934.027,refuse,2,39,
44941.229,refuse,0,40,
44949.027,refuse,2,39,
44956.229,refuse,0,40,
44964.027,refuse,2,39,
44971.229,refuse,0,40,
44979.027,refuse,2,39,
44986.229,refuse,0,40,
44994.027,refuse,2,39,
45001.229,refuse,0,40,
45009.027,refuse,2,39,
45016.229,refuse,0,40,
45024.027,refuse,2,39,
45031.229,refuse,0,40,
45039.027,refuse,2,39,
45046.229,refuse,0,40,
45054.027,refuse,2,39,
45061.229,refuse,0,40,
45069.027,refuse,2,39,
45076.229,refuse,0,40,
45084.027,refuse,2,39,
45091.229,refuse,0,40,
45099.027,refuse,2,39,
45106.229,refuse,0,40,
45114.027,refuse,2,39,
45121.229,refuse,0,40,
45129.027,refuse,2,39,
45136.229,refuse,0,40,
45144.027,refuse,2,39,
45151.229,refuse,0,40,
45159.027,refuse,2,39,
45166.229,refuse,0,40,
45174.027,refuse,2,39,
45181.229,refuse,0,40,
45189.027,refuse,2,39,
45196.229,refuse,0,40,
45204.027,refuse,2,39,
45211.229,refuse,0,40,
45219.027,refuse,2,39,
45226.229,refuse,0,40,
45234.027,refuse,2,39,
45241.229,refuse,0,40,
45249.027,refuse,2,39,
45256.229,refuse,0,40,
45264.027,refuse,2,39,
45271.229,refuse,0,40,
45279.027,refuse,2,39,
45286.229,refuse,0,40,
45294.027,refuse,2,39,
45294.027,abandon,2,39,
45294.027,start,2,41,
45301.229,refuse,0,40,
45305.072,conflict-at-land,2,41,
45316.229,refuse,0,40,
45320.072,start,2,41,
45331.229,refuse,0,40,
45331.317,conflict-at-land,2,41,
45346.229,refuse,0,40,
45346.317,start,2,41,
45355.976,conflict-at-land,2,41,
45361.229,refuse,0,40,
45370.976,start,2,41,
45376.229,refuse,0,40,
45386.271,conflict-at-land,2,41,
45391.229,refuse,0,40,
45401.271,start,2,41,
45406.229,refuse,0,40,
45412.22,conflict-at-land,2,41,
45421.229,refuse,0,40,
45427.22,start,2,41,
45436.229,refuse,0,40,
45439.052,conflict-at-land,2,41,
45451.229,refuse,0,40,
45454.052,start,2,41,
45466.229,refuse,0,40,
45468.886,conflict-at-land,2,41,
45481.229,refuse,0,40,
45483.886,start,2,41,
45493.628,conflict-at-land,2,41,
45496.229,refuse,0,40,
45508.628,start,2,41,
45511.229,refuse,0,40,
45523.945,conflict-at-land,2,41,
45526.229,refuse,0,40,
45538.945,start,2,41,
45541.229,refuse,0,40,
45548.26,conflict-at-land,2,41,
45556.229,refuse,0,40,
45563.26,start,2,41,
45571.229,refuse,0,40,
45571.862,conflict-at-land,2,41,
45586.229,refuse,0,40,
45586.862,start,2,41,
45597.787,conflict-at-land,2,41,
45601.229,refuse,0,40,
45612.787,start,2,41,
45616.229,refuse,0,40,
45623.773,conflict-at-land,2,41,
45631.229,refuse,0,40,
45638.773,start,2,41,
45646.229,refuse,0,40,
45653.78,conflict-at-land,2,41,
45661.229,refuse,0,40,
45668.78,start,2,41,
45676.229,refuse,0,40,
45683.539,conflict-at-land,2,41,
45691.229,refuse,0,40,
45698.539,start,2,41,
45706.229,refuse,0,40,
45712.422,conflict-at-land,2,41,
45721.229,refuse,0,40,
45727.422,start,2,41,
45736.229,refuse,0,40,
45738.965,conflict-at-land,2,41,
45751.229,refuse,0,40,
45753.965,start,2,41,
45766.229,refuse,0,40,
45766.272,conflict-at-land,2,41,
45781.229,refuse,0,40,
45781.272,start,2,41,
45791.377,conflict-at-land,2,41,
45796.229,refuse,0,40,
45806.377,start,2,41,
45811.229,refuse,0,40,
45820.778,conflict-at-land,2,41,
45826.229,refuse,0,40,
45835.778,start,2,41,
45841.229,refuse,0,40,
45846.986,conflict-at-land,2,41,
45856.229,refuse,0,40,
45861.986,start,2,41,
45871.229,refuse,0,40,
45872.435,conflict-at-land,2,41,
45886.229,refuse,0,40,
45887.435,start,2,41,
45900.427,conflict-at-land,2,41,
45901.229,refuse,0,40,
45915.427,start,2,41,
45916.229,refuse,0,40,
45924.911,conflict-at-land,2,41,
45931.229,refuse,0,40,
45939.911,start,2,41,
45946.229,refuse,0,40,
45950.589,conflict-at-land,2,41,
45961.229,refuse,0,40,
45965.589,start,2,41,
45976.229,refuse,0,40,
45980.658,conflict-at-land,2,41,
45991.229,refuse,0,40,
45995.658,start,2,41,
46004.742,conflict-at-land,2,41,
46006.229,refuse,0,40,
46019.742,start,2,41,
46021.229,refuse,0,40,
46029.166,conflict-at-land,2,41,
46036.229,refuse,0,40,
46044.166,start,2,41,
46051.229,refuse,0,40,
46054.037,conflict-at-land,2,41,
46066.229,refuse,0,40,
46069.037,start,2,41,
46079.244,conflict-at-land,2,41,
46081.229,refuse,0,40,
46094.244,start,2,41,
46096.229,refuse,0,40,
46105.671,conflict-at-land,2,41,
46111.229,refuse,0,40,
46120.671,start,2,41,
46126.229,refuse,0,40,
46130.872,conflict-at-land,2,41,
46141.229,refuse,0,40,
46145.872,start,2,41,
46156.229,refuse,0,40,
46156.74,conflict-at-land,2,41,
46171.229,refuse,0,40,
46171.74,start,2,41,
46181.914,conflict-at-land,2,41,
46186.229,refuse,0,40,
46196.914,start,2,41,
46201.229,refuse,0,40,
46207.043,conflict-at-land,2,41,
46216.229,refuse,0,40,
46222.043,start,2,41,
46231.229,refuse,0,40,
46234.839,conflict-at-land,2,41,
46246.229,refuse,0,40,
46249.839,start,2,41,
46260.662,conflict-at-land,2,41,
46261.229,refuse,0,40,
46275.662,start,2,41,
46276.229,refuse,0,40,
46285.799,conflict-at-land,3,3,
46286.746,conflict-at-land,2,41,
46291.229,refuse,0,40,
46300.799,start,3,3,
46301.746,start,2,41,
46306.229,refuse,0,40,
46310.59,conflict-at-land,2,41,
46321.229,refuse,0,40,
46325.59,start,2,41,
46335.027,conflict-at-land,2,41,
46336.229,refuse,0,40,
46350.027,start,2,41,
46351.229,refuse,0,40,
46364.553,conflict-at-land,2,41,
46366.229,refuse,0,40,
46379.553,start,2,41,
46381.229,refuse,0,40,
46391.048,conflict-at-land,2,41,
46396.229,refuse,0,40,
46406.048,start,2,41,
46411.229,refuse,0,40,
46420.055,conflict-at-land,2,41,
46426.229,refuse,0,40,
46435.055,start,2,41,
46441.229,refuse,0,40,
46444.411,conflict-at-land,2,41,
46456.229,refuse,0,40,
46459.411,start,2,41,
46471.229,refuse,0,40,
46471.577,conflict-at-land,2,41,
46486.229,refuse,0,40,
46486.577,start,2,41,
46501.063,conflict-at-land,2,41,
46501.229,refuse,0,40,
46516.063,start,2,41,
46516.229,refuse,0,40,
46526.897,conflict-at-land,2,41,
46531.229,refuse,0,40,
46541.897,start,2,41,
46546.229,refuse,0,40,
46555.828,conflict-at-land,2,41,
46561.229,refuse,0,40,
46561.229,abandon,0,40,
46561.229,start,0,42,
46567.626,conflict-at-land,0,42,
46570.828,start,2,41,
46582.069,conflict-at-land,2,41,
46582.626,start,0,42,
46590.416,conflict-at-land,0,42,
46597.069,start,2,41,
46605.416,start,0,42,
46608.294,conflict-at-land,2,41,
46611.322,conflict-at-land,0,42,
46623.294,start,2,41,
46626.322,start,0,42,
46631.663,conflict-at-land,0,42,
46636.154,conflict-at-land,2,41,
46646.663,start,0,42,
46651.154,start,2,41,
46653.878,conflict-at-land,0,42,
46663.856,conflict-at-land,2,41,
46668.878,start,0,42,
46675.195,conflict-at-land,0,42,
46678.856,start,2,41,
46690.195,start,0,42,
46691.134,conflict-at-land,2,41,
46697.941,conflict-at-land,0,42,
46706.134,start,2,41,
46712.941,start,0,42,
46720.168,conflict-at-land,0,42,
46721.654,conflict-at-land,2,41,
46735.168,start,0,42,
46736.654,start,2,41,
46741.004,conflict-at-land,0,42,
46748.019,conflict-at-land,2,41,
46756.004,start,0,42,
46762.093,conflict-at-land,0,42,
46763.019,start,2,41,
46771.751,conflict-at-land,2,41,
46777.093,start,0,42,
46781.683,conflict-at-land,0,42,
46786.751,start,2,41,
46796.683,start,0,42,
46801.345,conflict-at-land,0,42,
46802.317,conflict-at-land,2,41,
46816.345,start,0,42,
46817.317,start,2,41,
46823.919,conflict-at-land,0,42,
46830.611,conflict-at-land,2,41,
46838.919,start,0,42,
46845.611,start,2,41,
46846.413,conflict-at-land,0,42,
46854.568,conflict-at-land,2,41,
46861.413,start,0,42,
46866.714,conflict-at-land,0,42,
46869.568,start,2,41,
46881.714,start,0,42,
46883.713,conflict-at-land,2,41,
46885.946,conflict-at-land,0,42,
46898.713,start,2,41,
46900.946,start,0,42,
46906.408,conflict-at-land,0,42,
46907.876,conflict-at-land,2,41,
46921.408,start,0,42,
46922.876,start,2,41,
46926.232,conflict-at-land,0,42,
46932.334,conflict-at-land,2,41,
46941.232,start,0,42,
46947.334,start,2,41,
46947.843,conflict-at-land,0,42,
46956.395,conflict-at-land,2,41,
46962.843,start,0,42,
46970.54,conflict-at-land,0,42,
46971.395,start,2,41,
46984.471,conflict-at-land,2,41,
46985.54,start,0,42,
46989.92,conflict-at-land,0,42,
46999.471,start,2,41,
47004.92,start,0,42,
47009.989,conflict-at-land,0,42,
47014.342,conflict-at-land,2,41,
47024.989,start,0,42,
47029.342,start,2,41,
47030.922,conflict-at-land,0,42,
47041.765,conflict-at-land,2,41,
47045.922,start,0,42,
47050.621,conflict-at-land,0,42,
47056.765,start,2,41,
47065.621,start,0,42,
47068.78,conflict-at-land,2,41,
47070.038,conflict-at-land,0,42,
47083.78,start,2,41,
47085.038,start,0,42,
47092.545,conflict-at-land,0,42,
47093.617,conflict-at-land,2,41,
47107.545,start,0,42,
47108.617,start,2,41,
47114.705,conflict-at-land,0,42,
47120.782,conflict-at-land,2,41,
47129.705,start,0,42,
47135.782,start,2,41,
47136.359,conflict-at-land,0,42,
47150.486,conflict-at-land,2,41,
47151.359,start,0,42,
47156.063,conflict-at-land,0,42,
47165.486,start,2,41,
47171.063,start,0,42,
47175.738,conflict-at-land,0,42,
47177.429,conflict-at-land,2,41,
47190.738,start,0,42,
47192.429,start,2,41,
47195.357,conflict-at-land,0,42,
47201.608,conflict-at-land,2,41,
47210.357,start,0,42,
47215.319,conflict-at-land,0,42,
47216.608,start,2,41,
47225.391,conflict-at-land,2,41,
47230.319,start,0,42,
47235.294,conflict-at-land,0,42,
47240.391,start,2,41,
47250.294,start,0,42,
47251.521,conflict-at-land,2,41,
47256.736,conflict-at-land,0,42,
47266.521,start,2,41,
47271.736,start,0,42,
47279.191,conflict-at-land,0,42,
47281.103,conflict-at-land,2,41,
47294.191,start,0,42,
47296.103,start,2,41,
47300.974,conflict-at-land,0,42,
47308.154,conflict-at-land,2,41,
47315.974,start,0,42,
47323.154,start,2,41,
47323.475,conflict-at-land,0,42,
47332.727,conflict-at-land,2,41,
47338.475,start,0,42,
47343.055,conflict-at-land,0,42,
47347.727,start,2,41,
47358.055,start,0,42,
47362.015,conflict-at-land,2,41,
47364.513,conflict-at-land,0,42,
47377.015,start,2,41,
47379.513,start,0,42,
47385.071,conflict-at-land,0,42,
47386.93,conflict-at-land,2,41,
47400.071,start,0,42,
47401.93,start,2,41,
47405.342,conflict-at-land,0,42,
47413.432,conflict-at-land,2,41,
47420.342,start,0,42,
47426.081,conflict-at-land,0,42,
47428.432,start,2,41,
47439.699,conflict-at-land,2,41,
47441.081,start,0,42,
47448.153,conflict-at-land,0,42,
47454.699,start,2,41,
47463.153,start,0,42,
47468.942,conflict-at-land,2,41,
47469.378,conflict-at-land,0,42,
47483.942,start,2,41,
47484.378,start,0,42,
47489.602,conflict-at-land,0,42,
47495.746,conflict-at-land,2,41,
47504.602,start,0,42,
47510.746,start,2,41,
47511.558,conflict-at-land,0,42,
47526.251,conflict-at-land,2,41,
47526.558,start,0,42,
47531.582,conflict-at-land,0,42,
47541.251,start,2,41,
47546.582,start,0,42,
47553.299,conflict-at-land,0,42,
47554.713,conflict-at-land,2,41,
47568.299,start,0,42,
47569.713,start,2,41,
47574.869,conflict-at-land,0,42,
47578.334,conflict-at-land,2,41,
47589.869,start,0,42,
47593.334,start,2,41,
47596.055,conflict-at-land,0,42,
47603.188,conflict-at-land,2,41,
47611.055,start,0,42,
47615.954,conflict-at-land,0,42,
47618.188,start,2,41,
47630.763,conflict-at-land,2,41,
47630.954,start,0,42,
47637.477,conflict-at-land,0,42,
47645.763,start,2,41,
47652.477,start,0,42,
47658.666,conflict-at-land,2,41,
47659.349,conflict-at-land,0,42,
47673.666,start,2,41,
47674.349,start,0,42,
47680.259,conflict-at-land,0,42,
47687.125,conflict-at-land,2,41,
47695.259,start,0,42,
47699.631,conflict-at-land,0,42,
47702.125,start,2,41,
47714.631,start,0,42,
47716.085,conflict-at-land,2,41,
47721.794,conflict-at-land,0,42,
47731.085,start,2,41,
47736.794,start,0,42,
47743.147,conflict-at-land,0,42,
47745.5,conflict-at-land,2,41,
47758.147,start,0,42,
47760.5,start,2,41,
47762.485,conflict-at-land,0,42,
47770.311,conflict-at-land,2,41,
47777.485,start,0,42,
47782.075,conflict-at-land,0,42,
47785.311,start,2,41,
47797.075,start,0,42,
47798.289,conflict-at-land,2,41,
47803.234,conflict-at-land,0,42,
47813.289,start,2,41,
47818.234,start,0,42,
47823.031,conflict-at-land,2,41,
47825.875,conflict-at-land,0,42,
47838.031,start,2,41,
47840.875,start,0,42,
47848.313,conflict-at-land,0,42,
47853.473,conflict-at-land,2,41,
47863.313,start,0,42,
47868.473,start,2,41,
47869.183,conflict-at-land,0,42,
47878.974,conflict-at-land,2,41,
47884.183,start,0,42,
47889.135,conflict-at-land,0,42,
47893.974,start,2,41,
47904.135,start,0,42,
47908.307,conflict-at-land,2,41,
47910.858,conflict-at-land,0,42,
47923.307,start,2,41,
47925.858,start,0,42,
47933.307,conflict-at-land,0,42,
47933.704,conflict-at-land,2,41,
47948.307,start,0,42,
47948.704,start,2,41,
47954.555,conflict-at-land,0,42,
47960.076,conflict-at-land,2,41,
47969.555,start,0,42,
47975.076,start,2,41,
47975.251,conflict-at-land,0,42,
47988.663,conflict-at-land,2,41,
47990.251,start,0,42,
47996.09,conflict-at-land,0,42,
48003.663,start,2,41,
48011.09,start,0,42,
48015.729,conflict-at-land,0,42,
48016.81,conflict-at-land,2,41,
48030.729,start,0,42,
48031.81,start,2,41,
48037.458,conflict-at-land,0,42,
48042.17,conflict-at-land,2,41,
48052.458,start,0,42,
48057.17,start,2,41,
48059.935,conflict-at-land,0,42,
48067.113,conflict-at-land,2,41,
48074.935,start,0,42,
48080.335,conflict-at-land,0,42,
48082.113,start,2,41,
48094.387,conflict-at-land,2,41,
48095.335,start,0,42,
48100.948,conflict-at-land,0,42,
48109.387,start,2,41,
48115.948,start,0,42,
48121.57,conflict-at-land,2,41,
48123.473,conflict-at-land,0,42,
48136.57,start,2,41,
48138.473,start,0,42,
48145.453,conflict-at-land,0,42,
48146.419,conflict-at-land,2,41,
48160.453,start,0,42,
48161.419,start,2,41,
48167.149,conflict-at-land,0,42,
48175.479,conflict-at-land,2,41,
48182.149,start,0,42,
48187.961,conflict-at-land,0,42,
48190.479,start,2,41,
48202.152,conflict-at-land,2,41,
48202.961,start,0,42,
48208.406,conflict-at-land,0,42,
48217.152,start,2,41,
48223.406,start,0,42,
48228.522,conflict-at-land,0,42,
48228.959,conflict-at-land,2,41,
48243.522,start,0,42,
48243.959,start,2,41,
48248.409,conflict-at-land,0,42,
48255.787,conflict-at-land,2,41,
48263.409,start,0,42,
48268.301,conflict-at-land,0,42,
48270.787,start,2,41,
48282.567,conflict-at-land,2,41,
48283.301,start,0,42,
48289.565,conflict-at-land,0,42,
48297.567,start,2,41,
48304.565,start,0,42,
48308.195,conflict-at-land,2,41,
48309.378,conflict-at-land,0,42,
48323.195,start,2,41,
48324.378,start,0,42,
48331.675,conflict-at-land,0,42,
48335.951,conflict-at-land,2,41,
48346.675,start,0,42,
48350.951,start,2,41,
48351.675,conflict-at-land,0,42,
48363.784,conflict-at-land,2,41,
48366.675,start,0,42,
48373.246,conflict-at-land,0,42,
48378.784,start,2,41,
48388.246,start,0,42,
48393.555,conflict-at-land,2,41,
48394.902,conflict-at-land,0,42,
48408.555,start,2,41,
48409.902,start,0,42,
48414.848,conflict-at-land,0,42,
48419.171,conflict-at-land,2,41,
48429.848,start,0,42,
48434.171,start,2,41,
48437.061,conflict-at-land,0,42,
48444.725,conflict-at-land,2,41,
48452.061,start,0,42,
48456.306,conflict-at-land,0,42,
48459.725,start,2,41,
48471.306,start,0,42,
48474.393,conflict-at-land,2,41,
48476.219,conflict-at-land,0,42,
48489.393,start,2,41,
48491.219,start,0,42,
48496.567,conflict-at-land,0,42,
48500.047,conflict-at-land,2,41,
48511.567,start,0,42,
48515.047,start,2,41,
48516.688,conflict-at-land,0,42,
48528.661,conflict-at-land,2,41,
48531.688,start,0,42,
48537.123,conflict-at-land,0,42,
48543.661,start,2,41,
48552.123,start,0,42,
48555.233,conflict-at-land,2,41,
48557.832,conflict-at-land,0,42,
48570.233,start,2,41,
48572.832,start,0,42,
48577.098,conflict-at-land,0,42,
48584.634,conflict-at-land,2,41,
48592.098,start,0,42,
48598.385,conflict-at-land,0,42,
48599.634,start,2,41,
48608.983,conflict-at-land,2,41,
48613.385,start,0,42,
48618.127,conflict-at-land,0,42,
48623.983,start,2,41,
48633.127,start,0,42,
48636.753,conflict-at-land,2,41,
48638.68,conflict-at-land,0,42,
48651.753,start,2,41,
48653.68,start,0,42,
48659.997,conflict-at-land,0,42,
48660.62,conflict-at-land,2,41,
48674.997,start,0,42,
48675.62,start,2,41,
48682.489,conflict-at-land,0,42,
48688.665,conflict-at-land,2,41,
48697.489,start,0,42,
48703.473,conflict-at-land,0,42,
48703.665,start,2,41,
48717.83,conflict-at-land,2,41,
48718.473,start,0,42,
48725.97,conflict-at-land,0,42,
48732.83,start,2,41,
48740.97,start,0,42,
48742.319,conflict-at-land,2,41,
48746.247,conflict-at-land,0,42,
48757.319,start,2,41,
48761.247,start,0,42,
48768.781,conflict-at-land,0,42,
48772.666,conflict-at-land,2,41,
48783.781,start,0,42,
48787.666,start,2,41,
48788.711,conflict-at-land,0,42,
48801.132,conflict-at-land,2,41,
48803.711,start,0,42,
48811.059,conflict-at-land,0,42,
48816.132,start,2,41,
48826.059,start,0,42,
48828.79,conflict-at-land,2,41,
48832.787,conflict-at-land,0,42,
48843.79,start,2,41,
48847.787,start,0,42,
48852.832,conflict-at-land,0,42,
48855.962,conflict-at-land,2,41,
48867.832,start,0,42,
48870.962,start,2,41,
48872.799,conflict-at-land,0,42,
48879.808,conflict-at-land,2,41,
48884.495,conflict-at-land,3,3,
48887.799,start,0,42,
48894.395,conflict-at-land,0,42,
48894.808,start,2,41,
48899.495,start,3,3,
48904.204,conflict-at-land,2,41,
48909.395,start,0,42,
48915.004,conflict-at-land,0,42,
48919.204,start,2,41,
48930.004,start,0,42,
48930.744,conflict-at-land,2,41,
48937.697,conflict-at-land,0,42,
48945.744,start,2,41,
48952.697,start,0,42,
48956.965,conflict-at-land,2,41,
48958.606,conflict-at-land,0,42,
48971.965,start,2,41,
48973.606,start,0,42,
48978.581,conflict-at-land,0,42,
48983.101,conflict-at-land,2,41,
48993.581,start,0,42,
48998.101,start,2,41,
48998.587,conflict-at-land,0,42,
49010.335,conflict-at-land,2,41,
49013.587,start,0,42,
49020.73,conflict-at-land,0,42,
49025.335,start,2,41,
49034.387,conflict-at-land,2,41,
49035.73,start,0,42,
49043.334,conflict-at-land,0,42,
49049.387,start,2,41,
49058.334,start,0,42,
49062.643,conflict-at-land,2,41,
49062.728,conflict-at-land,0,42,
49077.643,start,2,41,
49077.728,start,0,42,
49083.374,conflict-at-land,0,42,
49091.134,conflict-at-land,2,41,
49098.374,start,0,42,
49104.427,conflict-at-land,0,42,
49106.134,start,2,41,
49115.261,conflict-at-land,2,41,
49119.427,start,0,42,
49125.464,conflict-at-land,0,42,
49130.261,start,2,41,
49140.464,start,0,42,
49142.405,conflict-at-land,2,41,
49147.48,conflict-at-land,0,42,
49157.405,start,2,41,
49162.48,start,0,42,
49169.218,conflict-at-land,0,42,
49169.987,conflict-at-land,2,41,
49184.218,start,0,42,
49184.987,start,2,41,
49191.062,conflict-at-land,0,42,
49194.979,conflict-at-land,2,41,
49206.062,start,0,42,
49209.979,start,2,41,
49210.351,conflict-at-land,0,42,
49221.825,conflict-at-land,2,41,
49225.351,start,0,42,
49230.017,conflict-at-land,0,42,
49236.825,start,2,41,
49245.017,start,0,42,
49246.246,conflict-at-land,2,41,
49250.375,conflict-at-land,0,42,
49261.246,start,2,41,
49265.375,start,0,42,
49271.792,conflict-at-land,0,42,
49273.517,conflict-at-land,2,41,
49286.792,start,0,42,
49288.517,start,2,41,
49293.319,conflict-at-land,0,42,
49303.704,conflict-at-land,2,41,
49308.319,start,0,42,
49312.886,conflict-at-land,0,42,
49318.704,start,2,41,
49327.886,start,0,42,
49331.121,conflict-at-land,2,41,
49332.398,conflict-at-land,0,42,
49346.121,start,2,41,
49347.398,start,0,42,
49353.172,conflict-at-land,0,42,
49359.345,conflict-at-land,2,41,
49368.172,start,0,42,
49372.877,conflict-at-land,0,42,
49374.345,start,2,41,
49384.981,conflict-at-land,2,41,
49387.877,start,0,42,
49394.455,conflict-at-land,0,42,
49399.981,start,2,41,
49409.455,start,0,42,
49411.789,conflict-at-land,2,41,
49417.055,conflict-at-land,0,42,
49426.789,start,2,41,
49432.055,start,0,42,
49437.479,conflict-at-land,0,42,
49437.746,conflict-at-land,2,41,
49452.479,start,0,42,
49452.746,start,2,41,
49460.0,conflict-at-land,0,42,
49465.509,conflict-at-land,2,41,
49475.0,start,0,42,
49479.586,conflict-at-land,0,42,
49480.509,start,2,41,
49494.555,conflict-at-land,2,41,
49494.586,start,0,42,
49500.094,conflict-at-land,0,42,
49509.555,start,2,41,
49515.094,start,0,42,
49521.583,conflict-at-land,0,42,
49524.777,conflict-at-land,2,41,
49536.583,start,0,42,
49539.777,start,2,41,
49543.681,conflict-at-land,0,42,
49554.628,conflict-at-land,2,41,
49558.681,start,0,42,
49564.714,conflict-at-land,0,42,
49569.628,start,2,41,
49579.714,start,0,42,
49584.006,conflict-at-land,0,42,
49584.992,conflict-at-land,2,41,
49599.006,start,0,42,
49599.992,start,2,41,
49604.432,conflict-at-land,0,42,
49614.424,conflict-at-land,2,41,
49619.432,start,0,42,
49623.661,conflict-at-land,0,42,
49629.424,start,2,41,
49638.661,start,0,42,
49642.666,conflict-at-land,2,41,
49646.458,conflict-at-land,0,42,
49657.666,start,2,41,
49661.458,start,0,42,
49668.762,conflict-at-land,0,42,
49671.216,conflict-at-land,2,41,
49683.762,start,0,42,
49686.216,start,2,41,
49688.238,conflict-at-land,0,42,
49698.507,conflict-at-land,2,41,
49703.238,start,0,42,
49709.633,conflict-at-land,0,42,
49713.507,start,2,41,
49724.633,start,0,42,
49725.042,conflict-at-land,2,41,
49730.343,conflict-at-land,0,42,
49740.042,start,2,41,
49745.343,start,0,42,
49750.128,conflict-at-land,0,42,
49754.135,conflict-at-land,2,41,
49765.128,start,0,42,
49769.135,start,2,41,
49769.49,conflict-at-land,0,42,
49781.805,conflict-at-land,2,41,
49784.49,start,0,42,
49792.169,conflict-at-land,0,42,
49796.805,start,2,41,
49807.169,start,0,42,
49811.16,conflict-at-land,2,41,
49813.793,conflict-at-land,0,42,
49826.16,start,2,41,
49828.793,start,0,42,
49836.249,conflict-at-land,0,42,
49836.682,conflict-at-land,2,41,
49851.249,start,0,42,
49851.682,start,2,41,
49855.593,conflict-at-land,0,42,
49861.858,conflict-at-land,2,41,
49870.593,start,0,42,
49876.858,start,2,41,
49877.63,conflict-at-land,0,42,
49891.7,conflict-at-land,2,41,
49892.63,start,0,42,
49898.281,conflict-at-land,0,42,
49906.7,start,2,41,
49913.281,start,0,42,
49917.88,conflict-at-land,0,42,
49921.646,conflict-at-land,2,41,
49932.88,start,0,42,
49936.646,start,2,41,
49939.229,conflict-at-land,0,42,
49945.533,conflict-at-land,2,41,
49954.229,start,0,42,
49959.269,conflict-at-land,0,42,
49960.533,start,2,41,
49970.3,conflict-at-land,2,41,
49974.269,start,0,42,
49978.491,conflict-at-land,0,42,
49985.3,start,2,41,
49993.491,start,0,42,
49996.618,conflict-at-land,2,41,
49999.492,conflict-at-land,0,42,
50011.618,start,2,41,
50014.492,start,0,42,
50021.038,conflict-at-land,0,42,
50022.042,conflict-at-land,2,41,
50036.038,start,0,42,
50037.042,start,2,41,
50040.427,conflict-at-land,0,42,
50049.167,conflict-at-land,2,41,
50055.427,start,0,42,
50061.527,conflict-at-land,0,42,
50064.167,start,2,41,
50075.47,conflict-at-land,2,41,
50076.527,start,0,42,
50084.02,conflict-at-land,0,42,
50090.47,start,2,41,
50099.02,start,0,42,
50099.782,conflict-at-land,2,41,
50104.757,conflict-at-land,0,42,
50114.782,start,2,41,
50119.757,start,0,42,
50125.299,conflict-at-land,0,42,
50126.492,conflict-at-land,2,41,
50140.299,start,0,42,
50141.492,start,2,41,
50148.004,conflict-at-land,0,42,
50154.01,conflict-at-land,2,41,
50163.004,start,0,42,
50169.01,start,2,41,
50169.063,conflict-at-land,0,42,
50180.577,conflict-at-land,2,41,
50184.063,start,0,42,
50189.838,conflict-at-land,0,42,
50195.577,start,2,41,
50204.838,start,0,42,
50210.825,conflict-at-land,2,41,
50211.915,conflict-at-land,0,42,
50225.825,start,2,41,
50226.915,start,0,42,
50231.7,conflict-at-land,0,42,
50238.887,conflict-at-land,2,41,
50246.7,start,0,42,
50253.04,conflict-at-land,0,42,
50253.887,start,2,41,
50263.208,conflict-at-land,2,41,
50268.04,start,0,42,
50273.503,conflict-at-land,0,42,
50278.208,start,2,41,
50286.773,conflict-at-land,2,41,
50288.503,start,0,42,
50295.242,conflict-at-land,0,42,
50301.773,start,2,41,
50310.242,start,0,42,
50316.738,conflict-at-land,0,42,
50317.211,conflict-at-land,2,41,
50331.738,start,0,42,
50332.211,start,2,41,
50337.989,conflict-at-land,0,42,
50342.414,conflict-at-land,2,41,
50352.989,start,0,42,
50357.414,start,2,41,
50358.782,conflict-at-land,0,42,
50369.158,conflict-at-land,2,41,
50373.782,start,0,42,
50379.505,conflict-at-land,0,42,
50384.158,start,2,41,
50394.498,conflict-at-land,2,41,
50394.505,start,0,42,
50399.494,conflict-at-land,0,42,
50409.498,start,2,41,
50414.494,start,0,42,
50422.123,conflict-at-land,0,42,
50423.303,conflict-at-land,2,41,
50437.123,start,0,42,
50438.303,start,2,41,
50444.28,conflict-at-land,0,42,
50451.178,conflict-at-land,2,41,
50459.28,start,0,42,
50463.58,conflict-at-land,0,42,
50466.178,start,2,41,
50476.754,conflict-at-land,2,41,
50478.58,start,0,42,
50485.804,conflict-at-land,0,42,
50491.754,start,2,41,
50500.804,start,0,42,
50506.977,conflict-at-land,0,42,
50507.157,conflict-at-land,2,41,
50521.977,start,0,42,
50522.157,start,2,41,
50528.225,conflict-at-land,0,42,
50535.499,conflict-at-land,2,41,
50543.225,start,0,42,
50548.314,conflict-at-land,0,42,
50550.499,start,2,41,
50563.314,start,0,42,
50564.027,conflict-at-land,2,41,
50568.828,conflict-at-land,0,42,
50579.027,start,2,41,
50583.828,start,0,42,
50589.691,conflict-at-land,0,42,
50593.525,conflict-at-land,2,41,
50604.691,start,0,42,
50608.525,start,2,41,
50611.279,conflict-at-land,0,42,
50620.929,conflict-at-land,2,41,
50626.279,start,0,42,
50632.404,conflict-at-land,0,42,
50635.929,start,2,41,
50647.404,start,0,42,
50647.648,conflict-at-land,2,41,
50655.032,conflict-at-land,0,42,
50662.648,start,2,41,
50670.032,start,0,42,
50675.743,conflict-at-land,0,42,
50676.482,conflict-at-land,2,41,
50690.743,start,0,42,
50691.482,start,2,41,
50696.762,conflict-at-land,0,42,
50706.347,conflict-at-land,2,41,
50706.347,abandon,2,41,
50706.347,start,2,43,
50711.762,start,0,42,
50713.236,land,2,43,
50713.236,refuse,2,44,
50718.314,conflict-at-land,0,42,
50728.236,refuse,2,44,
50733.314,start,0,42,
50740.965,conflict-at-land,0,42,
50743.236,refuse,2,44,
50755.965,start,0,42,
50758.236,refuse,2,44,
50760.587,conflict-at-land,0,42,
50760.587,abandon,0,42,
50760.587,refuse,0,45,
50773.236,refuse,2,44,
50775.587,refuse,0,45,
50788.236,refuse,2,44,
50790.587,refuse,0,45,
50803.236,refuse,2,44,
50805.587,refuse,0,45,
50818.236,refuse,2,44,
50820.587,refuse,0,45,
50833.236,refuse,2,44,
50835.587,refuse,0,45,
50848.236,refuse,2,44,
50850.587,refuse,0,45,
50863.236,refuse,2,44,
50865.587,refuse,0,45,
50878.236,refuse,2,44,
50880.587,refuse,0,45,
50893.236,refuse,2,44,
50895.587,refuse,0,45,
50908.236,refuse,2,44,
50910.587,refuse,0,45,
50923.236,refuse,2,44,
50925.587,refuse,0,45,
50938.236,refuse,2,44,
50940.587,refuse,0,45,
50953.236,refuse,2,44,
50955.587,refuse,0,45,
50968.236,refuse,2,44,
50970.587,refuse,0,45,
50983.236,refuse,2,44,
50985.587,refuse,0,45,
50998.236,refuse,2,44,
51000.587,refuse,0,45,
51013.236,refuse,2,44,
51015.587,refuse,0,45,
51028.236,refuse,2,44,
51030.587,refuse,0,45,
51043.236,refuse,2,44,
51045.587,refuse,0,45,
51058.236,refuse,2,44,
51060.587,refuse,0,45,
51073.236,refuse,2,44,
51075.587,refuse,0,45,
51088.236,refuse,2,44,
51090.587,refuse,0,45,
51103.236,refuse,2,44,
51105.587,refuse,0,45,
51118.236,refuse,2,44,
51120.587,refuse,0,45,
51133.236,refuse,2,44,
51135.587,refuse,0,45,
51148.236,refuse,2,44,
51150.587,refuse,0,45,
51163.236,refuse,2,44,
51165.587,refuse,0,45,
51178.236,refuse,2,44,
51180.587,refuse,0,45,
51193.236,refuse,2,44,
51195.587,refuse,0,45,
51208.236,refuse,2,44,
51210.587,refuse,0,45,
51223.236,refuse,2,44,
51225.587,refuse,0,45,
51238.236,refuse,2,44,
51240.587,refuse,0,45,
51253.236,refuse,2,44,
51255.587,refuse,0,45,
51268.236,refuse,2,44,
51270.587,refuse,0,45,
51283.236,refuse,2,44,
51285.587,refuse,0,45,
51287.706,conflict-at-land,3,3,
51298.236,refuse,2,44,
51300.587,refuse,0,45,
51302.706,start,3,3,
51313.236,refuse,2,44,
51315.587,refuse,0,45,
51328.236,refuse,2,44,
51330.587,refuse,0,45,
51343.236,refuse,2,44,
51345.587,refuse,0,45,
51358.236,refuse,2,44,
51360.587,refuse,0,45,
51373.236,refuse,2,44,
51375.587,refuse,0,45,
51388.236,refuse,2,44,
51390.587,refuse,0,45,
51403.236,refuse,2,44,
51405.587,refuse,0,45,
51418.236,refuse,2,44,
51420.587,refuse,0,45,
51433.236,refuse,2,44,
51435.587,refuse,0,45,
51448.236,refuse,2,44,
51450.587,refuse,0,45,
51463.236,refuse,2,44,
51465.587,refuse,0,45,
51478.236,refuse,2,44,
51480.587,refuse,0,45,
51493.236,refuse,2,44,
51495.587,refuse,0,45,
51508.236,refuse,2,44,
51510.587,refuse,0,45,
51523.236,refuse,2,44,
51525.587,refuse,0,45,
51538.236,refuse,2,44,
51540.587,refuse,0,45,
51553.236,refuse,2,44,
51555.587,refuse,0,45,
51568.236,refuse,2,44,
51570.587,refuse,0,45,
51583.236,refuse,2,44,
51585.587,refuse,0,45,
51598.236,refuse,2,44,
51600.587,refuse,0,45,
51613.236,refuse,2,44,
51615.587,refuse,0,45,
51628.236,refuse,2,44,
51630.587,refuse,0,45,
51643.236,refuse,2,44,
51645.587,refuse,0,45,
51658.236,refuse,2,44,
51660.587,refuse,0,45,
51673.236,refuse,2,44,
51675.587,refuse,0,45,
51688.236,refuse,2,44,
51690.587,refuse,0,45,
51703.236,refuse,2,44,
51705.587,refuse,0,45,
51718.236,refuse,2,44,
51720.587,refuse,0,45,
51733.236,refuse,2,44,
51735.587,refuse,0,45,
51748.236,refuse,2,44,
51750.587,refuse,0,45,
51763.236,refuse,2,44,
51765.587,refuse,0,45,
51778.236,refuse,2,44,
51780.587,refuse,0,45,
51793.236,refuse,2,44,
51795.587,refuse,0,45,
51808.236,refuse,2,44,
51810.587,refuse,0,45,
51823.236,refuse,2,44,
51825.587,refuse,0,45,
51838.236,refuse,2,44,
51840.587,refuse,0,45,
51853.236,refuse,2,44,
51855.587,refuse,0,45,
51868.236,refuse,2,44,
51870.587,refuse,0,45,
51883.236,refuse,2,44,
51885.587,refuse,0,45,
51898.236,refuse,2,44,
51900.587,refuse,0,45,
51913.236,refuse,2,44,
51915.587,refuse,0,45,
51928.236,refuse,2,44,
51930.587,refuse,0,45,
51943.236,refuse,2,44,
51945.587,refuse,0,45,
51958.236,refuse,2,44,
51960.587,refuse,0,45,
51973.236,refuse,2,44,
51975.587,refuse,0,45,
51988.236,refuse,2,44,
51990.587,refuse,0,45,
52003.236,refuse,2,44,
52005.587,refuse,0,45,
52018.236,refuse,2,44,
52020.587,refuse,0,45,
52033.236,refuse,2,44,
52035.587,refuse,0,45,
52048.236,refuse,2,44,
52050.587,refuse,0,45,
52063.236,refuse,2,44,
52065.587,refuse,0,45,
52078.236,refuse,2,44,
52080.587,refuse,0,45,
52093.236,refuse,2,44,
52095.587,refuse,0,45,
52108.236,refuse,2,44,
52110.587,refuse,0,45,
52123.236,refuse,2,44,
52125.587,refuse,0,45,
52138.236,refuse,2,44,
52140.587,refuse,0,45,
52153.236,refuse,2,44,
52155.587,refuse,0,45,
52168.236,refuse,2,44,
52170.587,refuse,0,45,
52183.236,refuse,2,44,
52185.587,refuse,0,45,
52198.236,refuse,2,44,
52200.587,refuse,0,45,
52213.236,refuse,2,44,
52215.587,refuse,0,45,
52228.236,refuse,2,44,
52230.587,refuse,0,45,
52243.236,refuse,2,44,
52245.587,refuse,0,45,
52258.236,refuse,2,44,
52260.587,refuse,0,45,
52273.236,refuse,2,44,
52275.587,refuse,0,45,
52288.236,refuse,2,44,
52290.587,refuse,0,45,
52303.236,refuse,2,44,
52305.587,refuse,0,45,
52318.236,refuse,2,44,
52320.587,refuse,0,45,
52333.236,refuse,2,44,
52335.587,refuse,0,45,
52348.236,refuse,2,44,
52350.587,refuse,0,45,
52363.236,refuse,2,44,
52365.587,refuse,0,45,
52378.236,refuse,2,44,
52380.587,refuse,0,45,
52393.236,refuse,2,44,
52395.587,refuse,0,45,
52408.236,refuse,2,44,
52410.587,refuse,0,45,
52423.236,refuse,2,44,
52425.587,refuse,0,45,
52438.236,refuse,2,44,
52440.587,refuse,0,45,
52453.236,refuse,2,44,
52455.587,refuse,0,45,
52468.236,refuse,2,44,
52470.587,refuse,0,45,
52483.236,refuse,2,44,
52485.587,refuse,0,45,
52498.236,refuse,2,44,
52500.587,refuse,0,45,
52513.236,refuse,2,44,
52515.587,refuse,0,45,
52528.236,refuse,2,44,
52530.587,refuse,0,45,
52543.236,refuse,2,44,
52545.587,refuse,0,45,
52558.236,refuse,2,44,
52560.587,refuse,0,45,
52573.236,refuse,2,44,
52575.587,refuse,0,45,
52588.236,refuse,2,44,
52590.587,refuse,0,45,
52603.236,refuse,2,44,
52605.587,refuse,0,45,
52618.236,refuse,2,44,
52620.587,refuse,0,45,
52633.236,refuse,2,44,
52635.587,refuse,0,45,
52648.236,refuse,2,44,
52650.587,refuse,0,45,
52663.236,refuse,2,44,
52665.587,refuse,0,45,
52678.236,refuse,2,44,
52680.587,refuse,0,45,
52693.236,refuse,2,44,
52695.587,refuse,0,45,
52708.236,refuse,2,44,
52710.587,refuse,0,45,
52723.236,refuse,2,44,
52725.587,refuse,0,45,
52738.236,refuse,2,44,
52740.587,refuse,0,45,
52753.236,refuse,2,44,
52755.587,refuse,0,45,
52768.236,refuse,2,44,
52770.587,refuse,0,45,
52783.236,refuse,2,44,
52785.587,refuse,0,45,
52798.236,refuse,2,44,
52800.587,refuse,0,45,
52813.236,refuse,2,44,
52815.587,refuse,0,45,
52828.236,refuse,2,44,
52830.587,refuse,0,45,
52843.236,refuse,2,44,
52845.587,refuse,0,45,
52858.236,refuse,2,44,
52860.587,refuse,0,45,
52873.236,refuse,2,44,
52875.587,refuse,0,45,
52888.236,refuse,2,44,
52890.587,refuse,0,45,
52903.236,refuse,2,44,
52905.587,refuse,0,45,
52918.236,refuse,2,44,
52920.587,refuse,0,45,
52933.236,refuse,2,44,
52935.587,refuse,0,45,
52948.236,refuse,2,44,
52950.587,refuse,0,45,
52963.236,refuse,2,44,
52965.587,refuse,0,45,
52978.236,refuse,2,44,
52980.587,refuse,0,45,
52993.236,refuse,2,44,
52995.587,refuse,0,45,
53008.236,refuse,2,44,
53010.587,refuse,0,45,
53023.236,refuse,2,44,
53025.587,refuse,0,45,
53038.236,refuse,2,44,
53040.587,refuse,0,45,
53053.236,refuse,2,44,
53055.587,refuse,0,45,
53068.236,refuse,2,44,
53070.587,refuse,0,45,
53083.236,refuse,2,44,
53085.587,refuse,0,45,
53098.236,refuse,2,44,
53100.587,refuse,0,45,
53113.236,refuse,2,44,
53115.587,refuse,0,45,
53128.236,refuse,2,44,
53130.587,refuse,0,45,
53143.236,refuse,2,44,
53145.587,refuse,0,45,
53158.236,refuse,2,44,
53160.587,refuse,0,45,
53173.236,refuse,2,44,
53175.587,refuse,0,45,
53188.236,refuse,2,44,
53190.587,refuse,0,45,
53203.236,refuse,2,44,
53205.587,refuse,0,45,
53218.236,refuse,2,44,
53220.587,refuse,0,45,
53233.236,refuse,2,44,
53235.587,refuse,0,45,
53248.236,refuse,2,44,
53250.587,refuse,0,45,
53263.236,refuse,2,44,
53265.587,refuse,0,45,
53278.236,refuse,2,44,
53280.587,refuse,0,45,
53293.236,refuse,2,44,
53295.587,refuse,0,45,
53308.236,refuse,2,44,
53310.587,refuse,0,45,
53323.236,refuse,2,44,
53325.587,refuse,0,45,
53338.236,refuse,2,44,
53340.587,refuse,0,45,
53353.236,refuse,2,44,
53355.587,refuse,0,45,
53368.236,refuse,2,44,
53370.587,refuse,0,45,
53383.236,refuse,2,44,
53385.587,refuse,0,45,
53398.236,refuse,2,44,
53400.587,refuse,0,45,
53413.236,refuse,2,44,
53415.587,refuse,0,45,
53428.236,refuse,2,44,
53430.587,refuse,0,45,
53443.236,refuse,2,44,
53445.587,refuse,0,45,
53458.236,refuse,2,44,
53460.587,refuse,0,45,
53473.236,refuse,2,44,
53475.587,refuse,0,45,
53488.236,refuse,2,44,
53490.587,refuse,0,45,
53503.236,refuse,2,44,
53505.587,refuse,0,45,
53518.236,refuse,2,44,
53520.587,refuse,0,45,
53533.236,refuse,2,44,
53535.587,refuse,0,45,
53548.236,refuse,2,44,
53550.587,refuse,0,45,
53563.236,refuse,2,44,
53565.587,refuse,0,45,
53578.236,refuse,2,44,
53580.587,refuse,0,45,
53593.236,refuse,2,44,
53595.587,refuse,0,45,
53608.236,refuse,2,44,
53610.587,refuse,0,45,
53623.236,refuse,2,44,
53625.587,refuse,0,45,
53638.236,refuse,2,44,
53640.587,refuse,0,45,
53653.236,refuse,2,44,
53655.587,refuse,0,45,
53659.594,conflict-at-land,3,3,
53668.236,refuse,2,44,
53670.587,refuse,0,45,
53674.594,start,3,3,
53683.236,refuse,2,44,
53685.587,refuse,0,45,
53698.236,refuse,2,44,
53700.587,refuse,0,45,
53713.236,refuse,2,44,
53713.236,abandon,2,44,
53713.236,refuse,2,46,
53715.587,refuse,0,45,
53728.236,refuse,2,46,
53730.587,refuse,0,45,
53743.236,refuse,2,46,
53745.587,refuse,0,45,
53758.236,refuse,2,46,
53760.587,refuse,0,45,
53760.587,abandon,0,45,
53760.587,start,0,47,
53773.236,refuse,2,46,
53788.236,refuse,2,46,
53801.444,conflict-at-land,0,47,
53803.236,refuse,2,46,
53816.444,start,0,47,
53818.236,refuse,2,46,
53833.236,refuse,2,46,
53848.236,refuse,2,46,
53863.236,refuse,2,46,
53870.116,conflict-at-land,0,47,
53878.236,refuse,2,46,
53885.116,start,0,47,
53893.236,refuse,2,46,
53908.236,refuse,2,46,
53923.236,refuse,2,46,
53938.236,refuse,2,46,
53938.896,conflict-at-land,0,47,
53953.236,refuse,2,46,
53953.896,start,0,47,
53968.236,refuse,2,46,
53983.236,refuse,2,46,
53993.139,conflict-at-land,0,47,
53998.236,refuse,2,46,
54008.139,start,0,47,
54013.236,refuse,2,46,
54028.236,refuse,2,46,
54043.236,refuse,2,46,
54053.069,conflict-at-land,0,47,
54058.236,refuse,2,46,
54068.069,start,0,47,
54073.236,refuse,2,46,
54088.236,refuse,2,46,
54103.236,refuse,2,46,
54116.765,conflict-at-land,0,47,
54118.236,refuse,2,46,
54131.765,start,0,47,
54133.236,refuse,2,46,
54148.236,refuse,2,46,
54163.236,refuse,2,46,
54178.236,refuse,2,46,
54178.707,conflict-at-land,0,47,
54193.236,refuse,2,46,
54193.707,start,0,47,
54208.236,refuse,2,46,
54223.236,refuse,2,46,
54232.249,conflict-at-land,0,47,
54238.236,refuse,2,46,
54247.249,start,0,47,
54253.236,refuse,2,46,
54268.236,refuse,2,46,
54283.236,refuse,2,46,
54296.764,conflict-at-land,0,47,
54298.236,refuse,2,46,
54311.764,start,0,47,
54313.236,refuse,2,46,
54328.236,refuse,2,46,
54343.236,refuse,2,46,
54349.953,conflict-at-land,0,47,
54358.236,refuse,2,46,
54364.953,start,0,47,
54373.236,refuse,2,46,
54388.236,refuse,2,46,
54398.055,conflict-at-land,0,47,
54403.236,refuse,2,46,
54413.055,start,0,47,
54418.236,refuse,2,46,
54433.236,refuse,2,46,
54448.236,refuse,2,46,
54459.203,conflict-at-land,0,47,
54463.236,refuse,2,46,
54474.203,start,0,47,
54478.236,refuse,2,46,
54493.236,refuse,2,46,
54508.236,refuse,2,46,
54519.963,conflict-at-land,0,47,
54523.236,refuse,2,46,
54534.963,start,0,47,
54538.236,refuse,2,46,
54553.236,refuse,2,46,
54568.236,refuse,2,46,
54574.658,conflict-at-land,0,47,
54583.236,refuse,2,46,
54589.658,start,0,47,
54598.236,refuse,2,46,
54613.236,refuse,2,46,
54628.236,refuse,2,46,
54631.629,conflict-at-land,0,47,
54643.236,refuse,2,46,
54646.629,start,0,47,
54658.236,refuse,2,46,
54673.236,refuse,2,46,
54688.236,refuse,2,46,
54700.924,conflict-at-land,0,47,
54703.236,refuse,2,46,
54715.924,start,0,47,
54718.236,refuse,2,46,
54733.236,refuse,2,46,
54748.236,refuse,2,46,
54763.236,refuse,2,46,
54765.688,conflict-at-land,0,47,
54778.236,refuse,2,46,
54780.688,start,0,47,
54793.236,refuse,2,46,
54808.236,refuse,2,46,
54820.344,conflict-at-land,0,47,
54823.236,refuse,2,46,
54835.344,start,0,47,
54838.236,refuse,2,46,
54853.236,refuse,2,46,
54868.236,refuse,2,46,
54883.236,refuse,2,46,
54887.719,conflict-at-land,0,47,
54898.236,refuse,2,46,
54902.719,start,0,47,
54913.236,refuse,2,46,
54928.236,refuse,2,46,
54943.236,refuse,2,46,
54946.492,conflict-at-land,0,47,
54958.236,refuse,2,46,
54961.492,start,0,47,
54973.236,refuse,2,46,
54988.236,refuse,2,46,
55001.096,conflict-at-land,0,47,
55003.236,refuse,2,46,
55016.096,start,0,47,
55018.236,refuse,2,46,
55033.236,refuse,2,46,
55048.236,refuse,2,46,
55061.796,conflict-at-land,0,47,
55063.236,refuse,2,46,
55076.796,start,0,47,
55078.236,refuse,2,46,
55093.236,refuse,2,46,
55108.236,refuse,2,46,
55123.236,refuse,2,46,
55125.942,conflict-at-land,0,47,
55138.236,refuse,2,46,
55140.942,start,0,47,
55153.236,refuse,2,46,
55168.236,refuse,2,46,
55183.236,refuse,2,46,
55192.929,conflict-at-land,0,47,
55198.236,refuse,2,46,
55207.929,start,0,47,
55213.236,refuse,2,46,
55228.236,refuse,2,46,
55243.236,refuse,2,46,
55254.22,conflict-at-land,0,47,
55258.236,refuse,2,46,
55269.22,start,0,47,
55273.236,refuse,2,46,
55288.236,refuse,2,46,
55303.236,refuse,2,46,
55315.439,conflict-at-land,0,47,
55318.236,refuse,2,46,
55330.439,start,0,47,
55333.236,refuse,2,46,
55348.236,refuse,2,46,
55363.236,refuse,2,46,
55369.94,conflict-at-land,0,47,
55378.236,refuse,2,46,
55384.94,start,0,47,
55393.236,refuse,2,46,
55408.236,refuse,2,46,
55415.355,conflict-at-land,0,47,
55423.236,refuse,2,46,
55430.355,start,0,47,
55438.236,refuse,2,46,
55453.236,refuse,2,46,
55468.236,refuse,2,46,
55471.214,conflict-at-land,0,47,
55483.236,refuse,2,46,
55486.214,start,0,47,
55498.236,refuse,2,46,
55513.236,refuse,2,46,
55518.495,conflict-at-land,0,47,
55528.236,refuse,2,46,
55533.495,start,0,47,
55543.236,refuse,2,46,
55558.236,refuse,2,46,
55573.236,refuse,2,46,
55586.64,conflict-at-land,0,47,
55588.236,refuse,2,46,
55601.64,start,0,47,
55603.236,refuse,2,46,
55618.236,refuse,2,46,
55633.236,refuse,2,46,
55640.174,conflict-at-land,0,47,
55648.236,refuse,2,46,
55655.174,start,0,47,
55663.236,refuse,2,46,
55678.236,refuse,2,46,
55693.236,refuse,2,46,
55699.82,conflict-at-land,0,47,
55708.236,refuse,2,46,
55714.82,start,0,47,
55723.236,refuse,2,46,
55738.236,refuse,2,46,
55753.236,refuse,2,46,
55762.696,conflict-at-land,0,47,
55768.236,refuse,2,46,
55777.696,start,0,47,
55783.236,refuse,2,46,
55798.236,refuse,2,46,
55811.597,conflict-at-land,0,47,
55813.236,refuse,2,46,
55826.597,start,0,47,
55828.236,refuse,2,46,
55843.236,refuse,2,46,
55858.236,refuse,2,46,
55873.236,refuse,2,46,
55877.002,conflict-at-land,0,47,
55888.236,refuse,2,46,
55892.002,start,0,47,
55903.236,refuse,2,46,
55918.236,refuse,2,46,
55929.608,conflict-at-land,0,47,
55933.236,refuse,2,46,
55944.608,start,0,47,
55948.236,refuse,2,46,
55963.236,refuse,2,46,
55976.036,conflict-at-land,0,47,
55978.236,refuse,2,46,
55991.036,start,0,47,
55993.236,refuse,2,46,
56008.236,refuse,2,46,
56023.236,refuse,2,46,
56035.55,conflict-at-land,0,47,
56038.236,refuse,2,46,
56050.55,start,0,47,
56053.236,refuse,2,46,
56066.511,conflict-at-land,3,3,
56068.236,refuse,2,46,
56081.511,start,3,3,
56083.236,refuse,2,46,
56090.089,conflict-at-land,0,47,
56098.236,refuse,2,46,
56105.089,start,0,47,
56113.236,refuse,2,46,
56128.236,refuse,2,46,
56143.236,refuse,2,46,
56145.695,conflict-at-land,0,47,
56158.236,refuse,2,46,
56160.695,start,0,47,
56173.236,refuse,2,46,
56188.236,refuse,2,46,
56192.475,conflict-at-land,0,47,
56203.236,refuse,2,46,
56207.475,start,0,47,
56218.236,refuse,2,46,
56233.236,refuse,2,46,
56237.34,conflict-at-land,0,47,
56248.236,refuse,2,46,
56252.34,start,0,47,
56263.236,refuse,2,46,
56278.236,refuse,2,46,
56282.505,conflict-at-land,0,47,
56293.236,refuse,2,46,
56297.505,start,0,47,
56308.236,refuse,2,46,
56323.236,refuse,2,46,
56338.236,refuse,2,46,
56339.34,conflict-at-land,0,47,
56353.236,refuse,2,46,
56354.34,start,0,47,
56368.236,refuse,2,46,
56383.236,refuse,2,46,
56398.236,refuse,2,46,
56401.737,conflict-at-land,0,47,
56413.236,refuse,2,46,
56416.737,start,0,47,
56428.236,refuse,2,46,
56443.236,refuse,2,46,
56447.429,conflict-at-land,0,47,
56458.236,refuse,2,46,
56462.429,start,0,47,
56473.236,refuse,2,46,
56488.236,refuse,2,46,
56500.14,conflict-at-land,0,47,
56503.236,refuse,2,46,
56515.14,start,0,47,
56518.236,refuse,2,46,
56533.236,refuse,2,46,
56548.236,refuse,2,46,
56556.596,conflict-at-land,0,47,
56563.236,refuse,2,46,
56571.596,start,0,47,
56578.236,refuse,2,46,
56593.236,refuse,2,46,
56608.236,refuse,2,46,
56623.236,refuse,2,46,
56623.615,conflict-at-land,0,47,
56638.236,refuse,2,46,
56638.615,start,0,47,
56653.236,refuse,2,46,
56668.236,refuse,2,46,
56683.236,refuse,2,46,
56692.474,conflict-at-land,0,47,
56698.236,refuse,2,46,
56707.474,start,0,47,
56713.236,refuse,2,46,
56713.236,abandon,2,46,
56713.236,refuse,2,48,
56728.236,refuse,2,48,
56743.236,refuse,2,48,
56758.236,refuse,2,48,
56758.927,conflict-at-land,0,47,
56773.236,start,2,48,
56773.927,refuse,0,47,
56788.927,refuse,0,47,
56803.927,refuse,0,47,
56818.927,refuse,0,47,
56833.927,refuse,0,47,
56848.927,refuse,0,47,
56851.236,conflict-at-land,2,48,
56863.927,start,0,47,
56866.236,refuse,2,48,
56881.236,refuse,2,48,
56896.236,refuse,2,48,
56907.819,conflict-at-land,0,47,
56911.236,start,2,48,
56922.819,refuse,0,47,
56937.819,refuse,0,47,
56952.819,refuse,0,47,
56967.819,refuse,0,47,
56971.267,conflict-at-land,2,48,
56982.819,start,0,47,
56986.267,refuse,2,48,
57001.267,refuse,2,48,
57016.267,refuse,2,48,
57027.648,conflict-at-land,0,47,
57031.267,start,2,48,
57042.648,refuse,0,47,
57057.648,refuse,0,47,
57072.648,refuse,0,47,
57087.648,refuse,0,47,
57088.836,conflict-at-land,2,48,
57102.648,start,0,47,
57103.836,refuse,2,48,
57118.836,refuse,2,48,
57133.836,refuse,2,48,
57139.689,conflict-at-land,0,47,
57148.836,start,2,48,
57154.689,refuse,0,47,
57169.689,refuse,0,47,
57184.689,refuse,0,47,
57199.689,refuse,0,47,
57214.689,refuse,0,47,
57229.689,refuse,0,47,
57235.1,conflict-at-land,2,48,
57244.689,start,0,47,
57250.1,refuse,2,48,
57265.1,refuse,2,48,
57280.1,refuse,2,48,
57288.405,conflict-at-land,0,47,
57295.1,start,2,48,
57303.405,refuse,0,47,
57318.405,refuse,0,47,
57333.405,refuse,0,47,
57348.405,refuse,0,47,
57363.405,refuse,0,47,
57376.872,conflict-at-land,2,48,
57378.405,start,0,47,
57391.872,refuse,2,48,
57406.872,refuse,2,48,
57419.533,conflict-at-land,0,47,
57421.872,start,2,48,
57434.533,refuse,0,47,
57449.533,refuse,0,47,
57464.533,refuse,0,47,
57479.533,refuse,0,47,
57484.342,conflict-at-land,2,48,
57494.533,start,0,47,
57499.342,refuse,2,48,
57514.342,refuse,2,48,
57529.342,refuse,2,48,
57536.626,conflict-at-land,0,47,
57544.342,start,2,48,
57551.626,refuse,0,47,
57566.626,refuse,0,47,
57581.626,refuse,0,47,
57596.626,refuse,0,47,
57611.626,refuse,0,47,
57619.503,conflict-at-land,2,48,
57626.626,start,0,47,
57634.503,refuse,2,48,
57649.503,refuse,2,48,
57662.118,conflict-at-land,0,47,
57664.503,start,2,48,
57677.118,refuse,0,47,
57692.118,refuse,0,47,
57707.118,refuse,0,47,
57722.118,refuse,0,47,
57737.118,refuse,0,47,
57751.425,conflict-at-land,2,48,
57752.118,start,0,47,
57766.425,refuse,2,48,
57781.425,refuse,2,48,
57796.425,refuse,2,48,
57806.243,conflict-at-land,0,47,
57811.425,start,2,48,
57821.243,refuse,0,47,
57836.243,refuse,0,47,
57851.243,refuse,0,47,
57866.243,refuse,0,47,
57869.653,conflict-at-land,2,48,
57881.243,start,0,47,
57884.653,refuse,2,48,
57899.653,refuse,2,48,
57914.653,refuse,2,48,
57916.745,conflict-at-land,0,47,
57929.653,start,2,48,
57931.745,refuse,0,47,
57946.745,refuse,0,47,
57961.745,refuse,0,47,
57976.745,refuse,0,47,
57991.745,refuse,0,47,
58006.745,refuse,0,47,
58015.105,conflict-at-land,2,48,
58021.745,start,0,47,
58030.105,refuse,2,48,
58045.105,refuse,2,48,
58060.105,refuse,2,48,
58069.336,conflict-at-land,0,47,
58075.105,start,2,48,
58084.336,refuse,0,47,
58099.336,refuse,0,47,
58114.336,refuse,0,47,
58129.336,refuse,0,47,
58135.223,conflict-at-land,2,48,
58144.336,start,0,47,
58150.223,refuse,2,48,
58165.223,refuse,2,48,
58180.223,refuse,2,48,
58188.502,conflict-at-land,0,47,
58195.223,start,2,48,
58203.502,refuse,0,47,
58218.502,refuse,0,47,
58233.502,refuse,0,47,
58248.502,refuse,0,47,
58255.911,conflict-at-land,2,48,
58263.502,start,0,47,
58270.911,refuse,2,48,
58285.911,refuse,2,48,
58300.911,refuse,2,48,
58314.646,conflict-at-land,0,47,
58315.911,start,2,48,
58329.646,refuse,0,47,
58344.646,refuse,0,47,
58359.646,refuse,0,47,
58374.646,refuse,0,47,
58389.646,refuse,0,47,
58391.688,conflict-at-land,2,48,
58404.646,start,0,47,
58406.688,refuse,2,48,
58421.688,refuse,2,48,
58436.688,refuse,2,48,
58446.918,conflict-at-land,0,47,
58451.688,start,2,48,
58461.918,refuse,0,47,
58476.918,refuse,0,47,
58491.918,refuse,0,47,
58506.918,refuse,0,47,
58509.071,conflict-at-land,2,48,
58521.918,start,0,47,
58524.071,refuse,2,48,
58539.071,refuse,2,48,
58554.071,refuse,2,48,
58561.543,conflict-at-land,0,47,
58569.071,start,2,48,
58576.543,refuse,0,47,
58591.543,refuse,0,47,
58606.543,refuse,0,47,
58621.543,refuse,0,47,
58636.543,refuse,0,47,
58639.902,conflict-at-land,2,48,
58651.543,start,0,47,
58654.902,refuse,2,48,
58669.902,refuse,2,48,
58684.902,refuse,2,48,
58690.06,conflict-at-land,0,47,
58699.902,start,2,48,
58705.06,refuse,0,47,
58720.06,refuse,0,47,
58735.06,refuse,0,47,
58750.06,refuse,0,47,
58758.073,conflict-at-land,2,48,
58765.06,start,0,47,
58773.073,refuse,2,48,
58788.073,refuse,2,48,
58799.454,conflict-at-land,0,47,
58803.073,start,2,48,
58814.454,refuse,0,47,
58829.454,refuse,0,47,
58844.454,refuse,0,47,
58859.454,refuse,0,47,
58867.277,conflict-at-land,3,3,
58874.454,refuse,0,47,
58882.277,start,3,3,
58883.722,conflict-at-land,2,48,
58889.454,start,0,47,
58898.722,refuse,2,48,
58913.722,refuse,2,48,
58928.722,refuse,2,48,
58940.121,conflict-at-land,0,47,
58943.722,start,2,48,
58955.121,refuse,0,47,
58970.121,refuse,0,47,
58985.121,refuse,0,47,
59000.121,refuse,0,47,
59015.121,refuse,0,47,
59020.699,conflict-at-land,2,48,
59030.121,start,0,47,
59035.699,refuse,2,48,
59050.699,refuse,2,48,
59065.699,refuse,2,48,
59079.454,conflict-at-land,0,47,
59080.699,start,2,48,
59094.454,refuse,0,47,
59109.454,refuse,0,47,
59124.454,refuse,0,47,
59136.871,conflict-at-land,2,48,
59139.454,start,0,47,
59151.871,refuse,2,48,
59166.871,refuse,2,48,
59174.146,conflict-at-land,0,47,
59181.871,start,2,48,
59189.146,refuse,0,47,
59204.146,refuse,0,47,
59219.146,refuse,0,47,
59234.146,refuse,0,47,
59249.146,refuse,0,47,
59262.672,conflict-at-land,2,48,
59264.146,start,0,47,
59277.672,refuse,2,48,
59292.672,refuse,2,48,
59293.582,conflict-at-land,0,47,
59307.672,start,2,48,
59308.582,refuse,0,47,
59323.582,refuse,0,47,
59338.582,refuse,0,47,
59353.582,refuse,0,47,
59361.697,conflict-at-land,2,48,
59368.582,start,0,47,
59376.697,refuse,2,48,
59391.697,refuse,2,48,
59406.697,refuse,2,48,
59417.609,conflict-at-land,0,47,
59421.697,start,2,48,
59432.609,refuse,0,47,
59447.609,refuse,0,47,
59462.609,refuse,0,47,
59477.609,refuse,0,47,
59480.605,conflict-at-land,2,48,
59492.609,start,0,47,
59495.605,refuse,2,48,
59510.605,refuse,2,48,
59525.605,refuse,2,48,
59526.668,conflict-at-land,0,47,
59540.605,start,2,48,
59541.668,refuse,0,47,
59556.668,refuse,0,47,
59571.668,refuse,0,47,
59586.668,refuse,0,47,
59601.668,refuse,0,47,
59608.088,conflict-at-land,2,48,
59616.668,start,0,47,
59623.088,refuse,2,48,
59638.088,refuse,2,48,
59653.088,refuse,2,48,
59667.156,conflict-at-land,0,47,
59668.088,start,2,48,
59682.156,refuse,0,47,
59697.156,refuse,0,47,
59712.156,refuse,0,47,
59718.937,conflict-at-land,2,48,
59727.156,start,0,47,
59733.937,refuse,2,48,
59748.937,refuse,2,48,
59763.937,refuse,2,48,
59778.668,conflict-at-land,0,47,
59778.937,start,2,48,
59793.668,refuse,0,47,
59808.668,refuse,0,47,
59823.668,refuse,0,47,
59838.668,refuse,0,47,
59842.507,conflict-at-land,2,48,
59853.668,start,0,47,
59857.507,refuse,2,48,
59872.507,refuse,2,48,
59887.507,refuse,2,48,
59897.458,conflict-at-land,0,47,
59902.507,start,2,48,
59912.458,refuse,0,47,
59927.458,refuse,0,47,
59942.458,refuse,0,47,
59957.458,refuse,0,47,
59972.458,refuse,0,47,
59973.323,conflict-at-land,2,48,
59987.458,start,0,47,
59988.323,refuse,2,48,
60003.323,refuse,2,48,
60018.323,refuse,2,48,
60019.925,conflict-at-land,0,47,
60033.323,start,2,48,
60034.925,refuse,0,47,
60049.925,refuse,0,47,
60064.925,refuse,0,47,
60079.925,refuse,0,47,
60094.925,refuse,0,47,
60094.925,abandon,0,47,
60094.925,refuse,0,49,
60109.925,refuse,0,49,
60124.925,refuse,0,49,
60125.123,conflict-at-land,2,48,
60139.925,start,0,49,
60140.123,refuse,2,48,
60147.175,conflict-at-land,0,49,
60155.123,start,2,48,
60162.175,refuse,0,49,
60177.175,refuse,0,49,
60192.175,refuse,0,49,
60207.175,refuse,0,49,
60222.175,refuse,0,49,
60237.175,refuse,0,49,
60240.296,conflict-at-land,2,48,
60252.175,start,0,49,
60255.296,refuse,2,48,
60263.221,conflict-at-land,0,49,
60270.296,start,2,48,
60278.221,refuse,0,49,
60293.221,refuse,0,49,
60308.221,refuse,0,49,
60323.221,refuse,0,49,
60338.221,refuse,0,49,
60340.306,conflict-at-land,2,48,
60353.221,start,0,49,
60355.306,refuse,2,48,
60364.706,conflict-at-land,0,49,
60370.306,start,2,48,
60379.706,refuse,0,49,
60394.706,refuse,0,49,
60409.706,refuse,0,49,
60423.422,conflict-at-land,2,48,
60424.706,start,0,49,
60431.804,conflict-at-land,0,49,
60438.422,start,2,48,
60446.804,refuse,0,49,
60461.804,refuse,0,49,
60476.804,refuse,0,49,
60491.804,refuse,0,49,
60506.804,refuse,0,49,
60509.72,conflict-at-land,2,48,
60521.804,start,0,49,
60524.72,refuse,2,48,
60528.507,conflict-at-land,0,49,
60539.72,start,2,48,
60543.507,refuse,0,49,
60558.507,refuse,0,49,
60573.507,refuse,0,49,
60588.507,refuse,0,49,
60603.507,refuse,0,49,
60618.507,refuse,0,49,
60625.017,conflict-at-land,2,48,
60633.507,start,0,49,
60640.017,refuse,2,48,
60642.651,conflict-at-land,0,49,
60655.017,start,2,48,
60657.651,refuse,0,49,
60672.651,refuse,0,49,
60687.651,refuse,0,49,
60702.651,refuse,0,49,
60717.651,refuse,0,49,
60732.651,refuse,0,49,
60739.929,conflict-at-land,2,48,
60747.651,start,0,49,
60754.929,refuse,2,48,
60755.498,conflict-at-land,0,49,
60769.929,start,2,48,
60770.498,refuse,0,49,
60785.498,refuse,0,49,
60800.498,refuse,0,49,
60815.498,refuse,0,49,
60821.505,conflict-at-land,2,48,
60830.498,start,0,49,
60836.505,refuse,2,48,
60841.606,conflict-at-land,0,49,
60851.505,start,2,48,
60856.606,refuse,0,49,
60871.606,refuse,0,49,
60886.606,refuse,0,49,
60901.606,refuse,0,49,
60910.908,conflict-at-land,2,48,
60916.606,start,0,49,
60925.157,conflict-at-land,0,49,
60925.908,start,2,48,
60940.157,refuse,0,49,
60955.157,refuse,0,49,
60970.157,refuse,0,49,
60981.736,conflict-at-land,2,48,
60985.157,start,0,49,
60994.626,conflict-at-land,0,49,
60996.736,start,2,48,
61009.626,refuse,0,49,
61024.626,refuse,0,49,
61039.626,refuse,0,49,
61054.626,refuse,0,49,
61067.178,conflict-at-land,2,48,
61069.626,start,0,49,
61076.996,conflict-at-land,0,49,
61082.178,start,2,48,
61091.996,refuse,0,49,
61106.996,refuse,0,49,
61121.996,refuse,0,49,
61134.269,conflict-at-land,2,48,
61136.996,start,0,49,
61145.119,conflict-at-land,0,49,
61149.269,start,2,48,
61160.119,refuse,0,49,
61175.119,refuse,0,49,
61190.119,refuse,0,49,
61205.119,refuse,0,49,
61220.119,refuse,0,49,
61233.517,conflict-at-land,2,48,
61235.119,start,0,49,
61242.251,conflict-at-land,0,49,
61248.517,start,2,48,
61257.251,refuse,0,49,
61272.251,refuse,0,49,
61287.251,refuse,0,49,
61302.251,refuse,0,49,
61308.783,conflict-at-land,2,48,
61317.251,start,0,49,
61323.783,refuse,2,48,
61326.892,conflict-at-land,0,49,
61338.783,start,2,48,
61341.892,refuse,0,49,
61356.892,refuse,0,49,
61371.892,refuse,0,49,
61386.892,refuse,0,49,
61401.892,refuse,0,49,
61416.618,conflict-at-land,2,48,
61416.892,start,0,49,
61427.535,conflict-at-land,0,49,
61431.618,start,2,48,
61442.535,refuse,0,49,
61457.535,refuse,0,49,
61472.535,refuse,0,49,
61487.535,refuse,0,49,
61502.535,refuse,0,49,
61509.884,conflict-at-land,2,48,
61517.535,start,0,49,
61524.884,refuse,2,48,
61528.424,conflict-at-land,0,49,
61539.884,start,2,48,
61543.424,refuse,0,49,
61558.424,refuse,0,49,
61573.424,refuse,0,49,
61588.424,refuse,0,49,
61596.997,conflict-at-land,2,48,
61603.424,start,0,49,
61611.997,refuse,2,48,
61614.703,conflict-at-land,0,49,
61626.997,start,2,48,
61629.703,refuse,0,49,
61644.703,refuse,0,49,
61659.703,refuse,0,49,
61674.703,refuse,0,49,
61675.845,conflict-at-land,3,3,
61678.642,conflict-at-land,2,48,
61689.703,start,0,49,
61690.845,start,3,3,
61693.642,refuse,2,48,
61696.646,conflict-at-land,0,49,
61708.642,start,2,48,
61711.646,refuse,0,49,
61726.646,refuse,0,49,
61741.646,refuse,0,49,
61756.646,refuse,0,49,
61771.646,refuse,0,49,
61786.646,refuse,0,49,
61792.523,conflict-at-land,2,48,
61801.646,start,0,49,
61807.523,refuse,2,48,
61810.671,conflict-at-land,0,49,
61822.523,start,2,48,
61825.671,refuse,0,49,
61840.671,refuse,0,49,
61855.671,refuse,0,49,
61870.671,refuse,0,49,
61885.671,refuse,0,49,
61900.671,refuse,0,49,
61912.728,conflict-at-land,2,48,
61915.671,start,0,49,
61927.235,conflict-at-land,0,49,
61927.728,start,2,48,
61942.235,refuse,0,49,
61957.235,refuse,0,49,
61972.235,refuse,0,49,
61987.235,refuse,0,49,
62002.235,refuse,0,49,
62017.235,refuse,0,49,
62019.264,conflict-at-land,2,48,
62032.235,start,0,49,
62034.264,refuse,2,48,
62041.851,conflict-at-land,0,49,
62049.264,start,2,48,
62056.851,refuse,0,49,
62071.851,refuse,0,49,
62086.851,refuse,0,49,
62101.851,refuse,0,49,
62114.843,conflict-at-land,2,48,
62116.851,start,0,49,
62128.32,conflict-at-land,0,49,
62129.843,start,2,48,
62143.32,refuse,0,49,
62158.32,refuse,0,49,
62173.32,refuse,0,49,
62188.32,refuse,0,49,
62203.32,refuse,0,49,
62211.89,conflict-at-land,2,48,
62218.32,start,0,49,
62225.678,conflict-at-land,0,49,
62226.89,start,2,48,
62240.678,refuse,0,49,
62255.678,refuse,0,49,
62270.678,refuse,0,49,
62285.678,refuse,0,49,
62300.678,refuse,0,49,
62301.186,conflict-at-land,2,48,
62315.678,start,0,49,
62316.186,refuse,2,48,
62322.088,conflict-at-land,0,49,
62331.186,start,2,48,
62337.088,refuse,0,49,
62352.088,refuse,0,49,
62367.088,refuse,0,49,
62382.088,refuse,0,49,
62382.34,conflict-at-land,2,48,
62397.088,start,0,49,
62397.34,refuse,2,48,
62406.837,conflict-at-land,0,49,
62412.34,start,2,48,
62421.837,refuse,0,49,
62436.837,refuse,0,49,
62451.837,refuse,0,49,
62466.837,refuse,0,49,
62481.837,refuse,0,49,
62493.818,conflict-at-land,2,48,
62496.837,start,0,49,
62507.787,conflict-at-land,0,49,
62508.818,start,2,48,
62522.787,refuse,0,49,
62537.787,refuse,0,49,
62552.787,refuse,0,49,
62567.787,refuse,0,49,
62582.787,refuse,0,49,
62591.757,conflict-at-land,2,48,
62597.787,start,0,49,
62604.827,conflict-at-land,0,49,
62606.757,start,2,48,
62619.827,refuse,0,49,
62634.827,refuse,0,49,
62649.827,refuse,0,49,
62664.827,refuse,0,49,
62679.827,refuse,0,49,
62689.038,conflict-at-land,2,48,
62694.827,start,0,49,
62704.038,refuse,2,48,
62706.425,conflict-at-land,0,49,
62719.038,start,2,48,
62721.425,refuse,0,49,
62736.425,refuse,0,49,
62751.425,refuse,0,49,
62766.425,refuse,0,49,
62781.425,refuse,0,49,
62796.425,refuse,0,49,
62798.677,conflict-at-land,2,48,
62811.425,start,0,49,
62813.677,refuse,2,48,
62820.32,conflict-at-land,0,49,
62828.677,start,2,48,
62835.32,refuse,0,49,
62850.32,refuse,0,49,
62865.32,refuse,0,49,
62880.32,refuse,0,49,
62891.818,conflict-at-land,2,48,
62895.32,start,0,49,
62901.964,conflict-at-land,0,49,
62906.818,start,2,48,
62916.964,refuse,0,49,
62931.964,refuse,0,49,
62946.964,refuse,0,49,
62961.964,refuse,0,49,
62976.964,refuse,0,49,
62984.233,conflict-at-land,2,48,
62991.964,start,0,49,
62999.233,refuse,2,48,
63003.458,conflict-at-land,0,49,
63014.233,start,2,48,
63018.458,refuse,0,49,
63033.458,refuse,0,49,
63048.458,refuse,0,49,
63063.458,refuse,0,49,
63069.596,conflict-at-land,2,48,
63078.458,start,0,49,
63084.596,refuse,2,48,
63089.191,conflict-at-land,0,49,
63099.596,start,2,48,
63104.191,refuse,0,49,
63119.191,refuse,0,49,
63134.191,refuse,0,49,
63149.191,refuse,0,49,
63164.191,refuse,0,49,
63179.191,refuse,0,49,
63188.778,conflict-at-land,2,48,
63194.191,start,0,49,
63202.393,conflict-at-land,0,49,
63203.778,start,2,48,
63217.393,refuse,0,49,
63232.393,refuse,0,49,
63247.393,refuse,0,49,
63262.393,refuse,0,49,
63277.393,refuse,0,49,
63290.719,conflict-at-land,2,48,
63292.393,start,0,49,
63299.534,conflict-at-land,0,49,
63305.719,start,2,48,
63314.534,refuse,0,49,
63329.534,refuse,0,49,
63344.534,refuse,0,49,
63359.534,refuse,0,49,
63369.107,conflict-at-land,2,48,
63374.534,start,0,49,
63383.893,conflict-at-land,0,49,
63384.107,start,2,48,
63387.435,conflict-at-land,3,3,
63398.893,refuse,0,49,
63402.435,start,3,3,
63413.893,refuse,0,49,
63413.893,abandon,0,49,
63413.893,refuse,0,50,
63428.893,refuse,0,50,
63443.893,refuse,0,50,
63458.893,refuse,0,50,
63472.502,conflict-at-land,2,48,
63473.893,start,0,50,
63482.936,conflict-at-land,0,50,
63487.502,start,2,48,
63497.936,refuse,0,50,
63512.936,refuse,0,50,
63527.936,refuse,0,50,
63542.936,refuse,0,50,
63557.936,refuse,0,50,
63572.936,refuse,0,50,
63578.073,conflict-at-land,2,48,
63587.936,start,0,50,
63593.073,refuse,2,48,
63600.451,conflict-at-land,0,50,
63608.073,start,2,48,
63615.451,refuse,0,50,
63630.451,refuse,0,50,
63645.451,refuse,0,50,
63660.451,refuse,0,50,
63675.451,refuse,0,50,
63690.451,refuse,0,50,
63692.122,conflict-at-land,2,48,
63705.451,start,0,50,
63707.122,refuse,2,48,
63715.506,conflict-at-land,0,50,
63722.122,start,2,48,
63730.506,refuse,0,50,
63745.506,refuse,0,50,
63760.506,refuse,0,50,
63775.506,refuse,0,50,
63786.985,conflict-at-land,2,48,
63790.506,start,0,50,
63799.555,conflict-at-land,0,50,
63801.985,start,2,48,
63814.555,refuse,0,50,
63829.555,refuse,0,50,
63844.555,refuse,0,50,
63859.555,refuse,0,50,
63860.453,conflict-at-land,2,48,
63874.555,start,0,50,
63875.453,refuse,2,48,
63886.102,conflict-at-land,0,50,
63890.453,start,2,48,
63901.102,refuse,0,50,
63916.102,refuse,0,50,
63931.102,refuse,0,50,
63946.102,refuse,0,50,
63958.61,conflict-at-land,2,48,
63961.102,start,0,50,
63973.61,refuse,2,48,
63974.231,conflict-at-land,0,50,
63988.61,start,2,48,
63989.231,refuse,0,50,
64004.231,refuse,0,50,
64019.231,refuse,0,50,
64034.231,refuse,0,50,
64049.231,refuse,0,50,
64064.231,refuse,0,50,
64075.021,conflict-at-land,2,48,
64079.231,start,0,50,
64090.021,refuse,2,48,
64090.037,conflict-at-land,0,50,
64105.021,start,2,48,
64105.037,refuse,0,50,
64120.037,refuse,0,50,
64135.037,refuse,0,50,
64150.037,refuse,0,50,
64165.037,refuse,0,50,
64180.037,refuse,0,50,
64195.037,refuse,0,50,
64195.403,conflict-at-land,2,48,
64210.037,start,0,50,
64210.403,refuse,2,48,
64223.14,conflict-at-land,0,50,
64225.403,start,2,48,
64238.14,refuse,0,50,
64253.14,refuse,0,50,
64268.14,refuse,0,50,
64283.14,refuse,0,50,
64290.7,conflict-at-land,2,48,
64298.14,start,0,50,
64305.7,refuse,2,48,
64307.87,conflict-at-land,0,50,
64320.7,start,2,48,
64322.87,refuse,0,50,
64337.87,refuse,0,50,
64352.87,refuse,0,50,
64367.87,refuse,0,50,
64382.87,refuse,0,50,
64397.87,refuse,0,50,
64412.399,conflict-at-land,2,48,
64412.87,start,0,50,
64425.999,conflict-at-land,0,50,
64427.399,start,2,48,
64440.999,refuse,0,50,
64455.999,refuse,0,50,
64470.999,refuse,0,50,
64479.655,conflict-at-land,2,48,
64485.999,start,0,50,
64494.655,refuse,2,48,
64499.328,conflict-at-land,0,50,
64509.655,start,2,48,
64514.328,refuse,0,50,
64529.328,refuse,0,50,
64544.328,refuse,0,50,
64559.328,refuse,0,50,
64574.328,refuse,0,50,
64576.383,conflict-at-land,2,48,
64589.328,start,0,50,
64591.383,refuse,2,48,
64600.76,conflict-at-land,0,50,
64606.383,start,2,48,
64615.76,refuse,0,50,
64630.76,refuse,0,50,
64645.76,refuse,0,50,
64660.76,refuse,0,50,
64675.76,refuse,0,50,
64689.855,conflict-at-land,2,48,
64690.76,start,0,50,
64700.766,conflict-at-land,0,50,
64704.855,start,2,48,
64715.766,refuse,0,50,
64730.766,refuse,0,50,
64745.766,refuse,0,50,
64760.766,refuse,0,50,
64766.846,conflict-at-land,2,48,
64775.766,start,0,50,
64781.846,refuse,2,48,
64788.056,conflict-at-land,0,50,
64796.846,start,2,48,
64803.056,refuse,0,50,
64818.056,refuse,0,50,
64833.056,refuse,0,50,
64848.056,refuse,0,50,
64863.056,refuse,0,50,
64878.056,refuse,0,50,
64886.325,conflict-at-land,2,48,
64893.056,start,0,50,
64901.325,refuse,2,48,
64902.076,conflict-at-land,0,50,
64916.325,start,2,48,
64917.076,refuse,0,50,
64932.076,refuse,0,50,
64947.076,refuse,0,50,
64962.076,refuse,0,50,
64977.076,refuse,0,50,
64992.076,refuse,0,50,
65002.756,conflict-at-land,2,48,
65007.076,start,0,50,
65017.756,refuse,2,48,
65020.664,conflict-at-land,0,50,
65032.756,start,2,48,
65035.664,refuse,0,50,
65050.664,refuse,0,50,
65065.664,refuse,0,50,
65080.664,refuse,0,50,
65090.815,conflict-at-land,2,48,
65095.664,start,0,50,
65105.815,refuse,2,48,
65108.828,conflict-at-land,0,50,
65120.815,start,2,48,
65123.828,refuse,0,50,
65138.828,refuse,0,50,
65153.828,refuse,0,50,
65168.828,refuse,0,50,
65183.828,refuse,0,50,
65198.048,conflict-at-land,2,48,
65198.828,start,0,50,
65212.338,conflict-at-land,0,50,
65213.048,start,2,48,
65227.338,refuse,0,50,
65242.338,refuse,0,50,
65257.338,refuse,0,50,
65272.338,refuse,0,50,
65286.652,conflict-at-land,2,48,
65287.338,start,0,50,
65297.997,conflict-at-land,0,50,
65301.652,start,2,48,
65312.997,refuse,0,50,
65327.997,refuse,0,50,
65342.997,refuse,0,50,
65357.997,refuse,0,50,
65372.997,refuse,0,50,
65373.764,conflict-at-land,2,48,
65387.997,start,0,50,
65388.764,refuse,2,48,
65398.108,conflict-at-land,0,50,
65403.764,start,2,48,
65413.108,refuse,0,50,
65428.108,refuse,0,50,
65443.108,refuse,0,50,
65458.108,refuse,0,50,
65473.108,refuse,0,50,
65473.834,conflict-at-land,2,48,
65488.108,start,0,50,
65488.834,refuse,2,48,
65499.432,conflict-at-land,0,50,
65503.834,start,2,48,
65514.432,refuse,0,50,
65529.432,refuse,0,50,
65544.432,refuse,0,50,
65558.842,conflict-at-land,2,48,
65559.432,start,0,50,
65569.503,conflict-at-land,0,50,
65573.842,start,2,48,
65584.503,refuse,0,50,
65599.503,refuse,0,50,
65614.503,refuse,0,50,
65629.503,refuse,0,50,
65639.119,conflict-at-land,2,48,
65644.503,start,0,50,
65654.119,refuse,2,48,
65655.738,conflict-at-land,0,50,
65669.119,start,2,48,
65670.738,refuse,0,50,
65676.189,conflict-at-land,3,3,
65685.738,refuse,0,50,
65691.189,start,3,3,
65700.738,refuse,0,50,
65715.738,refuse,0,50,
65730.738,refuse,0,50,
65743.853,conflict-at-land,2,48,
65745.738,start,0,50,
65756.003,conflict-at-land,0,50,
65758.853,start,2,48,
65771.003,refuse,0,50,
65786.003,refuse,0,50,
65801.003,refuse,0,50,
65816.003,refuse,0,50,
65831.003,refuse,0,50,
65833.215,conflict-at-land,2,48,
65846.003,start,0,50,
65848.215,refuse,2,48,
65856.835,conflict-at-land,0,50,
65863.215,start,2,48,
65871.835,refuse,0,50,
65886.835,refuse,0,50,
65901.835,refuse,0,50,
65916.835,refuse,0,50,
65923.407,conflict-at-land,2,48,
65931.835,start,0,50,
65938.407,refuse,2,48,
65938.407,abandon,2,48,
65938.407,refuse,2,51,
65941.242,conflict-at-land,0,50,
65953.407,start,2,51,
65956.242,refuse,0,50,
65968.718,conflict-at-land,2,51,
65971.242,start,0,50,
65983.718,refuse,2,51,
65986.355,conflict-at-land,0,50,
65998.718,start,2,51,
66001.355,refuse,0,50,
66013.1,conflict-at-land,2,51,
66016.355,start,0,50,
66025.99,conflict-at-land,0,50,
66028.1,start,2,51,
66037.587,conflict-at-land,2,51,
66040.99,start,0,50,
66050.141,conflict-at-land,0,50,
66052.587,start,2,51,
66063.151,conflict-at-land,2,51,
66065.141,start,0,50,
66076.61,conflict-at-land,0,50,
66078.151,start,2,51,
66086.604,conflict-at-land,2,51,
66091.61,start,0,50,
66101.604,refuse,2,51,
66103.049,conflict-at-land,0,50,
66116.604,start,2,51,
66118.049,refuse,0,50,
66129.966,conflict-at-land,2,51,
66133.049,start,0,50,
66144.966,refuse,2,51,
66147.454,conflict-at-land,0,50,
66159.966,start,2,51,
66162.454,refuse,0,50,
66169.733,conflict-at-land,2,51,
66177.454,start,0,50,
66184.733,refuse,2,51,
66185.867,conflict-at-land,0,50,
66199.733,start,2,51,
66200.867,refuse,0,50,
66213.857,conflict-at-land,2,51,
66215.867,start,0,50,
66227.004,conflict-at-land,0,50,
66228.857,start,2,51,
66239.516,conflict-at-land,2,51,
66242.004,start,0,50,
66251.517,conflict-at-land,0,50,
66254.516,start,2,51,
66264.848,conflict-at-land,2,51,
66266.517,start,0,50,
66276.834,conflict-at-land,0,50,
66279.848,start,2,51,
66290.098,conflict-at-land,2,51,
66291.834,start,0,50,
66301.911,conflict-at-land,0,50,
66305.098,start,2,51,
66316.911,refuse,0,50,
66317.223,conflict-at-land,2,51,
66331.911,start,0,50,
66332.223,refuse,2,51,
66346.166,conflict-at-land,0,50,
66347.223,start,2,51,
66357.848,conflict-at-land,2,51,
66361.166,start,0,50,
66372.564,conflict-at-land,0,50,
66372.848,start,2,51,
66384.73,conflict-at-land,2,51,
66387.564,start,0,50,
66399.73,refuse,2,51,
66402.028,conflict-at-land,0,50,
66414.73,start,2,51,
66417.028,refuse,0,50,
66428.648,conflict-at-land,2,51,
66432.028,start,0,50,
66443.648,refuse,2,51,
66447.523,conflict-at-land,0,50,
66458.648,start,2,51,
66462.523,refuse,0,50,
66468.296,conflict-at-land,2,51,
66477.523,start,0,50,
66483.296,refuse,2,51,
66491.722,conflict-at-land,0,50,
66498.296,start,2,51,
66506.722,refuse,0,50,
66508.817,conflict-at-land,2,51,
66521.722,start,0,50,
66523.817,refuse,2,51,
66534.273,conflict-at-land,0,50,
66538.817,start,2,51,
66549.273,refuse,0,50,
66551.012,conflict-at-land,2,51,
66564.273,start,0,50,
66566.012,refuse,2,51,
66576.811,conflict-at-land,0,50,
66581.012,start,2,51,
66591.729,conflict-at-land,2,51,
66591.811,start,0,50,
66600.73,conflict-at-land,0,50,
66606.729,start,2,51,
66615.186,conflict-at-land,2,51,
66615.73,start,0,50,
66630.186,refuse,2,51,
66630.808,conflict-at-land,0,50,
66645.186,start,2,51,
66645.808,refuse,0,50,
66659.968,conflict-at-land,2,51,
66660.808,start,0,50,
66672.52,conflict-at-land,0,50,
66674.968,start,2,51,
66684.015,conflict-at-land,2,51,
66687.52,start,0,50,
66699.015,refuse,2,51,
66701.955,conflict-at-land,0,50,
66714.015,start,2,51,
66716.955,refuse,0,50,
66726.027,conflict-at-land,2,51,
66731.955,start,0,50,
66741.027,refuse,2,51,
66743.741,conflict-at-land,0,50,
66756.027,start,2,51,
66758.741,refuse,0,50,
66769.027,conflict-at-land,2,51,
66773.741,start,0,50,
66783.275,conflict-at-land,0,50,
66784.027,start,2,51,
66794.001,conflict-at-land,2,51,
66798.275,start,0,50,
66809.001,refuse,2,51,
66812.542,conflict-at-land,0,50,
66824.001,start,2,51,
66827.542,refuse,0,50,
66837.69,conflict-at-land,2,51,
66842.542,start,0,50,
66852.69,refuse,2,51,
66858.025,conflict-at-land,0,50,
66867.69,start,2,51,
66873.025,refuse,0,50,
66879.21,conflict-at-land,2,51,
66888.025,start,0,50,
66894.21,refuse,2,51,
66903.421,conflict-at-land,0,50,
66909.21,start,2,51,
66918.421,refuse,0,50,
66924.011,conflict-at-land,2,51,
66933.421,start,0,50,
66939.011,refuse,2,51,
66945.476,conflict-at-land,0,50,
66954.011,start,2,51,
66960.476,refuse,0,50,
66968.835,conflict-at-land,2,51,
66975.476,start,0,50,
66983.835,refuse,2,51,
66985.046,conflict-at-land,0,50,
66998.835,start,2,51,
67000.046,refuse,0,50,
67007.741,conflict-at-land,2,51,
67015.046,start,0,50,
67022.741,refuse,2,51,
67029.308,conflict-at-land,0,50,
67037.741,start,2,51,
67044.308,refuse,0,50,
67047.159,conflict-at-land,2,51,
67059.308,start,0,50,
67062.159,refuse,2,51,
67071.419,conflict-at-land,0,50,
67077.159,start,2,51,
67086.419,refuse,0,50,
67086.419,abandon,0,50,
67086.419,refuse,0,52,
67090.865,conflict-at-land,2,51,
67101.419,start,0,52,
67105.865,refuse,2,51,
67108.064,conflict-at-land,0,52,
67120.865,start,2,51,
67123.064,refuse,0,52,
67130.85,conflict-at-land,2,51,
67138.064,start,0,52,
67145.097,conflict-at-land,0,52,
67145.85,start,2,51,
67154.556,conflict-at-land,2,51,
67160.097,start,0,52,
67166.321,conflict-at-land,0,52,
67169.556,start,2,51,
67181.321,refuse,0,52,
67184.42,conflict-at-land,2,51,
67196.321,start,0,52,
67199.42,refuse,2,51,
67202.488,conflict-at-land,0,52,
67214.42,start,2,51,
67217.488,refuse,0,52,
67224.998,conflict-at-land,2,51,
67232.488,start,0,52,
67239.998,refuse,2,51,
67240.278,conflict-at-land,0,52,
67254.998,start,2,51,
67255.278,refuse,0,52,
67268.632,conflict-at-land,2,51,
67270.278,start,0,52,
67277.327,conflict-at-land,0,52,
67283.632,start,2,51,
67292.327,refuse,0,52,
67298.484,conflict-at-land,2,51,
67307.327,start,0,52,
67313.484,refuse,2,51,
67314.893,conflict-at-land,0,52,
67328.484,start,2,51,
67329.893,refuse,0,52,
67341.017,conflict-at-land,2,51,
67344.893,start,0,52,
67352.061,conflict-at-land,0,52,
67356.017,start,2,51,
67367.061,refuse,0,52,
67368.03,conflict-at-land,2,51,
67382.061,start,0,52,
67383.03,refuse,2,51,
67387.179,conflict-at-land,0,52,
67398.03,start,2,51,
67402.179,refuse,0,52,
67408.433,conflict-at-land,2,51,
67417.179,start,0,52,
67422.322,conflict-at-land,0,52,
67423.433,start,2,51,
67432.017,conflict-at-land,2,51,
67437.322,start,0,52,
67443.753,conflict-at-land,0,52,
67447.017,start,2,51,
67458.299,conflict-at-land,2,51,
67458.753,start,0,52,
67466.23,conflict-at-land,0,52,
67473.299,start,2,51,
67481.23,refuse,0,52,
67482.067,conflict-at-land,2,51,
67496.23,start,0,52,
67497.067,refuse,2,51,
67503.249,conflict-at-land,0,52,
67512.067,start,2,51,
67518.249,refuse,0,52,
67521.871,conflict-at-land,2,51,
67533.249,start,0,52,
67536.871,refuse,2,51,
67538.615,conflict-at-land,0,52,
67551.871,start,2,51,
67553.615,refuse,0,52,
67562.377,conflict-at-land,2,51,
67568.615,start,0,52,
67576.262,conflict-at-land,0,52,
67577.377,start,2,51,
67590.428,conflict-at-land,2,51,
67591.262,start,0,52,
67597.144,conflict-at-land,0,52,
67605.428,start,2,51,
67612.144,refuse,0,52,
67615.155,conflict-at-land,2,51,
67627.144,start,0,52,
67630.155,refuse,2,51,
67631.516,conflict-at-land,0,52,
67645.155,start,2,51,
67646.516,refuse,0,52,
67656.2,conflict-at-land,2,51,
67661.516,start,0,52,
67669.223,conflict-at-land,0,52,
67671.2,start,2,51,
67682.8,conflict-at-land,2,51,
67684.223,start,0,52,
67690.854,conflict-at-land,0,52,
67697.8,start,2,51,
67705.854,refuse,0,52,
67712.539,conflict-at-land,2,51,
67720.854,start,0,52,
67725.226,conflict-at-land,0,52,
67727.539,start,2,51,
67738.249,conflict-at-land,2,51,
67740.226,start,0,52,
67745.93,conflict-at-land,0,52,
67753.249,start,2,51,
67760.93,refuse,0,52,
67763.278,conflict-at-land,2,51,
67775.93,start,0,52,
67778.278,refuse,2,51,
67781.509,conflict-at-land,0,52,
67793.278,start,2,51,
67796.509,refuse,0,52,
67806.584,conflict-at-land,2,51,
67811.509,start,0,52,
67816.193,conflict-at-land,0,52,
67821.584,start,2,51,
67831.193,refuse,0,52,
67834.984,conflict-at-land,2,51,
67846.193,start,0,52,
67849.984,refuse,2,51,
67851.461,conflict-at-land,0,52,
67864.984,start,2,51,
67866.461,refuse,0,52,
67878.116,conflict-at-land,2,51,
67881.461,start,0,52,
67886.287,conflict-at-land,0,52,
67893.116,start,2,51,
67901.287,refuse,0,52,
67907.199,conflict-at-land,2,51,
67916.287,start,0,52,
67921.996,conflict-at-land,0,52,
67922.199,start,2,51,
67936.592,conflict-at-land,2,51,
67936.996,start,0,52,
67944.679,conflict-at-land,0,52,
67951.592,start,2,51,
67959.679,refuse,0,52,
67964.177,conflict-at-land,2,51,
67974.679,start,0,52,
67978.955,conflict-at-land,0,52,
67979.177,start,2,51,
67990.213,conflict-at-land,2,51,
67993.955,start,0,52,
68001.669,conflict-at-land,0,52,
68005.213,start,2,51,
68016.669,refuse,0,52,
68018.308,conflict-at-land,2,51,
68031.669,start,0,52,
68033.308,refuse,2,51,
68038.599,conflict-at-land,0,52,
68048.308,start,2,51,
68053.599,refuse,0,52,
68060.137,conflict-at-land,2,51,
68068.599,start,0,52,
68075.137,refuse,2,51,
68076.185,conflict-at-land,0,52,
68090.137,start,2,51,
68091.185,refuse,0,52,
68105.067,conflict-at-land,2,51,
68106.185,start,0,52,
68112.591,conflict-at-land,0,52,
68120.067,start,2,51,
68127.591,refuse,0,52,
68132.713,conflict-at-land,2,51,
68142.591,start,0,52,
68147.162,conflict-at-land,0,52,
68147.713,start,2,51,
68156.165,conflict-at-land,2,51,
68162.162,start,0,52,
68167.102,conflict-at-land,0,52,
68171.165,start,2,51,
68182.102,refuse,0,52,
68184.755,conflict-at-land,2,51,
68197.102,start,0,52,
68199.755,refuse,2,51,
68204.352,conflict-at-land,0,52,
68214.755,start,2,51,
68219.352,refuse,0,52,
68228.697,conflict-at-land,2,51,
68234.352,start,0,52,
68241.745,conflict-at-land,0,52,
68243.697,start,2,51,
68246.76,conflict-at-land,3,3,
68252.316,conflict-at-land,2,51,
68256.745,start,0,52,
68261.048,conflict-at-land,0,52,
68261.76,start,3,3,
68267.316,start,2,51,
68275.847,conflict-at-land,2,51,
68276.048,start,0,52,
68282.357,conflict-at-land,0,52,
68290.847,start,2,51,
68297.357,refuse,0,52,
68305.94,conflict-at-land,2,51,
68312.357,start,0,52,
68319.794,conflict-at-land,0,52,
68320.94,start,2,51,
68330.106,conflict-at-land,2,51,
68334.794,start,0,52,
68341.385,conflict-at-land,0,52,
68345.106,start,2,51,
68356.385,refuse,0,52,
68358.337,conflict-at-land,2,51,
68371.385,start,0,52,
68373.337,refuse,2,51,
68377.951,conflict-at-land,0,52,
68388.337,start,2,51,
68392.951,refuse,0,52,
68399.701,conflict-at-land,2,51,
68407.951,start,0,52,
68413.002,conflict-at-land,0,52,
68414.701,start,2,51,
68428.002,refuse,0,52,
68429.481,conflict-at-land,2,51,
68443.002,start,0,52,
68444.481,refuse,2,51,
68450.455,conflict-at-land,0,52,
68459.481,start,2,51,
68465.455,refuse,0,52,
68473.04,conflict-at-land,2,51,
68480.455,start,0,52,
68486.613,conflict-at-land,0,52,
68488.04,start,2,51,
68496.677,conflict-at-land,2,51,
68501.613,start,0,52,
68506.809,conflict-at-land,0,52,
68511.677,start,2,51,
68521.802,conflict-at-land,2,51,
68521.809,start,0,52,
68526.882,conflict-at-land,0,52,
68536.802,start,2,51,
68541.882,refuse,0,52,
68546.758,conflict-at-land,2,51,
68556.882,start,0,52,
68561.758,refuse,2,51,
68563.487,conflict-at-land,0,52,
68576.758,start,2,51,
68578.487,refuse,0,52,
68590.053,conflict-at-land,2,51,
68593.487,start,0,52,
68598.321,conflict-at-land,0,52,
68605.053,start,2,51,
68613.321,refuse,0,52,
68619.946,conflict-at-land,2,51,
68628.321,start,0,52,
68632.523,conflict-at-land,0,52,
68634.946,start,2,51,
68647.523,refuse,0,52,
68650.226,conflict-at-land,2,51,
68662.523,start,0,52,
68665.226,refuse,2,51,
68668.822,conflict-at-land,0,52,
68680.226,start,2,51,
68683.822,refuse,0,52,
68693.273,conflict-at-land,2,51,
68698.822,start,0,52,
68704.035,conflict-at-land,0,52,
68708.273,start,2,51,
68719.035,refuse,0,52,
68721.651,conflict-at-land,2,51,
68734.035,start,0,52,
68736.651,refuse,2,51,
68741.39,conflict-at-land,0,52,
68751.651,start,2,51,
68756.39,refuse,0,52,
68761.529,conflict-at-land,2,51,
68771.39,start,0,52,
68776.065,conflict-at-land,0,52,
68776.529,start,2,51,
68790.601,conflict-at-land,2,51,
68791.065,start,0,52,
68796.162,conflict-at-land,0,52,
68805.601,start,2,51,
68811.162,refuse,0,52,
68814.761,conflict-at-land,2,51,
68826.162,start,0,52,
68829.761,refuse,2,51,
68832.133,conflict-at-land,0,52,
68844.761,start,2,51,
68847.133,refuse,0,52,
68854.506,conflict-at-land,2,51,
68862.133,start,0,52,
68867.101,conflict-at-land,0,52,
68869.506,start,2,51,
68879.949,conflict-at-land,2,51,
68882.101,start,0,52,
68886.606,conflict-at-land,0,52,
68894.949,start,2,51,
68901.606,refuse,0,52,
68909.245,conflict-at-land,2,51,
68916.606,start,0,52,
68922.841,conflict-at-land,0,52,
68924.245,start,2,51,
68937.349,conflict-at-land,2,51,
68937.841,start,0,52,
68943.092,conflict-at-land,0,52,
68952.349,start,2,51,
68958.092,refuse,0,52,
68966.331,conflict-at-land,2,51,
68973.092,start,0,52,
68980.752,conflict-at-land,0,52,
68981.331,start,2,51,
68995.752,refuse,0,52,
68996.928,conflict-at-land,2,51,
69010.752,start,0,52,
69011.928,refuse,2,51,
69015.105,conflict-at-land,0,52,
69026.928,start,2,51,
69030.105,refuse,0,52,
69037.563,conflict-at-land,2,51,
69045.105,start,0,52,
69049.627,conflict-at-land,0,52,
69052.563,start,2,51,
69064.382,conflict-at-land,2,51,
69064.627,start,0,52,
69071.194,conflict-at-land,0,52,
69079.382,start,2,51,
69086.194,refuse,0,52,
69092.161,conflict-at-land,2,51,
69101.194,start,0,52,
69106.67,conflict-at-land,0,52,
69107.161,start,2,51,
69121.67,refuse,0,52,
69122.499,conflict-at-land,2,51,
69136.67,start,0,52,
69137.499,refuse,2,51,
69143.116,conflict-at-land,0,52,
69152.499,start,2,51,
69158.116,refuse,0,52,
69168.075,conflict-at-land,2,51,
69173.116,start,0,52,
69178.848,conflict-at-land,0,52,
69183.075,start,2,51,
69193.848,refuse,0,52,
69196.118,conflict-at-land,2,51,
69208.848,start,0,52,
69211.118,refuse,2,51,
69213.405,conflict-at-land,0,52,
69226.118,start,2,51,
69228.405,refuse,0,52,
69238.375,conflict-at-land,2,51,
69243.405,start,0,52,
69249.932,conflict-at-land,0,52,
69253.375,start,2,51,
69263.452,conflict-at-land,2,51,
69264.932,start,0,52,
69271.379,conflict-at-land,0,52,
69278.452,start,2,51,
69286.379,refuse,0,52,
69287.805,conflict-at-land,2,51,
69301.379,start,0,52,
69302.805,refuse,2,51,
69307.241,conflict-at-land,0,52,
69317.805,start,2,51,
69322.241,refuse,0,52,
69330.575,conflict-at-land,2,51,
69337.241,start,0,52,
69343.168,conflict-at-land,0,52,
69345.575,start,2,51,
69355.066,conflict-at-land,2,51,
69358.168,start,0,52,
69363.053,conflict-at-land,0,52,
69370.066,start,2,51,
69378.053,refuse,0,52,
69381.165,conflict-at-land,2,51,
69393.053,start,0,52,
69396.165,refuse,2,51,
69399.6,conflict-at-land,0,52,
69411.165,start,2,51,
69414.6,refuse,0,52,
69422.683,conflict-at-land,2,51,
69429.6,start,0,52,
69434.523,conflict-at-land,0,52,
69437.683,start,2,51,
69448.516,conflict-at-land,2,51,
69449.523,start,0,52,
69454.834,conflict-at-land,0,52,
69463.516,start,2,51,
69469.834,refuse,0,52,
69472.907,conflict-at-land,2,51,
69484.834,start,0,52,
69487.907,refuse,2,51,
69491.154,conflict-at-land,0,52,
69502.907,start,2,51,
69506.154,refuse,0,52,
69514.698,conflict-at-land,2,51,
69521.154,start,0,52,
69526.526,conflict-at-land,0,52,
69529.698,start,2,51,
69538.11,conflict-at-land,2,51,
69541.526,start,0,52,
69549.016,conflict-at-land,0,52,
69553.11,start,2,51,
69561.836,conflict-at-land,2,51,
69564.016,start,0,52,
69568.631,conflict-at-land,0,52,
69576.836,start,2,51,
69583.631,refuse,0,52,
69587.351,conflict-at-land,2,51,
69598.631,start,0,52,
69602.351,refuse,2,51,
69605.672,conflict-at-land,0,52,
69617.351,start,2,51,
69620.672,refuse,0,52,
69632.494,conflict-at-land,2,51,
69635.672,start,0,52,
69642.605,conflict-at-land,0,52,
69647.494,start,2,51,
69657.38,conflict-at-land,2,51,
69657.605,start,0,52,
69664.826,conflict-at-land,0,52,
69672.38,start,2,51,
69679.826,refuse,0,52,
69681.013,conflict-at-land,2,51,
69694.826,start,0,52,
69696.013,refuse,2,51,
69699.43,conflict-at-land,0,52,
69711.013,start,2,51,
69714.43,refuse,0,52,
69720.218,conflict-at-land,2,51,
69729.43,start,0,52,
69735.218,refuse,2,51,
69735.658,conflict-at-land,0,52,
69750.218,start,2,51,
69750.658,refuse,0,52,
69762.892,conflict-at-land,2,51,
69765.658,start,0,52,
69772.115,conflict-at-land,0,52,
69777.892,start,2,51,
69787.115,refuse,0,52,
69793.118,conflict-at-land,2,51,
69802.115,start,0,52,
69808.118,refuse,2,51,
69809.023,conflict-at-land,0,52,
69823.118,start,2,51,
69824.023,refuse,0,52,
69836.873,conflict-at-land,2,51,
69839.023,start,0,52,
69843.845,conflict-at-land,0,52,
69851.873,start,2,51,
69858.845,refuse,0,52,
69866.829,conflict-at-land,2,51,
69873.845,start,0,52,
69881.353,conflict-at-land,0,52,
69881.829,start,2,51,
69896.192,conflict-at-land,2,51,
69896.353,start,0,52,
69900.844,conflict-at-land,0,52,
69911.192,start,2,51,
69915.844,refuse,0,52,
69924.733,conflict-at-land,2,51,
69930.844,start,0,52,
69936.914,conflict-at-land,0,52,
69939.733,start,2,51,
69951.914,refuse,0,52,
69952.0,conflict-at-land,2,51,
69966.914,start,0,52,
69967.0,refuse,2,51,
69972.078,conflict-at-land,0,52,
69982.0,start,2,51,
69987.078,refuse,0,52,
69995.966,conflict-at-land,2,51,
70002.078,start,0,52,
70009.182,conflict-at-land,0,52,
70010.966,start,2,51,
70024.182,refuse,0,52,
70024.907,conflict-at-land,2,51,
70039.182,start,0,52,
70039.907,refuse,2,51,
70044.469,conflict-at-land,0,52,
70054.907,start,2,51,
70059.469,refuse,0,52,
70068.608,conflict-at-land,2,51,
70074.469,start,0,52,
70078.981,conflict-at-land,0,52,
70083.608,start,2,51,
70093.981,refuse,0,52,
70096.909,conflict-at-land,2,51,
70108.981,start,0,52,
70111.909,refuse,2,51,
70113.29,conflict-at-land,0,52,
70126.909,start,2,51,
70128.29,refuse,0,52,
70135.353,conflict-at-land,2,51,
70143.29,start,0,52,
70147.866,conflict-at-land,0,52,
70150.353,start,2,51,
70160.914,conflict-at-land,3,3,
70162.866,refuse,0,52,
70163.453,conflict-at-land,2,51,
70175.914,start,3,3,
70177.866,start,0,52,
70178.453,refuse,2,51,
70183.749,conflict-at-land,0,52,
70193.453,start,2,51,
70198.749,refuse,0,52,
70206.493,conflict-at-land,2,51,
70213.749,start,0,52,
70220.06,conflict-at-land,0,52,
70221.493,start,2,51,
70235.06,refuse,0,52,
70235.951,conflict-at-land,2,51,
70250.06,start,0,52,
70250.951,refuse,2,51,
70257.75,conflict-at-land,0,52,
70265.951,start,2,51,
70272.75,refuse,0,52,
70280.239,conflict-at-land,2,51,
70287.75,start,0,52,
70293.144,conflict-at-land,0,52,
70295.239,start,2,51,
70304.157,conflict-at-land,2,51,
70308.144,start,0,52,
70315.56,conflict-at-land,0,52,
70319.157,start,2,51,
70329.565,conflict-at-land,2,51,
70330.56,start,0,52,
70337.491,conflict-at-land,0,52,
70344.565,start,2,51,
70352.491,refuse,0,52,
70359.193,conflict-at-land,2,51,
70367.491,start,0,52,
70372.296,conflict-at-land,0,52,
70374.193,start,2,51,
70383.99,conflict-at-land,2,51,
70387.296,start,0,52,
70393.017,conflict-at-land,0,52,
70398.99,start,2,51,
70408.017,refuse,0,52,
70413.468,conflict-at-land,2,51,
70423.017,start,0,52,
70428.468,refuse,2,51,
70430.284,conflict-at-land,0,52,
70443.468,start,2,51,
70445.284,refuse,0,52,
70459.017,conflict-at-land,2,51,
70460.284,start,0,52,
70465.467,conflict-at-land,0,52,
70474.017,start,2,51,
70480.467,refuse,0,52,
70486.902,conflict-at-land,2,51,
70495.467,start,0,52,
70501.902,refuse,2,51,
70502.81,conflict-at-land,0,52,
70516.902,start,2,51,
70517.81,refuse,0,52,
70528.013,conflict-at-land,2,51,
70532.81,start,0,52,
70539.123,conflict-at-land,0,52,
70543.013,start,2,51,
70553.03,conflict-at-land,2,51,
70554.123,start,0,52,
70561.407,conflict-at-land,0,52,
70568.03,start,2,51,
70576.407,refuse,0,52,
70579.618,conflict-at-land,2,51,
70591.407,start,0,52,
70594.618,refuse,2,51,
70597.358,conflict-at-land,0,52,
70609.618,start,2,51,
70612.358,refuse,0,52,
70622.741,conflict-at-land,2,51,
70627.358,start,0,52,
70632.707,conflict-at-land,0,52,
70637.741,start,2,51,
70647.707,refuse,0,52,
70651.993,conflict-at-land,2,51,
70651.993,abandon,2,51,
70651.993,start,2,53,
70657.846,conflict-at-land,2,53,
70662.707,start,0,52,
70668.453,conflict-at-land,0,52,
70672.846,start,2,53,
70679.659,conflict-at-land,2,53,
70683.453,start,0,52,
70690.053,conflict-at-land,0,52,
70694.659,start,2,53,
70701.414,conflict-at-land,2,53,
70705.053,start,0,52,
70712.403,conflict-at-land,0,52,
70716.414,start,2,53,
70723.526,conflict-at-land,2,53,
70727.403,start,0,52,
70733.07,conflict-at-land,0,52,
70738.526,start,2,53,
70745.044,conflict-at-land,2,53,
70748.07,start,0,52,
70755.38,conflict-at-land,0,52,
70760.044,start,2,53,
70764.445,conflict-at-land,2,53,
70770.38,start,0,52,
70776.953,conflict-at-land,0,52,
70779.445,start,2,53,
70785.544,conflict-at-land,2,53,
70791.953,start,0,52,
70797.604,conflict-at-land,0,52,
70797.604,abandon,0,52,
70797.604,refuse,0,54,
70800.544,start,2,53,
70805.172,conflict-at-land,2,53,
70812.604,refuse,0,54,
70820.172,start,2,53,
70825.409,conflict-at-land,2,53,
70827.604,refuse,0,54,
70840.409,start,2,53,
70842.604,refuse,0,54,
70847.309,conflict-at-land,2,53,
70857.604,refuse,0,54,
70862.309,start,2,53,
70869.693,conflict-at-land,2,53,
70872.604,refuse,0,54,
70884.693,start,2,53,
70887.604,refuse,0,54,
70892.445,conflict-at-land,2,53,
70902.604,refuse,0,54,
70907.445,start,2,53,
70914.361,conflict-at-land,2,53,
70917.604,refuse,0,54,
70929.361,start,2,53,
70932.604,refuse,0,54,
70936.73,conflict-at-land,2,53,
70947.604,refuse,0,54,
70951.73,start,2,53,
70958.904,conflict-at-land,2,53,
70962.604,refuse,0,54,
70973.904,start,2,53,
70977.604,refuse,0,54,
70978.697,conflict-at-land,2,53,
70992.604,refuse,0,54,
70993.697,start,2,53,
71000.383,conflict-at-land,2,53,
71007.604,refuse,0,54,
71015.383,start,2,53,
71022.604,refuse,0,54,
71022.711,conflict-at-land,2,53,
71037.604,refuse,0,54,
71037.711,start,2,53,
71044.619,conflict-at-land,2,53,
71052.604,refuse,0,54,
71059.619,start,2,53,
71064.814,conflict-at-land,2,53,
71067.604,refuse,0,54,
71079.814,start,2,53,
71082.604,refuse,0,54,
71086.534,conflict-at-land,2,53,
71097.604,refuse,0,54,
71101.534,start,2,53,
71107.138,conflict-at-land,2,53,
71112.604,refuse,0,54,
71122.138,start,2,53,
71127.604,refuse,0,54,
71127.895,conflict-at-land,2,53,
71142.604,refuse,0,54,
71142.895,start,2,53,
71149.726,conflict-at-land,2,53,
71157.604,refuse,0,54,
71164.726,start,2,53,
71171.36,conflict-at-land,2,53,
71172.604,refuse,0,54,
71186.36,start,2,53,
71187.604,refuse,0,54,
71191.05,conflict-at-land,2,53,
71202.604,refuse,0,54,
71206.05,start,2,53,
71212.557,conflict-at-land,2,53,
71217.604,refuse,0,54,
71227.557,start,2,53,
71231.971,conflict-at-land,2,53,
71232.604,refuse,0,54,
71246.971,start,2,53,
71247.604,refuse,0,54,
71251.917,conflict-at-land,2,53,
71262.604,refuse,0,54,
71266.917,start,2,53,
71274.086,conflict-at-land,2,53,
71277.604,refuse,0,54,
71289.086,start,2,53,
71292.604,refuse,0,54,
71296.572,conflict-at-land,2,53,
71307.604,refuse,0,54,
71311.572,start,2,53,
71316.687,conflict-at-land,2,53,
71322.604,refuse,0,54,
71331.687,start,2,53,
71337.604,refuse,0,54,
71338.639,conflict-at-land,2,53,
71352.604,refuse,0,54,
71353.639,start,2,53,
71358.496,conflict-at-land,2,53,
71367.604,refuse,0,54,
71373.496,start,2,53,
71379.489,conflict-at-land,2,53,
71382.604,refuse,0,54,
71394.489,start,2,53,
71397.604,refuse,0,54,
71399.943,conflict-at-land,2,53,
71412.604,refuse,0,54,
71414.943,start,2,53,
71419.446,conflict-at-land,2,53,
71427.604,refuse,0,54,
71434.446,start,2,53,
71440.205,conflict-at-land,2,53,
71442.604,refuse,0,54,
71455.205,start,2,53,
71457.604,refuse,0,54,
71461.392,conflict-at-land,2,53,
71472.604,refuse,0,54,
71476.392,start,2,53,
71483.657,conflict-at-land,2,53,
71487.604,refuse,0,54,
71498.657,start,2,53,
71502.604,refuse,0,54,
71503.227,conflict-at-land,2,53,
71517.604,refuse,0,54,
71518.227,start,2,53,
71523.462,conflict-at-land,2,53,
71532.604,refuse,0,54,
71538.462,start,2,53,
71542.677,conflict-at-land,2,53,
71547.604,refuse,0,54,
71557.677,start,2,53,
71562.604,refuse,0,54,
71562.628,conflict-at-land,2,53,
71577.604,refuse,0,54,
71577.628,start,2,53,
71582.787,conflict-at-land,2,53,
71592.604,refuse,0,54,
71597.787,start,2,53,
71604.939,conflict-at-land,2,53,
71607.604,refuse,0,54,
71619.939,start,2,53,
71622.604,refuse,0,54,
71627.518,conflict-at-land,2,53,
71637.604,refuse,0,54,
71642.518,start,2,53,
71647.492,conflict-at-land,2,53,
71652.604,refuse,0,54,
71662.492,start,2,53,
71667.604,refuse,0,54,
71668.429,conflict-at-land,2,53,
71682.604,refuse,0,54,
71683.429,start,2,53,
71689.514,conflict-at-land,2,53,
71697.604,refuse,0,54,
71704.514,start,2,53,
71710.481,conflict-at-land,2,53,
71712.604,refuse,0,54,
71725.481,start,2,53,
71727.604,refuse,0,54,
71733.134,conflict-at-land,2,53,
71742.604,refuse,0,54,
71748.134,start,2,53,
71755.755,conflict-at-land,2,53,
71757.604,refuse,0,54,
71770.755,start,2,53,
71772.604,refuse,0,54,
71775.093,conflict-at-land,2,53,
71787.604,refuse,0,54,
71790.093,start,2,53,
71795.762,conflict-at-land,2,53,
71802.604,refuse,0,54,
71810.762,start,2,53,
71816.864,conflict-at-land,2,53,
71817.604,refuse,0,54,
71831.864,start,2,53,
71832.604,refuse,0,54,
71838.404,conflict-at-land,2,53,
71847.604,refuse,0,54,
71853.404,start,2,53,
71859.513,conflict-at-land,2,53,
71862.604,refuse,0,54,
71874.513,start,2,53,
71877.604,refuse,0,54,
71881.665,conflict-at-land,2,53,
71892.604,refuse,0,54,
71896.665,start,2,53,
71901.22,conflict-at-land,2,53,
71907.604,refuse,0,54,
71916.22,start,2,53,
71922.081,conflict-at-land,2,53,
71922.604,refuse,0,54,
71937.081,start,2,53,
71937.604,refuse,0,54,
71944.27,conflict-at-land,2,53,
71952.604,refuse,0,54,
71959.27,start,2,53,
71964.084,conflict-at-land,2,53,
71967.604,refuse,0,54,
71979.084,start,2,53,
71982.604,refuse,0,54,
71983.91,conflict-at-land,2,53,
71997.604,refuse,0,54,
71998.91,start,2,53,
72005.329,conflict-at-land,2,53,
72012.604,refuse,0,54,
72020.329,start,2,53,
72025.051,conflict-at-land,2,53,
72027.604,refuse,0,54,
72040.051,start,2,53,
72042.604,refuse,0,54,
72046.214,conflict-at-land,2,53,
72057.604,refuse,0,54,
72061.214,start,2,53,
72065.862,conflict-at-land,2,53,
72072.604,refuse,0,54,
72080.862,start,2,53,
72085.735,conflict-at-land,2,53,
72087.604,refuse,0,54,
72100.735,start,2,53,
72102.604,refuse,0,54,
72106.138,conflict-at-land,2,53,
72117.604,refuse,0,54,
72121.138,start,2,53,
72128.157,conflict-at-land,2,53,
72132.604,refuse,0,54,
72143.157,start,2,53,
72147.604,refuse,0,54,
72149.557,conflict-at-land,2,53,
72162.604,refuse,0,54,
72164.557,start,2,53,
72170.947,conflict-at-land,2,53,
72177.604,refuse,0,54,
72185.947,start,2,53,
72192.407,conflict-at-land,2,53,
72192.604,refuse,0,54,
72207.407,start,2,53,
72207.604,refuse,0,54,
72213.036,conflict-at-land,2,53,
72222.604,refuse,0,54,
72228.036,start,2,53,
72235.75,conflict-at-land,2,53,
72237.604,refuse,0,54,
72250.75,start,2,53,
72252.604,refuse,0,54,
72257.093,conflict-at-land,2,53,
72267.604,refuse,0,54,
72272.093,start,2,53,
72278.556,conflict-at-land,2,53,
72282.604,refuse,0,54,
72293.556,start,2,53,
72297.604,refuse,0,54,
72297.998,conflict-at-land,2,53,
72312.604,refuse,0,54,
72312.998,start,2,53,
72318.097,conflict-at-land,2,53,
72327.604,refuse,0,54,
72333.097,start,2,53,
72339.407,conflict-at-land,2,53,
72342.604,refuse,0,54,
72354.407,start,2,53,
72357.604,refuse,0,54,
72362.048,conflict-at-land,2,53,
72372.604,refuse,0,54,
72377.048,start,2,53,
72383.78,conflict-at-land,2,53,
72387.604,refuse,0,54,
72398.78,start,2,53,
72402.604,refuse,0,54,
72403.176,conflict-at-land,2,53,
72417.604,refuse,0,54,
72418.176,start,2,53,
72425.284,conflict-at-land,2,53,
72432.604,refuse,0,54,
72440.284,start,2,53,
72445.248,conflict-at-land,2,53,
72447.604,refuse,0,54,
72460.248,start,2,53,
72462.604,refuse,0,54,
72466.592,conflict-at-land,2,53,
72477.604,refuse,0,54,
72481.592,start,2,53,
72486.48,conflict-at-land,2,53,
72492.604,refuse,0,54,
72501.48,start,2,53,
72505.901,conflict-at-land,2,53,
72507.604,refuse,0,54,
72520.901,start,2,53,
72522.604,refuse,0,54,
72527.882,conflict-at-land,2,53,
72537.604,refuse,0,54,
72542.882,start,2,53,
72548.832,conflict-at-land,2,53,
72552.604,refuse,0,54,
72563.832,start,2,53,
72567.604,refuse,0,54,
72570.209,conflict-at-land,2,53,
72582.604,refuse,0,54,
72585.209,start,2,53,
72591.946,conflict-at-land,2,53,
72597.604,refuse,0,54,
72606.946,start,2,53,
72612.604,refuse,0,54,
72613.284,conflict-at-land,2,53,
72627.604,refuse,0,54,
72628.284,start,2,53,
72633.984,conflict-at-land,2,53,
72642.604,refuse,0,54,
72648.984,start,2,53,
72654.342,conflict-at-land,2,53,
72657.604,refuse,0,54,
72669.342,start,2,53,
72672.604,refuse,0,54,
72675.451,conflict-at-land,2,53,
72687.604,refuse,0,54,
72690.451,start,2,53,
72695.536,conflict-at-land,2,53,
72702.604,refuse,0,54,
72710.536,start,2,53,
72715.681,conflict-at-land,2,53,
72717.604,refuse,0,54,
72730.681,start,2,53,
72732.604,refuse,0,54,
72737.8,conflict-at-land,2,53,
72747.604,refuse,0,54,
72752.8,start,2,53,
72758.232,conflict-at-land,2,53,
72762.604,refuse,0,54,
72773.232,start,2,53,
72777.604,refuse,0,54,
72780.027,conflict-at-land,2,53,
72792.604,refuse,0,54,
72795.027,start,2,53,
72801.673,conflict-at-land,2,53,
72807.604,refuse,0,54,
72816.673,start,2,53,
72822.549,conflict-at-land,2,53,
72822.604,refuse,0,54,
72837.549,start,2,53,
72837.604,refuse,0,54,
72844.577,conflict-at-land,2,53,
72852.604,refuse,0,54,
72859.577,start,2,53,
72864.966,conflict-at-land,2,53,
72867.604,refuse,0,54,
72879.966,start,2,53,
72882.604,refuse,0,54,
72884.179,conflict-at-land,2,53,
72897.604,refuse,0,54,
72899.179,start,2,53,
72906.434,conflict-at-land,2,53,
72912.604,refuse,0,54,
72921.434,start,2,53,
72927.604,refuse,0,54,
72928.332,conflict-at-land,2,53,
72942.604,refuse,0,54,
72943.332,start,2,53,
72950.19,conflict-at-land,2,53,
72957.604,refuse,0,54,
72965.19,start,2,53,
72972.604,refuse,0,54,
72972.702,conflict-at-land,2,53,
72987.604,refuse,0,54,
72987.702,start,2,53,
72993.371,conflict-at-land,2,53,
73002.604,refuse,0,54,
73008.371,start,2,53,
73014.106,conflict-at-land,2,53,
73017.604,refuse,0,54,
73029.106,start,2,53,
73032.604,refuse,0,54,
73035.511,conflict-at-land,2,53,
73047.604,refuse,0,54,
73048.027,conflict-at-land,3,3,
73050.511,start,2,53,
73057.851,conflict-at-land,2,53,
73062.604,start,0,54,
73063.027,refuse,3,3,
73072.851,start,2,53,
73078.027,refuse,3,3,
73079.781,conflict-at-land,2,53,
73093.027,refuse,3,3,
73094.781,start,2,53,
73102.427,conflict-at-land,2,53,
73108.027,refuse,3,3,
73117.427,start,2,53,
73119.936,conflict-at-land,0,54,
73122.542,conflict-at-land,2,53,
73123.027,start,3,3,
73134.936,refuse,0,54,
73137.542,start,2,53,
73142.326,conflict-at-land,2,53,
73149.936,refuse,0,54,
73157.326,start,2,53,
73163.849,conflict-at-land,2,53,
73164.936,refuse,0,54,
73178.849,start,2,53,
73179.936,refuse,0,54,
73183.827,conflict-at-land,2,53,
73194.936,refuse,0,54,
73198.827,start,2,53,
73206.441,conflict-at-land,2,53,
73209.936,refuse,0,54,
73221.441,start,2,53,
73224.936,refuse,0,54,
73225.973,conflict-at-land,2,53,
73239.936,refuse,0,54,
73240.973,start,2,53,
73248.394,conflict-at-land,2,53,
73254.936,refuse,0,54,
73263.394,start,2,53,
73268.869,conflict-at-land,2,53,
73269.936,refuse,0,54,
73283.869,start,2,53,
73284.936,refuse,0,54,
73291.381,conflict-at-land,2,53,
73299.936,refuse,0,54,
73306.381,start,2,53,
73311.802,conflict-at-land,2,53,
73314.936,refuse,0,54,
73326.802,start,2,53,
73329.936,refuse,0,54,
73331.401,conflict-at-land,2,53,
73344.936,refuse,0,54,
73346.401,start,2,53,
73353.033,conflict-at-land,2,53,
73359.936,refuse,0,54,
73368.033,start,2,53,
73373.31,conflict-at-land,2,53,
73374.936,refuse,0,54,
73388.31,start,2,53,
73389.936,refuse,0,54,
73395.894,conflict-at-land,2,53,
73404.936,refuse,0,54,
73410.894,start,2,53,
73418.055,conflict-at-land,2,53,
73419.936,refuse,0,54,
73433.055,start,2,53,
73434.936,refuse,0,54,
73438.178,conflict-at-land,2,53,
73449.936,refuse,0,54,
73453.178,start,2,53,
73459.143,conflict-at-land,2,53,
73464.936,refuse,0,54,
73474.143,start,2,53,
73479.936,refuse,0,54,
73480.324,conflict-at-land,2,53,
73494.936,refuse,0,54,
73495.324,start,2,53,
73502.307,conflict-at-land,2,53,
73509.936,refuse,0,54,
73517.307,start,2,53,
73522.457,conflict-at-land,2,53,
73524.936,refuse,0,54,
73537.457,start,2,53,
73539.936,refuse,0,54,
73543.695,conflict-at-land,2,53,
73554.936,refuse,0,54,
73558.695,start,2,53,
73564.762,conflict-at-land,2,53,
73569.936,refuse,0,54,
73579.762,start,2,53,
73584.936,refuse,0,54,
73586.079,conflict-at-land,2,53,
73599.936,refuse,0,54,
73601.079,start,2,53,
73607.279,conflict-at-land,2,53,
73614.936,refuse,0,54,
73622.279,start,2,53,
73628.035,conflict-at-land,2,53,
73629.936,refuse,0,54,
73643.035,start,2,53,
73644.936,refuse,0,54,
73648.629,conflict-at-land,2,53,
73659.936,refuse,0,54,
73663.629,start,2,53,
73669.251,conflict-at-land,2,53,
73674.936,refuse,0,54,
73684.251,start,2,53,
73689.936,refuse,0,54,
73692.031,conflict-at-land,2,53,
73704.936,refuse,0,54,
73707.031,start,2,53,
73713.111,conflict-at-land,2,53,
73719.936,refuse,0,54,
73728.111,start,2,53,
73732.695,conflict-at-land,2,53,
73734.936,refuse,0,54,
73747.695,start,2,53,
73749.936,refuse,0,54,
73753.312,conflict-at-land,2,53,
73764.936,refuse,0,54,
73768.312,start,2,53,
73775.269,conflict-at-land,2,53,
73779.936,refuse,0,54,
73790.269,start,2,53,
73794.936,refuse,0,54,
73796.925,conflict-at-land,2,53,
73809.936,refuse,0,54,
73811.925,start,2,53,
73816.416,conflict-at-land,2,53,
73824.936,refuse,0,54,
73831.416,start,2,53,
73837.104,conflict-at-land,2,53,
73839.936,refuse,0,54,
73852.104,start,2,53,
73854.936,refuse,0,54,
73854.936,abandon,0,54,
73854.936,refuse,0,55,
73857.93,conflict-at-land,2,53,
73869.936,refuse,0,55,
73872.93,start,2,53,
73880.174,conflict-at-land,2,53,
73884.936,refuse,0,55,
73895.174,start,2,53,
73899.936,refuse,0,55,
73900.336,conflict-at-land,2,53,
73914.936,refuse,0,55,
73915.336,start,2,53,
73922.834,conflict-at-land,2,53,
73929.936,refuse,0,55,
73937.834,start,2,53,
73944.936,refuse,0,55,
73944.964,conflict-at-land,2,53,
73959.936,refuse,0,55,
73959.964,start,2,53,
73964.235,conflict-at-land,2,53,
73974.936,refuse,0,55,
73979.235,start,2,53,
73985.226,conflict-at-land,2,53,
73989.936,refuse,0,55,
74000.226,start,2,53,
74004.936,refuse,0,55,
74006.344,conflict-at-land,2,53,
74019.936,refuse,0,55,
74021.344,start,2,53,
74027.815,conflict-at-land,2,53,
74034.936,refuse,0,55,
74042.815,start,2,53,
74049.936,refuse,0,55,
74050.21,conflict-at-land,2,53,
74064.936,refuse,0,55,
74065.21,start,2,53,
74070.137,conflict-at-land,2,53,
74079.936,refuse,0,55,
74085.137,start,2,53,
74092.319,conflict-at-land,2,53,
74094.936,refuse,0,55,
74107.319,start,2,53,
74109.936,refuse,0,55,
74111.551,conflict-at-land,2,53,
74124.936,refuse,0,55,
74126.551,start,2,53,
74133.75,conflict-at-land,2,53,
74139.936,refuse,0,55,
74148.75,start,2,53,
74153.893,conflict-at-land,2,53,
74154.936,refuse,0,55,
74168.893,start,2,53,
74169.936,refuse,0,55,
74173.187,conflict-at-land,2,53,
74184.936,refuse,0,55,
74188.187,start,2,53,
74195.314,conflict-at-land,2,53,
74199.936,refuse,0,55,
74210.314,start,2,53,
74214.936,refuse,0,55,
74218.009,conflict-at-land,2,53,
74229.936,refuse,0,55,
74233.009,start,2,53,
74239.577,conflict-at-land,2,53,
74244.936,refuse,0,55,
74254.577,start,2,53,
74259.936,refuse,0,55,
74261.578,conflict-at-land,2,53,
74274.936,refuse,0,55,
74276.578,start,2,53,
74282.207,conflict-at-land,2,53,
74289.936,refuse,0,55,
74297.207,start,2,53,
74302.3,conflict-at-land,2,53,
74304.936,refuse,0,55,
74317.3,start,2,53,
74319.936,refuse,0,55,
74323.892,conflict-at-land,2,53,
74334.936,refuse,0,55,
74338.892,start,2,53,
74346.003,conflict-at-land,2,53,
74349.936,refuse,0,55,
74361.003,start,2,53,
74364.936,refuse,0,55,
74366.169,conflict-at-land,2,53,
74379.936,refuse,0,55,
74381.169,start,2,53,
74386.721,conflict-at-land,2,53,
74394.936,refuse,0,55,
74401.721,start,2,53,
74406.895,conflict-at-land,2,53,
74409.936,refuse,0,55,
74421.895,start,2,53,
74424.936,refuse,0,55,
74427.049,conflict-at-land,2,53,
74439.936,refuse,0,55,
74442.049,start,2,53,
74449.367,conflict-at-land,2,53,
74454.936,refuse,0,55,
74464.367,start,2,53,
74468.592,conflict-at-land,2,53,
74469.936,refuse,0,55,
74483.592,start,2,53,
74484.936,refuse,0,55,
74487.871,conflict-at-land,2,53,
74499.936,refuse,0,55,
74502.871,start,2,53,
74507.733,conflict-at-land,2,53,
74514.936,refuse,0,55,
74522.733,start,2,53,
74529.758,conflict-at-land,2,53,
74529.936,refuse,0,55,
74544.758,start,2,53,
74544.936,refuse,0,55,
74551.011,conflict-at-land,2,53,
74559.936,refuse,0,55,
74566.011,start,2,53,
74572.937,conflict-at-land,2,53,
74574.936,refuse,0,55,
74587.937,start,2,53,
74589.936,refuse,0,55,
74594.642,conflict-at-land,2,53,
74604.936,refuse,0,55,
74609.642,start,2,53,
74617.039,conflict-at-land,2,53,
74619.936,refuse,0,55,
74632.039,start,2,53,
74634.936,refuse,0,55,
74638.351,conflict-at-land,2,53,
74649.936,refuse,0,55,
74653.351,start,2,53,
74657.63,conflict-at-land,2,53,
74664.936,refuse,0,55,
74672.63,start,2,53,
74677.198,conflict-at-land,2,53,
74679.936,refuse,0,55,
74692.198,start,2,53,
74694.936,refuse,0,55,
74697.881,conflict-at-land,2,53,
74704.447,conflict-at-land,3,3,
74709.936,refuse,0,55,
74712.881,start,2,53,
74717.507,conflict-at-land,2,53,
74719.447,start,3,3,
74724.936,refuse,0,55,
74732.507,start,2,53,
74737.696,conflict-at-land,2,53,
74739.936,refuse,0,55,
74752.696,start,2,53,
74754.936,refuse,0,55,
74760.436,conflict-at-land,2,53,
74769.936,refuse,0,55,
74775.436,start,2,53,
74783.109,conflict-at-land,2,53,
74784.936,refuse,0,55,
74798.109,start,2,53,
74799.936,refuse,0,55,
74804.731,conflict-at-land,2,53,
74814.936,refuse,0,55,
74819.731,start,2,53,
74825.447,conflict-at-land,2,53,
74829.936,refuse,0,55,
74840.447,start,2,53,
74844.936,refuse,0,55,
74846.134,conflict-at-land,2,53,
74859.936,refuse,0,55,
74861.134,start,2,53,
74865.588,conflict-at-land,2,53,
74865.588,abandon,2,53,
74865.588,start,2,56,
74874.936,refuse,0,55,
74889.936,refuse,0,55,
74904.936,refuse,0,55,
74919.936,refuse,0,55,
74934.936,refuse,0,55,
74949.936,refuse,0,55,
74964.936,refuse,0,55,
74979.936,refuse,0,55,
74994.936,refuse,0,55,
75009.936,refuse,0,55,
75024.936,refuse,0,55,
75039.936,refuse,0,55,
75054.936,refuse,0,55,
75069.936,refuse,0,55,
75084.936,refuse,0,55,
75099.936,refuse,0,55,
75114.936,refuse,0,55,
75129.936,refuse,0,55,
75144.936,refuse,0,55,
75159.936,refuse,0,55,
75174.936,refuse,0,55,
75189.936,refuse,0,55,
75204.936,refuse,0,55,
75219.936,refuse,0,55,
75234.936,refuse,0,55,
75249.936,refuse,0,55,
75264.936,refuse,0,55,
75279.936,refuse,0,55,
75294.936,refuse,0,55,
75309.936,refuse,0,55,
75324.936,refuse,0,55,
75339.936,refuse,0,55,
75354.936,refuse,0,55,
75369.936,refuse,0,55,
75384.936,refuse,0,55,
75399.936,refuse,0,55,
75407.775,conflict-at-land,2,56,
75414.936,refuse,0,55,
75422.775,start,2,56,
75429.936,refuse,0,55,
75444.936,refuse,0,55,
75459.936,refuse,0,55,
75474.936,refuse,0,55,
75489.936,refuse,0,55,
75504.936,refuse,0,55,
75519.936,refuse,0,55,
75534.936,refuse,0,55,
75549.936,refuse,0,55,
75564.936,refuse,0,55,
75579.936,refuse,0,55,
75594.936,refuse,0,55,
75609.936,refuse,0,55,
75624.936,refuse,0,55,
75639.936,refuse,0,55,
75654.936,refuse,0,55,
75669.936,refuse,0,55,
75684.936,refuse,0,55,
75699.936,refuse,0,55,
75714.936,refuse,0,55,
75729.936,refuse,0,55,
75744.936,refuse,0,55,
75759.936,refuse,0,55,
75774.936,refuse,0,55,
75789.936,refuse,0,55,
75804.936,refuse,0,55,
75819.936,refuse,0,55,
75834.936,refuse,0,55,
75849.936,refuse,0,55,
75861.396,conflict-at-land,2,56,
75864.936,refuse,0,55,
75876.396,start,2,56,
75879.936,refuse,0,55,
75894.936,refuse,0,55,
75909.936,refuse,0,55,
75924.936,refuse,0,55,
75939.936,refuse,0,55,
75954.936,refuse,0,55,
75969.936,refuse,0,55,
75984.936,refuse,0,55,
75999.936,refuse,0,55,
76014.936,refuse,0,55,
76029.936,refuse,0,55,
76044.936,refuse,0,55,
76059.936,refuse,0,55,
76074.936,refuse,0,55,
76089.936,refuse,0,55,
76104.936,refuse,0,55,
76119.936,refuse,0,55,
76134.936,refuse,0,55,
76149.936,refuse,0,55,
76164.936,refuse,0,55,
76179.936,refuse,0,55,
76194.936,refuse,0,55,
76209.936,refuse,0,55,
76224.936,refuse,0,55,
76239.936,refuse,0,55,
76254.936,refuse,0,55,
76269.936,refuse,0,55,
76284.936,refuse,0,55,
76299.936,refuse,0,55,
76314.936,refuse,0,55,
76329.936,refuse,0,55,
76344.936,refuse,0,55,
76359.936,refuse,0,55,
76374.936,refuse,0,55,
76389.936,refuse,0,55,
76404.936,refuse,0,55,
76419.936,refuse,0,55,
76434.936,refuse,0,55,
76445.154,conflict-at-land,2,56,
76449.936,refuse,0,55,
76460.154,start,2,56,
76464.936,refuse,0,55,
76479.936,refuse,0,55,
76494.936,refuse,0,55,
76509.936,refuse,0,55,
76524.936,refuse,0,55,
76539.936,refuse,0,55,
76554.936,refuse,0,55,
76569.936,refuse,0,55,
76584.936,refuse,0,55,
76599.936,refuse,0,55,
76614.936,refuse,0,55,
76629.936,refuse,0,55,
76644.936,refuse,0,55,
76659.936,refuse,0,55,
76674.936,refuse,0,55,
76689.936,refuse,0,55,
76691.774,conflict-at-land,3,3,
76704.936,refuse,0,55,
76706.774,start,3,3,
76719.936,refuse,0,55,
76734.936,refuse,0,55,
76749.936,refuse,0,55,
76764.936,refuse,0,55,
76779.936,refuse,0,55,
76794.936,refuse,0,55,
76809.936,refuse,0,55,
76824.936,refuse,0,55,
76839.936,refuse,0,55,
76854.936,refuse,0,55,
76854.936,abandon,0,55,
76854.936,refuse,0,57,
76869.936,refuse,0,57,
76884.936,refuse,0,57,
76899.936,refuse,0,57,
76914.936,refuse,0,57,
76929.936,refuse,0,57,
76944.936,refuse,0,57,
76959.936,refuse,0,57,
76974.936,refuse,0,57,
76989.936,refuse,0,57,
77004.936,refuse,0,57,
77019.936,refuse,0,57,
77034.936,refuse,0,57,
77049.936,refuse,0,57,
77064.936,refuse,0,57,
77079.936,refuse,0,57,
77094.936,refuse,0,57,
77109.936,refuse,0,57,
77124.073,conflict-at-land,2,56,
77124.936,start,0,57,
77138.421,conflict-at-land,0,57,
77139.073,start,2,56,
77153.421,refuse,0,57,
77168.421,refuse,0,57,
77183.421,refuse,0,57,
77198.421,refuse,0,57,
77213.421,refuse,0,57,
77228.421,refuse,0,57,
77243.421,refuse,0,57,
77258.421,refuse,0,57,
77273.421,refuse,0,57,
77288.421,refuse,0,57,
77303.421,refuse,0,57,
77318.421,refuse,0,57,
77333.421,refuse,0,57,
77348.421,refuse,0,57,
77363.421,refuse,0,57,
77378.421,refuse,0,57,
77393.421,refuse,0,57,
77408.421,refuse,0,57,
77423.421,refuse,0,57,
77438.421,refuse,0,57,
77453.421,refuse,0,57,
77468.421,refuse,0,57,
77483.421,refuse,0,57,
77498.421,refuse,0,57,
77513.421,refuse,0,57,
77528.421,refuse,0,57,
77543.421,refuse,0,57,
77558.421,refuse,0,57,
77573.421,refuse,0,57,
77588.421,refuse,0,57,
77603.421,refuse,0,57,
77618.421,refuse,0,57,
77633.421,refuse,0,57,
77648.421,refuse,0,57,
77663.421,refuse,0,57,
77678.421,refuse,0,57,
77693.421,refuse,0,57,
77708.421,refuse,0,57,
77723.421,refuse,0,57,
77738.421,refuse,0,57,
77753.421,refuse,0,57,
77768.421,refuse,0,57,
77783.421,refuse,0,57,
77798.421,refuse,0,57,
77802.36,conflict-at-land,2,56,
77813.421,start,0,57,
77817.36,refuse,2,56,
77828.408,conflict-at-land,0,57,
77832.36,start,2,56,
77843.408,refuse,0,57,
77858.408,refuse,0,57,
77873.408,refuse,0,57,
77888.408,refuse,0,57,
77903.408,refuse,0,57,
77918.408,refuse,0,57,
77933.408,refuse,0,57,
77948.408,refuse,0,57,
77963.408,refuse,0,57,
77978.408,refuse,0,57,
77993.408,refuse,0,57,
78008.408,refuse,0,57,
78023.408,refuse,0,57,
78038.408,refuse,0,57,
78053.408,refuse,0,57,
78068.408,refuse,0,57,
78083.408,refuse,0,57,
78098.408,refuse,0,57,
78113.408,refuse,0,57,
78128.408,refuse,0,57,
78143.408,refuse,0,57,
78158.408,refuse,0,57,
78173.408,refuse,0,57,
78188.408,refuse,0,57,
78203.408,refuse,0,57,
78218.408,refuse,0,57,
78233.408,refuse,0,57,
78248.408,refuse,0,57,
78263.408,refuse,0,57,
78278.408,refuse,0,57,
78293.408,refuse,0,57,
78308.408,refuse,0,57,
78323.408,refuse,0,57,
78338.408,refuse,0,57,
78353.408,refuse,0,57,
78365.914,conflict-at-land,2,56,
78368.408,start,0,57,
78378.515,conflict-at-land,0,57,
78380.914,start,2,56,
78393.515,refuse,0,57,
78408.515,refuse,0,57,
78423.515,refuse,0,57,
78438.515,refuse,0,57,
78453.515,refuse,0,57,
78468.515,refuse,0,57,
78483.515,refuse,0,57,
78498.515,refuse,0,57,
78513.515,refuse,0,57,
78528.515,refuse,0,57,
78543.515,refuse,0,57,
78558.515,refuse,0,57,
78573.515,refuse,0,57,
78588.515,refuse,0,57,
78603.515,refuse,0,57,
78618.515,refuse,0,57,
78633.515,refuse,0,57,
78648.515,refuse,0,57,
78663.515,refuse,0,57,
78678.515,refuse,0,57,
78693.515,refuse,0,57,
78708.515,refuse,0,57,
78723.515,refuse,0,57,
78738.515,refuse,0,57,
78753.515,refuse,0,57,
78757.552,conflict-at-land,1,8,
78768.515,refuse,0,57,
78772.552,start,1,8,
78783.515,refuse,0,57,
78798.515,refuse,0,57,
78800.32,conflict-at-land,3,3,
78813.515,refuse,0,57,
78815.32,start,3,3,
78828.515,refuse,0,57,
78843.515,refuse,0,57,
78858.515,refuse,0,57,
78873.515,refuse,0,57,
78888.515,refuse,0,57,
78903.515,refuse,0,57,
78918.515,refuse,0,57,
78933.515,refuse,0,57,
78948.515,refuse,0,57,
78963.515,refuse,0,57,
78978.515,refuse,0,57,
78993.515,refuse,0,57,
79008.515,refuse,0,57,
79023.515,refuse,0,57,
79038.515,refuse,0,57,
79053.515,refuse,0,57,
79068.515,refuse,0,57,
79069.362,conflict-at-land,2,56,
79083.515,start,0,57,
79084.362,refuse,2,56,
79096.835,conflict-at-land,0,57,
79099.362,start,2,56,
79111.835,refuse,0,57,
79126.835,refuse,0,57,
79141.835,refuse,0,57,
79156.835,refuse,0,57,
79171.835,refuse,0,57,
79186.835,refuse,0,57,
79201.835,refuse,0,57,
79216.835,refuse,0,57,
79231.835,refuse,0,57,
79246.835,refuse,0,57,
79261.835,refuse,0,57,
79276.835,refuse,0,57,
79291.835,refuse,0,57,
79306.835,refuse,0,57,
79321.835,refuse,0,57,
79336.835,refuse,0,57,
79351.835,refuse,0,57,
79366.835,refuse,0,57,
79381.835,refuse,0,57,
79396.835,refuse,0,57,
79411.835,refuse,0,57,
79426.835,refuse,0,57,
79441.835,refuse,0,57,
79456.835,refuse,0,57,
79471.835,refuse,0,57,
79486.835,refuse,0,57,
79501.835,refuse,0,57,
79516.835,refuse,0,57,
79531.835,refuse,0,57,
79546.835,refuse,0,57,
79561.835,refuse,0,57,
79576.835,refuse,0,57,
79591.835,refuse,0,57,
79606.835,refuse,0,57,
79621.835,refuse,0,57,
79636.835,refuse,0,57,
79651.835,refuse,0,57,
79666.835,refuse,0,57,
79681.835,refuse,0,57,
79696.835,refuse,0,57,
79711.835,refuse,0,57,
79726.835,refuse,0,57,
79741.835,refuse,0,57,
79756.835,refuse,0,57,
79771.835,refuse,0,57,
79779.012,conflict-at-land,2,56,
79786.835,start,0,57,
79794.012,refuse,2,56,
79802.315,conflict-at-land,0,57,
79809.012,start,2,56,
79817.315,refuse,0,57,
79832.315,refuse,0,57,
79847.315,refuse,0,57,
79862.315,refuse,0,57,
79877.315,refuse,0,57,
79892.315,refuse,0,57,
79907.315,refuse,0,57,
79922.315,refuse,0,57,
79922.315,abandon,0,57,
79922.315,start,0,58,
79937.776,land,0,58,
79937.776,refuse,0,59,
79952.776,refuse,0,59,
79967.776,refuse,0,59,
79982.776,refuse,0,59,
79997.776,refuse,0,59,
80012.776,refuse,0,59,
80027.776,refuse,0,59,
80042.776,refuse,0,59,
80057.776,refuse,0,59,
80072.776,refuse,0,59,
80087.776,refuse,0,59,
80102.776,refuse,0,59,
80117.776,refuse,0,59,
80132.776,refuse,0,59,
80147.776,refuse,0,59,
80162.776,refuse,0,59,
80177.776,refuse,0,59,
80192.776,refuse,0,59,
80207.776,refuse,0,59,
80222.776,refuse,0,59,
80237.776,refuse,0,59,
80252.776,refuse,0,59,
80267.776,refuse,0,59,
80282.776,refuse,0,59,
80297.776,refuse,0,59,
80312.776,refuse,0,59,
80325.704,conflict-at-land,2,56,
80327.776,start,0,59,
80340.704,refuse,2,56,
80343.078,conflict-at-land,0,59,
80355.704,start,2,56,
80358.078,refuse,0,59,
80373.078,refuse,0,59,
80388.078,refuse,0,59,
80403.078,refuse,0,59,
80418.078,refuse,0,59,
80433.078,refuse,0,59,
80448.078,refuse,0,59,
80463.078,refuse,0,59,
80478.078,refuse,0,59,
80493.078,refuse,0,59,
80508.078,refuse,0,59,
80523.078,refuse,0,59,
80538.078,refuse,0,59,
80553.078,refuse,0,59,
80568.078,refuse,0,59,
80583.078,refuse,0,59,
80598.078,refuse,0,59,
80613.078,refuse,0,59,
80628.078,refuse,0,59,
80643.078,refuse,0,59,
80658.078,refuse,0,59,
80673.078,refuse,0,59,
80688.078,refuse,0,59,
80703.078,refuse,0,59,
80718.078,refuse,0,59,
80733.078,refuse,0,59,
80738.099,conflict-at-land,3,3,
80748.078,refuse,0,59,
80753.099,start,3,3,
80763.078,refuse,0,59,
80778.078,refuse,0,59,
80793.078,refuse,0,59,
80808.078,refuse,0,59,
80823.078,refuse,0,59,
80838.078,refuse,0,59,
80846.179,conflict-at-land,2,56,
80853.078,start,0,59,
80861.179,refuse,2,56,
80875.609,conflict-at-land,0,59,
80876.179,start,2,56,
80890.609,refuse,0,59,
80905.609,refuse,0,59,
80920.609,refuse,0,59,
80935.609,refuse,0,59,
80950.609,refuse,0,59,
80965.609,refuse,0,59,
80980.609,refuse,0,59,
80995.609,refuse,0,59,
81010.609,refuse,0,59,
81025.609,refuse,0,59,
81040.609,refuse,0,59,
81055.609,refuse,0,59,
81070.609,refuse,0,59,
81085.609,refuse,0,59,
81100.609,refuse,0,59,
81115.609,refuse,0,59,
81130.609,refuse,0,59,
81145.609,refuse,0,59,
81160.609,refuse,0,59,
81175.609,refuse,0,59,
81190.609,refuse,0,59,
81205.609,refuse,0,59,
81220.609,refuse,0,59,
81235.609,refuse,0,59,
81250.609,refuse,0,59,
81265.609,refuse,0,59,
81280.609,refuse,0,59,
81295.609,refuse,0,59,
81310.609,refuse,0,59,
81325.609,refuse,0,59,
81340.609,refuse,0,59,
81355.609,refuse,0,59,
81370.609,refuse,0,59,
81385.609,refuse,0,59,
81400.609,refuse,0,59,
81415.609,refuse,0,59,
81430.609,refuse,0,59,
81445.609,refuse,0,59,
81460.609,refuse,0,59,
81475.609,refuse,0,59,
81479.117,conflict-at-land,2,56,
81490.609,start,0,59,
81494.117,refuse,2,56,
81503.751,conflict-at-land,0,59,
81509.117,start,2,56,
81518.751,refuse,0,59,
81533.751,refuse,0,59,
81548.751,refuse,0,59,
81563.751,refuse,0,59,
81578.751,refuse,0,59,
81593.751,refuse,0,59,
81608.751,refuse,0,59,
81623.751,refuse,0,59,
81638.751,refuse,0,59,
81653.751,refuse,0,59,
81668.751,refuse,0,59,
81683.751,refuse,0,59,
81698.751,refuse,0,59,
81713.751,refuse,0,59,
81728.751,refuse,0,59,
81743.751,refuse,0,59,
81758.751,refuse,0,59,
81773.751,refuse,0,59,
81788.751,refuse,0,59,
81803.751,refuse,0,59,
81818.751,refuse,0,59,
81833.751,refuse,0,59,
81848.751,refuse,0,59,
81863.751,refuse,0,59,
81878.751,refuse,0,59,
81893.751,refuse,0,59,
81908.751,refuse,0,59,
81923.751,refuse,0,59,
81931.186,conflict-at-land,2,56,
81938.751,start,0,59,
81946.186,refuse,2,56,
81953.351,conflict-at-land,0,59,
81961.186,start,2,56,
81968.351,refuse,0,59,
81983.351,refuse,0,59,
81998.351,refuse,0,59,
82013.351,refuse,0,59,
82028.351,refuse,0,59,
82043.351,refuse,0,59,
82058.351,refuse,0,59,
82073.351,refuse,0,59,
82088.351,refuse,0,59,
82103.351,refuse,0,59,
82118.351,refuse,0,59,
82133.351,refuse,0,59,
82148.351,refuse,0,59,
82163.351,refuse,0,59,
82178.351,refuse,0,59,
82193.351,refuse,0,59,
82208.351,refuse,0,59,
82223.351,refuse,0,59,
82238.351,refuse,0,59,
82253.351,refuse,0,59,
82268.351,refuse,0,59,
82283.351,refuse,0,59,
82298.351,refuse,0,59,
82313.351,refuse,0,59,
82328.351,refuse,0,59,
82343.351,refuse,0,59,
82358.351,refuse,0,59,
82373.351,refuse,0,59,
82388.351,refuse,0,59,
82403.351,refuse,0,59,
82418.351,refuse,0,59,
82433.351,refuse,0,59,
82448.351,refuse,0,59,
82463.351,refuse,0,59,
82478.351,refuse,0,59,
82493.351,refuse,0,59,
82508.351,refuse,0,59,
82523.351,refuse,0,59,
82538.351,refuse,0,59,
82553.351,refuse,0,59,
82568.351,refuse,0,59,
82583.351,refuse,0,59,
82598.351,refuse,0,59,
82601.846,conflict-at-land,3,3,
82613.351,refuse,0,59,
82616.846,start,3,3,
82628.351,refuse,0,59,
82643.351,refuse,0,59,
82658.351,refuse,0,59,
82673.351,refuse,0,59,
82675.988,conflict-at-land,2,56,
82688.351,start,0,59,
82690.988,refuse,2,56,
82705.988,refuse,2,56,
82709.659,conflict-at-land,0,59,
82720.988,start,2,56,
82724.659,refuse,0,59,
82739.659,refuse,0,59,
82754.659,refuse,0,59,
82769.659,refuse,0,59,
82784.659,refuse,0,59,
82799.659,refuse,0,59,
82814.659,refuse,0,59,
82829.659,refuse,0,59,
82844.659,refuse,0,59,
82859.659,refuse,0,59,
82874.659,refuse,0,59,
82889.659,refuse,0,59,
82904.659,refuse,0,59,
82919.659,refuse,0,59,
82934.659,refuse,0,59,
82949.659,refuse,0,59,
82964.659,refuse,0,59,
82979.659,refuse,0,59,
82994.659,refuse,0,59,
83009.659,refuse,0,59,
83024.659,refuse,0,59,
83024.659,abandon,0,59,
83024.659,refuse,0,60,
83039.659,refuse,0,60,
83054.659,refuse,0,60,
83069.659,refuse,0,60,
83084.659,refuse,0,60,
83099.659,refuse,0,60,
83114.659,refuse,0,60,
83129.659,refuse,0,60,
83144.659,refuse,0,60,
83159.659,refuse,0,60,
83174.659,refuse,0,60,
83186.843,conflict-at-land,2,56,
83189.659,refuse,0,60,
83201.843,start,2,56,
83204.659,refuse,0,60,
83219.659,refuse,0,60,
83234.659,refuse,0,60,
83249.659,refuse,0,60,
83264.659,refuse,0,60,
83279.659,refuse,0,60,
83294.659,refuse,0,60,
83309.659,refuse,0,60,
83324.659,refuse,0,60,
83339.659,refuse,0,60,
83354.659,refuse,0,60,
83369.659,refuse,0,60,
83384.659,refuse,0,60,
83399.659,refuse,0,60,
83414.659,refuse,0,60,
83429.659,refuse,0,60,
83444.659,refuse,0,60,
83459.659,refuse,0,60,
83474.659,refuse,0,60,
83489.659,refuse,0,60,
83504.659,refuse,0,60,
83519.659,refuse,0,60,
83534.659,refuse,0,60,
83549.659,refuse,0,60,
83564.659,refuse,0,60,
83579.659,refuse,0,60,
83594.659,refuse,0,60,
83609.659,refuse,0,60,
83624.659,refuse,0,60,
83639.659,refuse,0,60,
83654.659,refuse,0,60,
83657.94,conflict-at-land,2,56,
83669.659,refuse,0,60,
83672.94,start,2,56,
83684.659,refuse,0,60,
83699.659,refuse,0,60,
83714.659,refuse,0,60,
83729.659,refuse,0,60,
83744.659,refuse,0,60,
83759.659,refuse,0,60,
83774.659,refuse,0,60,
83789.659,refuse,0,60,
83804.659,refuse,0,60,
83819.659,refuse,0,60,
83834.659,refuse,0,60,
83849.659,refuse,0,60,
83864.659,refuse,0,60,
83879.659,refuse,0,60,
83894.659,refuse,0,60,
83909.659,refuse,0,60,
83924.659,refuse,0,60,
83939.659,refuse,0,60,
83954.659,refuse,0,60,
83969.659,refuse,0,60,
83984.659,refuse,0,60,
83999.659,refuse,0,60,
84014.659,refuse,0,60,
84029.659,refuse,0,60,
84044.659,refuse,0,60,
84059.659,refuse,0,60,
84074.659,refuse,0,60,
84089.659,refuse,0,60,
84104.659,refuse,0,60,
84119.659,refuse,0,60,
84134.659,refuse,0,60,
84149.659,refuse,0,60,
84164.659,refuse,0,60,
84179.659,refuse,0,60,
84194.659,refuse,0,60,
84209.659,refuse,0,60,
84224.659,refuse,0,60,
84239.659,refuse,0,60,
84254.659,refuse,0,60,
84269.659,refuse,0,60,
84284.659,refuse,0,60,
84299.659,refuse,0,60,
84314.659,refuse,0,60,
84329.659,refuse,0,60,
84344.659,refuse,0,60,
84359.659,refuse,0,60,
84374.659,refuse,0,60,
84379.037,conflict-at-land,2,56,
84389.659,refuse,0,60,
84394.037,start,2,56,
84404.659,refuse,0,60,
84419.659,refuse,0,60,
84434.659,refuse,0,60,
84449.659,refuse,0,60,
84464.659,refuse,0,60,
84479.659,refuse,0,60,
84494.659,refuse,0,60,
84509.659,refuse,0,60,
84524.659,refuse,0,60,
84539.659,refuse,0,60,
84554.659,refuse,0,60,
84569.659,refuse,0,60,
84584.659,refuse,0,60,
84599.659,refuse,0,60,
84614.659,refuse,0,60,
84629.659,refuse,0,60,
84632.156,conflict-at-land,3,3,
84644.659,refuse,0,60,
84647.156,start,3,3,
84659.659,refuse,0,60,
84674.659,refuse,0,60,
84689.659,refuse,0,60,
84704.659,refuse,0,60,
84719.659,refuse,0,60,
84734.659,refuse,0,60,
84749.659,refuse,0,60,
84764.659,refuse,0,60,
84779.659,refuse,0,60,
84794.659,refuse,0,60,
84809.659,refuse,0,60,
84809.909,conflict-at-land,2,56,
84824.659,refuse,0,60,
84824.909,start,2,56,
84839.659,refuse,0,60,
84854.659,refuse,0,60,
84869.659,refuse,0,60,
84884.659,refuse,0,60,
84899.659,refuse,0,60,
84914.659,refuse,0,60,
84929.659,refuse,0,60,
84944.659,refuse,0,60,
84959.659,refuse,0,60,
84974.659,refuse,0,60,
84989.659,refuse,0,60,
85004.659,refuse,0,60,
85019.659,refuse,0,60,
85034.659,refuse,0,60,
85049.659,refuse,0,60,
85064.659,refuse,0,60,
85079.659,refuse,0,60,
85094.659,refuse,0,60,
85109.659,refuse,0,60,
85124.659,refuse,0,60,
85139.659,refuse,0,60,
85154.659,refuse,0,60,
85169.659,refuse,0,60,
85184.659,refuse,0,60,
85199.659,refuse,0,60,
85214.659,refuse,0,60,
85229.659,refuse,0,60,
85244.659,refuse,0,60,
85259.659,refuse,0,60,
85274.659,refuse,0,60,
85289.659,refuse,0,60,
85304.659,refuse,0,60,
85319.659,refuse,0,60,
85334.659,refuse,0,60,
85349.659,refuse,0,60,
85364.659,refuse,0,60,
85379.659,refuse,0,60,
85392.73,conflict-at-land,2,56,
85394.659,refuse,0,60,
85407.73,start,2,56,
85409.659,refuse,0,60,
85424.659,refuse,0,60,
85439.659,refuse,0,60,
85454.659,refuse,0,60,
85469.659,refuse,0,60,
85484.659,refuse,0,60,
85499.659,refuse,0,60,
85514.659,refuse,0,60,
85529.659,refuse,0,60,
85544.659,refuse,0,60,
85559.659,refuse,0,60,
85574.659,refuse,0,60,
85589.659,refuse,0,60,
85604.659,refuse,0,60,
85619.659,refuse,0,60,
85634.659,refuse,0,60,
85649.659,refuse,0,60,
85664.659,refuse,0,60,
85679.659,refuse,0,60,
85694.659,refuse,0,60,
85709.659,refuse,0,60,
85724.659,refuse,0,60,
85739.659,refuse,0,60,
85754.659,refuse,0,60,
85769.659,refuse,0,60,
85784.659,refuse,0,60,
85799.659,refuse,0,60,
85814.659,refuse,0,60,
85829.659,refuse,0,60,
85844.659,refuse,0,60,
85859.659,refuse,0,60,
85874.659,refuse,0,60,
85889.659,refuse,0,60,
85904.659,refuse,0,60,
85911.354,conflict-at-land,2,56,
85919.659,refuse,0,60,
85926.354,start,2,56,
85934.659,refuse,0,60,
85949.659,refuse,0,60,
85964.659,refuse,0,60,
85979.659,refuse,0,60,
85994.659,refuse,0,60,
86009.659,refuse,0,60,
86024.659,refuse,0,60,
86024.659,abandon,0,60,
86024.659,refuse,0,61,
86039.659,refuse,0,61,
86054.659,refuse,0,61,
86069.659,refuse,0,61,
86084.659,refuse,0,61,
86099.659,refuse,0,61,
86114.659,refuse,0,61,
86129.659,refuse,0,61,
86144.659,refuse,0,61,
86159.659,refuse,0,61,
86174.659,refuse,0,61,
86189.659,refuse,0,61,
86204.659,refuse,0,61,
86219.659,refuse,0,61,
86234.659,refuse,0,61,
86249.659,refuse,0,61,
86264.659,refuse,0,61,
86279.659,refuse,0,61,
86294.659,refuse,0,61,
86309.659,refuse,0,61,
86324.659,refuse,0,61,
86339.659,refuse,0,61,
86354.659,refuse,0,61,
86369.659,refuse,0,61,
86384.659,refuse,0,61,
86399.659,refuse,0,61,
86414.659,refuse,0,61,
86429.659,refuse,0,61,
86444.659,refuse,0,61,
86459.659,refuse,0,61,
86474.659,refuse,0,61,
86489.659,refuse,0,61,
86504.659,refuse,0,61,
86519.659,refuse,0,61,
86534.659,refuse,0,61,
86549.659,refuse,0,61,
86564.659,refuse,0,61,
86570.112,conflict-at-land,2,56,
86579.659,start,0,61,
86583.297,conflict-at-land,0,61,
86585.112,start,2,56,
86598.297,refuse,0,61,
86613.297,refuse,0,61,
86628.297,refuse,0,61,
86643.297,refuse,0,61,
86658.297,refuse,0,61,
86673.297,refuse,0,61,
86688.297,refuse,0,61,
86703.297,refuse,0,61,
86718.297,refuse,0,61,
86733.297,refuse,0,61,
86748.297,refuse,0,61,
86763.297,refuse,0,61,
86778.297,refuse,0,61,
86793.297,refuse,0,61,
86808.297,refuse,0,61,
86823.297,refuse,0,61,
86838.297,refuse,0,61,
86853.297,refuse,0,61,
86868.297,refuse,0,61,
86874.213,conflict-at-land,3,3,
86883.297,refuse,0,61,
86889.213,start,3,3,
86898.297,refuse,0,61,
86913.297,refuse,0,61,
86928.297,refuse,0,61,
86943.297,refuse,0,61,
86958.297,refuse,0,61,
86973.297,refuse,0,61,
86988.297,refuse,0,61,
87003.297,refuse,0,61,
87018.297,refuse,0,61,
87033.297,refuse,0,61,
87048.297,refuse,0,61,
87052.477,conflict-at-land,2,56,
87063.297,start,0,61,
87066.272,conflict-at-land,0,61,
87067.477,start,2,56,
87081.272,refuse,0,61,
87096.272,refuse,0,61,
87111.272,refuse,0,61,
87126.272,refuse,0,61,
87141.272,refuse,0,61,
87156.272,refuse,0,61,
87171.272,refuse,0,61,
87186.272,refuse,0,61,
87201.272,refuse,0,61,
87216.272,refuse,0,61,
87231.272,refuse,0,61,
87246.272,refuse,0,61,
87261.272,refuse,0,61,
87276.272,refuse,0,61,
87291.272,refuse,0,61,
87306.272,refuse,0,61,
87321.272,refuse,0,61,
87336.272,refuse,0,61,
87351.272,refuse,0,61,
87366.272,refuse,0,61,
87381.272,refuse,0,61,
87396.272,refuse,0,61,
87411.272,refuse,0,61,
87426.272,refuse,0,61,
87441.272,refuse,0,61,
87456.272,refuse,0,61,
87471.272,refuse,0,61,
87486.272,refuse,0,61,
87501.272,refuse,0,61,
87516.272,refuse,0,61,
87531.272,refuse,0,61,
87546.272,refuse,0,61,
87561.272,refuse,0,61,
87576.272,refuse,0,61,
87591.272,refuse,0,61,
87606.272,refuse,0,61,
87618.661,conflict-at-land,2,56,
87621.272,start,0,61,
87624.51,conflict-at-land,0,61,
87633.661,start,2,56,
87639.51,refuse,0,61,
87654.51,refuse,0,61,
87669.51,refuse,0,61,
87684.51,refuse,0,61,
87699.51,refuse,0,61,
87714.51,refuse,0,61,
87729.51,refuse,0,61,
87744.51,refuse,0,61,
87759.51,refuse,0,61,
87774.51,refuse,0,61,
87789.51,refuse,0,61,
87804.51,refuse,0,61,
87819.51,refuse,0,61,
87834.51,refuse,0,61,
87849.51,refuse,0,61,
87864.51,refuse,0,61,
87879.51,refuse,0,61,
87894.51,refuse,0,61,
87909.51,refuse,0,61,
87924.51,refuse,0,61,
87939.51,refuse,0,61,
87954.51,refuse,0,61,
87969.51,refuse,0,61,
87984.51,refuse,0,61,
87999.51,refuse,0,61,
88014.51,refuse,0,61,
88029.51,refuse,0,61,
88044.51,refuse,0,61,
88059.51,refuse,0,61,
88074.51,refuse,0,61,
88089.51,refuse,0,61,
88104.51,refuse,0,61,
88119.51,refuse,0,61,
88134.51,refuse,0,61,
88149.51,refuse,0,61,
88164.51,refuse,0,61,
88179.51,refuse,0,61,
88194.51,refuse,0,61,
88209.51,refuse,0,61,
88224.51,refuse,0,61,
88239.51,refuse,0,61,
88254.51,refuse,0,61,
88269.51,refuse,0,61,
88283.51,conflict-at-land,2,56,
88284.51,start,0,61,
88287.221,conflict-at-land,0,61,
88298.51,start,2,56,
88302.221,refuse,0,61,
88317.221,refuse,0,61,
88332.221,refuse,0,61,
88347.221,refuse,0,61,
88362.221,refuse,0,61,
88377.221,refuse,0,61,
88392.221,refuse,0,61,
88407.221,refuse,0,61,
88422.221,refuse,0,61,
88437.221,refuse,0,61,
88452.221,refuse,0,61,
88467.221,refuse,0,61,
88482.221,refuse,0,61,
88497.221,refuse,0,61,
88512.221,refuse,0,61,
88527.221,refuse,0,61,
88542.221,refuse,0,61,
88557.221,refuse,0,61,
88572.221,refuse,0,61,
88587.221,refuse,0,61,
88602.221,refuse,0,61,
88617.221,refuse,0,61,
88632.221,refuse,0,61,
88647.221,refuse,0,61,
88662.221,refuse,0,61,
88677.221,refuse,0,61,
88692.221,refuse,0,61,
88707.221,refuse,0,61,
88722.221,refuse,0,61,
88737.221,refuse,0,61,
88752.221,refuse,0,61,
88767.221,refuse,0,61,
88782.221,refuse,0,61,
88797.221,refuse,0,61,
88812.221,refuse,0,61,
88827.221,refuse,0,61,
88842.221,refuse,0,61,
88850.324,conflict-at-land,3,3,
88857.221,refuse,0,61,
88865.324,start,3,3,
88872.221,refuse,0,61,
88887.221,refuse,0,61,
88902.221,refuse,0,61,
88917.221,refuse,0,61,
88932.221,refuse,0,61,
88947.221,refuse,0,61,
88962.221,refuse,0,61,
88977.221,refuse,0,61,
88992.221,refuse,0,61,
89004.011,conflict-at-land,2,56,
89007.221,start,0,61,
89009.372,conflict-at-land,0,61,
89019.011,start,2,56,
89024.372,refuse,0,61,
89039.372,refuse,0,61,
89039.372,abandon,0,61,
89039.372,start,0,62,
89051.587,conflict-at-land,0,62,
89066.587,start,0,62,
89076.304,conflict-at-land,0,62,
89091.304,start,0,62,
89106.037,conflict-at-land,0,62,
89121.037,start,0,62,
89133.733,conflict-at-land,0,62,
89148.733,start,0,62,
89160.877,conflict-at-land,0,62,
89175.877,start,0,62,
89186.326,conflict-at-land,0,62,
89201.326,start,0,62,
89210.683,conflict-at-land,0,62,
89225.683,start,0,62,
89236.069,conflict-at-land,0,62,
89251.069,start,0,62,
89264.087,conflict-at-land,0,62,
89279.087,start,0,62,
89292.403,conflict-at-land,0,62,
89307.403,start,0,62,
89320.724,conflict-at-land,0,62,
89335.724,start,0,62,
89344.354,conflict-at-land,0,62,
89359.354,start,0,62,
89373.355,conflict-at-land,0,62,
89388.355,start,0,62,
89401.759,conflict-at-land,0,62,
89416.759,start,0,62,
89430.069,conflict-at-land,0,62,
89445.069,start,0,62,
89457.233,conflict-at-land,0,62,
89472.233,start,0,62,
89486.78,conflict-at-land,0,62,
89501.78,start,0,62,
89517.11,conflict-at-land,0,62,
89532.11,start,0,62,
89544.71,conflict-at-land,0,62,
89550.861,conflict-at-land,2,56,
89559.71,start,0,62,
89565.861,start,2,56,
89571.223,conflict-at-land,0,62,
89586.223,start,0,62,
89600.391,conflict-at-land,0,62,
89615.391,start,0,62,
89628.665,conflict-at-land,0,62,
89643.665,start,0,62,
89657.653,conflict-at-land,0,62,
89672.653,start,0,62,
89683.278,conflict-at-land,0,62,
89698.278,start,0,62,
89711.013,conflict-at-land,0,62,
89726.013,start,0,62,
89736.112,conflict-at-land,0,62,
89751.112,start,0,62,
89763.667,conflict-at-land,0,62,
89778.667,start,0,62,
89787.175,conflict-at-land,0,62,
89802.175,start,0,62,
89814.418,conflict-at-land,0,62,
89829.418,start,0,62,
89843.055,conflict-at-land,0,62,
89858.055,start,0,62,
89873.013,conflict-at-land,0,62,
89888.013,start,0,62,
89899.906,conflict-at-land,0,62,
89914.906,start,0,62,
89929.589,conflict-at-land,0,62,
89944.589,start,0,62,
89954.43,conflict-at-land,0,62,
89969.43,start,0,62,
89977.915,conflict-at-land,0,62,
89992.915,start,0,62,
90005.297,conflict-at-land,0,62,
90020.297,start,0,62,
90031.171,conflict-at-land,0,62,
90046.171,start,0,62,
90057.417,conflict-at-land,0,62,
90072.417,start,0,62,
90085.13,conflict-at-land,0,62,
90100.13,start,0,62,
90113.971,conflict-at-land,0,62,
90128.971,start,0,62,
90137.725,conflict-at-land,2,56,
90143.58,conflict-at-land,0,62,
90152.725,start,2,56,
90158.58,start,0,62,
90171.173,conflict-at-land,0,62,
90186.173,start,0,62,
90199.108,conflict-at-land,0,62,
90214.108,start,0,62,
90227.441,conflict-at-land,0,62,
90242.441,start,0,62,
90255.046,conflict-at-land,0,62,
90270.046,start,0,62,
90281.795,conflict-at-land,0,62,
90296.795,start,0,62,
90311.023,conflict-at-land,0,62,
90326.023,start,0,62,
90334.566,conflict-at-land,0,62,
90349.566,start,0,62,
90363.627,conflict-at-land,0,62,
90378.627,start,0,62,
90388.23,conflict-at-land,0,62,
90403.23,start,0,62,
90412.942,conflict-at-land,0,62,
90427.942,start,0,62,
90441.178,conflict-at-land,0,62,
90456.178,start,0,62,
90467.852,conflict-at-land,0,62,
90482.852,start,0,62,
90493.717,conflict-at-land,0,62,
90508.717,start,0,62,
90517.681,conflict-at-land,0,62,
90532.681,start,0,62,
90541.45,conflict-at-land,0,62,
90556.45,start,0,62,
90566.778,conflict-at-land,0,62,
90581.778,start,0,62,
90590.872,conflict-at-land,0,62,
90605.872,start,0,62,
90619.287,conflict-at-land,0,62,
90634.287,start,0,62,
90644.133,conflict-at-land,0,62,
90651.691,conflict-at-land,2,56,
90659.133,start,0,62,
90666.691,start,2,56,
90670.274,conflict-at-land,0,62,
90685.274,start,0,62,
90698.748,conflict-at-land,0,62,
90713.748,start,0,62,
90728.026,conflict-at-land,0,62,
90743.026,start,0,62,
90755.974,conflict-at-land,0,62,
90770.974,start,0,62,
90780.939,conflict-at-land,0,62,
90795.939,start,0,62,
90805.328,conflict-at-land,0,62,
90820.328,start,0,62,
90832.756,conflict-at-land,0,62,
90847.756,start,0,62,
90858.793,conflict-at-land,0,62,
90873.793,start,0,62,
90887.412,conflict-at-land,0,62,
90902.412,start,0,62,
90912.367,conflict-at-land,0,62,
90927.367,start,0,62,
90940.739,conflict-at-land,0,62,
90955.739,start,0,62,
90966.719,conflict-at-land,0,62,
90981.719,start,0,62,
90992.136,conflict-at-land,0,62,
91007.136,start,0,62,
91016.837,conflict-at-land,0,62,
91031.837,start,0,62,
91032.994,conflict-at-land,3,3,
91045.668,conflict-at-land,0,62,
91047.994,start,3,3,
91060.668,start,0,62,
91072.984,conflict-at-land,0,62,
91087.984,start,0,62,
91102.377,conflict-at-land,0,62,
91117.377,start,0,62,
91125.971,conflict-at-land,0,62,
91140.971,start,0,62,
91153.297,conflict-at-land,0,62,
91168.297,start,0,62,
91179.063,conflict-at-land,0,62,
91194.063,start,0,62,
91198.276,conflict-at-land,2,56,
91204.218,conflict-at-land,0,62,
91213.276,start,2,56,
91219.218,start,0,62,
91229.367,conflict-at-land,0,62,
91244.367,start,0,62,
91255.715,conflict-at-land,0,62,
91270.715,start,0,62,
91282.239,conflict-at-land,0,62,
91297.239,start,0,62,
91306.633,conflict-at-land,0,62,
91321.633,start,0,62,
91332.265,conflict-at-land,0,62,
91347.265,start,0,62,
91355.692,conflict-at-land,0,62,
91370.692,start,0,62,
91382.694,conflict-at-land,0,62,
91397.694,start,0,62,
91410.616,conflict-at-land,0,62,
91425.616,start,0,62,
91441.213,conflict-at-land,0,62,
91456.213,start,0,62,
91471.52,conflict-at-land,0,62,
91486.52,start,0,62,
91497.311,conflict-at-land,0,62,
91512.311,start,0,62,
91527.646,conflict-at-land,0,62,
91542.646,start,0,62,
91551.796,conflict-at-land,0,62,
91566.796,start,0,62,
91576.267,conflict-at-land,0,62,
91591.267,start,0,62,
91603.483,conflict-at-land,0,62,
91618.483,start,0,62,
91631.798,conflict-at-land,0,62,
91646.798,start,0,62,
91659.474,conflict-at-land,0,62,
91674.474,start,0,62,
91683.136,conflict-at-land,0,62,
91698.136,start,0,62,
91709.472,conflict-at-land,0,62,
91724.472,start,0,62,
91736.418,conflict-at-land,0,62,
91751.418,start,0,62,
91762.6,conflict-at-land,0,62,
91777.6,start,0,62,
91791.481,conflict-at-land,0,62,
91806.481,start,0,62,
91820.239,conflict-at-land,0,62,
91835.239,start,0,62,
91844.262,conflict-at-land,0,62,
91859.262,start,0,62,
91871.012,conflict-at-land,0,62,
91881.244,conflict-at-land,2,56,
91886.012,start,0,62,
91896.244,start,2,56,
91899.428,conflict-at-land,0,62,
91914.428,start,0,62,
91927.602,conflict-at-land,0,62,
91942.602,start,0,62,
91958.039,conflict-at-land,0,62,
91973.039,start,0,62,
91986.767,conflict-at-land,0,62,
92001.767,start,0,62,
92013.001,conflict-at-land,0,62,
92028.001,start,0,62,
92042.413,conflict-at-land,0,62,
92057.413,start,0,62,
92070.221,conflict-at-land,0,62,
92085.221,start,0,62,
92097.923,conflict-at-land,0,62,
92112.923,start,0,62,
92125.597,conflict-at-land,0,62,
92140.597,start,0,62,
92154.416,conflict-at-land,0,62,
92169.416,start,0,62,
92182.919,conflict-at-land,0,62,
92197.919,start,0,62,
92209.618,conflict-at-land,0,62,
92224.618,start,0,62,
92238.687,conflict-at-land,0,62,
92253.687,start,0,62,
92265.119,conflict-at-land,0,62,
92280.119,start,0,62,
92293.853,conflict-at-land,0,62,
92308.853,start,0,62,
92323.837,conflict-at-land,0,62,
92338.837,start,0,62,
92351.051,conflict-at-land,0,62,
92366.051,start,0,62,
92375.517,conflict-at-land,0,62,
92390.517,start,0,62,
92405.44,conflict-at-land,0,62,
92420.44,start,0,62,
92430.372,conflict-at-land,0,62,
92445.372,start,0,62,
92455.291,conflict-at-land,0,62,
92470.291,start,0,62,
92479.019,conflict-at-land,0,62,
92494.019,start,0,62,
92505.439,conflict-at-land,0,62,
92520.439,start,0,62,
92531.726,conflict-at-land,0,62,
92546.726,start,0,62,
92550.759,conflict-at-land,2,56,
92561.018,conflict-at-land,0,62,
92565.759,start,2,56,
92576.018,start,0,62,
92587.134,conflict-at-land,0,62,
92602.134,start,0,62,
92616.076,conflict-at-land,0,62,
92631.076,start,0,62,
92639.647,conflict-at-land,0,62,
92654.647,start,0,62,
92666.021,conflict-at-land,0,62,
92681.021,start,0,62,
92690.491,conflict-at-land,0,62,
92705.491,start,0,62,
92719.438,conflict-at-land,0,62,
92734.438,start,0,62,
92744.992,conflict-at-land,0,62,
92759.992,start,0,62,
92769.408,conflict-at-land,0,62,
92784.408,start,0,62,
92793.615,conflict-at-land,0,62,
92808.615,start,0,62,
92818.52,conflict-at-land,0,62,
92833.52,start,0,62,
92846.981,conflict-at-land,0,62,
92861.981,start,0,62,
92871.216,conflict-at-land,0,62,
92886.216,start,0,62,
92894.902,conflict-at-land,0,62,
92909.902,start,0,62,
92920.026,conflict-at-land,0,62,
92935.026,start,0,62,
92943.728,conflict-at-land,0,62,
92958.728,start,0,62,
92972.391,conflict-at-land,0,62,
92987.391,start,0,62,
93001.251,conflict-at-land,0,62,
93013.975,conflict-at-land,2,56,
93016.251,start,0,62,
93028.485,conflict-at-land,0,62,
93028.975,start,2,56,
93043.485,start,0,62,
93052.166,conflict-at-land,0,62,
93067.166,start,0,62,
93080.715,conflict-at-land,0,62,
93095.715,start,0,62,
93105.861,conflict-at-land,0,62,
93120.861,start,0,62,
93133.215,conflict-at-land,0,62,
93148.215,start,0,62,
93163.728,conflict-at-land,0,62,
93178.728,start,0,62,
93188.856,conflict-at-land,0,62,
93203.856,start,0,62,
93217.209,conflict-at-land,0,62,
93232.209,start,0,62,
93243.762,conflict-at-land,0,62,
93258.762,start,0,62,
93271.004,conflict-at-land,0,62,
93279.407,conflict-at-land,3,3,
93286.004,start,0,62,
93294.407,start,3,3,
93297.318,conflict-at-land,0,62,
93312.318,start,0,62,
93324.466,conflict-at-land,0,62,
93339.466,start,0,62,
93348.099,conflict-at-land,0,62,
93363.099,start,0,62,
93377.402,conflict-at-land,0,62,
93392.402,start,0,62,
93402.521,conflict-at-land,0,62,
93417.521,start,0,62,
93428.447,conflict-at-land,0,62,
93443.447,start,0,62,
93455.299,conflict-at-land,0,62,
93470.299,start,0,62,
93482.976,conflict-at-land,0,62,
93497.976,start,0,62,
93511.828,conflict-at-land,0,62,
93526.828,start,0,62,
93531.358,conflict-at-land,2,56,
93536.082,conflict-at-land,0,62,
93546.358,start,2,56,
93551.082,start,0,62,
93563.954,conflict-at-land,0,62,
93578.954,start,0,62,
93590.743,conflict-at-land,0,62,
93605.743,start,0,62,
93615.894,conflict-at-land,0,62,
93630.894,start,0,62,
93645.024,conflict-at-land,0,62,
93660.024,start,0,62,
93675.361,conflict-at-land,0,62,
93690.361,start,0,62,
93703.407,conflict-at-land,0,62,
93718.407,start,0,62,
93730.657,conflict-at-land,0,62,
93745.657,start,0,62,
93755.171,conflict-at-land,0,62,
93770.171,start,0,62,
93782.018,conflict-at-land,0,62,
93797.018,start,0,62,
93811.069,conflict-at-land,0,62,
93826.069,start,0,62,
93836.743,conflict-at-land,0,62,
93851.743,start,0,62,
93863.293,conflict-at-land,0,62,
93878.293,start,0,62,
93889.918,conflict-at-land,0,62,
93904.918,start,0,62,
93915.544,conflict-at-land,0,62,
93930.544,start,0,62,
93943.381,conflict-at-land,0,62,
93958.381,start,0,62,
93968.915,conflict-at-land,0,62,
93983.915,start,0,62,
93998.951,conflict-at-land,0,62,
94013.951,start,0,62,
94028.387,conflict-at-land,0,62,
94043.387,start,0,62,
94054.002,conflict-at-land,0,62,
94065.183,conflict-at-land,2,56,
94069.002,start,0,62,
94077.882,conflict-at-land,0,62,
94080.183,start,2,56,
94092.882,start,0,62,
94107.139,conflict-at-land,0,62,
94122.139,start,0,62,
94133.587,conflict-at-land,0,62,
94148.587,start,0,62,
94157.851,conflict-at-land,0,62,
94172.851,start,0,62,
94181.594,conflict-at-land,0,62,
94196.594,start,0,62,
94210.614,conflict-at-land,0,62,
94225.614,start,0,62,
94235.498,conflict-at-land,0,62,
94250.498,start,0,62,
94265.527,conflict-at-land,0,62,
94280.527,start,0,62,
94291.499,conflict-at-land,0,62,
94306.499,start,0,62,
94319.42,conflict-at-land,0,62,
94334.42,start,0,62,
94345.316,conflict-at-land,0,62,
94360.316,start,0,62,
94373.434,conflict-at-land,0,62,
94388.434,start,0,62,
94397.85,conflict-at-land,0,62,
94412.85,start,0,62,
94423.175,conflict-at-land,0,62,
94423.175,abandon,0,62,
94423.175,refuse,0,63,
94438.175,refuse,0,63,
94453.175,refuse,0,63,
94468.175,refuse,0,63,
94478.547,conflict-at-land,2,56,
94483.175,start,0,63,
94493.547,refuse,2,56,
94508.547,refuse,2,56,
94523.547,refuse,2,56,
94538.547,refuse,2,56,
94553.547,refuse,2,56,
94566.709,conflict-at-land,0,63,
94568.547,start,2,56,
94581.709,refuse,0,63,
94596.709,refuse,0,63,
94611.709,refuse,0,63,
94626.709,refuse,0,63,
94641.709,refuse,0,63,
94656.709,refuse,0,63,
94671.709,refuse,0,63,
94686.709,refuse,0,63,
94701.709,refuse,0,63,
94716.709,refuse,0,63,
94731.709,refuse,0,63,
94746.709,refuse,0,63,
94761.709,refuse,0,63,
94776.709,refuse,0,63,
94791.709,refuse,0,63,
94806.709,refuse,0,63,
94821.709,refuse,0,63,
94836.709,refuse,0,63,
94851.709,refuse,0,63,
94866.709,refuse,0,63,
94881.709,refuse,0,63,
94896.709,refuse,0,63,
94911.709,refuse,0,63,
94926.709,refuse,0,63,
94941.709,refuse,0,63,
94956.709,refuse,0,63,
94971.709,refuse,0,63,
94980.314,conflict-at-land,2,56,
94986.709,start,0,63,
94995.314,refuse,2,56,
95010.314,refuse,2,56,
95025.314,refuse,2,56,
95040.314,refuse,2,56,
95055.314,refuse,2,56,
95070.314,refuse,2,56,
95085.314,refuse,2,56,
95098.788,conflict-at-land,0,63,
95100.314,start,2,56,
95113.788,refuse,0,63,
95128.788,refuse,0,63,
95143.788,refuse,0,63,
95158.788,refuse,0,63,
95173.788,refuse,0,63,
95188.788,refuse,0,63,
95203.788,refuse,0,63,
95218.788,refuse,0,63,
95233.788,refuse,0,63,
95248.788,refuse,0,63,
95263.788,refuse,0,63,
95278.788,refuse,0,63,
95293.788,refuse,0,63,
95308.788,refuse,0,63,
95323.788,refuse,0,63,
95338.788,refuse,0,63,
95353.788,refuse,0,63,
95368.788,refuse,0,63,
95383.788,refuse,0,63,
95398.788,refuse,0,63,
95413.788,refuse,0,63,
95428.788,refuse,0,63,
95443.788,refuse,0,63,
95458.788,refuse,0,63,
95473.788,refuse,0,63,
95488.788,refuse,0,63,
95503.788,refuse,0,63,
95518.788,refuse,0,63,
95533.788,refuse,0,63,
95548.788,refuse,0,63,
95563.788,refuse,0,63,
95578.788,refuse,0,63,
95593.788,refuse,0,63,
95608.788,refuse,0,63,
95623.788,refuse,0,63,
95638.788,refuse,0,63,
95653.788,refuse,0,63,
95668.788,refuse,0,63,
95683.788,refuse,0,63,
95698.788,refuse,0,63,
95713.788,refuse,0,63,
95728.788,refuse,0,63,
95743.788,refuse,0,63,
95758.788,refuse,0,63,
95773.788,refuse,0,63,
95788.788,refuse,0,63,
95790.104,conflict-at-land,3,3,
95803.788,refuse,0,63,
95805.104,start,3,3,
95818.788,refuse,0,63,
95822.895,conflict-at-land,2,56,
95833.788,start,0,63,
95837.895,refuse,2,56,
95852.895,refuse,2,56,
95867.895,refuse,2,56,
95882.895,refuse,2,56,
95897.895,refuse,2,56,
95912.895,refuse,2,56,
95927.895,refuse,2,56,
95942.895,refuse,2,56,
95957.895,refuse,2,56,
95966.311,conflict-at-land,0,63,
95972.895,start,2,56,
95981.311,refuse,0,63,
95996.311,refuse,0,63,
96011.311,refuse,0,63,
96026.311,refuse,0,63,
96041.311,refuse,0,63,
96056.311,refuse,0,63,
96071.311,refuse,0,63,
96086.311,refuse,0,63,
96101.311,refuse,0,63,
96116.311,refuse,0,63,
96131.311,refuse,0,63,
96146.311,refuse,0,63,
96161.311,refuse,0,63,
96176.311,refuse,0,63,
96191.311,refuse,0,63,
96206.311,refuse,0,63,
96221.311,refuse,0,63,
96236.311,refuse,0,63,
96251.311,refuse,0,63,
96266.311,refuse,0,63,
96281.311,refuse,0,63,
96296.311,refuse,0,63,
96311.311,refuse,0,63,
96326.311,refuse,0,63,
96341.311,refuse,0,63,
96356.311,refuse,0,63,
96371.311,refuse,0,63,
96386.311,refuse,0,63,
96401.311,refuse,0,63,
96416.311,refuse,0,63,
96431.311,refuse,0,63,
96446.311,refuse,0,63,
96459.665,conflict-at-land,2,56,
96461.311,start,0,63,
96474.665,refuse,2,56,
96489.665,refuse,2,56,
96504.665,refuse,2,56,
96519.665,refuse,2,56,
96534.665,refuse,2,56,
96547.288,conflict-at-land,0,63,
96549.665,start,2,56,
96562.288,refuse,0,63,
96577.288,refuse,0,63,
96592.288,refuse,0,63,
96607.288,refuse,0,63,
96622.288,refuse,0,63,
96637.288,refuse,0,63,
96652.288,refuse,0,63,
96667.288,refuse,0,63,
96682.288,refuse,0,63,
96697.288,refuse,0,63,
96712.288,refuse,0,63,
96727.288,refuse,0,63,
96742.288,refuse,0,63,
96757.288,refuse,0,63,
96772.288,refuse,0,63,
96787.288,refuse,0,63,
96802.288,refuse,0,63,
96817.288,refuse,0,63,
96832.288,refuse,0,63,
96847.288,refuse,0,63,
96862.288,refuse,0,63,
96877.288,refuse,0,63,
96892.288,refuse,0,63,
96907.288,refuse,0,63,
96922.288,refuse,0,63,
96937.288,refuse,0,63,
96950.759,conflict-at-land,2,56,
96952.288,start,0,63,
96965.759,refuse,2,56,
96980.759,refuse,2,56,
96995.759,refuse,2,56,
97010.759,refuse,2,56,
97025.759,refuse,2,56,
97040.759,refuse,2,56,
97050.568,conflict-at-land,0,63,
97055.759,start,2,56,
97065.568,refuse,0,63,
97080.568,refuse,0,63,
97095.568,refuse,0,63,
97110.568,refuse,0,63,
97125.568,refuse,0,63,
97140.568,refuse,0,63,
97155.568,refuse,0,63,
97170.568,refuse,0,63,
97185.568,refuse,0,63,
97200.568,refuse,0,63,
97215.568,refuse,0,63,
97230.568,refuse,0,63,
97245.568,refuse,0,63,
97260.568,refuse,0,63,
97275.568,refuse,0,63,
97290.568,refuse,0,63,
97305.568,refuse,0,63,
97320.568,refuse,0,63,
97335.568,refuse,0,63,
97350.568,refuse,0,63,
97365.568,refuse,0,63,
97372.143,conflict-at-land,3,3,
97380.568,refuse,0,63,
97387.143,start,3,3,
97395.568,refuse,0,63,
97410.568,refuse,0,63,
97425.568,refuse,0,63,
97440.568,refuse,0,63,
97455.568,refuse,0,63,
97470.568,refuse,0,63,
97475.203,conflict-at-land,2,56,
97485.568,start,0,63,
97490.203,refuse,2,56,
97505.203,refuse,2,56,
97520.203,refuse,2,56,
97535.203,refuse,2,56,
97550.203,refuse,2,56,
97565.203,refuse,2,56,
97580.203,refuse,2,56,
97590.885,conflict-at-land,0,63,
97595.203,start,2,56,
97605.885,refuse,0,63,
97620.885,refuse,0,63,
97635.885,refuse,0,63,
97650.885,refuse,0,63,
97665.885,refuse,0,63,
97680.885,refuse,0,63,
97695.885,refuse,0,63,
97710.885,refuse,0,63,
97725.885,refuse,0,63,
97740.885,refuse,0,63,
97755.885,refuse,0,63,
97770.885,refuse,0,63,
97785.885,refuse,0,63,
97800.885,refuse,0,63,
97815.885,refuse,0,63,
97830.885,refuse,0,63,
97845.885,refuse,0,63,
97860.885,refuse,0,63,
97875.885,refuse,0,63,
97890.885,refuse,0,63,
97905.885,refuse,0,63,
97920.885,refuse,0,63,
97935.885,refuse,0,63,
97950.885,refuse,0,63,
97965.885,refuse,0,63,
97980.885,refuse,0,63,
97995.885,refuse,0,63,
98010.885,refuse,0,63,
98025.885,refuse,0,63,
98040.885,refuse,0,63,
98040.885,abandon,0,63,
98040.885,refuse,0,64,
98041.789,conflict-at-land,2,56,
98055.885,start,0,64,
98056.789,refuse,2,56,
98063.267,conflict-at-land,0,64,
98071.789,start,2,56,
98078.267,refuse,0,64,
98093.267,refuse,0,64,
98108.267,refuse,0,64,
98123.267,refuse,0,64,
98138.267,refuse,0,64,
98153.267,refuse,0,64,
98168.267,refuse,0,64,
98183.267,refuse,0,64,
98198.267,refuse,0,64,
98213.267,refuse,0,64,
98228.267,refuse,0,64,
98243.267,refuse,0,64,
98258.267,refuse,0,64,
98273.267,refuse,0,64,
98288.267,refuse,0,64,
98303.267,refuse,0,64,
98318.267,refuse,0,64,
98333.267,refuse,0,64,
98348.267,refuse,0,64,
98363.267,refuse,0,64,
98378.267,refuse,0,64,
98393.267,refuse,0,64,
98408.267,refuse,0,64,
98423.267,refuse,0,64,
98438.267,refuse,0,64,
98453.267,refuse,0,64,
98468.267,refuse,0,64,
98483.267,refuse,0,64,
98498.267,refuse,0,64,
98513.267,refuse,0,64,
98528.267,refuse,0,64,
98543.267,refuse,0,64,
98558.267,refuse,0,64,
98573.267,refuse,0,64,
98588.267,refuse,0,64,
98603.267,refuse,0,64,
98618.267,refuse,0,64,
98633.267,refuse,0,64,
98648.267,refuse,0,64,
98657.761,conflict-at-land,2,56,
98663.267,start,0,64,
98670.2,conflict-at-land,0,64,
98672.761,start,2,56,
98685.2,refuse,0,64,
98700.2,refuse,0,64,
98715.2,refuse,0,64,
98730.2,refuse,0,64,
98745.2,refuse,0,64,
98760.2,refuse,0,64,
98775.2,refuse,0,64,
98790.2,refuse,0,64,
98805.2,refuse,0,64,
98820.2,refuse,0,64,
98835.2,refuse,0,64,
98850.2,refuse,0,64,
98865.2,refuse,0,64,
98880.2,refuse,0,64,
98895.2,refuse,0,64,
98910.2,refuse,0,64,
98925.2,refuse,0,64,
98940.2,refuse,0,64,
98955.2,refuse,0,64,
98970.2,refuse,0,64,
98985.2,refuse,0,64,
99000.2,refuse,0,64,
99015.2,refuse,0,64,
99030.2,refuse,0,64,
99045.2,refuse,0,64,
99060.2,refuse,0,64,
99075.2,refuse,0,64,
99090.2,refuse,0,64,
99105.2,refuse,0,64,
99120.2,refuse,0,64,
99135.2,refuse,0,64,
99143.844,conflict-at-land,2,56,
99150.2,start,0,64,
99156.998,conflict-at-land,0,64,
99158.844,start,2,56,
99171.998,refuse,0,64,
99186.998,refuse,0,64,
99201.998,refuse,0,64,
99216.998,refuse,0,64,
99231.998,refuse,0,64,
99246.998,refuse,0,64,
99261.998,refuse,0,64,
99276.998,refuse,0,64,
99291.998,refuse,0,64,
99306.998,refuse,0,64,
99321.998,refuse,0,64,
99336.998,refuse,0,64,
99351.998,refuse,0,64,
99366.998,refuse,0,64,
99381.998,refuse,0,64,
99396.998,refuse,0,64,
99411.998,refuse,0,64,
99426.998,refuse,0,64,
99441.998,refuse,0,64,
99456.998,refuse,0,64,
99471.998,refuse,0,64,
99486.998,refuse,0,64,
99501.998,refuse,0,64,
99516.998,refuse,0,64,
99531.998,refuse,0,64,
99546.998,refuse,0,64,
99561.998,refuse,0,64,
99576.998,refuse,0,64,
99591.998,refuse,0,64,
99606.839,conflict-at-land,3,3,
99606.998,refuse,0,64,
99621.839,start,3,3,
99621.998,refuse,0,64,
99636.998,refuse,0,64,
99651.998,refuse,0,64,
99666.998,refuse,0,64,
99681.998,refuse,0,64,
99696.998,refuse,0,64,
99711.998,refuse,0,64,
99726.998,refuse,0,64,
99741.998,refuse,0,64,
99756.998,refuse,0,64,
99771.998,refuse,0,64,
99782.166,conflict-at-land,2,56,
99786.998,start,0,64,
99791.866,conflict-at-land,0,64,
99797.166,start,2,56,
99806.866,refuse,0,64,
99821.866,refuse,0,64,
99836.866,refuse,0,64,
99851.866,refuse,0,64,
99866.866,refuse,0,64,
99881.866,refuse,0,64,
99896.866,refuse,0,64,
99911.866,refuse,0,64,
99926.866,refuse,0,64,
99941.866,refuse,0,64,
99956.866,refuse,0,64,
99971.866,refuse,0,64,
99986.866,refuse,0,64,
100001.866,refuse,0,64,
100016.866,refuse,0,64,
100031.866,refuse,0,64,
100046.866,refuse,0,64,
100061.866,refuse,0,64,
100076.866,refuse,0,64,
100091.866,refuse,0,64,
100106.866,refuse,0,64,
100121.866,refuse,0,64,
100136.866,refuse,0,64,
100151.866,refuse,0,64,
100166.866,refuse,0,64,
100181.866,refuse,0,64,
100196.866,refuse,0,64,
100211.866,refuse,0,64,
100226.866,refuse,0,64,
100241.866,refuse,0,64,
100256.866,refuse,0,64,
100271.866,refuse,0,64,
100286.866,refuse,0,64,
100301.866,refuse,0,64,
100316.866,refuse,0,64,
100331.866,refuse,0,64,
100346.866,refuse,0,64,
100361.866,refuse,0,64,
100376.866,refuse,0,64,
100391.866,refuse,0,64,
100406.866,refuse,0,64,
100421.866,refuse,0,64,
100436.866,refuse,0,64,
100451.866,refuse,0,64,
100466.866,refuse,0,64,
100481.866,refuse,0,64,
100496.866,refuse,0,64,
100505.63,conflict-at-land,2,56,
100511.866,start,0,64,
100517.709,conflict-at-land,0,64,
100520.63,start,2,56,
100532.709,refuse,0,64,
100547.709,refuse,0,64,
100562.709,refuse,0,64,
100577.709,refuse,0,64,
100592.709,refuse,0,64,
100607.709,refuse,0,64,
100622.709,refuse,0,64,
100637.709,refuse,0,64,
100652.709,refuse,0,64,
100667.709,refuse,0,64,
100682.709,refuse,0,64,
100697.709,refuse,0,64,
100712.709,refuse,0,64,
100727.709,refuse,0,64,
100742.709,refuse,0,64,
100757.709,refuse,0,64,
100772.709,refuse,0,64,
100787.709,refuse,0,64,
100802.709,refuse,0,64,
100817.709,refuse,0,64,
100832.709,refuse,0,64,
100847.709,refuse,0,64,
100862.709,refuse,0,64,
100877.709,refuse,0,64,
100892.709,refuse,0,64,
100907.709,refuse,0,64,
100922.709,refuse,0,64,
100937.709,refuse,0,64,
100938.134,conflict-at-land,2,56,
100952.709,start,0,64,
100953.134,refuse,2,56,
100960.228,conflict-at-land,0,64,
100968.134,start,2,56,
100975.228,refuse,0,64,
100990.228,refuse,0,64,
101005.228,refuse,0,64,
101020.228,refuse,0,64,
101035.228,refuse,0,64,
101050.228,refuse,0,64,
101065.228,refuse,0,64,
101080.228,refuse,0,64,
101080.228,abandon,0,64,
101080.228,refuse,0,65,
101095.228,refuse,0,65,
101110.228,refuse,0,65,
101125.228,refuse,0,65,
101140.228,refuse,0,65,
101155.228,refuse,0,65,
101170.228,refuse,0,65,
101185.228,refuse,0,65,
101200.228,refuse,0,65,
101215.228,refuse,0,65,
101230.228,refuse,0,65,
101245.228,refuse,0,65,
101260.228,refuse,0,65,
101275.228,refuse,0,65,
101290.228,refuse,0,65,
101305.228,refuse,0,65,
101320.228,refuse,0,65,
101335.228,refuse,0,65,
101350.228,refuse,0,65,
101365.228,refuse,0,65,
101380.228,refuse,0,65,
101395.228,refuse,0,65,
101410.228,refuse,0,65,
101425.228,refuse,0,65,
101440.228,refuse,0,65,
101455.228,refuse,0,65,
101461.113,conflict-at-land,2,56,
101470.228,start,0,65,
101476.113,refuse,2,56,
101488.789,conflict-at-land,0,65,
101491.113,start,2,56,
101503.789,refuse,0,65,
101518.789,refuse,0,65,
101533.789,refuse,0,65,
101548.789,refuse,0,65,
101563.789,refuse,0,65,
101578.789,refuse,0,65,
101593.789,refuse,0,65,
101608.789,refuse,0,65,
101623.789,refuse,0,65,
101638.789,refuse,0,65,
101653.789,refuse,0,65,
101668.789,refuse,0,65,
101683.789,refuse,0,65,
101698.789,refuse,0,65,
101713.789,refuse,0,65,
101728.789,refuse,0,65,
101743.789,refuse,0,65,
101758.789,refuse,0,65,
101773.789,refuse,0,65,
101788.789,refuse,0,65,
101803.789,refuse,0,65,
101818.789,refuse,0,65,
101833.789,refuse,0,65,
101848.789,refuse,0,65,
101863.789,refuse,0,65,
101878.789,refuse,0,65,
101893.789,refuse,0,65,
101908.789,refuse,0,65,
101923.789,refuse,0,65,
101938.789,refuse,0,65,
101951.268,conflict-at-land,2,56,
101953.789,start,0,65,
101964.942,conflict-at-land,0,65,
101966.268,start,2,56,
101979.942,refuse,0,65,
101994.942,refuse,0,65,
102009.942,refuse,0,65,
102024.942,refuse,0,65,
102039.942,refuse,0,65,
102054.942,refuse,0,65,
102069.942,refuse,0,65,
102084.942,refuse,0,65,
102099.942,refuse,0,65,
102114.942,refuse,0,65,
102129.942,refuse,0,65,
102144.942,refuse,0,65,
102159.942,refuse,0,65,
102174.942,refuse,0,65,
102189.942,refuse,0,65,
102204.942,refuse,0,65,
102214.097,conflict-at-land,3,3,
102219.942,refuse,0,65,
102229.097,start,3,3,
102234.942,refuse,0,65,
102249.942,refuse,0,65,
102264.942,refuse,0,65,
102279.942,refuse,0,65,
102294.942,refuse,0,65,
102309.942,refuse,0,65,
102324.942,refuse,0,65,
102339.942,refuse,0,65,
102354.942,refuse,0,65,
102369.942,refuse,0,65,
102384.942,refuse,0,65,
102399.942,refuse,0,65,
102414.942,refuse,0,65,
102429.942,refuse,0,65,
102444.942,refuse,0,65,
102459.942,refuse,0,65,
102474.942,refuse,0,65,
102489.942,refuse,0,65,
102504.942,refuse,0,65,
102519.942,refuse,0,65,
102528.74,conflict-at-land,2,56,
102534.942,start,0,65,
102543.74,refuse,2,56,
102551.507,conflict-at-land,0,65,
102558.74,start,2,56,
102566.507,refuse,0,65,
102581.507,refuse,0,65,
102596.507,refuse,0,65,
102611.507,refuse,0,65,
102626.507,refuse,0,65,
102641.507,refuse,0,65,
102656.507,refuse,0,65,
102671.507,refuse,0,65,
102686.507,refuse,0,65,
102701.507,refuse,0,65,
102716.507,refuse,0,65,
102731.507,refuse,0,65,
102746.507,refuse,0,65,
102761.507,refuse,0,65,
102776.507,refuse,0,65,
102791.507,refuse,0,65,
102806.507,refuse,0,65,
102821.507,refuse,0,65,
102836.507,refuse,0,65,
102851.507,refuse,0,65,
102866.507,refuse,0,65,
102881.507,refuse,0,65,
102896.507,refuse,0,65,
102911.507,refuse,0,65,
102926.507,refuse,0,65,
102941.507,refuse,0,65,
102956.507,refuse,0,65,
102971.507,refuse,0,65,
102986.507,refuse,0,65,
103001.507,refuse,0,65,
103016.507,refuse,0,65,
103031.507,refuse,0,65,
103046.507,refuse,0,65,
103061.507,refuse,0,65,
103076.507,refuse,0,65,
103091.507,refuse,0,65,
103106.507,refuse,0,65,
103121.507,refuse,0,65,
103136.507,refuse,0,65,
103151.507,refuse,0,65,
103163.942,conflict-at-land,2,56,
103166.507,start,0,65,
103178.942,refuse,2,56,
103180.263,conflict-at-land,0,65,
103193.942,start,2,56,
103195.263,refuse,0,65,
103210.263,refuse,0,65,
103225.263,refuse,0,65,
103240.263,refuse,0,65,
103255.263,refuse,0,65,
103270.263,refuse,0,65,
103285.263,refuse,0,65,
103300.263,refuse,0,65,
103315.263,refuse,0,65,
103330.263,refuse,0,65,
103345.263,refuse,0,65,
103360.263,refuse,0,65,
103375.263,refuse,0,65,
103390.263,refuse,0,65,
103405.263,refuse,0,65,
103420.263,refuse,0,65,
103435.263,refuse,0,65,
103450.263,refuse,0,65,
103465.263,refuse,0,65,
103480.263,refuse,0,65,
103495.263,refuse,0,65,
103510.263,refuse,0,65,
103525.263,refuse,0,65,
103540.263,refuse,0,65,
103555.263,refuse,0,65,
103570.263,refuse,0,65,
103585.263,refuse,0,65,
103600.263,refuse,0,65,
103615.263,refuse,0,65,
103630.263,refuse,0,65,
103645.263,refuse,0,65,
103660.263,refuse,0,65,
103675.263,refuse,0,65,
103690.263,refuse,0,65,
103705.263,refuse,0,65,
103720.263,refuse,0,65,
103735.263,refuse,0,65,
103750.263,refuse,0,65,
103765.263,refuse,0,65,
103780.263,refuse,0,65,
103795.263,refuse,0,65,
103810.263,refuse,0,65,
103825.263,refuse,0,65,
103838.945,conflict-at-land,2,56,
103840.263,start,0,65,
103853.945,refuse,2,56,
103855.398,conflict-at-land,0,65,
103868.945,start,2,56,
103870.398,refuse,0,65,
103885.398,refuse,0,65,
103900.398,refuse,0,65,
103915.398,refuse,0,65,
103930.398,refuse,0,65,
103945.398,refuse,0,65,
103960.398,refuse,0,65,
103975.398,refuse,0,65,
103990.398,refuse,0,65,
104005.398,refuse,0,65,
104020.398,refuse,0,65,
104035.398,refuse,0,65,
104050.398,refuse,0,65,
104065.398,refuse,0,65,
104080.398,refuse,0,65,
104095.398,refuse,0,65,
104110.398,refuse,0,65,
104125.398,refuse,0,65,
104140.398,refuse,0,65,
104155.398,refuse,0,65,
104155.398,abandon,0,65,
104155.398,refuse,0,66,
104170.398,refuse,0,66,
104185.398,refuse,0,66,
104200.398,refuse,0,66,
104215.398,refuse,0,66,
104230.398,refuse,0,66,
104245.398,refuse,0,66,
104260.398,refuse,0,66,
104275.398,refuse,0,66,
104290.398,refuse,0,66,
104305.398,refuse,0,66,
104307.991,conflict-at-land,2,56,
104320.398,start,0,66,
104322.991,refuse,2,56,
104337.991,refuse,2,56,
104345.61,conflict-at-land,0,66,
104352.991,start,2,56,
104360.61,refuse,0,66,
104375.61,refuse,0,66,
104390.61,refuse,0,66,
104405.61,refuse,0,66,
104420.61,refuse,0,66,
104435.61,refuse,0,66,
104450.61,refuse,0,66,
104465.61,refuse,0,66,
104480.61,refuse,0,66,
104495.61,refuse,0,66,
104510.61,refuse,0,66,
104520.11,conflict-at-land,3,3,
104525.61,refuse,0,66,
104535.11,start,3,3,
104540.61,refuse,0,66,
104555.61,refuse,0,66,
104570.61,refuse,0,66,
104585.61,refuse,0,66,
104600.61,refuse,0,66,
104615.61,refuse,0,66,
104630.61,refuse,0,66,
104645.61,refuse,0,66,
104660.61,refuse,0,66,
104675.61,refuse,0,66,
104690.61,refuse,0,66,
104705.61,refuse,0,66,
104720.61,refuse,0,66,
104735.61,refuse,0,66,
104750.61,refuse,0,66,
104765.61,refuse,0,66,
104780.61,refuse,0,66,
104795.61,refuse,0,66,
104810.61,refuse,0,66,
104825.61,refuse,0,66,
104840.61,refuse,0,66,
104855.61,refuse,0,66,
104861.492,conflict-at-land,2,56,
104870.61,start,0,66,
104876.492,refuse,2,56,
104889.689,conflict-at-land,0,66,
104891.492,start,2,56,
104904.689,refuse,0,66,
104919.689,refuse,0,66,
104934.689,refuse,0,66,
104949.689,refuse,0,66,
104964.689,refuse,0,66,
104979.689,refuse,0,66,
104994.689,refuse,0,66,
105009.689,refuse,0,66,
105024.689,refuse,0,66,
105039.689,refuse,0,66,
105054.689,refuse,0,66,
105069.689,refuse,0,66,
105084.689,refuse,0,66,
105099.689,refuse,0,66,
105114.689,refuse,0,66,
105129.689,refuse,0,66,
105144.689,refuse,0,66,
105159.689,refuse,0,66,
105174.689,refuse,0,66,
105189.689,refuse,0,66,
105204.689,refuse,0,66,
105219.689,refuse,0,66,
105234.689,refuse,0,66,
105249.689,refuse,0,66,
105264.689,refuse,0,66,
105279.689,refuse,0,66,
105294.689,refuse,0,66,
105309.689,refuse,0,66,
105324.689,refuse,0,66,
105339.689,refuse,0,66,
105354.689,refuse,0,66,
105366.653,conflict-at-land,2,56,
105369.689,start,0,66,
105381.653,refuse,2,56,
105390.301,conflict-at-land,0,66,
105396.653,start,2,56,
105405.301,refuse,0,66,
105420.301,refuse,0,66,
105435.301,refuse,0,66,
105450.301,refuse,0,66,
105465.301,refuse,0,66,
105480.301,refuse,0,66,
105495.301,refuse,0,66,
105510.301,refuse,0,66,
105525.301,refuse,0,66,
105540.301,refuse,0,66,
105555.301,refuse,0,66,
105570.301,refuse,0,66,
105585.301,refuse,0,66,
105600.301,refuse,0,66,
105615.301,refuse,0,66,
105630.301,refuse,0,66,
105645.301,refuse,0,66,
105660.301,refuse,0,66,
105675.301,refuse,0,66,
105690.301,refuse,0,66,
105705.301,refuse,0,66,
105720.301,refuse,0,66,
105735.301,refuse,0,66,
105750.301,refuse,0,66,
105765.301,refuse,0,66,
105780.301,refuse,0,66,
105795.301,refuse,0,66,
105810.301,refuse,0,66,
105825.301,refuse,0,66,
105840.301,refuse,0,66,
105855.301,refuse,0,66,
105870.301,refuse,0,66,
105885.301,refuse,0,66,
105900.301,refuse,0,66,
105915.301,refuse,0,66,
105930.301,refuse,0,66,
105945.301,refuse,0,66,
105960.301,refuse,0,66,
105975.301,refuse,0,66,
105990.301,refuse,0,66,
106005.301,refuse,0,66,
106009.441,conflict-at-land,2,56,
106020.301,start,0,66,
106024.441,refuse,2,56,
106037.44,conflict-at-land,0,66,
106039.441,start,2,56,
106052.44,refuse,0,66,
106067.44,refuse,0,66,
106082.44,refuse,0,66,
106097.44,refuse,0,66,
106112.44,refuse,0,66,
106127.44,refuse,0,66,
106142.44,refuse,0,66,
106157.44,refuse,0,66,
106172.44,refuse,0,66,
106187.44,refuse,0,66,
106202.44,refuse,0,66,
106217.44,refuse,0,66,
106232.44,refuse,0,66,
106247.44,refuse,0,66,
106262.44,refuse,0,66,
106277.44,refuse,0,66,
106292.44,refuse,0,66,
106307.44,refuse,0,66,
106322.44,refuse,0,66,
106337.44,refuse,0,66,
106352.44,refuse,0,66,
106367.44,refuse,0,66,
106382.44,refuse,0,66,
106397.44,refuse,0,66,
106412.44,refuse,0,66,
106427.44,refuse,0,66,
106442.44,refuse,0,66,
106457.44,refuse,0,66,
106472.44,refuse,0,66,
106487.44,refuse,0,66,
106502.44,refuse,0,66,
106517.44,refuse,0,66,
106532.44,refuse,0,66,
106547.44,refuse,0,66,
106562.44,refuse,0,66,
106569.415,conflict-at-land,2,56,
106577.44,start,0,66,
106584.415,refuse,2,56,
106599.415,refuse,2,56,
106600.026,conflict-at-land,0,66,
106614.415,start,2,56,
106615.026,refuse,0,66,
106630.026,refuse,0,66,
106645.026,refuse,0,66,
106660.026,refuse,0,66,
106675.026,refuse,0,66,
106690.026,refuse,0,66,
106705.026,refuse,0,66,
106720.026,refuse,0,66,
106735.026,refuse,0,66,
106750.026,refuse,0,66,
106765.026,refuse,0,66,
106780.026,refuse,0,66,
106795.026,refuse,0,66,
106810.026,refuse,0,66,
106821.695,conflict-at-land,3,3,
106825.026,refuse,0,66,
106836.695,start,3,3,
106840.026,refuse,0,66,
106855.026,refuse,0,66,
106870.026,refuse,0,66,
106885.026,refuse,0,66,
106900.026,refuse,0,66,
106915.026,refuse,0,66,
106930.026,refuse,0,66,
106945.026,refuse,0,66,
106960.026,refuse,0,66,
106975.026,refuse,0,66,
106990.026,refuse,0,66,
107005.026,refuse,0,66,
107020.026,refuse,0,66,
107035.026,refuse,0,66,
107050.026,refuse,0,66,
107065.026,refuse,0,66,
107080.026,refuse,0,66,
107095.026,refuse,0,66,
107110.026,refuse,0,66,
107125.026,refuse,0,66,
107140.026,refuse,0,66,
107155.026,refuse,0,66,
107170.026,refuse,0,66,
107185.026,refuse,0,66,
107200.026,refuse,0,66,
107215.026,refuse,0,66,
107230.026,refuse,0,66,
107245.026,refuse,0,66,
107260.026,refuse,0,66,
107260.026,abandon,0,66,
107260.026,refuse,0,67,
107275.026,refuse,0,67,
107290.026,refuse,0,67,
107297.527,conflict-at-land,2,56,
107305.026,start,0,67,
107311.078,conflict-at-land,0,67,
107312.527,start,2,56,
107326.078,refuse,0,67,
107341.078,refuse,0,67,
107356.078,refuse,0,67,
107371.078,refuse,0,67,
107386.078,refuse,0,67,
107401.078,refuse,0,67,
107416.078,refuse,0,67,
107431.078,refuse,0,67,
107446.078,refuse,0,67,
107461.078,refuse,0,67,
107476.078,refuse,0,67,
107491.078,refuse,0,67,
107506.078,refuse,0,67,
107521.078,refuse,0,67,
107536.078,refuse,0,67,
107551.078,refuse,0,67,
107566.078,refuse,0,67,
107581.078,refuse,0,67,
107596.078,refuse,0,67,
107611.078,refuse,0,67,
107626.078,refuse,0,67,
107641.078,refuse,0,67,
107656.078,refuse,0,67,
107671.078,refuse,0,67,
107686.078,refuse,0,67,
107701.078,refuse,0,67,
107716.078,refuse,0,67,
107731.078,refuse,0,67,
107746.078,refuse,0,67,
107761.078,refuse,0,67,
107776.078,refuse,0,67,
107791.078,refuse,0,67,
107806.078,refuse,0,67,
107821.078,refuse,0,67,
107836.078,refuse,0,67,
107851.078,refuse,0,67,
107866.078,refuse,0,67,
107881.078,refuse,0,67,
107896.078,refuse,0,67,
107911.078,refuse,0,67,
107926.078,refuse,0,67,
107941.078,refuse,0,67,
107956.078,refuse,0,67,
107971.078,refuse,0,67,
107974.413,conflict-at-land,2,56,
107986.078,start,0,67,
107989.413,refuse,2,56,
107991.748,conflict-at-land,0,67,
108004.413,start,2,56,
108006.748,refuse,0,67,
108021.748,refuse,0,67,
108036.748,refuse,0,67,
108051.748,refuse,0,67,
108066.748,refuse,0,67,
108081.748,refuse,0,67,
108096.748,refuse,0,67,
108111.748,refuse,0,67,
108126.748,refuse,0,67,
108141.748,refuse,0,67,
108156.748,refuse,0,67,
108171.748,refuse,0,67,
108186.748,refuse,0,67,
108201.748,refuse,0,67,
108216.748,refuse,0,67,
108231.748,refuse,0,67,
108246.748,refuse,0,67,
108261.748,refuse,0,67,
108276.748,refuse,0,67,
108291.748,refuse,0,67,
108306.748,refuse,0,67,
108321.748,refuse,0,67,
108336.748,refuse,0,67,
108351.748,refuse,0,67,
108366.748,refuse,0,67,
108381.748,refuse,0,67,
108396.748,refuse,0,67,
108411.748,refuse,0,67,
108426.748,refuse,0,67,
108441.748,refuse,0,67,
108456.748,refuse,0,67,
108471.748,refuse,0,67,
108486.748,refuse,0,67,
108501.748,refuse,0,67,
108516.748,refuse,0,67,
108531.748,refuse,0,67,
108546.748,refuse,0,67,
108558.92,conflict-at-land,3,3,
108561.748,refuse,0,67,
108573.92,start,3,3,
108576.748,refuse,0,67,
108591.748,refuse,0,67,
108606.748,refuse,0,67,
108621.748,refuse,0,67,
108636.748,refuse,0,67,
108651.748,refuse,0,67,
108666.748,refuse,0,67,
108681.748,refuse,0,67,
108696.748,refuse,0,67,
108711.748,refuse,0,67,
108715.1,conflict-at-land,2,56,
108726.748,start,0,67,
108730.1,refuse,2,56,
108732.73,conflict-at-land,0,67,
108745.1,start,2,56,
108747.73,refuse,0,67,
108762.73,refuse,0,67,
108777.73,refuse,0,67,
108792.73,refuse,0,67,
108807.73,refuse,0,67,
108822.73,refuse,0,67,
108837.73,refuse,0,67,
108852.73,refuse,0,67,
108867.73,refuse,0,67,
108882.73,refuse,0,67,
108897.73,refuse,0,67,
108912.73,refuse,0,67,
108927.73,refuse,0,67,
108942.73,refuse,0,67,
108957.73,refuse,0,67,
108972.73,refuse,0,67,
108987.73,refuse,0,67,
109002.73,refuse,0,67,
109017.73,refuse,0,67,
109032.73,refuse,0,67,
109047.73,refuse,0,67,
109062.73,refuse,0,67,
109077.73,refuse,0,67,
109092.73,refuse,0,67,
109107.73,refuse,0,67,
109122.73,refuse,0,67,
109137.73,refuse,0,67,
109152.73,refuse,0,67,
109167.73,refuse,0,67,
109182.73,refuse,0,67,
109197.73,refuse,0,67,
109212.73,refuse,0,67,
109227.73,refuse,0,67,
109237.938,conflict-at-land,2,56,
109242.73,start,0,67,
109247.943,conflict-at-land,0,67,
109252.938,start,2,56,
109262.943,refuse,0,67,
109277.943,refuse,0,67,
109292.943,refuse,0,67,
109307.943,refuse,0,67,
109322.943,refuse,0,67,
109337.943,refuse,0,67,
109352.943,refuse,0,67,
109367.943,refuse,0,67,
109382.943,refuse,0,67,
109397.943,refuse,0,67,
109412.943,refuse,0,67,
109427.943,refuse,0,67,
109442.943,refuse,0,67,
109457.943,refuse,0,67,
109472.943,refuse,0,67,
109487.943,refuse,0,67,
109502.943,refuse,0,67,
109517.943,refuse,0,67,
109532.943,refuse,0,67,
109547.943,refuse,0,67,
109562.943,refuse,0,67,
109577.943,refuse,0,67,
109592.943,refuse,0,67,
109607.943,refuse,0,67,
109622.943,refuse,0,67,
109637.943,refuse,0,67,
109652.943,refuse,0,67,
109667.088,conflict-at-land,2,56,
109667.943,start,0,67,
109674.94,conflict-at-land,0,67,
109682.088,start,2,56,
109689.94,refuse,0,67,
109704.94,refuse,0,67,
109719.94,refuse,0,67,
109734.94,refuse,0,67,
109749.94,refuse,0,67,
109764.94,refuse,0,67,
109779.94,refuse,0,67,
109794.94,refuse,0,67,
109809.94,refuse,0,67,
109824.94,refuse,0,67,
109839.94,refuse,0,67,
109854.94,refuse,0,67,
109869.94,refuse,0,67,
109884.94,refuse,0,67,
109899.94,refuse,0,67,
109914.94,refuse,0,67,
109929.94,refuse,0,67,
109944.94,refuse,0,67,
109959.94,refuse,0,67,
109974.94,refuse,0,67,
109989.94,refuse,0,67,
110004.94,refuse,0,67,
110019.94,refuse,0,67,
110034.94,refuse,0,67,
110049.94,refuse,0,67,
110064.94,refuse,0,67,
110079.94,refuse,0,67,
110094.94,refuse,0,67,
110109.94,refuse,0,67,
110124.94,refuse,0,67,
110139.94,refuse,0,67,
110154.94,refuse,0,67,
110169.94,refuse,0,67,
110184.94,refuse,0,67,
110199.94,refuse,0,67,
110214.94,refuse,0,67,
110229.94,refuse,0,67,
110244.94,refuse,0,67,
110259.94,refuse,0,67,
110274.94,refuse,0,67,
110289.94,refuse,0,67,
110289.94,abandon,0,67,
110289.94,refuse,0,68,
110291.689,conflict-at-land,2,56,
110304.94,start,0,68,
110306.689,refuse,2,56,
110312.151,conflict-at-land,0,68,
110321.689,start,2,56,
110327.151,refuse,0,68,
110342.151,refuse,0,68,
110357.151,refuse,0,68,
110372.151,refuse,0,68,
110387.151,refuse,0,68,
110402.151,refuse,0,68,
110417.151,refuse,0,68,
110432.151,refuse,0,68,
110447.151,refuse,0,68,
110462.151,refuse,0,68,
110471.543,conflict-at-land,3,3,
110477.151,refuse,0,68,
110486.543,start,3,3,
110492.151,refuse,0,68,
110507.151,refuse,0,68,
110522.151,refuse,0,68,
110537.151,refuse,0,68,
110552.151,refuse,0,68,
110567.151,refuse,0,68,
110582.151,refuse,0,68,
110597.151,refuse,0,68,
110612.151,refuse,0,68,
110627.151,refuse,0,68,
110642.151,refuse,0,68,
110657.151,refuse,0,68,
110672.151,refuse,0,68,
110687.151,refuse,0,68,
110702.151,refuse,0,68,
110717.151,refuse,0,68,
110732.151,refuse,0,68,
110747.151,refuse,0,68,
110762.151,refuse,0,68,
110777.151,refuse,0,68,
110792.151,refuse,0,68,
110807.151,refuse,0,68,
110822.151,refuse,0,68,
110837.151,refuse,0,68,
110852.151,refuse,0,68,
110867.151,refuse,0,68,
110871.94,conflict-at-land,2,56,
110882.151,start,0,68,
110886.94,refuse,2,56,
110888.729,conflict-at-land,0,68,
110901.94,start,2,56,
110903.729,refuse,0,68,
110918.729,refuse,0,68,
110933.729,refuse,0,68,
110948.729,refuse,0,68,
110963.729,refuse,0,68,
110978.729,refuse,0,68,
110993.729,refuse,0,68,
111008.729,refuse,0,68,
111023.729,refuse,0,68,
111038.729,refuse,0,68,
111053.729,refuse,0,68,
111068.729,refuse,0,68,
111083.729,refuse,0,68,
111098.729,refuse,0,68,
111113.729,refuse,0,68,
111114.297,conflict-at-land,1,8,
111128.729,refuse,0,68,
111129.297,start,1,8,
111143.729,refuse,0,68,
111158.729,refuse,0,68,
111173.729,refuse,0,68,
111188.729,refuse,0,68,
111203.729,refuse,0,68,
111218.729,refuse,0,68,
111233.729,refuse,0,68,
111248.729,refuse,0,68,
111263.729,refuse,0,68,
111278.729,refuse,0,68,
111293.729,refuse,0,68,
111308.729,refuse,0,68,
111323.729,refuse,0,68,
111338.729,refuse,0,68,
111353.729,refuse,0,68,
111368.729,refuse,0,68,
111383.729,refuse,0,68,
111398.729,refuse,0,68,
111413.729,refuse,0,68,
111428.729,refuse,0,68,
111443.729,refuse,0,68,
111458.729,refuse,0,68,
111473.729,refuse,0,68,
111488.729,refuse,0,68,
111503.729,refuse,0,68,
111518.729,refuse,0,68,
111533.729,refuse,0,68,
111548.729,refuse,0,68,
111563.729,refuse,0,68,
111578.729,refuse,0,68,
111593.729,refuse,0,68,
111605.357,conflict-at-land,2,56,
111608.729,start,0,68,
111613.876,conflict-at-land,0,68,
111620.357,start,2,56,
111628.876,refuse,0,68,
111643.876,refuse,0,68,
111658.876,refuse,0,68,
111673.876,refuse,0,68,
111688.876,refuse,0,68,
111703.876,refuse,0,68,
111718.876,refuse,0,68,
111733.876,refuse,0,68,
111748.876,refuse,0,68,
111763.876,refuse,0,68,
111778.876,refuse,0,68,
111793.876,refuse,0,68,
111808.876,refuse,0,68,
111823.876,refuse,0,68,
111838.876,refuse,0,68,
111853.876,refuse,0,68,
111868.876,refuse,0,68,
111883.876,refuse,0,68,
111898.876,refuse,0,68,
111913.876,refuse,0,68,
111928.876,refuse,0,68,
111943.876,refuse,0,68,
111958.876,refuse,0,68,
111973.876,refuse,0,68,
111988.876,refuse,0,68,
112003.876,refuse,0,68,
112018.876,refuse,0,68,
112033.876,refuse,0,68,
112048.876,refuse,0,68,
112063.876,refuse,0,68,
112078.876,refuse,0,68,
112093.876,refuse,0,68,
112108.876,refuse,0,68,
112123.876,refuse,0,68,
112138.876,refuse,0,68,
112153.876,refuse,0,68,
112168.876,refuse,0,68,
112183.876,refuse,0,68,
112185.999,conflict-at-land,2,56,
112198.876,start,0,68,
112200.999,refuse,2,56,
112206.149,conflict-at-land,0,68,
112215.999,start,2,56,
112221.149,refuse,0,68,
112236.149,refuse,0,68,
112251.149,refuse,0,68,
112266.149,refuse,0,68,
112281.149,refuse,0,68,
112288.054,conflict-at-land,3,3,
112296.149,refuse,0,68,
112303.054,start,3,3,
112311.149,refuse,0,68,
112326.149,refuse,0,68,
112341.149,refuse,0,68,
112356.149,refuse,0,68,
112371.149,refuse,0,68,
112386.149,refuse,0,68,
112401.149,refuse,0,68,
112416.149,refuse,0,68,
112431.149,refuse,0,68,
112446.149,refuse,0,68,
112461.149,refuse,0,68,
112476.149,refuse,0,68,
112491.149,refuse,0,68,
112506.149,refuse,0,68,
112521.149,refuse,0,68,
112536.149,refuse,0,68,
112551.149,refuse,0,68,
112566.149,refuse,0,68,
112581.149,refuse,0,68,
112596.149,refuse,0,68,
112611.149,refuse,0,68,
112626.149,refuse,0,68,
112641.149,refuse,0,68,
112656.149,refuse,0,68,
112671.149,refuse,0,68,
112686.149,refuse,0,68,
112701.149,refuse,0,68,
112716.149,refuse,0,68,
112731.149,refuse,0,68,
112746.149,refuse,0,68,
112761.149,refuse,0,68,
112776.149,refuse,0,68,
112791.149,refuse,0,68,
112806.149,refuse,0,68,
112821.149,refuse,0,68,
112836.149,refuse,0,68,
112851.149,refuse,0,68,
112866.149,refuse,0,68,
112880.894,conflict-at-land,2,56,
112881.149,start,0,68,
112888.019,conflict-at-land,0,68,
112895.894,start,2,56,
112903.019,refuse,0,68,
112918.019,refuse,0,68,
112933.019,refuse,0,68,
112948.019,refuse,0,68,
112963.019,refuse,0,68,
112978.019,refuse,0,68,
112993.019,refuse,0,68,
113008.019,refuse,0,68,
113023.019,refuse,0,68,
113038.019,refuse,0,68,
113053.019,refuse,0,68,
113068.019,refuse,0,68,
113083.019,refuse,0,68,
113098.019,refuse,0,68,
113113.019,refuse,0,68,
113128.019,refuse,0,68,
113143.019,refuse,0,68,
113158.019,refuse,0,68,
113173.019,refuse,0,68,
113188.019,refuse,0,68,
113203.019,refuse,0,68,
113218.019,refuse,0,68,
113233.019,refuse,0,68,
113248.019,refuse,0,68,
113263.019,refuse,0,68,
113278.019,refuse,0,68,
113293.019,refuse,0,68,
113297.158,conflict-at-land,2,56,
113308.019,start,0,68,
113312.158,refuse,2,56,
113312.713,conflict-at-land,0,68,
113327.158,start,2,56,
113327.713,refuse,0,68,
113327.713,abandon,0,68,
113327.713,refuse,0,69,
113342.713,refuse,0,69,
113357.713,refuse,0,69,
113372.713,refuse,0,69,
113387.713,refuse,0,69,
113402.713,refuse,0,69,
113417.713,refuse,0,69,
113432.713,refuse,0,69,
113447.713,refuse,0,69,
113462.713,refuse,0,69,
113477.713,refuse,0,69,
113492.713,refuse,0,69,
113507.713,refuse,0,69,
113522.713,refuse,0,69,
113537.713,refuse,0,69,
113552.713,refuse,0,69,
113567.713,refuse,0,69,
113582.713,refuse,0,69,
113597.713,refuse,0,69,
113612.713,refuse,0,69,
113627.713,refuse,0,69,
113642.713,refuse,0,69,
113657.713,refuse,0,69,
113672.713,refuse,0,69,
113687.713,refuse,0,69,
113702.713,refuse,0,69,
113717.713,refuse,0,69,
113721.453,conflict-at-land,2,56,
113732.713,start,0,69,
113736.453,refuse,2,56,
113738.534,conflict-at-land,0,69,
113751.453,start,2,56,
113753.534,refuse,0,69,
113768.534,refuse,0,69,
113783.534,refuse,0,69,
113798.534,refuse,0,69,
113813.534,refuse,0,69,
113828.534,refuse,0,69,
113843.534,refuse,0,69,
113858.534,refuse,0,69,
113873.534,refuse,0,69,
113888.534,refuse,0,69,
113903.534,refuse,0,69,
113918.534,refuse,0,69,
113933.534,refuse,0,69,
113948.534,refuse,0,69,
113963.534,refuse,0,69,
113978.534,refuse,0,69,
113993.534,refuse,0,69,
114008.534,refuse,0,69,
114023.534,refuse,0,69,
114038.534,refuse,0,69,
114053.534,refuse,0,69,
114068.534,refuse,0,69,
114083.534,refuse,0,69,
114098.534,refuse,0,69,
114113.534,refuse,0,69,
114128.534,refuse,0,69,
114143.534,refuse,0,69,
114158.534,refuse,0,69,
114173.534,refuse,0,69,
114188.534,refuse,0,69,
114203.534,refuse,0,69,
114218.534,refuse,0,69,
114233.534,refuse,0,69,
114248.534,refuse,0,69,
114263.534,refuse,0,69,
114278.534,refuse,0,69,
114293.534,refuse,0,69,
114305.994,conflict-at-land,2,56,
114308.534,start,0,69,
114312.797,conflict-at-land,0,69,
114320.994,start,2,56,
114327.797,refuse,0,69,
114342.797,refuse,0,69,
114357.797,refuse,0,69,
114372.797,refuse,0,69,
114387.797,refuse,0,69,
114402.797,refuse,0,69,
114417.797,refuse,0,69,
114432.797,refuse,0,69,
114447.797,refuse,0,69,
114462.797,refuse,0,69,
114477.797,refuse,0,69,
114492.797,refuse,0,69,
114507.797,refuse,0,69,
114522.797,refuse,0,69,
114537.797,refuse,0,69,
114552.797,refuse,0,69,
114567.797,refuse,0,69,
114582.797,refuse,0,69,
114597.797,refuse,0,69,
114612.797,refuse,0,69,
114627.797,refuse,0,69,
114642.797,refuse,0,69,
114657.797,refuse,0,69,
114672.797,refuse,0,69,
114687.797,refuse,0,69,
114698.668,conflict-at-land,3,3,
114702.797,refuse,0,69,
114713.668,start,3,3,
114717.797,refuse,0,69,
114732.797,refuse,0,69,
114747.797,refuse,0,69,
114762.797,refuse,0,69,
114777.797,refuse,0,69,
114792.797,refuse,0,69,
114807.797,refuse,0,69,
114822.797,refuse,0,69,
114837.797,refuse,0,69,
114852.797,refuse,0,69,
114867.797,refuse,0,69,
114882.797,refuse,0,69,
114897.797,refuse,0,69,
114912.797,refuse,0,69,
114927.797,refuse,0,69,
114942.797,refuse,0,69,
114957.797,refuse,0,69,
114972.797,refuse,0,69,
114986.039,conflict-at-land,2,56,
114987.797,start,0,69,
114994.63,conflict-at-land,0,69,
115001.039,start,2,56,
115009.63,refuse,0,69,
115024.63,refuse,0,69,
115039.63,refuse,0,69,
115054.63,refuse,0,69,
115069.63,refuse,0,69,
115084.63,refuse,0,69,
115099.63,refuse,0,69,
115114.63,refuse,0,69,
115129.63,refuse,0,69,
115144.63,refuse,0,69,
115159.63,refuse,0,69,
115174.63,refuse,0,69,
115189.63,refuse,0,69,
115204.63,refuse,0,69,
115219.63,refuse,0,69,
115234.63,refuse,0,69,
115249.63,refuse,0,69,
115264.63,refuse,0,69,
115279.63,refuse,0,69,
115294.63,refuse,0,69,
115309.63,refuse,0,69,
115324.63,refuse,0,69,
115339.63,refuse,0,69,
115354.63,refuse,0,69,
115369.63,refuse,0,69,
115384.63,refuse,0,69,
115399.63,refuse,0,69,
115414.63,refuse,0,69,
115429.63,refuse,0,69,
115444.63,refuse,0,69,
115459.63,refuse,0,69,
115474.63,refuse,0,69,
115489.63,refuse,0,69,
115504.63,refuse,0,69,
115519.63,refuse,0,69,
115534.63,refuse,0,69,
115549.63,refuse,0,69,
115564.63,refuse,0,69,
115579.63,refuse,0,69,
115594.63,refuse,0,69,
115609.63,refuse,0,69,
115624.63,refuse,0,69,
115639.63,refuse,0,69,
115654.63,refuse,0,69,
115669.63,refuse,0,69,
115684.63,refuse,0,69,
115699.63,refuse,0,69,
115714.63,refuse,0,69,
115715.056,conflict-at-land,2,56,
115729.63,start,0,69,
115730.056,refuse,2,56,
115736.582,conflict-at-land,0,69,
115745.056,start,2,56,
115751.582,refuse,0,69,
115766.582,refuse,0,69,
115781.582,refuse,0,69,
115796.582,refuse,0,69,
115811.582,refuse,0,69,
115826.582,refuse,0,69,
115841.582,refuse,0,69,
115856.582,refuse,0,69,
115871.582,refuse,0,69,
115886.582,refuse,0,69,
115901.582,refuse,0,69,
115916.582,refuse,0,69,
115931.582,refuse,0,69,
115946.582,refuse,0,69,
115961.582,refuse,0,69,
115976.582,refuse,0,69,
115991.582,refuse,0,69,
116006.582,refuse,0,69,
116021.582,refuse,0,69,
116036.582,refuse,0,69,
116051.582,refuse,0,69,
116066.582,refuse,0,69,
116081.582,refuse,0,69,
116096.582,refuse,0,69,
116111.582,refuse,0,69,
116126.582,refuse,0,69,
116141.582,refuse,0,69,
116156.582,refuse,0,69,
116171.582,refuse,0,69,
116186.582,refuse,0,69,
116201.582,refuse,0,69,
116216.582,refuse,0,69,
116231.582,refuse,0,69,
116246.582,refuse,0,69,
116261.582,refuse,0,69,
116276.582,refuse,0,69,
116291.582,refuse,0,69,
116306.582,refuse,0,69,
116321.582,refuse,0,69,
116336.582,refuse,0,69,
116351.582,refuse,0,69,
116351.582,abandon,0,69,
116351.582,refuse,0,70,
116366.582,refuse,0,70,
116381.582,refuse,0,70,
116385.708,conflict-at-land,2,56,
116396.582,start,0,70,
116400.708,refuse,2,56,
116415.708,refuse,2,56,
116422.573,conflict-at-land,0,70,
116430.708,start,2,56,
116437.573,refuse,0,70,
116452.573,refuse,0,70,
116467.573,refuse,0,70,
116482.573,refuse,0,70,
116497.573,refuse,0,70,
116512.573,refuse,0,70,
116527.573,refuse,0,70,
116542.573,refuse,0,70,
116557.573,refuse,0,70,
116572.573,refuse,0,70,
116587.573,refuse,0,70,
116602.573,refuse,0,70,
116617.573,refuse,0,70,
116632.573,refuse,0,70,
116647.573,refuse,0,70,
116662.573,refuse,0,70,
116677.573,refuse,0,70,
116692.573,refuse,0,70,
116707.573,refuse,0,70,
116722.573,refuse,0,70,
116737.573,refuse,0,70,
116752.573,refuse,0,70,
116767.573,refuse,0,70,
116782.573,refuse,0,70,
116797.573,refuse,0,70,
116812.573,refuse,0,70,
116827.573,refuse,0,70,
116842.573,refuse,0,70,
116857.573,refuse,0,70,
116872.573,refuse,0,70,
116887.573,refuse,0,70,
116902.573,refuse,0,70,
116917.573,refuse,0,70,
116932.573,refuse,0,70,
116947.573,refuse,0,70,
116962.573,refuse,0,70,
116977.573,refuse,0,70,
116992.573,refuse,0,70,
116997.075,conflict-at-land,2,56,
117002.767,conflict-at-land,3,3,
117007.573,start,0,70,
117012.075,refuse,2,56,
117017.767,start,3,3,
117027.075,refuse,2,56,
117035.43,conflict-at-land,0,70,
117042.075,start,2,56,
117050.43,refuse,0,70,
117065.43,refuse,0,70,
117080.43,refuse,0,70,
117095.43,refuse,0,70,
117110.43,refuse,0,70,
117125.43,refuse,0,70,
117140.43,refuse,0,70,
117155.43,refuse,0,70,
117170.43,refuse,0,70,
117185.43,refuse,0,70,
117200.43,refuse,0,70,
117215.43,refuse,0,70,
117230.43,refuse,0,70,
117245.43,refuse,0,70,
117260.43,refuse,0,70,
117275.43,refuse,0,70,
117290.43,refuse,0,70,
117305.43,refuse,0,70,
117320.43,refuse,0,70,
117335.43,refuse,0,70,
117350.43,refuse,0,70,
117365.43,refuse,0,70,
117380.43,refuse,0,70,
117395.43,refuse,0,70,
117410.43,refuse,0,70,
117425.43,refuse,0,70,
117440.43,refuse,0,70,
117455.43,refuse,0,70,
117470.43,refuse,0,70,
117485.43,refuse,0,70,
117500.43,refuse,0,70,
117515.43,refuse,0,70,
117530.43,refuse,0,70,
117532.627,conflict-at-land,2,56,
117545.43,start,0,70,
117547.627,refuse,2,56,
117562.627,refuse,2,56,
117573.819,conflict-at-land,0,70,
117577.627,start,2,56,
117588.819,refuse,0,70,
117603.819,refuse,0,70,
117618.819,refuse,0,70,
117633.819,refuse,0,70,
117648.819,refuse,0,70,
117663.819,refuse,0,70,
117678.819,refuse,0,70,
117693.819,refuse,0,70,
117708.819,refuse,0,70,
117723.819,refuse,0,70,
117738.819,refuse,0,70,
117753.819,refuse,0,70,
117768.819,refuse,0,70,
117783.819,refuse,0,70,
117798.819,refuse,0,70,
117813.819,refuse,0,70,
117828.819,refuse,0,70,
117843.819,refuse,0,70,
117858.819,refuse,0,70,
117873.819,refuse,0,70,
117888.819,refuse,0,70,
117903.819,refuse,0,70,
117918.819,refuse,0,70,
117933.819,refuse,0,70,
117948.819,refuse,0,70,
117963.819,refuse,0,70,
117978.819,refuse,0,70,
117993.819,refuse,0,70,
118008.819,refuse,0,70,
118018.172,conflict-at-land,2,56,
118023.819,start,0,70,
118033.172,refuse,2,56,
118048.172,refuse,2,56,
118048.284,conflict-at-land,0,70,
118063.172,start,2,56,
118063.284,refuse,0,70,
118078.284,refuse,0,70,
118093.284,refuse,0,70,
118108.284,refuse,0,70,
118123.284,refuse,0,70,
118138.284,refuse,0,70,
118153.284,refuse,0,70,
118168.284,refuse,0,70,
118183.284,refuse,0,70,
118198.284,refuse,0,70,
118213.284,refuse,0,70,
118228.284,refuse,0,70,
118243.284,refuse,0,70,
118258.284,refuse,0,70,
118273.284,refuse,0,70,
118288.284,refuse,0,70,
118303.284,refuse,0,70,
118318.284,refuse,0,70,
118333.284,refuse,0,70,
118348.284,refuse,0,70,
118363.284,refuse,0,70,
118378.284,refuse,0,70,
118393.284,refuse,0,70,
118408.284,refuse,0,70,
118423.284,refuse,0,70,
118438.284,refuse,0,70,
118453.284,refuse,0,70,
118468.284,refuse,0,70,
118483.284,refuse,0,70,
118498.284,refuse,0,70,
118513.284,refuse,0,70,
118528.284,refuse,0,70,
118543.284,refuse,0,70,
118558.284,refuse,0,70,
118573.284,refuse,0,70,
118588.284,refuse,0,70,
118603.284,refuse,0,70,
118618.284,refuse,0,70,
118633.284,refuse,0,70,
118648.284,refuse,0,70,
118663.284,refuse,0,70,
118678.284,refuse,0,70,
118693.284,refuse,0,70,
118708.284,refuse,0,70,
118723.284,refuse,0,70,
118738.284,refuse,0,70,
118753.284,refuse,0,70,
118761.897,conflict-at-land,2,56,
118768.284,start,0,70,
118776.897,refuse,2,56,
118788.228,conflict-at-land,0,70,
118791.897,start,2,56,
118803.228,refuse,0,70,
118818.228,refuse,0,70,
118833.228,refuse,0,70,
118848.228,refuse,0,70,
118863.228,refuse,0,70,
118878.228,refuse,0,70,
118893.228,refuse,0,70,
118908.228,refuse,0,70,
118923.228,refuse,0,70,
118938.228,refuse,0,70,
118953.228,refuse,0,70,
118968.228,refuse,0,70,
118983.228,refuse,0,70,
118998.228,refuse,0,70,
119013.228,refuse,0,70,
119028.228,refuse,0,70,
119043.228,refuse,0,70,
119058.228,refuse,0,70,
119073.228,refuse,0,70,
119088.228,refuse,0,70,
119103.228,refuse,0,70,
119118.228,refuse,0,70,
119133.228,refuse,0,70,
119148.228,refuse,0,70,
119163.228,refuse,0,70,
119178.228,refuse,0,70,
119193.228,refuse,0,70,
119208.228,refuse,0,70,
119223.228,refuse,0,70,
119238.228,refuse,0,70,
119253.228,refuse,0,70,
119268.228,refuse,0,70,
119283.228,refuse,0,70,
119298.228,refuse,0,70,
119313.228,refuse,0,70,
119328.228,refuse,0,70,
119343.228,refuse,0,70,
119358.228,refuse,0,70,
119373.228,refuse,0,70,
119388.228,refuse,0,70,
119403.228,refuse,0,70,
119418.228,refuse,0,70,
119433.228,refuse,0,70,
119448.228,refuse,0,70,
119463.228,refuse,0,70,
119478.228,refuse,0,70,
119478.228,abandon,0,70,
119478.228,refuse,0,71,
119480.803,conflict-at-land,2,56,
119493.228,start,0,71,
119495.803,refuse,2,56,
119496.199,conflict-at-land,0,71,
119510.803,start,2,56,
119511.199,refuse,0,71,
119526.199,refuse,0,71,
119541.199,refuse,0,71,
119556.199,refuse,0,71,
119571.199,refuse,0,71,
119586.199,refuse,0,71,
119601.199,refuse,0,71,
119616.199,refuse,0,71,
119621.267,conflict-at-land,3,3,
119631.199,refuse,0,71,
119636.267,start,3,3,
119646.199,refuse,0,71,
119661.199,refuse,0,71,
119676.199,refuse,0,71,
119691.199,refuse,0,71,
119706.199,refuse,0,71,
119721.199,refuse,0,71,
119736.199,refuse,0,71,
119751.199,refuse,0,71,
119766.199,refuse,0,71,
119781.199,refuse,0,71,
119796.199,refuse,0,71,
119811.199,refuse,0,71,
119826.199,refuse,0,71,
119841.199,refuse,0,71,
119856.199,refuse,0,71,
119871.199,refuse,0,71,
119886.199,refuse,0,71,
119901.199,refuse,0,71,
119916.199,refuse,0,71,
119931.199,refuse,0,71,
119946.199,refuse,0,71,
119961.199,refuse,0,71,
119976.199,refuse,0,71,
119991.199,refuse,0,71,
120006.199,refuse,0,71,
120021.199,refuse,0,71,
120036.199,refuse,0,71,
120051.199,refuse,0,71,
120066.199,refuse,0,71,
120081.199,refuse,0,71,
120096.199,refuse,0,71,
120111.199,refuse,0,71,
120126.199,refuse,0,71,
120141.199,refuse,0,71,
120145.685,conflict-at-land,2,56,
120156.199,start,0,71,
120158.391,conflict-at-land,0,71,
120160.685,start,2,56,
120173.391,refuse,0,71,
120188.391,refuse,0,71,
120203.391,refuse,0,71,
120218.391,refuse,0,71,
120233.391,refuse,0,71,
120248.391,refuse,0,71,
120263.391,refuse,0,71,
120278.391,refuse,0,71,
120293.391,refuse,0,71,
120308.391,refuse,0,71,
120323.391,refuse,0,71,
120338.391,refuse,0,71,
120353.391,refuse,0,71,
120368.391,refuse,0,71,
120383.391,refuse,0,71,
120398.391,refuse,0,71,
120413.391,refuse,0,71,
120428.391,refuse,0,71,
120443.391,refuse,0,71,
120458.391,refuse,0,71,
120473.391,refuse,0,71,
120488.391,refuse,0,71,
120503.391,refuse,0,71,
120518.391,refuse,0,71,
120533.391,refuse,0,71,
120548.391,refuse,0,71,
120563.391,refuse,0,71,
120578.391,refuse,0,71,
120593.391,refuse,0,71,
120608.391,refuse,0,71,
120623.391,refuse,0,71,
120635.331,conflict-at-land,2,56,
120638.391,start,0,71,
120641.563,conflict-at-land,0,71,
120650.331,start,2,56,
120656.563,refuse,0,71,
120671.563,refuse,0,71,
120686.563,refuse,0,71,
120701.563,refuse,0,71,
120716.563,refuse,0,71,
120731.563,refuse,0,71,
120746.563,refuse,0,71,
120761.563,refuse,0,71,
120776.563,refuse,0,71,
120791.563,refuse,0,71,
120806.563,refuse,0,71,
120821.563,refuse,0,71,
120836.563,refuse,0,71,
120851.563,refuse,0,71,
120866.563,refuse,0,71,
120881.563,refuse,0,71,
120896.563,refuse,0,71,
120911.563,refuse,0,71,
120926.563,refuse,0,71,
120941.563,refuse,0,71,
120956.563,refuse,0,71,
120971.563,refuse,0,71,
120986.563,refuse,0,71,
121001.563,refuse,0,71,
121016.563,refuse,0,71,
121031.563,refuse,0,71,
121046.563,refuse,0,71,
121061.563,refuse,0,71,
121076.563,refuse,0,71,
121091.563,refuse,0,71,
121106.563,refuse,0,71,
121121.563,refuse,0,71,
121136.563,refuse,0,71,
121151.563,refuse,0,71,
121166.563,refuse,0,71,
121181.563,refuse,0,71,
121196.563,refuse,0,71,
121211.563,refuse,0,71,
121226.563,refuse,0,71,
121241.563,refuse,0,71,
121256.563,refuse,0,71,
121271.563,refuse,0,71,
121286.563,refuse,0,71,
121301.563,refuse,0,71,
121316.563,refuse,0,71,
121331.563,refuse,0,71,
121339.71,conflict-at-land,2,56,
121346.563,start,0,71,
121349.679,conflict-at-land,0,71,
121354.71,start,2,56,
121364.679,refuse,0,71,
121379.679,refuse,0,71,
121394.679,refuse,0,71,
121396.66,conflict-at-land,3,3,
121409.679,refuse,0,71,
121411.66,start,3,3,
121424.679,refuse,0,71,
121439.679,refuse,0,71,
121454.679,refuse,0,71,
121469.679,refuse,0,71,
121484.679,refuse,0,71,
121499.679,refuse,0,71,
121514.679,refuse,0,71,
121529.679,refuse,0,71,
121544.679,refuse,0,71,
121559.679,refuse,0,71,
121574.679,refuse,0,71,
121589.679,refuse,0,71,
121604.679,refuse,0,71,
121619.679,refuse,0,71,
121634.679,refuse,0,71,
121649.679,refuse,0,71,
121664.679,refuse,0,71,
121679.679,refuse,0,71,
121694.679,refuse,0,71,
121709.679,refuse,0,71,
121724.679,refuse,0,71,
121739.679,refuse,0,71,
121754.679,refuse,0,71,
121769.679,refuse,0,71,
121784.679,refuse,0,71,
121799.679,refuse,0,71,
121814.679,refuse,0,71,
121829.679,refuse,0,71,
121844.679,refuse,0,71,
121859.679,refuse,0,71,
121874.679,refuse,0,71,
121889.679,refuse,0,71,
121904.679,refuse,0,71,
121919.679,refuse,0,71,
121920.153,conflict-at-land,2,56,
121934.679,start,0,71,
121935.153,refuse,2,56,
121937.681,conflict-at-land,0,71,
121950.153,start,2,56,
121952.681,refuse,0,71,
121967.681,refuse,0,71,
121982.681,refuse,0,71,
121997.681,refuse,0,71,
122012.681,refuse,0,71,
122027.681,refuse,0,71,
122042.681,refuse,0,71,
122057.681,refuse,0,71,
122072.681,refuse,0,71,
122087.681,refuse,0,71,
122102.681,refuse,0,71,
122117.681,refuse,0,71,
122132.681,refuse,0,71,
122147.681,refuse,0,71,
122162.681,refuse,0,71,
122177.681,refuse,0,71,
122192.681,refuse,0,71,
122207.681,refuse,0,71,
122222.681,refuse,0,71,
122237.681,refuse,0,71,
122252.681,refuse,0,71,
122267.681,refuse,0,71,
122282.681,refuse,0,71,
122297.681,refuse,0,71,
122312.681,refuse,0,71,
122327.681,refuse,0,71,
122342.681,refuse,0,71,
122357.681,refuse,0,71,
122372.681,refuse,0,71,
122387.681,refuse,0,71,
122402.681,refuse,0,71,
122417.681,refuse,0,71,
122432.681,refuse,0,71,
122447.681,refuse,0,71,
122462.681,refuse,0,71,
122477.681,refuse,0,71,
122492.681,refuse,0,71,
122492.681,abandon,0,71,
122492.681,refuse,0,72,
122507.681,refuse,0,72,
122522.681,refuse,0,72,
122537.681,refuse,0,72,
122552.681,refuse,0,72,
122567.681,refuse,0,72,
122579.725,conflict-at-land,2,56,
122582.681,start,0,72,
122594.725,refuse,2,56,
122604.645,conflict-at-land,0,72,
122609.725,start,2,56,
122619.645,refuse,0,72,
122634.645,refuse,0,72,
122649.645,refuse,0,72,
122664.645,refuse,0,72,
122679.645,refuse,0,72,
122694.645,refuse,0,72,
122709.645,refuse,0,72,
122724.645,refuse,0,72,
122739.645,refuse,0,72,
122754.645,refuse,0,72,
122769.645,refuse,0,72,
122784.645,refuse,0,72,
122799.645,refuse,0,72,
122814.645,refuse,0,72,
122829.645,refuse,0,72,
122844.645,refuse,0,72,
122859.645,refuse,0,72,
122874.645,refuse,0,72,
122889.645,refuse,0,72,
122904.645,refuse,0,72,
122919.645,refuse,0,72,
122934.645,refuse,0,72,
122949.645,refuse,0,72,
122964.645,refuse,0,72,
122979.645,refuse,0,72,
122994.645,refuse,0,72,
123009.645,refuse,0,72,
123024.645,refuse,0,72,
123039.645,refuse,0,72,
123054.645,refuse,0,72,
123069.645,refuse,0,72,
123084.645,refuse,0,72,
123099.645,refuse,0,72,
123114.645,refuse,0,72,
123116.286,conflict-at-land,2,56,
123129.645,start,0,72,
123131.286,refuse,2,56,
123146.286,refuse,2,56,
123149.523,conflict-at-land,0,72,
123161.286,start,2,56,
123164.523,refuse,0,72,
123179.523,refuse,0,72,
123194.523,refuse,0,72,
123209.523,refuse,0,72,
123224.523,refuse,0,72,
123239.523,refuse,0,72,
123254.523,refuse,0,72,
123269.523,refuse,0,72,
123284.523,refuse,0,72,
123299.523,refuse,0,72,
123314.523,refuse,0,72,
123329.523,refuse,0,72,
123344.523,refuse,0,72,
123359.523,refuse,0,72,
123374.523,refuse,0,72,
123389.523,refuse,0,72,
123404.523,refuse,0,72,
123419.523,refuse,0,72,
123434.523,refuse,0,72,
123449.523,refuse,0,72,
123464.523,refuse,0,72,
123477.116,conflict-at-land,3,3,
123479.523,refuse,0,72,
123492.116,start,3,3,
123494.523,refuse,0,72,
123509.523,refuse,0,72,
123524.523,refuse,0,72,
123539.523,refuse,0,72,
123554.523,refuse,0,72,
123569.523,refuse,0,72,
123584.523,refuse,0,72,
123599.523,refuse,0,72,
123614.523,refuse,0,72,
123629.523,refuse,0,72,
123644.523,refuse,0,72,
123659.523,refuse,0,72,
123667.978,conflict-at-land,2,56,
123674.523,start,0,72,
123682.978,refuse,2,56,
123687.716,conflict-at-land,0,72,
123697.978,start,2,56,
123702.716,refuse,0,72,
123717.716,refuse,0,72,
123732.716,refuse,0,72,
123747.716,refuse,0,72,
123762.716,refuse,0,72,
123777.716,refuse,0,72,
123792.716,refuse,0,72,
123807.716,refuse,0,72,
123822.716,refuse,0,72,
123837.716,refuse,0,72,
123852.716,refuse,0,72,
123867.716,refuse,0,72,
123882.716,refuse,0,72,
123897.716,refuse,0,72,
123912.716,refuse,0,72,
123927.716,refuse,0,72,
123942.716,refuse,0,72,
123957.716,refuse,0,72,
123972.716,refuse,0,72,
123987.716,refuse,0,72,
124002.716,refuse,0,72,
124017.716,refuse,0,72,
124032.716,refuse,0,72,
124047.716,refuse,0,72,
124062.716,refuse,0,72,
124077.716,refuse,0,72,
124092.716,refuse,0,72,
124107.716,refuse,0,72,
124122.716,refuse,0,72,
124137.716,refuse,0,72,
124152.716,refuse,0,72,
124167.716,refuse,0,72,
124182.716,refuse,0,72,
124197.716,refuse,0,72,
124212.716,refuse,0,72,
124224.056,conflict-at-land,2,56,
124227.716,start,0,72,
124239.056,refuse,2,56,
124246.894,conflict-at-land,0,72,
124254.056,start,2,56,
124261.894,refuse,0,72,
124276.894,refuse,0,72,
124291.894,refuse,0,72,
124306.894,refuse,0,72,
124321.894,refuse,0,72,
124336.894,refuse,0,72,
124351.894,refuse,0,72,
124366.894,refuse,0,72,
124381.894,refuse,0,72,
124396.894,refuse,0,72,
124411.894,refuse,0,72,
124426.894,refuse,0,72,
124441.894,refuse,0,72,
124456.894,refuse,0,72,
124471.894,refuse,0,72,
124486.894,refuse,0,72,
124501.894,refuse,0,72,
124516.894,refuse,0,72,
124531.894,refuse,0,72,
124546.894,refuse,0,72,
124561.894,refuse,0,72,
124576.894,refuse,0,72,
124591.894,refuse,0,72,
124606.894,refuse,0,72,
124621.894,refuse,0,72,
124636.894,refuse,0,72,
124651.894,refuse,0,72,
124666.894,refuse,0,72,
124681.894,refuse,0,72,
124696.894,refuse,0,72,
124711.894,refuse,0,72,
124726.894,refuse,0,72,
124741.894,refuse,0,72,
124756.894,refuse,0,72,
124771.894,refuse,0,72,
124786.894,refuse,0,72,
124801.894,refuse,0,72,
124815.128,conflict-at-land,2,56,
124816.894,start,0,72,
124830.128,refuse,2,56,
124834.334,conflict-at-land,0,72,
124845.128,start,2,56,
124849.334,refuse,0,72,
124864.334,refuse,0,72,
124879.334,refuse,0,72,
124894.334,refuse,0,72,
124909.334,refuse,0,72,
124924.334,refuse,0,72,
124939.334,refuse,0,72,
124954.334,refuse,0,72,
124969.334,refuse,0,72,
124984.334,refuse,0,72,
124999.334,refuse,0,72,
125014.334,refuse,0,72,
125029.334,refuse,0,72,
125044.334,refuse,0,72,
125059.334,refuse,0,72,
125074.334,refuse,0,72,
125089.334,refuse,0,72,
125104.334,refuse,0,72,
125119.334,refuse,0,72,
125134.334,refuse,0,72,
125149.334,refuse,0,72,
125164.334,refuse,0,72,
125179.334,refuse,0,72,
125194.334,refuse,0,72,
125209.334,refuse,0,72,
125224.334,refuse,0,72,
125239.334,refuse,0,72,
125254.334,refuse,0,72,
125269.334,refuse,0,72,
125284.334,refuse,0,72,
125299.334,refuse,0,72,
125314.334,refuse,0,72,
125329.334,refuse,0,72,
125344.334,refuse,0,72,
125359.334,refuse,0,72,
125374.334,refuse,0,72,
125388.522,conflict-at-land,3,3,
125389.334,refuse,0,72,
125403.522,start,3,3,
125404.334,refuse,0,72,
125419.334,refuse,0,72,
125434.334,refuse,0,72,
125449.334,refuse,0,72,
125464.334,refuse,0,72,
125479.334,refuse,0,72,
125493.453,conflict-at-land,2,56,
125494.334,start,0,72,
125508.453,refuse,2,56,
125514.397,conflict-at-land,0,72,
125523.453,start,2,56,
125529.397,refuse,0,72,
125544.397,refuse,0,72,
125559.397,refuse,0,72,
125574.397,refuse,0,72,
125589.397,refuse,0,72,
125604.397,refuse,0,72,
125604.397,abandon,0,72,
125604.397,refuse,0,73,
125619.397,refuse,0,73,
125634.397,refuse,0,73,
125649.397,refuse,0,73,
125664.397,refuse,0,73,
125679.397,refuse,0,73,
125694.397,refuse,0,73,
125709.397,refuse,0,73,
125724.397,refuse,0,73,
125739.397,refuse,0,73,
125754.397,refuse,0,73,
125769.397,refuse,0,73,
125784.397,refuse,0,73,
125799.397,refuse,0,73,
125814.397,refuse,0,73,
125829.397,refuse,0,73,
125844.397,refuse,0,73,
125859.397,refuse,0,73,
125874.397,refuse,0,73,
125889.397,refuse,0,73,
125904.397,refuse,0,73,
125919.397,refuse,0,73,
125934.397,refuse,0,73,
125949.397,refuse,0,73,
125964.397,refuse,0,73,
125979.397,refuse,0,73,
125994.397,refuse,0,73,
126009.397,refuse,0,73,
126024.397,refuse,0,73,
126039.397,refuse,0,73,
126054.397,refuse,0,73,
126069.397,refuse,0,73,
126084.397,refuse,0,73,
126099.397,refuse,0,73,
126100.148,conflict-at-land,2,56,
126114.397,refuse,0,73,
126115.148,start,2,56,
126129.397,refuse,0,73,
126144.397,refuse,0,73,
126159.397,refuse,0,73,
126174.397,refuse,0,73,
126189.397,refuse,0,73,
126204.397,refuse,0,73,
126219.397,refuse,0,73,
126234.397,refuse,0,73,
126249.397,refuse,0,73,
126264.397,refuse,0,73,
126279.397,refuse,0,73,
126294.397,refuse,0,73,
126309.397,refuse,0,73,
126324.397,refuse,0,73,
126339.397,refuse,0,73,
126354.397,refuse,0,73,
126369.397,refuse,0,73,
126384.397,refuse,0,73,
126399.397,refuse,0,73,
126414.397,refuse,0,73,
126429.397,refuse,0,73,
126444.397,refuse,0,73,
126459.397,refuse,0,73,
126474.397,refuse,0,73,
126489.397,refuse,0,73,
126504.397,refuse,0,73,
126519.397,refuse,0,73,
126534.397,refuse,0,73,
126549.397,refuse,0,73,
126564.397,refuse,0,73,
126579.397,refuse,0,73,
126594.397,refuse,0,73,
126609.397,refuse,0,73,
126624.397,refuse,0,73,
126639.397,refuse,0,73,
126654.397,refuse,0,73,
126669.397,refuse,0,73,
126684.397,refuse,0,73,
126699.397,refuse,0,73,
126714.397,refuse,0,73,
126729.397,refuse,0,73,
126744.397,refuse,0,73,
126759.397,refuse,0,73,
126774.397,refuse,0,73,
126789.397,refuse,0,73,
126804.397,refuse,0,73,
126819.397,refuse,0,73,
126823.731,conflict-at-land,2,56,
126834.397,refuse,0,73,
126838.731,start,2,56,
126849.397,refuse,0,73,
126864.397,refuse,0,73,
126879.397,refuse,0,73,
126894.397,refuse,0,73,
126909.397,refuse,0,73,
126924.397,refuse,0,73,
126939.397,refuse,0,73,
126954.397,refuse,0,73,
126969.397,refuse,0,73,
126984.397,refuse,0,73,
126999.397,refuse,0,73,
127014.397,refuse,0,73,
127029.397,refuse,0,73,
127044.397,refuse,0,73,
127059.397,refuse,0,73,
127074.397,refuse,0,73,
127089.397,refuse,0,73,
127104.397,refuse,0,73,
127119.397,refuse,0,73,
127134.397,refuse,0,73,
127149.397,refuse,0,73,
127164.397,refuse,0,73,
127179.397,refuse,0,73,
127194.397,refuse,0,73,
127209.397,refuse,0,73,
127224.397,refuse,0,73,
127239.397,refuse,0,73,
127254.397,refuse,0,73,
127269.397,refuse,0,73,
127284.397,refuse,0,73,
127299.397,refuse,0,73,
127314.397,refuse,0,73,
127329.397,refuse,0,73,
127340.784,conflict-at-land,2,56,
127344.397,refuse,0,73,
127355.784,start,2,56,
127359.397,refuse,0,73,
127374.397,refuse,0,73,
127389.397,refuse,0,73,
127404.397,refuse,0,73,
127419.397,refuse,0,73,
127434.397,refuse,0,73,
127449.397,refuse,0,73,
127464.397,refuse,0,73,
127479.397,refuse,0,73,
127494.397,refuse,0,73,
127509.397,refuse,0,73,
127524.397,refuse,0,73,
127539.397,refuse,0,73,
127554.397,refuse,0,73,
127567.057,conflict-at-land,3,3,
127569.397,refuse,0,73,
127582.057,start,3,3,
127584.397,refuse,0,73,
127599.397,refuse,0,73,
127614.397,refuse,0,73,
127629.397,refuse,0,73,
127644.397,refuse,0,73,
127659.397,refuse,0,73,
127674.397,refuse,0,73,
127689.397,refuse,0,73,
127704.397,refuse,0,73,
127719.397,refuse,0,73,
127734.397,refuse,0,73,
127749.397,refuse,0,73,
127764.397,refuse,0,73,
127779.397,refuse,0,73,
127794.397,refuse,0,73,
127809.397,refuse,0,73,
127824.397,refuse,0,73,
127839.397,refuse,0,73,
127854.397,refuse,0,73,
127869.397,refuse,0,73,
127884.397,refuse,0,73,
127894.365,conflict-at-land,2,56,
127899.397,refuse,0,73,
127909.365,start,2,56,
127914.397,refuse,0,73,
127929.397,refuse,0,73,
127944.397,refuse,0,73,
127959.397,refuse,0,73,
127974.397,refuse,0,73,
127989.397,refuse,0,73,
128004.397,refuse,0,73,
128019.397,refuse,0,73,
128034.397,refuse,0,73,
128049.397,refuse,0,73,
128064.397,refuse,0,73,
128079.397,refuse,0,73,
128094.397,refuse,0,73,
128109.397,refuse,0,73,
128124.397,refuse,0,73,
128139.397,refuse,0,73,
128154.397,refuse,0,73,
128169.397,refuse,0,73,
128184.397,refuse,0,73,
128199.397,refuse,0,73,
128214.397,refuse,0,73,
128229.397,refuse,0,73,
128244.397,refuse,0,73,
128259.397,refuse,0,73,
128274.397,refuse,0,73,
128289.397,refuse,0,73,
128304.397,refuse,0,73,
128319.397,refuse,0,73,
128334.397,refuse,0,73,
128349.397,refuse,0,73,
128364.397,refuse,0,73,
128379.397,refuse,0,73,
128394.397,refuse,0,73,
128399.051,conflict-at-land,2,56,
128409.397,refuse,0,73,
128414.051,start,2,56,
128424.397,refuse,0,73,
128439.397,refuse,0,73,
128454.397,refuse,0,73,
128469.397,refuse,0,73,
128484.397,refuse,0,73,
128499.397,refuse,0,73,
128514.397,refuse,0,73,
128529.397,refuse,0,73,
128544.397,refuse,0,73,
128559.397,refuse,0,73,
128574.397,refuse,0,73,
128589.397,refuse,0,73,
128604.397,refuse,0,73,
128604.397,abandon,0,73,
128604.397,refuse,0,74,
128619.397,refuse,0,74,
128634.397,refuse,0,74,
128649.397,refuse,0,74,
128664.397,refuse,0,74,
128679.397,refuse,0,74,
128694.397,refuse,0,74,
128709.397,refuse,0,74,
128724.397,refuse,0,74,
128739.397,refuse,0,74,
128754.397,refuse,0,74,
128769.397,refuse,0,74,
128784.397,refuse,0,74,
128799.397,refuse,0,74,
128814.397,refuse,0,74,
128829.397,refuse,0,74,
128844.397,refuse,0,74,
128859.397,refuse,0,74,
128874.397,refuse,0,74,
128889.397,refuse,0,74,
128904.397,refuse,0,74,
128919.397,refuse,0,74,
128934.397,refuse,0,74,
128949.397,refuse,0,74,
128964.397,refuse,0,74,
128979.397,refuse,0,74,
128994.397,refuse,0,74,
129009.397,refuse,0,74,
129024.397,refuse,0,74,
129039.397,refuse,0,74,
129054.397,refuse,0,74,
129069.397,refuse,0,74,
129070.684,conflict-at-land,2,56,
129084.397,start,0,74,
129085.684,refuse,2,56,
129100.684,refuse,2,56,
129103.184,conflict-at-land,0,74,
129115.684,start,2,56,
129118.184,refuse,0,74,
129133.184,refuse,0,74,
129148.184,refuse,0,74,
129163.184,refuse,0,74,
129178.184,refuse,0,74,
129193.184,refuse,0,74,
129208.184,refuse,0,74,
129223.184,refuse,0,74,
129238.184,refuse,0,74,
129253.184,refuse,0,74,
129268.184,refuse,0,74,
129283.184,refuse,0,74,
129298.184,refuse,0,74,
129313.184,refuse,0,74,
129328.184,refuse,0,74,
129343.184,refuse,0,74,
129358.184,refuse,0,74,
129373.184,refuse,0,74,
129388.184,refuse,0,74,
129403.184,refuse,0,74,
129418.184,refuse,0,74,
129433.184,refuse,0,74,
129448.184,refuse,0,74,
129463.184,refuse,0,74,
129478.184,refuse,0,74,
129493.184,refuse,0,74,
129508.184,refuse,0,74,
129523.184,refuse,0,74,
129538.184,refuse,0,74,
129553.184,refuse,0,74,
129557.769,conflict-at-land,2,56,
129568.184,start,0,74,
129572.769,refuse,2,56,
129587.769,refuse,2,56,
129589.762,conflict-at-land,0,74,
129602.769,start,2,56,
129604.762,refuse,0,74,
129619.762,refuse,0,74,
129634.762,refuse,0,74,
129649.762,refuse,0,74,
129664.762,refuse,0,74,
129679.762,refuse,0,74,
129694.762,refuse,0,74,
129709.762,refuse,0,74,
129724.762,refuse,0,74,
129739.762,refuse,0,74,
129754.762,refuse,0,74,
129769.762,refuse,0,74,
129784.762,refuse,0,74,
129799.762,refuse,0,74,
129814.762,refuse,0,74,
129829.762,refuse,0,74,
129844.762,refuse,0,74,
129859.762,refuse,0,74,
129874.762,refuse,0,74,
129889.762,refuse,0,74,
129904.762,refuse,0,74,
129919.762,refuse,0,74,
129934.762,refuse,0,74,
129949.762,refuse,0,74,
129964.762,refuse,0,74,
129979.762,refuse,0,74,
129994.762,refuse,0,74,
130009.762,refuse,0,74,
130024.762,refuse,0,74,
130039.762,refuse,0,74,
130054.762,refuse,0,74,
130069.762,refuse,0,74,
130084.762,refuse,0,74,
130099.762,refuse,0,74,
130114.762,refuse,0,74,
130129.762,refuse,0,74,
130144.762,refuse,0,74,
130159.762,refuse,0,74,
130165.714,conflict-at-land,3,3,
130174.762,refuse,0,74,
130180.714,start,3,3,
130181.122,conflict-at-land,2,56,
130189.762,start,0,74,
130196.122,refuse,2,56,
130207.904,conflict-at-land,0,74,
130211.122,start,2,56,
130222.904,refuse,0,74,
130237.904,refuse,0,74,
130252.904,refuse,0,74,
130267.904,refuse,0,74,
130282.904,refuse,0,74,
130297.904,refuse,0,74,
130312.904,refuse,0,74,
130327.904,refuse,0,74,
130342.904,refuse,0,74,
130357.904,refuse,0,74,
130372.904,refuse,0,74,
130387.904,refuse,0,74,
130402.904,refuse,0,74,
130417.904,refuse,0,74,
130432.904,refuse,0,74,
130447.904,refuse,0,74,
130462.904,refuse,0,74,
130477.904,refuse,0,74,
130492.904,refuse,0,74,
130507.904,refuse,0,74,
130522.904,refuse,0,74,
130537.904,refuse,0,74,
130552.904,refuse,0,74,
130567.904,refuse,0,74,
130582.904,refuse,0,74,
130597.904,refuse,0,74,
130612.904,refuse,0,74,
130627.904,refuse,0,74,
130642.904,refuse,0,74,
130657.904,refuse,0,74,
130672.904,refuse,0,74,
130687.904,refuse,0,74,
130702.904,refuse,0,74,
130717.904,refuse,0,74,
130732.904,refuse,0,74,
130747.904,refuse,0,74,
130762.904,refuse,0,74,
130777.904,refuse,0,74,
130792.904,refuse,0,74,
130807.904,refuse,0,74,
130822.904,refuse,0,74,
130837.904,refuse,0,74,
130852.904,refuse,0,74,
130867.904,refuse,0,74,
130882.904,refuse,0,74,
130897.904,refuse,0,74,
130912.904,refuse,0,74,
130927.904,refuse,0,74,
130935.721,conflict-at-land,2,56,
130942.904,start,0,74,
130950.721,refuse,2,56,
130963.954,conflict-at-land,0,74,
130965.721,start,2,56,
130978.954,refuse,0,74,
130993.954,refuse,0,74,
131008.954,refuse,0,74,
131023.954,refuse,0,74,
131038.954,refuse,0,74,
131053.954,refuse,0,74,
131068.954,refuse,0,74,
131083.954,refuse,0,74,
131098.954,refuse,0,74,
131113.954,refuse,0,74,
131128.954,refuse,0,74,
131143.954,refuse,0,74,
131158.954,refuse,0,74,
131173.954,refuse,0,74,
131188.954,refuse,0,74,
131203.954,refuse,0,74,
131218.954,refuse,0,74,
131233.954,refuse,0,74,
131248.954,refuse,0,74,
131263.954,refuse,0,74,
131278.954,refuse,0,74,
131293.954,refuse,0,74,
131308.954,refuse,0,74,
131323.954,refuse,0,74,
131338.954,refuse,0,74,
131353.954,refuse,0,74,
131368.954,refuse,0,74,
131383.954,refuse,0,74,
131398.954,refuse,0,74,
131413.954,refuse,0,74,
131428.954,refuse,0,74,
131443.954,refuse,0,74,
131458.954,refuse,0,74,
131473.954,refuse,0,74,
131488.954,refuse,0,74,
131503.954,refuse,0,74,
131518.954,refuse,0,74,
131533.954,refuse,0,74,
131548.954,refuse,0,74,
131563.954,refuse,0,74,
131578.954,refuse,0,74,
131593.954,refuse,0,74,
131594.077,conflict-at-land,2,56,
131608.954,start,0,74,
131609.077,refuse,2,56,
131624.077,refuse,2,56,
131628.944,conflict-at-land,0,74,
131639.077,start,2,56,
131643.944,refuse,0,74,
131658.944,refuse,0,74,
131673.944,refuse,0,74,
131688.944,refuse,0,74,
131703.944,refuse,0,74,
131703.944,abandon,0,74,
131703.944,refuse,0,75,
131718.944,refuse,0,75,
131733.944,refuse,0,75,
131748.944,refuse,0,75,
131763.944,refuse,0,75,
131778.944,refuse,0,75,
131793.944,refuse,0,75,
131808.944,refuse,0,75,
131823.944,refuse,0,75,
131838.944,refuse,0,75,
131853.944,refuse,0,75,
131868.944,refuse,0,75,
131883.944,refuse,0,75,
131898.944,refuse,0,75,
131913.944,refuse,0,75,
131928.944,refuse,0,75,
131943.944,refuse,0,75,
131958.944,refuse,0,75,
131973.944,refuse,0,75,
131988.944,refuse,0,75,
132003.944,refuse,0,75,
132018.944,refuse,0,75,
132033.944,refuse,0,75,
132048.944,refuse,0,75,
132063.944,refuse,0,75,
132078.944,refuse,0,75,
132093.944,refuse,0,75,
132108.944,refuse,0,75,
132123.944,refuse,0,75,
132138.944,refuse,0,75,
132146.874,conflict-at-land,3,3,
132153.944,refuse,0,75,
132161.874,start,3,3,
132168.944,refuse,0,75,
132183.944,refuse,0,75,
132198.944,refuse,0,75,
132213.866,conflict-at-land,2,56,
132213.944,refuse,0,75,
132228.866,start,2,56,
132228.944,refuse,0,75,
132243.944,refuse,0,75,
132258.944,refuse,0,75,
132273.944,refuse,0,75,
132288.944,refuse,0,75,
132303.944,refuse,0,75,
132318.944,refuse,0,75,
132333.944,refuse,0,75,
132348.944,refuse,0,75,
132363.944,refuse,0,75,
132378.944,refuse,0,75,
132393.944,refuse,0,75,
132408.944,refuse,0,75,
132423.944,refuse,0,75,
132438.944,refuse,0,75,
132453.944,refuse,0,75,
132468.944,refuse,0,75,
132483.944,refuse,0,75,
132498.944,refuse,0,75,
132513.944,refuse,0,75,
132528.944,refuse,0,75,
132543.944,refuse,0,75,
132558.944,refuse,0,75,
132573.944,refuse,0,75,
132588.944,refuse,0,75,
132603.944,refuse,0,75,
132618.944,refuse,0,75,
132633.944,refuse,0,75,
132648.944,refuse,0,75,
132663.944,refuse,0,75,
132676.044,conflict-at-land,2,56,
132678.944,refuse,0,75,
132691.044,start,2,56,
132693.944,refuse,0,75,
132708.944,refuse,0,75,
132723.944,refuse,0,75,
132738.944,refuse,0,75,
132753.944,refuse,0,75,
132768.944,refuse,0,75,
132783.944,refuse,0,75,
132798.944,refuse,0,75,
132813.944,refuse,0,75,
132828.944,refuse,0,75,
132843.944,refuse,0,75,
132858.944,refuse,0,75,
132873.944,refuse,0,75,
132888.944,refuse,0,75,
132903.944,refuse,0,75,
132918.944,refuse,0,75,
132933.944,refuse,0,75,
132948.944,refuse,0,75,
132963.944,refuse,0,75,
132978.944,refuse,0,75,
132993.944,refuse,0,75,
133008.944,refuse,0,75,
133023.944,refuse,0,75,
133038.944,refuse,0,75,
133053.944,refuse,0,75,
133068.944,refuse,0,75,
133083.944,refuse,0,75,
133098.944,refuse,0,75,
133113.944,refuse,0,75,
133128.944,refuse,0,75,
133143.944,refuse,0,75,
133158.944,refuse,0,75,
133173.944,refuse,0,75,
133188.944,refuse,0,75,
133203.944,refuse,0,75,
133218.944,refuse,0,75,
133233.944,refuse,0,75,
133248.944,refuse,0,75,
133263.944,refuse,0,75,
133278.944,refuse,0,75,
133293.944,refuse,0,75,
133308.944,refuse,0,75,
133323.944,refuse,0,75,
133338.944,refuse,0,75,
133353.944,refuse,0,75,
133360.513,conflict-at-land,2,56,
133368.944,refuse,0,75,
133375.513,start,2,56,
133383.944,refuse,0,75,
133398.944,refuse,0,75,
133413.944,refuse,0,75,
133428.944,refuse,0,75,
133443.944,refuse,0,75,
133458.944,refuse,0,75,
133473.944,refuse,0,75,
133488.944,refuse,0,75,
133503.944,refuse,0,75,
133518.944,refuse,0,75,
133533.944,refuse,0,75,
133548.944,refuse,0,75,
133563.944,refuse,0,75,
133578.944,refuse,0,75,
133593.944,refuse,0,75,
133608.944,refuse,0,75,
133623.944,refuse,0,75,
133638.944,refuse,0,75,
133653.944,refuse,0,75,
133668.944,refuse,0,75,
133683.944,refuse,0,75,
133698.944,refuse,0,75,
133713.944,refuse,0,75,
133728.944,refuse,0,75,
133743.944,refuse,0,75,
133758.944,refuse,0,75,
133773.944,refuse,0,75,
133788.944,refuse,0,75,
133803.944,refuse,0,75,
133818.944,refuse,0,75,
133833.944,refuse,0,75,
133848.944,refuse,0,75,
133863.944,refuse,0,75,
133878.944,refuse,0,75,
133893.944,refuse,0,75,
133908.944,refuse,0,75,
133923.944,refuse,0,75,
133938.944,refuse,0,75,
133953.944,refuse,0,75,
133968.944,refuse,0,75,
133983.944,refuse,0,75,
133994.336,conflict-at-land,2,56,
133998.944,refuse,0,75,
134009.336,start,2,56,
134013.944,refuse,0,75,
134028.944,refuse,0,75,
134043.944,refuse,0,75,
134058.944,refuse,0,75,
134073.944,refuse,0,75,
134088.944,refuse,0,75,
134101.913,conflict-at-land,3,3,
134103.944,refuse,0,75,
134116.913,start,3,3,
134118.944,refuse,0,75,
134133.944,refuse,0,75,
134148.944,refuse,0,75,
134163.944,refuse,0,75,
134178.944,refuse,0,75,
134193.944,refuse,0,75,
134208.944,refuse,0,75,
134223.944,refuse,0,75,
134238.944,refuse,0,75,
134253.944,refuse,0,75,
134268.944,refuse,0,75,
134283.944,refuse,0,75,
134298.944,refuse,0,75,
134313.944,refuse,0,75,
134328.944,refuse,0,75,
134343.944,refuse,0,75,
134358.944,refuse,0,75,
134373.944,refuse,0,75,
134388.944,refuse,0,75,
134403.944,refuse,0,75,
134418.944,refuse,0,75,
134433.944,refuse,0,75,
134448.944,refuse,0,75,
134463.944,refuse,0,75,
134478.944,refuse,0,75,
134493.944,refuse,0,75,
134501.795,conflict-at-land,2,56,
134508.944,refuse,0,75,
134516.795,start,2,56,
134523.944,refuse,0,75,
134538.944,refuse,0,75,
134553.944,refuse,0,75,
134568.944,refuse,0,75,
134583.944,refuse,0,75,
134598.944,refuse,0,75,
134613.944,refuse,0,75,
134628.944,refuse,0,75,
134643.944,refuse,0,75,
134658.944,refuse,0,75,
134673.944,refuse,0,75,
134688.944,refuse,0,75,
134703.944,refuse,0,75,
134703.944,abandon,0,75,
134703.944,refuse,0,76,
134718.944,refuse,0,76,
134733.944,refuse,0,76,
134748.944,refuse,0,76,
134763.944,refuse,0,76,
134778.944,refuse,0,76,
134793.944,refuse,0,76,
134808.944,refuse,0,76,
134823.944,refuse,0,76,
134838.944,refuse,0,76,
134853.944,refuse,0,76,
134868.944,refuse,0,76,
134883.944,refuse,0,76,
134898.944,refuse,0,76,
134913.944,refuse,0,76,
134928.944,refuse,0,76,
134943.944,refuse,0,76,
134958.944,refuse,0,76,
134973.944,refuse,0,76,
134988.944,refuse,0,76,
135003.944,refuse,0,76,
135018.944,refuse,0,76,
135033.944,refuse,0,76,
135048.944,refuse,0,76,
135063.944,refuse,0,76,
135078.944,refuse,0,76,
135093.944,refuse,0,76,
135094.834,conflict-at-land,2,56,
135108.944,refuse,0,76,
135109.834,start,2,56,
135123.944,refuse,0,76,
135138.944,refuse,0,76,
135153.944,refuse,0,76,
135168.944,refuse,0,76,
135183.944,refuse,0,76,
135198.944,refuse,0,76,
135213.944,refuse,0,76,
135228.944,refuse,0,76,
135243.944,refuse,0,76,
135258.944,refuse,0,76,
135273.944,refuse,0,76,
135288.944,refuse,0,76,
135303.944,refuse,0,76,
135318.944,refuse,0,76,
135333.944,refuse,0,76,
135348.944,refuse,0,76,
135363.944,refuse,0,76,
135378.944,refuse,0,76,
135393.944,refuse,0,76,
135408.944,refuse,0,76,
135423.944,refuse,0,76,
135438.944,refuse,0,76,
135453.944,refuse,0,76,
135468.944,refuse,0,76,
135483.944,refuse,0,76,
135498.944,refuse,0,76,
135513.944,refuse,0,76,
135522.186,conflict-at-land,2,56,
135528.944,refuse,0,76,
135537.186,start,2,56,
135543.944,refuse,0,76,
135558.944,refuse,0,76,
135573.944,refuse,0,76,
135588.944,refuse,0,76,
135603.944,refuse,0,76,
135618.944,refuse,0,76,
135633.944,refuse,0,76,
135648.944,refuse,0,76,
135663.944,refuse,0,76,
135678.944,refuse,0,76,
135693.944,refuse,0,76,
135708.944,refuse,0,76,
135723.944,refuse,0,76,
135738.944,refuse,0,76,
135753.944,refuse,0,76,
135768.944,refuse,0,76,
135783.944,refuse,0,76,
135798.944,refuse,0,76,
135813.944,refuse,0,76,
135828.944,refuse,0,76,
135843.944,refuse,0,76,
135858.944,refuse,0,76,
135873.944,refuse,0,76,
135888.944,refuse,0,76,
135903.944,refuse,0,76,
135918.944,refuse,0,76,
135933.944,refuse,0,76,
135948.944,refuse,0,76,
135963.944,refuse,0,76,
135978.944,refuse,0,76,
135993.944,refuse,0,76,
136008.944,refuse,0,76,
136023.944,refuse,0,76,
136038.944,refuse,0,76,
136053.944,refuse,0,76,
136068.944,refuse,0,76,
136083.944,refuse,0,76,
136098.944,refuse,0,76,
136113.944,refuse,0,76,
136128.944,refuse,0,76,
136133.645,conflict-at-land,2,56,
136143.944,refuse,0,76,
136148.645,start,2,56,
136158.944,refuse,0,76,
136173.944,refuse,0,76,
136188.944,refuse,0,76,
136203.944,refuse,0,76,
136217.569,conflict-at-land,3,3,
136218.944,refuse,0,76,
136232.569,start,3,3,
136233.944,refuse,0,76,
136248.944,refuse,0,76,
136263.944,refuse,0,76,
136278.944,refuse,0,76,
136293.944,refuse,0,76,
136308.944,refuse,0,76,
136323.944,refuse,0,76,
136338.944,refuse,0,76,
136353.944,refuse,0,76,
136368.944,refuse,0,76,
136383.944,refuse,0,76,
136398.944,refuse,0,76,
136413.944,refuse,0,76,
136428.944,refuse,0,76,
136443.944,refuse,0,76,
136458.944,refuse,0,76,
136473.944,refuse,0,76,
136488.944,refuse,0,76,
136503.944,refuse,0,76,
136518.944,refuse,0,76,
136533.944,refuse,0,76,
136548.944,refuse,0,76,
136563.944,refuse,0,76,
136578.944,refuse,0,76,
136593.944,refuse,0,76,
136608.944,refuse,0,76,
136623.944,refuse,0,76,
136638.944,refuse,0,76,
136653.944,refuse,0,76,
136668.944,refuse,0,76,
136683.944,refuse,0,76,
136698.944,refuse,0,76,
136713.944,refuse,0,76,
136728.944,refuse,0,76,
136743.944,refuse,0,76,
136758.944,refuse,0,76,
136773.944,refuse,0,76,
136788.944,refuse,0,76,
136803.944,refuse,0,76,
136818.944,refuse,0,76,
136833.944,refuse,0,76,
136848.944,refuse,0,76,
136863.944,refuse,0,76,
136872.365,conflict-at-land,2,56,
136878.944,refuse,0,76,
136887.365,start,2,56,
136893.944,refuse,0,76,
136908.944,refuse,0,76,
136923.944,refuse,0,76,
136938.944,refuse,0,76,
136953.944,refuse,0,76,
136968.944,refuse,0,76,
136983.944,refuse,0,76,
136998.944,refuse,0,76,
137013.944,refuse,0,76,
137028.944,refuse,0,76,
137043.944,refuse,0,76,
137058.944,refuse,0,76,
137073.944,refuse,0,76,
137088.944,refuse,0,76,
137103.944,refuse,0,76,
137118.944,refuse,0,76,
137133.944,refuse,0,76,
137148.944,refuse,0,76,
137163.944,refuse,0,76,
137178.944,refuse,0,76,
137193.944,refuse,0,76,
137208.944,refuse,0,76,
137223.944,refuse,0,76,
137238.944,refuse,0,76,
137253.944,refuse,0,76,
137268.944,refuse,0,76,
137283.944,refuse,0,76,
137298.944,refuse,0,76,
137313.944,refuse,0,76,
137328.944,refuse,0,76,
137343.944,refuse,0,76,
137358.944,refuse,0,76,
137373.944,refuse,0,76,
137388.944,refuse,0,76,
137403.944,refuse,0,76,
137418.944,refuse,0,76,
137433.944,refuse,0,76,
137433.986,conflict-at-land,2,56,
137433.986,abandon,2,56,
137433.986,refuse,2,77,
137448.944,refuse,0,76,
137448.986,refuse,2,77,
137463.944,refuse,0,76,
137463.986,refuse,2,77,
137478.944,refuse,0,76,
137478.986,refuse,2,77,
137493.944,refuse,0,76,
137493.986,refuse,2,77,
137508.944,refuse,0,76,
137508.986,refuse,2,77,
137523.944,refuse,0,76,
137523.986,refuse,2,77,
137538.944,refuse,0,76,
137538.986,refuse,2,77,
137553.944,refuse,0,76,
137553.986,refuse,2,77,
137568.944,refuse,0,76,
137568.986,refuse,2,77,
137583.944,refuse,0,76,
137583.986,refuse,2,77,
137598.944,refuse,0,76,
137598.986,refuse,2,77,
137613.944,refuse,0,76,
137613.986,refuse,2,77,
137628.944,refuse,0,76,
137628.986,refuse,2,77,
137643.944,refuse,0,76,
137643.986,refuse,2,77,
137658.944,refuse,0,76,
137658.986,refuse,2,77,
137673.944,refuse,0,76,
137673.986,refuse,2,77,
137688.944,refuse,0,76,
137688.986,refuse,2,77,
137703.944,refuse,0,76,
137703.944,abandon,0,76,
137703.944,refuse,0,78,
137703.986,refuse,2,77,
137718.944,refuse,0,78,
137718.986,refuse,2,77,
137733.944,refuse,0,78,
137733.986,refuse,2,77,
137748.944,refuse,0,78,
137748.986,refuse,2,77,
137763.944,refuse,0,78,
137763.986,refuse,2,77,
137778.944,refuse,0,78,
137778.986,refuse,2,77,
137793.944,refuse,0,78,
137793.986,refuse,2,77,
137808.944,refuse,0,78,
137808.986,refuse,2,77,
137823.944,refuse,0,78,
137823.986,refuse,2,77,
137838.944,refuse,0,78,
137838.986,refuse,2,77,
137853.944,refuse,0,78,
137853.986,refuse,2,77,
137868.944,refuse,0,78,
137868.986,refuse,2,77,
137883.944,refuse,0,78,
137883.986,refuse,2,77,
137898.944,refuse,0,78,
137898.986,refuse,2,77,
137913.944,refuse,0,78,
137913.986,refuse,2,77,
137928.944,refuse,0,78,
137928.986,refuse,2,77,
137943.944,refuse,0,78,
137943.986,refuse,2,77,
137958.944,refuse,0,78,
137958.986,refuse,2,77,
137973.944,refuse,0,78,
137973.986,refuse,2,77,
137988.944,refuse,0,78,
137988.986,refuse,2,77,
138003.944,refuse,0,78,
138003.986,refuse,2,77,
138018.944,refuse,0,78,
138018.986,refuse,2,77,
138033.944,refuse,0,78,
138033.986,refuse,2,77,
138048.944,refuse,0,78,
138048.986,refuse,2,77,
138063.944,refuse,0,78,
138063.986,refuse,2,77,
138078.944,refuse,0,78,
138078.986,refuse,2,77,
138093.944,refuse,0,78,
138093.986,refuse,2,77,
138108.944,refuse,0,78,
138108.986,refuse,2,77,
138123.944,refuse,0,78,
138123.986,refuse,2,77,
138138.944,refuse,0,78,
138138.986,refuse,2,77,
138153.944,refuse,0,78,
138153.986,refuse,2,77,
138168.944,refuse,0,78,
138168.986,refuse,2,77,
138183.944,refuse,0,78,
138183.986,refuse,2,77,
138198.944,refuse,0,78,
138198.986,refuse,2,77,
138213.944,refuse,0,78,
138213.986,refuse,2,77,
138228.944,refuse,0,78,
138228.986,refuse,2,77,
138243.944,refuse,0,78,
138243.986,refuse,2,77,
138258.944,refuse,0,78,
138258.986,refuse,2,77,
138273.944,refuse,0,78,
138273.986,refuse,2,77,
138288.944,refuse,0,78,
138288.986,refuse,2,77,
138303.944,refuse,0,78,
138303.986,refuse,2,77,
138318.944,refuse,0,78,
138318.986,refuse,2,77,
138333.944,refuse,0,78,
138333.986,refuse,2,77,
138348.944,refuse,0,78,
138348.986,refuse,2,77,
138363.944,refuse,0,78,
138363.986,refuse,2,77,
138378.944,refuse,0,78,
138378.986,refuse,2,77,
138393.944,refuse,0,78,
138393.986,refuse,2,77,
138408.944,refuse,0,78,
138408.986,refuse,2,77,
138423.944,refuse,0,78,
138423.986,refuse,2,77,
138438.944,refuse,0,78,
138438.986,refuse,2,77,
138453.944,refuse,0,78,
138453.986,refuse,2,77,
138468.944,refuse,0,78,
138468.986,refuse,2,77,
138483.944,refuse,0,78,
138483.986,refuse,2,77,
138498.944,refuse,0,78,
138498.986,refuse,2,77,
138513.944,refuse,0,78,
138513.986,refuse,2,77,
138528.944,refuse,0,78,
138528.986,refuse,2,77,
138543.944,refuse,0,78,
138543.986,refuse,2,77,
138558.944,refuse,0,78,
138558.986,refuse,2,77,
138573.944,refuse,0,78,
138573.986,refuse,2,77,
138588.944,refuse,0,78,
138588.986,refuse,2,77,
138603.944,refuse,0,78,
138603.986,refuse,2,77,
138618.944,refuse,0,78,
138618.986,refuse,2,77,
138633.944,refuse,0,78,
138633.986,refuse,2,77,
138648.944,refuse,0,78,
138648.986,refuse,2,77,
138663.944,refuse,0,78,
138663.986,refuse,2,77,
138678.944,refuse,0,78,
138678.986,refuse,2,77,
138693.944,refuse,0,78,
138693.986,refuse,2,77,
138705.706,conflict-at-land,3,3,
138708.944,start,0,78,
138708.986,start,2,77,
138718.212,conflict-at-land,0,78,
138720.706,refuse,3,3,
138733.212,start,0,78,
138735.706,refuse,3,3,
138736.616,conflict-at-land,2,77,
138745.8,conflict-at-land,0,78,
138750.706,start,3,3,
138751.616,refuse,2,77,
138760.8,refuse,0,78,
138766.616,refuse,2,77,
138775.8,refuse,0,78,
138781.616,refuse,2,77,
138790.8,refuse,0,78,
138796.616,refuse,2,77,
138805.8,refuse,0,78,
138811.616,refuse,2,77,
138820.8,refuse,0,78,
138826.616,refuse,2,77,
138835.8,refuse,0,78,
138841.616,refuse,2,77,
138850.8,refuse,0,78,
138856.616,refuse,2,77,
138865.8,refuse,0,78,
138871.616,refuse,2,77,
138880.8,refuse,0,78,
138886.616,refuse,2,77,
138895.8,refuse,0,78,
138901.616,refuse,2,77,
138910.8,refuse,0,78,
138916.616,refuse,2,77,
138925.8,refuse,0,78,
138931.616,refuse,2,77,
138940.8,refuse,0,78,
138946.616,refuse,2,77,
138955.8,refuse,0,78,
138961.616,refuse,2,77,
138970.8,refuse,0,78,
138976.616,refuse,2,77,
138985.8,refuse,0,78,
138991.616,refuse,2,77,
139000.8,refuse,0,78,
139006.616,refuse,2,77,
139015.8,refuse,0,78,
139021.616,refuse,2,77,
139030.8,refuse,0,78,
139036.616,refuse,2,77,
139045.8,refuse,0,78,
139051.616,refuse,2,77,
139060.8,refuse,0,78,
139066.616,refuse,2,77,
139075.8,refuse,0,78,
139081.616,refuse,2,77,
139090.8,refuse,0,78,
139096.616,refuse,2,77,
139105.8,refuse,0,78,
139111.616,refuse,2,77,
139120.8,refuse,0,78,
139126.616,refuse,2,77,
139135.8,refuse,0,78,
139141.616,refuse,2,77,
139150.8,refuse,0,78,
139156.616,refuse,2,77,
139165.8,refuse,0,78,
139171.616,refuse,2,77,
139180.8,refuse,0,78,
139186.616,refuse,2,77,
139195.8,refuse,0,78,
139201.616,refuse,2,77,
139210.8,refuse,0,78,
139216.616,refuse,2,77,
139225.8,refuse,0,78,
139231.616,refuse,2,77,
139240.8,refuse,0,78,
139246.616,refuse,2,77,
139255.8,refuse,0,78,
139261.616,refuse,2,77,
139270.8,refuse,0,78,
139276.616,refuse,2,77,
139285.8,refuse,0,78,
139291.616,refuse,2,77,
139300.8,refuse,0,78,
139306.616,refuse,2,77,
139315.8,refuse,0,78,
139321.616,refuse,2,77,
139330.8,refuse,0,78,
139336.616,refuse,2,77,
139345.8,refuse,0,78,
139351.616,refuse,2,77,
139360.8,refuse,0,78,
139366.616,refuse,2,77,
139375.8,refuse,0,78,
139381.616,refuse,2,77,
139390.8,refuse,0,78,
139396.616,refuse,2,77,
139405.8,refuse,0,78,
139411.616,refuse,2,77,
139420.8,refuse,0,78,
139426.616,refuse,2,77,
139435.8,refuse,0,78,
139441.616,refuse,2,77,
139450.8,refuse,0,78,
139456.616,refuse,2,77,
139465.8,refuse,0,78,
139471.616,refuse,2,77,
139480.8,refuse,0,78,
139486.616,refuse,2,77,
139495.8,refuse,0,78,
139501.616,refuse,2,77,
139510.8,refuse,0,78,
139516.616,refuse,2,77,
139525.8,refuse,0,78,
139531.616,refuse,2,77,
139540.8,refuse,0,78,
139546.616,refuse,2,77,
139555.8,refuse,0,78,
139561.616,refuse,2,77,
139570.8,refuse,0,78,
139576.616,refuse,2,77,
139585.8,refuse,0,78,
139591.616,refuse,2,77,
139600.8,refuse,0,78,
139606.616,refuse,2,77,
139615.8,refuse,0,78,
139621.616,refuse,2,77,
139630.8,refuse,0,78,
139636.616,refuse,2,77,
139645.8,refuse,0,78,
139651.616,refuse,2,77,
139660.8,refuse,0,78,
139666.616,refuse,2,77,
139675.8,refuse,0,78,
139681.616,refuse,2,77,
139690.8,refuse,0,78,
139696.616,refuse,2,77,
139705.8,refuse,0,78,
139711.616,refuse,2,77,
139720.8,refuse,0,78,
139726.616,refuse,2,77,
139735.8,refuse,0,78,
139741.616,refuse,2,77,
139750.8,refuse,0,78,
139756.616,refuse,2,77,
139765.8,refuse,0,78,
139771.616,refuse,2,77,
139780.8,refuse,0,78,
139786.616,refuse,2,77,
139795.8,refuse,0,78,
139801.616,refuse,2,77,
139810.8,refuse,0,78,
139816.616,refuse,2,77,
139825.8,refuse,0,78,
139831.616,refuse,2,77,
139840.8,refuse,0,78,
139846.616,refuse,2,77,
139855.8,refuse,0,78,
139861.616,refuse,2,77,
139870.8,refuse,0,78,
139876.616,refuse,2,77,
139885.8,refuse,0,78,
139891.616,refuse,2,77,
139900.8,refuse,0,78,
139906.616,refuse,2,77,
139915.8,refuse,0,78,
139921.616,refuse,2,77,
139930.8,refuse,0,78,
139936.616,refuse,2,77,
139945.8,refuse,0,78,
139951.616,refuse,2,77,
139960.8,refuse,0,78,
139966.616,refuse,2,77,
139975.8,refuse,0,78,
139981.616,refuse,2,77,
139990.8,refuse,0,78,
139996.616,refuse,2,77,
140005.8,refuse,0,78,
140011.616,refuse,2,77,
140020.8,refuse,0,78,
140026.616,refuse,2,77,
140035.8,refuse,0,78,
140041.616,refuse,2,77,
140050.8,refuse,0,78,
140056.616,refuse,2,77,
140065.8,refuse,0,78,
140071.616,refuse,2,77,
140080.8,refuse,0,78,
140086.616,refuse,2,77,
140095.8,refuse,0,78,
140101.616,refuse,2,77,
140110.8,refuse,0,78,
140116.616,refuse,2,77,
140125.8,refuse,0,78,
140131.616,refuse,2,77,
140140.8,refuse,0,78,
140146.616,refuse,2,77,
140155.8,refuse,0,78,
140161.616,refuse,2,77,
140170.8,refuse,0,78,
140176.616,refuse,2,77,
140185.8,refuse,0,78,
140191.616,refuse,2,77,
140200.8,refuse,0,78,
140206.616,refuse,2,77,
140215.8,refuse,0,78,
140221.616,refuse,2,77,
140230.8,refuse,0,78,
140236.616,refuse,2,77,
140245.8,refuse,0,78,
140251.616,refuse,2,77,
140260.8,refuse,0,78,
140266.616,refuse,2,77,
140275.8,refuse,0,78,
140281.616,refuse,2,77,
140290.8,refuse,0,78,
140296.616,refuse,2,77,
140305.8,refuse,0,78,
140311.616,refuse,2,77,
140320.8,refuse,0,78,
140326.616,refuse,2,77,
140335.8,refuse,0,78,
140341.616,refuse,2,77,
140350.8,refuse,0,78,
140356.616,refuse,2,77,
140365.8,refuse,0,78,
140371.616,refuse,2,77,
140380.8,refuse,0,78,
140386.616,refuse,2,77,
140395.8,refuse,0,78,
140401.616,refuse,2,77,
140410.8,refuse,0,78,
140416.616,refuse,2,77,
140425.8,refuse,0,78,
140431.616,refuse,2,77,
140440.8,refuse,0,78,
140446.616,refuse,2,77,
140455.8,refuse,0,78,
140461.616,refuse,2,77,
140461.616,abandon,2,77,
140461.616,refuse,2,79,
140470.8,refuse,0,78,
140476.616,refuse,2,79,
140485.8,refuse,0,78,
140491.616,refuse,2,79,
140500.8,refuse,0,78,
140506.616,refuse,2,79,
140515.8,refuse,0,78,
140521.616,refuse,2,79,
140530.8,refuse,0,78,
140536.616,refuse,2,79,
140545.8,refuse,0,78,
140551.616,refuse,2,79,
140560.8,refuse,0,78,
140566.616,refuse,2,79,
140575.8,refuse,0,78,
140581.616,refuse,2,79,
140590.8,refuse,0,78,
140596.616,refuse,2,79,
140605.8,refuse,0,78,
140611.616,refuse,2,79,
140620.8,refuse,0,78,
140626.616,refuse,2,79,
140635.8,refuse,0,78,
140641.616,refuse,2,79,
140650.8,refuse,0,78,
140656.616,refuse,2,79,
140665.8,refuse,0,78,
140671.616,refuse,2,79,
140680.8,refuse,0,78,
140686.616,refuse,2,79,
140695.8,refuse,0,78,
140701.616,refuse,2,79,
140710.8,refuse,0,78,
140716.616,refuse,2,79,
140725.8,refuse,0,78,
140725.8,abandon,0,78,
140725.8,start,0,80,
140729.488,land,0,80,
140729.488,start,0,81,
140731.616,refuse,2,79,
140737.242,conflict-at-land,0,81,
140746.616,refuse,2,79,
140752.242,start,0,81,
140759.108,conflict-at-land,0,81,
140761.616,refuse,2,79,
140774.108,start,0,81,
140776.616,refuse,2,79,
140785.642,conflict-at-land,0,81,
140791.616,refuse,2,79,
140800.642,start,0,81,
140806.616,refuse,2,79,
140809.827,conflict-at-land,0,81,
140821.616,refuse,2,79,
140824.827,start,0,81,
140835.92,conflict-at-land,0,81,
140836.616,refuse,2,79,
140850.92,start,0,81,
140851.616,refuse,2,79,
140860.483,conflict-at-land,0,81,
140866.616,refuse,2,79,
140875.483,start,0,81,
140881.616,refuse,2,79,
140886.65,conflict-at-land,0,81,
140896.616,refuse,2,79,
140901.65,start,0,81,
140911.199,conflict-at-land,0,81,
140911.616,refuse,2,79,
140926.199,start,0,81,
140926.616,refuse,2,79,
140936.42,conflict-at-land,0,81,
140941.616,refuse,2,79,
140951.42,start,0,81,
140956.616,refuse,2,79,
140961.145,conflict-at-land,0,81,
140971.616,refuse,2,79,
140976.145,start,0,81,
140986.616,refuse,2,79,
140987.591,conflict-at-land,0,81,
141001.616,refuse,2,79,
141002.591,start,0,81,
141012.947,conflict-at-land,0,81,
141016.616,refuse,2,79,
141027.947,start,0,81,
141031.616,refuse,2,79,
141039.505,conflict-at-land,0,81,
141046.616,refuse,2,79,
141054.505,start,0,81,
141061.616,refuse,2,79,
141063.052,conflict-at-land,0,81,
141076.616,refuse,2,79,
141078.052,start,0,81,
141085.465,conflict-at-land,0,81,
141091.616,refuse,2,79,
141100.465,start,0,81,
141106.616,refuse,2,79,
141107.852,conflict-at-land,0,81,
141121.616,refuse,2,79,
141122.852,start,0,81,
141131.616,conflict-at-land,0,81,
141136.616,refuse,2,79,
141146.616,start,0,81,
141151.616,refuse,2,79,
141155.921,conflict-at-land,0,81,
141166.616,refuse,2,79,
141170.921,start,0,81,
141180.943,conflict-at-land,0,81,
141181.616,refuse,2,79,
141195.943,start,0,81,
141196.616,refuse,2,79,
141204.755,conflict-at-land,0,81,
141211.616,refuse,2,79,
141219.755,start,0,81,
141226.616,refuse,2,79,
141231.264,conflict-at-land,0,81,
141240.576,conflict-at-land,3,3,
141241.616,refuse,2,79,
141246.264,start,0,81,
141254.753,conflict-at-land,0,81,
141255.576,start,3,3,
141256.616,refuse,2,79,
141269.753,start,0,81,
141271.616,refuse,2,79,
141278.902,conflict-at-land,0,81,
141286.616,refuse,2,79,
141293.902,start,0,81,
141301.616,refuse,2,79,
141303.752,conflict-at-land,0,81,
141316.616,refuse,2,79,
141318.752,start,0,81,
141326.359,conflict-at-land,0,81,
141331.616,refuse,2,79,
141341.359,start,0,81,
141346.616,refuse,2,79,
141351.667,conflict-at-land,0,81,
141361.616,refuse,2,79,
141366.667,start,0,81,
141374.028,conflict-at-land,0,81,
141376.616,refuse,2,79,
141389.028,start,0,81,
141391.616,refuse,2,79,
141400.21,conflict-at-land,0,81,
141406.616,refuse,2,79,
141415.21,start,0,81,
141421.616,refuse,2,79,
141423.918,conflict-at-land,0,81,
141436.616,refuse,2,79,
141438.918,start,0,81,
141450.361,conflict-at-land,0,81,
141451.616,refuse,2,79,
141465.361,start,0,81,
141466.616,refuse,2,79,
141474.974,conflict-at-land,0,81,
141481.616,refuse,2,79,
141489.974,start,0,81,
141496.616,refuse,2,79,
141500.183,conflict-at-land,0,81,
141511.616,refuse,2,79,
141515.183,start,0,81,
141522.593,conflict-at-land,0,81,
141526.616,refuse,2,79,
141537.593,start,0,81,
141541.616,refuse,2,79,
141548.652,conflict-at-land,0,81,
141556.616,refuse,2,79,
141563.652,start,0,81,
141571.616,refuse,2,79,
141575.299,conflict-at-land,0,81,
141586.616,refuse,2,79,
141590.299,start,0,81,
141597.408,conflict-at-land,0,81,
141601.616,refuse,2,79,
141612.408,start,0,81,
141616.616,refuse,2,79,
141621.836,conflict-at-land,0,81,
141631.616,refuse,2,79,
141636.836,start,0,81,
141644.002,conflict-at-land,0,81,
141646.616,refuse,2,79,
141659.002,start,0,81,
141661.616,refuse,2,79,
141670.056,conflict-at-land,0,81,
141676.616,refuse,2,79,
141685.056,start,0,81,
141691.616,refuse,2,79,
141696.026,conflict-at-land,0,81,
141706.616,refuse,2,79,
141711.026,start,0,81,
141721.616,refuse,2,79,
141722.248,conflict-at-land,0,81,
141736.616,refuse,2,79,
141737.248,start,0,81,
141747.696,conflict-at-land,0,81,
141751.616,refuse,2,79,
141762.696,start,0,81,
141766.616,refuse,2,79,
141771.09,conflict-at-land,0,81,
141781.616,refuse,2,79,
141786.09,start,0,81,
141795.801,conflict-at-land,0,81,
141796.616,refuse,2,79,
141810.801,start,0,81,
141811.616,refuse,2,79,
141817.418,conflict-at-land,0,81,
141826.616,refuse,2,79,
141832.418,start,0,81,
141839.291,conflict-at-land,0,81,
141841.616,refuse,2,79,
141854.291,start,0,81,
141856.616,refuse,2,79,
141863.589,conflict-at-land,0,81,
141871.616,refuse,2,79,
141878.589,start,0,81,
141886.616,refuse,2,79,
141888.89,conflict-at-land,0,81,
141901.616,refuse,2,79,
141903.89,start,0,81,
141911.778,conflict-at-land,0,81,
141916.616,refuse,2,79,
141926.778,start,0,81,
141931.616,refuse,2,79,
141933.15,conflict-at-land,0,81,
141946.616,refuse,2,79,
141948.15,start,0,81,
141954.693,conflict-at-land,0,81,
141961.616,refuse,2,79,
141969.693,start,0,81,
141976.616,refuse,2,79,
141977.775,conflict-at-land,0,81,
141991.616,refuse,2,79,
141992.775,start,0,81,
142001.085,conflict-at-land,0,81,
142006.616,refuse,2,79,
142016.085,start,0,81,
142021.616,refuse,2,79,
142027.279,conflict-at-land,0,81,
142036.616,refuse,2,79,
142042.279,start,0,81,
142051.616,refuse,2,79,
142052.307,conflict-at-land,0,81,
142066.616,refuse,2,79,
142067.307,start,0,81,
142078.37,conflict-at-land,0,81,
142081.616,refuse,2,79,
142093.37,start,0,81,
142096.616,refuse,2,79,
142103.75,conflict-at-land,0,81,
142111.616,refuse,2,79,
142118.75,start,0,81,
142126.616,refuse,2,79,
142128.833,conflict-at-land,0,81,
142141.616,refuse,2,79,
142143.833,start,0,81,
142154.256,conflict-at-land,0,81,
142156.616,refuse,2,79,
142169.256,start,0,81,
142171.616,refuse,2,79,
142176.753,conflict-at-land,0,81,
142186.616,refuse,2,79,
142191.753,start,0,81,
142201.616,refuse,2,79,
142202.147,conflict-at-land,0,81,
142216.616,refuse,2,79,
142217.147,start,0,81,
142226.583,conflict-at-land,0,81,
142231.616,refuse,2,79,
142241.583,start,0,81,
142246.616,refuse,2,79,
142251.362,conflict-at-land,0,81,
142261.616,refuse,2,79,
142266.362,start,0,81,
142275.339,conflict-at-land,0,81,
142276.616,refuse,2,79,
142290.339,start,0,81,
142291.616,refuse,2,79,
142299.056,conflict-at-land,0,81,
142306.616,refuse,2,79,
142314.056,start,0,81,
142321.616,refuse,2,79,
142324.912,conflict-at-land,0,81,
142336.616,refuse,2,79,
142339.912,start,0,81,
142350.531,conflict-at-land,0,81,
142351.616,refuse,2,79,
142365.531,start,0,81,
142366.616,refuse,2,79,
142372.872,conflict-at-land,0,81,
142381.616,refuse,2,79,
142387.872,start,0,81,
142396.616,refuse,2,79,
142398.814,conflict-at-land,0,81,
142411.616,refuse,2,79,
142413.814,start,0,81,
142423.028,conflict-at-land,0,81,
142426.616,refuse,2,79,
142438.028,start,0,81,
142441.616,refuse,2,79,
142444.666,conflict-at-land,0,81,
142456.616,refuse,2,79,
142459.666,start,0,81,
142470.231,conflict-at-land,0,81,
142471.616,refuse,2,79,
142485.231,start,0,81,
142486.616,refuse,2,79,
142496.284,conflict-at-land,0,81,
142501.616,refuse,2,79,
142511.284,start,0,81,
142516.616,refuse,2,79,
142519.927,conflict-at-land,0,81,
142531.616,refuse,2,79,
142534.927,start,0,81,
142543.546,conflict-at-land,0,81,
142546.616,refuse,2,79,
142558.546,start,0,81,
142561.616,refuse,2,79,
142566.307,conflict-at-land,0,81,
142576.616,refuse,2,79,
142581.307,start,0,81,
142588.655,conflict-at-land,0,81,
142591.616,refuse,2,79,
142603.655,start,0,81,
142606.616,refuse,2,79,
142612.842,conflict-at-land,0,81,
142621.616,refuse,2,79,
142627.842,start,0,81,
142636.504,conflict-at-land,0,81,
142636.616,refuse,2,79,
142651.504,start,0,81,
142651.616,refuse,2,79,
142661.332,conflict-at-land,0,81,
142666.616,refuse,2,79,
142676.332,start,0,81,
142681.616,refuse,2,79,
142686.185,conflict-at-land,0,81,
142696.616,refuse,2,79,
142701.185,start,0,81,
142708.532,conflict-at-land,0,81,
142711.616,refuse,2,79,
142723.532,start,0,81,
142726.616,refuse,2,79,
142733.99,conflict-at-land,0,81,
142741.616,refuse,2,79,
142748.99,start,0,81,
142756.616,refuse,2,79,
142757.725,conflict-at-land,0,81,
142771.616,refuse,2,79,
142772.725,start,0,81,
142781.224,conflict-at-land,0,81,
142786.616,refuse,2,79,
142796.224,start,0,81,
142801.616,refuse,2,79,
142803.521,conflict-at-land,0,81,
142816.616,refuse,2,79,
142818.521,start,0,81,
142825.141,conflict-at-land,3,3,
142828.118,conflict-at-land,0,81,
142831.616,refuse,2,79,
142840.141,start,3,3,
142843.118,start,0,81,
142846.616,refuse,2,79,
142853.641,conflict-at-land,0,81,
142861.616,refuse,2,79,
142868.641,start,0,81,
142876.616,refuse,2,79,
142879.373,conflict-at-land,0,81,
142891.616,refuse,2,79,
142894.373,start,0,81,
142902.559,conflict-at-land,0,81,
142906.616,refuse,2,79,
142917.559,start,0,81,
142921.616,refuse,2,79,
142926.809,conflict-at-land,0,81,
142936.616,refuse,2,79,
142941.809,start,0,81,
142951.428,conflict-at-land,0,81,
142951.616,refuse,2,79,
142966.428,start,0,81,
142966.616,refuse,2,79,
142974.828,conflict-at-land,0,81,
142981.616,refuse,2,79,
142989.828,start,0,81,
142996.182,conflict-at-land,0,81,
142996.616,refuse,2,79,
143011.182,start,0,81,
143011.616,refuse,2,79,
143021.418,conflict-at-land,0,81,
143026.616,refuse,2,79,
143036.418,start,0,81,
143041.616,refuse,2,79,
143047.575,conflict-at-land,0,81,
143056.616,refuse,2,79,
143062.575,start,0,81,
143071.433,conflict-at-land,0,81,
143071.616,refuse,2,79,
143086.433,start,0,81,
143086.616,refuse,2,79,
143097.71,conflict-at-land,0,81,
143101.616,refuse,2,79,
143112.71,start,0,81,
143116.616,refuse,2,79,
143119.29,conflict-at-land,0,81,
143131.616,refuse,2,79,
143134.29,start,0,81,
143143.744,conflict-at-land,0,81,
143146.616,refuse,2,79,
143158.744,start,0,81,
143161.616,refuse,2,79,
143167.185,conflict-at-land,0,81,
143176.616,refuse,2,79,
143182.185,start,0,81,
143191.616,refuse,2,79,
143191.935,conflict-at-land,0,81,
143206.616,refuse,2,79,
143206.935,start,0,81,
143215.181,conflict-at-land,0,81,
143221.616,refuse,2,79,
143230.181,start,0,81,
143236.616,refuse,2,79,
143240.362,conflict-at-land,0,81,
143251.616,refuse,2,79,
143255.362,start,0,81,
143262.757,conflict-at-land,0,81,
143266.616,refuse,2,79,
143277.757,start,0,81,
143281.616,refuse,2,79,
143285.606,conflict-at-land,0,81,
143296.616,refuse,2,79,
143300.606,start,0,81,
143309.13,conflict-at-land,0,81,
143311.616,refuse,2,79,
143324.13,start,0,81,
143326.616,refuse,2,79,
143332.686,conflict-at-land,0,81,
143341.616,refuse,2,79,
143347.686,start,0,81,
143356.235,conflict-at-land,0,81,
143356.616,refuse,2,79,
143371.235,start,0,81,
143371.616,refuse,2,79,
143382.626,conflict-at-land,0,81,
143386.616,refuse,2,79,
143397.626,start,0,81,
143401.616,refuse,2,79,
143406.701,conflict-at-land,0,81,
143416.616,refuse,2,79,
143421.701,start,0,81,
143431.031,conflict-at-land,0,81,
143431.616,refuse,2,79,
143446.031,start,0,81,
143446.616,refuse,2,79,
143453.024,conflict-at-land,0,81,
143461.616,refuse,2,79,
143461.616,abandon,2,79,
143461.616,refuse,2,82,
143468.024,start,0,81,
143476.616,refuse,2,82,
143477.193,conflict-at-land,0,81,
143491.616,refuse,2,82,
143492.193,start,0,81,
143502.602,conflict-at-land,0,81,
143506.616,refuse,2,82,
143517.602,start,0,81,
143521.616,refuse,2,82,
143527.698,conflict-at-land,0,81,
143536.616,refuse,2,82,
143542.698,start,0,81,
143551.616,refuse,2,82,
143554.165,conflict-at-land,0,81,
143566.616,refuse,2,82,
143569.165,start,0,81,
143578.686,conflict-at-land,0,81,
143581.616,refuse,2,82,
143593.686,start,0,81,
143596.616,refuse,2,82,
143601.992,conflict-at-land,0,81,
143611.616,refuse,2,82,
143616.992,start,0,81,
143626.616,refuse,2,82,
143627.994,conflict-at-land,0,81,
143641.616,refuse,2,82,
143642.994,start,0,81,
143654.583,conflict-at-land,0,81,
143656.616,refuse,2,82,
143669.583,start,0,81,
143671.616,refuse,2,82,
143681.128,conflict-at-land,0,81,
143686.616,refuse,2,82,
143696.128,start,0,81,
143701.616,refuse,2,82,
143703.047,conflict-at-land,0,81,
143716.616,refuse,2,82,
143718.047,start,0,81,
143727.999,conflict-at-land,0,81,
143731.616,refuse,2,82,
143742.999,start,0,81,
143746.616,refuse,2,82,
143750.155,conflict-at-land,0,81,
143761.616,refuse,2,82,
143765.155,start,0,81,
143772.893,conflict-at-land,0,81,
143776.616,refuse,2,82,
143787.893,start,0,81,
143791.616,refuse,2,82,
143798.386,conflict-at-land,0,81,
143806.616,refuse,2,82,
143813.386,start,0,81,
143821.616,refuse,2,82,
143824.403,conflict-at-land,0,81,
143836.616,refuse,2,82,
143839.403,start,0,81,
143848.899,conflict-at-land,0,81,
143851.616,refuse,2,82,
143863.899,start,0,81,
143866.616,refuse,2,82,
143871.928,conflict-at-land,0,81,
143881.616,refuse,2,82,
143886.928,start,0,81,
143895.851,conflict-at-land,0,81,
143896.616,refuse,2,82,
143910.851,start,0,81,
143911.616,refuse,2,82,
143918.815,conflict-at-land,0,81,
143926.616,refuse,2,82,
143933.815,start,0,81,
143941.547,conflict-at-land,0,81,
143941.616,refuse,2,82,
143956.547,start,0,81,
143956.616,refuse,2,82,
143963.955,conflict-at-land,0,81,
143971.616,refuse,2,82,
143978.955,start,0,81,
143986.616,refuse,2,82,
143990.38,conflict-at-land,0,81,
144001.616,refuse,2,82,
144005.38,start,0,81,
144016.616,refuse,2,82,
144016.715,conflict-at-land,0,81,
144031.616,refuse,2,82,
144031.715,start,0,81,
144039.014,conflict-at-land,0,81,
144046.616,refuse,2,82,
144054.014,start,0,81,
144061.616,refuse,2,82,
144064.887,conflict-at-land,0,81,
144076.616,refuse,2,82,
144079.887,start,0,81,
144090.229,conflict-at-land,0,81,
144091.616,refuse,2,82,
144105.229,start,0,81,
144106.616,refuse,2,82,
144115.443,conflict-at-land,0,81,
144121.616,refuse,2,82,
144130.443,start,0,81,
144136.616,refuse,2,82,
144138.12,conflict-at-land,0,81,
144151.616,refuse,2,82,
144153.12,start,0,81,
144162.291,conflict-at-land,0,81,
144166.616,refuse,2,82,
144177.291,start,0,81,
144181.616,refuse,2,82,
144187.994,conflict-at-land,0,81,
144196.616,refuse,2,82,
144202.994,start,0,81,
144211.616,refuse,2,82,
144213.079,conflict-at-land,0,81,
144226.616,refuse,2,82,
144228.079,start,0,81,
144239.42,conflict-at-land,0,81,
144241.616,refuse,2,82,
144254.42,start,0,81,
144256.616,refuse,2,82,
144261.019,conflict-at-land,0,81,
144271.616,refuse,2,82,
144276.019,start,0,81,
144284.107,conflict-at-land,0,81,
144286.616,refuse,2,82,
144299.107,start,0,81,
144301.616,refuse,2,82,
144307.408,conflict-at-land,0,81,
144316.616,refuse,2,82,
144322.408,start,0,81,
144330.949,conflict-at-land,0,81,
144331.616,refuse,2,82,
144345.949,start,0,81,
144346.616,refuse,2,82,
144357.574,conflict-at-land,0,81,
144361.616,refuse,2,82,
144372.574,start,0,81,
144376.616,refuse,2,82,
144384.102,conflict-at-land,0,81,
144391.616,refuse,2,82,
144399.102,start,0,81,
144406.616,refuse,2,82,
144409.894,conflict-at-land,0,81,
144421.616,refuse,2,82,
144424.894,start,0,81,
144434.741,conflict-at-land,0,81,
144436.616,refuse,2,82,
144449.741,start,0,81,
144451.616,refuse,2,82,
144460.223,conflict-at-land,0,81,
144466.616,refuse,2,82,
144475.223,start,0,81,
144481.616,refuse,2,82,
144486.106,conflict-at-land,0,81,
144496.616,refuse,2,82,
144501.106,start,0,81,
144508.561,conflict-at-land,0,81,
144511.616,refuse,2,82,
144523.561,start,0,81,
144526.616,refuse,2,82,
144533.245,conflict-at-land,0,81,
144541.616,refuse,2,82,
144548.245,start,0,81,
144556.616,refuse,2,82,
144559.857,conflict-at-land,0,81,
144571.616,refuse,2,82,
144574.857,start,0,81,
144582.055,conflict-at-land,0,81,
144586.616,refuse,2,82,
144593.859,conflict-at-land,1,8,
144597.055,start,0,81,
144601.616,refuse,2,82,
144605.759,conflict-at-land,0,81,
144608.859,start,1,8,
144616.616,refuse,2,82,
144620.759,start,0,81,
144631.616,refuse,2,82,
144631.671,conflict-at-land,0,81,
144646.616,refuse,2,82,
144646.671,start,0,81,
144655.473,conflict-at-land,0,81,
144661.616,refuse,2,82,
144670.473,start,0,81,
144676.616,refuse,2,82,
144677.518,conflict-at-land,0,81,
144691.616,refuse,2,82,
144692.518,start,0,81,
144700.84,conflict-at-land,0,81,
144706.616,refuse,2,82,
144715.84,start,0,81,
144721.616,refuse,2,82,
144725.63,conflict-at-land,0,81,
144736.616,refuse,2,82,
144740.63,start,0,81,
144749.873,conflict-at-land,0,81,
144751.616,refuse,2,82,
144764.873,start,0,81,
144766.616,refuse,2,82,
144771.321,conflict-at-land,0,81,
144781.616,refuse,2,82,
144786.321,start,0,81,
144796.616,refuse,2,82,
144797.025,conflict-at-land,0,81,
144811.616,refuse,2,82,
144812.025,start,0,81,
144819.859,conflict-at-land,0,81,
144826.616,refuse,2,82,
144834.859,start,0,81,
144841.351,conflict-at-land,0,81,
144841.616,refuse,2,82,
144856.351,start,0,81,
144856.616,refuse,2,82,
144866.026,conflict-at-land,0,81,
144871.616,refuse,2,82,
144881.026,start,0,81,
144886.616,refuse,2,82,
144890.948,conflict-at-land,0,81,
144901.616,refuse,2,82,
144905.948,start,0,81,
144915.526,conflict-at-land,0,81,
144916.616,refuse,2,82,
144930.526,start,0,81,
144931.616,refuse,2,82,
144937.323,conflict-at-land,0,81,
144946.616,refuse,2,82,
144952.323,start,0,81,
144958.735,conflict-at-land,0,81,
144961.616,refuse,2,82,
144973.735,start,0,81,
144976.616,refuse,2,82,
144983.944,conflict-at-land,0,81,
144991.616,refuse,2,82,
144998.944,start,0,81,
145006.616,refuse,2,82,
145007.99,conflict-at-land,0,81,
145021.616,refuse,2,82,
145022.99,start,0,81,
145029.349,conflict-at-land,0,81,
145036.616,refuse,2,82,
145044.349,start,0,81,
145051.616,refuse,2,82,
145053.673,conflict-at-land,0,81,
145066.616,refuse,2,82,
145068.673,start,0,81,
145075.425,conflict-at-land,0,81,
145081.616,refuse,2,82,
145090.425,start,0,81,
145096.616,refuse,2,82,
145099.281,conflict-at-land,0,81,
145111.616,refuse,2,82,
145114.281,start,0,81,
145124.413,conflict-at-land,0,81,
145126.616,refuse,2,82,
145139.413,start,0,81,
145141.616,refuse,2,82,
145146.929,conflict-at-land,0,81,
145156.616,refuse,2,82,
145161.929,start,0,81,
145170.424,conflict-at-land,0,81,
145171.616,refuse,2,82,
145185.424,start,0,81,
145186.616,refuse,2,82,
145195.609,conflict-at-land,0,81,
145201.616,refuse,2,82,
145210.609,start,0,81,
145216.616,refuse,2,82,
145218.398,conflict-at-land,0,81,
145231.616,refuse,2,82,
145233.398,start,0,81,
145243.05,conflict-at-land,0,81,
145246.616,refuse,2,82,
145258.05,start,0,81,
145261.616,refuse,2,82,
145264.653,conflict-at-land,0,81,
145276.616,refuse,2,82,
145279.653,start,0,81,
145289.755,conflict-at-land,0,81,
145291.616,refuse,2,82,
145304.755,start,0,81,
145306.197,conflict-at-land,3,3,
145306.616,start,2,82,
145312.33,conflict-at-land,0,81,
145312.373,conflict-at-land,2,82,
145321.197,start,3,3,
145327.33,start,0,81,
145327.373,refuse,2,82,
145337.831,conflict-at-land,0,81,
145342.373,refuse,2,82,
145352.831,start,0,81,
145357.373,refuse,2,82,
145360.128,conflict-at-land,0,81,
145372.373,refuse,2,82,
145375.128,start,0,81,
145385.738,conflict-at-land,0,81,
145387.373,refuse,2,82,
145400.738,start,0,81,
145402.373,refuse,2,82,
145409.186,conflict-at-land,0,81,
145417.373,refuse,2,82,
145424.186,start,0,81,
145432.373,refuse,2,82,
145433.162,conflict-at-land,0,81,
145447.373,refuse,2,82,
145448.162,start,0,81,
145455.974,conflict-at-land,0,81,
145462.373,refuse,2,82,
145470.974,start,0,81,
145477.373,refuse,2,82,
145478.212,conflict-at-land,0,81,
145492.373,refuse,2,82,
145493.212,start,0,81,
145504.838,conflict-at-land,0,81,
145507.373,refuse,2,82,
145519.838,start,0,81,
145522.373,refuse,2,82,
145528.242,conflict-at-land,0,81,
145537.373,refuse,2,82,
145543.242,start,0,81,
145550.656,conflict-at-land,0,81,
145552.373,refuse,2,82,
145565.656,start,0,81,
145567.373,refuse,2,82,
145576.289,conflict-at-land,0,81,
145576.289,abandon,0,81,
145576.289,refuse,0,83,
145582.373,refuse,2,82,
145591.289,refuse,0,83,
145597.373,refuse,2,82,
145606.289,refuse,0,83,
145612.373,refuse,2,82,
145621.289,refuse,0,83,
145627.373,refuse,2,82,
145636.289,refuse,0,83,
145642.373,refuse,2,82,
145651.289,refuse,0,83,
145657.373,refuse,2,82,
145666.289,refuse,0,83,
145672.373,refuse,2,82,
145681.289,refuse,0,83,
145687.373,refuse,2,82,
145696.289,refuse,0,83,
145702.373,refuse,2,82,
145711.289,refuse,0,83,
145717.373,refuse,2,82,
145726.289,refuse,0,83,
145732.373,refuse,2,82,
145741.289,refuse,0,83,
145747.373,refuse,2,82,
145756.289,refuse,0,83,
145762.373,refuse,2,82,
145771.289,refuse,0,83,
145777.373,refuse,2,82,
145786.289,refuse,0,83,
145792.373,refuse,2,82,
145801.289,refuse,0,83,
145807.373,refuse,2,82,
145816.289,refuse,0,83,
145822.373,refuse,2,82,
145831.289,refuse,0,83,
145837.373,refuse,2,82,
145846.289,refuse,0,83,
145852.373,refuse,2,82,
145861.289,refuse,0,83,
145867.373,refuse,2,82,
145876.289,refuse,0,83,
145882.373,refuse,2,82,
145891.289,refuse,0,83,
145897.373,refuse,2,82,
145906.289,refuse,0,83,
145912.373,refuse,2,82,
145921.289,refuse,0,83,
145927.373,refuse,2,82,
145936.289,refuse,0,83,
145942.373,refuse,2,82,
145951.289,refuse,0,83,
145957.373,refuse,2,82,
145966.289,refuse,0,83,
145972.373,refuse,2,82,
145981.289,refuse,0,83,
145987.373,refuse,2,82,
145996.289,refuse,0,83,
146002.373,refuse,2,82,
146011.289,refuse,0,83,
146017.373,refuse,2,82,
146026.289,refuse,0,83,
146032.373,refuse,2,82,
146041.289,refuse,0,83,
146047.373,refuse,2,82,
146056.289,refuse,0,83,
146062.373,refuse,2,82,
146071.289,refuse,0,83,
146077.373,refuse,2,82,
146086.289,refuse,0,83,
146092.373,refuse,2,82,
146101.289,refuse,0,83,
146107.373,refuse,2,82,
146116.289,refuse,0,83,
146122.373,refuse,2,82,
146131.289,refuse,0,83,
146137.373,refuse,2,82,
146146.289,refuse,0,83,
146152.373,refuse,2,82,
146161.289,refuse,0,83,
146167.373,refuse,2,82,
146176.289,refuse,0,83,
146182.373,refuse,2,82,
146191.289,refuse,0,83,
146197.373,refuse,2,82,
146206.289,refuse,0,83,
146212.373,refuse,2,82,
146221.289,refuse,0,83,
146227.373,refuse,2,82,
146236.289,refuse,0,83,
146242.373,refuse,2,82,
146251.289,refuse,0,83,
146257.373,refuse,2,82,
146266.289,refuse,0,83,
146272.373,refuse,2,82,
146281.289,refuse,0,83,
146287.373,refuse,2,82,
146296.289,refuse,0,83,
146302.373,refuse,2,82,
146311.289,refuse,0,83,
146317.373,refuse,2,82,
146326.289,refuse,0,83,
146332.373,refuse,2,82,
146341.289,refuse,0,83,
146347.373,refuse,2,82,
146356.289,refuse,0,83,
146362.373,refuse,2,82,
146371.289,refuse,0,83,
146377.373,refuse,2,82,
146386.289,refuse,0,83,
146392.373,refuse,2,82,
146401.289,refuse,0,83,
146407.373,refuse,2,82,
146416.289,refuse,0,83,
146422.373,refuse,2,82,
146431.289,refuse,0,83,
146437.373,refuse,2,82,
146446.289,refuse,0,83,
146452.373,refuse,2,82,
146461.289,refuse,0,83,
146467.373,refuse,2,82,
146467.373,abandon,2,82,
146467.373,refuse,2,84,
146476.289,refuse,0,83,
146482.373,refuse,2,84,
146491.289,refuse,0,83,
146497.373,refuse,2,84,
146506.289,refuse,0,83,
146512.373,refuse,2,84,
146521.289,refuse,0,83,
146527.373,refuse,2,84,
146536.289,refuse,0,83,
146542.373,refuse,2,84,
146551.289,refuse,0,83,
146557.373,refuse,2,84,
146566.289,refuse,0,83,
146572.373,refuse,2,84,
146581.289,refuse,0,83,
146587.373,refuse,2,84,
146596.289,refuse,0,83,
146602.373,refuse,2,84,
146611.289,refuse,0,83,
146617.373,refuse,2,84,
146626.289,refuse,0,83,
146632.373,refuse,2,84,
146641.289,refuse,0,83,
146647.373,refuse,2,84,
146656.289,refuse,0,83,
146662.373,refuse,2,84,
146671.289,refuse,0,83,
146677.373,refuse,2,84,
146686.289,refuse,0,83,
146692.373,refuse,2,84,
146701.289,refuse,0,83,
146707.373,refuse,2,84,
146716.289,refuse,0,83,
146722.373,refuse,2,84,
146731.289,refuse,0,83,
146737.373,refuse,2,84,
146746.289,refuse,0,83,
146752.373,refuse,2,84,
146761.289,refuse,0,83,
146767.373,refuse,2,84,
146776.289,refuse,0,83,
146782.373,refuse,2,84,
146791.289,refuse,0,83,
146797.373,refuse,2,84,
146806.289,refuse,0,83,
146812.373,refuse,2,84,
146821.289,refuse,0,83,
146827.373,refuse,2,84,
146836.289,refuse,0,83,
146842.373,refuse,2,84,
146851.289,refuse,0,83,
146857.373,refuse,2,84,
146866.289,refuse,0,83,
146872.373,refuse,2,84,
146881.289,refuse,0,83,
146887.373,refuse,2,84,
146896.289,refuse,0,83,
146902.373,refuse,2,84,
146911.289,refuse,0,83,
146917.373,refuse,2,84,
146926.289,refuse,0,83,
146932.373,refuse,2,84,
146941.289,refuse,0,83,
146947.373,refuse,2,84,
146956.289,refuse,0,83,
146962.373,refuse,2,84,
146971.289,refuse,0,83,
146977.373,refuse,2,84,
146986.289,refuse,0,83,
146992.373,refuse,2,84,
147001.289,refuse,0,83,
147007.373,refuse,2,84,
147016.289,refuse,0,83,
147022.373,refuse,2,84,
147031.289,refuse,0,83,
147037.373,refuse,2,84,
147046.289,refuse,0,83,
147052.373,refuse,2,84,
147061.289,refuse,0,83,
147067.373,refuse,2,84,
147076.289,refuse,0,83,
147082.373,refuse,2,84,
147091.289,refuse,0,83,
147097.373,refuse,2,84,
147106.289,refuse,0,83,
147112.373,refuse,2,84,
147121.289,refuse,0,83,
147127.373,refuse,2,84,
147136.289,refuse,0,83,
147142.373,refuse,2,84,
147151.289,refuse,0,83,
147157.373,refuse,2,84,
147166.289,refuse,0,83,
147172.373,refuse,2,84,
147181.289,refuse,0,83,
147187.373,refuse,2,84,
147196.289,refuse,0,83,
147202.373,refuse,2,84,
147211.289,refuse,0,83,
147217.373,refuse,2,84,
147226.289,refuse,0,83,
147232.373,refuse,2,84,
147241.289,refuse,0,83,
147247.373,refuse,2,84,
147256.289,refuse,0,83,
147262.373,refuse,2,84,
147271.289,refuse,0,83,
147277.373,refuse,2,84,
147286.289,refuse,0,83,
147292.373,refuse,2,84,
147301.289,refuse,0,83,
147307.373,refuse,2,84,
147316.289,refuse,0,83,
147322.373,refuse,2,84,
147331.289,refuse,0,83,
147337.373,refuse,2,84,
147346.289,refuse,0,83,
147352.373,refuse,2,84,
147361.289,refuse,0,83,
147367.373,refuse,2,84,
147376.289,refuse,0,83,
147382.373,refuse,2,84,
147391.289,refuse,0,83,
147397.373,refuse,2,84,
147406.289,refuse,0,83,
147412.373,refuse,2,84,
147421.289,refuse,0,83,
147427.373,refuse,2,84,
147436.289,refuse,0,83,
147442.373,refuse,2,84,
147451.289,refuse,0,83,
147457.373,refuse,2,84,
147466.289,refuse,0,83,
147472.373,refuse,2,84,
147481.289,refuse,0,83,
147487.373,refuse,2,84,
147496.289,refuse,0,83,
147502.373,refuse,2,84,
147511.289,refuse,0,83,
147517.373,refuse,2,84,
147526.289,refuse,0,83,
147532.373,refuse,2,84,
147541.289,refuse,0,83,
147547.373,refuse,2,84,
147556.289,refuse,0,83,
147562.373,refuse,2,84,
147571.289,refuse,0,83,
147577.373,refuse,2,84,
147586.289,refuse,0,83,
147592.373,refuse,2,84,
147601.289,refuse,0,83,
147607.373,refuse,2,84,
147616.289,refuse,0,83,
147622.373,refuse,2,84,
147631.289,refuse,0,83,
147637.373,refuse,2,84,
147646.289,refuse,0,83,
147652.373,refuse,2,84,
147661.289,refuse,0,83,
147667.373,refuse,2,84,
147676.289,refuse,0,83,
147682.373,refuse,2,84,
147691.289,refuse,0,83,
147697.373,refuse,2,84,
147706.289,refuse,0,83,
147712.373,refuse,2,84,
147721.289,refuse,0,83,
147727.373,refuse,2,84,
147736.289,refuse,0,83,
147742.373,refuse,2,84,
147751.289,refuse,0,83,
147757.373,refuse,2,84,
147766.289,refuse,0,83,
147772.373,refuse,2,84,
147781.289,refuse,0,83,
147787.373,refuse,2,84,
147796.289,refuse,0,83,
147802.373,refuse,2,84,
147811.289,refuse,0,83,
147817.373,refuse,2,84,
147826.289,refuse,0,83,
147832.373,refuse,2,84,
147841.289,refuse,0,83,
147847.373,refuse,2,84,
147856.289,refuse,0,83,
147862.373,refuse,2,84,
147871.289,refuse,0,83,
147877.373,refuse,2,84,
147886.289,refuse,0,83,
147892.373,refuse,2,84,
147901.289,refuse,0,83,
147907.373,refuse,2,84,
147916.289,refuse,0,83,
147922.373,refuse,2,84,
147931.289,refuse,0,83,
147937.373,refuse,2,84,
147946.289,refuse,0,83,
147952.373,refuse,2,84,
147961.289,refuse,0,83,
147967.373,refuse,2,84,
147976.289,refuse,0,83,
147982.373,refuse,2,84,
147991.289,refuse,0,83,
147997.373,refuse,2,84,
148006.289,refuse,0,83,
148012.373,refuse,2,84,
148021.289,refuse,0,83,
148027.373,refuse,2,84,
148036.289,refuse,0,83,
148042.373,refuse,2,84,
148051.289,refuse,0,83,
148057.373,refuse,2,84,
148066.289,refuse,0,83,
148072.373,refuse,2,84,
148081.289,refuse,0,83,
148087.373,refuse,2,84,
148096.289,refuse,0,83,
148102.373,refuse,2,84,
148111.289,refuse,0,83,
148117.373,refuse,2,84,
148126.289,refuse,0,83,
148132.373,refuse,2,84,
148141.289,refuse,0,83,
148147.373,refuse,2,84,
148156.289,refuse,0,83,
148162.373,refuse,2,84,
148171.289,refuse,0,83,
148177.373,refuse,2,84,
148186.289,refuse,0,83,
148192.373,refuse,2,84,
148201.289,refuse,0,83,
148207.181,conflict-at-land,3,3,
148207.373,start,2,84,
148211.951,conflict-at-land,2,84,
148216.289,start,0,83,
148221.976,conflict-at-land,0,83,
148222.181,start,3,3,
148226.951,refuse,2,84,
148236.976,refuse,0,83,
148241.951,refuse,2,84,
148251.976,refuse,0,83,
148256.951,refuse,2,84,
148266.976,refuse,0,83,
148271.951,refuse,2,84,
148281.976,refuse,0,83,
148286.951,refuse,2,84,
148296.976,refuse,0,83,
148301.951,refuse,2,84,
148311.976,refuse,0,83,
148316.951,refuse,2,84,
148326.976,refuse,0,83,
148331.951,refuse,2,84,
148341.976,refuse,0,83,
148346.951,refuse,2,84,
148356.976,refuse,0,83,
148361.951,refuse,2,84,
148371.976,refuse,0,83,
148376.951,refuse,2,84,
148386.976,refuse,0,83,
148391.951,refuse,2,84,
148401.976,refuse,0,83,
148406.951,refuse,2,84,
148416.976,refuse,0,83,
148421.951,refuse,2,84,
148431.976,refuse,0,83,
148436.951,refuse,2,84,
148446.976,refuse,0,83,
148451.951,refuse,2,84,
148461.976,refuse,0,83,
148466.951,refuse,2,84,
148476.976,refuse,0,83,
148481.951,refuse,2,84,
148491.976,refuse,0,83,
148496.951,refuse,2,84,
148506.976,refuse,0,83,
148511.951,refuse,2,84,
148521.976,refuse,0,83,
148526.951,refuse,2,84,
148536.976,refuse,0,83,
148541.951,refuse,2,84,
148551.976,refuse,0,83,
148556.951,refuse,2,84,
148566.976,refuse,0,83,
148571.951,refuse,2,84,
148581.976,refuse,0,83,
148581.976,abandon,0,83,
148581.976,refuse,0,85,
148586.951,refuse,2,84,
148596.976,refuse,0,85,
148601.951,refuse,2,84,
148611.976,refuse,0,85,
148616.951,refuse,2,84,
148626.976,refuse,0,85,
148631.951,refuse,2,84,
148641.976,refuse,0,85,
148646.951,refuse,2,84,
148656.976,refuse,0,85,
148661.951,refuse,2,84,
148671.976,refuse,0,85,
148676.951,refuse,2,84,
148686.976,refuse,0,85,
148691.951,refuse,2,84,
148701.976,refuse,0,85,
148706.951,refuse,2,84,
148716.976,refuse,0,85,
148721.951,refuse,2,84,
148731.976,refuse,0,85,
148736.951,refuse,2,84,
148746.976,refuse,0,85,
148751.951,refuse,2,84,
148761.976,refuse,0,85,
148766.951,refuse,2,84,
148776.976,refuse,0,85,
148781.951,refuse,2,84,
148791.976,refuse,0,85,
148796.951,refuse,2,84,
148806.976,refuse,0,85,
148811.951,refuse,2,84,
148821.976,refuse,0,85,
148826.951,refuse,2,84,
148836.976,refuse,0,85,
148841.951,refuse,2,84,
148851.976,refuse,0,85,
148856.951,refuse,2,84,
148866.976,refuse,0,85,
148871.951,refuse,2,84,
148881.976,refuse,0,85,
148886.951,refuse,2,84,
148896.976,refuse,0,85,
148901.951,refuse,2,84,
148911.976,refuse,0,85,
148916.951,refuse,2,84,
148926.976,refuse,0,85,
148931.951,refuse,2,84,
148941.976,refuse,0,85,
148946.951,refuse,2,84,
148956.976,refuse,0,85,
148961.951,refuse,2,84,
148971.976,refuse,0,85,
148976.951,refuse,2,84,
148986.976,refuse,0,85,
148991.951,refuse,2,84,
149001.976,refuse,0,85,
149006.951,refuse,2,84,
149016.976,refuse,0,85,
149021.951,refuse,2,84,
149031.976,refuse,0,85,
149036.951,refuse,2,84,
149046.976,refuse,0,85,
149051.951,refuse,2,84,
149061.976,refuse,0,85,
149066.951,refuse,2,84,
149076.976,refuse,0,85,
149081.951,refuse,2,84,
149091.976,refuse,0,85,
149096.951,refuse,2,84,
149106.976,refuse,0,85,
149111.951,refuse,2,84,
149121.976,refuse,0,85,
149126.951,refuse,2,84,
149136.976,refuse,0,85,
149141.951,refuse,2,84,
149151.976,refuse,0,85,
149156.951,refuse,2,84,
149166.976,refuse,0,85,
149171.951,refuse,2,84,
149181.976,refuse,0,85,
149186.951,refuse,2,84,
149196.976,refuse,0,85,
149201.951,refuse,2,84,
149211.976,refuse,0,85,
149216.951,refuse,2,84,
149226.976,refuse,0,85,
149231.951,refuse,2,84,
149241.976,refuse,0,85,
149246.951,refuse,2,84,
149256.976,refuse,0,85,
149261.951,refuse,2,84,
149271.976,refuse,0,85,
149276.951,refuse,2,84,
149286.976,refuse,0,85,
149291.951,refuse,2,84,
149301.976,refuse,0,85,
149306.951,refuse,2,84,
149316.976,refuse,0,85,
149321.951,refuse,2,84,
149331.976,refuse,0,85,
149336.951,refuse,2,84,
149346.976,refuse,0,85,
149351.951,refuse,2,84,
149361.976,refuse,0,85,
149366.951,refuse,2,84,
149376.976,refuse,0,85,
149381.951,refuse,2,84,
149391.976,refuse,0,85,
149396.951,refuse,2,84,
149406.976,refuse,0,85,
149411.951,refuse,2,84,
149421.976,refuse,0,85,
149426.951,refuse,2,84,
149436.976,refuse,0,85,
149441.951,refuse,2,84,
149451.976,refuse,0,85,
149456.951,refuse,2,84,
149466.976,refuse,0,85,
149471.951,refuse,2,84,
149471.951,abandon,2,84,
149471.951,refuse,2,86,
149481.976,refuse,0,85,
149486.951,refuse,2,86,
149496.976,refuse,0,85,
149501.951,refuse,2,86,
149511.976,refuse,0,85,
149516.951,refuse,2,86,
149526.976,refuse,0,85,
149531.951,refuse,2,86,
149541.976,refuse,0,85,
149546.951,refuse,2,86,
149556.976,refuse,0,85,
149561.951,refuse,2,86,
149571.976,refuse,0,85,
149576.951,refuse,2,86,
149586.976,refuse,0,85,
149591.951,refuse,2,86,
149601.976,refuse,0,85,
149606.951,refuse,2,86,
149616.976,refuse,0,85,
149621.951,refuse,2,86,
149631.976,refuse,0,85,
149636.951,refuse,2,86,
149646.976,refuse,0,85,
149651.951,refuse,2,86,
149661.976,refuse,0,85,
149666.951,refuse,2,86,
149676.976,refuse,0,85,
149681.951,refuse,2,86,
149691.976,refuse,0,85,
149696.951,refuse,2,86,
149706.976,refuse,0,85,
149711.951,refuse,2,86,
149721.976,refuse,0,85,
149726.951,refuse,2,86,
149736.976,refuse,0,85,
149741.951,refuse,2,86,
149751.976,refuse,0,85,
149756.951,refuse,2,86,
149766.976,refuse,0,85,
149771.951,refuse,2,86,
149781.976,refuse,0,85,
149786.951,refuse,2,86,
149796.976,refuse,0,85,
149801.951,refuse,2,86,
149811.976,refuse,0,85,
149816.951,refuse,2,86,
149826.976,refuse,0,85,
149831.951,refuse,2,86,
149841.976,refuse,0,85,
149846.951,refuse,2,86,
149856.976,refuse,0,85,
149861.951,refuse,2,86,
149871.976,refuse,0,85,
149876.951,refuse,2,86,
149886.976,refuse,0,85,
149891.951,refuse,2,86,
149901.976,refuse,0,85,
149906.951,refuse,2,86,
149916.976,refuse,0,85,
149921.951,refuse,2,86,
149931.976,refuse,0,85,
149934.091,conflict-at-land,3,3,
149936.951,refuse,2,86,
149946.976,start,0,85,
149949.091,refuse,3,3,
149951.951,refuse,2,86,
149964.091,refuse,3,3,
149966.951,refuse,2,86,
149979.091,refuse,3,3,
149981.951,refuse,2,86,
149994.091,refuse,3,3,
149996.951,refuse,2,86,
150009.091,refuse,3,3,
150011.951,refuse,2,86,
150016.164,conflict-at-land,0,85,
150024.091,start,3,3,
150026.951,refuse,2,86,
150031.164,refuse,0,85,
150041.951,refuse,2,86,
150046.164,refuse,0,85,
150056.951,refuse,2,86,
150061.164,refuse,0,85,
150071.951,refuse,2,86,
150076.164,refuse,0,85,
150086.951,refuse,2,86,
150091.164,refuse,0,85,
150101.951,refuse,2,86,
150106.164,refuse,0,85,
150116.951,refuse,2,86,
150121.164,refuse,0,85,
150131.951,refuse,2,86,
150136.164,refuse,0,85,
150146.951,refuse,2,86,
150151.164,refuse,0,85,
150161.951,refuse,2,86,
150166.164,refuse,0,85,
150176.951,refuse,2,86,
150181.164,refuse,0,85,
150191.951,refuse,2,86,
150196.164,refuse,0,85,
150206.951,refuse,2,86,
150211.164,refuse,0,85,
150221.951,refuse,2,86,
150226.164,refuse,0,85,
150236.951,refuse,2,86,
150241.164,refuse,0,85,
150251.951,refuse,2,86,
150256.164,refuse,0,85,
150266.951,refuse,2,86,
150271.164,refuse,0,85,
150281.951,refuse,2,86,
150286.164,refuse,0,85,
150296.951,refuse,2,86,
150301.164,refuse,0,85,
150311.951,refuse,2,86,
150316.164,refuse,0,85,
150326.951,refuse,2,86,
150331.164,refuse,0,85,
150341.951,refuse,2,86,
150346.164,refuse,0,85,
150356.951,refuse,2,86,
150361.164,refuse,0,85,
150371.951,refuse,2,86,
150376.164,refuse,0,85,
150386.951,refuse,2,86,
150391.164,refuse,0,85,
150401.951,refuse,2,86,
150406.164,refuse,0,85,
150416.951,refuse,2,86,
150421.164,refuse,0,85,
150431.951,refuse,2,86,
150436.164,refuse,0,85,
150446.951,refuse,2,86,
150451.164,refuse,0,85,
150461.951,refuse,2,86,
150466.164,refuse,0,85,
150476.951,refuse,2,86,
150481.164,refuse,0,85,
150491.951,refuse,2,86,
150496.164,refuse,0,85,
150506.951,refuse,2,86,
150511.164,refuse,0,85,
150521.951,refuse,2,86,
150526.164,refuse,0,85,
150536.951,refuse,2,86,
150541.164,refuse,0,85,
150551.951,refuse,2,86,
150556.164,refuse,0,85,
150566.951,refuse,2,86,
150571.164,refuse,0,85,
150581.951,refuse,2,86,
150586.164,refuse,0,85,
150596.951,refuse,2,86,
150601.164,refuse,0,85,
150611.951,refuse,2,86,
150616.164,refuse,0,85,
150626.951,refuse,2,86,
150631.164,refuse,0,85,
150641.951,refuse,2,86,
150646.164,refuse,0,85,
150656.951,refuse,2,86,
150661.164,refuse,0,85,
150671.951,refuse,2,86,
150676.164,refuse,0,85,
150686.951,refuse,2,86,
150691.164,refuse,0,85,
150701.951,refuse,2,86,
150706.164,refuse,0,85,
150716.951,refuse,2,86,
150721.164,refuse,0,85,
150731.951,refuse,2,86,
150736.164,refuse,0,85,
150746.951,refuse,2,86,
150751.164,refuse,0,85,
150761.951,refuse,2,86,
150766.164,refuse,0,85,
150776.951,refuse,2,86,
150781.164,refuse,0,85,
150791.951,refuse,2,86,
150796.164,refuse,0,85,
150806.951,refuse,2,86,
150811.164,refuse,0,85,
150821.951,refuse,2,86,
150826.164,refuse,0,85,
150836.951,refuse,2,86,
150841.164,refuse,0,85,
150851.951,refuse,2,86,
150856.164,refuse,0,85,
150866.951,refuse,2,86,
150871.164,refuse,0,85,
150881.951,refuse,2,86,
150886.164,refuse,0,85,
150896.951,refuse,2,86,
150901.164,refuse,0,85,
150911.951,refuse,2,86,
150916.164,refuse,0,85,
150926.951,refuse,2,86,
150931.164,refuse,0,85,
150941.951,refuse,2,86,
150946.164,refuse,0,85,
150956.951,refuse,2,86,
150961.164,refuse,0,85,
150971.951,refuse,2,86,
150976.164,refuse,0,85,
150986.951,refuse,2,86,
150991.164,refuse,0,85,
151001.951,refuse,2,86,
151006.164,refuse,0,85,
151016.951,refuse,2,86,
151021.164,refuse,0,85,
151031.951,refuse,2,86,
151036.164,refuse,0,85,
151046.951,refuse,2,86,
151051.164,refuse,0,85,
151061.951,refuse,2,86,
151066.164,refuse,0,85,
151076.951,refuse,2,86,
151081.164,refuse,0,85,
151091.951,refuse,2,86,
151096.164,refuse,0,85,
151106.951,refuse,2,86,
151111.164,refuse,0,85,
151121.951,refuse,2,86,
151126.164,refuse,0,85,
151136.951,refuse,2,86,
151141.164,refuse,0,85,
151151.951,refuse,2,86,
151156.164,refuse,0,85,
151166.951,refuse,2,86,
151171.164,refuse,0,85,
151181.951,refuse,2,86,
151186.164,refuse,0,85,
151196.951,refuse,2,86,
151201.164,refuse,0,85,
151211.951,refuse,2,86,
151216.164,refuse,0,85,
151226.951,refuse,2,86,
151231.164,refuse,0,85,
151241.951,refuse,2,86,
151246.164,refuse,0,85,
151256.951,refuse,2,86,
151261.164,refuse,0,85,
151271.951,refuse,2,86,
151276.164,refuse,0,85,
151286.951,refuse,2,86,
151291.164,refuse,0,85,
151301.951,refuse,2,86,
151306.164,refuse,0,85,
151316.951,refuse,2,86,
151321.164,refuse,0,85,
151331.951,refuse,2,86,
151336.164,refuse,0,85,
151346.951,refuse,2,86,
151351.164,refuse,0,85,
151361.951,refuse,2,86,
151366.164,refuse,0,85,
151376.951,refuse,2,86,
151381.164,refuse,0,85,
151391.951,refuse,2,86,
151396.164,refuse,0,85,
151406.951,refuse,2,86,
151411.164,refuse,0,85,
151421.951,refuse,2,86,
151426.164,refuse,0,85,
151436.951,refuse,2,86,
151441.164,refuse,0,85,
151451.951,refuse,2,86,
151456.164,refuse,0,85,
151466.951,refuse,2,86,
151471.164,refuse,0,85,
151481.951,refuse,2,86,
151486.164,refuse,0,85,
151496.951,refuse,2,86,
151501.164,refuse,0,85,
151511.951,refuse,2,86,
151516.164,refuse,0,85,
151526.951,refuse,2,86,
151531.164,refuse,0,85,
151541.951,refuse,2,86,
151546.164,refuse,0,85,
151556.951,refuse,2,86,
151561.164,refuse,0,85,
151571.951,refuse,2,86,
151576.164,refuse,0,85,
151586.951,refuse,2,86,
151591.164,refuse,0,85,
151601.951,refuse,2,86,
151606.164,refuse,0,85,
151616.951,refuse,2,86,
151621.164,refuse,0,85,
151631.951,refuse,2,86,
151636.164,refuse,0,85,
151646.951,refuse,2,86,
151651.164,refuse,0,85,
151651.164,abandon,0,85,
151651.164,refuse,0,87,
151661.951,refuse,2,86,
151666.164,refuse,0,87,
151676.951,refuse,2,86,
151681.164,refuse,0,87,
151691.951,refuse,2,86,
151696.164,refuse,0,87,
151706.951,refuse,2,86,
151711.164,refuse,0,87,
151721.951,refuse,2,86,
151726.164,refuse,0,87,
151736.951,refuse,2,86,
151741.164,refuse,0,87,
151751.951,refuse,2,86,
151756.164,refuse,0,87,
151766.951,refuse,2,86,
151771.164,refuse,0,87,
151781.951,refuse,2,86,
151786.164,refuse,0,87,
151796.951,refuse,2,86,
151801.164,refuse,0,87,
151811.951,refuse,2,86,
151816.164,refuse,0,87,
151826.951,refuse,2,86,
151831.164,refuse,0,87,
151841.951,refuse,2,86,
151846.164,refuse,0,87,
151856.951,refuse,2,86,
151861.164,refuse,0,87,
151871.951,refuse,2,86,
151876.164,refuse,0,87,
151886.951,refuse,2,86,
151891.164,refuse,0,87,
151901.951,refuse,2,86,
151906.164,refuse,0,87,
151916.951,refuse,2,86,
151921.164,refuse,0,87,
151931.951,refuse,2,86,
151936.164,refuse,0,87,
151946.951,refuse,2,86,
151951.164,refuse,0,87,
151961.951,refuse,2,86,
151966.164,refuse,0,87,
151976.951,refuse,2,86,
151981.164,refuse,0,87,
151991.951,refuse,2,86,
151996.164,refuse,0,87,
152006.951,refuse,2,86,
152011.164,refuse,0,87,
152021.951,refuse,2,86,
152026.164,refuse,0,87,
152036.951,refuse,2,86,
152041.164,refuse,0,87,
152051.951,refuse,2,86,
152056.164,refuse,0,87,
152066.951,refuse,2,86,
152071.164,refuse,0,87,
152081.951,refuse,2,86,
152086.164,refuse,0,87,
152096.951,refuse,2,86,
152101.164,refuse,0,87,
152111.951,refuse,2,86,
152116.164,refuse,0,87,
152126.951,refuse,2,86,
152131.164,refuse,0,87,
152141.951,refuse,2,86,
152146.164,refuse,0,87,
152156.951,refuse,2,86,
152161.164,refuse,0,87,
152171.951,refuse,2,86,
152176.164,refuse,0,87,
152186.951,refuse,2,86,
152191.164,refuse,0,87,
152201.951,refuse,2,86,
152206.164,refuse,0,87,
152216.951,refuse,2,86,
152221.164,refuse,0,87,
152231.951,refuse,2,86,
152236.164,refuse,0,87,
152246.951,refuse,2,86,
152251.164,refuse,0,87,
152261.951,refuse,2,86,
152266.164,refuse,0,87,
152276.951,refuse,2,86,
152281.164,refuse,0,87,
152291.951,refuse,2,86,
152296.164,refuse,0,87,
152306.951,refuse,2,86,
152311.164,refuse,0,87,
152321.951,refuse,2,86,
152326.164,refuse,0,87,
152336.951,refuse,2,86,
152341.164,refuse,0,87,
152351.951,refuse,2,86,
152356.164,refuse,0,87,
152366.951,refuse,2,86,
152371.164,refuse,0,87,
152381.951,refuse,2,86,
152386.164,refuse,0,87,
152396.951,refuse,2,86,
152401.164,refuse,0,87,
152411.951,refuse,2,86,
152416.164,refuse,0,87,
152426.951,refuse,2,86,
152431.164,refuse,0,87,
152441.951,refuse,2,86,
152446.164,refuse,0,87,
152456.951,refuse,2,86,
152461.164,refuse,0,87,
152471.951,refuse,2,86,
152471.951,abandon,2,86,
152471.951,start,2,88,
152476.164,refuse,0,87,
152491.164,refuse,0,87,
152506.164,refuse,0,87,
152521.164,refuse,0,87,
152536.164,refuse,0,87,
152551.164,refuse,0,87,
152558.358,conflict-at-land,2,88,
152566.164,refuse,0,87,
152573.358,start,2,88,
152581.164,refuse,0,87,
152596.164,refuse,0,87,
152611.164,refuse,0,87,
152626.164,refuse,0,87,
152641.164,refuse,0,87,
152656.164,refuse,0,87,
152668.355,conflict-at-land,2,88,
152671.164,refuse,0,87,
152683.355,start,2,88,
152686.164,refuse,0,87,
152701.164,refuse,0,87,
152716.164,refuse,0,87,
152731.164,refuse,0,87,
152746.164,refuse,0,87,
152751.939,conflict-at-land,2,88,
152761.164,refuse,0,87,
152766.939,start,2,88,
152776.164,refuse,0,87,
152791.164,refuse,0,87,
152806.164,refuse,0,87,
152821.164,refuse,0,87,
152836.164,refuse,0,87,
152846.869,conflict-at-land,2,88,
152851.164,refuse,0,87,
152861.869,start,2,88,
152866.164,refuse,0,87,
152881.164,refuse,0,87,
152895.917,conflict-at-land,3,3,
152896.164,refuse,0,87,
152910.917,start,3,3,
152911.164,refuse,0,87,
152925.868,conflict-at-land,2,88,
152926.164,refuse,0,87,
152940.868,start,2,88,
152941.164,refuse,0,87,
152956.164,refuse,0,87,
152971.164,refuse,0,87,
152986.164,refuse,0,87,
153001.164,refuse,0,87,
153002.172,conflict-at-land,2,88,
153016.164,refuse,0,87,
153017.172,start,2,88,
153031.164,refuse,0,87,
153046.164,refuse,0,87,
153061.164,refuse,0,87,
153076.164,refuse,0,87,
153091.164,refuse,0,87,
153106.164,refuse,0,87,
153121.164,refuse,0,87,
153127.13,conflict-at-land,2,88,
153136.164,refuse,0,87,
153142.13,start,2,88,
153151.164,refuse,0,87,
153166.164,refuse,0,87,
153181.164,refuse,0,87,
153196.164,refuse,0,87,
153211.164,refuse,0,87,
153226.164,refuse,0,87,
153241.164,refuse,0,87,
153253.216,conflict-at-land,2,88,
153256.164,refuse,0,87,
153268.216,start,2,88,
153271.164,refuse,0,87,
153286.164,refuse,0,87,
153301.164,refuse,0,87,
153316.164,refuse,0,87,
153331.164,refuse,0,87,
153339.475,conflict-at-land,2,88,
153346.164,refuse,0,87,
153354.475,start,2,88,
153361.164,refuse,0,87,
153376.164,refuse,0,87,
153391.164,refuse,0,87,
153406.164,refuse,0,87,
153421.164,refuse,0,87,
153430.37,conflict-at-land,2,88,
153436.164,refuse,0,87,
153445.37,start,2,88,
153451.164,refuse,0,87,
153466.164,refuse,0,87,
153481.164,refuse,0,87,
153496.164,refuse,0,87,
153511.164,refuse,0,87,
153515.575,conflict-at-land,2,88,
153526.164,refuse,0,87,
153530.575,start,2,88,
153541.164,refuse,0,87,
153556.164,refuse,0,87,
153571.164,refuse,0,87,
153586.164,refuse,0,87,
153592.801,conflict-at-land,2,88,
153601.164,refuse,0,87,
153607.801,start,2,88,
153616.164,refuse,0,87,
153631.164,refuse,0,87,
153646.164,refuse,0,87,
153661.164,refuse,0,87,
153676.164,refuse,0,87,
153691.164,refuse,0,87,
153693.517,conflict-at-land,2,88,
153706.164,refuse,0,87,
153708.517,start,2,88,
153721.164,refuse,0,87,
153736.164,refuse,0,87,
153751.164,refuse,0,87,
153766.164,refuse,0,87,
153781.164,refuse,0,87,
153796.164,refuse,0,87,
153796.855,conflict-at-land,2,88,
153811.164,refuse,0,87,
153811.855,start,2,88,
153826.164,refuse,0,87,
153841.164,refuse,0,87,
153856.164,refuse,0,87,
153871.164,refuse,0,87,
153886.164,refuse,0,87,
153901.164,refuse,0,87,
153916.164,refuse,0,87,
153918.854,conflict-at-land,2,88,
153931.164,refuse,0,87,
153933.854,start,2,88,
153946.164,refuse,0,87,
153961.164,refuse,0,87,
153976.164,refuse,0,87,
153991.164,refuse,0,87,
154006.164,refuse,0,87,
154019.939,conflict-at-land,2,88,
154021.164,refuse,0,87,
154034.939,start,2,88,
154036.164,refuse,0,87,
154051.164,refuse,0,87,
154066.164,refuse,0,87,
154081.164,refuse,0,87,
154096.164,refuse,0,87,
154104.944,conflict-at-land,2,88,
154111.164,refuse,0,87,
154119.944,start,2,88,
154126.164,refuse,0,87,
154141.164,refuse,0,87,
154156.164,refuse,0,87,
154171.164,refuse,0,87,
154186.164,refuse,0,87,
154201.164,refuse,0,87,
154203.241,conflict-at-land,2,88,
154216.164,refuse,0,87,
154218.241,start,2,88,
154231.164,refuse,0,87,
154246.164,refuse,0,87,
154261.164,refuse,0,87,
154276.164,refuse,0,87,
154287.479,conflict-at-land,2,88,
154291.164,refuse,0,87,
154302.479,start,2,88,
154306.164,refuse,0,87,
154321.164,refuse,0,87,
154336.164,refuse,0,87,
154351.164,refuse,0,87,
154365.132,conflict-at-land,2,88,
154366.164,refuse,0,87,
154380.132,start,2,88,
154381.164,refuse,0,87,
154396.164,refuse,0,87,
154411.164,refuse,0,87,
154426.164,refuse,0,87,
154441.164,refuse,0,87,
154456.164,refuse,0,87,
154461.268,conflict-at-land,2,88,
154471.164,refuse,0,87,
154476.268,start,2,88,
154486.164,refuse,0,87,
154501.164,refuse,0,87,
154516.164,refuse,0,87,
154531.164,refuse,0,87,
154546.164,refuse,0,87,
154561.164,refuse,0,87,
154576.164,refuse,0,87,
154580.613,conflict-at-land,2,88,
154591.164,refuse,0,87,
154595.613,start,2,88,
154606.164,refuse,0,87,
154621.164,refuse,0,87,
154636.164,refuse,0,87,
154651.164,refuse,0,87,
154651.164,abandon,0,87,
154651.164,refuse,0,89,
154660.766,conflict-at-land,2,88,
154666.164,refuse,0,89,
154675.766,start,2,88,
154681.164,refuse,0,89,
154696.164,refuse,0,89,
154711.164,refuse,0,89,
154726.164,refuse,0,89,
154741.164,refuse,0,89,
154756.164,refuse,0,89,
154771.164,refuse,0,89,
154786.164,refuse,0,89,
154787.495,conflict-at-land,2,88,
154801.164,refuse,0,89,
154802.495,start,2,88,
154816.164,refuse,0,89,
154831.164,refuse,0,89,
154846.164,refuse,0,89,
154861.164,refuse,0,89,
154876.164,refuse,0,89,
154891.164,refuse,0,89,
154906.164,refuse,0,89,
154907.298,conflict-at-land,2,88,
154921.164,refuse,0,89,
154922.298,start,2,88,
154936.164,refuse,0,89,
154951.164,refuse,0,89,
154966.164,refuse,0,89,
154981.164,refuse,0,89,
154996.164,refuse,0,89,
155011.164,refuse,0,89,
155026.164,refuse,0,89,
155035.089,conflict-at-land,2,88,
155041.164,refuse,0,89,
155050.089,start,2,88,
155056.164,refuse,0,89,
155071.164,refuse,0,89,
155086.164,refuse,0,89,
155101.164,refuse,0,89,
155116.164,refuse,0,89,
155131.164,refuse,0,89,
155142.055,conflict-at-land,2,88,
155146.164,refuse,0,89,
155157.055,start,2,88,
155161.164,refuse,0,89,
155176.164,refuse,0,89,
155191.164,refuse,0,89,
155206.164,refuse,0,89,
155221.164,refuse,0,89,
155234.042,conflict-at-land,2,88,
155236.164,refuse,0,89,
155249.042,start,2,88,
155251.164,refuse,0,89,
155266.164,refuse,0,89,
155281.164,refuse,0,89,
155296.164,refuse,0,89,
155311.164,refuse,0,89,
155326.164,refuse,0,89,
155341.164,refuse,0,89,
155350.152,conflict-at-land,2,88,
155356.164,refuse,0,89,
155365.152,start,2,88,
155371.164,refuse,0,89,
155386.164,refuse,0,89,
155401.164,refuse,0,89,
155416.164,refuse,0,89,
155431.164,refuse,0,89,
155433.808,conflict-at-land,2,88,
155446.164,refuse,0,89,
155448.808,start,2,88,
155461.164,refuse,0,89,
155476.164,refuse,0,89,
155491.164,refuse,0,89,
155506.164,refuse,0,89,
155521.164,refuse,0,89,
155536.164,refuse,0,89,
155536.981,conflict-at-land,2,88,
155551.164,refuse,0,89,
155551.981,start,2,88,
155566.164,refuse,0,89,
155581.164,refuse,0,89,
155594.685,conflict-at-land,3,3,
155596.164,refuse,0,89,
155609.685,start,3,3,
155611.164,refuse,0,89,
155626.164,refuse,0,89,
155641.164,refuse,0,89,
155656.164,refuse,0,89,
155656.319,conflict-at-land,2,88,
155671.164,refuse,0,89,
155671.319,start,2,88,
155686.164,refuse,0,89,
155701.164,refuse,0,89,
155716.164,refuse,0,89,
155731.164,refuse,0,89,
155746.164,refuse,0,89,
155761.164,refuse,0,89,
155772.152,conflict-at-land,2,88,
155776.164,refuse,0,89,
155787.152,start,2,88,
155791.164,refuse,0,89,
155806.164,refuse,0,89,
155821.164,refuse,0,89,
155836.164,refuse,0,89,
155851.164,refuse,0,89,
155857.413,conflict-at-land,2,88,
155866.164,refuse,0,89,
155872.413,start,2,88,
155881.164,refuse,0,89,
155896.164,refuse,0,89,
155911.164,refuse,0,89,
155926.164,refuse,0,89,
155941.164,refuse,0,89,
155956.164,refuse,0,89,
155971.164,refuse,0,89,
155978.289,conflict-at-land,2,88,
155986.164,refuse,0,89,
155993.289,start,2,88,
156001.164,refuse,0,89,
156016.164,refuse,0,89,
156031.164,refuse,0,89,
156046.164,refuse,0,89,
156061.164,refuse,0,89,
156062.056,conflict-at-land,2,88,
156076.164,refuse,0,89,
156077.056,start,2,88,
156091.164,refuse,0,89,
156106.164,refuse,0,89,
156121.164,refuse,0,89,
156136.164,refuse,0,89,
156151.164,refuse,0,89,
156155.343,conflict-at-land,2,88,
156166.164,refuse,0,89,
156170.343,start,2,88,
156181.164,refuse,0,89,
156196.164,refuse,0,89,
156211.164,refuse,0,89,
156226.164,refuse,0,89,
156241.164,refuse,0,89,
156256.164,refuse,0,89,
156262.196,conflict-at-land,2,88,
156271.164,refuse,0,89,
156277.196,start,2,88,
156286.164,refuse,0,89,
156301.164,refuse,0,89,
156316.164,refuse,0,89,
156331.164,refuse,0,89,
156346.164,refuse,0,89,
156361.164,refuse,0,89,
156376.164,refuse,0,89,
156385.989,conflict-at-land,2,88,
156391.164,refuse,0,89,
156400.989,start,2,88,
156406.164,refuse,0,89,
156421.164,refuse,0,89,
156436.164,refuse,0,89,
156451.164,refuse,0,89,
156466.164,refuse,0,89,
156468.146,conflict-at-land,2,88,
156481.164,refuse,0,89,
156483.146,start,2,88,
156496.164,refuse,0,89,
156511.164,refuse,0,89,
156526.164,refuse,0,89,
156541.164,refuse,0,89,
156556.164,refuse,0,89,
156558.636,conflict-at-land,2,88,
156571.164,refuse,0,89,
156573.636,start,2,88,
156586.164,refuse,0,89,
156601.164,refuse,0,89,
156616.164,refuse,0,89,
156631.164,refuse,0,89,
156646.164,refuse,0,89,
156661.164,refuse,0,89,
156674.837,conflict-at-land,2,88,
156676.164,refuse,0,89,
156689.837,start,2,88,
156691.164,refuse,0,89,
156706.164,refuse,0,89,
156721.164,refuse,0,89,
156736.164,refuse,0,89,
156751.164,refuse,0,89,
156763.633,conflict-at-land,2,88,
156766.164,refuse,0,89,
156778.633,start,2,88,
156781.164,refuse,0,89,
156796.164,refuse,0,89,
156811.164,refuse,0,89,
156826.164,refuse,0,89,
156841.164,refuse,0,89,
156856.164,refuse,0,89,
156860.073,conflict-at-land,2,88,
156871.164,refuse,0,89,
156875.073,start,2,88,
156886.164,refuse,0,89,
156901.164,refuse,0,89,
156916.164,refuse,0,89,
156931.164,refuse,0,89,
156945.392,conflict-at-land,2,88,
156946.164,refuse,0,89,
156960.392,start,2,88,
156961.164,refuse,0,89,
156976.164,refuse,0,89,
156991.164,refuse,0,89,
157006.164,refuse,0,89,
157021.164,refuse,0,89,
157036.164,refuse,0,89,
157051.164,refuse,0,89,
157066.164,refuse,0,89,
157072.998,conflict-at-land,2,88,
157081.164,refuse,0,89,
157087.998,start,2,88,
157096.164,refuse,0,89,
157111.164,refuse,0,89,
157126.164,refuse,0,89,
157141.164,refuse,0,89,
157156.164,refuse,0,89,
157171.164,refuse,0,89,
157186.164,refuse,0,89,
157189.992,conflict-at-land,2,88,
157201.164,refuse,0,89,
157204.992,start,2,88,
157216.164,refuse,0,89,
157231.164,refuse,0,89,
157246.164,refuse,0,89,
157261.164,refuse,0,89,
157276.164,refuse,0,89,
157285.679,conflict-at-land,2,88,
157291.164,refuse,0,89,
157300.679,start,2,88,
157306.164,refuse,0,89,
157321.164,refuse,0,89,
157336.164,refuse,0,89,
157351.164,refuse,0,89,
157366.164,refuse,0,89,
157381.164,refuse,0,89,
157396.164,refuse,0,89,
157411.164,refuse,0,89,
157413.488,conflict-at-land,2,88,
157426.164,refuse,0,89,
157428.488,start,2,88,
157441.164,refuse,0,89,
157456.164,refuse,0,89,
157471.164,refuse,0,89,
157486.164,refuse,0,89,
157501.164,refuse,0,89,
157516.164,refuse,0,89,
157531.164,refuse,0,89,
157535.635,conflict-at-land,2,88,
157546.164,refuse,0,89,
157550.635,start,2,88,
157561.164,refuse,0,89,
157576.164,refuse,0,89,
157591.164,refuse,0,89,
157606.164,refuse,0,89,
157621.164,refuse,0,89,
157628.266,conflict-at-land,2,88,
157636.164,refuse,0,89,
157643.266,start,2,88,
157651.164,refuse,0,89,
157651.164,abandon,0,89,
157651.164,refuse,0,90,
157666.164,refuse,0,90,
157681.164,refuse,0,90,
157696.164,refuse,0,90,
157708.087,conflict-at-land,2,88,
157711.164,refuse,0,90,
157723.087,start,2,88,
157726.164,refuse,0,90,
157741.164,refuse,0,90,
157756.164,refuse,0,90,
157771.164,refuse,0,90,
157786.164,refuse,0,90,
157801.164,refuse,0,90,
157816.164,refuse,0,90,
157821.398,conflict-at-land,2,88,
157831.164,refuse,0,90,
157836.398,start,2,88,
157846.164,refuse,0,90,
157861.164,refuse,0,90,
157876.164,refuse,0,90,
157884.687,conflict-at-land,3,3,
157891.164,refuse,0,90,
157899.687,start,3,3,
157906.164,refuse,0,90,
157921.164,refuse,0,90,
157930.512,conflict-at-land,2,88,
157936.164,refuse,0,90,
157945.512,start,2,88,
157951.164,refuse,0,90,
157966.164,refuse,0,90,
157981.164,refuse,0,90,
157996.164,refuse,0,90,
158006.863,conflict-at-land,2,88,
158011.164,refuse,0,90,
158021.863,start,2,88,
158026.164,refuse,0,90,
158041.164,refuse,0,90,
158056.164,refuse,0,90,
158071.164,refuse,0,90,
158086.164,refuse,0,90,
158097.712,conflict-at-land,2,88,
158101.164,refuse,0,90,
158112.712,start,2,88,
158116.164,refuse,0,90,
158131.164,refuse,0,90,
158146.164,refuse,0,90,
158161.164,refuse,0,90,
158176.164,refuse,0,90,
158191.164,refuse,0,90,
158206.164,refuse,0,90,
158221.164,refuse,0,90,
158222.281,conflict-at-land,2,88,
158236.164,refuse,0,90,
158237.281,start,2,88,
158251.164,refuse,0,90,
158266.164,refuse,0,90,
158281.164,refuse,0,90,
158296.164,refuse,0,90,
158311.164,refuse,0,90,
158326.164,refuse,0,90,
158333.741,conflict-at-land,2,88,
158341.164,refuse,0,90,
158348.741,start,2,88,
158356.164,refuse,0,90,
158371.164,refuse,0,90,
158386.164,refuse,0,90,
158401.164,refuse,0,90,
158416.164,refuse,0,90,
158431.164,refuse,0,90,
158444.552,conflict-at-land,2,88,
158446.164,refuse,0,90,
158459.552,start,2,88,
158461.164,refuse,0,90,
158476.164,refuse,0,90,
158491.164,refuse,0,90,
158506.164,refuse,0,90,
158521.164,refuse,0,90,
158536.164,refuse,0,90,
158551.164,refuse,0,90,
158556.844,conflict-at-land,2,88,
158566.164,refuse,0,90,
158571.844,start,2,88,
158581.164,refuse,0,90,
158596.164,refuse,0,90,
158611.164,refuse,0,90,
158626.164,refuse,0,90,
158641.164,refuse,0,90,
158646.84,conflict-at-land,2,88,
158656.164,refuse,0,90,
158661.84,start,2,88,
158671.164,refuse,0,90,
158686.164,refuse,0,90,
158701.164,refuse,0,90,
158716.164,refuse,0,90,
158731.164,refuse,0,90,
158746.164,refuse,0,90,
158761.164,refuse,0,90,
158768.661,conflict-at-land,2,88,
158776.164,refuse,0,90,
158783.661,start,2,88,
158791.164,refuse,0,90,
158806.164,refuse,0,90,
158821.164,refuse,0,90,
158836.164,refuse,0,90,
158851.164,refuse,0,90,
158866.164,refuse,0,90,
158869.211,conflict-at-land,2,88,
158881.164,refuse,0,90,
158884.211,start,2,88,
158896.164,refuse,0,90,
158911.164,refuse,0,90,
158926.164,refuse,0,90,
158941.164,refuse,0,90,
158956.164,refuse,0,90,
158971.164,refuse,0,90,
158986.164,refuse,0,90,
158993.5,conflict-at-land,2,88,
159001.164,refuse,0,90,
159008.5,start,2,88,
159016.164,refuse,0,90,
159031.164,refuse,0,90,
159046.164,refuse,0,90,
159061.164,refuse,0,90,
159076.164,refuse,0,90,
159091.164,refuse,0,90,
159101.296,conflict-at-land,2,88,
159106.164,refuse,0,90,
159116.296,start,2,88,
159121.164,refuse,0,90,
159136.164,refuse,0,90,
159151.164,refuse,0,90,
159166.164,refuse,0,90,
159181.164,refuse,0,90,
159196.164,refuse,0,90,
159211.164,refuse,0,90,
159212.755,conflict-at-land,2,88,
159226.164,refuse,0,90,
159227.755,start,2,88,
159241.164,refuse,0,90,
159256.164,refuse,0,90,
159271.164,refuse,0,90,
159286.164,refuse,0,90,
159301.164,refuse,0,90,
159316.164,refuse,0,90,
159331.164,refuse,0,90,
159334.163,conflict-at-land,2,88,
159346.164,refuse,0,90,
159349.163,start,2,88,
159361.164,refuse,0,90,
159376.164,refuse,0,90,
159391.164,refuse,0,90,
159406.164,refuse,0,90,
159421.164,refuse,0,90,
159436.164,refuse,0,90,
159451.164,refuse,0,90,
159461.292,conflict-at-land,2,88,
159466.164,refuse,0,90,
159476.292,start,2,88,
159481.164,refuse,0,90,
159496.164,refuse,0,90,
159511.164,refuse,0,90,
159526.164,refuse,0,90,
159541.164,refuse,0,90,
159556.164,refuse,0,90,
159571.164,refuse,0,90,
159574.477,conflict-at-land,2,88,
159586.164,refuse,0,90,
159589.477,start,2,88,
159601.164,refuse,0,90,
159616.164,refuse,0,90,
159631.164,refuse,0,90,
159646.164,refuse,0,90,
159661.164,refuse,0,90,
159676.164,refuse,0,90,
159691.164,refuse,0,90,
159699.667,conflict-at-land,2,88,
159706.164,refuse,0,90,
159714.667,start,2,88,
159721.164,refuse,0,90,
159736.164,refuse,0,90,
159751.164,refuse,0,90,
159766.164,refuse,0,90,
159781.164,refuse,0,90,
159796.164,refuse,0,90,
159797.094,conflict-at-land,2,88,
159811.164,refuse,0,90,
159811.395,conflict-at-land,3,3,
159812.094,start,2,88,
159826.164,refuse,0,90,
159826.395,start,3,3,
159841.164,refuse,0,90,
159856.164,refuse,0,90,
159871.164,refuse,0,90,
159886.164,refuse,0,90,
159889.46,conflict-at-land,2,88,
159901.164,refuse,0,90,
159904.46,start,2,88,
159916.164,refuse,0,90,
159931.164,refuse,0,90,
159946.164,refuse,0,90,
159961.164,refuse,0,90,
159976.164,refuse,0,90,
159984.688,conflict-at-land,2,88,
159991.164,refuse,0,90,
159999.688,start,2,88,
160006.164,refuse,0,90,
160021.164,refuse,0,90,
160036.164,refuse,0,90,
160051.164,refuse,0,90,
160066.164,refuse,0,90,
160081.164,refuse,0,90,
160096.164,refuse,0,90,
160107.306,conflict-at-land,2,88,
160111.164,refuse,0,90,
160122.306,start,2,88,
160126.164,refuse,0,90,
160141.164,refuse,0,90,
160156.164,refuse,0,90,
160171.164,refuse,0,90,
160186.164,refuse,0,90,
160200.271,conflict-at-land,2,88,
160201.164,refuse,0,90,
160215.271,start,2,88,
160216.164,refuse,0,90,
160231.164,refuse,0,90,
160246.164,refuse,0,90,
160261.164,refuse,0,90,
160276.164,refuse,0,90,
160289.011,conflict-at-land,2,88,
160291.164,refuse,0,90,
160304.011,start,2,88,
160306.164,refuse,0,90,
160321.164,refuse,0,90,
160336.164,refuse,0,90,
160351.164,refuse,0,90,
160366.164,refuse,0,90,
160369.677,conflict-at-land,2,88,
160381.164,refuse,0,90,
160384.677,start,2,88,
160396.164,refuse,0,90,
160411.164,refuse,0,90,
160426.164,refuse,0,90,
160441.164,refuse,0,90,
160456.164,refuse,0,90,
160471.164,refuse,0,90,
160483.152,conflict-at-land,2,88,
160486.164,refuse,0,90,
160498.152,start,2,88,
160501.164,refuse,0,90,
160516.164,refuse,0,90,
160531.164,refuse,0,90,
160546.164,refuse,0,90,
160561.164,refuse,0,90,
160576.164,refuse,0,90,
160591.164,refuse,0,90,
160606.164,refuse,0,90,
160607.73,conflict-at-land,2,88,
160621.164,refuse,0,90,
160622.73,start,2,88,
160636.164,refuse,0,90,
160651.164,refuse,0,90,
160651.164,abandon,0,90,
160651.164,refuse,0,91,
160666.164,refuse,0,91,
160681.164,refuse,0,91,
160696.164,refuse,0,91,
160705.751,conflict-at-land,2,88,
160711.164,refuse,0,91,
160720.751,start,2,88,
160726.164,refuse,0,91,
160741.164,refuse,0,91,
160756.164,refuse,0,91,
160771.164,refuse,0,91,
160786.164,refuse,0,91,
160789.66,conflict-at-land,2,88,
160801.164,refuse,0,91,
160804.66,start,2,88,
160816.164,refuse,0,91,
160831.164,refuse,0,91,
160846.164,refuse,0,91,
160861.164,refuse,0,91,
160876.164,refuse,0,91,
160891.164,refuse,0,91,
160905.373,conflict-at-land,2,88,
160906.164,refuse,0,91,
160920.373,start,2,88,
160921.164,refuse,0,91,
160936.164,refuse,0,91,
160951.164,refuse,0,91,
160966.164,refuse,0,91,
160981.164,refuse,0,91,
160996.164,refuse,0,91,
161011.164,refuse,0,91,
161025.568,conflict-at-land,2,88,
161026.164,refuse,0,91,
161040.568,start,2,88,
161041.164,refuse,0,91,
161056.164,refuse,0,91,
161071.164,refuse,0,91,
161086.164,refuse,0,91,
161101.164,refuse,0,91,
161116.164,refuse,0,91,
161122.715,conflict-at-land,2,88,
161131.164,refuse,0,91,
161137.715,start,2,88,
161146.164,refuse,0,91,
161161.164,refuse,0,91,
161176.164,refuse,0,91,
161191.164,refuse,0,91,
161206.164,refuse,0,91,
161221.164,refuse,0,91,
161223.317,conflict-at-land,2,88,
161236.164,refuse,0,91,
161238.317,start,2,88,
161251.164,refuse,0,91,
161266.164,refuse,0,91,
161281.164,refuse,0,91,
161296.164,refuse,0,91,
161311.164,refuse,0,91,
161318.736,conflict-at-land,2,88,
161326.164,refuse,0,91,
161333.736,start,2,88,
161341.164,refuse,0,91,
161356.164,refuse,0,91,
161371.164,refuse,0,91,
161386.164,refuse,0,91,
161401.164,refuse,0,91,
161416.164,refuse,0,91,
161422.584,conflict-at-land,2,88,
161431.164,refuse,0,91,
161437.584,start,2,88,
161446.164,refuse,0,91,
161461.164,refuse,0,91,
161476.164,refuse,0,91,
161491.164,refuse,0,91,
161506.164,refuse,0,91,
161521.164,refuse,0,91,
161532.971,conflict-at-land,2,88,
161536.164,refuse,0,91,
161547.971,start,2,88,
161551.164,refuse,0,91,
161566.164,refuse,0,91,
161581.164,refuse,0,91,
161596.164,refuse,0,91,
161611.164,refuse,0,91,
161626.164,refuse,0,91,
161641.164,refuse,0,91,
161656.164,refuse,0,91,
161657.149,conflict-at-land,2,88,
161671.164,refuse,0,91,
161672.149,start,2,88,
161686.164,refuse,0,91,
161701.164,refuse,0,91,
161716.164,refuse,0,91,
161731.164,refuse,0,91,
161732.141,conflict-at-land,3,3,
161746.164,refuse,0,91,
161747.141,start,3,3,
161750.467,conflict-at-land,2,88,
161761.164,refuse,0,91,
161765.467,start,2,88,
161776.164,refuse,0,91,
161791.164,refuse,0,91,
161806.164,refuse,0,91,
161821.164,refuse,0,91,
161836.164,refuse,0,91,
161851.164,refuse,0,91,
161858.364,conflict-at-land,2,88,
161866.164,refuse,0,91,
161873.364,start,2,88,
161881.164,refuse,0,91,
161896.164,refuse,0,91,
161911.164,refuse,0,91,
161926.164,refuse,0,91,
161941.164,refuse,0,91,
161956.164,refuse,0,91,
161958.193,conflict-at-land,2,88,
161971.164,refuse,0,91,
161973.193,start,2,88,
161986.164,refuse,0,91,
162001.164,refuse,0,91,
162016.164,refuse,0,91,
162031.164,refuse,0,91,
162046.164,refuse,0,91,
162061.164,refuse,0,91,
162076.164,refuse,0,91,
162078.122,conflict-at-land,2,88,
162091.164,refuse,0,91,
162093.122,start,2,88,
162106.164,refuse,0,91,
162121.164,refuse,0,91,
162136.164,refuse,0,91,
162151.164,refuse,0,91,
162166.164,refuse,0,91,
162166.502,conflict-at-land,2,88,
162181.164,refuse,0,91,
162181.502,start,2,88,
162196.164,refuse,0,91,
162211.164,refuse,0,91,
162226.164,refuse,0,91,
162241.164,refuse,0,91,
162256.164,refuse,0,91,
162270.976,conflict-at-land,2,88,
162271.164,refuse,0,91,
162285.976,start,2,88,
162286.164,refuse,0,91,
162301.164,refuse,0,91,
162316.164,refuse,0,91,
162331.164,refuse,0,91,
162346.164,refuse,0,91,
162361.164,refuse,0,91,
162376.164,refuse,0,91,
162391.164,refuse,0,91,
162394.451,conflict-at-land,2,88,
162406.164,refuse,0,91,
162409.451,start,2,88,
162421.164,refuse,0,91,
162436.164,refuse,0,91,
162451.164,refuse,0,91,
162466.164,refuse,0,91,
162481.164,refuse,0,91,
162496.164,refuse,0,91,
162511.164,refuse,0,91,
162513.9,conflict-at-land,2,88,
162526.164,refuse,0,91,
162528.9,start,2,88,
162541.164,refuse,0,91,
162556.164,refuse,0,91,
162571.164,refuse,0,91,
162586.164,refuse,0,91,
162601.164,refuse,0,91,
162616.164,refuse,0,91,
162631.164,refuse,0,91,
162634.727,conflict-at-land,2,88,
162646.164,refuse,0,91,
162649.727,start,2,88,
162661.164,refuse,0,91,
162676.164,refuse,0,91,
162691.164,refuse,0,91,
162706.164,refuse,0,91,
162721.164,refuse,0,91,
162736.164,refuse,0,91,
162738.276,conflict-at-land,2,88,
162751.164,refuse,0,91,
162753.276,start,2,88,
162766.164,refuse,0,91,
162781.164,refuse,0,91,
162796.164,refuse,0,91,
162811.164,refuse,0,91,
162826.164,refuse,0,91,
162841.164,refuse,0,91,
162847.848,conflict-at-land,2,88,
162856.164,refuse,0,91,
162862.848,start,2,88,
162871.164,refuse,0,91,
162886.164,refuse,0,91,
162901.164,refuse,0,91,
162916.164,refuse,0,91,
162931.164,refuse,0,91,
162946.164,refuse,0,91,
162961.164,refuse,0,91,
162964.502,conflict-at-land,2,88,
162976.164,refuse,0,91,
162979.502,start,2,88,
162991.164,refuse,0,91,
163006.164,refuse,0,91,
163021.164,refuse,0,91,
163036.164,refuse,0,91,
163051.164,refuse,0,91,
163053.214,conflict-at-land,2,88,
163066.164,refuse,0,91,
163068.214,start,2,88,
163081.164,refuse,0,91,
163096.164,refuse,0,91,
163111.164,refuse,0,91,
163126.164,refuse,0,91,
163141.164,refuse,0,91,
163156.164,refuse,0,91,
163171.164,refuse,0,91,
163179.486,conflict-at-land,2,88,
163186.164,refuse,0,91,
163194.486,start,2,88,
163201.164,refuse,0,91,
163216.164,refuse,0,91,
163231.164,refuse,0,91,
163246.164,refuse,0,91,
163261.164,refuse,0,91,
163276.164,refuse,0,91,
163291.164,refuse,0,91,
163297.167,conflict-at-land,2,88,
163306.164,refuse,0,91,
163312.167,start,2,88,
163321.164,refuse,0,91,
163336.164,refuse,0,91,
163351.164,refuse,0,91,
163366.164,refuse,0,91,
163381.164,refuse,0,91,
163396.164,refuse,0,91,
163398.545,conflict-at-land,2,88,
163411.164,refuse,0,91,
163413.545,start,2,88,
163426.164,refuse,0,91,
163441.164,refuse,0,91,
163456.164,refuse,0,91,
163471.164,refuse,0,91,
163486.164,refuse,0,91,
163501.164,refuse,0,91,
163505.692,conflict-at-land,2,88,
163516.164,refuse,0,91,
163520.692,start,2,88,
163531.164,refuse,0,91,
163546.164,refuse,0,91,
163561.164,refuse,0,91,
163576.164,refuse,0,91,
163591.164,refuse,0,91,
163606.164,refuse,0,91,
163621.164,refuse,0,91,
163631.016,conflict-at-land,2,88,
163636.164,refuse,0,91,
163646.016,start,2,88,
163651.164,refuse,0,91,
163651.164,abandon,0,91,
163651.164,start,0,92,
163656.35,conflict-at-land,0,92,
163671.35,start,0,92,
163678.71,conflict-at-land,0,92,
163693.71,start,0,92,
163698.08,conflict-at-land,0,92,
163707.628,conflict-at-land,2,88,
163713.08,start,0,92,
163719.793,conflict-at-land,0,92,
163722.628,start,2,88,
163734.793,start,0,92,
163739.873,conflict-at-land,0,92,
163754.873,start,0,92,
163759.252,conflict-at-land,0,92,
163774.252,start,0,92,
163779.478,conflict-at-land,0,92,
163794.478,start,0,92,
163799.081,conflict-at-land,2,88,
163799.996,conflict-at-land,0,92,
163814.081,start,2,88,
163814.996,start,0,92,
163822.122,conflict-at-land,0,92,
163837.122,start,0,92,
163843.478,conflict-at-land,0,92,
163858.478,start,0,92,
163863.23,conflict-at-land,0,92,
163878.23,start,0,92,
163884.318,conflict-at-land,0,92,
163899.318,start,0,92,
163906.856,conflict-at-land,0,92,
163909.069,conflict-at-land,2,88,
163921.856,start,0,92,
163924.069,start,2,88,
163926.901,conflict-at-land,0,92,
163941.901,start,0,92,
163946.896,conflict-at-land,0,92,
163961.896,start,0,92,
163967.184,conflict-at-land,0,92,
163982.184,start,0,92,
163988.339,conflict-at-land,0,92,
164003.339,start,0,92,
164010.537,conflict-at-land,0,92,
164021.388,conflict-at-land,2,88,
164025.537,start,0,92,
164031.674,conflict-at-land,0,92,
164036.388,start,2,88,
164046.674,start,0,92,
164052.942,conflict-at-land,0,92,
164067.942,start,0,92,
164072.331,conflict-at-land,0,92,
164087.331,start,0,92,
164094.168,conflict-at-land,0,92,
164107.307,conflict-at-land,2,88,
164109.168,start,0,92,
164115.377,conflict-at-land,0,92,
164122.307,start,2,88,
164130.377,start,0,92,
164136.834,conflict-at-land,0,92,
164151.834,start,0,92,
164157.318,conflict-at-land,0,92,
164172.318,start,0,92,
164178.289,conflict-at-land,0,92,
164193.289,start,0,92,
164199.6,conflict-at-land,0,92,
164200.619,conflict-at-land,2,88,
164214.6,start,0,92,
164215.619,start,2,88,
164221.679,conflict-at-land,0,92,
164236.679,start,0,92,
164244.348,conflict-at-land,0,92,
164259.348,start,0,92,
164266.604,conflict-at-land,0,92,
164281.604,start,0,92,
164286.482,conflict-at-land,0,92,
164286.537,conflict-at-land,2,88,
164301.482,start,0,92,
164301.537,start,2,88,
164308.961,conflict-at-land,0,92,
164323.961,start,0,92,
164331.207,conflict-at-land,0,92,
164346.207,start,0,92,
164351.175,conflict-at-land,0,92,
164366.175,start,0,92,
164373.477,conflict-at-land,0,92,
164376.418,conflict-at-land,2,88,
164388.477,start,0,92,
164391.418,start,2,88,
164395.79,conflict-at-land,0,92,
164410.79,start,0,92,
164417.436,conflict-at-land,0,92,
164432.436,start,0,92,
164439.353,conflict-at-land,0,92,
164454.353,start,0,92,
164460.842,conflict-at-land,0,92,
164475.842,start,0,92,
164481.248,conflict-at-land,0,92,
164481.509,conflict-at-land,2,88,
164496.248,start,0,92,
164496.509,start,2,88,
164503.22,conflict-at-land,0,92,
164518.22,start,0,92,
164524.349,conflict-at-land,0,92,
164539.349,start,0,92,
164546.643,conflict-at-land,0,92,
164561.643,start,0,92,
164567.144,conflict-at-land,0,92,
164582.144,start,0,92,
164587.957,conflict-at-land,0,92,
164591.454,conflict-at-land,3,3,
164602.957,start,0,92,
164604.567,conflict-at-land,2,88,
164606.454,start,3,3,
164609.605,conflict-at-land,0,92,
164619.567,start,2,88,
164624.605,start,0,92,
164631.671,conflict-at-land,0,92,
164646.671,start,0,92,
164651.612,conflict-at-land,0,92,
164666.612,start,0,92,
164672.254,conflict-at-land,0,92,
164687.254,start,0,92,
164694.628,conflict-at-land,0,92,
164709.628,start,0,92,
164715.685,conflict-at-land,0,92,
164721.648,conflict-at-land,2,88,
164730.685,start,0,92,
164735.015,conflict-at-land,0,92,
164736.648,start,2,88,
164750.015,start,0,92,
164754.872,conflict-at-land,0,92,
164769.872,start,0,92,
164775.758,conflict-at-land,0,92,
164790.758,start,0,92,
164798.21,conflict-at-land,0,92,
164813.21,start,0,92,
164820.164,conflict-at-land,0,92,
164835.164,start,0,92,
164839.753,conflict-at-land,2,88,
164842.045,conflict-at-land,0,92,
164854.753,start,2,88,
164857.045,start,0,92,
164862.138,conflict-at-land,0,92,
164877.138,start,0,92,
164881.752,conflict-at-land,0,92,
164896.752,start,0,92,
164904.483,conflict-at-land,0,92,
164916.534,conflict-at-land,2,88,
164919.483,start,0,92,
164924.454,conflict-at-land,0,92,
164931.534,start,2,88,
164939.454,start,0,92,
164946.221,conflict-at-land,0,92,
164961.221,start,0,92,
164968.233,conflict-at-land,0,92,
164983.233,start,0,92,
164990.013,conflict-at-land,0,92,
165000.819,conflict-at-land,2,88,
165005.013,start,0,92,
165011.129,conflict-at-land,0,92,
165015.819,start,2,88,
165026.129,start,0,92,
165032.489,conflict-at-land,0,92,
165047.489,start,0,92,
165051.823,conflict-at-land,0,92,
165066.823,start,0,92,
165074.032,conflict-at-land,0,92,
165089.032,start,0,92,
165093.257,conflict-at-land,0,92,
165108.257,start,0,92,
165116.034,conflict-at-land,0,92,
165123.154,conflict-at-land,2,88,
165131.034,start,0,92,
165137.324,conflict-at-land,0,92,
165138.154,start,2,88,
165152.324,start,0,92,
165157.38,conflict-at-land,0,92,
165172.38,start,0,92,
165179.683,conflict-at-land,0,92,
165194.683,start,0,92,
165200.185,conflict-at-land,0,92,
165215.185,start,0,92,
165221.455,conflict-at-land,0,92,
165231.804,conflict-at-land,2,88,
165236.455,start,0,92,
165240.867,conflict-at-land,0,92,
165246.804,start,2,88,
165255.867,start,0,92,
165263.099,conflict-at-land,0,92,
165278.099,start,0,92,
165284.513,conflict-at-land,0,92,
165299.513,start,0,92,
165306.622,conflict-at-land,0,92,
165321.622,start,0,92,
165327.872,conflict-at-land,0,92,
165342.869,conflict-at-land,2,88,
165342.872,start,0,92,
165349.072,conflict-at-land,0,92,
165357.869,start,2,88,
165364.072,start,0,92,
165368.937,conflict-at-land,0,92,
165383.937,start,0,92,
165389.55,conflict-at-land,0,92,
165404.55,start,0,92,
165411.644,conflict-at-land,0,92,
165426.644,start,0,92,
165433.507,conflict-at-land,0,92,
165448.507,start,0,92,
165455.986,conflict-at-land,0,92,
165462.215,conflict-at-land,2,88,
165470.986,start,0,92,
165477.215,start,2,88,
165477.81,conflict-at-land,0,92,
165492.81,start,0,92,
165499.303,conflict-at-land,0,92,
165514.303,start,0,92,
165519.318,conflict-at-land,0,92,
165534.318,start,0,92,
165541.305,conflict-at-land,0,92,
165556.305,start,0,92,
165563.449,conflict-at-land,0,92,
165573.158,conflict-at-land,2,88,
165578.449,start,0,92,
165583.484,conflict-at-land,0,92,
165588.158,start,2,88,
165598.484,start,0,92,
165604.239,conflict-at-land,0,92,
165619.239,start,0,92,
165626.083,conflict-at-land,0,92,
165641.083,start,0,92,
165645.553,conflict-at-land,0,92,
165660.553,start,0,92,
165665.2,conflict-at-land,0,92,
165668.614,conflict-at-land,2,88,
165680.2,start,0,92,
165683.614,start,2,88,
165687.725,conflict-at-land,0,92,
165702.725,start,0,92,
165708.395,conflict-at-land,0,92,
165723.395,start,0,92,
165728.198,conflict-at-land,0,92,
165743.198,start,0,92,
165747.412,conflict-at-land,0,92,
165762.412,start,0,92,
165767.161,conflict-at-land,0,92,
165782.161,start,0,92,
165784.629,conflict-at-land,2,88,
165789.561,conflict-at-land,0,92,
165799.629,start,2,88,
165804.561,start,0,92,
165811.822,conflict-at-land,0,92,
165826.822,start,0,92,
165831.669,conflict-at-land,0,92,
165846.669,start,0,92,
165853.758,conflict-at-land,0,92,
165864.92,conflict-at-land,2,88,
165868.758,start,0,92,
165873.775,conflict-at-land,0,92,
165879.92,start,2,88,
165888.775,start,0,92,
165895.748,conflict-at-land,0,92,
165910.748,start,0,92,
165916.814,conflict-at-land,0,92,
165931.814,start,0,92,
165936.882,conflict-at-land,0,92,
165951.882,start,0,92,
165957.868,conflict-at-land,0,92,
165972.868,start,0,92,
165977.596,conflict-at-land,2,88,
165977.949,conflict-at-land,0,92,
165992.596,start,2,88,
165992.949,start,0,92,
165998.805,conflict-at-land,0,92,
166013.805,start,0,92,
166020.067,conflict-at-land,0,92,
166035.067,start,0,92,
166040.423,conflict-at-land,0,92,
166055.423,start,0,92,
166061.189,conflict-at-land,0,92,
166076.189,start,0,92,
166083.629,conflict-at-land,0,92,
166098.629,start,0,92,
166104.16,conflict-at-land,2,88,
166106.025,conflict-at-land,0,92,
166119.16,start,2,88,
166121.025,start,0,92,
166128.636,conflict-at-land,0,92,
166143.636,start,0,92,
166151.402,conflict-at-land,0,92,
166166.402,start,0,92,
166170.655,conflict-at-land,0,92,
166185.655,start,0,92,
166190.897,conflict-at-land,0,92,
166205.897,start,0,92,
166210.425,conflict-at-land,0,92,
166223.36,conflict-at-land,2,88,
166225.425,start,0,92,
166232.639,conflict-at-land,0,92,
166238.36,start,2,88,
166247.639,start,0,92,
166254.693,conflict-at-land,0,92,
166269.693,start,0,92,
166274.587,conflict-at-land,0,92,
166289.587,start,0,92,
166294.511,conflict-at-land,0,92,
166306.832,conflict-at-land,2,88,
166309.511,start,0,92,
166314.878,conflict-at-land,0,92,
166321.832,start,2,88,
166329.878,start,0,92,
166334.976,conflict-at-land,0,92,
166349.976,start,0,92,
166354.858,conflict-at-land,0,92,
166369.858,start,0,92,
166376.875,conflict-at-land,0,92,
166391.875,start,0,92,
166397.006,conflict-at-land,0,92,
166412.006,start,0,92,
166418.293,conflict-at-land,0,92,
166429.354,conflict-at-land,2,88,
166433.293,start,0,92,
166439.212,conflict-at-land,0,92,
166444.354,start,2,88,
166454.212,start,0,92,
166460.191,conflict-at-land,0,92,
166475.191,start,0,92,
166480.209,conflict-at-land,0,92,
166495.209,start,0,92,
166499.876,conflict-at-land,0,92,
166514.876,start,0,92,
166522.102,conflict-at-land,0,92,
166537.102,start,0,92,
166542.116,conflict-at-land,0,92,
166542.149,conflict-at-land,2,88,
166557.116,start,0,92,
166557.149,start,2,88,
166562.23,conflict-at-land,0,92,
166577.23,start,0,92,
166584.842,conflict-at-land,0,92,
166589.688,conflict-at-land,3,3,
166599.842,start,0,92,
166604.688,start,3,3,
166605.346,conflict-at-land,0,92,
166620.346,start,0,92,
166625.778,conflict-at-land,0,92,
166640.778,start,0,92,
166646.621,conflict-at-land,0,92,
166648.221,conflict-at-land,2,88,
166661.621,start,0,92,
166663.221,start,2,88,
166669.115,conflict-at-land,0,92,
166684.115,start,0,92,
166690.295,conflict-at-land,0,92,
166705.295,start,0,92,
166710.628,conflict-at-land,0,92,
166725.628,start,0,92,
166731.052,conflict-at-land,0,92,
166746.052,start,0,92,
166751.88,conflict-at-land,0,92,
166754.295,conflict-at-land,2,88,
166766.88,start,0,92,
166769.295,start,2,88,
166773.978,conflict-at-land,0,92,
166788.978,start,0,92,
166796.112,conflict-at-land,0,92,
166811.112,start,0,92,
166816.094,conflict-at-land,0,92,
166831.094,start,0,92,
166838.655,conflict-at-land,0,92,
166853.655,start,0,92,
166858.946,conflict-at-land,0,92,
166873.946,start,0,92,
166877.298,conflict-at-land,2,88,
166879.321,conflict-at-land,0,92,
166892.298,start,2,88,
166894.321,start,0,92,
166898.885,conflict-at-land,0,92,
166913.885,start,0,92,
166919.943,conflict-at-land,0,92,
166934.943,start,0,92,
166942.552,conflict-at-land,0,92,
166957.552,start,0,92,
166962.177,conflict-at-land,0,92,
166977.177,start,0,92,
166977.854,conflict-at-land,2,88,
166984.861,conflict-at-land,0,92,
166992.854,start,2,88,
166999.861,start,0,92,
167004.965,conflict-at-land,0,92,
167019.965,start,0,92,
167026.113,conflict-at-land,0,92,
167041.113,start,0,92,
167045.659,conflict-at-land,0,92,
167060.659,start,0,92,
167066.061,conflict-at-land,0,92,
167075.099,conflict-at-land,2,88,
167081.061,start,0,92,
167088.005,conflict-at-land,0,92,
167090.099,start,2,88,
167103.005,start,0,92,
167109.866,conflict-at-land,0,92,
167124.866,start,0,92,
167130.084,conflict-at-land,0,92,
167145.084,start,0,92,
167151.992,conflict-at-land,0,92,
167166.6,conflict-at-land,2,88,
167166.992,start,0,92,
167173.782,conflict-at-land,0,92,
167181.6,start,2,88,
167188.782,start,0,92,
167194.642,conflict-at-land,0,92,
167209.642,start,0,92,
167214.654,conflict-at-land,0,92,
167229.654,start,0,92,
167234.228,conflict-at-land,0,92,
167249.228,start,0,92,
167255.27,conflict-at-land,0,92,
167270.27,start,0,92,
167272.6,conflict-at-land,2,88,
167275.711,conflict-at-land,0,92,
167287.6,start,2,88,
167290.711,start,0,92,
167295.319,conflict-at-land,0,92,
167310.319,start,0,92,
167314.833,conflict-at-land,0,92,
167329.833,start,0,92,
167335.237,conflict-at-land,0,92,
167350.237,start,0,92,
167356.41,conflict-at-land,0,92,
167371.41,start,0,92,
167378.266,conflict-at-land,0,92,
167392.551,conflict-at-land,2,88,
167393.266,start,0,92,
167399.742,conflict-at-land,0,92,
167407.551,start,2,88,
167414.742,start,0,92,
167419.225,conflict-at-land,0,92,
167434.225,start,0,92,
167440.821,conflict-at-land,0,92,
167455.821,start,0,92,
167460.439,conflict-at-land,0,92,
167475.439,start,0,92,
167481.816,conflict-at-land,2,88,
167482.466,conflict-at-land,0,92,
167496.816,start,2,88,
167497.466,start,0,92,
167504.916,conflict-at-land,0,92,
167519.916,start,0,92,
167525.693,conflict-at-land,0,92,
167540.693,start,0,92,
167546.548,conflict-at-land,0,92,
167561.548,start,0,92,
167568.051,conflict-at-land,0,92,
167583.051,start,0,92,
167587.632,conflict-at-land,0,92,
167590.314,conflict-at-land,2,88,
167602.632,start,0,92,
167605.314,start,2,88,
167609.896,conflict-at-land,0,92,
167624.896,start,0,92,
167631.58,conflict-at-land,0,92,
167646.58,start,0,92,
167651.027,conflict-at-land,0,92,
167666.027,start,0,92,
167671.239,conflict-at-land,0,92,
167686.239,start,0,92,
167690.98,conflict-at-land,0,92,
167697.228,conflict-at-land,2,88,
167705.98,start,0,92,
167711.353,conflict-at-land,0,92,
167712.228,start,2,88,
167726.353,start,0,92,
167733.901,conflict-at-land,0,92,
167748.901,start,0,92,
167754.788,conflict-at-land,0,92,
167769.788,start,0,92,
167776.016,conflict-at-land,0,92,
167791.016,start,0,92,
167793.122,conflict-at-land,2,88,
167796.732,conflict-at-land,0,92,
167808.122,start,2,88,
167811.732,start,0,92,
167816.181,conflict-at-land,0,92,
167831.181,start,0,92,
167837.822,conflict-at-land,0,92,
167852.822,start,0,92,
167858.773,conflict-at-land,0,92,
167858.773,abandon,0,92,
167858.773,refuse,0,93,
167873.773,refuse,0,93,
167888.773,refuse,0,93,
167890.517,conflict-at-land,2,88,
167903.773,refuse,0,93,
167905.517,start,2,88,
167918.773,refuse,0,93,
167933.773,refuse,0,93,
167948.773,refuse,0,93,
167963.773,refuse,0,93,
167977.119,conflict-at-land,2,88,
167978.773,refuse,0,93,
167992.119,start,2,88,
167993.773,refuse,0,93,
168008.773,refuse,0,93,
168023.773,refuse,0,93,
168038.773,refuse,0,93,
168053.773,refuse,0,93,
168068.773,refuse,0,93,
168083.773,refuse,0,93,
168092.377,conflict-at-land,2,88,
168098.773,refuse,0,93,
168107.377,start,2,88,
168113.773,refuse,0,93,
168128.773,refuse,0,93,
168143.773,refuse,0,93,
168158.773,refuse,0,93,
168169.321,conflict-at-land,2,88,
168173.773,refuse,0,93,
168184.321,start,2,88,
168188.773,refuse,0,93,
168203.773,refuse,0,93,
168218.773,refuse,0,93,
168233.773,refuse,0,93,
168248.773,refuse,0,93,
168263.773,refuse,0,93,
168278.773,refuse,0,93,
168291.352,conflict-at-land,2,88,
168293.773,refuse,0,93,
168306.352,start,2,88,
168308.773,refuse,0,93,
168323.773,refuse,0,93,
168338.773,refuse,0,93,
168353.773,refuse,0,93,
168368.773,refuse,0,93,
168383.773,refuse,0,93,
168395.471,conflict-at-land,2,88,
168398.773,refuse,0,93,
168410.471,start,2,88,
168413.773,refuse,0,93,
168428.773,refuse,0,93,
168443.773,refuse,0,93,
168458.773,refuse,0,93,
168473.773,refuse,0,93,
168488.773,refuse,0,93,
168503.773,refuse,0,93,
168515.019,conflict-at-land,2,88,
168518.773,refuse,0,93,
168530.019,start,2,88,
168533.773,refuse,0,93,
168548.773,refuse,0,93,
168563.773,refuse,0,93,
168578.773,refuse,0,93,
168593.773,refuse,0,93,
168594.601,conflict-at-land,3,3,
168608.773,refuse,0,93,
168609.601,start,3,3,
168617.02,conflict-at-land,2,88,
168623.773,refuse,0,93,
168632.02,start,2,88,
168638.773,refuse,0,93,
168653.773,refuse,0,93,
168668.773,refuse,0,93,
168683.773,refuse,0,93,
168698.773,refuse,0,93,
168713.773,refuse,0,93,
168718.019,conflict-at-land,2,88,
168728.773,refuse,0,93,
168733.019,start,2,88,
168743.773,refuse,0,93,
168758.773,refuse,0,93,
168773.773,refuse,0,93,
168788.773,refuse,0,93,
168803.773,refuse,0,93,
168805.233,conflict-at-land,2,88,
168818.773,refuse,0,93,
168820.233,start,2,88,
168833.773,refuse,0,93,
168848.773,refuse,0,93,
168863.773,refuse,0,93,
168878.773,refuse,0,93,
168893.773,refuse,0,93,
168908.773,refuse,0,93,
168909.837,conflict-at-land,2,88,
168923.773,refuse,0,93,
168924.837,start,2,88,
168938.773,refuse,0,93,
168953.773,refuse,0,93,
168968.773,refuse,0,93,
168983.773,refuse,0,93,
168986.233,conflict-at-land,2,88,
168998.773,refuse,0,93,
169001.233,start,2,88,
169013.773,refuse,0,93,
169028.773,refuse,0,93,
169043.773,refuse,0,93,
169058.773,refuse,0,93,
169073.773,refuse,0,93,
169088.773,refuse,0,93,
169098.021,conflict-at-land,2,88,
169103.773,refuse,0,93,
169113.021,start,2,88,
169118.773,refuse,0,93,
169133.773,refuse,0,93,
169148.773,refuse,0,93,
169163.773,refuse,0,93,
169178.773,refuse,0,93,
169193.773,refuse,0,93,
169208.773,refuse,0,93,
169215.405,conflict-at-land,2,88,
169223.773,refuse,0,93,
169230.405,start,2,88,
169238.773,refuse,0,93,
169253.773,refuse,0,93,
169268.773,refuse,0,93,
169283.773,refuse,0,93,
169298.773,refuse,0,93,
169313.773,refuse,0,93,
169320.587,conflict-at-land,2,88,
169328.773,refuse,0,93,
169335.587,start,2,88,
169343.773,refuse,0,93,
169358.773,refuse,0,93,
169373.773,refuse,0,93,
169388.773,refuse,0,93,
169403.773,refuse,0,93,
169414.757,conflict-at-land,2,88,
169418.773,refuse,0,93,
169429.757,start,2,88,
169433.773,refuse,0,93,
169448.773,refuse,0,93,
169463.773,refuse,0,93,
169478.773,refuse,0,93,
169493.773,refuse,0,93,
169508.773,refuse,0,93,
169523.773,refuse,0,93,
169525.926,conflict-at-land,2,88,
169538.773,refuse,0,93,
169540.926,start,2,88,
169553.773,refuse,0,93,
169568.773,refuse,0,93,
169583.773,refuse,0,93,
169598.773,refuse,0,93,
169613.773,refuse,0,93,
169622.365,conflict-at-land,2,88,
169628.773,refuse,0,93,
169637.365,start,2,88,
169643.773,refuse,0,93,
169658.773,refuse,0,93,
169673.773,refuse,0,93,
169688.773,refuse,0,93,
169703.773,refuse,0,93,
169718.773,refuse,0,93,
169733.773,refuse,0,93,
169748.727,conflict-at-land,2,88,
169748.773,refuse,0,93,
169763.727,start,2,88,
169763.773,refuse,0,93,
169778.773,refuse,0,93,
169793.773,refuse,0,93,
169808.773,refuse,0,93,
169823.773,refuse,0,93,
169838.773,refuse,0,93,
169853.773,refuse,0,93,
169868.773,refuse,0,93,
169871.841,conflict-at-land,2,88,
169883.773,refuse,0,93,
169886.841,start,2,88,
169898.773,refuse,0,93,
169913.773,refuse,0,93,
169928.773,refuse,0,93,
169943.773,refuse,0,93,
169958.773,refuse,0,93,
169970.389,conflict-at-land,2,88,
169973.773,refuse,0,93,
169985.389,start,2,88,
169988.773,refuse,0,93,
170003.773,refuse,0,93,
170018.773,refuse,0,93,
170033.773,refuse,0,93,
170048.773,refuse,0,93,
170063.773,refuse,0,93,
170078.773,refuse,0,93,
170088.297,conflict-at-land,2,88,
170093.773,refuse,0,93,
170103.297,start,2,88,
170108.773,refuse,0,93,
170123.773,refuse,0,93,
170138.773,refuse,0,93,
170153.773,refuse,0,93,
170168.773,refuse,0,93,
170176.981,conflict-at-land,2,88,
170183.773,refuse,0,93,
170191.981,start,2,88,
170198.773,refuse,0,93,
170213.773,refuse,0,93,
170228.773,refuse,0,93,
170243.773,refuse,0,93,
170258.773,refuse,0,93,
170273.773,refuse,0,93,
170288.773,refuse,0,93,
170301.361,conflict-at-land,2,88,
170303.773,refuse,0,93,
170316.361,start,2,88,
170318.773,refuse,0,93,
170333.773,refuse,0,93,
170345.006,conflict-at-land,3,3,
170348.773,refuse,0,93,
170360.006,start,3,3,
170363.773,refuse,0,93,
170378.773,refuse,0,93,
170393.773,refuse,0,93,
170408.773,refuse,0,93,
170412.148,conflict-at-land,2,88,
170423.773,refuse,0,93,
170427.148,start,2,88,
170438.773,refuse,0,93,
170453.773,refuse,0,93,
170468.773,refuse,0,93,
170483.773,refuse,0,93,
170498.773,refuse,0,93,
170513.773,refuse,0,93,
170521.597,conflict-at-land,2,88,
170528.773,refuse,0,93,
170536.597,start,2,88,
170543.773,refuse,0,93,
170558.773,refuse,0,93,
170573.773,refuse,0,93,
170588.773,refuse,0,93,
170603.773,refuse,0,93,
170617.325,conflict-at-land,2,88,
170618.773,refuse,0,93,
170632.325,start,2,88,
170633.773,refuse,0,93,
170648.773,refuse,0,93,
170663.773,refuse,0,93,
170678.773,refuse,0,93,
170693.773,refuse,0,93,
170708.773,refuse,0,93,
170723.773,refuse,0,93,
170727.029,conflict-at-land,2,88,
170738.773,refuse,0,93,
170742.029,start,2,88,
170753.773,refuse,0,93,
170768.773,refuse,0,93,
170783.773,refuse,0,93,
170798.773,refuse,0,93,
170808.994,conflict-at-land,2,88,
170813.773,refuse,0,93,
170823.994,start,2,88,
170828.773,refuse,0,93,
170843.773,refuse,0,93,
170858.773,refuse,0,93,
170858.773,abandon,0,93,
170858.773,start,0,94,
170866.354,land,0,94,
170866.354,start,0,95,
170878.863,land,0,95,
170878.863,start,0,96,
170890.919,land,0,96,
170890.919,start,0,97,
170902.87,conflict-at-land,2,88,
170904.176,land,0,97,
170904.176,start,0,98,
170915.724,land,0,98,
170915.724,start,0,99,
170917.87,start,2,88,
170941.542,land,0,99,
170941.542,start,0,100,
170947.021,land,0,100,
170947.021,start,0,101,
170961.746,land,0,101,
170961.746,start,0,102,
170974.101,land,0,102,
170974.101,start,0,103,
170999.863,conflict-at-land,2,88,
171014.863,start,2,88,
171090.785,conflict-at-land,2,88,
171099.995,land,0,103,
171099.995,refuse,0,104,
171105.785,start,2,88,
171114.995,refuse,0,104,
171129.995,refuse,0,104,
171144.995,refuse,0,104,
171159.995,refuse,0,104,
171174.995,refuse,0,104,
171189.995,refuse,0,104,
171204.995,refuse,0,104,
171209.217,conflict-at-land,2,88,
171219.995,refuse,0,104,
171224.217,start,2,88,
171234.995,refuse,0,104,
171249.995,refuse,0,104,
171264.995,refuse,0,104,
171279.995,refuse,0,104,
171294.995,refuse,0,104,
171309.995,refuse,0,104,
171324.162,conflict-at-land,2,88,
171324.995,refuse,0,104,
171339.162,start,2,88,
171339.995,refuse,0,104,
171354.995,refuse,0,104,
171369.995,refuse,0,104,
171384.995,refuse,0,104,
171399.995,refuse,0,104,
171414.995,refuse,0,104,
171429.995,refuse,0,104,
171432.997,conflict-at-land,2,88,
171444.995,refuse,0,104,
171447.997,start,2,88,
171459.995,refuse,0,104,
171474.995,refuse,0,104,
171489.995,refuse,0,104,
171504.995,refuse,0,104,
171511.491,conflict-at-land,2,88,
171519.995,refuse,0,104,
171526.491,start,2,88,
171534.995,refuse,0,104,
171549.995,refuse,0,104,
171564.995,refuse,0,104,
171579.995,refuse,0,104,
171594.995,refuse,0,104,
171609.995,refuse,0,104,
171621.901,conflict-at-land,2,88,
171624.995,refuse,0,104,
171636.901,start,2,88,
171639.995,refuse,0,104,
171654.995,refuse,0,104,
171669.995,refuse,0,104,
171684.995,refuse,0,104,
171699.995,refuse,0,104,
171702.653,conflict-at-land,2,88,
171714.995,refuse,0,104,
171717.653,start,2,88,
171729.995,refuse,0,104,
171744.995,refuse,0,104,
171759.995,refuse,0,104,
171774.995,refuse,0,104,
171789.42,conflict-at-land,2,88,
171789.995,refuse,0,104,
171804.42,start,2,88,
171804.995,refuse,0,104,
171819.995,refuse,0,104,
171834.995,refuse,0,104,
171849.995,refuse,0,104,
171864.995,refuse,0,104,
171878.545,conflict-at-land,2,88,
171879.995,refuse,0,104,
171893.545,start,2,88,
171894.995,refuse,0,104,
171909.995,refuse,0,104,
171918.98,conflict-at-land,3,3,
171924.995,refuse,0,104,
171933.98,start,3,3,
171939.995,refuse,0,104,
171954.995,refuse,0,104,
171969.995,refuse,0,104,
171984.995,refuse,0,104,
171999.995,refuse,0,104,
172006.061,conflict-at-land,2,88,
172014.995,refuse,0,104,
172021.061,start,2,88,
172029.995,refuse,0,104,
172044.995,refuse,0,104,
172059.995,refuse,0,104,
172074.995,refuse,0,104,
172089.995,refuse,0,104,
172098.233,conflict-at-land,2,88,
172104.995,refuse,0,104,
172113.233,start,2,88,
172119.995,refuse,0,104,
172134.995,refuse,0,104,
172149.995,refuse,0,104,
172164.995,refuse,0,104,
172179.295,conflict-at-land,2,88,
172179.995,refuse,0,104,
172194.295,start,2,88,
172194.995,refuse,0,104,
172209.995,refuse,0,104,
172224.995,refuse,0,104,
172239.995,refuse,0,104,
172254.995,refuse,0,104,
172269.995,refuse,0,104,
172277.03,conflict-at-land,2,88,
172284.995,refuse,0,104,
172292.03,start,2,88,
172299.995,refuse,0,104,
172314.995,refuse,0,104,
172329.995,refuse,0,104,
172344.995,refuse,0,104,
172359.995,refuse,0,104,
172374.995,refuse,0,104,
172389.995,refuse,0,104,
172394.095,conflict-at-land,2,88,
172404.995,refuse,0,104,
172409.095,start,2,88,
172419.995,refuse,0,104,
172434.995,refuse,0,104,
172449.995,refuse,0,104,
172464.995,refuse,0,104,
172479.995,refuse,0,104,
172487.91,conflict-at-land,2,88,
172494.995,refuse,0,104,
172502.91,start,2,88,
172509.995,refuse,0,104,
172524.995,refuse,0,104,
172539.995,refuse,0,104,
172554.995,refuse,0,104,
172569.995,refuse,0,104,
172584.995,refuse,0,104,
172585.837,conflict-at-land,2,88,
172599.995,refuse,0,104,
172600.837,start,2,88,
172614.995,refuse,0,104,
172629.995,refuse,0,104,
172644.995,refuse,0,104,
172659.995,refuse,0,104,
172667.742,conflict-at-land,2,88,
172674.995,refuse,0,104,
172682.742,start,2,88,
172689.995,refuse,0,104,
172704.995,refuse,0,104,
172719.995,refuse,0,104,
172734.995,refuse,0,104,
172749.995,refuse,0,104,
172751.919,conflict-at-land,2,88,
172764.995,refuse,0,104,
172766.919,start,2,88,
172779.995,refuse,0,104,
172794.995,refuse,0,104,
172809.995,refuse,0,104,
172824.995,refuse,0,104,
172833.56,conflict-at-land,2,88,
172839.995,refuse,0,104,
172848.56,start,2,88,
172854.995,refuse,0,104,
172869.995,refuse,0,104,
172884.995,refuse,0,104,
172899.995,refuse,0,104,
172914.995,refuse,0,104,
172929.995,refuse,0,104,
172944.995,refuse,0,104,
172952.916,conflict-at-land,2,88,
172959.995,refuse,0,104,
172967.916,start,2,88,
172974.995,refuse,0,104,
172989.995,refuse,0,104,
173004.995,refuse,0,104,
173019.995,refuse,0,104,
173034.995,refuse,0,104,
173049.995,refuse,0,104,
173064.995,refuse,0,104,
173073.146,conflict-at-land,2,88,
173079.995,refuse,0,104,
173088.146,start,2,88,
173094.995,refuse,0,104,
173109.995,refuse,0,104,
173124.995,refuse,0,104,
173139.995,refuse,0,104,
173154.995,refuse,0,104,
173169.995,refuse,0,104,
173173.568,conflict-at-land,2,88,
173184.995,refuse,0,104,
173188.568,start,2,88,
173199.995,refuse,0,104,
173214.995,refuse,0,104,
173229.995,refuse,0,104,
173244.995,refuse,0,104,
173259.995,refuse,0,104,
173274.995,refuse,0,104,
173279.383,conflict-at-land,2,88,
173279.383,abandon,2,88,
173279.383,refuse,2,105,
173289.995,refuse,0,104,
173294.383,refuse,2,105,
173304.995,refuse,0,104,
173309.383,refuse,2,105,
173319.995,refuse,0,104,
173324.383,refuse,2,105,
173334.995,refuse,0,104,
173339.383,refuse,2,105,
173349.995,refuse,0,104,
173354.383,refuse,2,105,
173364.995,refuse,0,104,
173369.383,refuse,2,105,
173379.995,refuse,0,104,
173384.383,refuse,2,105,
173394.995,refuse,0,104,
173399.383,refuse,2,105,
173409.995,refuse,0,104,
173414.383,refuse,2,105,
173424.995,refuse,0,104,
173429.383,refuse,2,105,
173439.995,refuse,0,104,
173444.383,refuse,2,105,
173454.995,refuse,0,104,
173459.383,refuse,2,105,
173469.995,refuse,0,104,
173474.383,refuse,2,105,
173484.995,refuse,0,104,
173489.383,refuse,2,105,
173499.995,refuse,0,104,
173504.383,refuse,2,105,
173514.995,refuse,0,104,
173519.383,refuse,2,105,
173529.995,refuse,0,104,
173534.383,refuse,2,105,
173544.995,refuse,0,104,
173549.383,refuse,2,105,
173559.995,refuse,0,104,
173564.383,refuse,2,105,
173574.995,refuse,0,104,
173579.383,refuse,2,105,
173589.995,refuse,0,104,
173594.383,refuse,2,105,
173604.995,refuse,0,104,
173609.383,refuse,2,105,
173619.995,refuse,0,104,
173624.383,refuse,2,105,
173634.995,refuse,0,104,
173639.383,refuse,2,105,
173649.995,refuse,0,104,
173654.383,refuse,2,105,
173664.995,refuse,0,104,
173669.383,refuse,2,105,
173679.995,refuse,0,104,
173684.383,refuse,2,105,
173694.995,refuse,0,104,
173699.383,refuse,2,105,
173709.995,refuse,0,104,
173714.383,refuse,2,105,
173724.995,refuse,0,104,
173729.383,refuse,2,105,
173739.995,refuse,0,104,
173744.383,refuse,2,105,
173754.995,refuse,0,104,
173759.383,refuse,2,105,
173769.995,refuse,0,104,
173774.383,refuse,2,105,
173784.995,refuse,0,104,
173789.383,refuse,2,105,
173799.995,refuse,0,104,
173804.383,refuse,2,105,
173814.995,refuse,0,104,
173819.383,refuse,2,105,
173829.995,refuse,0,104,
173834.383,refuse,2,105,
173844.995,refuse,0,104,
173849.383,refuse,2,105,
173859.995,refuse,0,104,
173864.383,refuse,2,105,
173874.995,refuse,0,104,
173879.383,refuse,2,105,
173889.995,refuse,0,104,
173894.383,refuse,2,105,
173904.995,refuse,0,104,
173909.383,refuse,2,105,
173919.995,refuse,0,104,
173924.383,refuse,2,105,
173934.995,refuse,0,104,
173939.383,refuse,2,105,
173949.995,refuse,0,104,
173954.383,refuse,2,105,
173959.752,conflict-at-land,3,3,
173964.995,refuse,0,104,
173969.383,refuse,2,105,
173974.752,start,3,3,
173979.995,refuse,0,104,
173984.383,refuse,2,105,
173994.995,refuse,0,104,
173999.383,refuse,2,105,
174009.995,refuse,0,104,
174014.383,refuse,2,105,
174024.995,refuse,0,104,
174029.383,refuse,2,105,
174039.995,refuse,0,104,
174044.383,refuse,2,105,
174054.995,refuse,0,104,
174059.383,refuse,2,105,
174069.995,refuse,0,104,
174074.383,refuse,2,105,
174084.995,refuse,0,104,
174089.383,refuse,2,105,
174099.995,refuse,0,104,
174099.995,abandon,0,104,
174099.995,refuse,0,106,
174104.383,refuse,2,105,
174114.995,refuse,0,106,
174119.383,refuse,2,105,
174129.995,refuse,0,106,
174134.383,refuse,2,105,
174144.995,refuse,0,106,
174149.383,refuse,2,105,
174159.995,refuse,0,106,
174164.383,refuse,2,105,
174174.995,refuse,0,106,
174179.383,refuse,2,105,
174189.995,refuse,0,106,
174194.383,refuse,2,105,
174204.995,refuse,0,106,
174209.383,refuse,2,105,
174219.995,refuse,0,106,
174224.383,refuse,2,105,
174234.995,refuse,0,106,
174239.383,refuse,2,105,
174249.995,refuse,0,106,
174254.383,refuse,2,105,
174264.995,refuse,0,106,
174269.383,refuse,2,105,
174279.995,refuse,0,106,
174284.383,refuse,2,105,
174294.995,refuse,0,106,
174299.383,refuse,2,105,
174309.995,refuse,0,106,
174314.383,refuse,2,105,
174324.995,refuse,0,106,
174329.383,refuse,2,105,
174339.995,refuse,0,106,
174344.383,refuse,2,105,
174354.995,refuse,0,106,
174359.383,refuse,2,105,
174369.995,refuse,0,106,
174374.383,refuse,2,105,
174384.995,refuse,0,106,
174389.383,refuse,2,105,
174399.995,refuse,0,106,
174403.548,conflict-at-land,1,8,
174404.383,start,2,105,
174414.995,refuse,0,106,
174418.548,refuse,1,8,
174429.995,refuse,0,106,
174433.548,refuse,1,8,
174444.995,refuse,0,106,
174448.548,refuse,1,8,
174459.995,refuse,0,106,
174463.548,refuse,1,8,
174474.995,refuse,0,106,
174478.548,refuse,1,8,
174489.995,refuse,0,106,
174493.548,refuse,1,8,
174504.995,refuse,0,106,
174508.548,refuse,1,8,
174511.26,conflict-at-land,2,105,
174519.995,start,0,106,
174523.548,refuse,1,8,
174526.26,refuse,2,105,
174538.548,refuse,1,8,
174541.26,refuse,2,105,
174553.548,refuse,1,8,
174556.26,refuse,2,105,
174568.548,refuse,1,8,
174571.26,refuse,2,105,
174583.548,refuse,1,8,
174586.26,refuse,2,105,
174598.548,refuse,1,8,
174601.26,refuse,2,105,
174613.548,refuse,1,8,
174616.26,refuse,2,105,
174628.548,refuse,1,8,
174631.26,refuse,2,105,
174643.548,refuse,1,8,
174646.26,refuse,2,105,
174658.548,refuse,1,8,
174660.315,conflict-at-land,0,106,
174661.26,start,2,105,
174673.548,refuse,1,8,
174675.315,refuse,0,106,
174688.548,refuse,1,8,
174690.315,refuse,0,106,
174703.548,refuse,1,8,
174705.315,refuse,0,106,
174718.548,refuse,1,8,
174720.315,refuse,0,106,
174733.548,refuse,1,8,
174735.315,refuse,0,106,
174748.548,refuse,1,8,
174748.565,conflict-at-land,2,105,
174750.315,start,0,106,
174763.548,refuse,1,8,
174763.565,refuse,2,105,
174778.548,refuse,1,8,
174778.565,refuse,2,105,
174793.548,refuse,1,8,
174793.565,refuse,2,105,
174808.548,refuse,1,8,
174808.565,refuse,2,105,
174823.548,refuse,1,8,
174823.565,refuse,2,105,
174838.548,refuse,1,8,
174838.565,refuse,2,105,
174853.548,refuse,1,8,
174853.565,refuse,2,105,
174868.548,refuse,1,8,
174868.565,refuse,2,105,
174883.548,refuse,1,8,
174883.565,refuse,2,105,
174898.548,refuse,1,8,
174898.565,refuse,2,105,
174913.548,refuse,1,8,
174913.565,refuse,2,105,
174928.548,refuse,1,8,
174928.565,refuse,2,105,
174940.999,conflict-at-land,0,106,
174943.548,start,1,8,
174943.565,refuse,2,105,
174955.999,refuse,0,106,
174958.565,refuse,2,105,
174970.999,refuse,0,106,
174973.565,refuse,2,105,
174985.999,refuse,0,106,
174988.565,refuse,2,105,
175000.999,refuse,0,106,
175003.565,refuse,2,105,
175015.999,refuse,0,106,
175018.565,refuse,2,105,
175030.999,refuse,0,106,
175033.565,refuse,2,105,
175045.999,refuse,0,106,
175048.565,refuse,2,105,
175060.999,refuse,0,106,
175063.565,refuse,2,105,
175075.999,refuse,0,106,
175078.565,refuse,2,105,
175090.999,refuse,0,106,
175093.565,refuse,2,105,
175105.999,refuse,0,106,
175108.565,refuse,2,105,
175120.999,refuse,0,106,
175123.565,refuse,2,105,
175135.999,refuse,0,106,
175138.565,refuse,2,105,
175150.999,refuse,0,106,
175153.565,refuse,2,105,
175165.999,refuse,0,106,
175168.565,refuse,2,105,
175180.999,refuse,0,106,
175183.565,refuse,2,105,
175195.999,refuse,0,106,
175198.565,refuse,2,105,
175210.999,refuse,0,106,
175213.565,refuse,2,105,
175225.999,refuse,0,106,
175228.565,refuse,2,105,
175240.999,refuse,0,106,
175243.565,refuse,2,105,
175255.999,refuse,0,106,
175258.565,refuse,2,105,
175270.999,refuse,0,106,
175273.565,refuse,2,105,
175285.999,refuse,0,106,
175288.565,refuse,2,105,
175300.999,refuse,0,106,
175303.565,refuse,2,105,
175315.999,refuse,0,106,
175318.565,refuse,2,105,
175330.999,refuse,0,106,
175333.565,refuse,2,105,
175345.999,refuse,0,106,
175348.565,refuse,2,105,
175360.999,refuse,0,106,
175363.565,refuse,2,105,
175375.999,refuse,0,106,
175378.565,refuse,2,105,
175390.999,refuse,0,106,
175393.565,refuse,2,105,
175405.999,refuse,0,106,
175408.565,refuse,2,105,
175420.999,refuse,0,106,
175423.565,refuse,2,105,
175435.999,refuse,0,106,
175438.565,refuse,2,105,
175450.999,refuse,0,106,
175453.565,refuse,2,105,
175465.999,refuse,0,106,
175468.565,refuse,2,105,
175480.999,refuse,0,106,
175483.565,refuse,2,105,
175495.999,refuse,0,106,
175498.565,refuse,2,105,
175510.999,refuse,0,106,
175513.565,refuse,2,105,
175525.999,refuse,0,106,
175528.565,refuse,2,105,
175540.999,refuse,0,106,
175543.565,refuse,2,105,
175555.999,refuse,0,106,
175558.565,refuse,2,105,
175570.999,refuse,0,106,
175573.565,refuse,2,105,
175585.999,refuse,0,106,
175588.565,refuse,2,105,
175600.999,refuse,0,106,
175603.565,refuse,2,105,
175615.999,refuse,0,106,
175618.565,refuse,2,105,
175630.999,refuse,0,106,
175633.565,refuse,2,105,
175645.999,refuse,0,106,
175648.565,refuse,2,105,
175660.999,refuse,0,106,
175663.565,refuse,2,105,
175675.999,refuse,0,106,
175678.565,refuse,2,105,
175690.999,refuse,0,106,
175693.565,refuse,2,105,
175705.999,refuse,0,106,
175708.565,refuse,2,105,
175720.999,refuse,0,106,
175723.565,refuse,2,105,
175735.999,refuse,0,106,
175738.565,refuse,2,105,
175750.999,refuse,0,106,
175753.565,refuse,2,105,
175765.999,refuse,0,106,
175768.565,refuse,2,105,
175780.999,refuse,0,106,
175783.565,refuse,2,105,
175795.999,refuse,0,106,
175798.565,refuse,2,105,
175810.999,refuse,0,106,
175813.565,refuse,2,105,
175825.999,refuse,0,106,
175828.565,refuse,2,105,
175840.999,refuse,0,106,
175843.565,refuse,2,105,
175855.999,refuse,0,106,
175858.565,refuse,2,105,
175870.999,refuse,0,106,
175873.565,refuse,2,105,
175885.999,refuse,0,106,
175888.565,refuse,2,105,
175900.999,refuse,0,106,
175903.565,refuse,2,105,
175915.999,refuse,0,106,
175918.565,refuse,2,105,
175930.999,refuse,0,106,
175933.565,refuse,2,105,
175945.999,refuse,0,106,
175948.565,refuse,2,105,
175960.999,refuse,0,106,
175963.565,refuse,2,105,
175975.999,refuse,0,106,
175978.565,refuse,2,105,
175990.999,refuse,0,106,
175993.565,refuse,2,105,
176005.999,refuse,0,106,
176008.565,refuse,2,105,
176020.999,refuse,0,106,
176023.565,refuse,2,105,
176035.999,refuse,0,106,
176038.565,refuse,2,105,
176050.999,refuse,0,106,
176053.565,refuse,2,105,
176055.533,conflict-at-land,3,3,
176065.999,refuse,0,106,
176068.565,refuse,2,105,
176070.533,start,3,3,
176080.999,refuse,0,106,
176083.565,refuse,2,105,
176095.999,refuse,0,106,
176098.565,refuse,2,105,
176110.999,refuse,0,106,
176113.565,refuse,2,105,
176125.999,refuse,0,106,
176128.565,refuse,2,105,
176140.999,refuse,0,106,
176143.565,refuse,2,105,
176155.999,refuse,0,106,
176158.565,refuse,2,105,
176170.999,refuse,0,106,
176173.565,refuse,2,105,
176185.999,refuse,0,106,
176188.565,refuse,2,105,
176200.999,refuse,0,106,
176203.565,refuse,2,105,
176215.999,refuse,0,106,
176218.565,refuse,2,105,
176230.999,refuse,0,106,
176233.565,refuse,2,105,
176245.999,refuse,0,106,
176248.565,refuse,2,105,
176260.999,refuse,0,106,
176263.565,refuse,2,105,
176275.999,refuse,0,106,
176278.565,refuse,2,105,
176290.999,refuse,0,106,
176293.565,refuse,2,105,
176305.999,refuse,0,106,
176308.565,refuse,2,105,
176320.999,refuse,0,106,
176323.565,refuse,2,105,
176335.999,refuse,0,106,
176338.565,refuse,2,105,
176350.999,refuse,0,106,
176353.565,refuse,2,105,
176365.999,refuse,0,106,
176368.565,refuse,2,105,
176380.999,refuse,0,106,
176383.565,refuse,2,105,
176395.999,refuse,0,106,
176398.565,refuse,2,105,
176410.999,refuse,0,106,
176413.565,refuse,2,105,
176425.999,refuse,0,106,
176428.565,refuse,2,105,
176440.999,refuse,0,106,
176443.565,refuse,2,105,
176455.999,refuse,0,106,
176458.565,refuse,2,105,
176470.999,refuse,0,106,
176473.565,refuse,2,105,
176473.565,abandon,2,105,
176473.565,refuse,2,107,
176485.999,refuse,0,106,
176488.565,refuse,2,107,
176500.999,refuse,0,106,
176503.565,refuse,2,107,
176515.999,refuse,0,106,
176518.565,refuse,2,107,
176530.999,refuse,0,106,
176533.565,refuse,2,107,
176545.999,refuse,0,106,
176548.565,refuse,2,107,
176560.999,refuse,0,106,
176563.565,refuse,2,107,
176575.999,refuse,0,106,
176578.565,refuse,2,107,
176590.999,refuse,0,106,
176593.565,refuse,2,107,
176605.999,refuse,0,106,
176608.565,refuse,2,107,
176620.999,refuse,0,106,
176623.565,refuse,2,107,
176635.999,refuse,0,106,
176638.565,refuse,2,107,
176650.999,refuse,0,106,
176653.565,refuse,2,107,
176665.999,refuse,0,106,
176668.565,refuse,2,107,
176680.999,refuse,0,106,
176683.565,refuse,2,107,
176695.999,refuse,0,106,
176698.565,refuse,2,107,
176710.999,refuse,0,106,
176713.565,refuse,2,107,
176725.999,refuse,0,106,
176728.565,refuse,2,107,
176740.999,refuse,0,106,
176743.565,refuse,2,107,
176755.999,refuse,0,106,
176758.565,refuse,2,107,
176770.999,refuse,0,106,
176773.565,refuse,2,107,
176785.999,refuse,0,106,
176788.565,refuse,2,107,
176800.999,refuse,0,106,
176803.565,refuse,2,107,
176815.999,refuse,0,106,
176818.565,refuse,2,107,
176830.999,refuse,0,106,
176833.565,refuse,2,107,
176845.999,refuse,0,106,
176848.565,refuse,2,107,
176860.999,refuse,0,106,
176863.565,refuse,2,107,
176875.999,refuse,0,106,
176878.565,refuse,2,107,
176890.999,refuse,0,106,
176893.565,refuse,2,107,
176905.999,refuse,0,106,
176908.565,refuse,2,107,
176920.999,refuse,0,106,
176923.565,refuse,2,107,
176935.999,refuse,0,106,
176938.565,refuse,2,107,
176950.999,refuse,0,106,
176953.565,refuse,2,107,
176965.999,refuse,0,106,
176968.565,refuse,2,107,
176980.999,refuse,0,106,
176983.565,refuse,2,107,
176995.999,refuse,0,106,
176998.565,refuse,2,107,
177010.999,refuse,0,106,
177013.565,refuse,2,107,
177025.999,refuse,0,106,
177028.565,refuse,2,107,
177040.999,refuse,0,106,
177043.565,refuse,2,107,
177055.999,refuse,0,106,
177058.565,refuse,2,107,
177070.999,refuse,0,106,
177073.565,refuse,2,107,
177085.999,refuse,0,106,
177088.565,refuse,2,107,
177100.999,refuse,0,106,
177103.565,refuse,2,107,
177115.999,refuse,0,106,
177118.565,refuse,2,107,
177130.999,refuse,0,106,
177133.565,refuse,2,107,
177145.999,refuse,0,106,
177148.565,refuse,2,107,
177160.999,refuse,0,106,
177163.565,refuse,2,107,
177175.999,refuse,0,106,
177178.565,refuse,2,107,
177190.999,refuse,0,106,
177193.565,refuse,2,107,
177205.999,refuse,0,106,
177208.565,refuse,2,107,
177220.999,refuse,0,106,
177223.565,refuse,2,107,
177235.999,refuse,0,106,
177238.565,refuse,2,107,
177250.999,refuse,0,106,
177253.565,refuse,2,107,
177265.999,refuse,0,106,
177268.565,refuse,2,107,
177280.999,refuse,0,106,
177283.565,refuse,2,107,
177295.999,refuse,0,106,
177298.565,refuse,2,107,
177310.999,refuse,0,106,
177313.565,refuse,2,107,
177325.999,refuse,0,106,
177328.565,refuse,2,107,
177340.999,refuse,0,106,
177343.565,refuse,2,107,
177355.999,refuse,0,106,
177358.565,refuse,2,107,
177370.999,refuse,0,106,
177373.565,refuse,2,107,
177385.999,refuse,0,106,
177388.565,refuse,2,107,
177400.999,refuse,0,106,
177403.565,refuse,2,107,
177415.999,refuse,0,106,
177418.565,refuse,2,107,
177430.999,refuse,0,106,
177430.999,abandon,0,106,
177430.999,refuse,0,108,
177433.565,refuse,2,107,
177445.999,refuse,0,108,
177448.565,refuse,2,107,
177460.999,refuse,0,108,
177463.565,refuse,2,107,
177475.999,refuse,0,108,
177478.565,refuse,2,107,
177490.999,refuse,0,108,
177493.565,refuse,2,107,
177505.999,refuse,0,108,
177508.565,refuse,2,107,
177520.999,refuse,0,108,
177523.565,refuse,2,107,
177535.999,refuse,0,108,
177538.565,refuse,2,107,
177550.999,refuse,0,108,
177553.565,refuse,2,107,
177565.999,refuse,0,108,
177568.565,refuse,2,107,
177580.999,refuse,0,108,
177583.565,refuse,2,107,
177595.999,refuse,0,108,
177598.565,refuse,2,107,
177610.999,refuse,0,108,
177613.565,refuse,2,107,
177625.999,refuse,0,108,
177628.565,refuse,2,107,
177640.999,refuse,0,108,
177643.565,refuse,2,107,
177655.999,refuse,0,108,
177658.565,refuse,2,107,
177670.999,refuse,0,108,
177673.565,refuse,2,107,
177685.999,refuse,0,108,
177688.565,refuse,2,107,
177700.999,refuse,0,108,
177703.565,refuse,2,107,
177715.999,refuse,0,108,
177718.565,refuse,2,107,
177730.999,refuse,0,108,
177733.565,refuse,2,107,
177745.999,refuse,0,108,
177748.565,refuse,2,107,
177760.999,refuse,0,108,
177763.565,refuse,2,107,
177775.999,refuse,0,108,
177778.565,refuse,2,107,
177790.999,refuse,0,108,
177793.565,refuse,2,107,
177805.999,refuse,0,108,
177808.565,refuse,2,107,
177820.999,refuse,0,108,
177823.565,refuse,2,107,
177835.999,refuse,0,108,
177838.565,refuse,2,107,
177850.999,refuse,0,108,
177853.565,refuse,2,107,
177865.999,refuse,0,108,
177868.565,refuse,2,107,
177880.999,refuse,0,108,
177883.565,refuse,2,107,
177895.999,refuse,0,108,
177898.565,refuse,2,107,
177910.999,refuse,0,108,
177913.565,refuse,2,107,
177925.999,refuse,0,108,
177928.565,refuse,2,107,
177940.999,refuse,0,108,
177943.565,refuse,2,107,
177955.999,refuse,0,108,
177958.565,refuse,2,107,
177970.999,refuse,0,108,
177973.565,refuse,2,107,
177985.999,refuse,0,108,
177988.565,refuse,2,107,
178000.999,refuse,0,108,
178003.565,refuse,2,107,
178015.999,refuse,0,108,
178018.565,refuse,2,107,
178030.999,refuse,0,108,
178033.565,refuse,2,107,
178045.999,refuse,0,108,
178048.565,refuse,2,107,
178060.999,refuse,0,108,
178063.565,refuse,2,107,
178075.999,refuse,0,108,
178078.565,refuse,2,107,
178090.999,refuse,0,108,
178093.565,refuse,2,107,
178105.999,refuse,0,108,
178108.565,refuse,2,107,
178120.999,refuse,0,108,
178123.565,refuse,2,107,
178135.999,refuse,0,108,
178138.565,refuse,2,107,
178150.999,refuse,0,108,
178153.565,refuse,2,107,
178165.999,refuse,0,108,
178168.565,refuse,2,107,
178180.999,refuse,0,108,
178183.565,refuse,2,107,
178195.999,refuse,0,108,
178198.565,refuse,2,107,
178210.999,refuse,0,108,
178213.565,refuse,2,107,
178225.999,refuse,0,108,
178228.565,refuse,2,107,
178240.999,refuse,0,108,
178243.565,refuse,2,107,
178255.999,refuse,0,108,
178258.565,refuse,2,107,
178270.999,refuse,0,108,
178273.565,refuse,2,107,
178285.999,refuse,0,108,
178288.565,refuse,2,107,
178300.999,refuse,0,108,
178303.565,refuse,2,107,
178315.999,refuse,0,108,
178318.565,refuse,2,107,
178330.999,refuse,0,108,
178333.565,refuse,2,107,
178345.999,refuse,0,108,
178348.565,refuse,2,107,
178360.999,refuse,0,108,
178363.565,refuse,2,107,
178375.999,refuse,0,108,
178378.565,refuse,2,107,
178390.999,refuse,0,108,
178393.565,refuse,2,107,
178405.999,refuse,0,108,
178408.565,refuse,2,107,
178420.999,refuse,0,108,
178423.565,refuse,2,107,
178435.999,refuse,0,108,
178438.565,refuse,2,107,
178450.999,refuse,0,108,
178453.565,refuse,2,107,
178465.999,refuse,0,108,
178468.565,refuse,2,107,
178480.999,refuse,0,108,
178483.565,refuse,2,107,
178495.999,refuse,0,108,
178498.565,refuse,2,107,
178510.999,refuse,0,108,
178513.565,refuse,2,107,
178525.999,refuse,0,108,
178528.565,refuse,2,107,
178540.999,refuse,0,108,
178543.565,refuse,2,107,
178555.999,refuse,0,108,
178558.565,refuse,2,107,
178570.999,refuse,0,108,
178573.565,refuse,2,107,
178585.999,refuse,0,108,
178588.565,refuse,2,107,
178600.999,refuse,0,108,
178603.565,refuse,2,107,
178615.999,refuse,0,108,
178618.565,refuse,2,107,
178630.999,refuse,0,108,
178633.565,refuse,2,107,
178645.999,refuse,0,108,
178648.565,refuse,2,107,
178660.999,refuse,0,108,
178663.565,refuse,2,107,
178675.999,refuse,0,108,
178678.565,refuse,2,107,
178690.999,refuse,0,108,
178693.565,refuse,2,107,
178705.999,refuse,0,108,
178708.565,refuse,2,107,
178720.999,refuse,0,108,
178723.565,refuse,2,107,
178735.999,refuse,0,108,
178738.565,refuse,2,107,
178750.999,refuse,0,108,
178753.565,refuse,2,107,
178765.999,refuse,0,108,
178768.565,refuse,2,107,
178780.999,refuse,0,108,
178783.565,refuse,2,107,
178795.999,refuse,0,108,
178798.565,refuse,2,107,
178810.999,refuse,0,108,
178813.565,refuse,2,107,
178825.999,refuse,0,108,
178828.565,refuse,2,107,
178840.999,refuse,0,108,
178843.565,refuse,2,107,
178855.999,refuse,0,108,
178858.565,refuse,2,107,
178870.999,refuse,0,108,
178873.565,refuse,2,107,
178885.999,refuse,0,108,
178888.565,refuse,2,107,
178900.999,refuse,0,108,
178903.565,refuse,2,107,
178915.999,refuse,0,108,
178918.565,refuse,2,107,
178930.999,refuse,0,108,
178933.565,refuse,2,107,
178945.999,refuse,0,108,
178948.565,refuse,2,107,
178957.146,conflict-at-land,3,3,
178960.999,refuse,0,108,
178963.565,refuse,2,107,
178972.146,start,3,3,
178975.999,refuse,0,108,
178978.565,refuse,2,107,
178990.999,refuse,0,108,
178993.565,refuse,2,107,
179005.999,refuse,0,108,
179008.565,refuse,2,107,
179020.999,refuse,0,108,
179023.565,refuse,2,107,
179035.999,refuse,0,108,
179038.565,refuse,2,107,
179050.999,refuse,0,108,
179053.565,refuse,2,107,
179065.999,refuse,0,108,
179068.565,refuse,2,107,
179080.999,refuse,0,108,
179083.565,refuse,2,107,
179095.999,refuse,0,108,
179098.565,refuse,2,107,
179110.999,refuse,0,108,
179113.565,refuse,2,107,
179125.999,refuse,0,108,
179128.565,refuse,2,107,
179140.999,refuse,0,108,
179143.565,refuse,2,107,
179155.999,refuse,0,108,
179158.565,refuse,2,107,
179170.999,refuse,0,108,
179173.565,refuse,2,107,
179185.999,refuse,0,108,
179188.565,refuse,2,107,
179200.999,refuse,0,108,
179203.565,refuse,2,107,
179215.999,refuse,0,108,
179218.565,refuse,2,107,
179230.999,refuse,0,108,
179233.565,refuse,2,107,
179245.999,refuse,0,108,
179248.565,refuse,2,107,
179260.999,refuse,0,108,
179263.565,refuse,2,107,
179275.999,refuse,0,108,
179278.565,refuse,2,107,
179290.999,refuse,0,108,
179293.565,refuse,2,107,
179305.999,refuse,0,108,
179308.565,refuse,2,107,
179320.999,refuse,0,108,
179323.565,refuse,2,107,
179335.999,refuse,0,108,
179338.565,refuse,2,107,
179350.999,refuse,0,108,
179353.565,refuse,2,107,
179365.999,refuse,0,108,
179368.565,refuse,2,107,
179380.999,refuse,0,108,
179383.565,refuse,2,107,
179395.999,refuse,0,108,
179398.565,refuse,2,107,
179410.999,refuse,0,108,
179413.565,refuse,2,107,
179425.999,refuse,0,108,
179428.565,refuse,2,107,
179440.999,refuse,0,108,
179443.565,refuse,2,107,
179455.999,refuse,0,108,
179458.565,refuse,2,107,
179470.999,refuse,0,108,
179473.565,refuse,2,107,
179473.565,abandon,2,107,
179473.565,refuse,2,109,
179485.999,refuse,0,108,
179488.565,refuse,2,109,
179500.999,refuse,0,108,
179503.565,refuse,2,109,
179515.999,refuse,0,108,
179518.565,refuse,2,109,
179530.999,refuse,0,108,
179533.565,refuse,2,109,
179545.999,refuse,0,108,
179548.565,refuse,2,109,
179560.999,refuse,0,108,
179563.565,refuse,2,109,
179575.999,refuse,0,108,
179578.565,refuse,2,109,
179590.999,refuse,0,108,
179593.565,refuse,2,109,
179605.999,refuse,0,108,
179608.565,refuse,2,109,
179620.999,refuse,0,108,
179623.565,refuse,2,109,
179635.999,refuse,0,108,
179638.565,refuse,2,109,
179650.999,refuse,0,108,
179653.565,refuse,2,109,
179665.999,refuse,0,108,
179668.565,refuse,2,109,
179680.999,refuse,0,108,
179683.565,refuse,2,109,
179695.999,refuse,0,108,
179698.565,refuse,2,109,
179710.999,refuse,0,108,
179713.565,refuse,2,109,
179725.999,refuse,0,108,
179728.565,refuse,2,109,
179740.999,refuse,0,108,
179743.565,refuse,2,109,
179755.999,refuse,0,108,
179758.565,refuse,2,109,
179770.999,refuse,0,108,
179773.565,refuse,2,109,
179785.999,refuse,0,108,
179788.565,refuse,2,109,
179800.999,refuse,0,108,
179803.565,refuse,2,109,
179815.999,refuse,0,108,
179818.565,refuse,2,109,
179830.999,refuse,0,108,
179833.565,refuse,2,109,
179845.999,refuse,0,108,
179848.565,refuse,2,109,
179860.999,refuse,0,108,
179863.565,refuse,2,109,
179875.999,refuse,0,108,
179878.565,refuse,2,109,
179890.999,refuse,0,108,
179893.565,refuse,2,109,
179905.999,refuse,0,108,
179908.565,refuse,2,109,
179920.999,refuse,0,108,
179923.565,refuse,2,109,
179935.999,refuse,0,108,
179938.565,refuse,2,109,
179950.999,refuse,0,108,
179953.565,refuse,2,109,
179965.999,refuse,0,108,
179968.565,refuse,2,109,
179980.999,refuse,0,108,
179983.565,refuse,2,109,
179995.999,refuse,0,108,
179998.565,refuse,2,109,
180010.999,refuse,0,108,
180013.565,refuse,2,109,
180025.999,refuse,0,108,
180028.565,refuse,2,109,
180040.999,refuse,0,108,
180043.565,refuse,2,109,
180055.999,refuse,0,108,
180058.565,refuse,2,109,
180070.999,refuse,0,108,
180073.565,refuse,2,109,
180085.999,refuse,0,108,
180088.565,refuse,2,109,
180100.999,refuse,0,108,
180103.565,refuse,2,109,
180115.999,refuse,0,108,
180118.565,refuse,2,109,
180130.999,refuse,0,108,
180133.565,refuse,2,109,
180145.999,refuse,0,108,
180148.565,refuse,2,109,
180160.999,refuse,0,108,
180163.565,refuse,2,109,
180175.999,refuse,0,108,
180178.565,refuse,2,109,
180190.999,refuse,0,108,
180193.565,refuse,2,109,
180205.999,refuse,0,108,
180208.565,refuse,2,109,
180220.999,refuse,0,108,
180223.565,refuse,2,109,
180235.999,refuse,0,108,
180238.565,refuse,2,109,
180250.999,refuse,0,108,
180253.565,refuse,2,109,
180265.999,refuse,0,108,
180268.565,refuse,2,109,
180280.999,refuse,0,108,
180283.565,refuse,2,109,
180295.999,refuse,0,108,
180298.565,refuse,2,109,
180310.999,refuse,0,108,
180313.565,refuse,2,109,
180325.999,refuse,0,108,
180328.565,refuse,2,109,
180340.999,refuse,0,108,
180343.565,refuse,2,109,
180355.999,refuse,0,108,
180358.565,refuse,2,109,
180370.999,refuse,0,108,
180373.565,refuse,2,109,
180385.999,refuse,0,108,
180388.565,refuse,2,109,
180400.999,refuse,0,108,
180403.565,refuse,2,109,
180415.999,refuse,0,108,
180418.565,refuse,2,109,
180430.999,refuse,0,108,
180430.999,abandon,0,108,
180430.999,refuse,0,110,
180433.565,refuse,2,109,
180445.999,refuse,0,110,
180448.565,refuse,2,109,
180460.999,refuse,0,110,
180463.565,refuse,2,109,
180475.999,refuse,0,110,
180478.565,refuse,2,109,
180490.999,refuse,0,110,
180493.565,refuse,2,109,
180505.999,refuse,0,110,
180508.565,refuse,2,109,
180520.999,refuse,0,110,
180523.565,refuse,2,109,
180535.999,refuse,0,110,
180538.565,refuse,2,109,
180550.999,refuse,0,110,
180553.565,refuse,2,109,
180565.999,refuse,0,110,
180568.565,refuse,2,109,
180580.999,refuse,0,110,
180583.565,refuse,2,109,
180595.999,refuse,0,110,
180598.565,refuse,2,109,
180610.999,refuse,0,110,
180613.565,refuse,2,109,
180625.999,refuse,0,110,
180628.565,refuse,2,109,
180640.999,refuse,0,110,
180643.565,refuse,2,109,
180655.999,refuse,0,110,
180658.565,refuse,2,109,
180670.999,refuse,0,110,
180673.565,refuse,2,109,
180685.999,refuse,0,110,
180688.565,refuse,2,109,
180700.999,refuse,0,110,
180703.565,refuse,2,109,
180715.999,refuse,0,110,
180718.565,refuse,2,109,
180730.999,refuse,0,110,
180733.565,refuse,2,109,
180745.999,refuse,0,110,
180748.565,refuse,2,109,
180760.999,refuse,0,110,
180763.565,refuse,2,109,
180775.999,refuse,0,110,
180778.565,refuse,2,109,
180790.999,refuse,0,110,
180793.565,refuse,2,109,
180805.999,refuse,0,110,
180808.565,refuse,2,109,
180820.999,refuse,0,110,
180823.565,refuse,2,109,
180835.999,refuse,0,110,
180838.565,refuse,2,109,
180850.999,refuse,0,110,
180853.565,refuse,2,109,
180865.999,refuse,0,110,
180868.565,refuse,2,109,
180880.999,refuse,0,110,
180883.565,refuse,2,109,
180895.999,refuse,0,110,
180898.565,refuse,2,109,
180910.999,refuse,0,110,
180913.565,refuse,2,109,
180925.999,refuse,0,110,
180928.565,refuse,2,109,
180940.999,refuse,0,110,
180943.565,refuse,2,109,
180955.999,refuse,0,110,
180958.565,refuse,2,109,
180970.999,refuse,0,110,
180973.565,refuse,2,109,
180985.999,refuse,0,110,
180988.565,refuse,2,109,
181000.999,refuse,0,110,
181003.565,refuse,2,109,
181015.999,refuse,0,110,
181018.565,refuse,2,109,
181030.999,refuse,0,110,
181033.565,refuse,2,109,
181045.999,refuse,0,110,
181048.565,refuse,2,109,
181060.999,refuse,0,110,
181063.565,refuse,2,109,
181075.999,refuse,0,110,
181078.565,refuse,2,109,
181090.999,refuse,0,110,
181093.565,refuse,2,109,
181105.999,refuse,0,110,
181108.565,refuse,2,109,
181120.999,refuse,0,110,
181123.565,refuse,2,109,
181135.999,refuse,0,110,
181138.565,refuse,2,109,
181150.999,refuse,0,110,
181152.675,conflict-at-land,3,3,
181153.565,refuse,2,109,
181165.999,refuse,0,110,
181167.675,start,3,3,
181168.565,refuse,2,109,
181180.999,refuse,0,110,
181183.565,refuse,2,109,
181195.999,refuse,0,110,
181198.565,refuse,2,109,
181210.999,refuse,0,110,
181213.565,refuse,2,109,
181225.999,refuse,0,110,
181228.565,refuse,2,109,
181240.999,refuse,0,110,
181243.565,refuse,2,109,
181255.999,refuse,0,110,
181258.565,refuse,2,109,
181270.999,refuse,0,110,
181273.565,refuse,2,109,
181285.999,refuse,0,110,
181288.565,refuse,2,109,
181300.999,refuse,0,110,
181303.565,refuse,2,109,
181315.999,refuse,0,110,
181318.565,refuse,2,109,
181330.999,refuse,0,110,
181333.565,refuse,2,109,
181345.999,refuse,0,110,
181348.565,refuse,2,109,
181360.999,refuse,0,110,
181363.565,refuse,2,109,
181375.999,refuse,0,110,
181378.565,refuse,2,109,
181390.999,refuse,0,110,
181393.565,refuse,2,109,
181405.999,refuse,0,110,
181408.565,refuse,2,109,
181420.999,refuse,0,110,
181423.565,refuse,2,109,
181435.999,refuse,0,110,
181438.565,refuse,2,109,
181450.999,refuse,0,110,
181453.565,refuse,2,109,
181465.999,refuse,0,110,
181468.565,refuse,2,109,
181480.999,refuse,0,110,
181483.565,refuse,2,109,
181495.999,refuse,0,110,
181498.565,refuse,2,109,
181510.999,refuse,0,110,
181513.565,refuse,2,109,
181525.999,refuse,0,110,
181528.565,refuse,2,109,
181540.999,refuse,0,110,
181543.565,refuse,2,109,
181555.999,refuse,0,110,
181558.565,refuse,2,109,
181570.999,refuse,0,110,
181573.565,refuse,2,109,
181585.999,refuse,0,110,
181588.565,refuse,2,109,
181600.999,refuse,0,110,
181603.565,refuse,2,109,
181615.999,refuse,0,110,
181618.565,refuse,2,109,
181630.999,refuse,0,110,
181633.565,refuse,2,109,
181645.999,refuse,0,110,
181648.565,refuse,2,109,
181660.999,refuse,0,110,
181663.565,refuse,2,109,
181675.999,refuse,0,110,
181678.565,refuse,2,109,
181690.999,refuse,0,110,
181693.565,refuse,2,109,
181705.999,refuse,0,110,
181708.565,refuse,2,109,
181720.999,refuse,0,110,
181723.565,refuse,2,109,
181735.999,refuse,0,110,
181738.565,refuse,2,109,
181750.999,refuse,0,110,
181753.565,refuse,2,109,
181765.999,refuse,0,110,
181768.565,refuse,2,109,
181780.999,refuse,0,110,
181783.565,refuse,2,109,
181795.999,refuse,0,110,
181798.565,refuse,2,109,
181810.999,refuse,0,110,
181813.565,refuse,2,109,
181825.999,refuse,0,110,
181828.565,refuse,2,109,
181840.999,refuse,0,110,
181843.565,refuse,2,109,
181855.999,refuse,0,110,
181858.565,refuse,2,109,
181870.999,refuse,0,110,
181873.565,refuse,2,109,
181885.999,refuse,0,110,
181888.565,refuse,2,109,
181900.999,refuse,0,110,
181903.565,refuse,2,109,
181915.999,refuse,0,110,
181918.565,refuse,2,109,
181930.999,refuse,0,110,
181933.565,refuse,2,109,
181945.999,refuse,0,110,
181948.565,refuse,2,109,
181960.999,refuse,0,110,
181963.565,refuse,2,109,
181975.999,refuse,0,110,
181978.565,refuse,2,109,
181990.999,refuse,0,110,
181993.565,refuse,2,109,
182005.999,refuse,0,110,
182008.565,refuse,2,109,
182020.999,refuse,0,110,
182023.565,refuse,2,109,
182035.999,refuse,0,110,
182038.565,refuse,2,109,
182050.999,refuse,0,110,
182053.565,refuse,2,109,
182065.999,refuse,0,110,
182068.565,refuse,2,109,
182080.999,refuse,0,110,
182083.565,refuse,2,109,
182095.999,refuse,0,110,
182098.565,refuse,2,109,
182110.999,refuse,0,110,
182113.565,refuse,2,109,
182125.999,refuse,0,110,
182128.565,refuse,2,109,
182140.999,refuse,0,110,
182143.565,refuse,2,109,
182155.999,refuse,0,110,
182158.565,refuse,2,109,
182170.999,refuse,0,110,
182173.565,refuse,2,109,
182185.999,refuse,0,110,
182188.565,refuse,2,109,
182200.999,refuse,0,110,
182203.565,refuse,2,109,
182215.999,refuse,0,110,
182218.565,refuse,2,109,
182230.999,refuse,0,110,
182233.565,refuse,2,109,
182245.999,refuse,0,110,
182248.565,refuse,2,109,
182260.999,refuse,0,110,
182263.565,refuse,2,109,
182275.999,refuse,0,110,
182278.565,refuse,2,109,
182290.999,refuse,0,110,
182293.565,refuse,2,109,
182305.999,refuse,0,110,
182308.565,refuse,2,109,
182320.999,refuse,0,110,
182323.565,refuse,2,109,
182335.999,refuse,0,110,
182338.565,refuse,2,109,
182350.999,refuse,0,110,
182353.565,refuse,2,109,
182365.999,refuse,0,110,
182368.565,refuse,2,109,
182380.999,refuse,0,110,
182383.565,refuse,2,109,
182395.999,refuse,0,110,
182398.565,refuse,2,109,
182410.999,refuse,0,110,
182413.565,refuse,2,109,
182425.999,refuse,0,110,
182428.565,refuse,2,109,
182440.999,refuse,0,110,
182443.565,refuse,2,109,
182455.999,refuse,0,110,
182458.565,refuse,2,109,
182470.999,refuse,0,110,
182473.565,refuse,2,109,
182473.565,abandon,2,109,
182473.565,refuse,2,111,
182485.999,refuse,0,110,
182488.565,refuse,2,111,
182500.999,refuse,0,110,
182503.565,refuse,2,111,
182515.999,refuse,0,110,
182518.565,refuse,2,111,
182530.999,refuse,0,110,
182533.565,refuse,2,111,
182545.999,refuse,0,110,
182548.565,refuse,2,111,
182560.999,refuse,0,110,
182563.565,refuse,2,111,
182575.999,refuse,0,110,
182578.565,refuse,2,111,
182590.999,refuse,0,110,
182593.565,refuse,2,111,
182605.999,refuse,0,110,
182608.565,refuse,2,111,
182620.999,refuse,0,110,
182623.565,refuse,2,111,
182635.999,refuse,0,110,
182638.565,refuse,2,111,
182650.999,refuse,0,110,
182653.565,refuse,2,111,
182665.999,refuse,0,110,
182668.565,refuse,2,111,
182680.999,refuse,0,110,
182683.565,refuse,2,111,
182695.999,refuse,0,110,
182698.565,refuse,2,111,
182710.999,refuse,0,110,
182713.565,refuse,2,111,
182725.9,conflict-at-land,3,3,
182725.999,refuse,0,110,
182728.565,start,2,111,
182740.9,refuse,3,3,
182740.999,refuse,0,110,
182755.9,refuse,3,3,
182755.999,refuse,0,110,
182770.9,refuse,3,3,
182770.999,refuse,0,110,
182779.116,conflict-at-land,2,111,
182785.9,start,3,3,
182785.999,refuse,0,110,
182794.116,refuse,2,111,
182800.999,refuse,0,110,
182809.116,refuse,2,111,
182815.999,refuse,0,110,
182824.116,refuse,2,111,
182830.999,refuse,0,110,
182839.116,refuse,2,111,
182845.999,refuse,0,110,
182854.116,refuse,2,111,
182860.999,refuse,0,110,
182869.116,refuse,2,111,
182875.999,refuse,0,110,
182884.116,refuse,2,111,
182890.999,refuse,0,110,
182899.116,refuse,2,111,
182905.999,refuse,0,110,
182914.116,refuse,2,111,
182920.999,refuse,0,110,
182929.116,refuse,2,111,
182935.999,refuse,0,110,
182944.116,refuse,2,111,
182950.999,refuse,0,110,
182959.116,refuse,2,111,
182965.999,refuse,0,110,
182974.116,refuse,2,111,
182980.999,refuse,0,110,
182989.116,refuse,2,111,
182995.999,refuse,0,110,
183004.116,refuse,2,111,
183010.999,refuse,0,110,
183019.116,refuse,2,111,
183025.999,refuse,0,110,
183034.116,refuse,2,111,
183040.999,refuse,0,110,
183049.116,refuse,2,111,
183055.999,refuse,0,110,
183064.116,refuse,2,111,
183070.999,refuse,0,110,
183079.116,refuse,2,111,
183085.999,refuse,0,110,
183094.116,refuse,2,111,
183100.999,refuse,0,110,
183109.116,refuse,2,111,
183115.999,refuse,0,110,
183124.116,refuse,2,111,
183130.999,refuse,0,110,
183139.116,refuse,2,111,
183145.999,refuse,0,110,
183154.116,refuse,2,111,
183160.999,refuse,0,110,
183169.116,refuse,2,111,
183175.999,refuse,0,110,
183184.116,refuse,2,111,
183190.999,refuse,0,110,
183199.116,refuse,2,111,
183205.999,refuse,0,110,
183214.116,refuse,2,111,
183220.999,refuse,0,110,
183229.116,refuse,2,111,
183235.999,refuse,0,110,
183244.116,refuse,2,111,
183250.999,refuse,0,110,
183259.116,refuse,2,111,
183265.999,refuse,0,110,
183274.116,refuse,2,111,
183280.999,refuse,0,110,
183289.116,refuse,2,111,
183295.999,refuse,0,110,
183304.116,refuse,2,111,
183310.999,refuse,0,110,
183319.116,refuse,2,111,
183325.999,refuse,0,110,
183334.116,refuse,2,111,
183340.999,refuse,0,110,
183349.116,refuse,2,111,
183355.999,refuse,0,110,
183364.116,refuse,2,111,
183370.999,refuse,0,110,
183379.116,refuse,2,111,
183385.999,refuse,0,110,
183394.116,refuse,2,111,
183400.999,refuse,0,110,
183409.116,refuse,2,111,
183415.999,refuse,0,110,
183424.116,refuse,2,111,
183430.999,refuse,0,110,
183430.999,abandon,0,110,
183430.999,refuse,0,112,
183439.116,refuse,2,111,
183445.999,refuse,0,112,
183454.116,refuse,2,111,
183460.999,refuse,0,112,
183469.116,refuse,2,111,
183475.999,refuse,0,112,
183484.116,refuse,2,111,
183490.999,refuse,0,112,
183499.116,refuse,2,111,
183505.999,refuse,0,112,
183514.116,refuse,2,111,
183520.999,refuse,0,112,
183529.116,refuse,2,111,
183535.999,refuse,0,112,
183544.116,refuse,2,111,
183550.999,refuse,0,112,
183559.116,refuse,2,111,
183565.999,refuse,0,112,
183574.116,refuse,2,111,
183580.999,refuse,0,112,
183589.116,refuse,2,111,
183595.999,refuse,0,112,
183604.116,refuse,2,111,
183610.999,refuse,0,112,
183619.116,refuse,2,111,
183625.999,refuse,0,112,
183634.116,refuse,2,111,
183640.999,refuse,0,112,
183649.116,refuse,2,111,
183655.999,refuse,0,112,
183664.116,refuse,2,111,
183670.999,refuse,0,112,
183679.116,refuse,2,111,
183685.999,refuse,0,112,
183694.116,refuse,2,111,
183700.999,refuse,0,112,
183709.116,refuse,2,111,
183715.999,refuse,0,112,
183724.116,refuse,2,111,
183730.999,refuse,0,112,
183739.116,refuse,2,111,
183745.999,refuse,0,112,
183754.116,refuse,2,111,
183760.999,refuse,0,112,
183769.116,refuse,2,111,
183775.999,refuse,0,112,
183784.116,refuse,2,111,
183790.999,refuse,0,112,
183799.116,refuse,2,111,
183805.999,refuse,0,112,
183814.116,refuse,2,111,
183820.999,refuse,0,112,
183829.116,refuse,2,111,
183835.999,refuse,0,112,
183844.116,refuse,2,111,
183850.999,refuse,0,112,
183859.116,refuse,2,111,
183865.999,refuse,0,112,
183874.116,refuse,2,111,
183880.999,refuse,0,112,
183889.116,refuse,2,111,
183895.999,refuse,0,112,
183904.116,refuse,2,111,
183910.999,refuse,0,112,
183919.116,refuse,2,111,
183925.999,refuse,0,112,
183934.116,refuse,2,111,
183940.999,refuse,0,112,
183949.116,refuse,2,111,
183955.999,refuse,0,112,
183964.116,refuse,2,111,
183970.999,refuse,0,112,
183979.116,refuse,2,111,
183985.999,refuse,0,112,
183994.116,refuse,2,111,
184000.999,refuse,0,112,
184009.116,refuse,2,111,
184015.999,refuse,0,112,
184024.116,refuse,2,111,
184030.999,refuse,0,112,
184039.116,refuse,2,111,
184045.999,refuse,0,112,
184054.116,refuse,2,111,
184060.999,refuse,0,112,
184069.116,refuse,2,111,
184075.999,refuse,0,112,
184084.116,refuse,2,111,
184090.999,refuse,0,112,
184099.116,refuse,2,111,
184105.999,refuse,0,112,
184114.116,refuse,2,111,
184120.999,refuse,0,112,
184129.116,refuse,2,111,
184135.999,refuse,0,112,
184144.116,refuse,2,111,
184150.999,refuse,0,112,
184159.116,refuse,2,111,
184165.999,refuse,0,112,
184174.116,refuse,2,111,
184180.999,refuse,0,112,
184189.116,refuse,2,111,
184195.999,refuse,0,112,
184204.116,refuse,2,111,
184210.999,refuse,0,112,
184219.116,refuse,2,111,
184225.999,refuse,0,112,
184234.116,refuse,2,111,
184240.999,refuse,0,112,
184249.116,refuse,2,111,
184255.999,refuse,0,112,
184264.116,refuse,2,111,
184270.999,refuse,0,112,
184279.116,refuse,2,111,
184285.999,refuse,0,112,
184294.116,refuse,2,111,
184300.999,refuse,0,112,
184309.116,refuse,2,111,
184315.999,refuse,0,112,
184324.116,refuse,2,111,
184330.999,refuse,0,112,
184339.116,refuse,2,111,
184345.999,refuse,0,112,
184354.116,refuse,2,111,
184360.999,refuse,0,112,
184369.116,refuse,2,111,
184375.999,refuse,0,112,
184384.116,refuse,2,111,
184390.999,refuse,0,112,
184399.116,refuse,2,111,
184405.999,refuse,0,112,
184414.116,refuse,2,111,
184420.999,refuse,0,112,
184429.116,refuse,2,111,
184435.999,refuse,0,112,
184444.116,refuse,2,111,
184450.999,refuse,0,112,
184459.116,refuse,2,111,
184465.999,refuse,0,112,
184474.116,refuse,2,111,
184480.999,refuse,0,112,
184489.116,refuse,2,111,
184495.999,refuse,0,112,
184504.116,refuse,2,111,
184510.999,refuse,0,112,
184519.116,refuse,2,111,
184525.999,refuse,0,112,
184534.116,refuse,2,111,
184540.999,refuse,0,112,
184549.116,refuse,2,111,
184555.999,refuse,0,112,
184564.116,refuse,2,111,
184570.999,refuse,0,112,
184579.116,refuse,2,111,
184585.999,refuse,0,112,
184594.116,refuse,2,111,
184600.999,refuse,0,112,
184609.116,refuse,2,111,
184615.999,refuse,0,112,
184624.116,refuse,2,111,
184630.999,refuse,0,112,
184639.116,refuse,2,111,
184645.999,refuse,0,112,
184654.116,refuse,2,111,
184660.999,refuse,0,112,
184669.116,refuse,2,111,
184675.999,refuse,0,112,
184684.116,refuse,2,111,
184690.999,refuse,0,112,
184699.116,refuse,2,111,
184705.999,refuse,0,112,
184714.116,refuse,2,111,
184720.999,refuse,0,112,
184729.116,refuse,2,111,
184735.999,refuse,0,112,
184744.116,refuse,2,111,
184750.999,refuse,0,112,
184759.116,refuse,2,111,
184765.999,refuse,0,112,
184774.116,refuse,2,111,
184780.999,refuse,0,112,
184789.116,refuse,2,111,
184795.999,refuse,0,112,
184804.116,refuse,2,111,
184810.999,refuse,0,112,
184819.116,refuse,2,111,
184825.999,refuse,0,112,
184834.116,refuse,2,111,
184840.999,refuse,0,112,
184849.116,refuse,2,111,
184855.999,refuse,0,112,
184864.116,refuse,2,111,
184870.999,refuse,0,112,
184879.116,refuse,2,111,
184885.999,refuse,0,112,
184894.116,refuse,2,111,
184900.999,refuse,0,112,
184909.116,refuse,2,111,
184915.999,refuse,0,112,
184924.116,refuse,2,111,
184930.999,refuse,0,112,
184939.116,refuse,2,111,
184945.999,refuse,0,112,
184954.116,refuse,2,111,
184960.999,refuse,0,112,
184969.116,refuse,2,111,
184975.999,refuse,0,112,
184984.116,refuse,2,111,
184990.999,refuse,0,112,
184999.116,refuse,2,111,
185005.999,refuse,0,112,
185014.116,refuse,2,111,
185020.999,refuse,0,112,
185029.116,refuse,2,111,
185035.999,refuse,0,112,
185044.116,refuse,2,111,
185050.999,refuse,0,112,
185059.116,refuse,2,111,
185065.999,refuse,0,112,
185074.116,refuse,2,111,
185080.999,refuse,0,112,
185089.116,refuse,2,111,
185095.999,refuse,0,112,
185104.116,refuse,2,111,
185110.999,refuse,0,112,
185119.116,refuse,2,111,
185125.999,refuse,0,112,
185134.116,refuse,2,111,
185140.999,refuse,0,112,
185149.116,refuse,2,111,
185155.999,refuse,0,112,
185164.116,refuse,2,111,
185170.999,refuse,0,112,
185179.116,refuse,2,111,
185185.999,refuse,0,112,
185194.116,refuse,2,111,
185200.999,refuse,0,112,
185209.116,refuse,2,111,
185215.999,refuse,0,112,
185224.116,refuse,2,111,
185230.999,refuse,0,112,
185239.116,refuse,2,111,
185245.999,refuse,0,112,
185254.116,refuse,2,111,
185260.999,refuse,0,112,
185269.116,refuse,2,111,
185275.999,refuse,0,112,
185284.116,refuse,2,111,
185290.999,refuse,0,112,
185299.116,refuse,2,111,
185305.999,refuse,0,112,
185314.116,refuse,2,111,
185320.999,refuse,0,112,
185329.116,refuse,2,111,
185335.999,refuse,0,112,
185344.116,refuse,2,111,
185350.999,refuse,0,112,
185359.116,refuse,2,111,
185365.999,refuse,0,112,
185374.116,refuse,2,111,
185380.999,refuse,0,112,
185389.116,refuse,2,111,
185395.999,refuse,0,112,
185404.116,refuse,2,111,
185410.999,refuse,0,112,
185419.116,refuse,2,111,
185425.999,refuse,0,112,
185434.116,refuse,2,111,
185440.999,refuse,0,112,
185449.116,refuse,2,111,
185455.999,refuse,0,112,
185464.116,refuse,2,111,
185470.999,refuse,0,112,
185479.116,refuse,2,111,
185485.999,refuse,0,112,
185494.116,refuse,2,111,
185500.999,refuse,0,112,
185502.615,conflict-at-land,3,3,
185509.116,start,2,111,
185515.999,refuse,0,112,
185517.615,refuse,3,3,
185530.999,refuse,0,112,
185532.615,refuse,3,3,
185545.999,refuse,0,112,
185547.615,refuse,3,3,
185550.262,conflict-at-land,2,111,
185560.999,refuse,0,112,
185562.615,start,3,3,
185565.262,refuse,2,111,
185565.262,abandon,2,111,
185565.262,refuse,2,113,
185575.999,refuse,0,112,
185580.262,refuse,2,113,
185590.999,refuse,0,112,
185595.262,refuse,2,113,
185605.999,refuse,0,112,
185610.262,refuse,2,113,
185620.999,refuse,0,112,
185625.262,refuse,2,113,
185635.999,refuse,0,112,
185640.262,refuse,2,113,
185650.999,refuse,0,112,
185655.262,refuse,2,113,
185665.999,refuse,0,112,
185670.262,refuse,2,113,
185680.999,refuse,0,112,
185685.262,refuse,2,113,
185695.999,refuse,0,112,
185700.262,refuse,2,113,
185710.999,refuse,0,112,
185715.262,refuse,2,113,
185725.999,refuse,0,112,
185730.262,refuse,2,113,
185740.999,refuse,0,112,
185745.262,refuse,2,113,
185755.999,refuse,0,112,
185760.262,refuse,2,113,
185770.999,refuse,0,112,
185775.262,refuse,2,113,
185785.999,refuse,0,112,
185790.262,refuse,2,113,
185800.999,refuse,0,112,
185805.262,refuse,2,113,
185815.999,refuse,0,112,
185820.262,refuse,2,113,
185830.999,refuse,0,112,
185835.262,refuse,2,113,
185845.999,refuse,0,112,
185850.262,refuse,2,113,
185860.999,refuse,0,112,
185865.262,refuse,2,113,
185875.999,refuse,0,112,
185880.262,refuse,2,113,
185890.999,refuse,0,112,
185895.262,refuse,2,113,
185905.999,refuse,0,112,
185910.262,refuse,2,113,
185920.999,refuse,0,112,
185925.262,refuse,2,113,
185935.999,refuse,0,112,
185940.262,refuse,2,113,
185950.999,refuse,0,112,
185955.262,refuse,2,113,
185965.999,refuse,0,112,
185970.262,refuse,2,113,
185980.999,refuse,0,112,
185985.262,refuse,2,113,
185995.999,refuse,0,112,
186000.262,refuse,2,113,
186010.999,refuse,0,112,
186015.262,refuse,2,113,
186025.999,refuse,0,112,
186030.262,refuse,2,113,
186040.999,refuse,0,112,
186045.262,refuse,2,113,
186055.999,refuse,0,112,
186060.262,refuse,2,113,
186070.999,refuse,0,112,
186075.262,refuse,2,113,
186085.999,refuse,0,112,
186090.262,refuse,2,113,
186100.999,refuse,0,112,
186105.262,refuse,2,113,
186115.999,refuse,0,112,
186120.262,refuse,2,113,
186130.999,refuse,0,112,
186135.262,refuse,2,113,
186145.999,refuse,0,112,
186150.262,refuse,2,113,
186160.999,refuse,0,112,
186165.262,refuse,2,113,
186175.999,refuse,0,112,
186180.262,refuse,2,113,
186190.999,refuse,0,112,
186195.262,refuse,2,113,
186205.999,refuse,0,112,
186210.262,refuse,2,113,
186220.999,refuse,0,112,
186225.262,refuse,2,113,
186235.999,refuse,0,112,
186240.262,refuse,2,113,
186250.999,refuse,0,112,
186255.262,refuse,2,113,
186265.999,refuse,0,112,
186270.262,refuse,2,113,
186280.999,refuse,0,112,
186285.262,refuse,2,113,
186295.999,refuse,0,112,
186300.262,refuse,2,113,
186310.999,refuse,0,112,
186315.262,refuse,2,113,
186325.999,refuse,0,112,
186330.262,refuse,2,113,
186340.999,refuse,0,112,
186345.262,refuse,2,113,
186355.999,refuse,0,112,
186360.262,refuse,2,113,
186370.999,refuse,0,112,
186375.262,refuse,2,113,
186385.999,refuse,0,112,
186390.262,refuse,2,113,
186400.999,refuse,0,112,
186405.262,refuse,2,113,
186415.999,refuse,0,112,
186420.262,refuse,2,113,
186430.999,refuse,0,112,
186430.999,abandon,0,112,
186430.999,start,0,114,
186435.262,refuse,2,113,
186446.513,conflict-at-land,0,114,
186450.262,refuse,2,113,
186461.513,start,0,114,
186465.262,refuse,2,113,
186479.939,conflict-at-land,0,114,
186480.262,refuse,2,113,
186494.939,start,0,114,
186495.262,refuse,2,113,
186505.571,conflict-at-land,0,114,
186510.262,refuse,2,113,
186520.571,start,0,114,
186525.262,refuse,2,113,
186537.543,conflict-at-land,0,114,
186540.262,refuse,2,113,
186552.543,start,0,114,
186555.262,refuse,2,113,
186563.777,conflict-at-land,0,114,
186570.262,refuse,2,113,
186578.777,start,0,114,
186585.262,refuse,2,113,
186595.645,conflict-at-land,0,114,
186600.262,refuse,2,113,
186610.645,start,0,114,
186615.262,refuse,2,113,
186629.592,conflict-at-land,0,114,
186630.262,refuse,2,113,
186644.592,start,0,114,
186645.262,refuse,2,113,
186660.262,refuse,2,113,
186660.81,conflict-at-land,0,114,
186675.262,refuse,2,113,
186675.81,start,0,114,
186686.518,conflict-at-land,0,114,
186690.262,refuse,2,113,
186701.518,start,0,114,
186705.262,refuse,2,113,
186714.505,conflict-at-land,0,114,
186720.262,refuse,2,113,
186729.505,start,0,114,
186735.262,refuse,2,113,
186744.255,conflict-at-land,0,114,
186750.262,refuse,2,113,
186759.255,start,0,114,
186765.262,refuse,2,113,
186777.834,conflict-at-land,0,114,
186780.262,refuse,2,113,
186792.834,start,0,114,
186795.262,refuse,2,113,
186807.235,conflict-at-land,0,114,
186810.262,refuse,2,113,
186822.235,start,0,114,
186825.262,refuse,2,113,
186834.964,conflict-at-land,0,114,
186840.262,refuse,2,113,
186849.964,start,0,114,
186855.262,refuse,2,113,
186867.184,conflict-at-land,0,114,
186870.262,refuse,2,113,
186882.184,start,0,114,
186885.262,refuse,2,113,
186899.29,conflict-at-land,0,114,
186900.262,refuse,2,113,
186914.29,start,0,114,
186915.262,refuse,2,113,
186930.262,refuse,2,113,
186933.639,conflict-at-land,0,114,
186945.262,refuse,2,113,
186948.639,start,0,114,
186960.262,refuse,2,113,
186964.709,conflict-at-land,0,114,
186975.262,refuse,2,113,
186979.709,start,0,114,
186990.262,refuse,2,113,
186997.121,conflict-at-land,0,114,
187005.262,refuse,2,113,
187012.121,start,0,114,
187020.262,refuse,2,113,
187030.547,conflict-at-land,0,114,
187035.262,refuse,2,113,
187045.547,start,0,114,
187050.262,refuse,2,113,
187057.793,conflict-at-land,0,114,
187065.262,refuse,2,113,
187072.793,start,0,114,
187080.262,refuse,2,113,
187083.631,conflict-at-land,0,114,
187095.262,refuse,2,113,
187098.631,start,0,114,
187110.262,refuse,2,113,
187116.512,conflict-at-land,0,114,
187125.262,refuse,2,113,
187131.512,start,0,114,
187140.262,refuse,2,113,
187147.628,conflict-at-land,0,114,
187155.262,refuse,2,113,
187162.628,start,0,114,
187170.262,refuse,2,113,
187180.955,conflict-at-land,0,114,
187185.262,refuse,2,113,
187195.955,start,0,114,
187200.262,refuse,2,113,
187214.047,conflict-at-land,0,114,
187215.262,refuse,2,113,
187229.047,start,0,114,
187230.262,refuse,2,113,
187240.644,conflict-at-land,0,114,
187245.262,refuse,2,113,
187255.644,start,0,114,
187260.262,refuse,2,113,
187268.596,conflict-at-land,0,114,
187275.262,refuse,2,113,
187283.596,start,0,114,
187290.262,refuse,2,113,
187301.749,conflict-at-land,0,114,
187305.262,refuse,2,113,
187316.749,start,0,114,
187320.262,refuse,2,113,
187332.242,conflict-at-land,0,114,
187335.262,refuse,2,113,
187347.242,start,0,114,
187350.262,refuse,2,113,
187364.82,conflict-at-land,0,114,
187365.262,refuse,2,113,
187379.82,start,0,114,
187380.262,refuse,2,113,
187395.262,refuse,2,113,
187398.481,conflict-at-land,0,114,
187410.262,refuse,2,113,
187413.481,start,0,114,
187424.115,conflict-at-land,0,114,
187425.262,refuse,2,113,
187439.115,start,0,114,
187440.262,refuse,2,113,
187451.872,conflict-at-land,0,114,
187455.262,refuse,2,113,
187466.872,start,0,114,
187470.262,refuse,2,113,
187478.034,conflict-at-land,0,114,
187485.262,refuse,2,113,
187493.034,start,0,114,
187500.262,refuse,2,113,
187505.576,conflict-at-land,0,114,
187515.262,refuse,2,113,
187520.576,start,0,114,
187530.262,refuse,2,113,
187534.572,conflict-at-land,0,114,
187545.262,refuse,2,113,
187549.572,start,0,114,
187560.262,refuse,2,113,
187568.314,conflict-at-land,0,114,
187575.262,refuse,2,113,
187583.314,start,0,114,
187590.262,refuse,2,113,
187595.773,conflict-at-land,0,114,
187605.262,refuse,2,113,
187610.773,start,0,114,
187620.262,refuse,2,113,
187625.693,conflict-at-land,0,114,
187635.262,refuse,2,113,
187640.693,start,0,114,
187650.262,refuse,2,113,
187655.027,conflict-at-land,0,114,
187665.262,refuse,2,113,
187670.027,start,0,114,
187680.262,refuse,2,113,
187689.103,conflict-at-land,0,114,
187695.262,refuse,2,113,
187704.103,start,0,114,
187710.262,refuse,2,113,
187710.488,conflict-at-land,3,3,
187720.694,conflict-at-land,0,114,
187725.262,start,2,113,
187725.488,refuse,3,3,
187735.694,start,0,114,
187740.488,refuse,3,3,
187746.991,conflict-at-land,0,114,
187755.488,refuse,3,3,
187761.991,start,0,114,
187770.488,refuse,3,3,
187774.892,conflict-at-land,0,114,
187782.126,land,2,113,
187782.126,start,2,115,
187785.488,start,3,3,
187789.892,start,0,114,
187800.708,land,2,115,
187800.708,start,2,116,
187803.051,conflict-at-land,0,114,
187810.39,conflict-at-land,2,116,
187818.051,start,0,114,
187825.39,start,2,116,
187828.833,conflict-at-land,0,114,
187834.905,conflict-at-land,2,116,
187843.833,start,0,114,
187849.905,start,2,116,
187859.697,conflict-at-land,0,114,
187861.899,conflict-at-land,2,116,
187874.697,start,0,114,
187876.899,start,2,116,
187890.44,conflict-at-land,0,114,
187890.487,conflict-at-land,2,116,
187905.44,start,0,114,
187905.487,start,2,116,
187917.663,conflict-at-land,0,114,
187918.19,conflict-at-land,2,116,
187932.663,start,0,114,
187933.19,start,2,116,
187948.454,conflict-at-land,0,114,
187948.63,conflict-at-land,2,116,
187963.454,start,0,114,
187963.63,start,2,116,
187973.599,conflict-at-land,2,116,
187977.688,conflict-at-land,0,114,
187988.599,start,2,116,
187992.688,start,0,114,
187998.626,conflict-at-land,2,116,
188009.571,conflict-at-land,0,114,
188013.626,start,2,116,
188024.571,start,0,114,
188027.823,conflict-at-land,2,116,
188037.751,conflict-at-land,0,114,
188042.823,start,2,116,
188052.751,start,0,114,
188057.161,conflict-at-land,2,116,
188071.635,conflict-at-land,0,114,
188072.161,start,2,116,
188083.307,conflict-at-land,2,116,
188086.635,start,0,114,
188097.989,conflict-at-land,0,114,
188098.307,start,2,116,
188112.989,start,0,114,
188113.363,conflict-at-land,2,116,
188125.771,conflict-at-land,0,114,
188128.363,start,2,116,
188140.771,start,0,114,
188143.897,conflict-at-land,2,116,
188154.833,conflict-at-land,0,114,
188158.897,start,2,116,
188169.833,start,0,114,
188170.894,conflict-at-land,2,116,
188184.382,conflict-at-land,0,114,
188185.894,start,2,116,
188194.824,conflict-at-land,2,116,
188199.382,start,0,114,
188209.824,start,2,116,
188213.091,conflict-at-land,0,114,
188218.859,conflict-at-land,2,116,
188228.091,start,0,114,
188233.859,start,2,116,
188242.967,conflict-at-land,0,114,
188243.078,conflict-at-land,2,116,
188257.967,start,0,114,
188258.078,start,2,116,
188270.353,conflict-at-land,2,116,
188273.941,conflict-at-land,0,114,
188285.353,start,2,116,
188288.941,start,0,114,
188300.383,conflict-at-land,2,116,
188306.814,conflict-at-land,0,114,
188315.383,start,2,116,
188321.814,start,0,114,
188328.217,conflict-at-land,2,116,
188339.463,conflict-at-land,0,114,
188343.217,start,2,116,
188354.463,start,0,114,
188354.482,conflict-at-land,2,116,
188369.482,start,2,116,
188372.27,conflict-at-land,0,114,
188382.352,conflict-at-land,2,116,
188387.27,start,0,114,
188397.352,start,2,116,
188405.24,conflict-at-land,0,114,
188412.043,conflict-at-land,2,116,
188420.24,start,0,114,
188427.043,start,2,116,
188436.774,conflict-at-land,0,114,
188441.938,conflict-at-land,2,116,
188451.774,start,0,114,
188456.938,start,2,116,
188462.396,conflict-at-land,0,114,
188472.057,conflict-at-land,2,116,
188477.396,start,0,114,
188487.057,start,2,116,
188492.279,conflict-at-land,0,114,
188499.087,conflict-at-land,2,116,
188507.279,start,0,114,
188514.087,start,2,116,
188519.878,conflict-at-land,0,114,
188524.784,conflict-at-land,2,116,
188534.878,start,0,114,
188539.784,start,2,116,
188550.384,conflict-at-land,0,114,
188550.779,conflict-at-land,2,116,
188565.384,start,0,114,
188565.779,start,2,116,
188575.953,conflict-at-land,0,114,
188576.636,conflict-at-land,2,116,
188590.953,start,0,114,
188591.636,start,2,116,
188602.895,conflict-at-land,0,114,
188607.182,conflict-at-land,2,116,
188617.895,start,0,114,
188622.182,start,2,116,
188629.218,conflict-at-land,0,114,
188635.769,conflict-at-land,2,116,
188644.218,start,0,114,
188650.769,start,2,116,
188661.585,conflict-at-land,0,114,
188666.362,conflict-at-land,2,116,
188676.585,start,0,114,
188681.362,start,2,116,
188693.692,conflict-at-land,0,114,
188695.003,conflict-at-land,2,116,
188708.692,start,0,114,
188710.003,start,2,116,
188724.76,conflict-at-land,0,114,
188724.852,conflict-at-land,2,116,
188739.76,start,0,114,
188739.852,start,2,116,
188751.895,conflict-at-land,2,116,
188757.846,conflict-at-land,0,114,
188766.895,start,2,116,
188772.846,start,0,114,
188782.246,conflict-at-land,2,116,
188788.526,conflict-at-land,0,114,
188797.246,start,2,116,
188803.526,start,0,114,
188808.599,conflict-at-land,2,116,
188816.654,conflict-at-land,0,114,
188823.599,start,2,116,
188831.654,start,0,114,
188836.484,conflict-at-land,2,116,
188847.142,conflict-at-land,0,114,
188851.484,start,2,116,
188862.124,conflict-at-land,2,116,
188862.142,start,0,114,
188876.897,conflict-at-land,0,114,
188877.124,start,2,116,
188888.533,conflict-at-land,2,116,
188891.897,start,0,114,
188903.533,start,2,116,
188910.239,conflict-at-land,0,114,
188912.815,conflict-at-land,2,116,
188925.239,start,0,114,
188927.815,start,2,116,
188936.39,conflict-at-land,0,114,
188939.848,conflict-at-land,2,116,
188951.39,start,0,114,
188954.848,start,2,116,
188963.473,conflict-at-land,2,116,
188966.807,conflict-at-land,0,114,
188978.473,start,2,116,
188981.807,start,0,114,
188990.08,conflict-at-land,2,116,
188993.468,conflict-at-land,0,114,
189005.08,start,2,116,
189008.468,start,0,114,
189014.869,conflict-at-land,2,116,
189025.932,conflict-at-land,0,114,
189029.869,start,2,116,
189038.405,conflict-at-land,2,116,
189040.932,start,0,114,
189053.297,conflict-at-land,0,114,
189053.405,start,2,116,
189065.317,conflict-at-land,2,116,
189068.297,start,0,114,
189080.317,start,2,116,
189086.191,conflict-at-land,0,114,
189094.355,conflict-at-land,2,116,
189101.191,start,0,114,
189109.355,start,2,116,
189116.327,conflict-at-land,0,114,
189121.431,conflict-at-land,2,116,
189131.327,start,0,114,
189136.431,start,2,116,
189148.717,conflict-at-land,2,116,
189149.114,conflict-at-land,0,114,
189163.717,start,2,116,
189164.114,start,0,114,
189177.762,conflict-at-land,2,116,
189178.568,conflict-at-land,0,114,
189192.762,start,2,116,
189193.568,start,0,114,
189202.057,conflict-at-land,2,116,
189212.354,conflict-at-land,0,114,
189217.057,start,2,116,
189226.992,conflict-at-land,2,116,
189227.354,start,0,114,
189241.992,start,2,116,
189242.993,conflict-at-land,0,114,
189255.253,conflict-at-land,2,116,
189257.993,start,0,114,
189270.253,start,2,116,
189272.943,conflict-at-land,0,114,
189281.273,conflict-at-land,2,116,
189287.943,start,0,114,
189296.273,start,2,116,
189298.986,conflict-at-land,0,114,
189307.835,conflict-at-land,2,116,
189313.986,start,0,114,
189322.835,start,2,116,
189325.194,conflict-at-land,0,114,
189335.118,conflict-at-land,2,116,
189340.194,start,0,114,
189350.118,start,2,116,
189354.695,conflict-at-land,0,114,
189359.028,conflict-at-land,2,116,
189369.695,start,0,114,
189374.028,start,2,116,
189383.434,conflict-at-land,0,114,
189385.633,conflict-at-land,2,116,
189398.434,start,0,114,
189400.633,start,2,116,
189411.384,conflict-at-land,0,114,
189415.885,conflict-at-land,2,116,
189426.384,start,0,114,
189430.885,start,2,116,
189439.561,conflict-at-land,0,114,
189439.83,conflict-at-land,2,116,
189454.561,start,0,114,
189454.83,start,2,116,
189463.693,conflict-at-land,2,116,
189465.383,conflict-at-land,0,114,
189478.693,start,2,116,
189480.383,start,0,114,
189490.204,conflict-at-land,2,116,
189491.133,conflict-at-land,0,114,
189505.204,start,2,116,
189506.133,start,0,114,
189516.843,conflict-at-land,2,116,
189524.949,conflict-at-land,0,114,
189531.843,start,2,116,
189539.949,start,0,114,
189542.107,conflict-at-land,2,116,
189556.778,conflict-at-land,0,114,
189557.107,start,2,116,
189569.364,conflict-at-land,2,116,
189571.778,start,0,114,
189583.846,conflict-at-land,0,114,
189584.364,start,2,116,
189595.902,conflict-at-land,2,116,
189598.846,start,0,114,
189609.506,conflict-at-land,0,114,
189610.902,start,2,116,
189622.453,conflict-at-land,2,116,
189624.506,start,0,114,
189635.937,conflict-at-land,0,114,
189637.453,start,2,116,
189646.694,conflict-at-land,2,116,
189650.937,start,0,114,
189661.694,start,2,116,
189665.56,conflict-at-land,0,114,
189672.778,conflict-at-land,2,116,
189680.56,start,0,114,
189687.778,start,2,116,
189692.733,conflict-at-land,0,114,
189697.296,conflict-at-land,2,116,
189707.733,start,0,114,
189712.296,start,2,116,
189720.779,conflict-at-land,0,114,
189727.623,conflict-at-land,2,116,
189735.779,start,0,114,
189742.623,start,2,116,
189753.247,conflict-at-land,2,116,
189754.958,conflict-at-land,0,114,
189768.247,start,2,116,
189769.958,start,0,114,
189776.83,conflict-at-land,2,116,
189784.809,conflict-at-land,0,114,
189791.83,start,2,116,
189799.809,start,0,114,
189806.615,conflict-at-land,2,116,
189812.482,conflict-at-land,0,114,
189821.615,start,2,116,
189827.482,start,0,114,
189837.144,conflict-at-land,2,116,
189841.765,conflict-at-land,0,114,
189852.144,start,2,116,
189856.765,start,0,114,
189862.49,conflict-at-land,2,116,
189867.958,conflict-at-land,0,114,
189877.49,start,2,116,
189882.958,start,0,114,
189887.933,conflict-at-land,2,116,
189898.257,conflict-at-land,0,114,
189902.933,start,2,116,
189913.257,start,0,114,
189913.416,conflict-at-land,2,116,
189927.213,conflict-at-land,0,114,
189928.416,start,2,116,
189942.015,conflict-at-land,2,116,
189942.213,start,0,114,
189957.015,start,2,116,
189957.19,conflict-at-land,0,114,
189966.003,conflict-at-land,2,116,
189972.19,start,0,114,
189981.003,start,2,116,
189983.499,conflict-at-land,0,114,
189995.597,conflict-at-land,2,116,
189998.499,start,0,114,
190010.552,conflict-at-land,0,114,
190010.597,start,2,116,
190021.828,conflict-at-land,2,116,
190025.552,start,0,114,
190036.828,start,2,116,
190042.249,conflict-at-land,0,114,
190052.255,conflict-at-land,2,116,
190057.249,start,0,114,
190067.255,start,2,116,
190072.43,conflict-at-land,0,114,
190081.042,conflict-at-land,2,116,
190087.43,start,0,114,
190096.042,start,2,116,
190103.473,conflict-at-land,0,114,
190110.203,conflict-at-land,2,116,
190118.473,start,0,114,
190125.203,start,2,116,
190133.228,conflict-at-land,0,114,
190135.167,conflict-at-land,2,116,
190148.228,start,0,114,
190150.167,start,2,116,
190163.062,conflict-at-land,2,116,
190163.602,conflict-at-land,0,114,
190178.062,start,2,116,
190178.602,start,0,114,
190187.566,conflict-at-land,2,116,
190194.418,conflict-at-land,0,114,
190202.566,start,2,116,
190209.418,start,0,114,
190214.264,conflict-at-land,2,116,
190223.341,conflict-at-land,0,114,
190229.264,start,2,116,
190238.341,start,0,114,
190241.171,conflict-at-land,2,116,
190252.137,conflict-at-land,0,114,
190256.171,start,2,116,
190267.137,start,0,114,
190267.199,conflict-at-land,2,116,
190282.199,start,2,116,
190286.506,conflict-at-land,0,114,
190292.908,conflict-at-land,2,116,
190301.506,start,0,114,
190307.908,start,2,116,
190316.276,conflict-at-land,0,114,
190316.338,conflict-at-land,2,116,
190331.276,start,0,114,
190331.338,start,2,116,
190344.408,conflict-at-land,0,114,
190345.568,conflict-at-land,2,116,
190359.408,start,0,114,
190360.568,start,2,116,
190373.889,conflict-at-land,2,116,
190374.443,conflict-at-land,0,114,
190388.889,start,2,116,
190389.443,start,0,114,
190403.871,conflict-at-land,2,116,
190406.165,conflict-at-land,0,114,
190418.871,start,2,116,
190421.165,start,0,114,
190434.107,conflict-at-land,2,116,
190439.441,conflict-at-land,0,114,
190449.107,start,2,116,
190454.441,start,0,114,
190458.991,conflict-at-land,2,116,
190470.59,conflict-at-land,0,114,
190473.991,start,2,116,
190482.553,conflict-at-land,2,116,
190485.59,start,0,114,
190497.553,start,2,116,
190501.827,conflict-at-land,0,114,
190512.451,conflict-at-land,2,116,
190516.827,start,0,114,
190527.451,start,2,116,
190533.863,conflict-at-land,0,114,
190542.227,conflict-at-land,2,116,
190548.863,start,0,114,
190557.227,start,2,116,
190564.509,conflict-at-land,0,114,
190571.21,conflict-at-land,2,116,
190579.509,start,0,114,
190586.21,start,2,116,
190592.114,conflict-at-land,0,114,
190596.64,conflict-at-land,2,116,
190607.114,start,0,114,
190611.64,start,2,116,
190618.405,conflict-at-land,0,114,
190620.988,conflict-at-land,2,116,
190633.405,start,0,114,
190635.988,start,2,116,
190645.135,conflict-at-land,2,116,
190650.894,conflict-at-land,0,114,
190660.135,start,2,116,
190665.894,start,0,114,
190668.886,conflict-at-land,3,3,
190674.096,conflict-at-land,2,116,
190678.786,conflict-at-land,0,114,
190683.886,start,3,3,
190689.096,start,2,116,
190693.786,start,0,114,
190704.465,conflict-at-land,2,116,
190704.662,conflict-at-land,0,114,
190719.465,start,2,116,
190719.662,start,0,114,
190732.014,conflict-at-land,2,116,
190736.141,conflict-at-land,0,114,
190747.014,start,2,116,
190751.141,start,0,114,
190758.74,conflict-at-land,2,116,
190761.852,conflict-at-land,0,114,
190773.74,start,2,116,
190776.852,start,0,114,
190785.733,conflict-at-land,2,116,
190793.686,conflict-at-land,0,114,
190800.733,start,2,116,
190808.686,start,0,114,
190812.893,conflict-at-land,2,116,
190820.618,conflict-at-land,0,114,
190827.893,start,2,116,
190835.618,start,0,114,
190840.2,conflict-at-land,2,116,
190846.349,conflict-at-land,0,114,
190855.2,start,2,116,
190861.349,start,0,114,
190864.868,conflict-at-land,2,116,
190874.865,conflict-at-land,0,114,
190879.868,start,2,116,
190889.865,start,0,114,
190891.733,conflict-at-land,2,116,
190903.703,conflict-at-land,0,114,
190906.733,start,2,116,
190916.994,conflict-at-land,2,116,
190918.703,start,0,114,
190931.994,start,2,116,
190937.624,conflict-at-land,0,114,
190941.124,conflict-at-land,2,116,
190952.624,start,0,114,
190956.124,start,2,116,
190964.571,conflict-at-land,0,114,
190969.9,conflict-at-land,2,116,
190979.571,start,0,114,
190984.9,start,2,116,
190992.942,conflict-at-land,0,114,
190999.499,conflict-at-land,2,116,
191007.942,start,0,114,
191014.499,start,2,116,
191026.059,conflict-at-land,0,114,
191026.528,conflict-at-land,2,116,
191041.059,start,0,114,
191041.528,start,2,116,
191052.666,conflict-at-land,2,116,
191057.267,conflict-at-land,0,114,
191067.666,start,2,116,
191072.267,start,0,114,
191081.455,conflict-at-land,2,116,
191091.515,conflict-at-land,0,114,
191096.455,start,2,116,
191106.515,start,0,114,
191109.359,conflict-at-land,2,116,
191120.336,conflict-at-land,0,114,
191124.359,start,2,116,
191135.336,start,0,114,
191139.361,conflict-at-land,2,116,
191145.886,conflict-at-land,0,114,
191154.361,start,2,116,
191160.886,start,0,114,
191168.194,conflict-at-land,2,116,
191179.955,conflict-at-land,0,114,
191183.194,start,2,116,
191193.234,conflict-at-land,2,116,
191194.955,start,0,114,
191208.234,start,2,116,
191211.189,conflict-at-land,0,114,
191217.409,conflict-at-land,2,116,
191226.189,start,0,114,
191232.409,start,2,116,
191240.251,conflict-at-land,0,114,
191247.601,conflict-at-land,2,116,
191255.251,start,0,114,
191262.601,start,2,116,
191266.533,conflict-at-land,0,114,
191272.357,conflict-at-land,2,116,
191281.533,start,0,114,
191287.357,start,2,116,
191293.434,conflict-at-land,0,114,
191296.876,conflict-at-land,2,116,
191308.434,start,0,114,
191311.876,start,2,116,
191320.954,conflict-at-land,0,114,
191327.165,conflict-at-land,2,116,
191335.954,start,0,114,
191342.165,start,2,116,
191351.935,conflict-at-land,0,114,
191354.252,conflict-at-land,2,116,
191366.935,start,0,114,
191369.252,start,2,116,
191382.391,conflict-at-land,2,116,
191384.684,conflict-at-land,0,114,
191397.391,start,2,116,
191399.684,start,0,114,
191412.81,conflict-at-land,2,116,
191413.241,conflict-at-land,0,114,
191427.81,start,2,116,
191428.241,start,0,114,
191440.036,conflict-at-land,2,116,
191446.894,conflict-at-land,0,114,
191455.036,start,2,116,
191461.894,start,0,114,
191465.667,conflict-at-land,2,116,
191480.667,start,2,116,
191480.685,conflict-at-land,0,114,
191491.797,conflict-at-land,2,116,
191495.685,start,0,114,
191506.797,start,2,116,
191510.267,conflict-at-land,0,114,
191518.069,conflict-at-land,2,116,
191525.267,start,0,114,
191533.069,start,2,116,
191536.836,conflict-at-land,0,114,
191544.002,conflict-at-land,2,116,
191551.836,start,0,114,
191559.002,start,2,116,
191568.694,conflict-at-land,0,114,
191573.516,conflict-at-land,2,116,
191583.694,start,0,114,
191588.516,start,2,116,
191597.338,conflict-at-land,2,116,
191599.256,conflict-at-land,0,114,
191612.338,start,2,116,
191614.256,start,0,114,
191624.956,conflict-at-land,2,116,
191630.616,conflict-at-land,0,114,
191639.956,start,2,116,
191645.616,start,0,114,
191652.818,conflict-at-land,2,116,
191658.444,conflict-at-land,0,114,
191667.818,start,2,116,
191673.444,start,0,114,
191676.658,conflict-at-land,2,116,
191688.689,conflict-at-land,0,114,
191691.658,start,2,116,
191701.883,conflict-at-land,2,116,
191703.689,start,0,114,
191716.883,start,2,116,
191721.615,conflict-at-land,0,114,
191731.457,conflict-at-land,2,116,
191736.615,start,0,114,
191746.457,start,2,116,
191747.708,conflict-at-land,0,114,
191760.349,conflict-at-land,2,116,
191762.708,start,0,114,
191775.349,start,2,116,
191777.269,conflict-at-land,0,114,
191786.842,conflict-at-land,2,116,
191792.269,start,0,114,
191801.842,start,2,116,
191806.893,conflict-at-land,0,114,
191816.46,conflict-at-land,2,116,
191821.893,start,0,114,
191831.46,start,2,116,
191833.23,conflict-at-land,0,114,
191846.643,conflict-at-land,2,116,
191848.23,start,0,114,
191861.643,start,2,116,
191866.998,conflict-at-land,0,114,
191873.162,conflict-at-land,2,116,
191881.998,start,0,114,
191888.162,start,2,116,
191901.274,conflict-at-land,0,114,
191902.331,conflict-at-land,2,116,
191916.274,start,0,114,
191917.331,start,2,116,
191929.578,conflict-at-land,2,116,
191932.926,conflict-at-land,0,114,
191944.578,start,2,116,
191947.926,start,0,114,
191958.13,conflict-at-land,2,116,
191963.613,conflict-at-land,0,114,
191973.13,start,2,116,
191978.613,start,0,114,
191987.218,conflict-at-land,2,116,
191991.242,conflict-at-land,0,114,
192002.218,start,2,116,
192006.242,start,0,114,
192013.667,conflict-at-land,2,116,
192019.144,conflict-at-land,0,114,
192028.667,start,2,116,
192034.144,start,0,114,
192037.074,conflict-at-land,2,116,
192050.998,conflict-at-land,0,114,
192052.074,start,2,116,
192064.844,conflict-at-land,2,116,
192065.998,start,0,114,
192078.654,conflict-at-land,0,114,
192079.844,start,2,116,
192093.654,start,0,114,
192094.097,conflict-at-land,2,116,
192109.097,start,2,116,
192110.702,conflict-at-land,0,114,
192123.001,conflict-at-land,2,116,
192125.702,start,0,114,
192138.001,start,2,116,
192141.473,conflict-at-land,0,114,
192148.593,conflict-at-land,2,116,
192156.473,start,0,114,
192163.593,start,2,116,
192172.894,conflict-at-land,0,114,
192173.84,conflict-at-land,2,116,
192187.894,start,0,114,
192188.84,start,2,116,
192203.097,conflict-at-land,2,116,
192203.198,conflict-at-land,0,114,
192218.097,start,2,116,
192218.198,start,0,114,
192230.165,conflict-at-land,2,116,
192236.465,conflict-at-land,0,114,
192245.165,start,2,116,
192251.465,start,0,114,
192259.5,conflict-at-land,2,116,
192266.122,conflict-at-land,0,114,
192274.5,start,2,116,
192281.122,start,0,114,
192285.72,conflict-at-land,2,116,
192294.113,conflict-at-land,0,114,
192300.72,start,2,116,
192309.113,start,0,114,
192312.476,conflict-at-land,2,116,
192320.383,conflict-at-land,0,114,
192327.476,start,2,116,
192335.383,start,0,114,
192341.856,conflict-at-land,2,116,
192348.086,conflict-at-land,0,114,
192356.856,start,2,116,
192363.086,start,0,114,
192365.8,conflict-at-land,2,116,
192374.824,conflict-at-land,0,114,
192380.8,start,2,116,
192389.824,start,0,114,
192391.711,conflict-at-land,2,116,
192403.309,conflict-at-land,0,114,
192403.309,abandon,0,114,
192403.309,start,0,117,
192406.711,refuse,2,116,
192409.735,conflict-at-land,0,117,
192421.711,start,2,116,
192424.735,refuse,0,117,
192432.54,conflict-at-land,2,116,
192439.735,start,0,117,
192444.718,conflict-at-land,0,117,
192447.54,start,2,116,
192459.366,conflict-at-land,2,116,
192459.718,start,0,117,
192465.746,conflict-at-land,0,117,
192474.366,start,2,116,
192480.746,refuse,0,117,
192486.464,conflict-at-land,2,116,
192495.746,start,0,117,
192501.32,conflict-at-land,0,117,
192501.464,start,2,116,
192513.797,conflict-at-land,2,116,
192516.32,start,0,117,
192524.059,conflict-at-land,0,117,
192528.797,start,2,116,
192539.059,refuse,0,117,
192539.776,conflict-at-land,2,116,
192554.059,start,0,117,
192554.776,refuse,2,116,
192560.79,conflict-at-land,0,117,
192569.776,start,2,116,
192575.79,refuse,0,117,
192581.282,conflict-at-land,2,116,
192590.79,start,0,117,
192596.282,refuse,2,116,
192597.555,conflict-at-land,0,117,
192611.282,start,2,116,
192612.555,refuse,0,117,
192622.534,conflict-at-land,2,116,
192627.555,start,0,117,
192634.64,conflict-at-land,0,117,
192637.534,start,2,116,
192649.64,refuse,0,117,
192653.068,conflict-at-land,2,116,
192664.64,start,0,117,
192668.068,refuse,2,116,
192671.395,conflict-at-land,0,117,
192683.068,start,2,116,
192686.395,refuse,0,117,
192696.835,conflict-at-land,2,116,
192701.395,start,0,117,
192705.779,conflict-at-land,0,117,
192711.835,start,2,116,
192720.779,refuse,0,117,
192725.17,conflict-at-land,2,116,
192735.779,start,0,117,
192740.17,refuse,2,116,
192742.474,conflict-at-land,0,117,
192755.17,start,2,116,
192757.474,refuse,0,117,
192764.708,conflict-at-land,2,116,
192772.474,start,0,117,
192779.447,conflict-at-land,0,117,
192779.708,start,2,116,
192794.023,conflict-at-land,2,116,
192794.447,start,0,117,
192801.951,conflict-at-land,0,117,
192809.023,start,2,116,
192816.951,refuse,0,117,
192820.394,conflict-at-land,2,116,
192831.951,start,0,117,
192835.394,refuse,2,116,
192836.804,conflict-at-land,0,117,
192850.394,start,2,116,
192851.804,refuse,0,117,
192860.25,conflict-at-land,2,116,
192866.804,start,0,117,
192871.05,conflict-at-land,0,117,
192875.25,start,2,116,
192886.05,refuse,0,117,
192887.27,conflict-at-land,2,116,
192901.05,start,0,117,
192902.27,refuse,2,116,
192908.777,conflict-at-land,0,117,
192917.27,start,2,116,
192923.777,refuse,0,117,
192928.336,conflict-at-land,2,116,
192938.777,start,0,117,
192943.336,refuse,2,116,
192944.861,conflict-at-land,0,117,
192958.336,start,2,116,
192959.861,refuse,0,117,
192967.68,conflict-at-land,2,116,
192974.861,start,0,117,
192981.828,conflict-at-land,0,117,
192982.68,start,2,116,
192993.637,conflict-at-land,2,116,
192996.828,start,0,117,
193002.056,conflict-at-land,0,117,
193008.637,start,2,116,
193017.056,refuse,0,117,
193022.9,conflict-at-land,2,116,
193032.056,start,0,117,
193037.9,refuse,2,116,
193038.76,conflict-at-land,0,117,
193052.9,start,2,116,
193053.76,refuse,0,117,
193065.437,conflict-at-land,2,116,
193068.76,start,0,117,
193075.534,conflict-at-land,0,117,
193080.437,start,2,116,
193089.811,conflict-at-land,2,116,
193090.534,start,0,117,
193097.288,conflict-at-land,0,117,
193104.811,start,2,116,
193112.288,refuse,0,117,
193117.337,conflict-at-land,2,116,
193117.337,abandon,2,116,
193117.337,start,2,118,
193123.779,conflict-at-land,2,118,
193127.288,start,0,117,
193132.656,conflict-at-land,0,117,
193138.779,start,2,118,
193144.602,conflict-at-land,2,118,
193147.656,start,0,117,
193152.191,conflict-at-land,0,117,
193159.602,start,2,118,
193165.449,conflict-at-land,2,118,
193167.191,start,0,117,
193173.101,conflict-at-land,0,117,
193180.449,start,2,118,
193186.681,conflict-at-land,2,118,
193188.101,start,0,117,
193194.073,conflict-at-land,0,117,
193201.681,start,2,118,
193208.083,conflict-at-land,2,118,
193209.073,start,0,117,
193215.248,conflict-at-land,0,117,
193223.083,start,2,118,
193230.248,refuse,0,117,
193230.87,conflict-at-land,2,118,
193245.248,start,0,117,
193245.87,refuse,2,118,
193250.022,conflict-at-land,0,117,
193260.87,start,2,118,
193265.022,refuse,0,117,
193267.401,conflict-at-land,2,118,
193280.022,start,0,117,
193282.401,refuse,2,118,
193286.901,conflict-at-land,0,117,
193297.401,start,2,118,
193301.901,refuse,0,117,
193304.427,conflict-at-land,2,118,
193316.901,start,0,117,
193319.427,refuse,2,118,
193321.723,conflict-at-land,0,117,
193334.427,start,2,118,
193336.723,refuse,0,117,
193339.554,conflict-at-land,2,118,
193351.723,start,0,117,
193354.554,refuse,2,118,
193358.461,conflict-at-land,0,117,
193369.554,start,2,118,
193369.765,conflict-at-land,3,3,
193373.461,refuse,0,117,
193376.009,conflict-at-land,2,118,
193384.765,start,3,3,
193388.461,start,0,117,
193391.009,refuse,2,118,
193395.601,conflict-at-land,0,117,
193406.009,start,2,118,
193410.601,refuse,0,117,
193411.804,conflict-at-land,2,118,
193425.601,start,0,117,
193426.804,refuse,2,118,
193430.738,conflict-at-land,0,117,
193441.804,start,2,118,
193445.738,refuse,0,117,
193447.689,conflict-at-land,2,118,
193460.738,start,0,117,
193462.689,refuse,2,118,
193465.708,conflict-at-land,0,117,
193477.689,start,2,118,
193480.708,refuse,0,117,
193484.574,conflict-at-land,2,118,
193495.708,start,0,117,
193499.574,refuse,2,118,
193503.388,conflict-at-land,0,117,
193514.574,start,2,118,
193518.388,refuse,0,117,
193521.376,conflict-at-land,2,118,
193533.388,start,0,117,
193536.376,refuse,2,118,
193539.663,conflict-at-land,0,117,
193551.376,start,2,118,
193554.663,refuse,0,117,
193555.923,conflict-at-land,2,118,
193569.663,start,0,117,
193570.923,refuse,2,118,
193577.271,conflict-at-land,0,117,
193585.923,start,2,118,
193592.271,refuse,0,117,
193593.261,conflict-at-land,2,118,
193607.271,start,0,117,
193608.261,refuse,2,118,
193614.458,conflict-at-land,0,117,
193623.261,start,2,118,
193629.458,refuse,0,117,
193630.076,conflict-at-land,2,118,
193644.458,start,0,117,
193645.076,refuse,2,118,
193648.94,conflict-at-land,0,117,
193660.076,start,2,118,
193663.94,refuse,0,117,
193665.418,conflict-at-land,2,118,
193678.94,start,0,117,
193680.418,refuse,2,118,
193684.89,conflict-at-land,0,117,
193695.418,start,2,118,
193699.89,refuse,0,117,
193701.783,conflict-at-land,2,118,
193714.89,start,0,117,
193716.783,refuse,2,118,
193719.85,conflict-at-land,0,117,
193731.783,start,2,118,
193734.85,refuse,0,117,
193739.164,conflict-at-land,2,118,
193749.85,start,0,117,
193754.164,refuse,2,118,
193755.822,conflict-at-land,0,117,
193769.164,start,2,118,
193770.822,refuse,0,117,
193775.972,conflict-at-land,2,118,
193785.822,start,0,117,
193790.972,refuse,2,118,
193793.207,conflict-at-land,0,117,
193805.972,start,2,118,
193808.207,refuse,0,117,
193811.092,conflict-at-land,2,118,
193823.207,start,0,117,
193826.092,refuse,2,118,
193828.106,conflict-at-land,0,117,
193841.092,start,2,118,
193843.106,refuse,0,117,
193847.382,conflict-at-land,2,118,
193858.106,start,0,117,
193862.382,refuse,2,118,
193862.741,conflict-at-land,0,117,
193877.382,start,2,118,
193877.741,refuse,0,117,
193881.684,conflict-at-land,2,118,
193892.741,start,0,117,
193896.684,refuse,2,118,
193897.067,conflict-at-land,0,117,
193911.684,start,2,118,
193912.067,refuse,0,117,
193918.699,conflict-at-land,2,118,
193927.067,start,0,117,
193933.699,refuse,2,118,
193934.296,conflict-at-land,0,117,
193948.699,start,2,118,
193949.296,refuse,0,117,
193954.283,conflict-at-land,2,118,
193964.296,start,0,117,
193969.283,refuse,2,118,
193970.182,conflict-at-land,0,117,
193984.283,start,2,118,
193985.182,refuse,0,117,
193990.54,conflict-at-land,2,118,
194000.182,start,0,117,
194005.492,conflict-at-land,0,117,
194005.54,start,2,118,
194010.955,conflict-at-land,2,118,
194020.492,start,0,117,
194025.955,refuse,2,118,
194026.083,conflict-at-land,0,117,
194040.955,start,2,118,
194041.083,refuse,0,117,
194046.094,conflict-at-land,2,118,
194056.083,start,0,117,
194061.094,refuse,2,118,
194062.798,conflict-at-land,0,117,
194076.094,start,2,118,
194077.798,refuse,0,117,
194082.293,conflict-at-land,2,118,
194092.798,start,0,117,
194097.293,refuse,2,118,
194097.401,conflict-at-land,0,117,
194112.293,start,2,118,
194112.401,refuse,0,117,
194116.847,conflict-at-land,2,118,
194127.401,start,0,117,
194131.847,refuse,2,118,
194134.286,conflict-at-land,0,117,
194146.847,start,2,118,
194149.286,refuse,0,117,
194152.785,conflict-at-land,2,118,
194164.286,start,0,117,
194167.785,refuse,2,118,
194171.576,conflict-at-land,0,117,
194182.785,start,2,118,
194186.576,refuse,0,117,
194189.573,conflict-at-land,2,118,
194201.576,start,0,117,
194204.573,refuse,2,118,
194207.884,conflict-at-land,0,117,
194219.573,start,2,118,
194222.884,refuse,0,117,
194224.692,conflict-at-land,2,118,
194237.884,start,0,117,
194239.692,refuse,2,118,
194244.282,conflict-at-land,0,117,
194254.692,start,2,118,
194259.282,refuse,0,117,
194260.578,conflict-at-land,2,118,
194274.282,start,0,117,
194275.578,refuse,2,118,
194281.176,conflict-at-land,0,117,
194290.578,start,2,118,
194295.697,conflict-at-land,2,118,
194296.176,start,0,117,
194303.929,conflict-at-land,0,117,
194310.697,start,2,118,
194318.311,conflict-at-land,2,118,
194318.929,start,0,117,
194326.662,conflict-at-land,0,117,
194333.311,start,2,118,
194338.897,conflict-at-land,2,118,
194341.662,start,0,117,
194346.56,conflict-at-land,0,117,
194353.897,start,2,118,
194359.707,conflict-at-land,2,118,
194361.56,start,0,117,
194368.518,conflict-at-land,0,117,
194374.707,start,2,118,
194381.258,conflict-at-land,2,118,
194383.518,start,0,117,
194387.765,conflict-at-land,0,117,
194396.258,start,2,118,
194401.266,conflict-at-land,2,118,
194402.765,start,0,117,
194410.425,conflict-at-land,0,117,
194416.266,start,2,118,
194422.388,conflict-at-land,2,118,
194425.425,start,0,117,
194429.874,conflict-at-land,0,117,
194437.388,start,2,118,
194443.646,conflict-at-land,2,118,
194444.874,start,0,117,
194451.871,conflict-at-land,0,117,
194458.646,start,2,118,
194466.118,conflict-at-land,2,118,
194466.871,start,0,117,
194471.487,conflict-at-land,0,117,
194481.118,start,2,118,
194486.487,refuse,0,117,
194487.876,conflict-at-land,2,118,
194501.487,start,0,117,
194502.876,refuse,2,118,
194506.082,conflict-at-land,0,117,
194517.876,start,2,118,
194521.082,refuse,0,117,
194524.378,conflict-at-land,2,118,
194536.082,start,0,117,
194539.378,refuse,2,118,
194542.233,conflict-at-land,0,117,
194554.378,start,2,118,
194557.233,refuse,0,117,
194558.655,conflict-at-land,2,118,
194572.233,start,0,117,
194573.655,refuse,2,118,
194577.062,conflict-at-land,0,117,
194588.655,start,2,118,
194592.062,refuse,0,117,
194594.362,conflict-at-land,2,118,
194607.062,start,0,117,
194609.362,refuse,2,118,
194613.808,conflict-at-land,0,117,
194624.362,start,2,118,
194628.808,refuse,0,117,
194632.118,conflict-at-land,2,118,
194643.808,start,0,117,
194647.118,refuse,2,118,
194649.006,conflict-at-land,0,117,
194662.118,start,2,118,
194664.006,refuse,0,117,
194667.314,conflict-at-land,2,118,
194679.006,start,0,117,
194682.314,refuse,2,118,
194685.686,conflict-at-land,0,117,
194697.314,start,2,118,
194700.686,refuse,0,117,
194703.152,conflict-at-land,2,118,
194715.686,start,0,117,
194718.152,refuse,2,118,
194722.033,conflict-at-land,0,117,
194733.152,start,2,118,
194737.033,refuse,0,117,
194740.416,conflict-at-land,2,118,
194752.033,start,0,117,
194755.416,refuse,2,118,
194758.94,conflict-at-land,0,117,
194770.416,start,2,118,
194773.94,refuse,0,117,
194776.163,conflict-at-land,2,118,
194788.94,start,0,117,
194791.163,refuse,2,118,
194794.449,conflict-at-land,0,117,
194806.163,start,2,118,
194809.449,refuse,0,117,
194812.852,conflict-at-land,2,118,
194824.449,start,0,117,
194827.852,refuse,2,118,
194830.813,conflict-at-land,0,117,
194842.852,start,2,118,
194845.813,refuse,0,117,
194849.445,conflict-at-land,2,118,
194860.813,start,0,117,
194864.445,refuse,2,118,
194866.764,conflict-at-land,0,117,
194879.445,start,2,118,
194881.764,refuse,0,117,
194886.274,conflict-at-land,2,118,
194896.764,start,0,117,
194901.274,refuse,2,118,
194901.807,conflict-at-land,0,117,
194916.274,start,2,118,
194916.807,refuse,0,117,
194923.393,conflict-at-land,2,118,
194931.807,start,0,117,
194937.456,conflict-at-land,0,117,
194938.393,start,2,118,
194944.109,conflict-at-land,2,118,
194952.456,start,0,117,
194956.835,conflict-at-land,0,117,
194959.109,start,2,118,
194966.295,conflict-at-land,2,118,
194971.835,start,0,117,
194978.071,conflict-at-land,0,117,
194981.295,start,2,118,
194987.78,conflict-at-land,2,118,
194993.071,start,0,117,
194998.456,conflict-at-land,0,117,
195002.78,start,2,118,
195007.201,conflict-at-land,2,118,
195013.456,start,0,117,
195019.58,conflict-at-land,0,117,
195022.201,start,2,118,
195028.242,conflict-at-land,2,118,
195034.58,start,0,117,
195039.474,conflict-at-land,0,117,
195043.242,start,2,118,
195050.38,conflict-at-land,2,118,
195054.474,start,0,117,
195058.793,conflict-at-land,0,117,
195065.38,start,2,118,
195072.662,conflict-at-land,2,118,
195073.793,start,0,117,
195081.28,conflict-at-land,0,117,
195087.662,start,2,118,
195092.228,conflict-at-land,2,118,
195096.28,start,0,117,
195103.901,conflict-at-land,0,117,
195107.228,start,2,118,
195114.809,conflict-at-land,2,118,
195118.901,start,0,117,
195124.372,conflict-at-land,0,117,
195129.809,start,2,118,
195135.571,conflict-at-land,2,118,
195139.372,start,0,117,
195146.508,conflict-at-land,0,117,
195150.571,start,2,118,
195154.99,conflict-at-land,2,118,
195161.508,start,0,117,
195168.645,conflict-at-land,0,117,
195169.99,start,2,118,
195174.233,conflict-at-land,2,118,
195183.645,start,0,117,
195189.233,refuse,2,118,
195190.101,conflict-at-land,0,117,
195204.233,start,2,118,
195205.101,refuse,0,117,
195208.599,conflict-at-land,2,118,
195220.101,start,0,117,
195223.599,refuse,2,118,
195225.931,conflict-at-land,0,117,
195238.599,start,2,118,
195240.931,refuse,0,117,
195245.35,conflict-at-land,2,118,
195255.931,start,0,117,
195260.35,refuse,2,118,
195262.066,conflict-at-land,0,117,
195275.35,start,2,118,
195277.066,refuse,0,117,
195280.853,conflict-at-land,2,118,
195292.066,start,0,117,
195295.853,refuse,2,118,
195297.217,conflict-at-land,0,117,
195310.853,start,2,118,
195312.217,refuse,0,117,
195315.389,conflict-at-land,2,118,
195327.217,start,0,117,
195330.389,refuse,2,118,
195332.444,conflict-at-land,0,117,
195345.389,start,2,118,
195347.444,refuse,0,117,
195350.357,conflict-at-land,2,118,
195362.444,start,0,117,
195365.357,refuse,2,118,
195367.491,conflict-at-land,0,117,
195374.659,conflict-at-land,3,3,
195380.357,start,2,118,
195382.491,refuse,0,117,
195384.972,conflict-at-land,2,118,
195389.659,start,3,3,
195397.491,start,0,117,
195399.972,refuse,2,118,
195403.156,conflict-at-land,0,117,
195414.972,start,2,118,
195418.156,refuse,0,117,
195419.535,conflict-at-land,2,118,
195433.156,start,0,117,
195434.535,refuse,2,118,
195439.963,conflict-at-land,0,117,
195449.535,start,2,118,
195454.792,conflict-at-land,2,118,
195454.963,start,0,117,
195461.959,conflict-at-land,0,117,
195469.792,start,2,118,
195476.015,conflict-at-land,2,118,
195476.959,start,0,117,
195483.746,conflict-at-land,0,117,
195491.015,start,2,118,
195497.862,conflict-at-land,2,118,
195498.746,start,0,117,
195504.233,conflict-at-land,0,117,
195512.862,start,2,118,
195519.233,refuse,0,117,
195519.512,conflict-at-land,2,118,
195534.233,start,0,117,
195534.512,refuse,2,118,
195538.571,conflict-at-land,0,117,
195549.512,start,2,118,
195553.571,refuse,0,117,
195556.772,conflict-at-land,2,118,
195568.571,start,0,117,
195571.772,refuse,2,118,
195575.363,conflict-at-land,0,117,
195586.772,start,2,118,
195590.363,refuse,0,117,
195594.298,conflict-at-land,2,118,
195605.363,start,0,117,
195609.298,refuse,2,118,
195610.815,conflict-at-land,0,117,
195624.298,start,2,118,
195625.815,refuse,0,117,
195629.082,conflict-at-land,2,118,
195640.815,start,0,117,
195644.082,refuse,2,118,
195647.651,conflict-at-land,0,117,
195659.082,start,2,118,
195662.651,refuse,0,117,
195663.931,conflict-at-land,2,118,
195677.651,start,0,117,
195678.931,refuse,2,118,
195685.007,conflict-at-land,0,117,
195693.931,start,2,118,
195699.321,conflict-at-land,2,118,
195700.007,start,0,117,
195707.308,conflict-at-land,0,117,
195714.321,start,2,118,
195718.789,conflict-at-land,2,118,
195722.308,start,0,117,
195727.549,conflict-at-land,0,117,
195733.789,start,2,118,
195740.892,conflict-at-land,2,118,
195742.549,start,0,117,
195747.022,conflict-at-land,0,117,
195755.892,start,2,118,
195762.022,refuse,0,117,
195762.712,conflict-at-land,2,118,
195777.022,start,0,117,
195777.712,refuse,2,118,
195782.637,conflict-at-land,0,117,
195792.712,start,2,118,
195797.637,refuse,0,117,
195798.942,conflict-at-land,2,118,
195812.637,start,0,117,
195813.942,refuse,2,118,
195817.476,conflict-at-land,0,117,
195828.942,start,2,118,
195832.476,refuse,0,117,
195834.015,conflict-at-land,2,118,
195847.476,start,0,117,
195849.015,refuse,2,118,
195854.834,conflict-at-land,0,117,
195864.015,start,2,118,
195869.834,refuse,0,117,
195870.818,conflict-at-land,2,118,
195884.834,start,0,117,
195885.818,refuse,2,118,
195889.444,conflict-at-land,0,117,
195900.818,start,2,118,
195904.444,refuse,0,117,
195905.314,conflict-at-land,2,118,
195919.444,start,0,117,
195920.314,refuse,2,118,
195924.031,conflict-at-land,0,117,
195935.314,start,2,118,
195939.031,refuse,0,117,
195940.222,conflict-at-land,2,118,
195954.031,start,0,117,
195955.222,refuse,2,118,
195959.249,conflict-at-land,0,117,
195970.222,start,2,118,
195974.249,refuse,0,117,
195976.315,conflict-at-land,2,118,
195989.249,start,0,117,
195991.315,refuse,2,118,
195994.57,conflict-at-land,0,117,
196006.315,start,2,118,
196009.57,refuse,0,117,
196013.906,conflict-at-land,2,118,
196024.57,start,0,117,
196028.906,refuse,2,118,
196029.054,conflict-at-land,0,117,
196043.906,start,2,118,
196044.054,refuse,0,117,
196049.902,conflict-at-land,2,118,
196059.054,start,0,117,
196064.902,refuse,2,118,
196065.512,conflict-at-land,0,117,
196079.902,start,2,118,
196080.512,refuse,0,117,
196086.948,conflict-at-land,2,118,
196095.512,start,0,117,
196101.429,conflict-at-land,0,117,
196101.948,start,2,118,
196108.414,conflict-at-land,2,118,
196116.429,start,0,117,
196121.177,conflict-at-land,0,117,
196121.177,abandon,0,117,
196121.177,refuse,0,119,
196123.414,start,2,118,
196128.64,conflict-at-land,2,118,
196136.177,refuse,0,119,
196143.64,start,2,118,
196150.926,conflict-at-land,2,118,
196151.177,refuse,0,119,
196165.926,start,2,118,
196166.177,refuse,0,119,
196170.211,conflict-at-land,2,118,
196181.177,refuse,0,119,
196185.211,start,2,118,
196191.362,conflict-at-land,2,118,
196196.177,refuse,0,119,
196206.362,start,2,118,
196211.177,refuse,0,119,
196213.865,conflict-at-land,2,118,
196226.177,refuse,0,119,
196228.865,start,2,118,
196236.385,conflict-at-land,2,118,
196241.177,refuse,0,119,
196251.385,start,2,118,
196256.177,refuse,0,119,
196256.273,conflict-at-land,2,118,
196271.177,refuse,0,119,
196271.273,start,2,118,
196279.06,conflict-at-land,2,118,
196286.177,refuse,0,119,
196294.06,start,2,118,
196299.941,conflict-at-land,2,118,
196301.177,refuse,0,119,
196314.941,start,2,118,
196316.177,refuse,0,119,
196319.608,conflict-at-land,2,118,
196331.177,refuse,0,119,
196334.608,start,2,118,
196341.733,conflict-at-land,2,118,
196346.177,refuse,0,119,
196356.733,start,2,118,
196361.177,refuse,0,119,
196362.85,conflict-at-land,2,118,
196376.177,refuse,0,119,
196377.85,start,2,118,
196385.594,conflict-at-land,2,118,
196391.177,refuse,0,119,
196400.594,start,2,118,
196405.243,conflict-at-land,2,118,
196406.177,refuse,0,119,
196420.243,start,2,118,
196421.177,refuse,0,119,
196427.476,conflict-at-land,2,118,
196436.177,refuse,0,119,
196442.476,start,2,118,
196447.804,conflict-at-land,2,118,
196451.177,refuse,0,119,
196462.804,start,2,118,
196466.177,refuse,0,119,
196467.143,conflict-at-land,2,118,
196481.177,refuse,0,119,
196482.143,start,2,118,
196486.916,conflict-at-land,2,118,
196496.177,refuse,0,119,
196501.916,start,2,118,
196508.906,conflict-at-land,2,118,
196511.177,refuse,0,119,
196523.906,start,2,118,
196526.177,refuse,0,119,
196531.394,conflict-at-land,2,118,
196541.177,refuse,0,119,
196546.394,start,2,118,
196553.217,conflict-at-land,2,118,
196556.177,refuse,0,119,
196568.217,start,2,118,
196571.177,refuse,0,119,
196574.787,conflict-at-land,2,118,
196586.177,refuse,0,119,
196589.787,start,2,118,
196595.522,conflict-at-land,2,118,
196601.177,refuse,0,119,
196610.522,start,2,118,
196615.821,conflict-at-land,2,118,
196616.177,refuse,0,119,
196630.821,start,2,118,
196631.177,refuse,0,119,
196636.381,conflict-at-land,2,118,
196646.177,refuse,0,119,
196651.381,start,2,118,
196655.842,conflict-at-land,2,118,
196661.177,refuse,0,119,
196670.842,start,2,118,
196675.546,conflict-at-land,2,118,
196676.177,refuse,0,119,
196690.546,start,2,118,
196691.177,refuse,0,119,
196695.627,conflict-at-land,2,118,
196706.177,refuse,0,119,
196710.627,start,2,118,
196718.115,conflict-at-land,2,118,
196721.177,refuse,0,119,
196733.115,start,2,118,
196736.177,refuse,0,119,
196740.594,conflict-at-land,2,118,
196751.177,refuse,0,119,
196755.594,start,2,118,
196760.801,conflict-at-land,2,118,
196766.177,refuse,0,119,
196775.801,start,2,118,
196781.177,refuse,0,119,
196783.424,conflict-at-land,2,118,
196796.177,refuse,0,119,
196798.424,start,2,118,
196803.145,conflict-at-land,2,118,
196811.177,refuse,0,119,
196818.145,start,2,118,
196824.72,conflict-at-land,2,118,
196826.177,refuse,0,119,
196839.72,start,2,118,
196841.177,refuse,0,119,
196844.324,conflict-at-land,2,118,
196856.177,refuse,0,119,
196859.324,start,2,118,
196865.594,conflict-at-land,2,118,
196871.177,refuse,0,119,
196880.594,start,2,118,
196886.177,refuse,0,119,
196888.338,conflict-at-land,2,118,
196901.177,refuse,0,119,
196903.338,start,2,118,
196910.187,conflict-at-land,2,118,
196916.177,refuse,0,119,
196925.187,start,2,118,
196931.177,refuse,0,119,
196931.847,conflict-at-land,2,118,
196946.177,refuse,0,119,
196946.847,start,2,118,
196953.424,conflict-at-land,2,118,
196953.424,abandon,2,118,
196953.424,start,2,120,
196961.177,refuse,0,119,
196976.177,refuse,0,119,
196991.177,refuse,0,119,
196996.595,conflict-at-land,2,120,
197006.177,refuse,0,119,
197011.595,start,2,120,
197021.177,refuse,0,119,
197036.177,refuse,0,119,
197047.48,conflict-at-land,2,120,
197051.177,refuse,0,119,
197062.48,start,2,120,
197066.177,refuse,0,119,
197081.177,refuse,0,119,
197096.177,refuse,0,119,
197106.932,conflict-at-land,2,120,
197111.177,refuse,0,119,
197121.932,start,2,120,
197126.177,refuse,0,119,
197141.177,refuse,0,119,
197156.177,refuse,0,119,
197162.762,conflict-at-land,2,120,
197171.177,refuse,0,119,
197177.762,start,2,120,
197186.177,refuse,0,119,
197201.177,refuse,0,119,
197206.983,conflict-at-land,3,3,
197216.177,start,0,119,
197218.379,conflict-at-land,2,120,
197221.983,refuse,3,3,
197233.379,start,2,120,
197236.983,refuse,3,3,
197251.983,refuse,3,3,
197266.983,refuse,3,3,
197275.629,conflict-at-land,2,120,
197281.983,refuse,3,3,
197290.629,start,2,120,
197296.983,refuse,3,3,
197311.983,refuse,3,3,
197326.983,refuse,3,3,
197336.4,conflict-at-land,2,120,
197337.425,conflict-at-land,0,119,
197341.983,start,3,3,
197351.4,start,2,120,
197352.425,refuse,0,119,
197367.425,refuse,0,119,
197382.425,refuse,0,119,
197386.214,conflict-at-land,2,120,
197397.425,refuse,0,119,
197401.214,start,2,120,
197412.425,refuse,0,119,
197427.425,refuse,0,119,
197441.36,conflict-at-land,2,120,
197442.425,refuse,0,119,
197456.36,start,2,120,
197457.425,refuse,0,119,
197472.425,refuse,0,119,
197487.425,refuse,0,119,
197499.014,conflict-at-land,2,120,
197502.425,refuse,0,119,
197514.014,start,2,120,
197517.425,refuse,0,119,
197532.425,refuse,0,119,
197547.425,refuse,0,119,
197556.693,conflict-at-land,2,120,
197562.425,refuse,0,119,
197571.693,start,2,120,
197577.425,refuse,0,119,
197592.425,refuse,0,119,
197603.743,conflict-at-land,2,120,
197607.425,refuse,0,119,
197618.743,start,2,120,
197622.425,refuse,0,119,
197637.425,refuse,0,119,
197652.425,refuse,0,119,
197654.103,conflict-at-land,2,120,
197667.425,refuse,0,119,
197669.103,start,2,120,
197682.425,refuse,0,119,
197697.425,refuse,0,119,
197710.406,conflict-at-land,2,120,
197712.425,refuse,0,119,
197725.406,start,2,120,
197727.425,refuse,0,119,
197742.425,refuse,0,119,
197757.425,refuse,0,119,
197771.597,conflict-at-land,2,120,
197772.425,refuse,0,119,
197786.597,start,2,120,
197787.425,refuse,0,119,
197802.425,refuse,0,119,
197814.361,conflict-at-land,2,120,
197817.425,refuse,0,119,
197829.361,start,2,120,
197832.425,refuse,0,119,
197847.425,refuse,0,119,
197854.9,conflict-at-land,2,120,
197862.425,refuse,0,119,
197869.9,start,2,120,
197877.425,refuse,0,119,
197892.425,refuse,0,119,
197907.425,refuse,0,119,
197913.606,conflict-at-land,2,120,
197922.425,refuse,0,119,
197928.606,start,2,120,
197937.425,refuse,0,119,
197952.425,refuse,0,119,
197954.579,conflict-at-land,2,120,
197967.425,refuse,0,119,
197969.579,start,2,120,
197982.425,refuse,0,119,
197996.602,conflict-at-land,2,120,
197997.425,refuse,0,119,
198011.602,start,2,120,
198012.425,refuse,0,119,
198027.425,refuse,0,119,
198042.425,refuse,0,119,
198044.684,conflict-at-land,2,120,
198057.425,refuse,0,119,
198059.684,start,2,120,
198072.425,refuse,0,119,
198085.095,conflict-at-land,2,120,
198087.425,refuse,0,119,
198100.095,start,2,120,
198102.425,refuse,0,119,
198117.425,refuse,0,119,
198132.425,refuse,0,119,
198145.162,conflict-at-land,2,120,
198147.425,refuse,0,119,
198160.162,start,2,120,
198162.425,refuse,0,119,
198177.425,refuse,0,119,
198185.943,conflict-at-land,2,120,
198192.425,refuse,0,119,
198200.943,start,2,120,
198207.425,refuse,0,119,
198222.425,refuse,0,119,
198227.746,conflict-at-land,2,120,
198237.425,refuse,0,119,
198242.746,start,2,120,
198252.425,refuse,0,119,
198267.425,refuse,0,119,
198278.73,conflict-at-land,2,120,
198282.425,refuse,0,119,
198293.73,start,2,120,
198297.425,refuse,0,119,
198312.425,refuse,0,119,
198327.425,refuse,0,119,
198327.428,conflict-at-land,2,120,
198342.425,refuse,0,119,
198342.428,start,2,120,
198357.425,refuse,0,119,
198372.425,refuse,0,119,
198383.829,conflict-at-land,2,120,
198387.425,refuse,0,119,
198398.829,start,2,120,
198402.425,refuse,0,119,
198417.425,refuse,0,119,
198432.425,refuse,0,119,
198442.696,conflict-at-land,2,120,
198447.425,refuse,0,119,
198457.696,start,2,120,
198462.425,refuse,0,119,
198477.425,refuse,0,119,
198483.339,conflict-at-land,2,120,
198492.425,refuse,0,119,
198498.339,start,2,120,
198507.425,refuse,0,119,
198522.425,refuse,0,119,
198537.425,refuse,0,119,
198543.874,conflict-at-land,2,120,
198552.425,refuse,0,119,
198558.874,start,2,120,
198567.425,refuse,0,119,
198582.425,refuse,0,119,
198585.54,conflict-at-land,2,120,
198597.425,refuse,0,119,
198600.54,start,2,120,
198612.425,refuse,0,119,
198627.425,refuse,0,119,
198633.733,conflict-at-land,2,120,
198642.425,refuse,0,119,
198648.733,start,2,120,
198657.425,refuse,0,119,
198672.425,refuse,0,119,
198679.189,conflict-at-land,2,120,
198687.425,refuse,0,119,
198694.189,start,2,120,
198702.425,refuse,0,119,
198717.425,refuse,0,119,
198723.08,conflict-at-land,2,120,
198732.425,refuse,0,119,
198738.08,start,2,120,
198747.425,refuse,0,119,
198762.425,refuse,0,119,
198764.987,conflict-at-land,2,120,
198777.425,refuse,0,119,
198779.987,start,2,120,
198792.425,refuse,0,119,
198807.425,refuse,0,119,
198822.425,refuse,0,119,
198822.513,conflict-at-land,2,120,
198837.425,refuse,0,119,
198837.513,start,2,120,
198852.425,refuse,0,119,
198867.425,refuse,0,119,
198869.709,conflict-at-land,2,120,
198882.425,refuse,0,119,
198884.709,start,2,120,
198897.425,refuse,0,119,
198912.425,refuse,0,119,
198917.324,conflict-at-land,2,120,
198927.425,refuse,0,119,
198932.324,start,2,120,
198942.425,refuse,0,119,
198957.425,refuse,0,119,
198972.425,refuse,0,119,
198976.778,conflict-at-land,2,120,
198982.181,conflict-at-land,3,3,
198987.425,start,0,119,
198991.778,start,2,120,
198997.181,refuse,3,3,
199012.181,refuse,3,3,
199020.209,conflict-at-land,2,120,
199027.181,refuse,3,3,
199035.209,start,2,120,
199042.181,refuse,3,3,
199057.181,refuse,3,3,
199063.386,conflict-at-land,2,120,
199072.181,refuse,3,3,
199078.386,start,2,120,
199087.181,refuse,3,3,
199102.181,refuse,3,3,
199111.358,conflict-at-land,2,120,
199117.181,refuse,3,3,
199121.964,conflict-at-land,0,119,
199126.358,start,2,120,
199132.181,start,3,3,
199136.964,refuse,0,119,
199151.964,refuse,0,119,
199152.875,conflict-at-land,2,120,
199166.964,refuse,0,119,
199167.875,start,2,120,
199181.964,refuse,0,119,
199196.964,refuse,0,119,
199201.02,conflict-at-land,2,120,
199211.964,refuse,0,119,
199216.02,start,2,120,
199226.964,refuse,0,119,
199241.964,refuse,0,119,
199255.898,conflict-at-land,2,120,
199256.964,refuse,0,119,
199270.898,start,2,120,
199271.964,refuse,0,119,
199286.964,refuse,0,119,
199301.964,refuse,0,119,
199305.598,conflict-at-land,2,120,
199316.964,refuse,0,119,
199320.598,start,2,120,
199331.964,refuse,0,119,
199346.964,refuse,0,119,
199347.079,conflict-at-land,2,120,
199361.964,refuse,0,119,
199362.079,start,2,120,
199376.964,refuse,0,119,
199376.964,abandon,0,119,
199376.964,start,0,121,
199408.708,conflict-at-land,2,120,
199423.708,start,2,120,
199445.924,land,0,121,
199445.924,start,0,122,
199455.323,land,0,122,
199455.323,start,0,123,
199461.54,conflict-at-land,2,120,
199461.852,conflict-at-land,0,123,
199476.54,start,2,120,
199476.852,start,0,123,
199483.609,conflict-at-land,0,123,
199498.609,start,0,123,
199503.024,conflict-at-land,0,123,
199513.236,conflict-at-land,2,120,
199518.024,start,0,123,
199524.624,conflict-at-land,0,123,
199528.236,start,2,120,
199539.624,start,0,123,
199546.722,conflict-at-land,0,123,
199561.722,start,0,123,
199568.3,conflict-at-land,0,123,
199573.953,conflict-at-land,2,120,
199583.3,start,0,123,
199588.202,conflict-at-land,0,123,
199588.953,start,2,120,
199603.202,start,0,123,
199609.86,conflict-at-land,0,123,
199624.86,start,0,123,
199627.743,conflict-at-land,2,120,
199629.944,conflict-at-land,0,123,
199642.743,start,2,120,
199644.944,start,0,123,
199650.171,conflict-at-land,0,123,
199665.171,start,0,123,
199669.602,conflict-at-land,0,123,
199684.602,start,0,123,
199687.475,conflict-at-land,2,120,
199690.503,conflict-at-land,0,123,
199702.475,start,2,120,
199705.503,start,0,123,
199712.23,conflict-at-land,0,123,
199727.23,start,0,123,
199732.366,conflict-at-land,0,123,
199747.27,conflict-at-land,2,120,
199747.366,start,0,123,
199753.003,conflict-at-land,0,123,
199762.27,start,2,120,
199768.003,start,0,123,
199775.577,conflict-at-land,0,123,
199790.577,start,0,123,
199796.395,conflict-at-land,0,123,
199806.724,conflict-at-land,2,120,
199811.395,start,0,123,
199817.348,conflict-at-land,0,123,
199821.724,start,2,120,
199832.348,start,0,123,
199838.975,conflict-at-land,0,123,
199852.874,conflict-at-land,2,120,
199853.975,start,0,123,
199861.38,conflict-at-land,0,123,
199867.874,start,2,120,
199876.38,start,0,123,
199883.541,conflict-at-land,0,123,
199898.541,start,0,123,
199900.373,conflict-at-land,2,120,
199904.537,conflict-at-land,0,123,
199915.373,start,2,120,
199919.537,start,0,123,
199926.362,conflict-at-land,0,123,
199941.362,start,0,123,
199947.847,conflict-at-land,0,123,
199955.516,conflict-at-land,2,120,
199962.847,start,0,123,
199967.673,conflict-at-land,0,123,
199970.516,start,2,120,
199982.673,start,0,123,
199987.043,conflict-at-land,0,123,
200002.043,start,0,123,
200006.995,conflict-at-land,0,123,
200016.583,conflict-at-land,2,120,
200021.995,start,0,123,
200026.595,conflict-at-land,0,123,
200031.583,start,2,120,
200041.595,start,0,123,
200047.446,conflict-at-land,0,123,
200062.446,start,0,123,
200070.164,conflict-at-land,0,123,
200071.342,conflict-at-land,2,120,
200085.164,start,0,123,
200086.342,start,2,120,
200089.977,conflict-at-land,0,123,
200104.977,start,0,123,
200109.219,conflict-at-land,0,123,
200113.431,conflict-at-land,2,120,
200124.219,start,0,123,
200128.431,start,2,120,
200129.527,conflict-at-land,0,123,
200144.527,start,0,123,
200150.019,conflict-at-land,0,123,
200165.019,start,0,123,
200171.087,conflict-at-land,0,123,
200171.183,conflict-at-land,2,120,
200186.087,start,0,123,
200186.183,start,2,120,
200191.341,conflict-at-land,0,123,
200206.341,start,0,123,
200213.17,conflict-at-land,0,123,
200217.504,conflict-at-land,2,120,
200228.17,start,0,123,
200232.374,conflict-at-land,0,123,
200232.504,start,2,120,
200247.374,start,0,123,
200254.965,conflict-at-land,0,123,
200269.722,conflict-at-land,2,120,
200269.965,start,0,123,
200275.296,conflict-at-land,0,123,
200284.722,start,2,120,
200290.296,start,0,123,
200296.817,conflict-at-land,0,123,
200311.817,start,0,123,
200317.061,conflict-at-land,0,123,
200320.493,conflict-at-land,2,120,
200332.061,start,0,123,
200335.493,start,2,120,
200336.955,conflict-at-land,0,123,
200351.955,start,0,123,
200356.164,conflict-at-land,0,123,
200371.164,start,0,123,
200376.198,conflict-at-land,0,123,
200379.038,conflict-at-land,2,120,
200391.198,start,0,123,
200394.038,start,2,120,
200397.118,conflict-at-land,0,123,
200412.118,start,0,123,
200416.471,conflict-at-land,0,123,
200420.626,conflict-at-land,2,120,
200431.471,start,0,123,
200435.626,start,2,120,
200438.807,conflict-at-land,0,123,
200453.807,start,0,123,
200459.902,conflict-at-land,0,123,
200474.902,start,0,123,
200478.188,conflict-at-land,2,120,
200482.538,conflict-at-land,0,123,
200493.188,start,2,120,
200497.538,start,0,123,
200504.384,conflict-at-land,0,123,
200519.384,start,0,123,
200524.904,conflict-at-land,0,123,
200536.176,conflict-at-land,2,120,
200539.904,start,0,123,
200546.735,conflict-at-land,0,123,
200551.176,start,2,120,
200561.735,start,0,123,
200567.187,conflict-at-land,0,123,
200582.187,start,0,123,
200583.828,conflict-at-land,2,120,
200587.069,conflict-at-land,0,123,
200598.828,start,2,120,
200602.069,start,0,123,
200609.135,conflict-at-land,0,123,
200624.044,conflict-at-land,2,120,
200624.135,start,0,123,
200631.129,conflict-at-land,0,123,
200639.044,start,2,120,
200646.129,start,0,123,
200651.826,conflict-at-land,0,123,
200666.826,start,0,123,
200673.55,conflict-at-land,0,123,
200682.428,conflict-at-land,2,120,
200688.55,start,0,123,
200694.908,conflict-at-land,0,123,
200697.428,start,2,120,
200709.908,start,0,123,
200715.724,conflict-at-land,0,123,
200728.472,conflict-at-land,2,120,
200730.724,start,0,123,
200735.32,conflict-at-land,0,123,
200743.472,start,2,120,
200750.32,start,0,123,
200757.069,conflict-at-land,0,123,
200772.069,start,0,123,
200776.423,conflict-at-land,0,123,
200786.413,conflict-at-land,2,120,
200791.423,start,0,123,
200798.159,conflict-at-land,0,123,
200801.413,start,2,120,
200813.159,start,0,123,
200817.564,conflict-at-land,0,123,
200832.564,start,0,123,
200840.308,conflict-at-land,0,123,
200841.888,conflict-at-land,2,120,
200855.308,start,0,123,
200856.888,start,2,120,
200863.074,conflict-at-land,0,123,
200878.074,start,0,123,
200883.607,conflict-at-land,0,123,
200892.627,conflict-at-land,2,120,
200898.607,start,0,123,
200902.821,conflict-at-land,0,123,
200907.627,start,2,120,
200917.821,start,0,123,
200924.637,conflict-at-land,0,123,
200939.637,start,0,123,
200944.605,conflict-at-land,0,123,
200949.36,conflict-at-land,2,120,
200959.605,start,0,123,
200964.048,conflict-at-land,0,123,
200964.36,start,2,120,
200979.048,start,0,123,
200986.113,conflict-at-land,0,123,
200998.272,conflict-at-land,2,120,
201001.113,start,0,123,
201006.47,conflict-at-land,0,123,
201013.272,start,2,120,
201021.47,start,0,123,
201028.141,conflict-at-land,0,123,
201043.141,start,0,123,
201047.996,conflict-at-land,0,123,
201051.307,conflict-at-land,2,120,
201062.996,start,0,123,
201066.307,start,2,120,
201069.281,conflict-at-land,0,123,
201084.281,start,0,123,
201091.367,conflict-at-land,0,123,
201094.672,conflict-at-land,2,120,
201106.367,start,0,123,
201109.672,start,2,120,
201112.284,conflict-at-land,0,123,
201127.284,start,0,123,
201133.044,conflict-at-land,0,123,
201148.044,start,0,123,
201153.688,conflict-at-land,0,123,
201154.27,conflict-at-land,2,120,
201168.688,start,0,123,
201169.27,start,2,120,
201174.477,conflict-at-land,0,123,
201189.477,start,0,123,
201196.496,conflict-at-land,0,123,
201204.002,conflict-at-land,2,120,
201211.496,start,0,123,
201216.776,conflict-at-land,0,123,
201219.002,start,2,120,
201231.776,start,0,123,
201238.311,conflict-at-land,0,123,
201244.534,conflict-at-land,2,120,
201253.311,start,0,123,
201258.056,conflict-at-land,0,123,
201259.534,start,2,120,
201273.056,start,0,123,
201278.486,conflict-at-land,0,123,
201288.023,conflict-at-land,2,120,
201293.486,start,0,123,
201299.389,conflict-at-land,0,123,
201303.023,start,2,120,
201314.389,start,0,123,
201321.872,conflict-at-land,0,123,
201333.25,conflict-at-land,2,120,
201336.872,start,0,123,
201342.177,conflict-at-land,0,123,
201348.25,start,2,120,
201357.177,start,0,123,
201362.382,conflict-at-land,0,123,
201377.382,start,0,123,
201381.632,conflict-at-land,0,123,
201393.207,conflict-at-land,2,120,
201396.632,start,0,123,
201403.852,conflict-at-land,0,123,
201408.207,start,2,120,
201418.852,start,0,123,
201423.174,conflict-at-land,0,123,
201438.174,start,0,123,
201442.052,conflict-at-land,2,120,
201444.602,conflict-at-land,0,123,
201457.052,start,2,120,
201459.602,start,0,123,
201465.249,conflict-at-land,0,123,
201480.249,start,0,123,
201486.912,conflict-at-land,0,123,
201499.195,conflict-at-land,2,120,
201501.912,start,0,123,
201509.686,conflict-at-land,0,123,
201514.195,start,2,120,
201524.686,start,0,123,
201531.121,conflict-at-land,0,123,
201545.325,conflict-at-land,2,120,
201546.121,start,0,123,
201553.877,conflict-at-land,0,123,
201560.325,start,2,120,
201568.877,start,0,123,
201575.428,conflict-at-land,3,3,
201576.081,conflict-at-land,0,123,
201590.428,start,3,3,
201591.081,start,0,123,
201591.836,conflict-at-land,2,120,
201597.712,conflict-at-land,0,123,
201606.836,start,2,120,
201612.712,start,0,123,
201619.603,conflict-at-land,0,123,
201634.603,start,0,123,
201640.675,conflict-at-land,0,123,
201643.556,conflict-at-land,2,120,
201655.675,start,0,123,
201658.556,start,2,120,
201662.425,conflict-at-land,0,123,
201677.425,start,0,123,
201684.739,conflict-at-land,0,123,
201686.022,conflict-at-land,2,120,
201699.739,start,0,123,
201701.022,start,2,120,
201705.844,conflict-at-land,0,123,
201720.844,start,0,123,
201727.783,conflict-at-land,0,123,
201741.107,conflict-at-land,2,120,
201742.783,start,0,123,
201748.795,conflict-at-land,0,123,
201756.107,start,2,120,
201763.795,start,0,123,
201770.587,conflict-at-land,0,123,
201785.587,start,0,123,
201790.703,conflict-at-land,0,123,
201799.974,conflict-at-land,2,120,
201805.703,start,0,123,
201810.228,conflict-at-land,0,123,
201814.974,start,2,120,
201825.228,start,0,123,
201832.67,conflict-at-land,0,123,
201847.67,start,0,123,
201853.079,conflict-at-land,0,123,
201855.84,conflict-at-land,2,120,
201868.079,start,0,123,
201870.84,start,2,120,
201873.434,conflict-at-land,0,123,
201888.434,start,0,123,
201896.056,conflict-at-land,0,123,
201910.648,conflict-at-land,2,120,
201911.056,start,0,123,
201917.471,conflict-at-land,0,123,
201925.648,start,2,120,
201932.471,start,0,123,
201938.467,conflict-at-land,0,123,
201952.542,conflict-at-land,2,120,
201953.467,start,0,123,
201959.411,conflict-at-land,0,123,
201967.542,start,2,120,
201974.411,start,0,123,
201980.923,conflict-at-land,0,123,
201995.923,start,0,123,
201997.084,conflict-at-land,2,120,
202002.162,conflict-at-land,0,123,
202012.084,start,2,120,
202017.162,start,0,123,
202023.555,conflict-at-land,0,123,
202038.555,start,0,123,
202043.178,conflict-at-land,0,123,
202046.338,conflict-at-land,2,120,
202058.178,start,0,123,
202061.338,start,2,120,
202065.653,conflict-at-land,0,123,
202080.653,start,0,123,
202086.065,conflict-at-land,0,123,
202094.092,conflict-at-land,2,120,
202101.065,start,0,123,
202108.448,conflict-at-land,0,123,
202109.092,start,2,120,
202123.448,start,0,123,
202131.209,conflict-at-land,0,123,
202146.209,start,0,123,
202146.836,conflict-at-land,2,120,
202153.241,conflict-at-land,0,123,
202161.836,start,2,120,
202168.241,start,0,123,
202175.911,conflict-at-land,0,123,
202190.911,start,0,123,
202197.614,conflict-at-land,0,123,
202203.127,conflict-at-land,2,120,
202212.614,start,0,123,
202217.038,conflict-at-land,0,123,
202218.127,start,2,120,
202232.038,start,0,123,
202237.97,conflict-at-land,0,123,
202252.97,start,0,123,
202255.357,conflict-at-land,2,120,
202259.09,conflict-at-land,0,123,
202270.357,start,2,120,
202274.09,start,0,123,
202281.824,conflict-at-land,0,123,
202296.824,start,0,123,
202303.614,conflict-at-land,0,123,
202316.708,conflict-at-land,2,120,
202318.614,start,0,123,
202325.787,conflict-at-land,0,123,
202331.708,start,2,120,
202340.787,start,0,123,
202346.603,conflict-at-land,0,123,
202356.987,conflict-at-land,2,120,
202361.603,start,0,123,
202367.481,conflict-at-land,0,123,
202371.987,start,2,120,
202382.481,start,0,123,
202389.998,conflict-at-land,0,123,
202402.322,conflict-at-land,2,120,
202404.998,start,0,123,
202409.299,conflict-at-land,0,123,
202417.322,start,2,120,
202424.299,start,0,123,
202432.064,conflict-at-land,0,123,
202447.064,start,0,123,
202452.481,conflict-at-land,0,123,
202460.657,conflict-at-land,2,120,
202467.481,start,0,123,
202471.777,conflict-at-land,0,123,
202475.657,start,2,120,
202486.777,start,0,123,
202491.346,conflict-at-land,0,123,
202506.346,start,0,123,
202510.207,conflict-at-land,2,120,
202513.971,conflict-at-land,0,123,
202525.207,start,2,120,
202528.971,start,0,123,
202533.85,conflict-at-land,0,123,
202548.85,start,0,123,
202555.623,conflict-at-land,0,123,
202561.686,conflict-at-land,2,120,
202570.623,start,0,123,
202576.679,conflict-at-land,0,123,
202576.686,start,2,120,
202591.679,start,0,123,
202596.646,conflict-at-land,0,123,
202611.646,start,0,123,
202613.845,conflict-at-land,2,120,
202619.323,conflict-at-land,0,123,
202628.845,start,2,120,
202634.323,start,0,123,
202641.714,conflict-at-land,0,123,
202656.714,start,0,123,
202663.887,conflict-at-land,0,123,
202672.979,conflict-at-land,2,120,
202678.887,start,0,123,
202686.466,conflict-at-land,0,123,
202687.979,start,2,120,
202701.466,start,0,123,
202708.457,conflict-at-land,0,123,
202718.213,conflict-at-land,2,120,
202723.457,start,0,123,
202729.102,conflict-at-land,0,123,
202733.213,start,2,120,
202744.102,start,0,123,
202750.87,conflict-at-land,0,123,
202762.84,conflict-at-land,2,120,
202765.87,start,0,123,
202771.904,conflict-at-land,0,123,
202777.84,start,2,120,
202786.904,start,0,123,
202792.987,conflict-at-land,0,123,
202807.987,start,0,123,
202808.475,conflict-at-land,2,120,
202813.639,conflict-at-land,0,123,
202823.475,start,2,120,
202828.639,start,0,123,
202835.587,conflict-at-land,0,123,
202850.587,start,0,123,
202857.543,conflict-at-land,0,123,
202861.229,conflict-at-land,2,120,
202872.543,start,0,123,
202876.229,start,2,120,
202877.758,conflict-at-land,0,123,
202892.758,start,0,123,
202897.776,conflict-at-land,0,123,
202909.178,conflict-at-land,2,120,
202912.776,start,0,123,
202920.404,conflict-at-land,0,123,
202924.178,start,2,120,
202935.404,start,0,123,
202940.431,conflict-at-land,0,123,
202955.431,start,0,123,
202960.953,conflict-at-land,0,123,
202970.574,conflict-at-land,2,120,
202975.953,start,0,123,
202982.018,conflict-at-land,0,123,
202985.574,start,2,120,
202997.018,start,0,123,
203003.525,conflict-at-land,0,123,
203013.215,conflict-at-land,2,120,
203018.525,start,0,123,
203025.077,conflict-at-land,0,123,
203028.215,start,2,120,
203040.077,start,0,123,
203045.328,conflict-at-land,0,123,
203057.994,conflict-at-land,2,120,
203060.328,start,0,123,
203066.956,conflict-at-land,0,123,
203072.994,start,2,120,
203081.956,start,0,123,
203086.603,conflict-at-land,0,123,
203101.603,start,0,123,
203108.403,conflict-at-land,0,123,
203118.565,conflict-at-land,2,120,
203123.403,start,0,123,
203130.727,conflict-at-land,0,123,
203133.565,start,2,120,
203145.727,start,0,123,
203153.496,conflict-at-land,0,123,
203168.496,start,0,123,
203173.611,conflict-at-land,0,123,
203174.764,conflict-at-land,2,120,
203188.611,start,0,123,
203189.764,start,2,120,
203193.495,conflict-at-land,0,123,
203208.495,start,0,123,
203214.342,conflict-at-land,0,123,
203229.342,start,0,123,
203235.868,conflict-at-land,2,120,
203236.009,conflict-at-land,0,123,
203250.868,start,2,120,
203251.009,start,0,123,
203257.294,conflict-at-land,0,123,
203272.294,start,0,123,
203274.26,conflict-at-land,3,3,
203276.576,conflict-at-land,0,123,
203287.551,conflict-at-land,2,120,
203289.26,start,3,3,
203291.576,start,0,123,
203296.09,conflict-at-land,0,123,
203302.551,start,2,120,
203311.09,start,0,123,
203315.56,conflict-at-land,0,123,
203330.56,start,0,123,
203336.1,conflict-at-land,0,123,
203346.426,conflict-at-land,2,120,
203351.1,start,0,123,
203355.774,conflict-at-land,0,123,
203361.426,start,2,120,
203370.774,start,0,123,
203377.378,conflict-at-land,0,123,
203392.378,start,0,123,
203399.461,conflict-at-land,0,123,
203400.361,conflict-at-land,2,120,
203414.461,start,0,123,
203415.361,start,2,120,
203421.329,conflict-at-land,0,123,
203436.329,start,0,123,
203441.216,conflict-at-land,0,123,
203456.216,start,0,123,
203457.142,conflict-at-land,2,120,
203462.028,conflict-at-land,0,123,
203472.142,start,2,120,
203477.028,start,0,123,
203482.791,conflict-at-land,0,123,
203497.791,start,0,123,
203504.962,conflict-at-land,0,123,
203518.259,conflict-at-land,2,120,
203519.962,start,0,123,
203526.13,conflict-at-land,0,123,
203533.259,start,2,120,
203541.13,start,0,123,
203548.649,conflict-at-land,0,123,
203563.649,start,0,123,
203565.235,conflict-at-land,2,120,
203568.06,conflict-at-land,0,123,
203580.235,start,2,120,
203583.06,start,0,123,
203590.003,conflict-at-land,0,123,
203605.003,start,0,123,
203612.189,conflict-at-land,0,123,
203619.321,conflict-at-land,2,120,
203627.189,start,0,123,
203631.604,conflict-at-land,0,123,
203634.321,start,2,120,
203646.604,start,0,123,
203651.928,conflict-at-land,0,123,
203666.928,start,0,123,
203672.788,conflict-at-land,2,120,
203673.515,conflict-at-land,0,123,
203673.515,abandon,0,123,
203673.515,start,0,124,
203675.701,land,0,124,
203675.701,start,0,125,
203687.482,land,0,125,
203687.482,refuse,0,126,
203687.788,start,2,120,
203702.482,refuse,0,126,
203717.482,refuse,0,126,
203723.557,conflict-at-land,2,120,
203732.482,refuse,0,126,
203738.557,start,2,120,
203747.482,refuse,0,126,
203762.482,refuse,0,126,
203769.618,conflict-at-land,2,120,
203777.482,refuse,0,126,
203784.618,start,2,120,
203792.482,refuse,0,126,
203807.482,refuse,0,126,
203815.88,conflict-at-land,2,120,
203822.482,refuse,0,126,
203830.88,start,2,120,
203837.482,refuse,0,126,
203852.482,refuse,0,126,
203867.482,refuse,0,126,
203871.986,conflict-at-land,2,120,
203882.482,refuse,0,126,
203886.986,start,2,120,
203897.482,refuse,0,126,
203912.482,refuse,0,126,
203924.544,conflict-at-land,2,120,
203927.482,refuse,0,126,
203939.544,start,2,120,
203942.482,refuse,0,126,
203957.482,refuse,0,126,
203972.482,refuse,0,126,
203973.088,conflict-at-land,2,120,
203987.482,refuse,0,126,
203988.088,start,2,120,
204002.482,refuse,0,126,
204017.482,refuse,0,126,
204023.1,conflict-at-land,2,120,
204032.482,refuse,0,126,
204038.1,start,2,120,
204047.482,refuse,0,126,
204062.482,refuse,0,126,
204076.777,conflict-at-land,2,120,
204077.482,refuse,0,126,
204091.777,start,2,120,
204092.482,refuse,0,126,
204107.482,refuse,0,126,
204122.482,refuse,0,126,
204129.919,conflict-at-land,2,120,
204137.482,refuse,0,126,
204144.919,start,2,120,
204152.482,refuse,0,126,
204167.482,refuse,0,126,
204182.482,refuse,0,126,
204184.821,conflict-at-land,2,120,
204197.482,refuse,0,126,
204199.821,start,2,120,
204212.482,refuse,0,126,
204227.482,refuse,0,126,
204242.482,refuse,0,126,
204245.204,conflict-at-land,2,120,
204257.482,refuse,0,126,
204260.204,start,2,120,
204272.482,refuse,0,126,
204287.482,refuse,0,126,
204298.795,conflict-at-land,1,8,
204302.482,refuse,0,126,
204306.5,conflict-at-land,2,120,
204313.795,start,1,8,
204317.482,refuse,0,126,
204321.5,start,2,120,
204332.482,refuse,0,126,
204347.482,refuse,0,126,
204357.093,conflict-at-land,2,120,
204362.482,refuse,0,126,
204372.093,start,2,120,
204377.482,refuse,0,126,
204392.482,refuse,0,126,
204407.482,refuse,0,126,
204409.643,conflict-at-land,2,120,
204422.482,refuse,0,126,
204424.643,start,2,120,
204437.482,refuse,0,126,
204452.482,refuse,0,126,
204452.559,conflict-at-land,2,120,
204467.482,refuse,0,126,
204467.559,start,2,120,
204482.482,refuse,0,126,
204497.482,refuse,0,126,
204498.476,conflict-at-land,2,120,
204512.482,refuse,0,126,
204513.476,start,2,120,
204527.482,refuse,0,126,
204542.482,refuse,0,126,
204542.506,conflict-at-land,2,120,
204557.482,refuse,0,126,
204557.506,start,2,120,
204572.482,refuse,0,126,
204587.482,refuse,0,126,
204591.284,conflict-at-land,2,120,
204602.482,refuse,0,126,
204606.284,start,2,120,
204617.482,refuse,0,126,
204632.482,refuse,0,126,
204638.716,conflict-at-land,2,120,
204647.482,refuse,0,126,
204653.716,start,2,120,
204662.482,refuse,0,126,
204677.482,refuse,0,126,
204680.641,conflict-at-land,2,120,
204692.482,refuse,0,126,
204695.641,start,2,120,
204707.482,refuse,0,126,
204722.482,refuse,0,126,
204735.997,conflict-at-land,2,120,
204737.482,refuse,0,126,
204750.997,start,2,120,
204752.482,refuse,0,126,
204767.482,refuse,0,126,
204782.482,refuse,0,126,
204792.446,conflict-at-land,2,120,
204797.482,refuse,0,126,
204807.446,start,2,120,
204812.482,refuse,0,126,
204827.482,refuse,0,126,
204837.546,conflict-at-land,2,120,
204842.482,refuse,0,126,
204852.546,start,2,120,
204857.482,refuse,0,126,
204872.482,refuse,0,126,
204881.21,conflict-at-land,2,120,
204887.482,refuse,0,126,
204896.21,start,2,120,
204902.482,refuse,0,126,
204917.482,refuse,0,126,
204928.359,conflict-at-land,2,120,
204932.482,refuse,0,126,
204936.616,conflict-at-land,3,3,
204943.359,start,2,120,
204947.482,start,0,126,
204951.616,refuse,3,3,
204965.968,conflict-at-land,0,126,
204966.616,start,3,3,
204980.968,refuse,0,126,
204984.304,conflict-at-land,2,120,
204995.968,refuse,0,126,
204999.304,start,2,120,
205010.968,refuse,0,126,
205025.968,refuse,0,126,
205040.968,refuse,0,126,
205044.967,conflict-at-land,2,120,
205055.968,refuse,0,126,
205059.967,start,2,120,
205070.968,refuse,0,126,
205085.968,refuse,0,126,
205090.805,conflict-at-land,2,120,
205100.968,refuse,0,126,
205105.805,start,2,120,
205115.968,refuse,0,126,
205130.968,refuse,0,126,
205135.96,conflict-at-land,2,120,
205145.968,refuse,0,126,
205150.96,start,2,120,
205160.968,refuse,0,126,
205175.968,refuse,0,126,
205188.875,conflict-at-land,2,120,
205190.968,refuse,0,126,
205203.875,start,2,120,
205205.968,refuse,0,126,
205220.968,refuse,0,126,
205235.968,refuse,0,126,
205247.292,conflict-at-land,2,120,
205250.968,refuse,0,126,
205262.292,start,2,120,
205265.968,refuse,0,126,
205280.968,refuse,0,126,
205291.736,conflict-at-land,2,120,
205295.968,refuse,0,126,
205306.736,start,2,120,
205310.968,refuse,0,126,
205325.968,refuse,0,126,
205333.213,conflict-at-land,2,120,
205340.968,refuse,0,126,
205348.213,start,2,120,
205355.968,refuse,0,126,
205370.968,refuse,0,126,
205382.558,conflict-at-land,2,120,
205385.968,refuse,0,126,
205397.558,start,2,120,
205400.968,refuse,0,126,
205415.968,refuse,0,126,
205430.968,refuse,0,126,
205431.439,conflict-at-land,2,120,
205445.968,refuse,0,126,
205446.439,start,2,120,
205460.968,refuse,0,126,
205474.358,conflict-at-land,2,120,
205475.968,refuse,0,126,
205489.358,start,2,120,
205490.968,refuse,0,126,
205505.968,refuse,0,126,
205520.968,refuse,0,126,
205531.905,conflict-at-land,2,120,
205535.968,refuse,0,126,
205546.905,start,2,120,
205550.968,refuse,0,126,
205565.968,refuse,0,126,
205573.487,conflict-at-land,2,120,
205580.968,refuse,0,126,
205588.487,start,2,120,
205595.968,refuse,0,126,
205610.968,refuse,0,126,
205625.968,refuse,0,126,
205627.916,conflict-at-land,2,120,
205640.968,refuse,0,126,
205642.916,start,2,120,
205655.968,refuse,0,126,
205670.968,refuse,0,126,
205673.855,conflict-at-land,2,120,
205685.968,refuse,0,126,
205688.855,start,2,120,
205700.968,refuse,0,126,
205715.968,refuse,0,126,
205716.458,conflict-at-land,2,120,
205730.968,refuse,0,126,
205731.458,start,2,120,
205745.968,refuse,0,126,
205760.968,refuse,0,126,
205764.89,conflict-at-land,2,120,
205775.968,refuse,0,126,
205779.89,start,2,120,
205790.968,refuse,0,126,
205805.968,refuse,0,126,
205813.643,conflict-at-land,2,120,
205820.968,refuse,0,126,
205828.643,start,2,120,
205835.968,refuse,0,126,
205850.968,refuse,0,126,
205861.498,conflict-at-land,2,120,
205865.968,refuse,0,126,
205876.498,start,2,120,
205880.968,refuse,0,126,
205895.968,refuse,0,126,
205910.968,refuse,0,126,
205915.374,conflict-at-land,2,120,
205925.968,refuse,0,126,
205930.374,start,2,120,
205940.968,refuse,0,126,
205955.968,refuse,0,126,
205965.667,conflict-at-land,2,120,
205970.968,refuse,0,126,
205980.667,start,2,120,
205985.968,refuse,0,126,
206000.968,refuse,0,126,
206012.632,conflict-at-land,2,120,
206015.968,refuse,0,126,
206027.632,start,2,120,
206030.968,refuse,0,126,
206045.968,refuse,0,126,
206057.101,conflict-at-land,2,120,
206060.968,refuse,0,126,
206072.101,start,2,120,
206075.968,refuse,0,126,
206090.968,refuse,0,126,
206105.968,refuse,0,126,
206110.222,conflict-at-land,2,120,
206120.968,refuse,0,126,
206125.222,start,2,120,
206135.968,refuse,0,126,
206150.968,refuse,0,126,
206165.968,refuse,0,126,
206168.729,conflict-at-land,2,120,
206180.968,refuse,0,126,
206183.729,start,2,120,
206195.968,refuse,0,126,
206210.968,refuse,0,126,
206225.968,refuse,0,126,
206227.162,conflict-at-land,2,120,
206240.968,refuse,0,126,
206242.162,start,2,120,
206255.968,refuse,0,126,
206270.968,refuse,0,126,
206272.71,conflict-at-land,2,120,
206285.968,refuse,0,126,
206287.71,start,2,120,
206300.968,refuse,0,126,
206315.968,refuse,0,126,
206327.534,conflict-at-land,2,120,
206330.968,refuse,0,126,
206342.534,start,2,120,
206345.968,refuse,0,126,
206360.968,refuse,0,126,
206375.199,conflict-at-land,2,120,
206375.968,refuse,0,126,
206390.199,start,2,120,
206390.968,refuse,0,126,
206405.968,refuse,0,126,
206420.968,refuse,0,126,
206429.272,conflict-at-land,2,120,
206435.968,refuse,0,126,
206444.272,start,2,120,
206450.968,refuse,0,126,
206465.968,refuse,0,126,
206470.875,conflict-at-land,2,120,
206480.968,refuse,0,126,
206485.875,start,2,120,
206495.968,refuse,0,126,
206510.968,refuse,0,126,
206525.968,refuse,0,126,
206527.595,conflict-at-land,2,120,
206540.968,refuse,0,126,
206542.595,start,2,120,
206555.968,refuse,0,126,
206570.968,refuse,0,126,
206576.851,conflict-at-land,2,120,
206585.968,refuse,0,126,
206591.851,start,2,120,
206600.968,refuse,0,126,
206615.968,refuse,0,126,
206630.968,refuse,0,126,
206633.22,conflict-at-land,2,120,
206645.968,refuse,0,126,
206648.22,start,2,120,
206660.968,refuse,0,126,
206675.968,refuse,0,126,
206690.968,refuse,0,126,
206692.527,conflict-at-land,2,120,
206705.968,refuse,0,126,
206705.968,abandon,0,126,
206705.968,refuse,0,127,
206707.527,start,2,120,
206720.968,refuse,0,127,
206735.508,conflict-at-land,2,120,
206735.968,refuse,0,127,
206750.508,start,2,120,
206750.968,refuse,0,127,
206765.968,refuse,0,127,
206780.968,refuse,0,127,
206793.84,conflict-at-land,2,120,
206795.968,refuse,0,127,
206808.84,start,2,120,
206810.968,refuse,0,127,
206825.968,refuse,0,127,
206840.968,refuse,0,127,
206854.672,conflict-at-land,2,120,
206855.968,refuse,0,127,
206869.672,start,2,120,
206870.968,refuse,0,127,
206885.968,refuse,0,127,
206899.798,conflict-at-land,2,120,
206900.968,refuse,0,127,
206914.798,start,2,120,
206915.968,refuse,0,127,
206930.968,refuse,0,127,
206945.968,refuse,0,127,
206954.156,conflict-at-land,2,120,
206960.968,refuse,0,127,
206969.156,start,2,120,
206975.968,refuse,0,127,
206990.968,refuse,0,127,
207005.968,refuse,0,127,
207013.095,conflict-at-land,2,120,
207020.968,refuse,0,127,
207028.095,start,2,120,
207035.968,refuse,0,127,
207050.968,refuse,0,127,
207054.211,conflict-at-land,2,120,
207065.968,refuse,0,127,
207069.211,start,2,120,
207080.968,refuse,0,127,
207095.968,refuse,0,127,
207108.7,conflict-at-land,2,120,
207110.968,refuse,0,127,
207123.7,start,2,120,
207125.968,refuse,0,127,
207140.968,refuse,0,127,
207155.559,conflict-at-land,2,120,
207155.968,refuse,0,127,
207170.559,start,2,120,
207170.968,refuse,0,127,
207185.968,refuse,0,127,
207200.968,refuse,0,127,
207206.107,conflict-at-land,2,120,
207206.107,abandon,2,120,
207206.107,start,2,128,
207208.522,land,2,128,
207208.522,start,2,129,
207215.968,refuse,0,127,
207230.968,refuse,0,127,
207245.968,refuse,0,127,
207260.968,refuse,0,127,
207275.968,refuse,0,127,
207290.968,refuse,0,127,
207305.968,refuse,0,127,
207312.837,land,2,129,
207312.837,start,2,130,
207320.968,refuse,0,127,
207323.962,land,2,130,
207323.962,start,2,131,
207335.968,refuse,0,127,
207350.968,refuse,0,127,
207365.968,refuse,0,127,
207380.968,refuse,0,127,
207395.968,refuse,0,127,
207410.968,refuse,0,127,
207420.018,land,2,131,
207420.018,start,2,132,
207425.968,refuse,0,127,
207434.206,land,2,132,
207434.206,start,2,133,
207440.968,refuse,0,127,
207452.95,land,2,133,
207452.95,start,2,134,
207455.968,refuse,0,127,
207461.247,land,2,134,
207461.247,start,2,135,
207466.175,conflict-at-land,2,135,
207466.191,conflict-at-land,3,3,
207470.968,start,0,127,
207481.175,start,2,135,
207481.191,refuse,3,3,
207481.191,abandon,3,3,
207481.191,refuse,3,136,
207481.937,conflict-at-land,0,127,
207486.867,conflict-at-land,2,135,
207496.191,start,3,136,
207496.937,start,0,127,
207501.867,refuse,2,135,
207505.339,conflict-at-land,3,136,
207509.81,conflict-at-land,0,127,
207516.867,start,2,135,
207520.339,refuse,3,136,
207523.297,conflict-at-land,2,135,
207524.81,start,0,127,
207533.334,conflict-at-land,0,127,
207535.339,start,3,136,
207538.297,refuse,2,135,
207544.277,conflict-at-land,3,136,
207548.334,start,0,127,
207553.297,start,2,135,
207559.277,refuse,3,136,
207560.608,conflict-at-land,2,135,
207563.885,conflict-at-land,0,127,
207574.277,start,3,136,
207575.608,refuse,2,135,
207578.885,start,0,127,
207584.068,conflict-at-land,3,136,
207590.608,start,2,135,
207592.242,conflict-at-land,0,127,
207595.993,conflict-at-land,2,135,
207599.068,start,3,136,
207605.541,conflict-at-land,3,136,
207607.242,start,0,127,
207610.993,start,2,135,
207617.345,conflict-at-land,0,127,
207618.559,conflict-at-land,2,135,
207620.541,start,3,136,
207628.969,conflict-at-land,3,136,
207632.345,start,0,127,
207633.559,start,2,135,
207638.831,conflict-at-land,2,135,
207643.969,start,3,136,
207644.202,conflict-at-land,0,127,
207650.385,conflict-at-land,3,136,
207653.831,start,2,135,
207659.202,start,0,127,
207660.01,conflict-at-land,2,135,
207665.385,start,3,136,
207668.18,conflict-at-land,0,127,
207675.01,refuse,2,135,
207676.044,conflict-at-land,3,136,
207683.18,start,0,127,
207690.01,start,2,135,
207691.044,refuse,3,136,
207694.629,conflict-at-land,2,135,
207695.707,conflict-at-land,0,127,
207706.044,start,3,136,
207709.629,refuse,2,135,
207710.707,start,0,127,
207713.527,conflict-at-land,3,136,
207719.479,conflict-at-land,0,127,
207724.629,start,2,135,
207728.527,refuse,3,136,
207729.413,conflict-at-land,2,135,
207734.479,start,0,127,
207743.527,start,3,136,
207744.413,refuse,2,135,
207744.978,conflict-at-land,0,127,
207751.897,conflict-at-land,3,136,
207759.413,start,2,135,
207759.978,start,0,127,
207765.049,conflict-at-land,2,135,
207766.897,start,3,136,
207768.76,conflict-at-land,0,127,
207778.28,conflict-at-land,3,136,
207780.049,start,2,135,
207783.76,start,0,127,
207785.706,conflict-at-land,2,135,
207793.28,start,3,136,
207799.315,conflict-at-land,0,127,
207800.577,conflict-at-land,3,136,
207800.706,start,2,135,
207807.329,conflict-at-land,2,135,
207814.315,start,0,127,
207815.577,start,3,136,
207822.329,refuse,2,135,
207824.015,conflict-at-land,3,136,
207828.923,conflict-at-land,0,127,
207837.329,start,2,135,
207839.015,refuse,3,136,
207843.923,start,0,127,
207844.214,conflict-at-land,2,135,
207854.015,start,3,136,
207854.23,conflict-at-land,0,127,
207859.214,refuse,2,135,
207864.126,conflict-at-land,3,136,
207869.23,start,0,127,
207874.214,start,2,135,
207878.871,conflict-at-land,0,127,
207879.126,refuse,3,136,
207881.466,conflict-at-land,2,135,
207893.871,start,0,127,
207894.126,start,3,136,
207896.466,refuse,2,135,
207901.962,conflict-at-land,3,136,
207908.933,conflict-at-land,0,127,
207911.466,start,2,135,
207916.595,conflict-at-land,2,135,
207916.962,start,3,136,
207923.933,start,0,127,
207927.112,conflict-at-land,3,136,
207931.595,start,2,135,
207934.699,conflict-at-land,0,127,
207937.952,conflict-at-land,2,135,
207942.112,start,3,136,
207949.699,start,0,127,
207950.57,conflict-at-land,3,136,
207952.952,start,2,135,
207959.389,conflict-at-land,2,135,
207964.79,conflict-at-land,0,127,
207965.57,start,3,136,
207974.389,refuse,2,135,
207976.573,conflict-at-land,3,136,
207979.79,start,0,127,
207989.389,start,2,135,
207991.573,refuse,3,136,
207991.962,conflict-at-land,0,127,
207995.656,conflict-at-land,2,135,
208006.573,start,3,136,
208006.962,start,0,127,
208010.656,refuse,2,135,
208017.219,conflict-at-land,3,136,
208021.495,conflict-at-land,0,127,
208025.656,start,2,135,
208032.219,refuse,3,136,
208032.547,conflict-at-land,2,135,
208036.495,start,0,127,
208047.219,start,3,136,
208047.547,refuse,2,135,
208048.025,conflict-at-land,0,127,
208056.944,conflict-at-land,3,136,
208062.547,start,2,135,
208063.025,start,0,127,
208069.393,conflict-at-land,2,135,
208071.944,start,3,136,
208072.881,conflict-at-land,0,127,
208078.892,conflict-at-land,3,136,
208084.393,start,2,135,
208087.881,start,0,127,
208090.808,conflict-at-land,2,135,
208093.892,start,3,136,
208098.142,conflict-at-land,0,127,
208104.142,conflict-at-land,3,136,
208105.808,start,2,135,
208110.059,conflict-at-land,2,135,
208113.142,start,0,127,
208119.142,start,3,136,
208125.059,refuse,2,135,
208125.682,conflict-at-land,3,136,
208126.483,conflict-at-land,0,127,
208140.059,start,2,135,
208140.682,refuse,3,136,
208141.483,start,0,127,
208144.326,conflict-at-land,2,135,
208151.105,conflict-at-land,0,127,
208155.682,start,3,136,
208159.326,refuse,2,135,
208163.851,conflict-at-land,3,136,
208166.105,start,0,127,
208174.326,start,2,135,
208175.414,conflict-at-land,0,127,
208178.851,refuse,3,136,
208180.68,conflict-at-land,2,135,
208190.414,start,0,127,
208193.851,start,3,136,
208195.68,refuse,2,135,
208203.468,conflict-at-land,3,136,
208205.038,conflict-at-land,0,127,
208210.68,start,2,135,
208215.599,conflict-at-land,2,135,
208218.468,start,3,136,
208220.038,start,0,127,
208229.594,conflict-at-land,3,136,
208230.599,start,2,135,
208235.456,conflict-at-land,0,127,
208236.26,conflict-at-land,2,135,
208244.594,start,3,136,
208250.456,start,0,127,
208251.26,refuse,2,135,
208256.101,conflict-at-land,3,136,
208263.238,conflict-at-land,0,127,
208266.26,start,2,135,
208270.472,conflict-at-land,2,135,
208271.101,start,3,136,
208277.576,conflict-at-land,3,136,
208278.238,start,0,127,
208285.472,start,2,135,
208287.8,conflict-at-land,0,127,
208292.576,refuse,3,136,
208293.186,conflict-at-land,2,135,
208302.8,start,0,127,
208307.576,start,3,136,
208308.186,refuse,2,135,
208312.584,conflict-at-land,0,127,
208318.692,conflict-at-land,3,136,
208323.186,start,2,135,
208327.584,start,0,127,
208330.022,conflict-at-land,2,135,
208333.692,start,3,136,
208342.689,conflict-at-land,0,127,
208343.472,conflict-at-land,3,136,
208345.022,start,2,135,
208350.099,conflict-at-land,2,135,
208357.689,start,0,127,
208358.472,start,3,136,
208364.94,conflict-at-land,3,136,
208365.099,start,2,135,
208370.528,conflict-at-land,2,135,
208371.729,conflict-at-land,0,127,
208379.94,start,3,136,
208385.528,refuse,2,135,
208386.729,start,0,127,
208388.114,conflict-at-land,3,136,
208400.528,start,2,135,
208400.743,conflict-at-land,0,127,
208403.114,refuse,3,136,
208406.241,conflict-at-land,2,135,
208415.743,start,0,127,
208418.114,start,3,136,
208421.241,refuse,2,135,
208425.112,conflict-at-land,3,136,
208425.155,conflict-at-land,0,127,
208436.241,start,2,135,
208440.112,refuse,3,136,
208440.155,start,0,127,
208441.118,conflict-at-land,2,135,
208451.416,conflict-at-land,0,127,
208455.112,start,3,136,
208456.118,refuse,2,135,
208464.252,conflict-at-land,3,136,
208466.416,start,0,127,
208471.118,start,2,135,
208474.826,conflict-at-land,0,127,
208478.813,conflict-at-land,2,135,
208479.252,start,3,136,
208488.792,conflict-at-land,3,136,
208489.826,start,0,127,
208493.813,start,2,135,
208500.119,conflict-at-land,0,127,
208500.208,conflict-at-land,2,135,
208503.792,start,3,136,
208515.119,start,0,127,
208515.208,refuse,2,135,
208515.479,conflict-at-land,3,136,
208524.57,conflict-at-land,0,127,
208530.208,start,2,135,
208530.479,refuse,3,136,
208534.67,conflict-at-land,2,135,
208539.57,start,0,127,
208545.479,start,3,136,
208549.67,refuse,2,135,
208549.81,conflict-at-land,0,127,
208554.907,conflict-at-land,3,136,
208564.67,start,2,135,
208564.81,start,0,127,
208569.907,refuse,3,136,
208572.154,conflict-at-land,2,135,
208577.109,conflict-at-land,0,127,
208584.907,start,3,136,
208587.154,refuse,2,135,
208591.774,conflict-at-land,3,136,
208592.109,start,0,127,
208602.154,start,2,135,
208605.504,conflict-at-land,0,127,
208606.774,refuse,3,136,
208609.757,conflict-at-land,2,135,
208620.504,start,0,127,
208621.774,start,3,136,
208624.757,refuse,2,135,
208629.147,conflict-at-land,3,136,
208633.707,conflict-at-land,0,127,
208639.757,start,2,135,
208644.147,refuse,3,136,
208646.067,conflict-at-land,2,135,
208648.707,start,0,127,
208659.147,start,3,136,
208661.067,refuse,2,135,
208661.542,conflict-at-land,0,127,
208668.93,conflict-at-land,3,136,
208676.067,start,2,135,
208676.542,start,0,127,
208681.417,conflict-at-land,2,135,
208683.93,start,3,136,
208688.911,conflict-at-land,0,127,
208692.577,conflict-at-land,3,136,
208696.417,start,2,135,
208703.276,conflict-at-land,2,135,
208703.911,start,0,127,
208707.577,start,3,136,
208713.353,conflict-at-land,0,127,
208717.713,conflict-at-land,3,136,
208718.276,start,2,135,
208725.815,conflict-at-land,2,135,
208728.353,start,0,127,
208732.713,start,3,136,
208739.799,conflict-at-land,0,127,
208740.415,conflict-at-land,3,136,
208740.815,start,2,135,
208745.927,conflict-at-land,2,135,
208754.799,start,0,127,
208755.415,start,3,136,
208760.927,refuse,2,135,
208765.063,conflict-at-land,3,136,
208765.527,conflict-at-land,0,127,
208775.927,start,2,135,
208780.063,refuse,3,136,
208780.527,start,0,127,
208782.002,conflict-at-land,2,135,
208790.193,conflict-at-land,0,127,
208795.063,start,3,136,
208797.002,refuse,2,135,
208803.864,conflict-at-land,3,136,
208805.193,start,0,127,
208812.002,start,2,135,
208815.254,conflict-at-land,0,127,
208816.996,conflict-at-land,2,135,
208818.864,start,3,136,
208827.127,conflict-at-land,3,136,
208830.254,start,0,127,
208831.996,start,2,135,
208837.798,conflict-at-land,2,135,
208842.127,start,3,136,
208843.652,conflict-at-land,0,127,
208849.711,conflict-at-land,3,136,
208852.798,start,2,135,
208857.095,conflict-at-land,2,135,
208858.652,start,0,127,
208864.711,start,3,136,
208868.452,conflict-at-land,0,127,
208872.095,refuse,2,135,
208874.25,conflict-at-land,3,136,
208883.452,start,0,127,
208887.095,start,2,135,
208889.25,refuse,3,136,
208892.119,conflict-at-land,2,135,
208896.429,conflict-at-land,0,127,
208904.25,start,3,136,
208907.119,refuse,2,135,
208911.429,start,0,127,
208912.227,conflict-at-land,3,136,
208922.119,start,2,135,
208924.665,conflict-at-land,0,127,
208926.682,conflict-at-land,2,135,
208927.227,start,3,136,
208936.821,conflict-at-land,3,136,
208939.665,start,0,127,
208941.682,start,2,135,
208946.905,conflict-at-land,2,135,
208951.785,conflict-at-land,0,127,
208951.821,start,3,136,
208961.161,conflict-at-land,3,136,
208961.905,start,2,135,
208966.582,conflict-at-land,2,135,
208966.785,start,0,127,
208976.161,start,3,136,
208978.595,conflict-at-land,0,127,
208981.582,refuse,2,135,
208984.423,conflict-at-land,3,136,
208993.595,start,0,127,
208996.582,start,2,135,
208999.423,refuse,3,136,
209002.286,conflict-at-land,2,135,
209003.316,conflict-at-land,0,127,
209014.423,start,3,136,
209017.286,refuse,2,135,
209018.316,start,0,127,
209025.619,conflict-at-land,3,136,
209032.286,start,2,135,
209032.753,conflict-at-land,0,127,
209038.332,conflict-at-land,2,135,
209040.619,start,3,136,
209047.753,start,0,127,
209051.27,conflict-at-land,3,136,
209053.332,start,2,135,
209059.275,conflict-at-land,2,135,
209061.295,conflict-at-land,0,127,
209066.27,start,3,136,
209073.771,conflict-at-land,3,136,
209074.275,start,2,135,
209076.295,start,0,127,
209079.517,conflict-at-land,2,135,
209087.598,conflict-at-land,0,127,
209088.771,start,3,136,
209094.517,refuse,2,135,
209095.659,conflict-at-land,3,136,
209102.598,start,0,127,
209109.517,start,2,135,
209110.659,refuse,3,136,
209115.208,conflict-at-land,0,127,
209115.506,conflict-at-land,2,135,
209125.659,start,3,136,
209130.208,start,0,127,
209130.506,refuse,2,135,
209135.587,conflict-at-land,3,136,
209138.839,conflict-at-land,0,127,
209145.506,start,2,135,
209150.587,refuse,3,136,
209152.98,conflict-at-land,2,135,
209153.839,start,0,127,
209165.587,start,3,136,
209166.982,conflict-at-land,0,127,
209167.98,refuse,2,135,
209174.865,conflict-at-land,3,136,
209181.982,start,0,127,
209182.98,start,2,135,
209189.759,conflict-at-land,2,135,
209189.865,start,3,136,
209192.545,conflict-at-land,0,127,
209197.288,conflict-at-land,3,136,
209204.759,start,2,135,
209207.545,start,0,127,
209212.288,refuse,3,136,
209212.33,conflict-at-land,2,135,
209217.302,conflict-at-land,0,127,
209227.288,start,3,136,
209227.33,refuse,2,135,
209232.302,start,0,127,
209236.258,conflict-at-land,3,136,
209242.33,start,2,135,
209242.821,conflict-at-land,0,127,
209250.031,conflict-at-land,2,135,
209251.258,start,3,136,
209257.821,start,0,127,
209258.829,conflict-at-land,3,136,
209265.031,start,2,135,
209269.519,conflict-at-land,2,135,
209270.486,conflict-at-land,0,127,
209273.829,start,3,136,
209284.519,refuse,2,135,
209285.044,conflict-at-land,3,136,
209285.486,start,0,127,
209299.519,start,2,135,
209300.044,refuse,3,136,
209300.595,conflict-at-land,0,127,
209306.226,conflict-at-land,2,135,
209315.044,start,3,136,
209315.595,start,0,127,
209321.226,refuse,2,135,
209321.842,conflict-at-land,3,136,
209326.004,conflict-at-land,0,127,
209336.226,start,2,135,
209336.842,refuse,3,136,
209340.914,conflict-at-land,2,135,
209341.004,start,0,127,
209351.842,start,3,136,
209352.359,conflict-at-land,0,127,
209355.914,refuse,2,135,
209362.797,conflict-at-land,3,136,
209367.359,start,0,127,
209370.914,start,2,135,
209375.452,conflict-at-land,2,135,
209376.259,conflict-at-land,0,127,
209377.797,start,3,136,
209386.1,conflict-at-land,3,136,
209390.452,start,2,135,
209391.259,start,0,127,
209396.44,conflict-at-land,2,135,
209401.1,start,3,136,
209401.205,conflict-at-land,0,127,
209409.841,conflict-at-land,3,136,
209411.44,start,2,135,
209416.205,start,0,127,
209418.541,conflict-at-land,2,135,
209424.841,start,3,136,
209427.96,conflict-at-land,0,127,
209433.292,conflict-at-land,3,136,
209433.541,start,2,135,
209440.344,conflict-at-land,2,135,
209442.96,start,0,127,
209448.292,start,3,136,
209455.344,refuse,2,135,
209456.364,conflict-at-land,0,127,
209456.994,conflict-at-land,3,136,
209470.344,start,2,135,
209471.364,start,0,127,
209471.994,refuse,3,136,
209477.621,conflict-at-land,2,135,
209485.188,conflict-at-land,0,127,
209486.994,start,3,136,
209492.621,refuse,2,135,
209497.209,conflict-at-land,3,136,
209500.188,start,0,127,
209507.621,start,2,135,
209512.209,refuse,3,136,
209512.482,conflict-at-land,2,135,
209512.647,conflict-at-land,0,127,
209527.209,start,3,136,
209527.482,refuse,2,135,
209527.647,start,0,127,
209537.488,conflict-at-land,3,136,
209541.431,conflict-at-land,0,127,
209542.482,start,2,135,
209548.89,conflict-at-land,2,135,
209552.488,start,3,136,
209556.431,start,0,127,
209561.997,conflict-at-land,3,136,
209563.89,start,2,135,
209568.756,conflict-at-land,0,127,
209570.601,conflict-at-land,2,135,
209576.997,start,3,136,
209583.756,start,0,127,
209584.685,conflict-at-land,3,136,
209585.601,start,2,135,
209593.092,conflict-at-land,2,135,
209595.513,conflict-at-land,0,127,
209599.685,start,3,136,
209608.092,refuse,2,135,
209610.513,start,0,127,
209610.913,conflict-at-land,3,136,
209623.092,start,2,135,
209623.804,conflict-at-land,0,127,
209625.913,refuse,3,136,
209627.325,conflict-at-land,2,135,
209638.804,start,0,127,
209640.913,start,3,136,
209642.325,refuse,2,135,
209647.536,conflict-at-land,3,136,
209650.45,conflict-at-land,0,127,
209657.325,start,2,135,
209662.536,refuse,3,136,
209664.746,conflict-at-land,2,135,
209665.45,start,0,127,
209677.536,start,3,136,
209678.554,conflict-at-land,0,127,
209679.746,refuse,2,135,
209687.855,conflict-at-land,3,136,
209693.554,start,0,127,
209694.746,start,2,135,
209699.398,conflict-at-land,2,135,
209702.855,start,3,136,
209706.262,conflict-at-land,0,127,
209712.037,conflict-at-land,3,136,
209714.398,start,2,135,
209721.262,start,0,127,
209721.522,conflict-at-land,2,135,
209727.037,start,3,136,
209731.125,conflict-at-land,0,127,
209736.522,refuse,2,135,
209737.421,conflict-at-land,3,136,
209746.125,start,0,127,
209751.522,start,2,135,
209752.421,refuse,3,136,
209755.444,conflict-at-land,0,127,
209756.696,conflict-at-land,2,135,
209767.421,start,3,136,
209770.444,start,0,127,
209771.696,refuse,2,135,
209776.179,conflict-at-land,3,136,
209779.241,conflict-at-land,0,127,
209786.696,start,2,135,
209791.179,refuse,3,136,
209792.234,conflict-at-land,2,135,
209794.241,start,0,127,
209806.179,start,3,136,
209806.38,conflict-at-land,0,127,
209807.234,refuse,2,135,
209815.322,conflict-at-land,3,136,
209821.38,start,0,127,
209822.234,start,2,135,
209829.273,conflict-at-land,2,135,
209830.322,start,3,136,
209836.243,conflict-at-land,0,127,
209837.969,conflict-at-land,3,136,
209844.273,start,2,135,
209851.243,start,0,127,
209851.712,conflict-at-land,2,135,
209852.969,start,3,136,
209863.608,conflict-at-land,3,136,
209863.738,conflict-at-land,0,127,
209866.712,start,2,135,
209871.268,conflict-at-land,2,135,
209878.608,start,3,136,
209878.738,start,0,127,
209886.268,refuse,2,135,
209887.132,conflict-at-land,3,136,
209889.613,conflict-at-land,0,127,
209901.268,start,2,135,
209902.132,refuse,3,136,
209904.613,start,0,127,
209907.288,conflict-at-land,2,135,
209917.132,start,3,136,
209919.46,conflict-at-land,0,127,
209922.288,refuse,2,135,
209923.786,conflict-at-land,3,136,
209934.46,start,0,127,
209937.288,start,2,135,
209938.786,refuse,3,136,
209941.909,conflict-at-land,2,135,
209944.992,conflict-at-land,0,127,
209953.786,start,3,136,
209956.909,refuse,2,135,
209959.992,start,0,127,
209964.16,conflict-at-land,3,136,
209971.909,start,2,135,
209971.993,conflict-at-land,0,127,
209977.981,conflict-at-land,2,135,
209979.16,start,3,136,
209986.993,start,0,127,
209988.58,conflict-at-land,3,136,
209992.981,start,2,135,
209996.803,conflict-at-land,0,127,
209999.248,conflict-at-land,2,135,
210003.58,start,3,136,
210011.803,start,0,127,
210013.173,conflict-at-land,3,136,
210014.248,start,2,135,
210019.244,conflict-at-land,2,135,
210026.12,conflict-at-land,0,127,
210028.173,start,3,136,
210034.244,refuse,2,135,
210037.115,conflict-at-land,3,136,
210041.12,start,0,127,
210049.244,start,2,135,
210052.115,refuse,3,136,
210052.998,conflict-at-land,0,127,
210053.722,conflict-at-land,2,135,
210067.115,start,3,136,
210067.998,start,0,127,
210068.722,refuse,2,135,
210077.677,conflict-at-land,3,136,
210077.86,conflict-at-land,0,127,
210083.722,start,2,135,
210090.542,conflict-at-land,2,135,
210092.677,start,3,136,
210092.86,start,0,127,
210100.342,conflict-at-land,3,136,
210105.542,start,2,135,
210106.747,conflict-at-land,0,127,
210113.16,conflict-at-land,2,135,
210115.342,start,3,136,
210121.747,start,0,127,
210122.052,conflict-at-land,3,136,
210128.16,start,2,135,
210131.995,conflict-at-land,0,127,
210135.017,conflict-at-land,2,135,
210137.052,start,3,136,
210144.727,conflict-at-land,3,136,
210146.995,start,0,127,
210150.017,start,2,135,
210155.638,conflict-at-land,2,135,
210157.164,conflict-at-land,0,127,
210159.727,start,3,136,
210169.793,conflict-at-land,3,136,
210170.638,start,2,135,
210172.164,start,0,127,
210177.898,conflict-at-land,2,135,
210184.793,start,3,136,
210185.155,conflict-at-land,0,127,
210192.079,conflict-at-land,3,136,
210192.898,start,2,135,
210198.82,conflict-at-land,2,135,
210200.155,start,0,127,
210207.079,start,3,136,
210208.916,conflict-at-land,0,127,
210213.82,refuse,2,135,
210216.888,conflict-at-land,3,136,
210223.916,start,0,127,
210228.82,start,2,135,
210231.888,refuse,3,136,
210233.721,conflict-at-land,2,135,
210237.615,conflict-at-land,0,127,
210246.888,start,3,136,
210248.721,refuse,2,135,
210252.615,start,0,127,
210253.349,conflict-at-land,3,136,
210263.721,start,2,135,
210265.826,conflict-at-land,0,127,
210268.349,refuse,3,136,
210270.768,conflict-at-land,2,135,
210280.826,start,0,127,
210283.349,start,3,136,
210285.768,refuse,2,135,
210289.764,conflict-at-land,3,136,
210295.919,conflict-at-land,0,127,
210300.768,start,2,135,
210304.764,refuse,3,136,
210308.172,conflict-at-land,2,135,
210310.919,start,0,127,
210319.764,start,3,136,
210323.172,refuse,2,135,
210324.706,conflict-at-land,0,127,
210327.157,conflict-at-land,3,136,
210338.172,start,2,135,
210339.706,start,0,127,
210342.157,refuse,3,136,
210342.547,conflict-at-land,2,135,
210354.185,conflict-at-land,0,127,
210357.157,start,3,136,
210357.547,refuse,2,135,
210363.702,conflict-at-land,3,136,
210369.185,start,0,127,
210372.547,start,2,135,
210378.018,conflict-at-land,2,135,
210378.702,start,3,136,
210380.731,conflict-at-land,0,127,
210388.069,conflict-at-land,3,136,
210393.018,start,2,135,
210395.731,start,0,127,
210397.739,conflict-at-land,2,135,
210403.069,start,3,136,
210408.077,conflict-at-land,0,127,
210412.739,refuse,2,135,
210413.325,conflict-at-land,3,136,
210423.077,start,0,127,
210427.739,start,2,135,
210428.325,refuse,3,136,
210432.183,conflict-at-land,2,135,
210434.292,conflict-at-land,0,127,
210443.325,start,3,136,
210447.183,refuse,2,135,
210449.292,start,0,127,
210452.883,conflict-at-land,3,136,
210460.011,conflict-at-land,0,127,
210462.183,start,2,135,
210467.883,refuse,3,136,
210469.727,conflict-at-land,2,135,
210475.011,start,0,127,
210482.883,start,3,136,
210484.727,refuse,2,135,
210485.571,conflict-at-land,0,127,
210490.136,conflict-at-land,3,136,
210499.727,start,2,135,
210500.571,start,0,127,
210505.136,refuse,3,136,
210505.729,conflict-at-land,2,135,
210511.719,conflict-at-land,0,127,
210520.136,start,3,136,
210520.729,refuse,2,135,
210526.719,start,0,127,
210526.827,conflict-at-land,3,136,
210535.729,start,2,135,
210539.443,conflict-at-land,0,127,
210540.991,conflict-at-land,2,135,
210541.827,start,3,136,
210553.127,conflict-at-land,3,136,
210554.443,start,0,127,
210555.991,start,2,135,
210560.598,conflict-at-land,2,135,
210563.826,conflict-at-land,0,127,
210568.127,start,3,136,
210575.598,refuse,2,135,
210577.211,conflict-at-land,3,136,
210578.826,start,0,127,
210590.598,start,2,135,
210592.211,refuse,3,136,
210592.604,conflict-at-land,0,127,
210598.18,conflict-at-land,2,135,
210607.211,start,3,136,
210607.604,start,0,127,
210613.18,refuse,2,135,
210617.282,conflict-at-land,3,136,
210622.582,conflict-at-land,0,127,
210628.18,start,2,135,
210632.282,refuse,3,136,
210634.161,conflict-at-land,2,135,
210637.582,start,0,127,
210647.282,start,3,136,
210649.161,refuse,2,135,
210651.446,conflict-at-land,0,127,
210655.8,conflict-at-land,3,136,
210664.161,start,2,135,
210666.446,start,0,127,
210670.152,conflict-at-land,2,135,
210670.8,start,3,136,
210677.304,conflict-at-land,3,136,
210680.391,conflict-at-land,0,127,
210685.152,start,2,135,
210691.899,conflict-at-land,2,135,
210692.304,start,3,136,
210695.391,start,0,127,
210701.246,conflict-at-land,3,136,
210706.899,start,2,135,
210709.227,conflict-at-land,0,127,
210712.8,conflict-at-land,2,135,
210716.246,start,3,136,
210722.705,conflict-at-land,3,136,
210724.227,start,0,127,
210727.8,start,2,135,
210732.071,conflict-at-land,2,135,
210737.558,conflict-at-land,0,127,
210737.705,start,3,136,
210747.071,refuse,2,135,
210747.291,conflict-at-land,3,136,
210752.558,start,0,127,
210762.071,start,2,135,
210762.291,refuse,3,136,
210767.334,conflict-at-land,0,127,
210768.196,conflict-at-land,2,135,
210777.291,start,3,136,
210782.334,start,0,127,
210783.196,refuse,2,135,
210785.713,conflict-at-land,3,136,
210796.001,conflict-at-land,0,127,
210798.196,start,2,135,
210800.713,refuse,3,136,
210803.14,conflict-at-land,2,135,
210811.001,start,0,127,
210815.713,start,3,136,
210818.14,refuse,2,135,
210822.156,conflict-at-land,3,136,
210825.898,conflict-at-land,0,127,
210833.14,start,2,135,
210837.156,refuse,3,136,
210840.592,conflict-at-land,2,135,
210840.898,start,0,127,
210849.572,conflict-at-land,0,127,
210852.156,start,3,136,
210855.592,refuse,2,135,
210863.258,conflict-at-land,3,136,
210864.572,start,0,127,
210870.592,start,2,135,
210876.034,conflict-at-land,0,127,
210876.734,conflict-at-land,2,135,
210878.258,start,3,136,
210886.201,conflict-at-land,3,136,
210891.034,start,0,127,
210891.734,start,2,135,
210899.415,conflict-at-land,2,135,
210901.201,start,3,136,
210904.734,conflict-at-land,0,127,
210908.324,conflict-at-land,3,136,
210914.415,start,2,135,
210919.734,start,0,127,
210920.55,conflict-at-land,2,135,
210923.324,start,3,136,
210929.186,conflict-at-land,0,127,
210933.815,conflict-at-land,3,136,
210935.55,start,2,135,
210939.968,conflict-at-land,2,135,
210944.186,start,0,127,
210948.815,start,3,136,
210954.96,conflict-at-land,0,127,
210954.968,refuse,2,135,
210956.288,conflict-at-land,3,136,
210969.96,start,0,127,
210969.968,start,2,135,
210971.288,refuse,3,136,
210974.91,conflict-at-land,2,135,
210983.665,conflict-at-land,0,127,
210986.288,start,3,136,
210989.91,refuse,2,135,
210997.378,conflict-at-land,3,136,
210998.665,start,0,127,
211004.91,start,2,135,
211009.524,conflict-at-land,2,135,
211012.378,start,3,136,
211012.864,conflict-at-land,0,127,
211023.911,conflict-at-land,3,136,
211024.524,start,2,135,
211027.864,start,0,127,
211031.875,conflict-at-land,2,135,
211038.911,start,3,136,
211041.572,conflict-at-land,0,127,
211046.875,refuse,2,135,
211049.134,conflict-at-land,3,136,
211056.572,start,0,127,
211061.875,start,2,135,
211064.134,refuse,3,136,
211066.932,conflict-at-land,2,135,
211067.128,conflict-at-land,0,127,
211079.134,start,3,136,
211081.932,refuse,2,135,
211082.128,start,0,127,
211087.128,conflict-at-land,3,136,
211096.932,start,2,135,
211097.67,conflict-at-land,0,127,
211102.128,refuse,3,136,
211104.023,conflict-at-land,2,135,
211112.67,start,0,127,
211117.128,start,3,136,
211119.023,refuse,2,135,
211122.304,conflict-at-land,0,127,
211124.712,conflict-at-land,3,136,
211134.023,start,2,135,
211137.304,start,0,127,
211139.712,refuse,3,136,
211140.598,conflict-at-land,2,135,
211149.207,conflict-at-land,0,127,
211154.712,start,3,136,
211155.598,refuse,2,135,
211162.403,conflict-at-land,3,136,
211164.207,start,0,127,
211170.598,start,2,135,
211173.554,conflict-at-land,0,127,
211175.726,conflict-at-land,2,135,
211177.403,start,3,136,
211185.429,conflict-at-land,3,136,
211188.554,start,0,127,
211190.726,start,2,135,
211196.024,conflict-at-land,2,135,
211198.847,conflict-at-land,0,127,
211200.429,start,3,136,
211210.051,conflict-at-land,3,136,
211211.024,start,2,135,
211213.847,start,0,127,
211218.024,conflict-at-land,2,135,
211218.024,abandon,2,135,
211218.024,start,2,137,
211225.051,refuse,3,136,
211226.409,conflict-at-land,0,127,
211228.783,conflict-at-land,2,137,
211240.051,start,3,136,
211241.409,start,0,127,
211243.783,refuse,2,137,
211247.255,conflict-at-land,3,136,
211250.329,conflict-at-land,0,127,
211258.783,start,2,137,
211262.255,refuse,3,136,
211265.329,start,0,127,
211274.341,conflict-at-land,2,137,
211275.209,conflict-at-land,0,127,
211277.255,start,3,136,
211286.95,conflict-at-land,3,136,
211289.341,start,2,137,
211290.209,start,0,127,
211299.296,conflict-at-land,0,127,
211300.26,conflict-at-land,2,137,
211301.95,start,3,136,
211311.881,conflict-at-land,3,136,
211314.296,start,0,127,
211315.26,start,2,137,
211323.948,conflict-at-land,2,137,
211326.881,start,3,136,
211326.899,conflict-at-land,0,127,
211336.711,conflict-at-land,3,136,
211338.948,start,2,137,
211341.899,start,0,127,
211351.711,refuse,3,136,
211352.949,conflict-at-land,0,127,
211353.952,conflict-at-land,2,137,
211366.711,start,3,136,
211367.949,start,0,127,
211368.952,refuse,2,137,
211375.437,conflict-at-land,3,136,
211383.243,conflict-at-land,0,127,
211383.952,start,2,137,
211390.437,refuse,3,136,
211397.556,conflict-at-land,2,137,
211398.243,start,0,127,
211405.437,start,3,136,
211412.556,refuse,2,137,
211412.839,conflict-at-land,0,127,
211414.266,conflict-at-land,3,136,
211427.556,start,2,137,
211427.839,start,0,127,
211429.266,refuse,3,136,
211438.578,conflict-at-land,0,127,
211441.656,conflict-at-land,2,137,
211444.266,start,3,136,
211451.484,conflict-at-land,3,136,
211453.578,start,0,127,
211456.656,start,2,137,
211464.085,conflict-at-land,0,127,
211466.484,refuse,3,136,
211466.86,conflict-at-land,2,137,
211479.085,start,0,127,
211481.484,start,3,136,
211481.86,refuse,2,137,
211489.395,conflict-at-land,0,127,
211489.395,abandon,0,127,
211489.395,start,0,138,
211492.879,conflict-at-land,3,136,
211493.883,land,0,138,
211493.883,start,0,139,
211496.86,start,2,137,
211504.265,land,0,139,
211504.265,start,0,140,
211507.351,conflict-at-land,2,137,
211507.879,start,3,136,
211509.901,land,0,140,
211509.901,start,0,141,
211516.215,land,0,141,
211516.215,start,0,142,
211519.559,conflict-at-land,3,136,
211522.351,start,2,137,
211522.73,land,0,142,
211522.73,start,0,143,
211527.159,land,0,143,
211527.159,start,0,144,
211529.873,land,0,144,
211529.873,start,0,145,
211534.559,refuse,3,136,
211536.681,conflict-at-land,2,137,
211539.013,land,0,145,
211539.013,start,0,146,
211546.311,land,0,146,
211546.311,start,0,147,
211549.559,start,3,136,
211551.681,refuse,2,137,
211552.953,land,0,147,
211552.953,start,0,148,
211559.182,land,0,148,
211559.182,start,0,149,
211560.44,conflict-at-land,3,136,
211563.626,land,0,149,
211563.626,start,0,150,
211566.681,start,2,137,
211569.56,land,0,150,
211569.56,start,0,151,
211575.44,refuse,3,136,
211577.158,land,0,151,
211577.158,start,0,152,
211581.185,conflict-at-land,2,137,
211584.44,land,0,152,
211584.44,start,0,153,
211588.799,land,0,153,
211588.799,start,0,154,
211590.44,start,3,136,
211596.185,refuse,2,137,
211596.274,land,0,154,
211596.274,start,0,155,
211599.4,conflict-at-land,3,136,
211611.185,start,2,137,
211614.4,refuse,3,136,
211620.249,conflict-at-land,2,137,
211629.4,start,3,136,
211635.249,refuse,2,137,
211641.005,conflict-at-land,3,136,
211650.249,start,2,137,
211656.005,refuse,3,136,
211663.89,conflict-at-land,2,137,
211671.005,start,3,136,
211678.89,refuse,2,137,
211680.333,conflict-at-land,3,136,
211693.89,start,2,137,
211695.333,refuse,3,136,
211708.271,conflict-at-land,2,137,
211710.333,start,3,136,
211718.663,conflict-at-land,3,136,
211718.663,abandon,3,136,
211718.663,refuse,3,156,
211723.271,start,2,137,
211733.663,refuse,3,156,
211734.157,conflict-at-land,2,137,
211748.663,refuse,3,156,
211749.157,start,2,137,
211759.647,conflict-at-land,2,137,
211763.663,refuse,3,156,
211774.647,start,2,137,
211778.663,refuse,3,156,
211784.025,conflict-at-land,2,137,
211793.663,refuse,3,156,
211799.025,start,2,137,
211808.663,refuse,3,156,
211812.833,conflict-at-land,2,137,
211823.663,refuse,3,156,
211827.833,start,2,137,
211838.663,refuse,3,156,
211840.375,conflict-at-land,2,137,
211853.663,refuse,3,156,
211855.375,start,2,137,
211868.498,conflict-at-land,2,137,
211868.663,refuse,3,156,
211883.498,start,2,137,
211883.663,refuse,3,156,
211897.591,conflict-at-land,2,137,
211898.663,refuse,3,156,
211912.591,start,2,137,
211913.663,refuse,3,156,
211924.135,conflict-at-land,2,137,
211928.663,refuse,3,156,
211939.135,start,2,137,
211943.663,refuse,3,156,
211950.949,conflict-at-land,2,137,
211958.663,refuse,3,156,
211965.949,start,2,137,
211973.663,refuse,3,156,
211978.033,conflict-at-land,2,137,
211988.663,refuse,3,156,
211993.033,start,2,137,
212003.267,conflict-at-land,2,137,
212003.663,refuse,3,156,
212018.267,start,2,137,
212018.663,refuse,3,156,
212033.131,conflict-at-land,2,137,
212033.663,refuse,3,156,
212048.131,start,2,137,
212048.663,refuse,3,156,
212061.979,conflict-at-land,2,137,
212063.663,refuse,3,156,
212076.979,start,2,137,
212078.663,refuse,3,156,
212087.369,conflict-at-land,2,137,
212093.663,refuse,3,156,
212102.369,start,2,137,
212108.663,refuse,3,156,
212112.465,conflict-at-land,2,137,
212123.663,refuse,3,156,
212127.465,start,2,137,
212138.663,refuse,3,156,
212142.029,conflict-at-land,2,137,
212153.663,refuse,3,156,
212157.029,start,2,137,
212167.3,conflict-at-land,2,137,
212168.663,refuse,3,156,
212182.3,start,2,137,
212183.663,refuse,3,156,
212193.848,conflict-at-land,2,137,
212198.663,refuse,3,156,
212208.848,start,2,137,
212213.663,refuse,3,156,
212218.869,conflict-at-land,2,137,
212228.663,refuse,3,156,
212233.869,start,2,137,
212243.663,refuse,3,156,
212245.767,conflict-at-land,2,137,
212258.663,refuse,3,156,
212260.767,start,2,137,
212270.184,conflict-at-land,2,137,
212273.663,refuse,3,156,
212285.184,start,2,137,
212288.663,refuse,3,156,
212295.834,conflict-at-land,2,137,
212303.663,refuse,3,156,
212310.834,start,2,137,
212318.663,refuse,3,156,
212319.915,conflict-at-land,2,137,
212333.663,refuse,3,156,
212334.915,start,2,137,
212347.853,conflict-at-land,2,137,
212348.663,refuse,3,156,
212362.853,start,2,137,
212363.663,refuse,3,156,
212375.735,conflict-at-land,2,137,
212378.663,refuse,3,156,
212390.735,start,2,137,
212393.663,refuse,3,156,
212401.097,conflict-at-land,2,137,
212408.663,refuse,3,156,
212416.097,start,2,137,
212423.663,refuse,3,156,
212430.886,conflict-at-land,2,137,
212438.663,refuse,3,156,
212445.886,start,2,137,
212453.663,refuse,3,156,
212461.232,conflict-at-land,2,137,
212468.663,refuse,3,156,
212476.232,start,2,137,
212483.663,refuse,3,156,
212491.447,conflict-at-land,2,137,
212498.663,refuse,3,156,
212506.447,start,2,137,
212513.663,refuse,3,156,
212516.789,conflict-at-land,2,137,
212528.663,refuse,3,156,
212531.789,start,2,137,
212543.663,refuse,3,156,
212545.653,conflict-at-land,2,137,
212558.663,refuse,3,156,
212560.653,start,2,137,
212573.663,refuse,3,156,
212574.27,conflict-at-land,2,137,
212588.663,refuse,3,156,
212589.27,start,2,137,
212598.55,conflict-at-land,2,137,
212603.663,refuse,3,156,
212613.55,start,2,137,
212618.663,refuse,3,156,
212624.841,conflict-at-land,2,137,
212633.663,refuse,3,156,
212639.841,start,2,137,
212648.663,refuse,3,156,
212654.668,conflict-at-land,2,137,
212663.663,refuse,3,156,
212669.668,start,2,137,
212678.663,refuse,3,156,
212682.506,conflict-at-land,2,137,
212693.663,refuse,3,156,
212697.506,start,2,137,
212706.292,conflict-at-land,2,137,
212708.663,refuse,3,156,
212721.292,start,2,137,
212723.663,refuse,3,156,
212730.304,conflict-at-land,2,137,
212738.663,refuse,3,156,
212745.304,start,2,137,
212753.663,refuse,3,156,
212757.292,conflict-at-land,2,137,
212768.663,refuse,3,156,
212772.292,start,2,137,
212783.663,refuse,3,156,
212787.262,conflict-at-land,2,137,
212798.663,refuse,3,156,
212802.262,start,2,137,
212813.663,refuse,3,156,
212816.418,conflict-at-land,2,137,
212828.663,refuse,3,156,
212831.418,start,2,137,
212843.663,refuse,3,156,
212846.757,conflict-at-land,2,137,
212858.663,refuse,3,156,
212861.757,start,2,137,
212872.228,conflict-at-land,2,137,
212873.663,refuse,3,156,
212887.228,start,2,137,
212888.663,refuse,3,156,
212897.198,conflict-at-land,2,137,
212903.663,refuse,3,156,
212912.198,start,2,137,
212918.663,refuse,3,156,
212926.233,conflict-at-land,2,137,
212933.663,refuse,3,156,
212941.233,start,2,137,
212948.663,refuse,3,156,
212952.846,conflict-at-land,2,137,
212963.663,refuse,3,156,
212967.846,start,2,137,
212978.663,refuse,3,156,
212982.879,conflict-at-land,2,137,
212993.663,refuse,3,156,
212997.879,start,2,137,
213008.663,refuse,3,156,
213011.166,conflict-at-land,2,137,
213023.663,refuse,3,156,
213026.166,start,2,137,
213036.811,conflict-at-land,2,137,
213038.663,refuse,3,156,
213051.811,start,2,137,
213053.663,refuse,3,156,
213067.104,conflict-at-land,2,137,
213068.663,refuse,3,156,
213082.104,start,2,137,
213083.663,refuse,3,156,
213090.776,conflict-at-land,2,137,
213098.663,refuse,3,156,
213105.776,start,2,137,
213113.663,refuse,3,156,
213121.061,conflict-at-land,2,137,
213128.663,refuse,3,156,
213136.061,start,2,137,
213143.663,refuse,3,156,
213151.113,conflict-at-land,2,137,
213158.663,refuse,3,156,
213166.113,start,2,137,
213173.663,refuse,3,156,
213178.88,conflict-at-land,2,137,
213188.663,refuse,3,156,
213193.88,start,2,137,
213203.248,conflict-at-land,2,137,
213203.663,refuse,3,156,
213218.248,start,2,137,
213218.663,refuse,3,156,
213228.121,conflict-at-land,2,137,
213233.663,refuse,3,156,
213243.121,start,2,137,
213248.663,refuse,3,156,
213251.896,conflict-at-land,2,137,
213263.663,refuse,3,156,
213266.896,start,2,137,
213278.663,refuse,3,156,
213278.944,conflict-at-land,2,137,
213293.663,refuse,3,156,
213293.944,start,2,137,
213302.802,conflict-at-land,2,137,
213308.663,refuse,3,156,
213317.802,start,2,137,
213323.663,refuse,3,156,
213332.145,conflict-at-land,2,137,
213338.663,refuse,3,156,
213347.145,start,2,137,
213353.663,refuse,3,156,
213359.225,conflict-at-land,2,137,
213368.663,refuse,3,156,
213374.225,start,2,137,
213383.663,refuse,3,156,
213388.979,conflict-at-land,2,137,
213398.663,refuse,3,156,
213403.979,start,2,137,
213413.663,refuse,3,156,
213414.761,conflict-at-land,2,137,
213428.663,refuse,3,156,
213429.761,start,2,137,
213441.544,conflict-at-land,2,137,
213443.663,refuse,3,156,
213456.544,start,2,137,
213458.663,refuse,3,156,
213468.7,conflict-at-land,2,137,
213473.663,refuse,3,156,
213483.7,start,2,137,
213488.663,refuse,3,156,
213492.255,conflict-at-land,2,137,
213503.663,refuse,3,156,
213507.255,start,2,137,
213512.671,conflict-at-land,0,155,
213516.414,conflict-at-land,2,137,
213518.663,start,3,156,
213527.671,refuse,0,155,
213531.414,start,2,137,
213541.208,conflict-at-land,2,137,
213542.671,refuse,0,155,
213556.208,start,2,137,
213557.671,refuse,0,155,
213570.768,conflict-at-land,2,137,
213572.671,refuse,0,155,
213585.768,start,2,137,
213587.671,refuse,0,155,
213599.782,conflict-at-land,2,137,
213602.671,refuse,0,155,
213614.782,start,2,137,
213617.671,refuse,0,155,
213624.936,conflict-at-land,2,137,
213632.671,refuse,0,155,
213639.936,start,2,137,
213647.671,refuse,0,155,
213652.232,conflict-at-land,2,137,
213662.671,refuse,0,155,
213667.232,start,2,137,
213677.671,refuse,0,155,
213680.726,conflict-at-land,2,137,
213692.471,conflict-at-land,3,156,
213692.671,start,0,155,
213695.726,start,2,137,
213707.471,refuse,3,156,
213709.06,conflict-at-land,2,137,
213722.471,refuse,3,156,
213724.06,start,2,137,
213732.742,conflict-at-land,2,137,
213737.471,refuse,3,156,
213747.742,start,2,137,
213752.471,refuse,3,156,
213756.182,conflict-at-land,2,137,
213767.471,refuse,3,156,
213771.182,start,2,137,
213782.471,refuse,3,156,
213783.93,conflict-at-land,2,137,
213797.471,refuse,3,156,
213798.93,start,2,137,
213810.333,conflict-at-land,2,137,
213812.471,refuse,3,156,
213825.333,start,2,137,
213827.471,refuse,3,156,
213838.265,conflict-at-land,2,137,
213842.471,refuse,3,156,
213853.265,start,2,137,
213857.471,refuse,3,156,
213862.675,conflict-at-land,2,137,
213872.471,refuse,3,156,
213877.675,start,2,137,
213887.471,refuse,3,156,
213892.457,conflict-at-land,2,137,
213902.471,refuse,3,156,
213907.457,start,2,137,
213917.471,refuse,3,156,
213918.686,conflict-at-land,2,137,
213932.471,refuse,3,156,
213933.686,start,2,137,
213947.471,refuse,3,156,
213947.786,conflict-at-land,2,137,
213962.471,refuse,3,156,
213962.786,start,2,137,
213977.471,refuse,3,156,
213977.517,conflict-at-land,2,137,
213992.471,refuse,3,156,
213992.517,start,2,137,
214002.902,conflict-at-land,2,137,
214007.471,refuse,3,156,
214017.902,start,2,137,
214022.471,refuse,3,156,
214027.717,conflict-at-land,2,137,
214037.471,refuse,3,156,
214042.717,start,2,137,
214052.471,refuse,3,156,
214053.985,conflict-at-land,2,137,
214067.471,refuse,3,156,
214068.985,start,2,137,
214081.192,conflict-at-land,2,137,
214082.471,refuse,3,156,
214096.192,start,2,137,
214097.471,refuse,3,156,
214111.639,conflict-at-land,2,137,
214112.471,refuse,3,156,
214126.639,start,2,137,
214127.471,refuse,3,156,
214138.202,conflict-at-land,2,137,
214142.471,refuse,3,156,
214153.202,start,2,137,
214157.471,refuse,3,156,
214162.828,conflict-at-land,2,137,
214172.471,refuse,3,156,
214177.828,start,2,137,
214187.471,refuse,3,156,
214192.01,conflict-at-land,2,137,
214202.471,refuse,3,156,
214207.01,start,2,137,
214217.471,refuse,3,156,
214221.717,conflict-at-land,2,137,
214232.471,refuse,3,156,
214236.717,start,2,137,
214247.471,refuse,3,156,
214251.773,conflict-at-land,2,137,
214262.471,refuse,3,156,
214266.773,start,2,137,
214277.471,refuse,3,156,
214281.542,conflict-at-land,2,137,
214292.471,refuse,3,156,
214296.542,start,2,137,
214307.141,conflict-at-land,2,137,
214307.471,refuse,3,156,
214322.141,start,2,137,
214322.471,refuse,3,156,
214333.317,conflict-at-land,2,137,
214337.471,refuse,3,156,
214348.317,start,2,137,
214352.471,refuse,3,156,
214358.519,conflict-at-land,2,137,
214367.471,refuse,3,156,
214373.519,start,2,137,
214382.471,refuse,3,156,
214387.66,conflict-at-land,2,137,
214397.471,refuse,3,156,
214402.66,start,2,137,
214412.471,refuse,3,156,
214417.336,conflict-at-land,2,137,
214427.471,refuse,3,156,
214432.336,start,2,137,
214442.471,refuse,3,156,
214443.365,conflict-at-land,2,137,
214457.471,refuse,3,156,
214458.365,start,2,137,
214471.103,conflict-at-land,2,137,
214472.471,refuse,3,156,
214486.103,start,2,137,
214487.471,refuse,3,156,
214494.741,conflict-at-land,2,137,
214502.471,refuse,3,156,
214509.741,start,2,137,
214517.471,refuse,3,156,
214518.45,conflict-at-land,2,137,
214532.471,refuse,3,156,
214533.45,start,2,137,
214546.14,conflict-at-land,2,137,
214547.471,refuse,3,156,
214561.14,start,2,137,
214562.471,refuse,3,156,
214571.541,conflict-at-land,2,137,
214577.471,refuse,3,156,
214586.541,start,2,137,
214592.471,refuse,3,156,
214597.607,conflict-at-land,2,137,
214607.471,refuse,3,156,
214612.607,start,2,137,
214621.944,conflict-at-land,2,137,
214622.471,refuse,3,156,
214636.944,start,2,137,
214637.471,refuse,3,156,
214652.36,conflict-at-land,2,137,
214652.471,refuse,3,156,
214667.36,start,2,137,
214667.471,refuse,3,156,
214681.546,conflict-at-land,2,137,
214682.471,refuse,3,156,
214696.546,start,2,137,
214697.471,refuse,3,156,
214711.127,conflict-at-land,2,137,
214712.471,refuse,3,156,
214726.127,start,2,137,
214727.471,refuse,3,156,
214736.97,conflict-at-land,2,137,
214742.471,refuse,3,156,
214751.97,start,2,137,
214757.471,refuse,3,156,
214761.276,conflict-at-land,2,137,
214772.471,refuse,3,156,
214776.276,start,2,137,
214785.666,conflict-at-land,2,137,
214787.471,refuse,3,156,
214800.666,start,2,137,
214802.471,refuse,3,156,
214815.667,conflict-at-land,2,137,
214817.471,refuse,3,156,
214830.667,start,2,137,
214832.471,refuse,3,156,
214842.529,conflict-at-land,2,137,
214847.471,refuse,3,156,
214857.529,start,2,137,
214862.471,refuse,3,156,
214867.479,conflict-at-land,2,137,
214877.471,refuse,3,156,
214882.479,start,2,137,
214892.471,refuse,3,156,
214892.471,abandon,3,156,
214892.471,refuse,3,157,
214897.451,conflict-at-land,2,137,
214907.471,refuse,3,157,
214912.451,start,2,137,
214922.471,refuse,3,157,
214927.233,conflict-at-land,2,137,
214937.471,refuse,3,157,
214942.233,start,2,137,
214952.042,conflict-at-land,2,137,
214952.471,refuse,3,157,
214967.042,start,2,137,
214967.471,refuse,3,157,
214981.223,conflict-at-land,2,137,
214982.471,refuse,3,157,
214996.223,start,2,137,
214997.471,refuse,3,157,
215005.899,conflict-at-land,2,137,
215012.471,refuse,3,157,
215020.899,start,2,137,
215027.471,refuse,3,157,
215030.075,conflict-at-land,2,137,
215042.471,refuse,3,157,
215045.075,start,2,137,
215054.948,conflict-at-land,2,137,
215057.471,refuse,3,157,
215069.948,start,2,137,
215072.471,refuse,3,157,
215083.152,conflict-at-land,2,137,
215087.471,refuse,3,157,
215096.757,conflict-at-land,0,155,
215098.152,start,2,137,
215102.471,refuse,3,157,
215109.836,conflict-at-land,2,137,
215111.757,start,0,155,
215117.471,refuse,3,157,
215124.836,start,2,137,
215132.471,refuse,3,157,
215138.697,conflict-at-land,2,137,
215147.471,refuse,3,157,
215153.697,start,2,137,
215162.471,refuse,3,157,
215163.524,conflict-at-land,2,137,
215177.471,refuse,3,157,
215178.524,start,2,137,
215192.471,refuse,3,157,
215192.485,conflict-at-land,2,137,
215207.471,refuse,3,157,
215207.485,start,2,137,
215221.124,conflict-at-land,2,137,
215222.471,refuse,3,157,
215236.124,start,2,137,
215237.471,refuse,3,157,
215246.673,conflict-at-land,2,137,
215252.471,refuse,3,157,
215261.673,start,2,137,
215267.471,refuse,3,157,
215270.29,conflict-at-land,2,137,
215282.471,refuse,3,157,
215285.29,start,2,137,
215295.805,conflict-at-land,2,137,
215297.471,refuse,3,157,
215310.805,start,2,137,
215312.471,refuse,3,157,
215321.505,conflict-at-land,2,137,
215327.471,refuse,3,157,
215336.505,start,2,137,
215342.471,refuse,3,157,
215345.298,conflict-at-land,2,137,
215357.471,refuse,3,157,
215360.298,start,2,137,
215368.853,conflict-at-land,2,137,
215372.471,refuse,3,157,
215383.853,start,2,137,
215387.471,refuse,3,157,
215397.468,conflict-at-land,2,137,
215402.471,refuse,3,157,
215412.468,start,2,137,
215417.471,refuse,3,157,
215420.874,conflict-at-land,2,137,
215432.471,refuse,3,157,
215435.874,start,2,137,
215447.471,refuse,3,157,
215451.387,conflict-at-land,2,137,
215462.471,refuse,3,157,
215466.387,start,2,137,
215474.927,conflict-at-land,2,137,
215477.471,refuse,3,157,
215489.927,start,2,137,
215492.471,refuse,3,157,
215500.687,conflict-at-land,2,137,
215507.471,refuse,3,157,
215515.687,start,2,137,
215522.471,refuse,3,157,
215528.201,conflict-at-land,2,137,
215537.471,refuse,3,157,
215543.201,start,2,137,
215552.471,refuse,3,157,
215557.964,conflict-at-land,2,137,
215567.471,refuse,3,157,
215572.964,start,2,137,
215582.471,refuse,3,157,
215582.812,conflict-at-land,2,137,
215597.471,refuse,3,157,
215597.812,start,2,137,
215607.899,conflict-at-land,2,137,
215612.471,refuse,3,157,
215622.899,start,2,137,
215627.471,refuse,3,157,
215638.389,conflict-at-land,2,137,
215642.471,refuse,3,157,
215653.389,start,2,137,
215657.471,refuse,3,157,
215666.721,conflict-at-land,2,137,
215672.471,refuse,3,157,
215681.721,start,2,137,
215687.471,refuse,3,157,
215690.973,conflict-at-land,2,137,
215702.471,refuse,3,157,
215705.973,start,2,137,
215717.471,refuse,3,157,
215719.816,conflict-at-land,2,137,
215732.471,refuse,3,157,
215734.816,start,2,137,
215744.122,conflict-at-land,2,137,
215747.471,refuse,3,157,
215759.122,start,2,137,
215762.471,refuse,3,157,
215770.674,conflict-at-land,2,137,
215777.471,refuse,3,157,
215785.674,start,2,137,
215792.471,refuse,3,157,
215799.034,conflict-at-land,2,137,
215807.471,refuse,3,157,
215814.034,start,2,137,
215822.471,refuse,3,157,
215824.522,conflict-at-land,2,137,
215837.471,refuse,3,157,
215839.522,start,2,137,
215852.471,refuse,3,157,
215854.089,conflict-at-land,2,137,
215867.471,refuse,3,157,
215869.089,start,2,137,
215877.761,conflict-at-land,2,137,
215882.471,refuse,3,157,
215892.761,start,2,137,
215897.471,refuse,3,157,
215902.159,conflict-at-land,2,137,
215912.471,refuse,3,157,
215917.159,start,2,137,
215927.471,refuse,3,157,
215930.278,conflict-at-land,2,137,
215942.471,refuse,3,157,
215945.278,start,2,137,
215957.471,refuse,3,157,
215960.781,conflict-at-land,2,137,
215972.471,refuse,3,157,
215975.781,start,2,137,
215987.471,refuse,3,157,
215988.826,conflict-at-land,2,137,
216002.471,refuse,3,157,
216003.826,start,2,137,
216016.874,conflict-at-land,2,137,
216017.471,refuse,3,157,
216031.874,start,2,137,
216032.471,refuse,3,157,
216045.071,conflict-at-land,2,137,
216047.471,refuse,3,157,
216060.071,start,2,137,
216062.471,refuse,3,157,
216071.214,conflict-at-land,2,137,
216077.471,refuse,3,157,
216086.214,start,2,137,
216092.471,refuse,3,157,
216097.294,conflict-at-land,2,137,
216107.471,refuse,3,157,
216112.294,start,2,137,
216122.471,refuse,3,157,
216125.573,conflict-at-land,2,137,
216137.471,refuse,3,157,
216140.573,start,2,137,
216149.619,conflict-at-land,2,137,
216152.471,refuse,3,157,
216164.619,start,2,137,
216167.471,refuse,3,157,
216180.087,conflict-at-land,2,137,
216182.471,refuse,3,157,
216195.087,start,2,137,
216197.471,refuse,3,157,
216207.042,conflict-at-land,2,137,
216212.471,refuse,3,157,
216222.042,start,2,137,
216227.471,refuse,3,157,
216232.817,conflict-at-land,2,137,
216242.471,refuse,3,157,
216247.817,start,2,137,
216257.471,refuse,3,157,
216257.709,conflict-at-land,2,137,
216272.471,refuse,3,157,
216272.709,start,2,137,
216286.165,conflict-at-land,2,137,
216287.471,refuse,3,157,
216301.165,start,2,137,
216302.471,refuse,3,157,
216315.322,conflict-at-land,2,137,
216317.471,refuse,3,157,
216330.322,start,2,137,
216332.471,refuse,3,157,
216341.119,conflict-at-land,2,137,
216347.471,refuse,3,157,
216356.119,start,2,137,
216362.471,refuse,3,157,
216367.103,conflict-at-land,2,137,
216377.471,refuse,3,157,
216382.103,start,2,137,
216392.471,refuse,3,157,
216393.944,conflict-at-land,2,137,
216407.471,refuse,3,157,
216408.944,start,2,137,
216418.46,conflict-at-land,2,137,
216422.471,refuse,3,157,
216433.46,start,2,137,
216437.471,refuse,3,157,
216448.485,conflict-at-land,2,137,
216452.471,refuse,3,157,
216463.485,start,2,137,
216467.471,refuse,3,157,
216472.227,conflict-at-land,2,137,
216482.471,refuse,3,157,
216487.227,start,2,137,
216497.471,refuse,3,157,
216500.719,conflict-at-land,2,137,
216512.471,refuse,3,157,
216515.719,start,2,137,
216527.471,refuse,3,157,
216530.115,conflict-at-land,2,137,
216530.115,abandon,2,137,
216530.115,refuse,2,158,
216542.471,refuse,3,157,
216545.115,refuse,2,158,
216557.471,refuse,3,157,
216560.115,refuse,2,158,
216572.471,refuse,3,157,
216575.115,refuse,2,158,
216587.471,refuse,3,157,
216590.115,refuse,2,158,
216602.471,refuse,3,157,
216605.115,refuse,2,158,
216617.471,refuse,3,157,
216620.115,refuse,2,158,
216632.471,refuse,3,157,
216635.115,refuse,2,158,
216647.471,refuse,3,157,
216650.115,refuse,2,158,
216662.471,refuse,3,157,
216665.115,refuse,2,158,
216677.471,refuse,3,157,
216680.115,refuse,2,158,
216692.471,refuse,3,157,
216695.115,refuse,2,158,
216707.471,refuse,3,157,
216710.115,refuse,2,158,
216722.471,refuse,3,157,
216725.115,refuse,2,158,
216737.471,refuse,3,157,
216740.115,refuse,2,158,
216746.798,conflict-at-land,0,155,
216752.471,refuse,3,157,
216755.115,refuse,2,158,
216761.798,start,0,155,
216767.471,refuse,3,157,
216770.115,refuse,2,158,
216782.471,refuse,3,157,
216785.115,refuse,2,158,
216797.471,refuse,3,157,
216800.115,refuse,2,158,
216812.471,refuse,3,157,
216815.115,refuse,2,158,
216827.471,refuse,3,157,
216830.115,refuse,2,158,
216842.471,refuse,3,157,
216845.115,refuse,2,158,
216857.471,refuse,3,157,
216860.115,refuse,2,158,
216872.471,refuse,3,157,
216875.115,refuse,2,158,
216887.471,refuse,3,157,
216890.115,refuse,2,158,
216902.471,refuse,3,157,
216905.115,refuse,2,158,
216917.471,refuse,3,157,
216920.115,refuse,2,158,
216932.471,refuse,3,157,
216935.115,refuse,2,158,
216947.471,refuse,3,157,
216950.115,refuse,2,158,
216962.471,refuse,3,157,
216965.115,refuse,2,158,
216977.471,refuse,3,157,
216980.115,refuse,2,158,
216992.471,refuse,3,157,
216995.115,refuse,2,158,
217007.471,refuse,3,157,
217010.115,refuse,2,158,
217022.471,refuse,3,157,
217025.115,refuse,2,158,
217037.471,refuse,3,157,
217040.115,refuse,2,158,
217052.471,refuse,3,157,
217055.115,refuse,2,158,
217067.471,refuse,3,157,
217070.115,refuse,2,158,
217082.471,refuse,3,157,
217085.115,refuse,2,158,
217097.471,refuse,3,157,
217100.115,refuse,2,158,
217112.471,refuse,3,157,
217115.115,refuse,2,158,
217127.471,refuse,3,157,
217130.115,refuse,2,158,
217142.471,refuse,3,157,
217145.115,refuse,2,158,
217157.471,refuse,3,157,
217160.115,refuse,2,158,
217172.471,refuse,3,157,
217175.115,refuse,2,158,
217187.471,refuse,3,157,
217190.115,refuse,2,158,
217202.471,refuse,3,157,
217205.115,refuse,2,158,
217217.471,refuse,3,157,
217220.115,refuse,2,158,
217232.471,refuse,3,157,
217235.115,refuse,2,158,
217247.471,refuse,3,157,
217250.115,refuse,2,158,
217262.471,refuse,3,157,
217265.115,refuse,2,158,
217277.471,refuse,3,157,
217280.115,refuse,2,158,
217292.471,refuse,3,157,
217295.115,refuse,2,158,
217307.471,refuse,3,157,
217310.115,refuse,2,158,
217322.471,refuse,3,157,
217325.115,refuse,2,158,
217337.471,refuse,3,157,
217340.115,refuse,2,158,
217352.471,refuse,3,157,
217355.115,refuse,2,158,
217367.471,refuse,3,157,
217370.115,refuse,2,158,
217382.471,refuse,3,157,
217385.115,refuse,2,158,
217397.471,refuse,3,157,
217400.115,refuse,2,158,
217412.471,refuse,3,157,
217415.115,refuse,2,158,
217427.471,refuse,3,157,
217430.115,refuse,2,158,
217442.471,refuse,3,157,
217445.115,refuse,2,158,
217457.471,refuse,3,157,
217460.115,refuse,2,158,
217472.471,refuse,3,157,
217475.115,refuse,2,158,
217487.471,refuse,3,157,
217490.115,refuse,2,158,
217502.471,refuse,3,157,
217505.115,refuse,2,158,
217517.471,refuse,3,157,
217520.115,refuse,2,158,
217532.471,refuse,3,157,
217535.115,refuse,2,158,
217547.471,refuse,3,157,
217550.115,refuse,2,158,
217562.471,refuse,3,157,
217565.115,refuse,2,158,
217577.471,refuse,3,157,
217580.115,refuse,2,158,
217592.471,refuse,3,157,
217595.115,refuse,2,158,
217607.471,refuse,3,157,
217610.115,refuse,2,158,
217622.471,refuse,3,157,
217625.115,refuse,2,158,
217637.471,refuse,3,157,
217640.115,refuse,2,158,
217652.471,refuse,3,157,
217655.115,refuse,2,158,
217667.471,refuse,3,157,
217670.115,refuse,2,158,
217682.471,refuse,3,157,
217685.115,refuse,2,158,
217697.471,refuse,3,157,
217700.115,refuse,2,158,
217712.471,refuse,3,157,
217715.115,refuse,2,158,
217727.471,refuse,3,157,
217730.115,refuse,2,158,
217742.471,refuse,3,157,
217745.115,refuse,2,158,
217757.471,refuse,3,157,
217760.115,refuse,2,158,
217772.471,refuse,3,157,
217775.115,refuse,2,158,
217787.471,refuse,3,157,
217790.115,refuse,2,158,
217802.471,refuse,3,157,
217805.115,refuse,2,158,
217817.471,refuse,3,157,
217820.115,refuse,2,158,
217832.471,refuse,3,157,
217835.115,refuse,2,158,
217847.471,refuse,3,157,
217850.115,refuse,2,158,
217862.471,refuse,3,157,
217865.115,refuse,2,158,
217877.471,refuse,3,157,
217880.115,refuse,2,158,
217892.471,refuse,3,157,
217892.471,abandon,3,157,
217892.471,refuse,3,159,
217895.115,refuse,2,158,
217907.471,refuse,3,159,
217910.115,refuse,2,158,
217922.471,refuse,3,159,
217925.115,refuse,2,158,
217937.471,refuse,3,159,
217940.115,refuse,2,158,
217952.471,refuse,3,159,
217955.115,refuse,2,158,
217967.471,refuse,3,159,
217970.115,refuse,2,158,
217982.471,refuse,3,159,
217985.115,refuse,2,158,
217997.471,refuse,3,159,
218000.115,refuse,2,158,
218012.471,refuse,3,159,
218015.115,refuse,2,158,
218027.471,refuse,3,159,
218030.115,refuse,2,158,
218042.471,refuse,3,159,
218045.115,refuse,2,158,
218057.471,refuse,3,159,
218060.115,refuse,2,158,
218072.471,refuse,3,159,
218075.115,refuse,2,158,
218087.471,refuse,3,159,
218090.115,refuse,2,158,
218102.471,refuse,3,159,
218105.115,refuse,2,158,
218117.471,refuse,3,159,
218120.115,refuse,2,158,
218132.471,refuse,3,159,
218135.115,refuse,2,158,
218147.471,refuse,3,159,
218150.115,refuse,2,158,
218162.471,refuse,3,159,
218165.115,refuse,2,158,
218177.471,refuse,3,159,
218180.115,refuse,2,158,
218192.471,refuse,3,159,
218195.115,refuse,2,158,
218207.471,refuse,3,159,
218210.115,refuse,2,158,
218222.471,refuse,3,159,
218225.115,refuse,2,158,
218237.471,refuse,3,159,
218240.115,refuse,2,158,
218252.471,refuse,3,159,
218255.115,refuse,2,158,
218267.471,refuse,3,159,
218270.115,refuse,2,158,
218282.471,refuse,3,159,
218285.115,refuse,2,158,
218297.471,refuse,3,159,
218300.115,refuse,2,158,
218312.471,refuse,3,159,
218315.115,refuse,2,158,
218327.471,refuse,3,159,
218330.115,refuse,2,158,
218342.471,refuse,3,159,
218345.115,refuse,2,158,
218357.471,refuse,3,159,
218360.115,refuse,2,158,
218372.471,refuse,3,159,
218375.115,refuse,2,158,
218387.471,refuse,3,159,
218390.115,refuse,2,158,
218402.471,refuse,3,159,
218405.115,refuse,2,158,
218417.471,refuse,3,159,
218420.115,refuse,2,158,
218432.471,refuse,3,159,
218435.115,refuse,2,158,
218447.471,refuse,3,159,
218450.115,refuse,2,158,
218462.471,refuse,3,159,
218465.115,refuse,2,158,
218477.471,refuse,3,159,
218480.115,refuse,2,158,
218492.471,refuse,3,159,
218495.115,refuse,2,158,
218507.471,refuse,3,159,
218510.115,refuse,2,158,
218522.471,refuse,3,159,
218525.115,refuse,2,158,
218537.471,refuse,3,159,
218540.115,refuse,2,158,
218552.471,refuse,3,159,
218555.115,refuse,2,158,
218567.471,refuse,3,159,
218570.115,refuse,2,158,
218582.471,refuse,3,159,
218585.115,refuse,2,158,
218597.471,refuse,3,159,
218600.115,refuse,2,158,
218612.471,refuse,3,159,
218615.115,refuse,2,158,
218627.471,refuse,3,159,
218630.115,refuse,2,158,
218642.471,refuse,3,159,
218645.115,refuse,2,158,
218657.471,refuse,3,159,
218660.115,refuse,2,158,
218672.471,refuse,3,159,
218675.115,refuse,2,158,
218687.471,refuse,3,159,
218690.115,refuse,2,158,
218702.471,refuse,3,159,
218705.115,refuse,2,158,
218717.471,refuse,3,159,
218720.115,refuse,2,158,
218732.471,refuse,3,159,
218735.115,refuse,2,158,
218747.471,refuse,3,159,
218750.115,refuse,2,158,
218762.471,refuse,3,159,
218765.115,refuse,2,158,
218777.471,refuse,3,159,
218780.115,refuse,2,158,
218792.471,refuse,3,159,
218795.115,refuse,2,158,
218807.471,refuse,3,159,
218808.704,conflict-at-land,0,155,
218810.115,refuse,2,158,
218822.471,refuse,3,159,
218823.704,start,0,155,
218825.115,refuse,2,158,
218837.471,refuse,3,159,
218840.115,refuse,2,158,
218852.471,refuse,3,159,
218855.115,refuse,2,158,
218867.471,refuse,3,159,
218870.115,refuse,2,158,
218882.471,refuse,3,159,
218885.115,refuse,2,158,
218897.471,refuse,3,159,
218900.115,refuse,2,158,
218912.471,refuse,3,159,
218915.115,refuse,2,158,
218927.471,refuse,3,159,
218930.115,refuse,2,158,
218942.471,refuse,3,159,
218945.115,refuse,2,158,
218957.471,refuse,3,159,
218960.115,refuse,2,158,
218972.471,refuse,3,159,
218975.115,refuse,2,158,
218987.471,refuse,3,159,
218990.115,refuse,2,158,
219002.471,refuse,3,159,
219005.115,refuse,2,158,
219017.471,refuse,3,159,
219020.115,refuse,2,158,
219032.471,refuse,3,159,
219035.115,refuse,2,158,
219047.471,refuse,3,159,
219050.115,refuse,2,158,
219062.471,refuse,3,159,
219065.115,refuse,2,158,
219077.471,refuse,3,159,
219080.115,refuse,2,158,
219092.471,refuse,3,159,
219095.115,refuse,2,158,
219107.471,refuse,3,159,
219110.115,refuse,2,158,
219122.471,refuse,3,159,
219125.115,refuse,2,158,
219137.471,refuse,3,159,
219140.115,refuse,2,158,
219152.471,refuse,3,159,
219155.115,refuse,2,158,
219167.471,refuse,3,159,
219170.115,refuse,2,158,
219182.471,refuse,3,159,
219185.115,refuse,2,158,
219197.471,refuse,3,159,
219200.115,refuse,2,158,
219212.471,refuse,3,159,
219215.115,refuse,2,158,
219227.471,refuse,3,159,
219230.115,refuse,2,158,
219242.471,refuse,3,159,
219245.115,refuse,2,158,
219257.471,refuse,3,159,
219260.115,refuse,2,158,
219272.471,refuse,3,159,
219275.115,refuse,2,158,
219287.471,refuse,3,159,
219290.115,refuse,2,158,
219302.471,refuse,3,159,
219305.115,refuse,2,158,
219317.471,refuse,3,159,
219320.115,refuse,2,158,
219332.471,refuse,3,159,
219335.115,refuse,2,158,
219347.471,refuse,3,159,
219350.115,refuse,2,158,
219362.471,refuse,3,159,
219365.115,refuse,2,158,
219377.471,refuse,3,159,
219380.115,refuse,2,158,
219392.471,refuse,3,159,
219395.115,refuse,2,158,
219407.471,refuse,3,159,
219410.115,refuse,2,158,
219422.471,refuse,3,159,
219425.115,refuse,2,158,
219437.471,refuse,3,159,
219440.115,refuse,2,158,
219452.471,refuse,3,159,
219455.115,refuse,2,158,
219467.471,refuse,3,159,
219470.115,refuse,2,158,
219482.471,refuse,3,159,
219485.115,refuse,2,158,
219497.471,refuse,3,159,
219500.115,refuse,2,158,
219512.471,refuse,3,159,
219515.115,refuse,2,158,
219527.471,refuse,3,159,
219530.115,refuse,2,158,
219530.115,abandon,2,158,
219530.115,start,2,160,
219542.471,refuse,3,159,
219557.471,refuse,3,159,
219572.471,refuse,3,159,
219587.471,refuse,3,159,
219602.471,refuse,3,159,
219617.471,refuse,3,159,
219632.471,refuse,3,159,
219644.233,conflict-at-land,2,160,
219647.471,refuse,3,159,
219659.233,start,2,160,
219662.471,refuse,3,159,
219677.471,refuse,3,159,
219692.471,refuse,3,159,
219707.471,refuse,3,159,
219722.471,refuse,3,159,
219737.471,refuse,3,159,
219752.471,refuse,3,159,
219756.011,conflict-at-land,2,160,
219767.471,refuse,3,159,
219771.011,start,2,160,
219782.471,refuse,3,159,
219797.471,refuse,3,159,
219812.471,refuse,3,159,
219827.471,refuse,3,159,
219842.471,refuse,3,159,
219857.471,refuse,3,159,
219872.471,refuse,3,159,
219887.471,refuse,3,159,
219902.471,refuse,3,159,
219917.471,refuse,3,159,
219932.471,refuse,3,159,
219933.498,conflict-at-land,2,160,
219947.471,refuse,3,159,
219948.498,start,2,160,
219962.471,refuse,3,159,
219977.471,refuse,3,159,
219992.471,refuse,3,159,
220007.471,refuse,3,159,
220022.471,refuse,3,159,
220037.471,refuse,3,159,
220052.471,refuse,3,159,
220067.471,refuse,3,159,
220082.471,refuse,3,159,
220097.471,refuse,3,159,
220099.305,conflict-at-land,2,160,
220112.471,refuse,3,159,
220114.305,start,2,160,
220126.251,conflict-at-land,0,155,
220127.471,refuse,3,159,
220141.251,start,0,155,
220142.471,refuse,3,159,
220157.471,refuse,3,159,
220172.471,refuse,3,159,
220187.471,refuse,3,159,
220202.471,refuse,3,159,
220217.471,refuse,3,159,
220232.471,refuse,3,159,
220247.471,refuse,3,159,
220262.471,refuse,3,159,
220277.471,refuse,3,159,
220290.746,conflict-at-land,2,160,
220292.471,refuse,3,159,
220305.746,start,2,160,
220307.471,refuse,3,159,
220322.471,refuse,3,159,
220337.471,refuse,3,159,
220352.471,refuse,3,159,
220367.471,refuse,3,159,
220382.471,refuse,3,159,
220397.471,refuse,3,159,
220412.471,refuse,3,159,
220427.471,refuse,3,159,
220442.471,refuse,3,159,
220457.471,refuse,3,159,
220470.169,conflict-at-land,2,160,
220472.471,refuse,3,159,
220485.169,start,2,160,
220487.471,refuse,3,159,
220502.471,refuse,3,159,
220517.471,refuse,3,159,
220532.471,refuse,3,159,
220547.471,refuse,3,159,
220562.471,refuse,3,159,
220577.471,refuse,3,159,
220592.471,refuse,3,159,
220607.471,refuse,3,159,
220610.449,conflict-at-land,2,160,
220622.471,refuse,3,159,
220625.449,start,2,160,
220637.471,refuse,3,159,
220652.471,refuse,3,159,
220667.471,refuse,3,159,
220682.471,refuse,3,159,
220697.471,refuse,3,159,
220712.471,refuse,3,159,
220727.471,refuse,3,159,
220742.471,refuse,3,159,
220757.471,refuse,3,159,
220772.471,refuse,3,159,
220776.859,conflict-at-land,2,160,
220787.471,refuse,3,159,
220791.859,start,2,160,
220802.471,refuse,3,159,
220817.471,refuse,3,159,
220832.471,refuse,3,159,
220847.471,refuse,3,159,
220862.471,refuse,3,159,
220877.471,refuse,3,159,
220892.471,refuse,3,159,
220892.471,abandon,3,159,
220892.471,refuse,3,161,
220907.471,refuse,3,161,
220922.471,refuse,3,161,
220937.471,refuse,3,161,
220952.471,refuse,3,161,
220967.471,refuse,3,161,
220968.619,conflict-at-land,2,160,
220982.471,start,3,161,
220983.619,refuse,2,160,
220992.777,conflict-at-land,3,161,
220998.619,start,2,160,
221007.777,refuse,3,161,
221022.777,refuse,3,161,
221037.777,refuse,3,161,
221052.777,refuse,3,161,
221067.777,refuse,3,161,
221082.777,refuse,3,161,
221097.777,refuse,3,161,
221112.777,refuse,3,161,
221127.777,refuse,3,161,
221142.777,refuse,3,161,
221154.024,conflict-at-land,2,160,
221157.777,start,3,161,
221166.963,conflict-at-land,3,161,
221169.024,start,2,160,
221181.963,refuse,3,161,
221196.963,refuse,3,161,
221211.963,refuse,3,161,
221226.963,refuse,3,161,
221241.963,refuse,3,161,
221256.963,refuse,3,161,
221268.254,conflict-at-land,2,160,
221271.963,start,3,161,
221283.246,conflict-at-land,3,161,
221283.254,start,2,160,
221298.246,refuse,3,161,
221313.246,refuse,3,161,
221328.246,refuse,3,161,
221343.246,refuse,3,161,
221358.246,refuse,3,161,
221373.246,refuse,3,161,
221388.246,refuse,3,161,
221391.388,conflict-at-land,2,160,
221403.246,start,3,161,
221406.388,refuse,2,160,
221417.048,conflict-at-land,3,161,
221421.388,start,2,160,
221432.048,refuse,3,161,
221447.048,refuse,3,161,
221462.048,refuse,3,161,
221477.048,refuse,3,161,
221489.239,conflict-at-land,0,155,
221492.048,refuse,3,161,
221504.239,start,0,155,
221507.048,refuse,3,161,
221522.048,refuse,3,161,
221537.048,refuse,3,161,
221552.048,refuse,3,161,
221564.442,conflict-at-land,2,160,
221567.048,start,3,161,
221576.25,conflict-at-land,3,161,
221579.442,start,2,160,
221591.25,refuse,3,161,
221606.25,refuse,3,161,
221621.25,refuse,3,161,
221636.25,refuse,3,161,
221651.25,refuse,3,161,
221666.25,refuse,3,161,
221681.25,refuse,3,161,
221696.25,refuse,3,161,
221711.25,refuse,3,161,
221714.457,conflict-at-land,2,160,
221726.25,start,3,161,
221729.457,refuse,2,160,
221740.679,conflict-at-land,3,161,
221744.457,start,2,160,
221755.679,refuse,3,161,
221770.679,refuse,3,161,
221785.679,refuse,3,161,
221800.679,refuse,3,161,
221815.679,refuse,3,161,
221830.679,refuse,3,161,
221845.679,refuse,3,161,
221860.679,refuse,3,161,
221875.679,refuse,3,161,
221890.679,refuse,3,161,
221896.514,conflict-at-land,2,160,
221905.679,start,3,161,
221911.514,refuse,2,160,
221920.259,conflict-at-land,3,161,
221926.514,start,2,160,
221935.259,refuse,3,161,
221950.259,refuse,3,161,
221965.259,refuse,3,161,
221980.259,refuse,3,161,
221995.259,refuse,3,161,
222010.259,refuse,3,161,
222025.259,refuse,3,161,
222040.259,refuse,3,161,
222055.259,refuse,3,161,
222060.707,conflict-at-land,2,160,
222070.259,start,3,161,
222075.707,refuse,2,160,
222084.665,conflict-at-land,3,161,
222090.707,start,2,160,
222099.665,refuse,3,161,
222114.665,refuse,3,161,
222129.665,refuse,3,161,
222144.665,refuse,3,161,
222159.665,refuse,3,161,
222174.665,refuse,3,161,
222189.665,refuse,3,161,
222204.665,refuse,3,161,
222213.015,conflict-at-land,2,160,
222219.665,start,3,161,
222228.015,refuse,2,160,
222235.218,conflict-at-land,3,161,
222243.015,start,2,160,
222250.218,refuse,3,161,
222265.218,refuse,3,161,
222280.218,refuse,3,161,
222295.218,refuse,3,161,
222310.218,refuse,3,161,
222325.218,refuse,3,161,
222340.218,refuse,3,161,
222355.218,refuse,3,161,
222370.218,refuse,3,161,
222370.985,conflict-at-land,2,160,
222385.218,start,3,161,
222385.985,refuse,2,160,
222399.921,conflict-at-land,3,161,
222400.985,start,2,160,
222414.921,refuse,3,161,
222429.921,refuse,3,161,
222444.921,refuse,3,161,
222459.921,refuse,3,161,
222474.921,refuse,3,161,
222489.921,refuse,3,161,
222504.921,refuse,3,161,
222519.921,refuse,3,161,
222534.921,refuse,3,161,
222549.921,refuse,3,161,
222564.242,conflict-at-land,2,160,
222564.921,start,3,161,
222577.632,conflict-at-land,3,161,
222579.242,start,2,160,
222592.632,refuse,3,161,
222607.632,refuse,3,161,
222622.632,refuse,3,161,
222637.632,refuse,3,161,
222652.632,refuse,3,161,
222667.632,refuse,3,161,
222682.632,refuse,3,161,
222697.632,refuse,3,161,
222706.122,conflict-at-land,2,160,
222712.632,start,3,161,
222721.122,refuse,2,160,
222722.739,conflict-at-land,3,161,
222736.122,start,2,160,
222737.739,refuse,3,161,
222752.739,refuse,3,161,
222767.739,refuse,3,161,
222782.739,refuse,3,161,
222797.739,refuse,3,161,
222812.739,refuse,3,161,
222827.739,refuse,3,161,
222842.739,refuse,3,161,
222857.739,refuse,3,161,
222867.777,conflict-at-land,2,160,
222872.739,start,3,161,
222882.777,refuse,2,160,
222887.388,conflict-at-land,3,161,
222897.777,start,2,160,
222902.388,refuse,3,161,
222917.388,refuse,3,161,
222932.388,refuse,3,161,
222947.388,refuse,3,161,
222962.388,refuse,3,161,
222977.388,refuse,3,161,
222988.857,conflict-at-land,0,155,
222992.388,refuse,3,161,
223003.857,start,0,155,
223007.388,refuse,3,161,
223022.388,refuse,3,161,
223037.388,refuse,3,161,
223048.88,conflict-at-land,2,160,
223052.388,start,3,161,
223063.528,conflict-at-land,3,161,
223063.88,start,2,160,
223078.528,refuse,3,161,
223093.528,refuse,3,161,
223108.528,refuse,3,161,
223123.528,refuse,3,161,
223138.528,refuse,3,161,
223153.528,refuse,3,161,
223168.528,refuse,3,161,
223183.528,refuse,3,161,
223186.4,conflict-at-land,2,160,
223198.528,start,3,161,
223201.4,refuse,2,160,
223212.153,conflict-at-land,3,161,
223216.4,start,2,160,
223227.153,refuse,3,161,
223242.153,refuse,3,161,
223257.153,refuse,3,161,
223272.153,refuse,3,161,
223287.153,refuse,3,161,
223302.153,refuse,3,161,
223317.153,refuse,3,161,
223324.92,conflict-at-land,2,160,
223332.153,start,3,161,
223339.92,refuse,2,160,
223341.28,conflict-at-land,3,161,
223354.92,start,2,160,
223356.28,refuse,3,161,
223371.28,refuse,3,161,
223386.28,refuse,3,161,
223401.28,refuse,3,161,
223416.28,refuse,3,161,
223431.28,refuse,3,161,
223446.28,refuse,3,161,
223461.28,refuse,3,161,
223476.28,refuse,3,161,
223491.28,refuse,3,161,
223496.968,conflict-at-land,2,160,
223506.28,start,3,161,
223511.968,refuse,2,160,
223521.332,conflict-at-land,3,161,
223526.968,start,2,160,
223536.332,refuse,3,161,
223551.332,refuse,3,161,
223566.332,refuse,3,161,
223581.332,refuse,3,161,
223596.332,refuse,3,161,
223611.332,refuse,3,161,
223623.569,conflict-at-land,2,160,
223626.332,start,3,161,
223635.794,conflict-at-land,3,161,
223638.569,start,2,160,
223650.794,refuse,3,161,
223665.794,refuse,3,161,
223680.794,refuse,3,161,
223695.794,refuse,3,161,
223710.794,refuse,3,161,
223725.794,refuse,3,161,
223740.794,refuse,3,161,
223755.794,refuse,3,161,
223770.794,refuse,3,161,
223783.098,conflict-at-land,2,160,
223785.794,start,3,161,
223796.84,conflict-at-land,3,161,
223798.098,start,2,160,
223811.84,refuse,3,161,
223826.84,refuse,3,161,
223841.84,refuse,3,161,
223856.84,refuse,3,161,
223871.84,refuse,3,161,
223886.84,refuse,3,161,
223901.84,refuse,3,161,
223916.84,refuse,3,161,
223931.84,refuse,3,161,
223946.84,refuse,3,161,
223959.66,conflict-at-land,2,160,
223961.84,start,3,161,
223974.204,conflict-at-land,3,161,
223974.66,start,2,160,
223989.204,refuse,3,161,
224004.204,refuse,3,161,
224019.204,refuse,3,161,
224034.204,refuse,3,161,
224049.204,refuse,3,161,
224064.204,refuse,3,161,
224079.204,refuse,3,161,
224094.204,refuse,3,161,
224109.204,refuse,3,161,
224118.176,conflict-at-land,2,160,
224124.204,start,3,161,
224132.909,conflict-at-land,3,161,
224133.176,start,2,160,
224147.909,refuse,3,161,
224147.909,abandon,3,161,
224147.909,refuse,3,162,
224162.909,refuse,3,162,
224177.909,refuse,3,162,
224192.909,refuse,3,162,
224207.909,refuse,3,162,
224222.909,refuse,3,162,
224237.909,refuse,3,162,
224252.909,refuse,3,162,
224256.546,conflict-at-land,2,160,
224267.909,refuse,3,162,
224271.546,start,2,160,
224282.909,refuse,3,162,
224297.909,refuse,3,162,
224312.909,refuse,3,162,
224327.909,refuse,3,162,
224342.909,refuse,3,162,
224357.909,refuse,3,162,
224372.909,refuse,3,162,
224387.909,refuse,3,162,
224390.822,conflict-at-land,2,160,
224402.909,refuse,3,162,
224405.822,start,2,160,
224417.909,refuse,3,162,
224432.909,refuse,3,162,
224447.909,refuse,3,162,
224462.909,refuse,3,162,
224477.909,refuse,3,162,
224492.909,refuse,3,162,
224507.909,refuse,3,162,
224522.909,refuse,3,162,
224537.909,refuse,3,162,
224541.657,conflict-at-land,2,160,
224552.909,refuse,3,162,
224556.657,start,2,160,
224567.909,refuse,3,162,
224582.909,refuse,3,162,
224597.909,refuse,3,162,
224612.909,refuse,3,162,
224627.909,refuse,3,162,
224642.909,refuse,3,162,
224657.909,refuse,3,162,
224671.946,conflict-at-land,2,160,
224672.909,refuse,3,162,
224686.946,start,2,160,
224687.909,refuse,3,162,
224702.909,refuse,3,162,
224717.909,refuse,3,162,
224732.909,refuse,3,162,
224747.909,refuse,3,162,
224762.909,refuse,3,162,
224777.909,refuse,3,162,
224784.692,conflict-at-land,2,160,
224792.909,refuse,3,162,
224799.692,start,2,160,
224807.909,refuse,3,162,
224822.909,refuse,3,162,
224837.909,refuse,3,162,
224852.909,refuse,3,162,
224867.909,refuse,3,162,
224882.909,refuse,3,162,
224897.909,refuse,3,162,
224912.909,refuse,3,162,
224927.909,refuse,3,162,
224936.964,conflict-at-land,0,155,
224942.909,refuse,3,162,
224951.964,start,0,155,
224957.909,refuse,3,162,
224966.29,conflict-at-land,2,160,
224972.909,refuse,3,162,
224981.29,start,2,160,
224987.909,refuse,3,162,
225002.909,refuse,3,162,
225017.909,refuse,3,162,
225032.909,refuse,3,162,
225047.909,refuse,3,162,
225062.909,refuse,3,162,
225077.909,refuse,3,162,
225092.909,refuse,3,162,
225107.909,refuse,3,162,
225111.186,conflict-at-land,2,160,
225122.909,refuse,3,162,
225126.186,start,2,160,
225137.909,refuse,3,162,
225152.909,refuse,3,162,
225167.909,refuse,3,162,
225182.909,refuse,3,162,
225197.909,refuse,3,162,
225212.909,refuse,3,162,
225227.909,refuse,3,162,
225242.201,conflict-at-land,2,160,
225242.909,refuse,3,162,
225257.201,start,2,160,
225257.909,refuse,3,162,
225272.909,refuse,3,162,
225287.909,refuse,3,162,
225302.909,refuse,3,162,
225317.909,refuse,3,162,
225332.909,refuse,3,162,
225347.909,refuse,3,162,
225359.811,conflict-at-land,2,160,
225362.909,refuse,3,162,
225374.811,start,2,160,
225377.909,refuse,3,162,
225392.909,refuse,3,162,
225407.909,refuse,3,162,
225422.909,refuse,3,162,
225437.909,refuse,3,162,
225452.909,refuse,3,162,
225467.909,refuse,3,162,
225482.909,refuse,3,162,
225491.381,conflict-at-land,2,160,
225497.909,refuse,3,162,
225506.381,start,2,160,
225512.909,refuse,3,162,
225527.909,refuse,3,162,
225542.909,refuse,3,162,
225557.909,refuse,3,162,
225572.909,refuse,3,162,
225587.909,refuse,3,162,
225602.909,refuse,3,162,
225617.909,refuse,3,162,
225632.909,refuse,3,162,
225647.909,refuse,3,162,
225662.909,refuse,3,162,
225667.996,conflict-at-land,2,160,
225677.909,refuse,3,162,
225682.996,start,2,160,
225692.909,refuse,3,162,
225707.909,refuse,3,162,
225722.909,refuse,3,162,
225737.909,refuse,3,162,
225752.909,refuse,3,162,
225767.909,refuse,3,162,
225782.909,refuse,3,162,
225797.909,refuse,3,162,
225812.909,refuse,3,162,
225827.909,refuse,3,162,
225842.909,refuse,3,162,
225852.667,conflict-at-land,2,160,
225857.909,refuse,3,162,
225867.667,start,2,160,
225872.909,refuse,3,162,
225887.909,refuse,3,162,
225902.909,refuse,3,162,
225917.909,refuse,3,162,
225932.909,refuse,3,162,
225947.909,refuse,3,162,
225962.909,refuse,3,162,
225977.909,refuse,3,162,
225992.909,refuse,3,162,
226007.909,refuse,3,162,
226022.909,refuse,3,162,
226028.867,conflict-at-land,2,160,
226037.909,refuse,3,162,
226043.867,start,2,160,
226052.909,refuse,3,162,
226067.909,refuse,3,162,
226082.909,refuse,3,162,
226097.909,refuse,3,162,
226112.909,refuse,3,162,
226127.909,refuse,3,162,
226142.909,refuse,3,162,
226157.909,refuse,3,162,
226172.909,refuse,3,162,
226187.909,refuse,3,162,
226202.909,refuse,3,162,
226213.695,conflict-at-land,2,160,
226217.909,refuse,3,162,
226228.695,start,2,160,
226232.909,refuse,3,162,
226247.909,refuse,3,162,
226262.909,refuse,3,162,
226277.909,refuse,3,162,
226292.909,refuse,3,162,
226307.909,refuse,3,162,
226322.909,refuse,3,162,
226337.909,refuse,3,162,
226352.909,refuse,3,162,
226367.909,refuse,3,162,
226382.909,refuse,3,162,
226397.909,refuse,3,162,
226402.033,conflict-at-land,2,160,
226412.909,refuse,3,162,
226417.033,start,2,160,
226427.909,refuse,3,162,
226442.909,refuse,3,162,
226457.909,refuse,3,162,
226472.909,refuse,3,162,
226487.909,refuse,3,162,
226502.909,refuse,3,162,
226517.909,refuse,3,162,
226532.909,refuse,3,162,
226547.909,refuse,3,162,
226558.317,conflict-at-land,2,160,
226562.909,refuse,3,162,
226573.317,start,2,160,
226577.909,refuse,3,162,
226592.909,refuse,3,162,
226607.909,refuse,3,162,
226622.909,refuse,3,162,
226637.909,refuse,3,162,
226652.909,refuse,3,162,
226667.909,refuse,3,162,
226671.277,conflict-at-land,0,155,
226682.909,refuse,3,162,
226686.277,start,0,155,
226697.909,refuse,3,162,
226699.299,conflict-at-land,2,160,
226712.909,refuse,3,162,
226714.299,start,2,160,
226727.909,refuse,3,162,
226742.909,refuse,3,162,
226757.909,refuse,3,162,
226772.909,refuse,3,162,
226787.909,refuse,3,162,
226802.909,refuse,3,162,
226817.909,refuse,3,162,
226832.909,refuse,3,162,
226847.909,refuse,3,162,
226862.909,refuse,3,162,
226877.909,refuse,3,162,
226880.379,conflict-at-land,2,160,
226892.909,refuse,3,162,
226895.379,start,2,160,
226907.909,refuse,3,162,
226922.909,refuse,3,162,
226937.909,refuse,3,162,
226952.909,refuse,3,162,
226967.909,refuse,3,162,
226982.909,refuse,3,162,
226997.909,refuse,3,162,
227012.909,refuse,3,162,
227024.822,conflict-at-land,2,160,
227027.909,refuse,3,162,
227039.822,start,2,160,
227042.909,refuse,3,162,
227057.909,refuse,3,162,
227072.909,refuse,3,162,
227087.909,refuse,3,162,
227102.909,refuse,3,162,
227117.909,refuse,3,162,
227132.909,refuse,3,162,
227147.909,refuse,3,162,
227147.909,abandon,3,162,
227147.909,refuse,3,163,
227162.909,refuse,3,163,
227177.909,refuse,3,163,
227188.824,conflict-at-land,2,160,
227192.909,refuse,3,163,
227203.824,start,2,160,
227207.909,refuse,3,163,
227222.909,refuse,3,163,
227237.909,refuse,3,163,
227252.909,refuse,3,163,
227267.909,refuse,3,163,
227282.909,refuse,3,163,
227297.909,refuse,3,163,
227312.909,refuse,3,163,
227318.413,conflict-at-land,2,160,
227327.909,refuse,3,163,
227333.413,start,2,160,
227342.909,refuse,3,163,
227357.909,refuse,3,163,
227372.909,refuse,3,163,
227387.909,refuse,3,163,
227402.909,refuse,3,163,
227417.909,refuse,3,163,
227432.909,refuse,3,163,
227447.909,refuse,3,163,
227462.473,conflict-at-land,2,160,
227462.909,refuse,3,163,
227477.473,start,2,160,
227477.909,refuse,3,163,
227492.909,refuse,3,163,
227507.909,refuse,3,163,
227522.909,refuse,3,163,
227537.909,refuse,3,163,
227552.909,refuse,3,163,
227567.909,refuse,3,163,
227576.075,conflict-at-land,2,160,
227582.909,refuse,3,163,
227591.075,start,2,160,
227597.909,refuse,3,163,
227612.909,refuse,3,163,
227627.909,refuse,3,163,
227642.909,refuse,3,163,
227657.909,refuse,3,163,
227672.909,refuse,3,163,
227687.909,refuse,3,163,
227702.909,refuse,3,163,
227717.909,refuse,3,163,
227721.549,conflict-at-land,2,160,
227732.909,refuse,3,163,
227736.549,start,2,160,
227747.909,refuse,3,163,
227762.909,refuse,3,163,
227777.909,refuse,3,163,
227792.909,refuse,3,163,
227807.909,refuse,3,163,
227822.909,refuse,3,163,
227837.909,refuse,3,163,
227842.33,conflict-at-land,2,160,
227852.909,refuse,3,163,
227857.33,start,2,160,
227867.909,refuse,3,163,
227882.909,refuse,3,163,
227897.909,refuse,3,163,
227912.909,refuse,3,163,
227927.909,refuse,3,163,
227942.909,refuse,3,163,
227957.909,refuse,3,163,
227972.909,refuse,3,163,
227987.909,refuse,3,163,
227993.369,conflict-at-land,2,160,
228002.909,refuse,3,163,
228008.369,start,2,160,
228017.909,refuse,3,163,
228032.909,refuse,3,163,
228047.909,refuse,3,163,
228062.611,conflict-at-land,0,155,
228062.909,start,3,163,
228077.611,refuse,0,155,
228089.42,conflict-at-land,3,163,
228092.611,start,0,155,
228104.42,refuse,3,163,
228119.42,refuse,3,163,
228134.42,refuse,3,163,
228149.42,refuse,3,163,
228164.42,refuse,3,163,
228179.42,refuse,3,163,
228185.721,conflict-at-land,2,160,
228194.42,refuse,3,163,
228200.721,start,2,160,
228209.42,refuse,3,163,
228224.42,refuse,3,163,
228239.42,refuse,3,163,
228254.42,refuse,3,163,
228269.42,refuse,3,163,
228284.42,refuse,3,163,
228299.42,refuse,3,163,
228305.327,conflict-at-land,2,160,
228314.42,refuse,3,163,
228320.327,start,2,160,
228329.42,refuse,3,163,
228344.42,refuse,3,163,
228359.42,refuse,3,163,
228374.42,refuse,3,163,
228389.42,refuse,3,163,
228404.42,refuse,3,163,
228419.42,refuse,3,163,
228425.013,conflict-at-land,2,160,
228434.42,refuse,3,163,
228440.013,start,2,160,
228449.42,refuse,3,163,
228464.42,refuse,3,163,
228479.42,refuse,3,163,
228494.42,refuse,3,163,
228509.42,refuse,3,163,
228524.42,refuse,3,163,
228539.42,refuse,3,163,
228554.42,refuse,3,163,
228569.42,refuse,3,163,
228584.42,refuse,3,163,
228591.353,conflict-at-land,2,160,
228599.42,refuse,3,163,
228606.353,start,2,160,
228614.42,refuse,3,163,
228629.42,refuse,3,163,
228644.42,refuse,3,163,
228659.42,refuse,3,163,
228674.42,refuse,3,163,
228689.42,refuse,3,163,
228703.644,conflict-at-land,2,160,
228704.42,refuse,3,163,
228718.644,start,2,160,
228719.42,refuse,3,163,
228734.42,refuse,3,163,
228749.42,refuse,3,163,
228764.42,refuse,3,163,
228779.42,refuse,3,163,
228794.42,refuse,3,163,
228809.42,refuse,3,163,
228824.42,refuse,3,163,
228839.42,refuse,3,163,
228854.42,refuse,3,163,
228869.42,refuse,3,163,
228884.42,refuse,3,163,
228897.808,conflict-at-land,2,160,
228899.42,refuse,3,163,
228912.808,start,2,160,
228914.42,refuse,3,163,
228929.42,refuse,3,163,
228944.42,refuse,3,163,
228959.42,refuse,3,163,
228974.42,refuse,3,163,
228989.42,refuse,3,163,
229004.42,refuse,3,163,
229019.42,refuse,3,163,
229031.628,conflict-at-land,2,160,
229034.42,refuse,3,163,
229046.628,start,2,160,
229049.42,refuse,3,163,
229064.42,refuse,3,163,
229079.42,refuse,3,163,
229094.42,refuse,3,163,
229109.42,refuse,3,163,
229124.42,refuse,3,163,
229139.42,refuse,3,163,
229154.42,refuse,3,163,
229169.42,refuse,3,163,
229184.42,refuse,3,163,
229195.459,conflict-at-land,2,160,
229199.42,refuse,3,163,
229210.459,start,2,160,
229214.42,refuse,3,163,
229229.42,refuse,3,163,
229244.42,refuse,3,163,
229259.42,refuse,3,163,
229274.42,refuse,3,163,
229289.42,refuse,3,163,
229304.42,refuse,3,163,
229319.42,refuse,3,163,
229324.683,conflict-at-land,2,160,
229334.42,refuse,3,163,
229339.683,start,2,160,
229349.42,refuse,3,163,
229364.42,refuse,3,163,
229379.42,refuse,3,163,
229394.42,refuse,3,163,
229409.42,refuse,3,163,
229424.42,refuse,3,163,
229439.42,refuse,3,163,
229454.42,refuse,3,163,
229469.42,refuse,3,163,
229484.42,refuse,3,163,
229495.981,conflict-at-land,2,160,
229499.42,refuse,3,163,
229510.981,start,2,160,
229514.42,refuse,3,163,
229529.42,refuse,3,163,
229544.42,refuse,3,163,
229559.42,refuse,3,163,
229574.42,refuse,3,163,
229589.42,refuse,3,163,
229604.42,refuse,3,163,
229619.42,refuse,3,163,
229623.565,conflict-at-land,1,8,
229634.42,refuse,3,163,
229638.565,start,1,8,
229649.42,refuse,3,163,
229664.42,refuse,3,163,
229667.478,conflict-at-land,2,160,
229679.42,refuse,3,163,
229682.478,start,2,160,
229685.287,conflict-at-land,0,155,
229694.42,start,3,163,
229700.287,refuse,0,155,
229715.287,refuse,0,155,
229718.732,conflict-at-land,3,163,
229730.287,start,0,155,
229733.732,refuse,3,163,
229748.732,refuse,3,163,
229763.732,refuse,3,163,
229778.732,refuse,3,163,
229793.732,refuse,3,163,
229808.732,refuse,3,163,
229823.732,refuse,3,163,
229838.732,refuse,3,163,
229842.942,conflict-at-land,2,160,
229853.732,refuse,3,163,
229857.942,start,2,160,
229868.732,refuse,3,163,
229883.732,refuse,3,163,
229898.732,refuse,3,163,
229913.732,refuse,3,163,
229928.732,refuse,3,163,
229943.732,refuse,3,163,
229958.732,refuse,3,163,
229973.732,refuse,3,163,
229985.846,conflict-at-land,2,160,
229988.732,refuse,3,163,
230000.846,start,2,160,
230003.732,refuse,3,163,
230018.732,refuse,3,163,
230033.732,refuse,3,163,
230048.732,refuse,3,163,
230063.732,refuse,3,163,
230078.732,refuse,3,163,
230093.732,refuse,3,163,
230105.142,conflict-at-land,2,160,
230108.732,refuse,3,163,
230120.142,start,2,160,
230123.732,refuse,3,163,
230138.732,refuse,3,163,
230153.732,refuse,3,163,
230168.732,refuse,3,163,
230183.732,refuse,3,163,
230198.732,refuse,3,163,
230198.732,abandon,3,163,
230198.732,start,3,164,
230203.367,conflict-at-land,3,164,
230218.367,start,3,164,
230222.606,conflict-at-land,2,160,
230223.979,conflict-at-land,3,164,
230237.606,start,2,160,
230238.979,start,3,164,
230246.431,conflict-at-land,3,164,
230261.431,start,3,164,
230268.482,conflict-at-land,3,164,
230283.482,start,3,164,
230291.017,conflict-at-land,3,164,
230306.017,start,3,164,
230310.857,conflict-at-land,3,164,
230325.857,start,3,164,
230330.238,conflict-at-land,3,164,
230345.238,start,3,164,
230351.439,conflict-at-land,3,164,
230366.439,start,3,164,
230371.889,conflict-at-land,2,160,
230372.174,conflict-at-land,3,164,
230386.889,start,2,160,
230387.174,start,3,164,
230394.487,conflict-at-land,3,164,
230409.487,start,3,164,
230416.281,conflict-at-land,3,164,
230431.281,start,3,164,
230437.876,conflict-at-land,3,164,
230452.876,start,3,164,
230457.197,conflict-at-land,3,164,
230472.197,start,3,164,
230479.111,conflict-at-land,3,164,
230494.111,start,3,164,
230498.492,conflict-at-land,3,164,
230513.492,start,3,164,
230520.811,conflict-at-land,3,164,
230535.81,conflict-at-land,2,160,
230535.811,start,3,164,
230541.14,conflict-at-land,3,164,
230550.81,start,2,160,
230556.14,start,3,164,
230561.746,conflict-at-land,3,164,
230576.746,start,3,164,
230584.365,conflict-at-land,3,164,
230599.365,start,3,164,
230604.66,conflict-at-land,3,164,
230619.66,start,3,164,
230626.595,conflict-at-land,3,164,
230641.595,start,3,164,
230649.386,conflict-at-land,3,164,
230664.386,start,3,164,
230668.94,conflict-at-land,3,164,
230673.326,conflict-at-land,2,160,
230683.94,start,3,164,
230688.326,start,2,160,
230690.005,conflict-at-land,3,164,
230705.005,start,3,164,
230709.651,conflict-at-land,3,164,
230724.651,start,3,164,
230729.811,conflict-at-land,3,164,
230744.811,start,3,164,
230752.585,conflict-at-land,3,164,
230767.585,start,3,164,
230774.645,conflict-at-land,3,164,
230789.645,start,3,164,
230790.557,conflict-at-land,2,160,
230793.854,conflict-at-land,3,164,
230805.557,start,2,160,
230808.854,start,3,164,
230814.981,conflict-at-land,3,164,
230829.981,start,3,164,
230834.21,conflict-at-land,3,164,
230849.21,start,3,164,
230855.613,conflict-at-land,3,164,
230870.613,start,3,164,
230876.128,conflict-at-land,3,164,
230891.128,start,3,164,
230897.458,conflict-at-land,3,164,
230912.458,start,3,164,
230920.212,conflict-at-land,3,164,
230935.212,start,3,164,
230939.883,conflict-at-land,3,164,
230954.883,start,3,164,
230960.204,conflict-at-land,3,164,
230975.204,start,3,164,
230978.162,conflict-at-land,2,160,
230981.287,conflict-at-land,3,164,
230993.162,start,2,160,
230996.287,start,3,164,
231001.174,conflict-at-land,3,164,
231016.174,start,3,164,
231023.488,conflict-at-land,3,164,
231038.488,start,3,164,
231044.043,conflict-at-land,3,164,
231059.043,start,3,164,
231063.297,conflict-at-land,3,164,
231078.297,start,3,164,
231086.051,conflict-at-land,3,164,
231101.051,start,3,164,
231106.534,conflict-at-land,3,164,
231121.534,start,3,164,
231126.264,conflict-at-land,3,164,
231141.264,start,3,164,
231147.602,conflict-at-land,3,164,
231150.24,conflict-at-land,2,160,
231162.602,start,3,164,
231165.24,start,2,160,
231169.549,conflict-at-land,3,164,
231184.549,start,3,164,
231189.77,conflict-at-land,3,164,
231204.77,start,3,164,
231211.164,conflict-at-land,3,164,
231226.164,start,3,164,
231232.887,conflict-at-land,3,164,
231247.887,start,3,164,
231254.056,conflict-at-land,3,164,
231269.056,start,3,164,
231275.685,conflict-at-land,3,164,
231289.909,conflict-at-land,2,160,
231290.685,start,3,164,
231297.664,conflict-at-land,3,164,
231304.909,start,2,160,
231312.664,start,3,164,
231320.252,conflict-at-land,3,164,
231335.252,start,3,164,
231342.234,conflict-at-land,3,164,
231357.234,start,3,164,
231363.298,conflict-at-land,3,164,
231378.298,start,3,164,
231382.766,conflict-at-land,3,164,
231397.766,start,3,164,
231403.092,conflict-at-land,3,164,
231415.25,conflict-at-land,2,160,
231418.092,start,3,164,
231424.491,conflict-at-land,3,164,
231430.25,start,2,160,
231439.491,start,3,164,
231444.439,conflict-at-land,3,164,
231459.439,start,3,164,
231466.378,conflict-at-land,3,164,
231481.378,start,3,164,
231485.737,conflict-at-land,3,164,
231500.737,start,3,164,
231508.237,conflict-at-land,3,164,
231523.237,start,3,164,
231528.317,conflict-at-land,3,164,
231543.317,start,3,164,
231550.793,conflict-at-land,3,164,
231565.793,start,3,164,
231572.097,conflict-at-land,3,164,
231575.482,conflict-at-land,2,160,
231587.097,start,3,164,
231590.482,start,2,160,
231591.896,conflict-at-land,3,164,
231606.896,start,3,164,
231612.059,conflict-at-land,3,164,
231627.059,start,3,164,
231631.442,conflict-at-land,3,164,
231646.442,start,3,164,
231652.063,conflict-at-land,3,164,
231667.063,start,3,164,
231673.097,conflict-at-land,3,164,
231688.097,start,3,164,
231692.622,conflict-at-land,3,164,
231703.863,conflict-at-land,2,160,
231707.622,start,3,164,
231713.065,conflict-at-land,3,164,
231718.863,start,2,160,
231728.065,start,3,164,
231735.151,conflict-at-land,3,164,
231750.151,start,3,164,
231757.125,conflict-at-land,3,164,
231772.125,start,3,164,
231776.522,conflict-at-land,3,164,
231791.522,start,3,164,
231797.072,conflict-at-land,3,164,
231812.072,start,3,164,
231817.463,conflict-at-land,3,164,
231821.793,conflict-at-land,0,155,
231832.463,start,3,164,
231836.793,start,0,155,
231837.689,conflict-at-land,3,164,
231852.689,start,3,164,
231858.958,conflict-at-land,3,164,
231870.046,conflict-at-land,2,160,
231873.958,start,3,164,
231880.474,conflict-at-land,3,164,
231885.046,start,2,160,
231895.474,start,3,164,
231900.95,conflict-at-land,3,164,
231915.95,start,3,164,
231923.294,conflict-at-land,3,164,
231938.294,start,3,164,
231944.92,conflict-at-land,3,164,
231959.92,start,3,164,
231967.076,conflict-at-land,3,164,
231982.076,start,3,164,
231988.343,conflict-at-land,3,164,
232003.032,conflict-at-land,2,160,
232003.343,start,3,164,
232007.737,conflict-at-land,3,164,
232018.032,start,2,160,
232022.737,start,3,164,
232027.476,conflict-at-land,3,164,
232042.476,start,3,164,
232047.46,conflict-at-land,3,164,
232062.46,start,3,164,
232068.092,conflict-at-land,3,164,
232083.092,start,3,164,
232089.544,conflict-at-land,3,164,
232104.544,start,3,164,
232110.894,conflict-at-land,3,164,
232125.894,start,3,164,
232131.895,conflict-at-land,3,164,
232146.895,start,3,164,
232153.626,conflict-at-land,3,164,
232168.626,start,3,164,
232173.096,conflict-at-land,3,164,
232188.096,start,3,164,
232193.016,conflict-at-land,3,164,
232193.613,conflict-at-land,2,160,
232208.016,start,3,164,
232208.613,start,2,160,
232213.334,conflict-at-land,3,164,
232228.334,start,3,164,
232234.357,conflict-at-land,3,164,
232249.357,start,3,164,
232254.369,conflict-at-land,3,164,
232269.369,start,3,164,
232276.137,conflict-at-land,3,164,
232291.137,start,3,164,
232296.542,conflict-at-land,3,164,
232311.542,start,3,164,
232318.629,conflict-at-land,3,164,
232333.629,start,3,164,
232338.421,conflict-at-land,3,164,
232353.421,start,3,164,
232357.701,conflict-at-land,3,164,
232367.34,conflict-at-land,2,160,
232372.701,start,3,164,
232379.713,conflict-at-land,3,164,
232382.34,start,2,160,
232394.713,start,3,164,
232401.991,conflict-at-land,3,164,
232416.991,start,3,164,
232423.352,conflict-at-land,3,164,
232438.352,start,3,164,
232444.151,conflict-at-land,3,164,
232459.151,start,3,164,
232463.576,conflict-at-land,3,164,
232478.576,start,3,164,
232485.61,conflict-at-land,3,164,
232490.343,conflict-at-land,2,160,
232500.61,start,3,164,
232504.882,conflict-at-land,3,164,
232505.343,start,2,160,
232519.882,start,3,164,
232525.32,conflict-at-land,3,164,
232540.32,start,3,164,
232546.796,conflict-at-land,3,164,
232561.796,start,3,164,
232566.297,conflict-at-land,3,164,
232581.297,start,3,164,
232587.363,conflict-at-land,3,164,
232602.363,start,3,164,
232608.087,conflict-at-land,3,164,
232623.087,start,3,164,
232627.449,conflict-at-land,3,164,
232642.449,start,3,164,
232646.693,conflict-at-land,3,164,
232653.162,conflict-at-land,2,160,
232661.693,start,3,164,
232666.684,conflict-at-land,3,164,
232668.162,start,2,160,
232681.684,start,3,164,
232685.999,conflict-at-land,3,164,
232700.999,start,3,164,
232705.58,conflict-at-land,3,164,
232720.58,start,3,164,
232725.308,conflict-at-land,3,164,
232740.308,start,3,164,
232746.615,conflict-at-land,3,164,
232761.615,start,3,164,
232769.21,conflict-at-land,3,164,
232784.21,start,3,164,
232789.083,conflict-at-land,3,164,
232804.083,start,3,164,
232810.046,conflict-at-land,3,164,
232810.403,conflict-at-land,2,160,
232825.046,start,3,164,
232825.403,start,2,160,
232829.715,conflict-at-land,3,164,
232844.715,start,3,164,
232849.54,conflict-at-land,3,164,
232864.54,start,3,164,
232871.085,conflict-at-land,3,164,
232886.085,start,3,164,
232892.211,conflict-at-land,3,164,
232907.211,start,3,164,
232914.707,conflict-at-land,3,164,
232929.707,start,3,164,
232936.317,conflict-at-land,3,164,
232939.124,conflict-at-land,2,160,
232951.317,start,3,164,
232954.124,start,2,160,
232955.755,conflict-at-land,3,164,
232970.755,start,3,164,
232976.32,conflict-at-land,3,164,
232991.32,start,3,164,
232998.492,conflict-at-land,3,164,
233013.492,start,3,164,
233021.191,conflict-at-land,3,164,
233036.191,start,3,164,
233042.111,conflict-at-land,3,164,
233057.111,start,3,164,
233064.147,conflict-at-land,3,164,
233079.147,start,3,164,
233086.147,conflict-at-land,3,164,
233101.147,start,3,164,
233105.564,conflict-at-land,3,164,
233120.564,start,3,164,
233127.02,conflict-at-land,3,164,
233129.817,conflict-at-land,2,160,
233142.02,start,3,164,
233144.817,start,2,160,
233149.067,conflict-at-land,3,164,
233164.067,start,3,164,
233168.357,conflict-at-land,3,164,
233183.357,start,3,164,
233189.476,conflict-at-land,3,164,
233204.476,start,3,164,
233210.229,conflict-at-land,3,164,
233225.229,start,3,164,
233232.78,conflict-at-land,3,164,
233247.78,start,3,164,
233252.268,conflict-at-land,3,164,
233267.268,start,3,164,
233272.66,conflict-at-land,3,164,
233287.66,start,3,164,
233293.437,conflict-at-land,3,164,
233308.437,start,3,164,
233310.687,conflict-at-land,2,160,
233314.589,conflict-at-land,3,164,
233325.687,start,2,160,
233329.589,start,3,164,
233334.488,conflict-at-land,3,164,
233349.488,start,3,164,
233356.263,conflict-at-land,3,164,
233371.263,start,3,164,
233378.828,conflict-at-land,3,164,
233393.828,start,3,164,
233399.225,conflict-at-land,3,164,
233414.225,start,3,164,
233420.541,conflict-at-land,3,164,
233435.541,start,3,164,
233441.153,conflict-at-land,3,164,
233443.096,conflict-at-land,2,160,
233456.153,start,3,164,
233458.096,start,2,160,
233461.072,conflict-at-land,3,164,
233476.072,start,3,164,
233482.655,conflict-at-land,3,164,
233497.655,start,3,164,
233505.45,conflict-at-land,3,164,
233520.45,start,3,164,
233527.974,conflict-at-land,3,164,
233542.974,start,3,164,
233548.951,conflict-at-land,3,164,
233563.951,start,3,164,
233570.656,conflict-at-land,3,164,
233585.656,start,3,164,
233592.095,conflict-at-land,3,164,
233607.095,start,3,164,
233614.8,conflict-at-land,3,164,
233629.8,start,3,164,
233634.175,conflict-at-land,3,164,
233635.252,conflict-at-land,2,160,
233649.175,start,3,164,
233650.252,start,2,160,
233655.237,conflict-at-land,3,164,
233670.237,start,3,164,
233675.9,conflict-at-land,3,164,
233690.9,start,3,164,
233695.251,conflict-at-land,3,164,
233710.251,start,3,164,
233715.852,conflict-at-land,3,164,
233730.852,start,3,164,
233737.196,conflict-at-land,3,164,
233752.196,start,3,164,
233759.834,conflict-at-land,3,164,
233774.834,start,3,164,
233779.672,conflict-at-land,3,164,
233794.672,start,3,164,
233799.698,conflict-at-land,3,164,
233814.698,start,3,164,
233818.666,conflict-at-land,2,160,
233819.939,conflict-at-land,3,164,
233833.666,start,2,160,
233834.939,start,3,164,
233840.622,conflict-at-land,3,164,
233855.622,start,3,164,
233862.896,conflict-at-land,3,164,
233877.896,start,3,164,
233883.851,conflict-at-land,3,164,
233898.851,start,3,164,
233904.089,conflict-at-land,3,164,
233919.089,start,3,164,
233926.682,conflict-at-land,3,164,
233941.682,start,3,164,
233945.419,conflict-at-land,2,160,
233947.556,conflict-at-land,3,164,
233960.419,start,2,160,
233962.556,start,3,164,
233969.542,conflict-at-land,3,164,
233984.542,start,3,164,
233989.289,conflict-at-land,3,164,
234004.289,start,3,164,
234010.853,conflict-at-land,3,164,
234025.853,start,3,164,
234030.245,conflict-at-land,3,164,
234045.245,start,3,164,
234051.453,conflict-at-land,3,164,
234066.453,start,3,164,
234071.734,conflict-at-land,2,160,
234073.374,conflict-at-land,3,164,
234086.734,start,2,160,
234088.374,start,3,164,
234093.862,conflict-at-land,3,164,
234098.841,conflict-at-land,0,155,
234108.862,start,3,164,
234113.841,start,0,155,
234115.676,conflict-at-land,3,164,
234130.676,start,3,164,
234137.665,conflict-at-land,3,164,
234152.665,start,3,164,
234158.424,conflict-at-land,3,164,
234173.424,start,3,164,
234181.007,conflict-at-land,3,164,
234196.007,start,3,164,
234202.071,conflict-at-land,3,164,
234205.673,conflict-at-land,2,160,
234217.071,start,3,164,
234220.673,start,2,160,
234222.742,conflict-at-land,3,164,
234237.742,start,3,164,
234244.613,conflict-at-land,3,164,
234259.613,start,3,164,
234265.432,conflict-at-land,3,164,
234280.432,start,3,164,
234287.412,conflict-at-land,3,164,
234302.412,start,3,164,
234310.001,conflict-at-land,3,164,
234325.001,start,3,164,
234327.575,conflict-at-land,2,160,
234330.328,conflict-at-land,3,164,
234342.575,start,2,160,
234345.328,start,3,164,
234352.12,conflict-at-land,3,164,
234367.12,start,3,164,
234374.525,conflict-at-land,3,164,
234389.525,start,3,164,
234397.052,conflict-at-land,3,164,
234397.052,abandon,3,164,
234397.052,start,3,165,
234402.593,conflict-at-land,3,165,
234417.593,start,3,165,
234422.679,conflict-at-land,3,165,
234437.679,start,3,165,
234444.175,conflict-at-land,3,165,
234459.175,start,3,165,
234466.309,conflict-at-land,3,165,
234471.632,conflict-at-land,2,160,
234481.309,start,3,165,
234486.632,start,2,160,
234488.615,conflict-at-land,3,165,
234503.615,start,3,165,
234509.306,conflict-at-land,3,165,
234524.306,start,3,165,
234530.479,conflict-at-land,3,165,
234545.479,start,3,165,
234550.571,conflict-at-land,3,165,
234565.571,start,3,165,
234570.02,conflict-at-land,3,165,
234585.02,start,3,165,
234591.111,conflict-at-land,3,165,
234604.467,conflict-at-land,2,160,
234606.111,start,3,165,
234611.234,conflict-at-land,3,165,
234619.467,start,2,160,
234626.234,start,3,165,
234631.555,conflict-at-land,3,165,
234646.555,start,3,165,
234652.597,conflict-at-land,3,165,
234667.597,start,3,165,
234675.106,conflict-at-land,3,165,
234690.106,start,3,165,
234694.682,conflict-at-land,3,165,
234709.682,start,3,165,
234714.957,conflict-at-land,3,165,
234729.957,start,3,165,
234734.242,conflict-at-land,3,165,
234749.242,start,3,165,
234755.724,conflict-at-land,3,165,
234762.766,conflict-at-land,2,160,
234770.724,start,3,165,
234777.766,start,2,160,
234777.992,conflict-at-land,3,165,
234792.992,start,3,165,
234800.709,conflict-at-land,3,165,
234815.709,start,3,165,
234820.616,conflict-at-land,3,165,
234835.616,start,3,165,
234840.266,conflict-at-land,3,165,
234855.266,start,3,165,
234861.779,conflict-at-land,3,165,
234876.779,start,3,165,
234883.627,conflict-at-land,3,165,
234898.627,start,3,165,
234905.967,conflict-at-land,3,165,
234920.967,start,3,165,
234927.583,conflict-at-land,3,165,
234942.583,start,3,165,
234944.514,conflict-at-land,2,160,
234947.432,conflict-at-land,3,165,
234959.514,start,2,160,
234962.432,start,3,165,
234968.616,conflict-at-land,3,165,
234983.616,start,3,165,
234990.515,conflict-at-land,3,165,
235005.515,start,3,165,
235012.772,conflict-at-land,3,165,
235027.772,start,3,165,
235035.307,conflict-at-land,3,165,
235050.307,start,3,165,
235057.838,conflict-at-land,3,165,
235072.838,start,3,165,
235079.392,conflict-at-land,3,165,
235090.798,conflict-at-land,2,160,
235094.392,start,3,165,
235100.935,conflict-at-land,3,165,
235105.798,start,2,160,
235115.935,start,3,165,
235122.671,conflict-at-land,3,165,
235137.671,start,3,165,
235143.206,conflict-at-land,3,165,
235158.206,start,3,165,
235165.63,conflict-at-land,3,165,
235180.63,start,3,165,
235185.894,conflict-at-land,3,165,
235200.894,start,3,165,
235206.982,conflict-at-land,3,165,
235221.982,start,3,165,
235227.4,conflict-at-land,3,165,
235237.268,conflict-at-land,2,160,
235242.4,start,3,165,
235248.473,conflict-at-land,3,165,
235252.268,start,2,160,
235263.473,start,3,165,
235268.588,conflict-at-land,3,165,
235283.588,start,3,165,
235289.435,conflict-at-land,3,165,
235304.435,start,3,165,
235310.628,conflict-at-land,3,165,
235325.628,start,3,165,
235332.283,conflict-at-land,3,165,
235347.283,start,3,165,
235353.629,conflict-at-land,3,165,
235368.629,start,3,165,
235375.434,conflict-at-land,3,165,
235390.434,start,3,165,
235395.017,conflict-at-land,3,165,
235404.219,conflict-at-land,2,160,
235410.017,start,3,165,
235415.804,conflict-at-land,3,165,
235419.219,start,2,160,
235430.804,start,3,165,
235438.068,conflict-at-land,3,165,
235453.068,start,3,165,
235459.568,conflict-at-land,3,165,
235474.568,start,3,165,
235479.526,conflict-at-land,3,165,
235494.526,start,3,165,
235499.641,conflict-at-land,3,165,
235514.641,start,3,165,
235519.315,conflict-at-land,3,165,
235534.315,start,3,165,
235539.233,conflict-at-land,3,165,
235554.233,start,3,165,
235557.145,conflict-at-land,2,160,
235559.387,conflict-at-land,3,165,
235572.145,start,2,160,
235574.387,start,3,165,
235580.057,conflict-at-land,3,165,
235595.057,start,3,165,
235602.432,conflict-at-land,3,165,
235617.432,start,3,165,
235623.457,conflict-at-land,3,165,
235638.457,start,3,165,
235645.534,conflict-at-land,3,165,
235660.534,start,3,165,
235667.103,conflict-at-land,3,165,
235682.103,start,3,165,
235689.571,conflict-at-land,3,165,
235704.571,start,3,165,
235710.069,conflict-at-land,3,165,
235724.73,conflict-at-land,2,160,
235725.069,start,3,165,
235730.44,conflict-at-land,3,165,
235739.73,start,2,160,
235745.44,start,3,165,
235751.957,conflict-at-land,3,165,
235766.957,start,3,165,
235772.717,conflict-at-land,3,165,
235787.717,start,3,165,
235794.894,conflict-at-land,3,165,
235809.894,start,3,165,
235814.889,conflict-at-land,3,165,
235829.889,start,3,165,
235834.826,conflict-at-land,3,165,
235849.826,start,3,165,
235856.116,conflict-at-land,3,165,
235871.116,start,3,165,
235878.203,conflict-at-land,3,165,
235893.203,start,3,165,
235898.861,conflict-at-land,3,165,
235907.299,conflict-at-land,2,160,
235913.861,start,3,165,
235918.072,conflict-at-land,3,165,
235922.299,start,2,160,
235933.072,start,3,165,
235940.501,conflict-at-land,3,165,
235955.501,start,3,165,
235961.869,conflict-at-land,3,165,
235976.869,start,3,165,
235981.134,conflict-at-land,3,165,
235996.134,start,3,165,
236001.529,conflict-at-land,3,165,
236016.529,start,3,165,
236024.315,conflict-at-land,3,165,
236039.315,start,3,165,
236044.577,conflict-at-land,3,165,
236059.577,start,3,165,
236066.258,conflict-at-land,3,165,
236067.279,conflict-at-land,2,160,
236081.258,start,3,165,
236082.279,start,2,160,
236086.026,conflict-at-land,3,165,
236101.026,start,3,165,
236107.028,conflict-at-land,3,165,
236122.028,start,3,165,
236126.403,conflict-at-land,3,165,
236131.875,conflict-at-land,0,155,
236141.403,start,3,165,
236146.875,start,0,155,
236149.187,conflict-at-land,3,165,
236164.187,start,3,165,
236170.152,conflict-at-land,3,165,
236185.152,start,3,165,
236190.302,conflict-at-land,3,165,
236205.302,start,3,165,
236211.973,conflict-at-land,3,165,
236226.973,start,3,165,
236231.931,conflict-at-land,2,160,
236231.948,conflict-at-land,3,165,
236246.931,start,2,160,
236246.948,start,3,165,
236254.241,conflict-at-land,3,165,
236269.241,start,3,165,
236276.99,conflict-at-land,3,165,
236291.99,start,3,165,
236296.935,conflict-at-land,3,165,
236311.935,start,3,165,
236319.356,conflict-at-land,3,165,
236334.356,start,3,165,
236338.792,conflict-at-land,3,165,
236352.003,conflict-at-land,2,160,
236353.792,start,3,165,
236361.443,conflict-at-land,3,165,
236367.003,start,2,160,
236376.443,start,3,165,
236381.257,conflict-at-land,3,165,
236396.257,start,3,165,
236403.074,conflict-at-land,3,165,
236418.074,start,3,165,
236424.267,conflict-at-land,3,165,
236439.267,start,3,165,
236445.108,conflict-at-land,3,165,
236460.108,start,3,165,
236467.104,conflict-at-land,3,165,
236473.271,conflict-at-land,2,160,
236482.104,start,3,165,
236488.271,start,2,160,
236489.772,conflict-at-land,3,165,
236504.772,start,3,165,
236509.727,conflict-at-land,3,165,
236524.727,start,3,165,
236531.937,conflict-at-land,3,165,
236546.937,start,3,165,
236554.606,conflict-at-land,3,165,
236569.606,start,3,165,
236576.517,conflict-at-land,3,165,
236591.517,start,3,165,
236597.977,conflict-at-land,3,165,
236612.977,start,3,165,
236620.766,conflict-at-land,3,165,
236635.766,start,3,165,
236641.495,conflict-at-land,3,165,
236651.716,conflict-at-land,2,160,
236656.495,start,3,165,
236664.05,conflict-at-land,3,165,
236666.716,start,2,160,
236679.05,start,3,165,
236685.972,conflict-at-land,3,165,
236700.972,start,3,165,
236706.819,conflict-at-land,3,165,
236721.819,start,3,165,
236727.189,conflict-at-land,3,165,
236742.189,start,3,165,
236749.375,conflict-at-land,3,165,
236764.375,start,3,165,
236769.789,conflict-at-land,3,165,
236784.789,start,3,165,
236789.427,conflict-at-land,3,165,
236804.427,start,3,165,
236809.408,conflict-at-land,3,165,
236824.408,start,3,165,
236827.602,conflict-at-land,2,160,
236831.24,conflict-at-land,3,165,
236842.602,start,2,160,
236846.24,start,3,165,
236850.733,conflict-at-land,3,165,
236865.733,start,3,165,
236872.418,conflict-at-land,3,165,
236887.418,start,3,165,
236893.249,conflict-at-land,3,165,
236908.249,start,3,165,
236912.721,conflict-at-land,3,165,
236927.721,start,3,165,
236932.32,conflict-at-land,3,165,
236942.996,conflict-at-land,2,160,
236947.32,start,3,165,
236953.154,conflict-at-land,3,165,
236957.996,start,2,160,
236968.154,start,3,165,
236972.654,conflict-at-land,3,165,
236987.654,start,3,165,
236995.176,conflict-at-land,3,165,
237010.176,start,3,165,
237014.384,conflict-at-land,3,165,
237029.384,start,3,165,
237037.029,conflict-at-land,3,165,
237052.029,start,3,165,
237057.32,conflict-at-land,3,165,
237072.32,start,3,165,
237078.038,conflict-at-land,3,165,
237093.038,start,3,165,
237099.032,conflict-at-land,3,165,
237114.032,start,3,165,
237119.681,conflict-at-land,3,165,
237122.84,conflict-at-land,2,160,
237134.681,start,3,165,
237137.84,start,2,160,
237139.904,conflict-at-land,3,165,
237154.904,start,3,165,
237160.895,conflict-at-land,3,165,
237175.895,start,3,165,
237182.135,conflict-at-land,3,165,
237197.135,start,3,165,
237202.722,conflict-at-land,3,165,
237217.722,start,3,165,
237222.58,conflict-at-land,3,165,
237237.58,start,3,165,
237243.947,conflict-at-land,3,165,
237258.947,start,3,165,
237263.264,conflict-at-land,3,165,
237273.167,conflict-at-land,2,160,
237278.264,start,3,165,
237282.871,conflict-at-land,3,165,
237288.167,start,2,160,
237297.871,start,3,165,
237303.965,conflict-at-land,3,165,
237318.965,start,3,165,
237323.452,conflict-at-land,3,165,
237338.452,start,3,165,
237346.071,conflict-at-land,3,165,
237361.071,start,3,165,
237367.848,conflict-at-land,3,165,
237382.848,start,3,165,
237388.781,conflict-at-land,3,165,
237403.781,start,3,165,
237410.029,conflict-at-land,3,165,
237412.658,conflict-at-land,2,160,
237425.029,start,3,165,
237427.658,start,2,160,
237430.44,conflict-at-land,3,165,
237445.44,start,3,165,
237452.883,conflict-at-land,3,165,
237467.883,start,3,165,
237473.911,conflict-at-land,3,165,
237488.911,start,3,165,
237496.355,conflict-at-land,3,165,
237511.355,start,3,165,
237516.929,conflict-at-land,3,165,
237526.2,conflict-at-land,2,160,
237531.929,start,3,165,
237536.87,conflict-at-land,3,165,
237541.2,start,2,160,
237551.87,start,3,165,
237559.605,conflict-at-land,3,165,
237574.605,start,3,165,
237579.387,conflict-at-land,3,165,
237594.387,start,3,165,
237600.61,conflict-at-land,3,165,
237604.269,conflict-at-land,0,155,
237615.61,start,3,165,
237619.269,start,0,155,
237619.975,conflict-at-land,3,165,
237634.975,start,3,165,
237640.779,conflict-at-land,3,165,
237655.779,start,3,165,
237661.295,conflict-at-land,3,165,
237676.295,start,3,165,
237683.77,conflict-at-land,3,165,
237692.635,conflict-at-land,2,160,
237698.77,start,3,165,
237704.694,conflict-at-land,3,165,
237707.635,start,2,160,
237719.694,start,3,165,
237726.727,conflict-at-land,3,165,
237741.727,start,3,165,
237749.265,conflict-at-land,3,165,
237764.265,start,3,165,
237769.057,conflict-at-land,3,165,
237784.057,start,3,165,
237788.775,conflict-at-land,3,165,
237803.775,start,3,165,
237811.497,conflict-at-land,3,165,
237826.497,start,3,165,
237833.222,conflict-at-land,3,165,
237839.14,conflict-at-land,2,160,
237848.222,start,3,165,
237854.14,start,2,160,
237855.186,conflict-at-land,3,165,
237870.186,start,3,165,
237877.807,conflict-at-land,3,165,
237892.807,start,3,165,
237899.138,conflict-at-land,3,165,
237914.138,start,3,165,
237919.054,conflict-at-land,3,165,
237934.054,start,3,165,
237940.755,conflict-at-land,3,165,
237955.755,start,3,165,
237961.359,conflict-at-land,3,165,
237976.359,start,3,165,
237982.884,conflict-at-land,3,165,
237997.884,start,3,165,
238003.746,conflict-at-land,3,165,
238018.746,start,3,165,
238024.627,conflict-at-land,3,165,
238031.677,conflict-at-land,2,160,
238039.627,start,3,165,
238045.811,conflict-at-land,3,165,
238046.677,start,2,160,
238060.811,start,3,165,
238066.512,conflict-at-land,3,165,
238081.512,start,3,165,
238088.395,conflict-at-land,3,165,
238103.395,start,3,165,
238107.651,conflict-at-land,3,165,
238122.651,start,3,165,
238127.157,conflict-at-land,3,165,
238142.157,start,3,165,
238148.652,conflict-at-land,3,165,
238163.652,start,3,165,
238168.896,conflict-at-land,3,165,
238183.896,start,3,165,
238191.305,conflict-at-land,3,165,
238203.78,conflict-at-land,2,160,
238206.305,start,3,165,
238212.069,conflict-at-land,3,165,
238218.78,start,2,160,
238227.069,start,3,165,
238232.213,conflict-at-land,3,165,
238247.213,start,3,165,
238253.9,conflict-at-land,3,165,
238268.9,start,3,165,
238275.469,conflict-at-land,3,165,
238290.469,start,3,165,
238296.474,conflict-at-land,3,165,
238311.474,start,3,165,
238318.537,conflict-at-land,3,165,
238333.537,start,3,165,
238338.462,conflict-at-land,3,165,
238353.462,start,3,165,
238359.417,conflict-at-land,3,165,
238374.417,start,3,165,
238375.219,conflict-at-land,2,160,
238379.56,conflict-at-land,3,165,
238390.219,start,2,160,
238394.56,start,3,165,
238402.289,conflict-at-land,3,165,
238417.289,start,3,165,
238424.366,conflict-at-land,3,165,
238439.366,start,3,165,
238445.4,conflict-at-land,3,165,
238460.4,start,3,165,
238464.643,conflict-at-land,3,165,
238479.643,start,3,165,
238484.631,conflict-at-land,3,165,
238499.631,start,3,165,
238504.326,conflict-at-land,3,165,
238519.326,start,3,165,
238524.355,conflict-at-land,3,165,
238539.355,start,3,165,
238544.339,conflict-at-land,2,160,
238546.997,conflict-at-land,3,165,
238559.339,start,2,160,
238561.997,start,3,165,
238568.131,conflict-at-land,3,165,
238583.131,start,3,165,
238587.676,conflict-at-land,3,165,
238602.676,start,3,165,
238607.695,conflict-at-land,3,165,
238607.695,abandon,3,165,
238607.695,refuse,3,166,
238622.695,refuse,3,166,
238637.695,refuse,3,166,
238652.695,refuse,3,166,
238667.695,refuse,3,166,
238682.695,refuse,3,166,
238697.695,refuse,3,166,
238712.695,refuse,3,166,
238721.835,conflict-at-land,2,160,
238727.695,refuse,3,166,
238736.835,start,2,160,
238742.695,refuse,3,166,
238757.695,refuse,3,166,
238772.695,refuse,3,166,
238787.695,refuse,3,166,
238802.695,refuse,3,166,
238817.695,refuse,3,166,
238832.695,refuse,3,166,
238847.695,refuse,3,166,
238862.695,refuse,3,166,
238877.695,refuse,3,166,
238884.522,conflict-at-land,2,160,
238892.695,refuse,3,166,
238899.522,start,2,160,
238907.695,refuse,3,166,
238922.695,refuse,3,166,
238937.695,refuse,3,166,
238952.695,refuse,3,166,
238967.695,refuse,3,166,
238982.695,refuse,3,166,
238997.695,refuse,3,166,
239012.695,refuse,3,166,
239027.695,refuse,3,166,
239042.695,refuse,3,166,
239057.695,refuse,3,166,
239060.487,conflict-at-land,2,160,
239072.695,refuse,3,166,
239075.487,start,2,160,
239087.695,refuse,3,166,
239102.695,refuse,3,166,
239117.695,refuse,3,166,
239132.695,refuse,3,166,
239147.695,refuse,3,166,
239162.695,refuse,3,166,
239177.695,refuse,3,166,
239192.695,refuse,3,166,
239207.695,refuse,3,166,
239222.695,refuse,3,166,
239232.622,conflict-at-land,2,160,
239237.695,refuse,3,166,
239247.622,start,2,160,
239252.695,refuse,3,166,
239267.695,refuse,3,166,
239282.695,refuse,3,166,
239297.695,refuse,3,166,
239312.695,refuse,3,166,
239327.695,refuse,3,166,
239342.695,refuse,3,166,
239357.695,refuse,3,166,
239372.695,refuse,3,166,
239387.695,refuse,3,166,
239393.624,conflict-at-land,2,160,
239402.695,refuse,3,166,
239408.624,start,2,160,
239417.695,refuse,3,166,
239432.695,refuse,3,166,
239447.695,refuse,3,166,
239462.695,refuse,3,166,
239470.349,conflict-at-land,0,155,
239477.695,start,3,166,
239485.349,refuse,0,155,
239489.609,conflict-at-land,3,166,
239500.349,start,0,155,
239504.609,refuse,3,166,
239519.609,refuse,3,166,
239534.609,refuse,3,166,
239549.609,refuse,3,166,
239564.609,refuse,3,166,
239579.609,refuse,3,166,
239581.123,conflict-at-land,2,160,
239594.609,refuse,3,166,
239596.123,start,2,160,
239609.609,refuse,3,166,
239624.609,refuse,3,166,
239639.609,refuse,3,166,
239654.609,refuse,3,166,
239669.609,refuse,3,166,
239684.609,refuse,3,166,
239699.609,refuse,3,166,
239714.609,refuse,3,166,
239718.021,conflict-at-land,2,160,
239729.609,refuse,3,166,
239733.021,start,2,160,
239744.609,refuse,3,166,
239759.609,refuse,3,166,
239774.609,refuse,3,166,
239789.609,refuse,3,166,
239804.609,refuse,3,166,
239819.609,refuse,3,166,
239834.609,refuse,3,166,
239849.498,conflict-at-land,2,160,
239849.609,refuse,3,166,
239864.498,start,2,160,
239864.609,refuse,3,166,
239879.609,refuse,3,166,
239894.609,refuse,3,166,
239909.609,refuse,3,166,
239924.609,refuse,3,166,
239939.609,refuse,3,166,
239954.609,refuse,3,166,
239969.609,refuse,3,166,
239984.609,refuse,3,166,
239999.609,refuse,3,166,
240014.609,refuse,3,166,
240029.609,refuse,3,166,
240034.311,conflict-at-land,2,160,
240044.609,refuse,3,166,
240049.311,start,2,160,
240059.609,refuse,3,166,
240074.609,refuse,3,166,
240089.609,refuse,3,166,
240104.609,refuse,3,166,
240119.609,refuse,3,166,
240134.609,refuse,3,166,
240149.609,refuse,3,166,
240164.609,refuse,3,166,
240179.609,refuse,3,166,
240194.609,refuse,3,166,
240209.609,refuse,3,166,
240214.796,conflict-at-land,2,160,
240224.609,refuse,3,166,
240229.796,start,2,160,
240239.609,refuse,3,166,
240254.609,refuse,3,166,
240269.609,refuse,3,166,
240284.609,refuse,3,166,
240299.609,refuse,3,166,
240314.609,refuse,3,166,
240329.609,refuse,3,166,
240344.609,refuse,3,166,
240359.609,refuse,3,166,
240374.609,refuse,3,166,
240381.126,conflict-at-land,2,160,
240389.609,refuse,3,166,
240396.126,start,2,160,
240404.609,refuse,3,166,
240419.609,refuse,3,166,
240434.609,refuse,3,166,
240449.609,refuse,3,166,
240464.609,refuse,3,166,
240479.609,refuse,3,166,
240494.609,refuse,3,166,
240509.609,refuse,3,166,
240516.244,conflict-at-land,2,160,
240524.609,refuse,3,166,
240531.244,start,2,160,
240539.609,refuse,3,166,
240554.609,refuse,3,166,
240569.609,refuse,3,166,
240584.609,refuse,3,166,
240599.609,refuse,3,166,
240614.609,refuse,3,166,
240629.609,refuse,3,166,
240644.609,refuse,3,166,
240659.609,refuse,3,166,
240674.609,refuse,3,166,
240689.609,refuse,3,166,
240696.378,conflict-at-land,2,160,
240704.609,refuse,3,166,
240711.378,start,2,160,
240719.609,refuse,3,166,
240734.609,refuse,3,166,
240749.609,refuse,3,166,
240764.609,refuse,3,166,
240779.609,refuse,3,166,
240794.609,refuse,3,166,
240809.609,refuse,3,166,
240817.187,conflict-at-land,0,155,
240823.116,conflict-at-land,2,160,
240824.609,start,3,166,
240832.187,refuse,0,155,
240838.116,start,2,160,
240839.341,conflict-at-land,3,166,
240847.187,start,0,155,
240854.341,refuse,3,166,
240869.341,refuse,3,166,
240884.341,refuse,3,166,
240899.341,refuse,3,166,
240914.341,refuse,3,166,
240929.341,refuse,3,166,
240944.341,refuse,3,166,
240959.341,refuse,3,166,
240965.481,conflict-at-land,2,160,
240974.341,refuse,3,166,
240980.481,start,2,160,
240989.341,refuse,3,166,
241004.341,refuse,3,166,
241019.341,refuse,3,166,
241034.341,refuse,3,166,
241049.341,refuse,3,166,
241064.341,refuse,3,166,
241079.341,refuse,3,166,
241094.341,refuse,3,166,
241109.341,refuse,3,166,
241111.596,conflict-at-land,2,160,
241124.341,refuse,3,166,
241126.596,start,2,160,
241139.341,refuse,3,166,
241154.341,refuse,3,166,
241169.341,refuse,3,166,
241184.341,refuse,3,166,
241199.341,refuse,3,166,
241214.341,refuse,3,166,
241229.341,refuse,3,166,
241244.341,refuse,3,166,
241259.341,refuse,3,166,
241274.341,refuse,3,166,
241289.341,refuse,3,166,
241291.307,conflict-at-land,2,160,
241304.341,refuse,3,166,
241306.307,start,2,160,
241319.341,refuse,3,166,
241334.341,refuse,3,166,
241349.341,refuse,3,166,
241364.341,refuse,3,166,
241379.341,refuse,3,166,
241394.341,refuse,3,166,
241409.341,refuse,3,166,
241424.341,refuse,3,166,
241439.341,refuse,3,166,
241454.341,refuse,3,166,
241462.334,conflict-at-land,2,160,
241469.341,refuse,3,166,
241477.334,start,2,160,
241484.341,refuse,3,166,
241499.341,refuse,3,166,
241514.341,refuse,3,166,
241529.341,refuse,3,166,
241544.341,refuse,3,166,
241559.341,refuse,3,166,
241574.341,refuse,3,166,
241589.341,refuse,3,166,
241604.341,refuse,3,166,
241619.341,refuse,3,166,
241634.341,refuse,3,166,
241634.341,abandon,3,166,
241634.341,refuse,3,167,
241646.398,conflict-at-land,2,160,
241649.341,refuse,3,167,
241661.398,start,2,160,
241664.341,refuse,3,167,
241679.341,refuse,3,167,
241694.341,refuse,3,167,
241709.341,refuse,3,167,
241724.341,refuse,3,167,
241739.341,refuse,3,167,
241754.341,refuse,3,167,
241759.909,conflict-at-land,2,160,
241769.341,refuse,3,167,
241774.909,start,2,160,
241784.341,refuse,3,167,
241799.341,refuse,3,167,
241814.341,refuse,3,167,
241829.341,refuse,3,167,
241844.341,refuse,3,167,
241859.341,refuse,3,167,
241874.341,refuse,3,167,
241889.341,refuse,3,167,
241904.341,refuse,3,167,
241919.341,refuse,3,167,
241934.341,refuse,3,167,
241949.341,refuse,3,167,
241952.718,conflict-at-land,2,160,
241964.341,refuse,3,167,
241967.718,start,2,160,
241979.341,refuse,3,167,
241994.341,refuse,3,167,
242009.341,refuse,3,167,
242024.341,refuse,3,167,
242039.341,refuse,3,167,
242054.341,refuse,3,167,
242069.341,refuse,3,167,
242084.341,refuse,3,167,
242097.044,conflict-at-land,2,160,
242099.341,refuse,3,167,
242112.044,start,2,160,
242114.341,refuse,3,167,
242129.341,refuse,3,167,
242144.341,refuse,3,167,
242159.341,refuse,3,167,
242174.341,refuse,3,167,
242189.341,refuse,3,167,
242204.341,refuse,3,167,
242219.341,refuse,3,167,
242234.341,refuse,3,167,
242249.341,refuse,3,167,
242264.341,refuse,3,167,
242279.341,refuse,3,167,
242288.146,conflict-at-land,2,160,
242294.341,refuse,3,167,
242303.146,start,2,160,
242309.341,refuse,3,167,
242324.341,refuse,3,167,
242339.341,refuse,3,167,
242354.341,refuse,3,167,
242369.341,refuse,3,167,
242374.507,conflict-at-land,0,155,
242384.341,start,3,167,
242389.507,refuse,0,155,
242396.359,conflict-at-land,3,167,
242404.507,start,0,155,
242411.359,refuse,3,167,
242426.359,refuse,3,167,
242441.359,refuse,3,167,
242456.359,refuse,3,167,
242461.358,conflict-at-land,2,160,
242471.359,refuse,3,167,
242476.358,start,2,160,
242486.359,refuse,3,167,
242501.359,refuse,3,167,
242516.359,refuse,3,167,
242531.359,refuse,3,167,
242546.359,refuse,3,167,
242561.359,refuse,3,167,
242576.359,refuse,3,167,
242591.359,refuse,3,167,
242606.359,refuse,3,167,
242621.359,refuse,3,167,
242636.359,refuse,3,167,
242645.721,conflict-at-land,2,160,
242651.359,refuse,3,167,
242660.721,start,2,160,
242666.359,refuse,3,167,
242681.359,refuse,3,167,
242696.359,refuse,3,167,
242711.359,refuse,3,167,
242726.359,refuse,3,167,
242741.359,refuse,3,167,
242756.359,refuse,3,167,
242771.359,refuse,3,167,
242786.359,refuse,3,167,
242801.359,refuse,3,167,
242816.359,refuse,3,167,
242830.188,conflict-at-land,2,160,
242831.359,refuse,3,167,
242845.188,start,2,160,
242846.359,refuse,3,167,
242861.359,refuse,3,167,
242876.359,refuse,3,167,
242891.359,refuse,3,167,
242906.359,refuse,3,167,
242921.359,refuse,3,167,
242936.359,refuse,3,167,
242951.359,refuse,3,167,
242966.359,refuse,3,167,
242973.971,conflict-at-land,2,160,
242981.359,refuse,3,167,
242988.971,start,2,160,
242996.359,refuse,3,167,
243011.359,refuse,3,167,
243026.359,refuse,3,167,
243041.359,refuse,3,167,
243056.359,refuse,3,167,
243071.359,refuse,3,167,
243086.359,refuse,3,167,
243101.359,refuse,3,167,
243116.359,refuse,3,167,
243131.359,refuse,3,167,
243146.359,refuse,3,167,
243161.359,refuse,3,167,
243164.026,conflict-at-land,2,160,
243176.359,refuse,3,167,
243179.026,start,2,160,
243191.359,refuse,3,167,
243206.359,refuse,3,167,
243221.359,refuse,3,167,
243236.359,refuse,3,167,
243251.359,refuse,3,167,
243266.359,refuse,3,167,
243281.359,refuse,3,167,
243296.359,refuse,3,167,
243311.359,refuse,3,167,
243326.359,refuse,3,167,
243341.359,refuse,3,167,
243356.359,refuse,3,167,
243357.899,conflict-at-land,2,160,
243371.359,refuse,3,167,
243372.899,start,2,160,
243386.359,refuse,3,167,
243401.359,refuse,3,167,
243416.359,refuse,3,167,
243431.359,refuse,3,167,
243446.359,refuse,3,167,
243461.359,refuse,3,167,
243476.359,refuse,3,167,
243491.359,refuse,3,167,
243506.359,refuse,3,167,
243521.359,refuse,3,167,
243524.112,conflict-at-land,2,160,
243536.359,refuse,3,167,
243539.112,start,2,160,
243551.359,refuse,3,167,
243566.359,refuse,3,167,
243581.359,refuse,3,167,
243596.359,refuse,3,167,
243611.359,refuse,3,167,
243626.359,refuse,3,167,
243641.359,refuse,3,167,
243648.843,conflict-at-land,2,160,
243656.359,refuse,3,167,
243663.843,start,2,160,
243671.359,refuse,3,167,
243686.359,refuse,3,167,
243701.359,refuse,3,167,
243716.359,refuse,3,167,
243731.359,refuse,3,167,
243746.359,refuse,3,167,
243761.359,refuse,3,167,
243776.359,refuse,3,167,
243790.763,conflict-at-land,2,160,
243791.359,refuse,3,167,
243805.763,start,2,160,
243806.359,refuse,3,167,
243821.359,refuse,3,167,
243836.359,refuse,3,167,
243851.359,refuse,3,167,
243866.359,refuse,3,167,
243881.359,refuse,3,167,
243896.359,refuse,3,167,
243911.359,refuse,3,167,
243926.359,refuse,3,167,
243941.359,refuse,3,167,
243941.895,conflict-at-land,2,160,
243956.359,refuse,3,167,
243956.895,start,2,160,
243971.359,refuse,3,167,
243986.359,refuse,3,167,
244001.359,refuse,3,167,
244016.359,refuse,3,167,
244031.359,refuse,3,167,
244046.359,refuse,3,167,
244053.98,conflict-at-land,2,160,
244061.359,refuse,3,167,
244068.98,start,2,160,
244076.359,refuse,3,167,
244091.359,refuse,3,167,
244106.359,refuse,3,167,
244121.359,refuse,3,167,
244134.489,conflict-at-land,0,155,
244136.359,start,3,167,
244146.954,conflict-at-land,3,167,
244149.489,start,0,155,
244161.954,refuse,3,167,
244176.954,refuse,3,167,
244191.954,refuse,3,167,
244206.954,refuse,3,167,
244214.195,conflict-at-land,2,160,
244221.954,refuse,3,167,
244229.195,start,2,160,
244236.954,refuse,3,167,
244251.954,refuse,3,167,
244266.954,refuse,3,167,
244281.954,refuse,3,167,
244296.954,refuse,3,167,
244311.954,refuse,3,167,
244326.954,refuse,3,167,
244341.954,refuse,3,167,
244350.801,conflict-at-land,2,160,
244356.954,refuse,3,167,
244365.801,start,2,160,
244371.954,refuse,3,167,
244386.954,refuse,3,167,
244401.954,refuse,3,167,
244416.954,refuse,3,167,
244431.954,refuse,3,167,
244446.954,refuse,3,167,
244461.954,refuse,3,167,
244466.314,conflict-at-land,2,160,
244476.954,refuse,3,167,
244481.314,start,2,160,
244491.954,refuse,3,167,
244506.954,refuse,3,167,
244521.954,refuse,3,167,
244536.954,refuse,3,167,
244551.954,refuse,3,167,
244566.954,refuse,3,167,
244581.954,refuse,3,167,
244596.954,refuse,3,167,
244611.954,refuse,3,167,
244626.954,refuse,3,167,
244641.954,refuse,3,167,
244656.954,refuse,3,167,
244656.954,abandon,3,167,
244656.954,refuse,3,168,
244660.166,conflict-at-land,2,160,
244671.954,refuse,3,168,
244675.166,start,2,160,
244686.954,refuse,3,168,
244701.954,refuse,3,168,
244716.954,refuse,3,168,
244731.954,refuse,3,168,
244746.954,refuse,3,168,
244761.954,refuse,3,168,
244776.954,refuse,3,168,
244791.954,refuse,3,168,
244806.954,refuse,3,168,
244821.954,refuse,3,168,
244836.954,refuse,3,168,
244840.353,conflict-at-land,2,160,
244851.954,refuse,3,168,
244855.353,start,2,160,
244866.954,refuse,3,168,
244881.954,refuse,3,168,
244896.954,refuse,3,168,
244911.954,refuse,3,168,
244926.954,refuse,3,168,
244941.954,refuse,3,168,
244956.954,refuse,3,168,
244971.954,refuse,3,168,
244986.954,refuse,3,168,
245001.954,refuse,3,168,
245004.911,conflict-at-land,2,160,
245016.954,refuse,3,168,
245019.911,start,2,160,
245031.954,refuse,3,168,
245046.954,refuse,3,168,
245061.954,refuse,3,168,
245076.954,refuse,3,168,
245091.954,refuse,3,168,
245106.954,refuse,3,168,
245121.954,refuse,3,168,
245136.954,refuse,3,168,
245151.954,refuse,3,168,
245154.995,conflict-at-land,2,160,
245166.954,refuse,3,168,
245169.995,start,2,160,
245181.954,refuse,3,168,
245196.954,refuse,3,168,
245211.954,refuse,3,168,
245226.954,refuse,3,168,
245241.954,refuse,3,168,
245256.954,refuse,3,168,
245271.954,refuse,3,168,
245286.954,refuse,3,168,
245301.954,refuse,3,168,
245304.792,conflict-at-land,2,160,
245316.954,refuse,3,168,
245319.792,start,2,160,
245331.954,refuse,3,168,
245346.954,refuse,3,168,
245361.954,refuse,3,168,
245376.954,refuse,3,168,
245391.954,refuse,3,168,
245406.954,refuse,3,168,
245421.954,refuse,3,168,
245436.954,refuse,3,168,
245451.954,refuse,3,168,
245459.879,conflict-at-land,2,160,
245466.954,refuse,3,168,
245474.879,start,2,160,
245481.954,refuse,3,168,
245496.954,refuse,3,168,
245511.954,refuse,3,168,
245526.954,refuse,3,168,
245541.954,refuse,3,168,
245556.954,refuse,3,168,
245571.954,refuse,3,168,
245586.954,refuse,3,168,
245595.516,conflict-at-land,2,160,
245601.954,refuse,3,168,
245610.516,start,2,160,
245616.954,refuse,3,168,
245631.954,refuse,3,168,
245646.954,refuse,3,168,
245661.954,refuse,3,168,
245676.954,refuse,3,168,
245691.954,refuse,3,168,
245706.954,refuse,3,168,
245721.954,refuse,3,168,
245736.954,refuse,3,168,
245751.954,refuse,3,168,
245766.954,refuse,3,168,
245781.954,refuse,3,168,
245782.099,conflict-at-land,2,160,
245796.954,refuse,3,168,
245797.099,start,2,160,
245811.954,refuse,3,168,
245826.954,refuse,3,168,
245841.954,refuse,3,168,
245856.954,refuse,3,168,
245871.954,refuse,3,168,
245886.954,refuse,3,168,
245901.954,refuse,3,168,
245906.061,conflict-at-land,2,160,
245916.954,refuse,3,168,
245921.061,start,2,160,
245931.954,refuse,3,168,
245946.954,refuse,3,168,
245961.954,refuse,3,168,
245976.954,refuse,3,168,
245991.954,refuse,3,168,
246006.954,refuse,3,168,
246021.954,refuse,3,168,
246036.954,refuse,3,168,
246051.954,refuse,3,168,
246066.389,conflict-at-land,2,160,
246066.954,refuse,3,168,
246081.389,start,2,160,
246081.954,refuse,3,168,
246096.954,refuse,3,168,
246111.954,refuse,3,168,
246126.954,refuse,3,168,
246141.954,refuse,3,168,
246156.954,refuse,3,168,
246171.954,refuse,3,168,
246181.005,conflict-at-land,2,160,
246186.954,refuse,3,168,
246196.005,start,2,160,
246201.954,refuse,3,168,
246216.954,refuse,3,168,
246231.954,refuse,3,168,
246246.954,refuse,3,168,
246261.954,refuse,3,168,
246276.954,refuse,3,168,
246291.954,refuse,3,168,
246306.954,refuse,3,168,
246321.954,refuse,3,168,
246336.954,refuse,3,168,
246347.826,conflict-at-land,0,155,
246351.954,refuse,3,168,
246362.826,start,0,155,
246366.954,refuse,3,168,
246368.581,conflict-at-land,2,160,
246381.954,refuse,3,168,
246383.581,start,2,160,
246396.954,refuse,3,168,
246411.954,refuse,3,168,
246426.954,refuse,3,168,
246441.954,refuse,3,168,
246456.954,refuse,3,168,
246471.954,refuse,3,168,
246486.954,refuse,3,168,
246496.797,conflict-at-land,2,160,
246501.954,refuse,3,168,
246511.797,start,2,160,
246516.954,refuse,3,168,
246531.954,refuse,3,168,
246546.954,refuse,3,168,
246561.954,refuse,3,168,
246576.954,refuse,3,168,
246591.954,refuse,3,168,
246606.954,refuse,3,168,
246621.954,refuse,3,168,
246636.954,refuse,3,168,
246651.954,refuse,3,168,
246666.954,refuse,3,168,
246673.092,conflict-at-land,2,160,
246681.954,refuse,3,168,
246688.092,start,2,160,
246696.954,refuse,3,168,
246711.954,refuse,3,168,
246726.954,refuse,3,168,
246741.954,refuse,3,168,
246756.954,refuse,3,168,
246771.954,refuse,3,168,
246786.954,refuse,3,168,
246793.179,conflict-at-land,2,160,
246801.954,refuse,3,168,
246808.179,start,2,160,
246816.954,refuse,3,168,
246831.954,refuse,3,168,
246846.954,refuse,3,168,
246861.954,refuse,3,168,
246876.954,refuse,3,168,
246891.954,refuse,3,168,
246906.954,refuse,3,168,
246921.954,refuse,3,168,
246934.156,conflict-at-land,2,160,
246936.954,refuse,3,168,
246949.156,start,2,160,
246951.954,refuse,3,168,
246966.954,refuse,3,168,
246981.954,refuse,3,168,
246996.954,refuse,3,168,
247011.954,refuse,3,168,
247026.954,refuse,3,168,
247041.954,refuse,3,168,
247050.023,conflict-at-land,2,160,
247056.954,refuse,3,168,
247065.023,start,2,160,
247071.954,refuse,3,168,
247086.954,refuse,3,168,
247101.954,refuse,3,168,
247116.954,refuse,3,168,
247131.954,refuse,3,168,
247146.954,refuse,3,168,
247161.954,refuse,3,168,
247176.954,refuse,3,168,
247187.569,conflict-at-land,2,160,
247191.954,refuse,3,168,
247202.569,start,2,160,
247206.954,refuse,3,168,
247221.954,refuse,3,168,
247236.954,refuse,3,168,
247251.954,refuse,3,168,
247266.954,refuse,3,168,
247281.954,refuse,3,168,
247296.954,refuse,3,168,
247307.687,conflict-at-land,2,160,
247311.954,refuse,3,168,
247322.687,start,2,160,
247326.954,refuse,3,168,
247341.954,refuse,3,168,
247356.954,refuse,3,168,
247371.954,refuse,3,168,
247386.954,refuse,3,168,
247401.954,refuse,3,168,
247416.954,refuse,3,168,
247431.954,refuse,3,168,
247446.954,refuse,3,168,
247461.954,refuse,3,168,
247476.954,refuse,3,168,
247488.525,conflict-at-land,2,160,
247491.954,refuse,3,168,
247503.525,start,2,160,
247506.954,refuse,3,168,
247521.954,refuse,3,168,
247536.954,refuse,3,168,
247551.954,refuse,3,168,
247566.954,refuse,3,168,
247581.954,refuse,3,168,
247596.954,refuse,3,168,
247611.954,refuse,3,168,
247617.664,conflict-at-land,2,160,
247626.954,refuse,3,168,
247632.664,start,2,160,
247641.954,refuse,3,168,
247656.954,refuse,3,168,
247656.954,abandon,3,168,
247656.954,refuse,3,169,
247671.954,refuse,3,169,
247686.954,refuse,3,169,
247701.954,refuse,3,169,
247716.954,refuse,3,169,
247731.954,refuse,3,169,
247746.954,refuse,3,169,
247760.204,conflict-at-land,2,160,
247761.954,refuse,3,169,
247775.204,start,2,160,
247776.954,refuse,3,169,
247791.954,refuse,3,169,
247806.954,refuse,3,169,
247821.954,refuse,3,169,
247836.954,refuse,3,169,
247851.954,refuse,3,169,
247866.954,refuse,3,169,
247879.027,conflict-at-land,0,155,
247881.954,start,3,169,
247886.411,conflict-at-land,3,169,
247894.027,start,0,155,
247901.411,refuse,3,169,
247916.411,refuse,3,169,
247931.411,refuse,3,169,
247942.255,conflict-at-land,2,160,
247946.411,refuse,3,169,
247957.255,start,2,160,
247961.411,refuse,3,169,
247976.411,refuse,3,169,
247991.411,refuse,3,169,
248006.411,refuse,3,169,
248021.411,refuse,3,169,
248036.411,refuse,3,169,
248051.411,refuse,3,169,
248056.052,conflict-at-land,2,160,
248066.411,refuse,3,169,
248071.052,start,2,160,
248081.411,refuse,3,169,
248096.411,refuse,3,169,
248111.411,refuse,3,169,
248126.411,refuse,3,169,
248141.411,refuse,3,169,
248156.411,refuse,3,169,
248171.411,refuse,3,169,
248186.411,refuse,3,169,
248201.411,refuse,3,169,
248216.411,refuse,3,169,
248231.411,refuse,3,169,
248240.388,conflict-at-land,2,160,
248246.411,refuse,3,169,
248255.388,start,2,160,
248261.411,refuse,3,169,
248276.411,refuse,3,169,
248291.411,refuse,3,169,
248306.411,refuse,3,169,
248321.411,refuse,3,169,
248336.411,refuse,3,169,
248351.411,refuse,3,169,
248365.578,conflict-at-land,2,160,
248366.411,refuse,3,169,
248380.578,start,2,160,
248381.411,refuse,3,169,
248396.411,refuse,3,169,
248411.411,refuse,3,169,
248426.411,refuse,3,169,
248441.411,refuse,3,169,
248456.411,refuse,3,169,
248471.411,refuse,3,169,
248486.411,refuse,3,169,
248501.411,refuse,3,169,
248516.411,refuse,3,169,
248531.411,refuse,3,169,
248546.411,refuse,3,169,
248546.752,conflict-at-land,2,160,
248561.411,refuse,3,169,
248561.752,start,2,160,
248576.411,refuse,3,169,
248591.411,refuse,3,169,
248606.411,refuse,3,169,
248621.411,refuse,3,169,
248636.411,refuse,3,169,
248651.411,refuse,3,169,
248666.411,refuse,3,169,
248681.411,refuse,3,169,
248685.984,conflict-at-land,2,160,
248685.984,abandon,2,160,
248685.984,start,2,170,
248696.411,refuse,3,169,
248709.585,conflict-at-land,2,170,
248711.411,refuse,3,169,
248724.585,start,2,170,
248726.411,refuse,3,169,
248741.411,refuse,3,169,
248748.389,conflict-at-land,2,170,
248756.411,refuse,3,169,
248763.389,start,2,170,
248771.411,refuse,3,169,
248783.123,conflict-at-land,2,170,
248786.411,refuse,3,169,
248798.123,start,2,170,
248801.411,refuse,3,169,
248815.348,conflict-at-land,2,170,
248816.411,refuse,3,169,
248830.348,start,2,170,
248831.411,refuse,3,169,
248846.411,refuse,3,169,
248851.268,conflict-at-land,2,170,
248861.411,refuse,3,169,
248866.268,start,2,170,
248876.411,refuse,3,169,
248888.398,conflict-at-land,2,170,
248891.411,refuse,3,169,
248903.398,start,2,170,
248906.411,refuse,3,169,
248918.852,conflict-at-land,2,170,
248921.411,refuse,3,169,
248933.852,start,2,170,
248936.411,refuse,3,169,
248949.391,conflict-at-land,2,170,
248951.411,refuse,3,169,
248964.391,start,2,170,
248966.411,refuse,3,169,
248981.411,refuse,3,169,
248989.01,conflict-at-land,2,170,
248996.411,refuse,3,169,
249004.01,start,2,170,
249011.411,refuse,3,169,
249019.354,conflict-at-land,2,170,
249026.411,refuse,3,169,
249034.354,start,2,170,
249041.411,refuse,3,169,
249051.508,conflict-at-land,2,170,
249056.411,refuse,3,169,
249066.508,start,2,170,
249071.411,refuse,3,169,
249083.69,conflict-at-land,2,170,
249086.411,refuse,3,169,
249098.69,start,2,170,
249101.411,refuse,3,169,
249116.411,refuse,3,169,
249122.962,conflict-at-land,2,170,
249131.411,refuse,3,169,
249137.962,start,2,170,
249146.411,refuse,3,169,
249152.821,conflict-at-land,2,170,
249161.411,refuse,3,169,
249167.821,start,2,170,
249176.411,refuse,3,169,
249191.051,conflict-at-land,2,170,
249191.411,refuse,3,169,
249206.051,start,2,170,
249206.411,refuse,3,169,
249221.411,refuse,3,169,
249221.88,conflict-at-land,2,170,
249236.411,refuse,3,169,
249236.88,start,2,170,
249251.411,refuse,3,169,
249253.8,conflict-at-land,2,170,
249266.411,refuse,3,169,
249268.8,start,2,170,
249281.411,refuse,3,169,
249288.977,conflict-at-land,2,170,
249296.411,refuse,3,169,
249303.977,start,2,170,
249311.411,refuse,3,169,
249326.411,refuse,3,169,
249326.431,conflict-at-land,2,170,
249341.411,refuse,3,169,
249341.431,start,2,170,
249356.411,refuse,3,169,
249362.521,conflict-at-land,2,170,
249371.411,refuse,3,169,
249377.521,start,2,170,
249386.411,refuse,3,169,
249395.274,conflict-at-land,2,170,
249401.411,refuse,3,169,
249410.274,start,2,170,
249416.411,refuse,3,169,
249431.411,refuse,3,169,
249433.806,conflict-at-land,2,170,
249446.411,refuse,3,169,
249448.806,start,2,170,
249461.411,refuse,3,169,
249469.678,conflict-at-land,2,170,
249476.411,refuse,3,169,
249484.678,start,2,170,
249491.411,refuse,3,169,
249506.411,refuse,3,169,
249511.899,conflict-at-land,2,170,
249521.411,refuse,3,169,
249526.899,start,2,170,
249536.411,refuse,3,169,
249544.226,conflict-at-land,2,170,
249551.411,refuse,3,169,
249559.226,start,2,170,
249566.411,refuse,3,169,
249579.85,conflict-at-land,2,170,
249581.411,refuse,3,169,
249594.85,start,2,170,
249596.411,refuse,3,169,
249611.411,refuse,3,169,
249618.978,conflict-at-land,2,170,
249626.411,refuse,3,169,
249633.978,start,2,170,
249641.411,refuse,3,169,
249656.411,refuse,3,169,
249659.747,conflict-at-land,2,170,
249671.411,refuse,3,169,
249674.747,start,2,170,
249686.411,refuse,3,169,
249693.367,conflict-at-land,2,170,
249701.411,refuse,3,169,
249708.367,start,2,170,
249716.411,refuse,3,169,
249731.411,refuse,3,169,
249733.228,conflict-at-land,2,170,
249746.411,refuse,3,169,
249748.228,start,2,170,
249761.411,refuse,3,169,
249766.151,conflict-at-land,2,170,
249776.411,refuse,3,169,
249781.151,start,2,170,
249791.411,refuse,3,169,
249798.414,conflict-at-land,2,170,
249806.411,refuse,3,169,
249813.414,start,2,170,
249821.411,refuse,3,169,
249836.411,refuse,3,169,
249836.607,conflict-at-land,2,170,
249851.411,refuse,3,169,
249851.607,start,2,170,
249859.814,conflict-at-land,0,155,
249866.411,start,3,169,
249873.617,conflict-at-land,3,169,
249874.814,start,0,155,
249878.753,conflict-at-land,2,170,
249888.617,refuse,3,169,
249893.753,start,2,170,
249903.617,refuse,3,169,
249913.821,conflict-at-land,2,170,
249918.617,refuse,3,169,
249928.821,start,2,170,
249933.617,refuse,3,169,
249948.617,refuse,3,169,
249953.164,conflict-at-land,2,170,
249963.617,refuse,3,169,
249968.164,start,2,170,
249978.617,refuse,3,169,
249992.611,conflict-at-land,2,170,
249993.617,refuse,3,169,
250007.611,start,2,170,
250008.617,refuse,3,169,
250023.617,refuse,3,169,
250032.573,conflict-at-land,2,170,
250038.617,refuse,3,169,
250047.573,start,2,170,
250053.617,refuse,3,169,
250062.354,conflict-at-land,2,170,
250068.617,refuse,3,169,
250077.354,start,2,170,
250083.617,refuse,3,169,
250093.139,conflict-at-land,2,170,
250098.617,refuse,3,169,
250108.139,start,2,170,
250113.617,refuse,3,169,
250128.617,refuse,3,169,
250129.315,conflict-at-land,2,170,
250143.617,refuse,3,169,
250144.315,start,2,170,
250158.617,refuse,3,169,
250162.137,conflict-at-land,2,170,
250173.617,refuse,3,169,
250177.137,start,2,170,
250188.617,refuse,3,169,
250199.789,conflict-at-land,2,170,
250203.617,refuse,3,169,
250214.789,start,2,170,
250218.617,refuse,3,169,
250233.617,refuse,3,169,
250238.2,conflict-at-land,2,170,
250248.617,refuse,3,169,
250253.2,start,2,170,
250263.617,refuse,3,169,
250273.385,conflict-at-land,2,170,
250278.617,refuse,3,169,
250288.385,start,2,170,
250293.617,refuse,3,169,
250303.304,conflict-at-land,2,170,
250308.617,refuse,3,169,
250318.304,start,2,170,
250323.617,refuse,3,169,
250337.917,conflict-at-land,2,170,
250338.617,refuse,3,169,
250352.917,start,2,170,
250353.617,refuse,3,169,
250368.617,refuse,3,169,
250374.727,conflict-at-land,2,170,
250383.617,refuse,3,169,
250389.727,start,2,170,
250398.617,refuse,3,169,
250410.716,conflict-at-land,2,170,
250413.617,refuse,3,169,
250425.716,start,2,170,
250428.617,refuse,3,169,
250442.397,conflict-at-land,2,170,
250443.617,refuse,3,169,
250457.397,start,2,170,
250458.617,refuse,3,169,
250473.617,refuse,3,169,
250480.603,conflict-at-land,2,170,
250488.617,refuse,3,169,
250495.603,start,2,170,
250503.617,refuse,3,169,
250517.022,conflict-at-land,2,170,
250518.617,refuse,3,169,
250532.022,start,2,170,
250533.617,refuse,3,169,
250548.617,refuse,3,169,
250554.601,conflict-at-land,2,170,
250563.617,refuse,3,169,
250569.601,start,2,170,
250578.617,refuse,3,169,
250591.246,conflict-at-land,2,170,
250593.617,refuse,3,169,
250606.246,start,2,170,
250608.617,refuse,3,169,
250623.617,refuse,3,169,
250624.116,conflict-at-land,2,170,
250638.617,refuse,3,169,
250639.116,start,2,170,
250653.617,refuse,3,169,
250664.541,conflict-at-land,2,170,
250668.617,refuse,3,169,
250668.617,abandon,3,169,
250668.617,start,3,171,
250679.541,start,2,170,
250688.966,conflict-at-land,3,171,
250695.069,conflict-at-land,2,170,
250703.966,start,3,171,
250710.069,start,2,170,
250721.974,conflict-at-land,3,171,
250735.1,conflict-at-land,2,170,
250736.974,start,3,171,
250750.1,start,2,170,
250757.046,conflict-at-land,3,171,
250772.046,start,3,171,
250774.03,conflict-at-land,2,170,
250789.03,start,2,170,
250789.41,conflict-at-land,3,171,
250804.41,start,3,171,
250809.579,conflict-at-land,2,170,
250824.072,conflict-at-land,3,171,
250824.579,start,2,170,
250839.072,start,3,171,
250845.587,conflict-at-land,2,170,
250860.587,start,2,170,
250862.704,conflict-at-land,3,171,
250877.704,start,3,171,
250886.003,conflict-at-land,2,170,
250898.223,conflict-at-land,3,171,
250901.003,start,2,170,
250913.223,start,3,171,
250916.023,conflict-at-land,2,170,
250931.023,start,2,170,
250939.234,conflict-at-land,3,171,
250954.234,start,3,171,
250957.308,conflict-at-land,2,170,
250972.308,start,2,170,
250978.464,conflict-at-land,3,171,
250992.177,conflict-at-land,2,170,
250993.464,start,3,171,
251007.177,start,2,170,
251020.648,conflict-at-land,3,171,
251032.921,conflict-at-land,2,170,
251035.648,start,3,171,
251047.921,start,2,170,
251062.052,conflict-at-land,3,171,
251067.728,conflict-at-land,2,170,
251077.052,start,3,171,
251082.728,start,2,170,
251099.436,conflict-at-land,3,171,
251099.748,conflict-at-land,2,170,
251114.436,start,3,171,
251114.748,start,2,170,
251131.845,conflict-at-land,3,171,
251135.198,conflict-at-land,2,170,
251146.845,start,3,171,
251150.198,start,2,170,
251156.625,conflict-at-land,0,155,
251165.413,conflict-at-land,3,171,
251166.457,conflict-at-land,2,170,
251171.625,start,0,155,
251180.413,start,3,171,
251181.457,start,2,170,
251197.341,conflict-at-land,2,170,
251206.087,conflict-at-land,3,171,
251212.341,start,2,170,
251221.087,start,3,171,
251231.32,conflict-at-land,2,170,
251237.007,conflict-at-land,3,171,
251246.32,start,2,170,
251252.007,start,3,171,
251265.983,conflict-at-land,2,170,
251275.854,conflict-at-land,3,171,
251280.983,start,2,170,
251290.854,start,3,171,
251299.061,conflict-at-land,2,170,
251311.919,conflict-at-land,3,171,
251314.061,start,2,170,
251326.919,start,3,171,
251329.358,conflict-at-land,2,170,
251344.358,start,2,170,
251352.868,conflict-at-land,3,171,
251367.868,start,3,171,
251371.29,conflict-at-land,2,170,
251386.29,start,2,170,
251389.7,conflict-at-land,3,171,
251403.895,conflict-at-land,2,170,
251404.7,start,3,171,
251418.895,start,2,170,
251425.103,conflict-at-land,3,171,
251439.259,conflict-at-land,2,170,
251440.103,start,3,171,
251454.259,start,2,170,
251455.185,conflict-at-land,3,171,
251470.122,conflict-at-land,2,170,
251470.185,start,3,171,
251485.122,start,2,170,
251486.108,conflict-at-land,3,171,
251501.108,start,3,171,
251508.774,conflict-at-land,2,170,
251523.774,start,2,170,
251526.647,conflict-at-land,3,171,
251541.647,start,3,171,
251543.423,conflict-at-land,2,170,
251558.423,start,2,170,
251560.749,conflict-at-land,3,171,
251574.271,conflict-at-land,2,170,
251575.749,start,3,171,
251589.271,start,2,170,
251596.698,conflict-at-land,3,171,
251611.698,start,3,171,
251612.457,conflict-at-land,2,170,
251627.457,start,2,170,
251629.717,conflict-at-land,3,171,
251644.717,start,3,171,
251653.495,conflict-at-land,2,170,
251668.495,start,2,170,
251671.453,conflict-at-land,3,171,
251686.411,conflict-at-land,2,170,
251686.453,start,3,171,
251701.411,start,2,170,
251712.436,conflict-at-land,3,171,
251724.42,conflict-at-land,2,170,
251727.436,start,3,171,
251739.42,start,2,170,
251747.315,conflict-at-land,3,171,
251759.501,conflict-at-land,2,170,
251762.315,start,3,171,
251774.501,start,2,170,
251781.186,conflict-at-land,3,171,
251789.452,conflict-at-land,2,170,
251796.186,start,3,171,
251804.452,start,2,170,
251818.488,conflict-at-land,3,171,
251823.328,conflict-at-land,2,170,
251833.488,start,3,171,
251838.328,start,2,170,
251856.561,conflict-at-land,3,171,
251859.835,conflict-at-land,2,170,
251871.561,start,3,171,
251874.835,start,2,170,
251892.487,conflict-at-land,3,171,
251897.411,conflict-at-land,2,170,
251907.487,start,3,171,
251912.411,start,2,170,
251922.222,conflict-at-land,3,171,
251928.686,conflict-at-land,2,170,
251937.222,start,3,171,
251943.686,start,2,170,
251958.915,conflict-at-land,3,171,
251966.767,conflict-at-land,2,170,
251973.915,start,3,171,
251981.767,start,2,170,
251990.575,conflict-at-land,3,171,
252003.092,conflict-at-land,2,170,
252005.575,start,3,171,
252018.092,start,2,170,
252023.879,conflict-at-land,3,171,
252038.879,start,3,171,
252044.885,conflict-at-land,2,170,
252059.885,start,2,170,
252061.783,conflict-at-land,3,171,
252076.783,start,3,171,
252085.027,conflict-at-land,2,170,
252100.027,start,2,170,
252101.475,conflict-at-land,3,171,
252116.475,start,3,171,
252124.848,conflict-at-land,2,170,
252139.848,start,2,170,
252142.773,conflict-at-land,3,171,
252156.804,conflict-at-land,2,170,
252157.773,start,3,171,
252171.804,start,2,170,
252173.367,conflict-at-land,3,171,
252188.367,start,3,171,
252192.267,conflict-at-land,2,170,
252206.838,conflict-at-land,3,171,
252207.267,start,2,170,
252221.838,start,3,171,
252225.636,conflict-at-land,2,170,
252238.068,conflict-at-land,3,171,
252240.636,start,2,170,
252253.068,start,3,171,
252266.838,conflict-at-land,2,170,
252269.892,conflict-at-land,3,171,
252281.838,start,2,170,
252284.892,start,3,171,
252300.535,conflict-at-land,3,171,
252304.261,conflict-at-land,2,170,
252315.535,start,3,171,
252319.261,start,2,170,
252330.241,conflict-at-land,3,171,
252345.241,start,3,171,
252345.953,conflict-at-land,2,170,
252360.953,start,2,170,
252364.033,conflict-at-land,3,171,
252379.033,start,3,171,
252383.955,conflict-at-land,2,170,
252395.318,conflict-at-land,3,171,
252398.955,start,2,170,
252410.318,start,3,171,
252413.779,conflict-at-land,0,155,
252416.853,conflict-at-land,2,170,
252428.779,start,0,155,
252431.853,start,2,170,
252436.192,conflict-at-land,3,171,
252451.192,start,3,171,
252452.518,conflict-at-land,2,170,
252467.518,start,2,170,
252471.666,conflict-at-land,3,171,
252486.666,start,3,171,
252488.85,conflict-at-land,2,170,
252503.85,start,2,170,
252508.706,conflict-at-land,3,171,
252522.062,conflict-at-land,2,170,
252523.706,start,3,171,
252537.062,start,2,170,
252538.519,conflict-at-land,3,171,
252553.519,start,3,171,
252554.163,conflict-at-land,2,170,
252569.163,start,2,170,
252580.006,conflict-at-land,3,171,
252593.702,conflict-at-land,2,170,
252595.006,start,3,171,
252608.702,start,2,170,
252611.1,conflict-at-land,3,171,
252626.1,start,3,171,
252633.206,conflict-at-land,2,170,
252648.206,start,2,170,
252649.603,conflict-at-land,3,171,
252664.603,start,3,171,
252666.94,conflict-at-land,2,170,
252681.94,start,2,170,
252686.811,conflict-at-land,3,171,
252700.112,conflict-at-land,2,170,
252701.811,start,3,171,
252715.112,start,2,170,
252727.393,conflict-at-land,3,171,
252729.973,conflict-at-land,2,170,
252742.393,start,3,171,
252744.973,start,2,170,
252758.755,conflict-at-land,3,171,
252765.913,conflict-at-land,2,170,
252773.755,start,3,171,
252780.913,start,2,170,
252795.039,conflict-at-land,3,171,
252802.5,conflict-at-land,2,170,
252810.039,start,3,171,
252817.5,start,2,170,
252833.813,conflict-at-land,3,171,
252837.989,conflict-at-land,2,170,
252848.813,start,3,171,
252852.989,start,2,170,
252867.319,conflict-at-land,3,171,
252879.64,conflict-at-land,2,170,
252882.319,start,3,171,
252894.64,start,2,170,
252898.27,conflict-at-land,3,171,
252913.27,start,3,171,
252914.403,conflict-at-land,2,170,
252929.403,start,2,170,
252934.071,conflict-at-land,3,171,
252949.071,start,3,171,
252954.672,conflict-at-land,2,170,
252964.636,conflict-at-land,3,171,
252969.672,start,2,170,
252979.636,start,3,171,
252996.76,conflict-at-land,2,170,
253000.341,conflict-at-land,3,171,
253011.76,start,2,170,
253015.341,start,3,171,
253026.743,conflict-at-land,2,170,
253033.716,conflict-at-land,3,171,
253041.743,start,2,170,
253048.716,start,3,171,
253062.602,conflict-at-land,2,170,
253073.592,conflict-at-land,3,171,
253077.602,start,2,170,
253088.592,start,3,171,
253096.681,conflict-at-land,2,170,
253111.557,conflict-at-land,3,171,
253111.681,start,2,170,
253126.557,start,3,171,
253129.107,conflict-at-land,2,170,
253144.107,start,2,170,
253147.257,conflict-at-land,3,171,
253162.257,start,3,171,
253164.919,conflict-at-land,2,170,
253178.071,conflict-at-land,3,171,
253179.919,start,2,170,
253193.071,start,3,171,
253195.545,conflict-at-land,2,170,
253208.118,conflict-at-land,3,171,
253210.545,start,2,170,
253223.118,start,3,171,
253226.723,conflict-at-land,2,170,
253241.723,start,2,170,
253243.163,conflict-at-land,3,171,
253258.163,start,3,171,
253268.714,conflict-at-land,2,170,
253281.438,conflict-at-land,3,171,
253283.714,start,2,170,
253296.438,start,3,171,
253305.443,conflict-at-land,2,170,
253319.147,conflict-at-land,3,171,
253320.443,start,2,170,
253334.147,start,3,171,
253345.322,conflict-at-land,2,170,
253360.288,conflict-at-land,3,171,
253360.322,start,2,170,
253375.288,start,3,171,
253375.369,conflict-at-land,2,170,
253390.369,start,2,170,
253399.324,conflict-at-land,3,171,
253406.562,conflict-at-land,2,170,
253414.324,start,3,171,
253421.562,start,2,170,
253439.146,conflict-at-land,3,171,
253439.262,conflict-at-land,2,170,
253454.146,start,3,171,
253454.262,start,2,170,
253476.95,conflict-at-land,3,171,
253478.583,conflict-at-land,2,170,
253491.95,start,3,171,
253493.583,start,2,170,
253517.417,conflict-at-land,3,171,
253517.936,conflict-at-land,2,170,
253532.417,start,3,171,
253532.936,start,2,170,
253556.266,conflict-at-land,2,170,
253558.265,conflict-at-land,3,171,
253571.266,start,2,170,
253573.265,start,3,171,
253592.266,conflict-at-land,3,171,
253594.954,conflict-at-land,2,170,
253607.266,start,3,171,
253609.954,start,2,170,
253624.972,conflict-at-land,3,171,
253629.855,conflict-at-land,2,170,
253639.972,start,3,171,
253644.855,start,2,170,
253657.187,conflict-at-land,3,171,
253660.854,conflict-at-land,2,170,
253672.187,start,3,171,
253675.854,start,2,170,
253693.253,conflict-at-land,2,170,
253694.006,conflict-at-land,3,171,
253708.253,start,2,170,
253709.006,start,3,171,
253725.304,conflict-at-land,3,171,
253732.805,conflict-at-land,2,170,
253740.304,start,3,171,
253747.805,start,2,170,
253756.015,conflict-at-land,3,171,
253770.753,conflict-at-land,2,170,
253771.015,start,3,171,
253785.753,start,2,170,
253797.337,conflict-at-land,3,171,
253801.393,conflict-at-land,2,170,
253812.337,start,3,171,
253816.393,start,2,170,
253837.202,conflict-at-land,3,171,
253837.437,conflict-at-land,2,170,
253852.202,start,3,171,
253852.437,start,2,170,
253863.82,conflict-at-land,0,155,
253875.23,conflict-at-land,3,171,
253877.584,conflict-at-land,2,170,
253878.82,start,0,155,
253890.23,start,3,171,
253892.584,start,2,170,
253905.505,conflict-at-land,3,171,
253918.967,conflict-at-land,2,170,
253920.505,start,3,171,
253933.967,start,2,170,
253936.946,conflict-at-land,3,171,
253951.946,start,3,171,
253957.023,conflict-at-land,2,170,
253971.603,conflict-at-land,3,171,
253972.023,start,2,170,
253986.603,start,3,171,
253988.939,conflict-at-land,2,170,
254002.442,conflict-at-land,3,171,
254003.939,start,2,170,
254017.442,start,3,171,
254023.707,conflict-at-land,2,170,
254037.684,conflict-at-land,3,171,
254038.707,start,2,170,
254052.684,start,3,171,
254054.781,conflict-at-land,2,170,
254069.781,start,2,170,
254074.128,conflict-at-land,3,171,
254089.128,start,3,171,
254093.68,conflict-at-land,2,170,
254103.936,conflict-at-land,3,171,
254108.68,start,2,170,
254118.936,start,3,171,
254127.243,conflict-at-land,2,170,
254142.243,start,2,170,
254142.879,conflict-at-land,3,171,
254157.879,start,3,171,
254167.709,conflict-at-land,2,170,
254181.165,conflict-at-land,3,171,
254182.709,start,2,170,
254196.165,start,3,171,
254203.094,conflict-at-land,2,170,
254216.793,conflict-at-land,3,171,
254218.094,start,2,170,
254231.793,start,3,171,
254237.688,conflict-at-land,2,170,
254248.307,conflict-at-land,3,171,
254252.688,start,2,170,
254263.307,start,3,171,
254271.095,conflict-at-land,2,170,
254286.095,start,2,170,
254290.113,conflict-at-land,3,171,
254305.113,start,3,171,
254308.518,conflict-at-land,2,170,
254323.518,start,2,170,
254331.467,conflict-at-land,3,171,
254346.234,conflict-at-land,2,170,
254346.467,start,3,171,
254361.234,start,2,170,
254364.295,conflict-at-land,3,171,
254379.295,start,3,171,
254382.521,conflict-at-land,2,170,
254397.3,conflict-at-land,3,171,
254397.521,start,2,170,
254412.3,start,3,171,
254412.566,conflict-at-land,2,170,
254427.566,start,2,170,
254434.287,conflict-at-land,3,171,
254449.287,start,3,171,
254452.515,conflict-at-land,2,170,
254467.515,start,2,170,
254474.932,conflict-at-land,3,171,
254483.588,conflict-at-land,2,170,
254489.932,start,3,171,
254498.588,start,2,170,
254505.737,conflict-at-land,3,171,
254519.772,conflict-at-land,2,170,
254520.737,start,3,171,
254534.772,start,2,170,
254540.781,conflict-at-land,3,171,
254555.781,start,3,171,
254559.331,conflict-at-land,2,170,
254571.48,conflict-at-land,3,171,
254574.331,start,2,170,
254586.48,start,3,171,
254598.524,conflict-at-land,2,170,
254612.679,conflict-at-land,3,171,
254613.524,start,2,170,
254627.679,start,3,171,
254638.012,conflict-at-land,2,170,
254646.482,conflict-at-land,3,171,
254653.012,start,2,170,
254661.482,start,3,171,
254675.641,conflict-at-land,2,170,
254681.351,conflict-at-land,3,171,
254690.641,start,2,170,
254696.351,start,3,171,
254707.902,conflict-at-land,2,170,
254713.645,conflict-at-land,3,171,
254722.902,start,2,170,
254728.645,start,3,171,
254741.574,conflict-at-land,2,170,
254746.887,conflict-at-land,3,171,
254756.574,start,2,170,
254761.887,start,3,171,
254778.907,conflict-at-land,2,170,
254783.365,conflict-at-land,3,171,
254793.907,start,2,170,
254798.365,start,3,171,
254814.427,conflict-at-land,2,170,
254821.568,conflict-at-land,3,171,
254829.427,start,2,170,
254836.568,start,3,171,
254844.156,conflict-at-land,2,170,
254859.156,start,2,170,
254859.257,conflict-at-land,3,171,
254874.257,start,3,171,
254875.074,conflict-at-land,2,170,
254890.074,start,2,170,
254901.221,conflict-at-land,3,171,
254912.335,conflict-at-land,2,170,
254916.221,start,3,171,
254927.335,start,2,170,
254937.319,conflict-at-land,3,171,
254943.794,conflict-at-land,2,170,
254952.319,start,3,171,
254958.794,start,2,170,
254975.616,conflict-at-land,3,171,
254985.95,conflict-at-land,2,170,
254990.616,start,3,171,
255000.95,start,2,170,
255009.524,conflict-at-land,3,171,
255024.069,conflict-at-land,2,170,
255024.524,start,3,171,
255039.069,start,2,170,
255044.687,conflict-at-land,3,171,
255054.921,conflict-at-land,2,170,
255059.687,start,3,171,
255069.921,start,2,170,
255079.338,conflict-at-land,3,171,
255088.363,conflict-at-land,2,170,
255094.338,start,3,171,
255103.363,start,2,170,
255121.181,conflict-at-land,3,171,
255121.955,conflict-at-land,2,170,
255136.181,start,3,171,
255136.955,start,2,170,
255153.887,conflict-at-land,3,171,
255156.454,conflict-at-land,2,170,
255168.887,start,3,171,
255171.454,start,2,170,
255190.655,conflict-at-land,2,170,
255193.234,conflict-at-land,3,171,
255205.655,start,2,170,
255208.234,start,3,171,
255216.953,conflict-at-land,0,155,
255227.341,conflict-at-land,3,171,
255231.953,start,0,155,
255232.101,conflict-at-land,2,170,
255242.341,start,3,171,
255247.101,start,2,170,
255263.567,conflict-at-land,2,170,
255269.451,conflict-at-land,3,171,
255278.567,start,2,170,
255284.451,start,3,171,
255300.835,conflict-at-land,2,170,
255305.865,conflict-at-land,3,171,
255315.835,start,2,170,
255320.865,start,3,171,
255340.502,conflict-at-land,2,170,
255341.936,conflict-at-land,3,171,
255355.502,start,2,170,
255356.936,start,3,171,
255370.7,conflict-at-land,2,170,
255381.163,conflict-at-land,3,171,
255385.7,start,2,170,
255396.163,start,3,171,
255408.646,conflict-at-land,2,170,
255419.894,conflict-at-land,3,171,
255423.646,start,2,170,
255434.894,start,3,171,
255439.508,conflict-at-land,2,170,
255454.508,start,2,170,
255461.891,conflict-at-land,3,171,
255471.46,conflict-at-land,2,170,
255476.891,start,3,171,
255486.46,start,2,170,
255495.152,conflict-at-land,3,171,
255507.082,conflict-at-land,2,170,
255510.152,start,3,171,
255522.082,start,2,170,
255531.146,conflict-at-land,3,171,
255541.005,conflict-at-land,2,170,
255546.146,start,3,171,
255556.005,start,2,170,
255571.516,conflict-at-land,3,171,
255575.626,conflict-at-land,2,170,
255586.516,start,3,171,
255590.626,start,2,170,
255611.172,conflict-at-land,3,171,
255616.056,conflict-at-land,2,170,
255626.172,start,3,171,
255631.056,start,2,170,
255644.501,conflict-at-land,3,171,
255647.052,conflict-at-land,2,170,
255659.501,start,3,171,
255662.052,start,2,170,
255685.057,conflict-at-land,2,170,
255686.767,conflict-at-land,3,171,
255700.057,start,2,170,
255701.767,start,3,171,
255719.631,conflict-at-land,3,171,
255720.748,conflict-at-land,2,170,
255734.631,start,3,171,
255735.748,start,2,170,
255757.142,conflict-at-land,2,170,
255759.146,conflict-at-land,3,171,
255772.142,start,2,170,
255774.146,start,3,171,
255788.664,conflict-at-land,2,170,
255800.658,conflict-at-land,3,171,
255803.664,start,2,170,
255815.658,start,3,171,
255829.389,conflict-at-land,2,170,
255829.389,abandon,2,170,
255829.389,start,2,172,
255831.376,conflict-at-land,3,171,
255834.953,land,2,172,
255834.953,start,2,173,
255846.376,start,3,171,
255848.106,conflict-at-land,2,173,
255863.106,start,2,173,
255871.33,conflict-at-land,3,171,
255877.939,conflict-at-land,2,173,
255886.33,start,3,171,
255892.939,start,2,173,
255901.854,conflict-at-land,2,173,
255906.094,conflict-at-land,3,171,
255916.854,start,2,173,
255921.094,start,3,171,
255931.139,conflict-at-land,2,173,
255942.952,conflict-at-land,3,171,
255946.139,start,2,173,
255954.876,conflict-at-land,2,173,
255957.952,start,3,171,
255969.876,start,2,173,
255977.897,conflict-at-land,3,171,
255983.903,conflict-at-land,2,173,
255992.897,start,3,171,
255998.903,start,2,173,
256012.033,conflict-at-land,2,173,
256015.637,conflict-at-land,3,171,
256027.033,start,2,173,
256030.637,start,3,171,
256042.379,conflict-at-land,2,173,
256055.086,conflict-at-land,3,171,
256057.379,start,2,173,
256070.086,start,3,171,
256071.86,conflict-at-land,2,173,
256086.86,start,2,173,
256090.612,conflict-at-land,3,171,
256100.46,conflict-at-land,2,173,
256105.612,start,3,171,
256115.46,start,2,173,
256128.689,conflict-at-land,3,171,
256130.737,conflict-at-land,2,173,
256143.689,start,3,171,
256145.737,start,2,173,
256160.123,conflict-at-land,2,173,
256169.501,conflict-at-land,3,171,
256175.123,start,2,173,
256184.501,start,3,171,
256185.116,conflict-at-land,2,173,
256200.116,start,2,173,
256202.63,conflict-at-land,3,171,
256211.72,conflict-at-land,2,173,
256217.63,start,3,171,
256226.72,start,2,173,
256240.315,conflict-at-land,2,173,
256241.149,conflict-at-land,3,171,
256255.315,start,2,173,
256256.149,start,3,171,
256267.262,conflict-at-land,2,173,
256272.352,conflict-at-land,3,171,
256282.262,start,2,173,
256287.352,start,3,171,
256297.632,conflict-at-land,2,173,
256310.355,conflict-at-land,3,171,
256312.632,start,2,173,
256325.355,start,3,171,
256327.958,conflict-at-land,2,173,
256342.958,start,2,173,
256344.434,conflict-at-land,3,171,
256356.351,conflict-at-land,2,173,
256359.434,start,3,171,
256371.351,start,2,173,
256378.051,conflict-at-land,3,171,
256385.882,conflict-at-land,2,173,
256393.051,start,3,171,
256400.882,start,2,173,
256408.877,conflict-at-land,3,171,
256410.433,conflict-at-land,2,173,
256423.877,start,3,171,
256425.433,start,2,173,
256438.702,conflict-at-land,3,171,
256439.994,conflict-at-land,2,173,
256453.702,start,3,171,
256454.994,start,2,173,
256467.378,conflict-at-land,2,173,
256480.279,conflict-at-land,3,171,
256482.378,start,2,173,
256495.279,start,3,171,
256497.97,conflict-at-land,2,173,
256512.97,start,2,173,
256521.353,conflict-at-land,3,171,
256524.214,conflict-at-land,2,173,
256536.353,start,3,171,
256539.214,start,2,173,
256549.929,conflict-at-land,2,173,
256558.389,conflict-at-land,3,171,
256564.929,start,2,173,
256573.389,start,3,171,
256578.798,conflict-at-land,2,173,
256593.798,start,2,173,
256598.851,conflict-at-land,3,171,
256605.433,conflict-at-land,2,173,
256613.851,start,3,171,
256620.433,start,2,173,
256632.92,conflict-at-land,2,173,
256634.754,conflict-at-land,3,171,
256647.92,start,2,173,
256649.754,start,3,171,
256660.213,conflict-at-land,2,173,
256670.064,conflict-at-land,3,171,
256675.213,start,2,173,
256685.064,start,3,171,
256687.447,conflict-at-land,2,173,
256702.447,start,2,173,
256704.623,conflict-at-land,3,171,
256713.797,conflict-at-land,2,173,
256719.623,start,3,171,
256728.797,start,2,173,
256736.47,conflict-at-land,3,171,
256744.005,conflict-at-land,2,173,
256751.47,start,3,171,
256759.005,start,2,173,
256771.273,conflict-at-land,3,171,
256772.17,conflict-at-land,2,173,
256786.273,start,3,171,
256787.17,start,2,173,
256797.024,conflict-at-land,2,173,
256805.618,conflict-at-land,3,171,
256812.024,start,2,173,
256820.618,start,3,171,
256827.114,conflict-at-land,2,173,
256842.114,start,2,173,
256843.601,conflict-at-land,3,171,
256856.523,conflict-at-land,2,173,
256858.601,start,3,171,
256871.523,start,2,173,
256880.46,conflict-at-land,3,171,
256881.473,conflict-at-land,2,173,
256895.46,start,3,171,
256896.473,start,2,173,
256911.042,conflict-at-land,2,173,
256911.292,conflict-at-land,3,171,
256926.042,start,2,173,
256926.292,start,3,171,
256935.609,conflict-at-land,2,173,
256950.609,start,2,173,
256951.382,conflict-at-land,3,171,
256962.555,conflict-at-land,2,173,
256966.382,start,3,171,
256977.555,start,2,173,
256985.379,conflict-at-land,3,171,
256988.84,conflict-at-land,2,173,
257000.379,start,3,171,
257003.84,start,2,173,
257018.97,conflict-at-land,2,173,
257025.864,conflict-at-land,3,171,
257033.97,start,2,173,
257040.864,start,3,171,
257044.744,conflict-at-land,2,173,
257059.744,start,2,173,
257063.819,conflict-at-land,3,171,
257070.631,conflict-at-land,2,173,
257078.819,start,3,171,
257085.631,start,2,173,
257096.292,conflict-at-land,2,173,
257101.169,conflict-at-land,3,171,
257111.292,start,2,173,
257116.169,start,3,171,
257126.081,conflict-at-land,2,173,
257131.446,conflict-at-land,3,171,
257141.081,start,2,173,
257146.446,start,3,171,
257152.943,conflict-at-land,2,173,
257165.78,conflict-at-land,3,171,
257167.943,start,2,173,
257180.78,start,3,171,
257181.712,conflict-at-land,2,173,
257196.712,start,2,173,
257196.817,conflict-at-land,3,171,
257205.786,conflict-at-land,2,173,
257211.817,start,3,171,
257220.786,start,2,173,
257231.846,conflict-at-land,3,171,
257234.205,conflict-at-land,2,173,
257246.846,start,3,171,
257249.205,start,2,173,
257261.652,conflict-at-land,2,173,
257262.716,conflict-at-land,3,171,
257276.652,start,2,173,
257277.716,start,3,171,
257287.693,conflict-at-land,2,173,
257301.737,conflict-at-land,3,171,
257302.693,start,2,173,
257316.737,start,3,171,
257318.069,conflict-at-land,2,173,
257332.94,conflict-at-land,3,171,
257333.069,start,2,173,
257347.94,start,3,171,
257347.983,conflict-at-land,2,173,
257362.983,start,2,173,
257369.407,conflict-at-land,3,171,
257374.115,conflict-at-land,0,155,
257376.527,conflict-at-land,2,173,
257384.407,start,3,171,
257389.115,start,0,155,
257391.527,start,2,173,
257402.036,conflict-at-land,3,171,
257406.223,conflict-at-land,2,173,
257417.036,start,3,171,
257421.223,start,2,173,
257436.272,conflict-at-land,2,173,
257440.99,conflict-at-land,3,171,
257451.272,start,2,173,
257455.99,start,3,171,
257463.825,conflict-at-land,2,173,
257478.825,start,2,173,
257481.72,conflict-at-land,3,171,
257493.817,conflict-at-land,2,173,
257496.72,start,3,171,
257508.817,start,2,173,
257519.576,conflict-at-land,3,171,
257519.781,conflict-at-land,2,173,
257534.576,start,3,171,
257534.781,start,2,173,
257546.983,conflict-at-land,2,173,
257556.793,conflict-at-land,3,171,
257561.983,start,2,173,
257571.793,start,3,171,
257573.982,conflict-at-land,2,173,
257588.965,conflict-at-land,3,171,
257588.982,start,2,173,
257600.148,conflict-at-land,2,173,
257603.965,start,3,171,
257615.148,start,2,173,
257625.279,conflict-at-land,2,173,
257629.746,conflict-at-land,3,171,
257640.279,start,2,173,
257644.746,start,3,171,
257655.065,conflict-at-land,2,173,
257668.434,conflict-at-land,3,171,
257670.065,start,2,173,
257679.615,conflict-at-land,2,173,
257683.434,start,3,171,
257694.615,start,2,173,
257705.035,conflict-at-land,3,171,
257706.337,conflict-at-land,2,173,
257720.035,start,3,171,
257721.337,start,2,173,
257736.356,conflict-at-land,2,173,
257742.146,conflict-at-land,3,171,
257751.356,start,2,173,
257757.146,start,3,171,
257760.837,conflict-at-land,2,173,
257775.837,start,2,173,
257784.098,conflict-at-land,3,171,
257791.399,conflict-at-land,2,173,
257799.098,start,3,171,
257806.399,start,2,173,
257821.734,conflict-at-land,2,173,
257825.015,conflict-at-land,3,171,
257836.734,start,2,173,
257840.015,start,3,171,
257847.37,conflict-at-land,2,173,
257857.892,conflict-at-land,3,171,
257862.37,start,2,173,
257872.892,start,3,171,
257874.293,conflict-at-land,2,173,
257889.293,start,2,173,
257893.155,conflict-at-land,3,171,
257893.155,abandon,3,171,
257893.155,start,3,174,
257899.891,conflict-at-land,3,174,
257904.7,conflict-at-land,2,173,
257914.891,start,3,174,
257919.7,start,2,173,
257921.462,conflict-at-land,3,174,
257934.537,conflict-at-land,2,173,
257936.462,start,3,174,
257944.052,conflict-at-land,3,174,
257949.537,start,2,173,
257959.052,start,3,174,
257960.992,conflict-at-land,2,173,
257964.524,conflict-at-land,3,174,
257975.992,start,2,173,
257979.524,start,3,174,
257984.598,conflict-at-land,3,174,
257987.492,conflict-at-land,2,173,
257999.598,start,3,174,
258002.492,start,2,173,
258006.34,conflict-at-land,3,174,
258011.106,conflict-at-land,2,173,
258021.34,start,3,174,
258025.947,conflict-at-land,3,174,
258026.106,start,2,173,
258040.947,start,3,174,
258041.305,conflict-at-land,2,173,
258047.513,conflict-at-land,3,174,
258056.305,start,2,173,
258062.513,start,3,174,
258069.167,conflict-at-land,2,173,
258070.127,conflict-at-land,3,174,
258084.167,start,2,173,
258085.127,start,3,174,
258090.206,conflict-at-land,3,174,
258094.261,conflict-at-land,2,173,
258105.206,start,3,174,
258109.261,start,2,173,
258110.834,conflict-at-land,3,174,
258120.133,conflict-at-land,2,173,
258125.834,start,3,174,
258131.409,conflict-at-land,3,174,
258135.133,start,2,173,
258146.409,start,3,174,
258148.023,conflict-at-land,2,173,
258152.208,conflict-at-land,3,174,
258163.023,start,2,173,
258167.208,start,3,174,
258171.59,conflict-at-land,2,173,
258173.886,conflict-at-land,3,174,
258186.59,start,2,173,
258188.886,start,3,174,
258194.181,conflict-at-land,3,174,
258199.406,conflict-at-land,2,173,
258209.181,start,3,174,
258214.406,start,2,173,
258215.498,conflict-at-land,3,174,
258226.006,conflict-at-land,2,173,
258230.498,start,3,174,
258234.75,conflict-at-land,3,174,
258241.006,start,2,173,
258249.75,start,3,174,
258251.082,conflict-at-land,2,173,
258257.441,conflict-at-land,3,174,
258266.082,start,2,173,
258272.441,start,3,174,
258276.861,conflict-at-land,2,173,
258276.993,conflict-at-land,3,174,
258291.861,start,2,173,
258291.993,start,3,174,
258299.122,conflict-at-land,3,174,
258307.183,conflict-at-land,2,173,
258314.122,start,3,174,
258319.097,conflict-at-land,3,174,
258322.183,start,2,173,
258330.79,conflict-at-land,2,173,
258334.097,start,3,174,
258338.996,conflict-at-land,3,174,
258345.79,start,2,173,
258353.996,start,3,174,
258359.183,conflict-at-land,2,173,
258361.663,conflict-at-land,3,174,
258374.183,start,2,173,
258376.663,start,3,174,
258381.022,conflict-at-land,3,174,
258384.956,conflict-at-land,2,173,
258396.022,start,3,174,
258399.956,start,2,173,
258401.031,conflict-at-land,3,174,
258414.815,conflict-at-land,2,173,
258416.031,start,3,174,
258420.693,conflict-at-land,3,174,
258429.815,start,2,173,
258435.693,start,3,174,
258439.344,conflict-at-land,2,173,
258443.437,conflict-at-land,3,174,
258454.344,start,2,173,
258458.437,start,3,174,
258463.151,conflict-at-land,3,174,
258465.671,conflict-at-land,2,173,
258478.151,start,3,174,
258480.671,start,2,173,
258484.701,conflict-at-land,3,174,
258496.049,conflict-at-land,2,173,
258499.701,start,3,174,
258504.404,conflict-at-land,3,174,
258511.049,start,2,173,
258519.404,start,3,174,
258526.199,conflict-at-land,2,173,
258526.351,conflict-at-land,3,174,
258541.199,start,2,173,
258541.351,start,3,174,
258545.643,conflict-at-land,3,174,
258554.83,conflict-at-land,2,173,
258560.643,start,3,174,
258566.335,conflict-at-land,3,174,
258569.83,start,2,173,
258581.335,start,3,174,
258583.67,conflict-at-land,2,173,
258588.557,conflict-at-land,3,174,
258598.67,start,2,173,
258603.557,start,3,174,
258608.066,conflict-at-land,3,174,
258608.955,conflict-at-land,2,173,
258623.066,start,3,174,
258623.955,start,2,173,
258630.194,conflict-at-land,3,174,
258634.143,conflict-at-land,2,173,
258645.194,start,3,174,
258649.143,start,2,173,
258651.946,conflict-at-land,3,174,
258663.396,conflict-at-land,2,173,
258666.946,start,3,174,
258673.488,conflict-at-land,3,174,
258678.396,start,2,173,
258687.111,conflict-at-land,2,173,
258688.488,start,3,174,
258693.55,conflict-at-land,3,174,
258702.111,start,2,173,
258708.55,start,3,174,
258711.895,conflict-at-land,2,173,
258714.276,conflict-at-land,3,174,
258726.895,start,2,173,
258729.276,start,3,174,
258734.557,conflict-at-land,3,174,
258741.605,conflict-at-land,2,173,
258749.557,start,3,174,
258753.807,conflict-at-land,3,174,
258756.605,start,2,173,
258768.807,start,3,174,
258772.145,conflict-at-land,2,173,
258775.255,conflict-at-land,3,174,
258787.145,start,2,173,
258790.255,start,3,174,
258797.101,conflict-at-land,3,174,
258797.506,conflict-at-land,2,173,
258812.101,start,3,174,
258812.506,start,2,173,
258817.605,conflict-at-land,3,174,
258827.148,conflict-at-land,2,173,
258832.605,start,3,174,
258839.807,conflict-at-land,3,174,
258842.148,start,2,173,
258854.807,start,3,174,
258855.673,conflict-at-land,2,173,
258859.9,conflict-at-land,3,174,
258867.678,conflict-at-land,0,155,
258870.673,start,2,173,
258874.9,start,3,174,
258881.674,conflict-at-land,3,174,
258882.678,start,0,155,
258885.076,conflict-at-land,2,173,
258896.674,start,3,174,
258900.076,start,2,173,
258902.245,conflict-at-land,3,174,
258914.797,conflict-at-land,2,173,
258917.245,start,3,174,
258923.542,conflict-at-land,3,174,
258929.797,start,2,173,
258938.542,start,3,174,
258940.937,conflict-at-land,2,173,
258945.259,conflict-at-land,3,174,
258955.937,start,2,173,
258960.259,start,3,174,
258965.838,conflict-at-land,2,173,
258967.204,conflict-at-land,3,174,
258980.838,start,2,173,
258982.204,start,3,174,
258988.242,conflict-at-land,3,174,
258992.592,conflict-at-land,2,173,
259003.242,start,3,174,
259007.592,start,2,173,
259010.074,conflict-at-land,3,174,
259020.344,conflict-at-land,2,173,
259025.074,start,3,174,
259032.102,conflict-at-land,3,174,
259035.344,start,2,173,
259047.102,start,3,174,
259048.216,conflict-at-land,2,173,
259054.064,conflict-at-land,3,174,
259063.216,start,2,173,
259069.064,start,3,174,
259073.996,conflict-at-land,2,173,
259075.184,conflict-at-land,3,174,
259088.996,start,2,173,
259090.184,start,3,174,
259095.594,conflict-at-land,3,174,
259097.396,conflict-at-land,2,173,
259110.594,start,3,174,
259112.396,start,2,173,
259118.213,conflict-at-land,3,174,
259121.401,conflict-at-land,2,173,
259133.213,start,3,174,
259136.401,start,2,173,
259138.49,conflict-at-land,3,174,
259144.857,conflict-at-land,2,173,
259153.49,start,3,174,
259159.857,start,2,173,
259160.368,conflict-at-land,3,174,
259173.063,conflict-at-land,2,173,
259175.368,start,3,174,
259181.381,conflict-at-land,3,174,
259188.063,start,2,173,
259196.381,start,3,174,
259199.949,conflict-at-land,2,173,
259203.971,conflict-at-land,3,174,
259214.949,start,2,173,
259218.971,start,3,174,
259224.35,conflict-at-land,3,174,
259228.181,conflict-at-land,2,173,
259239.35,start,3,174,
259243.181,start,2,173,
259246.684,conflict-at-land,3,174,
259257.406,conflict-at-land,2,173,
259261.684,start,3,174,
259267.567,conflict-at-land,3,174,
259272.406,start,2,173,
259282.567,start,3,174,
259283.414,conflict-at-land,2,173,
259289.02,conflict-at-land,3,174,
259298.414,start,2,173,
259304.02,start,3,174,
259309.584,conflict-at-land,3,174,
259310.879,conflict-at-land,2,173,
259324.584,start,3,174,
259325.879,start,2,173,
259330.149,conflict-at-land,3,174,
259335.445,conflict-at-land,2,173,
259345.149,start,3,174,
259350.445,start,2,173,
259350.465,conflict-at-land,3,174,
259363.501,conflict-at-land,2,173,
259365.465,start,3,174,
259372.785,conflict-at-land,3,174,
259378.501,start,2,173,
259387.785,start,3,174,
259387.911,conflict-at-land,2,173,
259395.185,conflict-at-land,3,174,
259402.911,start,2,173,
259410.185,start,3,174,
259412.232,conflict-at-land,2,173,
259416.962,conflict-at-land,3,174,
259427.232,start,2,173,
259431.962,start,3,174,
259438.345,conflict-at-land,3,174,
259439.637,conflict-at-land,2,173,
259453.345,start,3,174,
259454.637,start,2,173,
259458.206,conflict-at-land,3,174,
259464.02,conflict-at-land,2,173,
259473.206,start,3,174,
259479.02,start,2,173,
259480.086,conflict-at-land,3,174,
259487.992,conflict-at-land,2,173,
259495.086,start,3,174,
259500.111,conflict-at-land,3,174,
259502.992,start,2,173,
259512.393,conflict-at-land,2,173,
259515.111,start,3,174,
259520.699,conflict-at-land,3,174,
259527.393,start,2,173,
259535.699,start,3,174,
259537.064,conflict-at-land,2,173,
259540.555,conflict-at-land,3,174,
259552.064,start,2,173,
259555.555,start,3,174,
259560.855,conflict-at-land,3,174,
259565.263,conflict-at-land,2,173,
259575.855,start,3,174,
259580.263,start,2,173,
259581.101,conflict-at-land,3,174,
259595.006,conflict-at-land,2,173,
259596.101,start,3,174,
259602.243,conflict-at-land,3,174,
259610.006,start,2,173,
259617.243,start,3,174,
259622.008,conflict-at-land,3,174,
259625.257,conflict-at-land,2,173,
259637.008,start,3,174,
259640.257,start,2,173,
259643.429,conflict-at-land,3,174,
259651.08,conflict-at-land,2,173,
259658.429,start,3,174,
259662.668,conflict-at-land,3,174,
259666.08,start,2,173,
259675.514,conflict-at-land,2,173,
259677.668,start,3,174,
259681.899,conflict-at-land,3,174,
259690.514,start,2,173,
259696.899,start,3,174,
259701.297,conflict-at-land,3,174,
259703.163,conflict-at-land,2,173,
259716.297,start,3,174,
259718.163,start,2,173,
259724.012,conflict-at-land,3,174,
259727.409,conflict-at-land,2,173,
259739.012,start,3,174,
259742.409,start,2,173,
259745.282,conflict-at-land,3,174,
259753.449,conflict-at-land,2,173,
259760.282,start,3,174,
259767.786,conflict-at-land,3,174,
259768.449,start,2,173,
259777.441,conflict-at-land,2,173,
259782.786,start,3,174,
259788.855,conflict-at-land,3,174,
259792.441,start,2,173,
259801.315,conflict-at-land,2,173,
259803.855,start,3,174,
259809.149,conflict-at-land,3,174,
259816.315,start,2,173,
259824.149,start,3,174,
259827.23,conflict-at-land,2,173,
259831.638,conflict-at-land,3,174,
259842.23,start,2,173,
259846.638,start,3,174,
259853.648,conflict-at-land,3,174,
259856.29,conflict-at-land,2,173,
259868.648,start,3,174,
259871.29,start,2,173,
259876.183,conflict-at-land,3,174,
259885.306,conflict-at-land,2,173,
259891.183,start,3,174,
259896.977,conflict-at-land,3,174,
259900.306,start,2,173,
259909.621,conflict-at-land,2,173,
259911.977,start,3,174,
259919.604,conflict-at-land,3,174,
259924.621,start,2,173,
259933.207,conflict-at-land,2,173,
259934.604,start,3,174,
259941.684,conflict-at-land,3,174,
259948.207,start,2,173,
259956.684,start,3,174,
259956.704,conflict-at-land,2,173,
259961.655,conflict-at-land,3,174,
259971.704,start,2,173,
259976.655,start,3,174,
259981.024,conflict-at-land,3,174,
259982.754,conflict-at-land,2,173,
259996.024,start,3,174,
259997.754,start,2,173,
260002.246,conflict-at-land,3,174,
260008.462,conflict-at-land,2,173,
260017.246,start,3,174,
260022.403,conflict-at-land,3,174,
260023.462,start,2,173,
260037.403,start,3,174,
260038.556,conflict-at-land,2,173,
260044.732,conflict-at-land,3,174,
260053.556,start,2,173,
260059.732,start,3,174,
260065.106,conflict-at-land,3,174,
260067.621,conflict-at-land,2,173,
260080.106,start,3,174,
260082.621,start,2,173,
260086.155,conflict-at-land,3,174,
260095.992,conflict-at-land,2,173,
260101.155,start,3,174,
260108.647,conflict-at-land,3,174,
260110.992,start,2,173,
260123.45,conflict-at-land,2,173,
260123.647,start,3,174,
260128.238,conflict-at-land,3,174,
260138.45,start,2,173,
260143.238,start,3,174,
260147.939,conflict-at-land,3,174,
260152.675,conflict-at-land,2,173,
260162.939,start,3,174,
260167.675,start,2,173,
260167.859,conflict-at-land,3,174,
260180.213,conflict-at-land,2,173,
260182.859,start,3,174,
260187.635,conflict-at-land,3,174,
260195.213,start,2,173,
260202.635,start,3,174,
260208.114,conflict-at-land,2,173,
260208.236,conflict-at-land,3,174,
260223.114,start,2,173,
260223.236,start,3,174,
260228.603,conflict-at-land,3,174,
260238.164,conflict-at-land,2,173,
260243.603,start,3,174,
260248.357,conflict-at-land,3,174,
260253.164,start,2,173,
260263.357,start,3,174,
260268.316,conflict-at-land,2,173,
260270.762,conflict-at-land,3,174,
260283.316,start,2,173,
260285.762,start,3,174,
260291.528,conflict-at-land,3,174,
260294.287,conflict-at-land,2,173,
260306.528,start,3,174,
260309.287,start,2,173,
260312.112,conflict-at-land,3,174,
260321.794,conflict-at-land,2,173,
260327.112,start,3,174,
260332.471,conflict-at-land,3,174,
260336.794,start,2,173,
260347.471,start,3,174,
260347.584,conflict-at-land,2,173,
260353.88,conflict-at-land,3,174,
260362.584,start,2,173,
260368.88,start,3,174,
260374.771,conflict-at-land,3,174,
260376.559,conflict-at-land,2,173,
260389.771,start,3,174,
260391.559,start,2,173,
260394.386,conflict-at-land,3,174,
260403.705,conflict-at-land,2,173,
260409.386,start,3,174,
260416.328,conflict-at-land,3,174,
260418.705,start,2,173,
260428.094,conflict-at-land,2,173,
260431.328,start,3,174,
260437.94,conflict-at-land,3,174,
260443.094,start,2,173,
260452.94,start,3,174,
260457.848,conflict-at-land,3,174,
260458.127,conflict-at-land,2,173,
260472.848,start,3,174,
260473.127,start,2,173,
260478.211,conflict-at-land,3,174,
260483.637,conflict-at-land,2,173,
260493.211,start,3,174,
260498.637,start,2,173,
260499.347,conflict-at-land,3,174,
260508.031,conflict-at-land,2,173,
260514.347,start,3,174,
260521.573,conflict-at-land,3,174,
260523.031,start,2,173,
260533.92,conflict-at-land,2,173,
260536.573,start,3,174,
260543.49,conflict-at-land,3,174,
260548.92,start,2,173,
260558.49,start,3,174,
260561.606,conflict-at-land,2,173,
260565.59,conflict-at-land,3,174,
260576.606,start,2,173,
260580.59,start,3,174,
260585.8,conflict-at-land,3,174,
260591.846,conflict-at-land,2,173,
260600.8,start,3,174,
260606.51,conflict-at-land,3,174,
260606.846,start,2,173,
260621.51,start,3,174,
260621.786,conflict-at-land,2,173,
260628.402,conflict-at-land,3,174,
260636.786,start,2,173,
260643.402,start,3,174,
260648.087,conflict-at-land,0,155,
260648.999,conflict-at-land,3,174,
260649.733,conflict-at-land,2,173,
260663.087,start,0,155,
260663.999,start,3,174,
260664.733,start,2,173,
260668.221,conflict-at-land,3,174,
260676.179,conflict-at-land,2,173,
260683.221,start,3,174,
260690.943,conflict-at-land,3,174,
260691.179,start,2,173,
260705.128,conflict-at-land,2,173,
260705.943,start,3,174,
260713.394,conflict-at-land,3,174,
260720.128,start,2,173,
260728.394,start,3,174,
260733.957,conflict-at-land,2,173,
260736.161,conflict-at-land,3,174,
260748.957,start,2,173,
260751.161,start,3,174,
260758.754,conflict-at-land,3,174,
260764.324,conflict-at-land,2,173,
260773.754,start,3,174,
260778.171,conflict-at-land,3,174,
260779.324,start,2,173,
260790.018,conflict-at-land,2,173,
260793.171,start,3,174,
260799.03,conflict-at-land,3,174,
260805.018,start,2,173,
260814.03,start,3,174,
260816.106,conflict-at-land,2,173,
260821.516,conflict-at-land,3,174,
260831.106,start,2,173,
260836.516,start,3,174,
260839.766,conflict-at-land,2,173,
260841.178,conflict-at-land,3,174,
260854.766,start,2,173,
260856.178,start,3,174,
260863.185,conflict-at-land,3,174,
260864.007,conflict-at-land,2,173,
260878.185,start,3,174,
260879.007,start,2,173,
260885.803,conflict-at-land,3,174,
260887.907,conflict-at-land,2,173,
260900.803,start,3,174,
260902.907,start,2,173,
260907.245,conflict-at-land,3,174,
260912.327,conflict-at-land,2,173,
260922.245,start,3,174,
260927.327,start,2,173,
260929.778,conflict-at-land,3,174,
260942.312,conflict-at-land,2,173,
260944.778,start,3,174,
260951.385,conflict-at-land,3,174,
260957.312,start,2,173,
260966.385,start,3,174,
260972.487,conflict-at-land,2,173,
260973.417,conflict-at-land,3,174,
260987.487,start,2,173,
260988.417,start,3,174,
260994.291,conflict-at-land,3,174,
261000.92,conflict-at-land,2,173,
261009.291,start,3,174,
261013.898,conflict-at-land,3,174,
261015.92,start,2,173,
261025.684,conflict-at-land,2,173,
261028.898,start,3,174,
261035.862,conflict-at-land,3,174,
261040.684,start,2,173,
261049.577,conflict-at-land,2,173,
261050.862,start,3,174,
261057.09,conflict-at-land,3,174,
261064.577,start,2,173,
261072.09,start,3,174,
261074.804,conflict-at-land,2,173,
261079.575,conflict-at-land,3,174,
261089.804,start,2,173,
261094.575,start,3,174,
261101.895,conflict-at-land,3,174,
261102.203,conflict-at-land,2,173,
261116.895,start,3,174,
261117.203,start,2,173,
261121.169,conflict-at-land,3,174,
261125.983,conflict-at-land,2,173,
261136.169,start,3,174,
261140.48,conflict-at-land,3,174,
261140.983,start,2,173,
261155.48,start,3,174,
261156.288,conflict-at-land,2,173,
261162.957,conflict-at-land,3,174,
261171.288,start,2,173,
261177.957,start,3,174,
261184.154,conflict-at-land,3,174,
261186.032,conflict-at-land,2,173,
261199.154,start,3,174,
261201.032,start,2,173,
261203.575,conflict-at-land,3,174,
261216.517,conflict-at-land,2,173,
261218.575,start,3,174,
261223.09,conflict-at-land,3,174,
261231.517,start,2,173,
261238.09,start,3,174,
261242.988,conflict-at-land,2,173,
261245.708,conflict-at-land,3,174,
261257.988,start,2,173,
261260.708,start,3,174,
261265.016,conflict-at-land,3,174,
261269.022,conflict-at-land,2,173,
261280.016,start,3,174,
261284.022,start,2,173,
261287.517,conflict-at-land,3,174,
261294.356,conflict-at-land,2,173,
261294.356,abandon,2,173,
261294.356,start,2,175,
261302.517,start,3,174,
261304.032,conflict-at-land,2,175,
261308.011,conflict-at-land,3,174,
261319.032,start,2,175,
261323.011,start,3,174,
261327.221,conflict-at-land,2,175,
261330.047,conflict-at-land,3,174,
261342.221,start,2,175,
261345.047,start,3,174,
261351.311,conflict-at-land,3,174,
261352.367,conflict-at-land,2,175,
261366.311,start,3,174,
261367.367,start,2,175,
261373.782,conflict-at-land,3,174,
261376.289,conflict-at-land,2,175,
261388.782,start,3,174,
261391.289,start,2,175,
261394.654,conflict-at-land,3,174,
261400.612,conflict-at-land,2,175,
261409.654,start,3,174,
261415.612,start,2,175,
261416.76,conflict-at-land,3,174,
261424.754,conflict-at-land,2,175,
261431.76,start,3,174,
261437.698,conflict-at-land,3,174,
261439.754,start,2,175,
261449.406,conflict-at-land,2,175,
261452.698,start,3,174,
261457.638,conflict-at-land,3,174,
261464.406,start,2,175,
261472.638,start,3,174,
261475.747,conflict-at-land,2,175,
261477.574,conflict-at-land,3,174,
261490.747,start,2,175,
261492.574,start,3,174,
261498.348,conflict-at-land,2,175,
261499.331,conflict-at-land,3,174,
261513.348,start,2,175,
261514.331,start,3,174,
261520.979,conflict-at-land,3,174,
261522.499,conflict-at-land,2,175,
261535.979,start,3,174,
261537.499,start,2,175,
261540.788,conflict-at-land,3,174,
261546.725,conflict-at-land,2,175,
261555.788,start,3,174,
261561.725,start,2,175,
261563.332,conflict-at-land,3,174,
261569.34,conflict-at-land,2,175,
261578.332,start,3,174,
261584.34,start,2,175,
261585.035,conflict-at-land,3,174,
261594.576,conflict-at-land,2,175,
261600.035,start,3,174,
261606.704,conflict-at-land,3,174,
261609.576,start,2,175,
261620.441,conflict-at-land,2,175,
261621.704,start,3,174,
261627.593,conflict-at-land,3,174,
261635.441,start,2,175,
261642.593,start,3,174,
261645.42,conflict-at-land,2,175,
261648.899,conflict-at-land,3,174,
261660.42,start,2,175,
261663.899,start,3,174,
261670.526,conflict-at-land,2,175,
261671.168,conflict-at-land,3,174,
261685.526,start,2,175,
261686.168,start,3,174,
261692.238,conflict-at-land,3,174,
261693.546,conflict-at-land,2,175,
261707.238,start,3,174,
261708.546,start,2,175,
261714.171,conflict-at-land,3,174,
261716.284,conflict-at-land,2,175,
261729.171,start,3,174,
261731.284,start,2,175,
261735.232,conflict-at-land,3,174,
261741.979,conflict-at-land,2,175,
261750.232,start,3,174,
261756.369,conflict-at-land,3,174,
261756.979,start,2,175,
261767.732,conflict-at-land,2,175,
261771.369,start,3,174,
261777.532,conflict-at-land,3,174,
261782.732,start,2,175,
261792.532,start,3,174,
261792.897,conflict-at-land,2,175,
261799.0,conflict-at-land,3,174,
261807.897,start,2,175,
261814.0,start,3,174,
261819.042,conflict-at-land,2,175,
261820.383,conflict-at-land,3,174,
261834.042,start,2,175,
261835.383,start,3,174,
261840.37,conflict-at-land,3,174,
261841.849,conflict-at-land,2,175,
261855.37,start,3,174,
261856.849,start,2,175,
261861.622,conflict-at-land,3,174,
261863.627,conflict-at-land,2,175,
261876.622,start,3,174,
261878.627,start,2,175,
261881.367,conflict-at-land,3,174,
261890.067,conflict-at-land,2,175,
261896.367,start,3,174,
261902.573,conflict-at-land,3,174,
261905.067,start,2,175,
261916.017,conflict-at-land,2,175,
261917.573,start,3,174,
261924.753,conflict-at-land,3,174,
261931.017,start,2,175,
261939.753,start,3,174,
261941.477,conflict-at-land,2,175,
261945.543,conflict-at-land,3,174,
261956.477,start,2,175,
261960.543,start,3,174,
261965.107,conflict-at-land,2,175,
261966.077,conflict-at-land,3,174,
261980.107,start,2,175,
261981.077,start,3,174,
261985.545,conflict-at-land,3,174,
261987.442,conflict-at-land,2,175,
262000.545,start,3,174,
262002.442,start,2,175,
262005.468,conflict-at-land,3,174,
262013.504,conflict-at-land,2,175,
262020.468,start,3,174,
262026.196,conflict-at-land,3,174,
262028.504,start,2,175,
262035.055,conflict-at-land,2,175,
262041.196,start,3,174,
262047.087,conflict-at-land,3,174,
262050.055,start,2,175,
262061.488,conflict-at-land,2,175,
262062.087,start,3,174,
262067.285,conflict-at-land,3,174,
262076.488,start,2,175,
262082.285,start,3,174,
262086.003,conflict-at-land,2,175,
262089.224,conflict-at-land,3,174,
262101.003,start,2,175,
262104.224,start,3,174,
262107.514,conflict-at-land,2,175,
262111.521,conflict-at-land,3,174,
262111.521,abandon,3,174,
262111.521,start,3,176,
262122.514,start,2,175,
262129.229,conflict-at-land,2,175,
262137.883,conflict-at-land,3,176,
262144.229,start,2,175,
262152.465,conflict-at-land,2,175,
262152.883,start,3,176,
262167.465,start,2,175,
262178.404,conflict-at-land,2,175,
262180.123,conflict-at-land,3,176,
262193.404,start,2,175,
262195.123,start,3,176,
262202.819,conflict-at-land,2,175,
262213.343,conflict-at-land,3,176,
262217.819,start,2,175,
262224.206,conflict-at-land,2,175,
262228.343,start,3,176,
262239.206,start,2,175,
262249.629,conflict-at-land,2,175,
262250.994,conflict-at-land,3,176,
262264.629,start,2,175,
262265.994,start,3,176,
262272.936,conflict-at-land,2,175,
262287.936,start,2,175,
262293.152,conflict-at-land,3,176,
262298.078,conflict-at-land,2,175,
262308.152,start,3,176,
262311.572,conflict-at-land,0,155,
262313.078,start,2,175,
262319.733,conflict-at-land,2,175,
262326.572,start,0,155,
262334.733,start,2,175,
262335.849,conflict-at-land,3,176,
262343.222,conflict-at-land,2,175,
262350.849,start,3,176,
262358.222,start,2,175,
262366.502,conflict-at-land,2,175,
262380.425,conflict-at-land,3,176,
262381.502,start,2,175,
262392.794,conflict-at-land,2,175,
262395.425,start,3,176,
262407.794,start,2,175,
262416.005,conflict-at-land,2,175,
262418.728,conflict-at-land,3,176,
262431.005,start,2,175,
262433.728,start,3,176,
262438.776,conflict-at-land,2,175,
262452.062,conflict-at-land,3,176,
262453.776,start,2,175,
262464.422,conflict-at-land,2,175,
262467.062,start,3,176,
262479.422,start,2,175,
262488.932,conflict-at-land,2,175,
262495.28,conflict-at-land,3,176,
262503.932,start,2,175,
262510.28,start,3,176,
262511.803,conflict-at-land,2,175,
262526.803,start,2,175,
262536.729,conflict-at-land,2,175,
262537.521,conflict-at-land,3,176,
262551.729,start,2,175,
262552.521,start,3,176,
262563.291,conflict-at-land,2,175,
262570.393,conflict-at-land,3,176,
262578.291,start,2,175,
262585.393,start,3,176,
262586.904,conflict-at-land,2,175,
262601.904,start,2,175,
262610.17,conflict-at-land,2,175,
262611.536,conflict-at-land,3,176,
262625.17,start,2,175,
262626.536,start,3,176,
262631.888,conflict-at-land,2,175,
262646.888,start,2,175,
262648.879,conflict-at-land,3,176,
262657.664,conflict-at-land,2,175,
262663.879,start,3,176,
262672.664,start,2,175,
262683.815,conflict-at-land,2,175,
262689.304,conflict-at-land,3,176,
262698.815,start,2,175,
262704.304,start,3,176,
262709.91,conflict-at-land,2,175,
262724.91,start,2,175,
262727.125,conflict-at-land,3,176,
262733.371,conflict-at-land,2,175,
262742.125,start,3,176,
262748.371,start,2,175,
262754.693,conflict-at-land,2,175,
262760.643,conflict-at-land,3,176,
262769.693,start,2,175,
262775.643,start,3,176,
262776.928,conflict-at-land,2,175,
262791.928,start,2,175,
262802.996,conflict-at-land,2,175,
262806.008,conflict-at-land,3,176,
262817.996,start,2,175,
262821.008,start,3,176,
262824.643,conflict-at-land,2,175,
262839.356,conflict-at-land,3,176,
262839.643,start,2,175,
262847.112,conflict-at-land,2,175,
262854.356,start,3,176,
262862.112,start,2,175,
262871.076,conflict-at-land,2,175,
262881.824,conflict-at-land,3,176,
262886.076,start,2,175,
262893.565,conflict-at-land,2,175,
262896.824,start,3,176,
262908.565,start,2,175,
262915.929,conflict-at-land,3,176,
262916.018,conflict-at-land,2,175,
262930.929,start,3,176,
262931.018,start,2,175,
262940.95,conflict-at-land,2,175,
262955.686,conflict-at-land,3,176,
262955.95,start,2,175,
262962.878,conflict-at-land,2,175,
262970.686,start,3,176,
262977.878,start,2,175,
262986.95,conflict-at-land,2,175,
263001.648,conflict-at-land,3,176,
263001.95,start,2,175,
263011.611,conflict-at-land,2,175,
263016.648,start,3,176,
263026.611,start,2,175,
263034.3,conflict-at-land,2,175,
263036.622,conflict-at-land,3,176,
263049.3,start,2,175,
263051.622,start,3,176,
263055.839,conflict-at-land,2,175,
263068.761,conflict-at-land,3,176,
263070.839,start,2,175,
263079.696,conflict-at-land,2,175,
263083.761,start,3,176,
263094.696,start,2,175,
263102.064,conflict-at-land,3,176,
263103.902,conflict-at-land,2,175,
263117.064,start,3,176,
263118.902,start,2,175,
263128.648,conflict-at-land,2,175,
263143.648,start,2,175,
263147.052,conflict-at-land,3,176,
263155.296,conflict-at-land,2,175,
263162.052,start,3,176,
263170.296,start,2,175,
263179.325,conflict-at-land,2,175,
263187.34,conflict-at-land,3,176,
263194.325,start,2,175,
263201.251,conflict-at-land,2,175,
263202.34,start,3,176,
263216.251,start,2,175,
263220.728,conflict-at-land,3,176,
263227.263,conflict-at-land,2,175,
263235.728,start,3,176,
263242.263,start,2,175,
263252.802,conflict-at-land,2,175,
263262.648,conflict-at-land,3,176,
263267.802,start,2,175,
263276.889,conflict-at-land,2,175,
263277.648,start,3,176,
263291.889,start,2,175,
263301.683,conflict-at-land,2,175,
263302.279,conflict-at-land,3,176,
263316.683,start,2,175,
263317.279,start,3,176,
263323.484,conflict-at-land,2,175,
263338.484,start,2,175,
263341.94,conflict-at-land,3,176,
263345.0,conflict-at-land,2,175,
263356.94,start,3,176,
263360.0,start,2,175,
263369.571,conflict-at-land,2,175,
263381.755,conflict-at-land,3,176,
263384.571,start,2,175,
263395.066,conflict-at-land,2,175,
263396.755,start,3,176,
263410.066,start,2,175,
263419.101,conflict-at-land,2,175,
263427.591,conflict-at-land,3,176,
263434.101,start,2,175,
263442.591,start,3,176,
263445.782,conflict-at-land,2,175,
263460.782,start,2,175,
263468.81,conflict-at-land,2,175,
263472.65,conflict-at-land,3,176,
263483.81,start,2,175,
263487.65,start,3,176,
263492.153,conflict-at-land,2,175,
263507.153,start,2,175,
263507.916,conflict-at-land,3,176,
263513.635,conflict-at-land,2,175,
263522.916,start,3,176,
263528.635,start,2,175,
263537.72,conflict-at-land,2,175,
263546.117,conflict-at-land,3,176,
263552.72,start,2,175,
263561.117,start,3,176,
263562.741,conflict-at-land,2,175,
263577.741,start,2,175,
263588.805,conflict-at-land,2,175,
263591.388,conflict-at-land,3,176,
263603.805,start,2,175,
263606.388,start,3,176,
263613.306,conflict-at-land,2,175,
263628.306,start,2,175,
263629.787,conflict-at-land,3,176,
263639.547,conflict-at-land,2,175,
263644.787,start,3,176,
263654.547,start,2,175,
263661.489,conflict-at-land,2,175,
263667.165,conflict-at-land,3,176,
263676.489,start,2,175,
263682.165,start,3,176,
263684.099,conflict-at-land,2,175,
263699.099,start,2,175,
263702.162,conflict-at-land,3,176,
263706.887,conflict-at-land,2,175,
263717.162,start,3,176,
263721.887,start,2,175,
263729.501,conflict-at-land,2,175,
263737.878,conflict-at-land,3,176,
263744.501,start,2,175,
263752.878,start,3,176,
263753.798,conflict-at-land,2,175,
263768.798,start,2,175,
263775.803,conflict-at-land,3,176,
263777.557,conflict-at-land,2,175,
263790.803,start,3,176,
263792.557,start,2,175,
263803.683,conflict-at-land,2,175,
263811.084,conflict-at-land,3,176,
263818.683,start,2,175,
263826.084,start,3,176,
263829.419,conflict-at-land,2,175,
263844.419,start,2,175,
263851.033,conflict-at-land,3,176,
263852.805,conflict-at-land,2,175,
263866.033,start,3,176,
263867.805,start,2,175,
263876.313,conflict-at-land,2,175,
263889.171,conflict-at-land,3,176,
263891.313,start,2,175,
263902.746,conflict-at-land,2,175,
263904.171,start,3,176,
263917.746,start,2,175,
263927.631,conflict-at-land,2,175,
263931.139,conflict-at-land,3,176,
263942.631,start,2,175,
263946.139,start,3,176,
263952.457,conflict-at-land,2,175,
263967.457,start,2,175,
263971.951,conflict-at-land,3,176,
263974.003,conflict-at-land,2,175,
263986.951,start,3,176,
263989.003,start,2,175,
263999.338,conflict-at-land,2,175,
264011.454,conflict-at-land,3,176,
264014.338,start,2,175,
264023.583,conflict-at-land,2,175,
264026.454,start,3,176,
264038.583,start,2,175,
264048.588,conflict-at-land,2,175,
264049.268,conflict-at-land,3,176,
264063.588,start,2,175,
264064.268,start,3,176,
264071.119,conflict-at-land,2,175,
264086.119,start,2,175,
264090.176,conflict-at-land,3,176,
264094.708,conflict-at-land,2,175,
264105.176,start,3,176,
264109.708,start,2,175,
264120.514,conflict-at-land,2,175,
264130.254,conflict-at-land,3,176,
264135.514,start,2,175,
264145.254,start,3,176,
264145.309,conflict-at-land,2,175,
264160.309,start,2,175,
264169.995,conflict-at-land,2,175,
264175.297,conflict-at-land,3,176,
264184.995,start,2,175,
264190.297,start,3,176,
264192.719,conflict-at-land,2,175,
264207.719,start,2,175,
264213.044,conflict-at-land,3,176,
264214.208,conflict-at-land,2,175,
264228.044,start,3,176,
264229.208,start,2,175,
264237.967,conflict-at-land,2,175,
264250.533,conflict-at-land,3,176,
264252.967,start,2,175,
264253.117,conflict-at-land,0,155,
264261.271,conflict-at-land,2,175,
264265.533,start,3,176,
264268.117,start,0,155,
264276.271,start,2,175,
264284.127,conflict-at-land,2,175,
264296.17,conflict-at-land,3,176,
264299.127,start,2,175,
264309.678,conflict-at-land,2,175,
264311.17,start,3,176,
264324.678,start,2,175,
264333.017,conflict-at-land,2,175,
264339.828,conflict-at-land,3,176,
264348.017,start,2,175,
264354.828,start,3,176,
264358.569,conflict-at-land,2,175,
264373.569,start,2,175,
264381.618,conflict-at-land,3,176,
264383.465,conflict-at-land,2,175,
264396.618,start,3,176,
264398.465,start,2,175,
264406.143,conflict-at-land,2,175,
264415.634,conflict-at-land,3,176,
264421.143,start,2,175,
264428.314,conflict-at-land,2,175,
264430.634,start,3,176,
264443.314,start,2,175,
264453.047,conflict-at-land,2,175,
264457.307,conflict-at-land,3,176,
264468.047,start,2,175,
264472.307,start,3,176,
264476.733,conflict-at-land,2,175,
264491.733,start,2,175,
264497.224,conflict-at-land,3,176,
264501.835,conflict-at-land,2,175,
264512.224,start,3,176,
264516.835,start,2,175,
264524.243,conflict-at-land,2,175,
264530.055,conflict-at-land,3,176,
264539.243,start,2,175,
264545.055,start,3,176,
264545.558,conflict-at-land,2,175,
264560.558,start,2,175,
264565.872,conflict-at-land,3,176,
264568.469,conflict-at-land,2,175,
264580.872,start,3,176,
264583.469,start,2,175,
264594.955,conflict-at-land,2,175,
264603.035,conflict-at-land,3,176,
264609.955,start,2,175,
264618.035,start,3,176,
264618.801,conflict-at-land,2,175,
264633.801,start,2,175,
264641.665,conflict-at-land,2,175,
264645.291,conflict-at-land,3,176,
264656.665,start,2,175,
264660.291,start,3,176,
264665.886,conflict-at-land,2,175,
264680.886,start,2,175,
264687.218,conflict-at-land,3,176,
264687.855,conflict-at-land,2,175,
264702.218,start,3,176,
264702.855,start,2,175,
264710.723,conflict-at-land,2,175,
264723.315,conflict-at-land,3,176,
264725.723,start,2,175,
264732.642,conflict-at-land,2,175,
264738.315,start,3,176,
264747.642,start,2,175,
264757.032,conflict-at-land,2,175,
264763.768,conflict-at-land,3,176,
264772.032,start,2,175,
264778.768,start,3,176,
264782.01,conflict-at-land,2,175,
264797.01,start,2,175,
264797.457,conflict-at-land,3,176,
264804.606,conflict-at-land,2,175,
264812.457,start,3,176,
264819.606,start,2,175,
264826.165,conflict-at-land,2,175,
264837.465,conflict-at-land,3,176,
264841.165,start,2,175,
264848.838,conflict-at-land,2,175,
264852.465,start,3,176,
264863.838,start,2,175,
264870.661,conflict-at-land,2,175,
264872.406,conflict-at-land,3,176,
264885.661,start,2,175,
264887.406,start,3,176,
264892.516,conflict-at-land,2,175,
264907.516,start,2,175,
264915.287,conflict-at-land,2,175,
264915.511,conflict-at-land,3,176,
264930.287,start,2,175,
264930.511,start,3,176,
264940.403,conflict-at-land,2,175,
264955.403,start,2,175,
264958.954,conflict-at-land,3,176,
264962.469,conflict-at-land,2,175,
264973.954,start,3,176,
264977.469,start,2,175,
264988.486,conflict-at-land,2,175,
265003.486,start,2,175,
265004.455,conflict-at-land,3,176,
265013.176,conflict-at-land,2,175,
265019.455,start,3,176,
265028.176,start,2,175,
265036.258,conflict-at-land,2,175,
265041.514,conflict-at-land,3,176,
265051.258,start,2,175,
265056.514,start,3,176,
265059.894,conflict-at-land,2,175,
265074.894,start,2,175,
265085.105,conflict-at-land,3,176,
265086.302,conflict-at-land,2,175,
265100.105,start,3,176,
265101.302,start,2,175,
265107.95,conflict-at-land,2,175,
265118.543,conflict-at-land,3,176,
265122.95,start,2,175,
265132.494,conflict-at-land,2,175,
265133.543,start,3,176,
265147.494,start,2,175,
265156.128,conflict-at-land,2,175,
265161.247,conflict-at-land,3,176,
265171.128,start,2,175,
265176.247,start,3,176,
265180.061,conflict-at-land,2,175,
265195.061,start,2,175,
265195.906,conflict-at-land,3,176,
265204.832,conflict-at-land,2,175,
265210.906,start,3,176,
265219.832,start,2,175,
265231.105,conflict-at-land,2,175,
265232.378,conflict-at-land,3,176,
265246.105,start,2,175,
265247.378,start,3,176,
265253.529,conflict-at-land,2,175,
265264.213,conflict-at-land,3,176,
265268.529,start,2,175,
265279.213,start,3,176,
265279.784,conflict-at-land,2,175,
265294.784,start,2,175,
265302.717,conflict-at-land,2,175,
265303.903,conflict-at-land,3,176,
265317.717,start,2,175,
265318.903,start,3,176,
265326.664,conflict-at-land,2,175,
265341.664,start,2,175,
265344.793,conflict-at-land,3,176,
265349.454,conflict-at-land,2,175,
265359.793,start,3,176,
265364.454,start,2,175,
265376.109,conflict-at-land,2,175,
265390.639,conflict-at-land,3,176,
265391.109,start,2,175,
265398.549,conflict-at-land,2,175,
265405.639,start,3,176,
265413.549,start,2,175,
265423.895,conflict-at-land,2,175,
265424.381,conflict-at-land,3,176,
265438.895,start,2,175,
265439.381,start,3,176,
265448.3,conflict-at-land,2,175,
265458.56,conflict-at-land,3,176,
265463.3,start,2,175,
265472.319,conflict-at-land,2,175,
265473.56,start,3,176,
265487.319,start,2,175,
265494.328,conflict-at-land,2,175,
265499.351,conflict-at-land,3,176,
265509.328,start,2,175,
265514.351,start,3,176,
265517.038,conflict-at-land,2,175,
265532.038,start,2,175,
265537.801,conflict-at-land,3,176,
265539.037,conflict-at-land,2,175,
265552.801,start,3,176,
265554.037,start,2,175,
265564.905,conflict-at-land,2,175,
265574.934,conflict-at-land,3,176,
265579.905,start,2,175,
265586.604,conflict-at-land,2,175,
265589.934,start,3,176,
265601.604,start,2,175,
265608.115,conflict-at-land,2,175,
265619.613,conflict-at-land,3,176,
265623.115,start,2,175,
265634.234,conflict-at-land,2,175,
265634.613,start,3,176,
265649.234,start,2,175,
265658.139,conflict-at-land,2,175,
265661.442,conflict-at-land,3,176,
265673.139,start,2,175,
265676.442,start,3,176,
265679.721,conflict-at-land,2,175,
265694.721,start,2,175,
265697.067,conflict-at-land,3,176,
265704.43,conflict-at-land,2,175,
265712.067,start,3,176,
265719.43,start,2,175,
265730.91,conflict-at-land,2,175,
265737.513,conflict-at-land,3,176,
265745.91,start,2,175,
265752.513,start,3,176,
265753.552,conflict-at-land,2,175,
265768.552,start,2,175,
265776.378,conflict-at-land,3,176,
265779.225,conflict-at-land,2,175,
265791.378,start,3,176,
265794.225,start,2,175,
265801.636,conflict-at-land,2,175,
265815.479,conflict-at-land,3,176,
265816.636,start,2,175,
265822.994,conflict-at-land,2,175,
265830.479,start,3,176,
265837.994,start,2,175,
265848.411,conflict-at-land,2,175,
265851.649,conflict-at-land,3,176,
265863.411,start,2,175,
265866.649,start,3,176,
265870.497,conflict-at-land,2,175,
265885.497,start,2,175,
265887.698,conflict-at-land,3,176,
265894.889,conflict-at-land,2,175,
265902.698,start,3,176,
265909.889,start,2,175,
265920.379,conflict-at-land,2,175,
265921.058,conflict-at-land,3,176,
265935.379,start,2,175,
265936.058,start,3,176,
265942.857,conflict-at-land,2,175,
265957.857,start,2,175,
265964.464,conflict-at-land,2,175,
265965.525,conflict-at-land,3,176,
265979.464,start,2,175,
265980.525,start,3,176,
265986.976,conflict-at-land,2,175,
265991.912,conflict-at-land,0,155,
266001.976,start,2,175,
266004.057,conflict-at-land,3,176,
266006.912,start,0,155,
266011.521,conflict-at-land,2,175,
266019.057,start,3,176,
266026.521,start,2,175,
266034.803,conflict-at-land,2,175,
266036.223,conflict-at-land,3,176,
266049.803,start,2,175,
266051.223,start,3,176,
266060.829,conflict-at-land,2,175,
266075.829,start,2,175,
266082.174,conflict-at-land,3,176,
266084.43,conflict-at-land,2,175,
266084.43,abandon,2,175,
266084.43,start,2,177,
266092.893,conflict-at-land,2,177,
266097.174,start,3,176,
266107.893,refuse,2,177,
266118.833,conflict-at-land,3,176,
266122.893,start,2,177,
266131.513,conflict-at-land,2,177,
266133.833,start,3,176,
266146.513,refuse,2,177,
266150.669,conflict-at-land,3,176,
266161.513,start,2,177,
266165.669,refuse,3,176,
266173.732,conflict-at-land,2,177,
266180.669,start,3,176,
266188.732,refuse,2,177,
266203.732,refuse,2,177,
266207.126,conflict-at-land,3,176,
266218.732,start,2,177,
266222.126,refuse,3,176,
266234.175,conflict-at-land,2,177,
266237.126,start,3,176,
266249.175,refuse,2,177,
266264.175,refuse,2,177,
266268.079,conflict-at-land,3,176,
266279.175,start,2,177,
266283.079,refuse,3,176,
266288.564,conflict-at-land,2,177,
266298.079,start,3,176,
266303.564,refuse,2,177,
266318.564,refuse,2,177,
266328.813,conflict-at-land,3,176,
266333.564,start,2,177,
266343.813,refuse,3,176,
266349.124,conflict-at-land,2,177,
266358.813,start,3,176,
266364.124,refuse,2,177,
266379.124,refuse,2,177,
266387.431,conflict-at-land,3,176,
266394.124,start,2,177,
266402.431,refuse,3,176,
266409.557,conflict-at-land,2,177,
266417.431,start,3,176,
266424.557,refuse,2,177,
266439.557,refuse,2,177,
266444.232,conflict-at-land,3,176,
266454.557,start,2,177,
266459.232,refuse,3,176,
266469.524,conflict-at-land,2,177,
266474.232,start,3,176,
266484.524,refuse,2,177,
266496.058,conflict-at-land,3,176,
266499.524,start,2,177,
266511.058,refuse,3,176,
266512.711,conflict-at-land,2,177,
266526.058,start,3,176,
266527.711,refuse,2,177,
266542.711,refuse,2,177,
266543.714,conflict-at-land,3,176,
266557.711,start,2,177,
266558.714,refuse,3,176,
266566.14,conflict-at-land,2,177,
266573.714,start,3,176,
266581.14,refuse,2,177,
266596.14,refuse,2,177,
266601.511,conflict-at-land,3,176,
266611.14,start,2,177,
266616.511,refuse,3,176,
266622.665,conflict-at-land,2,177,
266631.511,start,3,176,
266637.665,refuse,2,177,
266650.174,conflict-at-land,3,176,
266652.665,start,2,177,
266665.174,refuse,3,176,
266665.539,conflict-at-land,2,177,
266680.174,start,3,176,
266680.539,refuse,2,177,
266695.539,refuse,2,177,
266697.292,conflict-at-land,3,176,
266710.539,start,2,177,
266712.292,refuse,3,176,
266725.587,conflict-at-land,2,177,
266727.292,start,3,176,
266740.587,refuse,2,177,
266755.587,refuse,2,177,
266758.44,conflict-at-land,3,176,
266770.587,start,2,177,
266773.44,refuse,3,176,
266784.777,conflict-at-land,2,177,
266788.44,start,3,176,
266799.777,refuse,2,177,
266810.652,conflict-at-land,3,176,
266814.777,start,2,177,
266824.157,conflict-at-land,2,177,
266825.652,start,3,176,
266839.157,refuse,2,177,
266844.477,conflict-at-land,3,176,
266854.157,start,2,177,
266859.477,refuse,3,176,
266867.027,conflict-at-land,2,177,
266874.477,start,3,176,
266882.027,refuse,2,177,
266897.027,refuse,2,177,
266902.856,conflict-at-land,3,176,
266912.027,start,2,177,
266917.856,refuse,3,176,
266921.341,conflict-at-land,2,177,
266932.856,start,3,176,
266936.341,refuse,2,177,
266951.341,refuse,2,177,
266963.818,conflict-at-land,3,176,
266966.341,start,2,177,
266976.871,conflict-at-land,2,177,
266978.818,start,3,176,
266991.871,refuse,2,177,
267005.99,conflict-at-land,3,176,
267006.871,start,2,177,
267016.013,conflict-at-land,2,177,
267020.99,start,3,176,
267031.013,refuse,2,177,
267046.013,refuse,2,177,
267049.877,conflict-at-land,3,176,
267061.013,start,2,177,
267064.877,refuse,3,176,
267071.039,conflict-at-land,2,177,
267079.877,start,3,176,
267086.039,refuse,2,177,
267101.039,refuse,2,177,
267110.015,conflict-at-land,3,176,
267116.039,start,2,177,
267125.015,refuse,3,176,
267131.452,conflict-at-land,2,177,
267140.015,start,3,176,
267146.452,refuse,2,177,
267158.703,conflict-at-land,3,176,
267161.452,start,2,177,
267171.381,conflict-at-land,2,177,
267173.703,start,3,176,
267186.381,refuse,2,177,
267197.298,conflict-at-land,3,176,
267201.381,start,2,177,
267212.298,refuse,3,176,
267215.647,conflict-at-land,2,177,
267227.298,start,3,176,
267230.647,refuse,2,177,
267245.647,refuse,2,177,
267250.177,conflict-at-land,3,176,
267260.647,start,2,177,
267265.177,refuse,3,176,
267270.598,conflict-at-land,2,177,
267280.177,start,3,176,
267285.598,refuse,2,177,
267297.336,conflict-at-land,3,176,
267300.598,start,2,177,
267312.336,refuse,3,176,
267315.367,conflict-at-land,2,177,
267327.336,start,3,176,
267330.367,refuse,2,177,
267345.367,refuse,2,177,
267357.088,conflict-at-land,3,176,
267360.367,start,2,177,
267372.088,refuse,3,176,
267374.485,conflict-at-land,2,177,
267387.088,start,3,176,
267389.485,refuse,2,177,
267404.485,refuse,2,177,
267410.207,conflict-at-land,3,176,
267419.485,start,2,177,
267425.207,refuse,3,176,
267431.034,conflict-at-land,2,177,
267440.207,start,3,176,
267446.034,refuse,2,177,
267461.034,refuse,2,177,
267461.786,conflict-at-land,3,176,
267476.034,start,2,177,
267476.786,refuse,3,176,
267486.057,conflict-at-land,2,177,
267491.786,start,3,176,
267501.057,refuse,2,177,
267516.057,refuse,2,177,
267516.271,conflict-at-land,3,176,
267531.057,start,2,177,
267531.271,refuse,3,176,
267533.913,conflict-at-land,0,155,
267543.765,conflict-at-land,2,177,
267546.271,start,3,176,
267548.913,start,0,155,
267558.765,refuse,2,177,
267569.573,conflict-at-land,3,176,
267573.765,start,2,177,
267584.573,refuse,3,176,
267585.081,conflict-at-land,2,177,
267599.573,start,3,176,
267600.081,refuse,2,177,
267615.081,refuse,2,177,
267618.291,conflict-at-land,3,176,
267630.081,start,2,177,
267633.291,refuse,3,176,
267642.667,conflict-at-land,2,177,
267648.291,start,3,176,
267657.667,refuse,2,177,
267672.667,refuse,2,177,
267673.943,conflict-at-land,3,176,
267687.667,start,2,177,
267688.943,refuse,3,176,
267700.093,conflict-at-land,2,177,
267703.943,start,3,176,
267715.093,refuse,2,177,
267727.142,conflict-at-land,3,176,
267730.093,start,2,177,
267742.142,refuse,3,176,
267742.314,conflict-at-land,2,177,
267757.142,start,3,176,
267757.314,refuse,2,177,
267772.314,refuse,2,177,
267783.028,conflict-at-land,3,176,
267787.314,start,2,177,
267798.028,refuse,3,176,
267800.032,conflict-at-land,2,177,
267813.028,start,3,176,
267815.032,refuse,2,177,
267830.032,refuse,2,177,
267831.983,conflict-at-land,3,176,
267845.032,start,2,177,
267846.983,refuse,3,176,
267860.334,conflict-at-land,2,177,
267861.983,start,3,176,
267875.334,refuse,2,177,
267889.986,conflict-at-land,3,176,
267890.334,start,2,177,
267899.436,conflict-at-land,2,177,
267904.986,start,3,176,
267914.436,refuse,2,177,
267926.568,conflict-at-land,3,176,
267929.436,start,2,177,
267941.568,refuse,3,176,
267943.222,conflict-at-land,2,177,
267956.568,start,3,176,
267958.222,refuse,2,177,
267973.222,refuse,2,177,
267975.264,conflict-at-land,3,176,
267988.222,start,2,177,
267990.264,refuse,3,176,
268003.236,conflict-at-land,2,177,
268005.264,start,3,176,
268018.236,refuse,2,177,
268031.199,conflict-at-land,3,176,
268033.236,start,2,177,
268046.199,refuse,3,176,
268047.502,conflict-at-land,2,177,
268061.199,start,3,176,
268062.502,refuse,2,177,
268077.502,refuse,2,177,
268080.839,conflict-at-land,3,176,
268092.502,start,2,177,
268095.839,refuse,3,176,
268101.611,conflict-at-land,2,177,
268110.839,start,3,176,
268116.611,refuse,2,177,
268131.611,refuse,2,177,
268136.263,conflict-at-land,3,176,
268146.611,start,2,177,
268151.263,refuse,3,176,
268160.568,conflict-at-land,2,177,
268166.263,start,3,176,
268175.568,refuse,2,177,
268183.692,conflict-at-land,3,176,
268190.568,start,2,177,
268198.692,refuse,3,176,
268205.261,conflict-at-land,2,177,
268213.692,start,3,176,
268220.261,refuse,2,177,
268235.261,refuse,2,177,
268242.25,conflict-at-land,3,176,
268250.261,start,2,177,
268257.25,refuse,3,176,
268260.279,conflict-at-land,2,177,
268272.25,start,3,176,
268275.279,refuse,2,177,
268290.279,refuse,2,177,
268292.322,conflict-at-land,3,176,
268305.279,start,2,177,
268307.322,refuse,3,176,
268320.174,conflict-at-land,2,177,
268322.322,start,3,176,
268335.174,refuse,2,177,
268343.088,conflict-at-land,3,176,
268350.174,start,2,177,
268358.088,refuse,3,176,
268360.712,conflict-at-land,2,177,
268373.088,start,3,176,
268375.712,refuse,2,177,
268390.712,refuse,2,177,
268403.756,conflict-at-land,3,176,
268405.712,start,2,177,
268414.154,conflict-at-land,2,177,
268418.756,start,3,176,
268429.154,refuse,2,177,
268444.154,refuse,2,177,
268447.025,conflict-at-land,3,176,
268459.154,start,2,177,
268462.025,refuse,3,176,
268469.32,conflict-at-land,2,177,
268477.025,start,3,176,
268484.32,refuse,2,177,
268496.765,conflict-at-land,3,176,
268499.32,start,2,177,
268510.46,conflict-at-land,2,177,
268511.765,start,3,176,
268525.46,refuse,2,177,
268540.46,refuse,2,177,
268542.272,conflict-at-land,3,176,
268555.46,start,2,177,
268557.272,refuse,3,176,
268569.883,conflict-at-land,2,177,
268572.272,start,3,176,
268584.883,refuse,2,177,
268599.883,refuse,2,177,
268600.748,conflict-at-land,3,176,
268614.883,start,2,177,
268615.748,refuse,3,176,
268627.861,conflict-at-land,2,177,
268630.748,start,3,176,
268642.861,refuse,2,177,
268657.381,conflict-at-land,3,176,
268657.861,start,2,177,
268666.524,conflict-at-land,2,177,
268672.381,start,3,176,
268681.524,refuse,2,177,
268691.427,conflict-at-land,3,176,
268696.524,start,2,177,
268706.427,refuse,3,176,
268710.157,conflict-at-land,2,177,
268721.427,start,3,176,
268725.157,refuse,2,177,
268740.157,refuse,2,177,
268743.089,conflict-at-land,3,176,
268755.157,start,2,177,
268758.089,refuse,3,176,
268768.763,conflict-at-land,2,177,
268773.089,start,3,176,
268783.763,refuse,2,177,
268792.316,conflict-at-land,3,176,
268798.763,start,2,177,
268807.316,refuse,3,176,
268811.647,conflict-at-land,2,177,
268822.316,start,3,176,
268826.647,refuse,2,177,
268840.917,conflict-at-land,3,176,
268841.647,start,2,177,
268853.401,conflict-at-land,2,177,
268855.917,start,3,176,
268868.401,refuse,2,177,
268880.21,conflict-at-land,3,176,
268880.21,abandon,3,176,
268880.21,refuse,3,178,
268883.401,start,2,177,
268895.21,refuse,3,178,
268897.652,conflict-at-land,2,177,
268910.21,refuse,3,178,
268912.652,start,2,177,
268924.704,conflict-at-land,2,177,
268925.21,refuse,3,178,
268939.704,start,2,177,
268940.21,refuse,3,178,
268953.549,conflict-at-land,2,177,
268955.21,refuse,3,178,
268968.549,start,2,177,
268970.21,refuse,3,178,
268979.483,conflict-at-land,2,177,
268985.21,refuse,3,178,
268994.483,start,2,177,
269000.21,refuse,3,178,
269008.67,conflict-at-land,2,177,
269015.21,refuse,3,178,
269023.67,start,2,177,
269030.21,refuse,3,178,
269034.633,conflict-at-land,2,177,
269045.21,refuse,3,178,
269049.633,start,2,177,
269060.21,refuse,3,178,
269060.664,conflict-at-land,2,177,
269075.21,refuse,3,178,
269075.664,start,2,177,
269086.971,conflict-at-land,2,177,
269090.21,refuse,3,178,
269101.971,start,2,177,
269105.21,refuse,3,178,
269117.524,conflict-at-land,2,177,
269120.21,refuse,3,178,
269132.524,start,2,177,
269135.21,refuse,3,178,
269141.009,conflict-at-land,2,177,
269150.21,refuse,3,178,
269156.009,start,2,177,
269165.21,refuse,3,178,
269168.797,conflict-at-land,2,177,
269180.21,refuse,3,178,
269183.797,start,2,177,
269195.21,refuse,3,178,
269199.302,conflict-at-land,2,177,
269210.21,refuse,3,178,
269214.302,start,2,177,
269225.21,refuse,3,178,
269228.731,conflict-at-land,2,177,
269240.21,refuse,3,178,
269243.731,start,2,177,
269252.384,conflict-at-land,2,177,
269255.21,refuse,3,178,
269267.384,start,2,177,
269270.21,refuse,3,178,
269278.666,conflict-at-land,2,177,
269285.21,refuse,3,178,
269293.666,start,2,177,
269300.21,refuse,3,178,
269303.589,conflict-at-land,2,177,
269315.21,refuse,3,178,
269318.589,start,2,177,
269330.21,refuse,3,178,
269330.788,conflict-at-land,2,177,
269345.21,refuse,3,178,
269345.788,start,2,177,
269356.177,conflict-at-land,2,177,
269360.21,refuse,3,178,
269371.177,start,2,177,
269375.21,refuse,3,178,
269385.276,conflict-at-land,2,177,
269390.21,refuse,3,178,
269400.276,start,2,177,
269405.21,refuse,3,178,
269411.591,conflict-at-land,2,177,
269420.21,refuse,3,178,
269426.591,start,2,177,
269435.21,refuse,3,178,
269441.261,conflict-at-land,2,177,
269450.21,refuse,3,178,
269456.261,start,2,177,
269465.21,refuse,3,178,
269466.019,conflict-at-land,2,177,
269480.21,refuse,3,178,
269481.019,start,2,177,
269492.162,conflict-at-land,2,177,
269495.21,refuse,3,178,
269507.162,start,2,177,
269510.21,refuse,3,178,
269521.027,conflict-at-land,2,177,
269525.21,refuse,3,178,
269536.027,start,2,177,
269540.21,refuse,3,178,
269550.224,conflict-at-land,2,177,
269555.21,refuse,3,178,
269556.33,conflict-at-land,0,155,
269565.224,start,2,177,
269570.21,start,3,178,
269571.33,refuse,0,155,
269575.671,conflict-at-land,3,178,
269579.199,conflict-at-land,2,177,
269586.33,start,0,155,
269590.671,refuse,3,178,
269594.199,start,2,177,
269605.671,refuse,3,178,
269605.715,conflict-at-land,2,177,
269620.671,refuse,3,178,
269620.715,start,2,177,
269630.384,conflict-at-land,2,177,
269635.671,refuse,3,178,
269645.384,start,2,177,
269650.671,refuse,3,178,
269660.712,conflict-at-land,2,177,
269665.671,refuse,3,178,
269675.712,start,2,177,
269680.671,refuse,3,178,
269685.229,conflict-at-land,2,177,
269695.671,refuse,3,178,
269700.229,start,2,177,
269710.671,refuse,3,178,
269712.646,conflict-at-land,2,177,
269725.671,refuse,3,178,
269727.646,start,2,177,
269738.17,conflict-at-land,2,177,
269740.671,refuse,3,178,
269753.17,start,2,177,
269753.776,conflict-at-land,1,8,
269755.671,refuse,3,178,
269761.642,conflict-at-land,2,177,
269768.776,start,1,8,
269770.671,refuse,3,178,
269776.642,start,2,177,
269785.671,refuse,3,178,
269790.024,conflict-at-land,2,177,
269800.671,refuse,3,178,
269805.024,start,2,177,
269815.671,refuse,3,178,
269818.284,conflict-at-land,2,177,
269830.671,refuse,3,178,
269833.284,start,2,177,
269845.671,refuse,3,178,
269847.973,conflict-at-land,2,177,
269860.671,refuse,3,178,
269862.973,start,2,177,
269875.671,refuse,3,178,
269875.992,conflict-at-land,2,177,
269890.671,refuse,3,178,
269890.992,start,2,177,
269899.781,conflict-at-land,2,177,
269905.671,refuse,3,178,
269914.781,start,2,177,
269920.671,refuse,3,178,
269925.979,conflict-at-land,2,177,
269935.671,refuse,3,178,
269940.979,start,2,177,
269950.671,refuse,3,178,
269953.111,conflict-at-land,2,177,
269965.671,refuse,3,178,
269968.111,start,2,177,
269980.502,conflict-at-land,2,177,
269980.671,refuse,3,178,
269995.502,start,2,177,
269995.671,refuse,3,178,
270007.991,conflict-at-land,2,177,
270010.671,refuse,3,178,
270022.991,start,2,177,
270025.671,refuse,3,178,
270033.588,conflict-at-land,2,177,
270040.671,refuse,3,178,
270048.588,start,2,177,
270055.671,refuse,3,178,
270059.208,conflict-at-land,2,177,
270070.671,refuse,3,178,
270074.208,start,2,177,
270084.82,conflict-at-land,2,177,
270085.671,refuse,3,178,
270099.82,start,2,177,
270100.671,refuse,3,178,
270109.67,conflict-at-land,2,177,
270115.671,refuse,3,178,
270124.67,start,2,177,
270130.671,refuse,3,178,
270134.513,conflict-at-land,2,177,
270145.671,refuse,3,178,
270149.513,start,2,177,
270158.237,conflict-at-land,2,177,
270160.671,refuse,3,178,
270173.237,start,2,177,
270175.671,refuse,3,178,
270188.69,conflict-at-land,2,177,
270190.671,refuse,3,178,
270203.69,start,2,177,
270205.671,refuse,3,178,
270218.004,conflict-at-land,2,177,
270220.671,refuse,3,178,
270233.004,start,2,177,
270235.671,refuse,3,178,
270241.433,conflict-at-land,2,177,
270250.671,refuse,3,178,
270256.433,start,2,177,
270265.671,refuse,3,178,
270266.597,conflict-at-land,2,177,
270280.671,refuse,3,178,
270281.597,start,2,177,
270291.821,conflict-at-land,2,177,
270295.671,refuse,3,178,
270306.821,start,2,177,
270310.671,refuse,3,178,
270320.031,conflict-at-land,2,177,
270325.671,refuse,3,178,
270335.031,start,2,177,
270340.671,refuse,3,178,
270345.627,conflict-at-land,2,177,
270355.671,refuse,3,178,
270360.627,start,2,177,
270370.671,refuse,3,178,
270372.268,conflict-at-land,2,177,
270385.671,refuse,3,178,
270387.268,start,2,177,
270400.671,refuse,3,178,
270402.067,conflict-at-land,2,177,
270415.671,refuse,3,178,
270417.067,start,2,177,
270429.239,conflict-at-land,2,177,
270430.671,refuse,3,178,
270444.239,start,2,177,
270445.671,refuse,3,178,
270453.558,conflict-at-land,2,177,
270453.558,abandon,2,177,
270453.558,refuse,2,179,
270460.671,refuse,3,178,
270468.558,refuse,2,179,
270475.671,refuse,3,178,
270483.558,refuse,2,179,
270490.671,refuse,3,178,
270498.558,refuse,2,179,
270505.671,refuse,3,178,
270513.558,refuse,2,179,
270520.671,refuse,3,178,
270528.558,refuse,2,179,
270535.671,refuse,3,178,
270543.558,refuse,2,179,
270550.671,refuse,3,178,
270558.558,refuse,2,179,
270565.671,refuse,3,178,
270573.558,refuse,2,179,
270580.671,refuse,3,178,
270588.558,refuse,2,179,
270595.671,refuse,3,178,
270603.558,refuse,2,179,
270610.671,refuse,3,178,
270618.558,refuse,2,179,
270625.671,refuse,3,178,
270633.558,refuse,2,179,
270640.671,refuse,3,178,
270648.558,refuse,2,179,
270655.671,refuse,3,178,
270663.558,refuse,2,179,
270670.671,refuse,3,178,
270678.558,refuse,2,179,
270685.671,refuse,3,178,
270693.558,refuse,2,179,
270700.671,refuse,3,178,
270708.558,refuse,2,179,
270715.671,refuse,3,178,
270723.558,refuse,2,179,
270730.671,refuse,3,178,
270738.558,refuse,2,179,
270745.671,refuse,3,178,
270753.558,refuse,2,179,
270760.671,refuse,3,178,
270768.558,refuse,2,179,
270775.671,refuse,3,178,
270783.558,refuse,2,179,
270790.671,refuse,3,178,
270798.558,refuse,2,179,
270805.671,refuse,3,178,
270813.558,refuse,2,179,
270820.671,refuse,3,178,
270828.558,refuse,2,179,
270835.671,refuse,3,178,
270843.558,refuse,2,179,
270850.671,refuse,3,178,
270858.558,refuse,2,179,
270865.671,refuse,3,178,
270873.558,refuse,2,179,
270880.671,refuse,3,178,
270888.558,refuse,2,179,
270895.671,refuse,3,178,
270903.558,refuse,2,179,
270910.671,refuse,3,178,
270918.558,refuse,2,179,
270925.671,refuse,3,178,
270933.558,refuse,2,179,
270940.671,refuse,3,178,
270948.558,refuse,2,179,
270955.671,refuse,3,178,
270963.558,refuse,2,179,
270970.671,refuse,3,178,
270978.558,refuse,2,179,
270985.671,refuse,3,178,
270993.558,refuse,2,179,
271000.671,refuse,3,178,
271008.558,refuse,2,179,
271015.671,refuse,3,178,
271023.558,refuse,2,179,
271030.671,refuse,3,178,
271038.558,refuse,2,179,
271045.671,refuse,3,178,
271053.558,refuse,2,179,
271060.671,refuse,3,178,
271068.558,refuse,2,179,
271073.391,conflict-at-land,0,155,
271075.671,start,3,178,
271082.464,conflict-at-land,3,178,
271083.558,start,2,179,
271088.391,refuse,0,155,
271096.407,conflict-at-land,2,179,
271097.464,start,3,178,
271103.391,refuse,0,155,
271103.622,conflict-at-land,3,178,
271111.407,start,2,179,
271118.391,refuse,0,155,
271118.622,refuse,3,178,
271126.945,conflict-at-land,2,179,
271133.391,start,0,155,
271133.622,refuse,3,178,
271141.945,refuse,2,179,
271148.622,refuse,3,178,
271156.945,refuse,2,179,
271163.622,refuse,3,178,
271171.945,refuse,2,179,
271178.622,refuse,3,178,
271186.945,refuse,2,179,
271193.622,refuse,3,178,
271201.945,refuse,2,179,
271208.622,refuse,3,178,
271216.945,refuse,2,179,
271223.622,refuse,3,178,
271231.945,refuse,2,179,
271238.622,refuse,3,178,
271246.945,refuse,2,179,
271253.622,refuse,3,178,
271261.945,refuse,2,179,
271268.622,refuse,3,178,
271276.945,refuse,2,179,
271283.622,refuse,3,178,
271291.945,refuse,2,179,
271298.622,refuse,3,178,
271306.945,refuse,2,179,
271313.622,refuse,3,178,
271321.945,refuse,2,179,
271328.622,refuse,3,178,
271336.945,refuse,2,179,
271343.622,refuse,3,178,
271351.945,refuse,2,179,
271358.622,refuse,3,178,
271366.945,refuse,2,179,
271373.622,refuse,3,178,
271381.945,refuse,2,179,
271388.622,refuse,3,178,
271396.945,refuse,2,179,
271403.622,refuse,3,178,
271411.945,refuse,2,179,
271418.622,refuse,3,178,
271426.945,refuse,2,179,
271433.622,refuse,3,178,
271441.945,refuse,2,179,
271448.622,refuse,3,178,
271456.945,refuse,2,179,
271463.622,refuse,3,178,
271471.945,refuse,2,179,
271478.622,refuse,3,178,
271486.945,refuse,2,179,
271493.622,refuse,3,178,
271501.945,refuse,2,179,
271508.622,refuse,3,178,
271516.945,refuse,2,179,
271523.622,refuse,3,178,
271531.945,refuse,2,179,
271538.622,refuse,3,178,
271546.945,refuse,2,179,
271553.622,refuse,3,178,
271561.945,refuse,2,179,
271568.622,refuse,3,178,
271576.945,refuse,2,179,
271583.622,refuse,3,178,
271591.945,refuse,2,179,
271598.622,refuse,3,178,
271606.945,refuse,2,179,
271613.622,refuse,3,178,
271621.945,refuse,2,179,
271628.622,refuse,3,178,
271636.945,refuse,2,179,
271643.622,refuse,3,178,
271651.945,refuse,2,179,
271658.622,refuse,3,178,
271666.945,refuse,2,179,
271673.622,refuse,3,178,
271681.945,refuse,2,179,
271688.622,refuse,3,178,
271696.945,refuse,2,179,
271703.622,refuse,3,178,
271711.945,refuse,2,179,
271718.622,refuse,3,178,
271726.945,refuse,2,179,
271733.622,refuse,3,178,
271741.945,refuse,2,179,
271748.622,refuse,3,178,
271756.945,refuse,2,179,
271763.622,refuse,3,178,
271771.945,refuse,2,179,
271778.622,refuse,3,178,
271786.945,refuse,2,179,
271793.622,refuse,3,178,
271801.945,refuse,2,179,
271808.622,refuse,3,178,
271816.945,refuse,2,179,
271823.622,refuse,3,178,
271831.945,refuse,2,179,
271838.622,refuse,3,178,
271846.945,refuse,2,179,
271853.622,refuse,3,178,
271861.945,refuse,2,179,
271868.622,refuse,3,178,
271876.945,refuse,2,179,
271883.622,refuse,3,178,
271891.945,refuse,2,179,
271898.622,refuse,3,178,
271898.622,abandon,3,178,
271898.622,refuse,3,180,
271906.945,refuse,2,179,
271913.622,refuse,3,180,
271921.945,refuse,2,179,
271928.622,refuse,3,180,
271936.945,refuse,2,179,
271943.622,refuse,3,180,
271951.945,refuse,2,179,
271958.622,refuse,3,180,
271966.945,refuse,2,179,
271973.622,refuse,3,180,
271981.945,refuse,2,179,
271988.622,refuse,3,180,
271996.945,refuse,2,179,
272003.622,refuse,3,180,
272011.945,refuse,2,179,
272018.622,refuse,3,180,
272026.945,refuse,2,179,
272033.622,refuse,3,180,
272041.945,refuse,2,179,
272048.622,refuse,3,180,
272056.945,refuse,2,179,
272063.622,refuse,3,180,
272071.945,refuse,2,179,
272078.622,refuse,3,180,
272086.945,refuse,2,179,
272093.622,refuse,3,180,
272101.945,refuse,2,179,
272108.622,refuse,3,180,
272116.945,refuse,2,179,
272123.622,refuse,3,180,
272131.945,refuse,2,179,
272138.622,refuse,3,180,
272146.945,refuse,2,179,
272153.622,refuse,3,180,
272161.945,refuse,2,179,
272168.622,refuse,3,180,
272176.945,refuse,2,179,
272183.622,refuse,3,180,
272191.945,refuse,2,179,
272198.622,refuse,3,180,
272206.945,refuse,2,179,
272213.622,refuse,3,180,
272221.945,refuse,2,179,
272228.622,refuse,3,180,
272236.945,refuse,2,179,
272243.622,refuse,3,180,
272251.945,refuse,2,179,
272258.622,refuse,3,180,
272266.945,refuse,2,179,
272273.622,refuse,3,180,
272281.945,refuse,2,179,
272288.622,refuse,3,180,
272296.945,refuse,2,179,
272303.622,refuse,3,180,
272311.945,refuse,2,179,
272318.622,refuse,3,180,
272326.945,refuse,2,179,
272333.622,refuse,3,180,
272341.945,refuse,2,179,
272348.622,refuse,3,180,
272356.945,refuse,2,179,
272363.622,refuse,3,180,
272371.945,refuse,2,179,
272378.622,refuse,3,180,
272386.945,refuse,2,179,
272393.622,refuse,3,180,
272401.945,refuse,2,179,
272408.622,refuse,3,180,
272416.945,refuse,2,179,
272423.622,refuse,3,180,
272431.945,refuse,2,179,
272438.622,refuse,3,180,
272446.945,refuse,2,179,
272453.622,refuse,3,180,
272461.945,refuse,2,179,
272468.622,refuse,3,180,
272476.945,refuse,2,179,
272483.622,refuse,3,180,
272491.945,refuse,2,179,
272498.622,refuse,3,180,
272506.945,refuse,2,179,
272513.622,refuse,3,180,
272521.945,refuse,2,179,
272528.622,refuse,3,180,
272535.362,conflict-at-land,0,155,
272536.945,start,2,179,
272543.622,refuse,3,180,
272546.467,conflict-at-land,2,179,
272550.362,start,0,155,
272558.622,refuse,3,180,
272561.467,refuse,2,179,
272573.622,refuse,3,180,
272576.467,refuse,2,179,
272588.622,refuse,3,180,
272591.467,refuse,2,179,
272603.622,refuse,3,180,
272606.467,refuse,2,179,
272618.622,refuse,3,180,
272621.467,refuse,2,179,
272633.622,refuse,3,180,
272636.467,refuse,2,179,
272648.622,refuse,3,180,
272651.467,refuse,2,179,
272663.622,refuse,3,180,
272666.467,refuse,2,179,
272678.622,refuse,3,180,
272681.467,refuse,2,179,
272693.622,refuse,3,180,
272696.467,refuse,2,179,
272708.622,refuse,3,180,
272711.467,refuse,2,179,
272723.622,refuse,3,180,
272726.467,refuse,2,179,
272738.622,refuse,3,180,
272741.467,refuse,2,179,
272753.622,refuse,3,180,
272756.467,refuse,2,179,
272768.622,refuse,3,180,
272771.467,refuse,2,179,
272783.622,refuse,3,180,
272786.467,refuse,2,179,
272798.622,refuse,3,180,
272801.467,refuse,2,179,
272813.622,refuse,3,180,
272816.467,refuse,2,179,
272828.622,refuse,3,180,
272831.467,refuse,2,179,
272843.622,refuse,3,180,
272846.467,refuse,2,179,
272858.622,refuse,3,180,
272861.467,refuse,2,179,
272873.622,refuse,3,180,
272876.467,refuse,2,179,
272888.622,refuse,3,180,
272891.467,refuse,2,179,
272903.622,refuse,3,180,
272906.467,refuse,2,179,
272918.622,refuse,3,180,
272921.467,refuse,2,179,
272933.622,refuse,3,180,
272936.467,refuse,2,179,
272948.622,refuse,3,180,
272951.467,refuse,2,179,
272963.622,refuse,3,180,
272966.467,refuse,2,179,
272978.622,refuse,3,180,
272981.467,refuse,2,179,
272993.622,refuse,3,180,
272996.467,refuse,2,179,
273008.622,refuse,3,180,
273011.467,refuse,2,179,
273023.622,refuse,3,180,
273026.467,refuse,2,179,
273038.622,refuse,3,180,
273041.467,refuse,2,179,
273053.622,refuse,3,180,
273056.467,refuse,2,179,
273068.622,refuse,3,180,
273071.467,refuse,2,179,
273083.622,refuse,3,180,
273086.467,refuse,2,179,
273098.622,refuse,3,180,
273101.467,refuse,2,179,
273113.622,refuse,3,180,
273116.467,refuse,2,179,
273128.622,refuse,3,180,
273131.467,refuse,2,179,
273143.622,refuse,3,180,
273146.467,refuse,2,179,
273158.622,refuse,3,180,
273161.467,refuse,2,179,
273173.622,refuse,3,180,
273176.467,refuse,2,179,
273188.622,refuse,3,180,
273191.467,refuse,2,179,
273203.622,refuse,3,180,
273206.467,refuse,2,179,
273218.622,refuse,3,180,
273221.467,refuse,2,179,
273233.622,refuse,3,180,
273236.467,refuse,2,179,
273248.622,refuse,3,180,
273251.467,refuse,2,179,
273263.622,refuse,3,180,
273266.467,refuse,2,179,
273278.622,refuse,3,180,
273281.467,refuse,2,179,
273293.622,refuse,3,180,
273296.467,refuse,2,179,
273308.622,refuse,3,180,
273311.467,refuse,2,179,
273323.622,refuse,3,180,
273326.467,refuse,2,179,
273338.622,refuse,3,180,
273341.467,refuse,2,179,
273353.622,refuse,3,180,
273356.467,refuse,2,179,
273368.622,refuse,3,180,
273371.467,refuse,2,179,
273383.622,refuse,3,180,
273386.467,refuse,2,179,
273398.622,refuse,3,180,
273401.467,refuse,2,179,
273413.622,refuse,3,180,
273416.467,refuse,2,179,
273428.622,refuse,3,180,
273431.467,refuse,2,179,
273443.622,refuse,3,180,
273446.467,refuse,2,179,
273458.622,refuse,3,180,
273461.467,refuse,2,179,
273473.622,refuse,3,180,
273476.467,refuse,2,179,
273488.622,refuse,3,180,
273491.467,refuse,2,179,
273491.467,abandon,2,179,
273491.467,refuse,2,181,
273503.622,refuse,3,180,
273506.467,refuse,2,181,
273518.622,refuse,3,180,
273521.467,refuse,2,181,
273533.622,refuse,3,180,
273536.467,refuse,2,181,
273548.622,refuse,3,180,
273551.467,refuse,2,181,
273563.622,refuse,3,180,
273566.467,refuse,2,181,
273578.622,refuse,3,180,
273581.467,refuse,2,181,
273593.622,refuse,3,180,
273596.467,refuse,2,181,
273608.622,refuse,3,180,
273611.467,refuse,2,181,
273623.622,refuse,3,180,
273626.467,refuse,2,181,
273638.622,refuse,3,180,
273641.467,refuse,2,181,
273653.622,refuse,3,180,
273656.467,refuse,2,181,
273668.622,refuse,3,180,
273671.467,refuse,2,181,
273683.622,refuse,3,180,
273686.467,refuse,2,181,
273698.622,refuse,3,180,
273701.467,refuse,2,181,
273713.622,refuse,3,180,
273716.467,refuse,2,181,
273728.622,refuse,3,180,
273731.467,refuse,2,181,
273743.622,refuse,3,180,
273746.467,refuse,2,181,
273758.622,refuse,3,180,
273761.467,refuse,2,181,
273773.622,refuse,3,180,
273776.467,refuse,2,181,
273788.622,refuse,3,180,
273791.467,refuse,2,181,
273803.622,refuse,3,180,
273806.467,refuse,2,181,
273818.622,refuse,3,180,
273821.467,refuse,2,181,
273833.622,refuse,3,180,
273836.467,refuse,2,181,
273848.622,refuse,3,180,
273851.467,refuse,2,181,
273863.622,refuse,3,180,
273866.467,refuse,2,181,
273878.622,refuse,3,180,
273881.467,refuse,2,181,
273893.622,refuse,3,180,
273896.467,refuse,2,181,
273908.622,refuse,3,180,
273911.467,refuse,2,181,
273923.622,refuse,3,180,
273926.467,refuse,2,181,
273938.622,refuse,3,180,
273941.467,refuse,2,181,
273953.622,refuse,3,180,
273956.467,refuse,2,181,
273968.622,refuse,3,180,
273971.467,refuse,2,181,
273983.622,refuse,3,180,
273986.467,refuse,2,181,
273998.622,refuse,3,180,
274001.467,refuse,2,181,
274013.622,refuse,3,180,
274016.467,refuse,2,181,
274028.622,refuse,3,180,
274031.467,refuse,2,181,
274043.622,refuse,3,180,
274046.467,refuse,2,181,
274058.622,refuse,3,180,
274061.467,refuse,2,181,
274073.622,refuse,3,180,
274076.467,refuse,2,181,
274088.622,refuse,3,180,
274091.467,refuse,2,181,
274103.622,refuse,3,180,
274106.467,refuse,2,181,
274118.622,refuse,3,180,
274121.467,refuse,2,181,
274133.622,refuse,3,180,
274136.467,refuse,2,181,
274148.622,refuse,3,180,
274151.467,refuse,2,181,
274163.622,refuse,3,180,
274166.467,refuse,2,181,
274178.622,refuse,3,180,
274181.467,refuse,2,181,
274185.733,conflict-at-land,0,155,
274193.622,start,3,180,
274196.467,refuse,2,181,
274200.733,refuse,0,155,
274205.356,conflict-at-land,3,180,
274211.467,start,2,181,
274215.733,refuse,0,155,
274220.356,refuse,3,180,
274222.248,conflict-at-land,2,181,
274230.733,start,0,155,
274235.356,refuse,3,180,
274237.248,refuse,2,181,
274250.356,refuse,3,180,
274252.248,refuse,2,181,
274265.356,refuse,3,180,
274267.248,refuse,2,181,
274280.356,refuse,3,180,
274282.248,refuse,2,181,
274295.356,refuse,3,180,
274297.248,refuse,2,181,
274310.356,refuse,3,180,
274312.248,refuse,2,181,
274325.356,refuse,3,180,
274327.248,refuse,2,181,
274340.356,refuse,3,180,
274342.248,refuse,2,181,
274355.356,refuse,3,180,
274357.248,refuse,2,181,
274370.356,refuse,3,180,
274372.248,refuse,2,181,
274385.356,refuse,3,180,
274387.248,refuse,2,181,
274400.356,refuse,3,180,
274402.248,refuse,2,181,
274415.356,refuse,3,180,
274417.248,refuse,2,181,
274430.356,refuse,3,180,
274432.248,refuse,2,181,
274445.356,refuse,3,180,
274447.248,refuse,2,181,
274460.356,refuse,3,180,
274462.248,refuse,2,181,
274475.356,refuse,3,180,
274477.248,refuse,2,181,
274490.356,refuse,3,180,
274492.248,refuse,2,181,
274505.356,refuse,3,180,
274507.248,refuse,2,181,
274520.356,refuse,3,180,
274522.248,refuse,2,181,
274535.356,refuse,3,180,
274537.248,refuse,2,181,
274550.356,refuse,3,180,
274552.248,refuse,2,181,
274565.356,refuse,3,180,
274567.248,refuse,2,181,
274580.356,refuse,3,180,
274582.248,refuse,2,181,
274595.356,refuse,3,180,
274597.248,refuse,2,181,
274610.356,refuse,3,180,
274612.248,refuse,2,181,
274625.356,refuse,3,180,
274627.248,refuse,2,181,
274640.356,refuse,3,180,
274642.248,refuse,2,181,
274655.356,refuse,3,180,
274657.248,refuse,2,181,
274670.356,refuse,3,180,
274672.248,refuse,2,181,
274685.356,refuse,3,180,
274687.248,refuse,2,181,
274700.356,refuse,3,180,
274702.248,refuse,2,181,
274715.356,refuse,3,180,
274717.248,refuse,2,181,
274730.356,refuse,3,180,
274732.248,refuse,2,181,
274745.356,refuse,3,180,
274747.248,refuse,2,181,
274760.356,refuse,3,180,
274762.248,refuse,2,181,
274775.356,refuse,3,180,
274777.248,refuse,2,181,
274790.356,refuse,3,180,
274792.248,refuse,2,181,
274805.356,refuse,3,180,
274807.248,refuse,2,181,
274820.356,refuse,3,180,
274822.248,refuse,2,181,
274835.356,refuse,3,180,
274837.248,refuse,2,181,
274850.356,refuse,3,180,
274852.248,refuse,2,181,
274865.356,refuse,3,180,
274867.248,refuse,2,181,
274880.356,refuse,3,180,
274882.248,refuse,2,181,
274895.356,refuse,3,180,
274897.248,refuse,2,181,
274910.356,refuse,3,180,
274910.356,abandon,3,180,
274910.356,refuse,3,182,
274912.248,refuse,2,181,
274925.356,refuse,3,182,
274927.248,refuse,2,181,
274940.356,refuse,3,182,
274942.248,refuse,2,181,
274955.356,refuse,3,182,
274957.248,refuse,2,181,
274970.356,refuse,3,182,
274972.248,refuse,2,181,
274985.356,refuse,3,182,
274987.248,refuse,2,181,
275000.356,refuse,3,182,
275002.248,refuse,2,181,
275015.356,refuse,3,182,
275017.248,refuse,2,181,
275030.356,refuse,3,182,
275032.248,refuse,2,181,
275045.356,refuse,3,182,
275047.248,refuse,2,181,
275060.356,refuse,3,182,
275062.248,refuse,2,181,
275075.356,refuse,3,182,
275077.248,refuse,2,181,
275090.356,refuse,3,182,
275092.248,refuse,2,181,
275105.356,refuse,3,182,
275107.248,refuse,2,181,
275120.356,refuse,3,182,
275122.248,refuse,2,181,
275135.356,refuse,3,182,
275137.248,refuse,2,181,
275150.356,refuse,3,182,
275152.248,refuse,2,181,
275165.356,refuse,3,182,
275167.248,refuse,2,181,
275180.356,refuse,3,182,
275182.248,refuse,2,181,
275195.356,refuse,3,182,
275197.248,refuse,2,181,
275210.356,refuse,3,182,
275212.248,refuse,2,181,
275225.356,refuse,3,182,
275227.248,refuse,2,181,
275240.356,refuse,3,182,
275242.248,refuse,2,181,
275255.356,refuse,3,182,
275257.248,refuse,2,181,
275270.356,refuse,3,182,
275272.248,refuse,2,181,
275285.356,refuse,3,182,
275287.248,refuse,2,181,
275300.356,refuse,3,182,
275302.248,refuse,2,181,
275315.356,refuse,3,182,
275317.248,refuse,2,181,
275330.356,refuse,3,182,
275332.248,refuse,2,181,
275345.356,refuse,3,182,
275347.248,refuse,2,181,
275360.356,refuse,3,182,
275362.248,refuse,2,181,
275375.356,refuse,3,182,
275377.248,refuse,2,181,
275390.356,refuse,3,182,
275392.248,refuse,2,181,
275405.356,refuse,3,182,
275407.248,refuse,2,181,
275420.356,refuse,3,182,
275422.248,refuse,2,181,
275435.356,refuse,3,182,
275437.248,refuse,2,181,
275450.356,refuse,3,182,
275452.248,refuse,2,181,
275465.356,refuse,3,182,
275467.248,refuse,2,181,
275480.356,refuse,3,182,
275482.248,refuse,2,181,
275495.356,refuse,3,182,
275497.248,refuse,2,181,
275510.356,refuse,3,182,
275512.248,refuse,2,181,
275525.356,refuse,3,182,
275527.248,refuse,2,181,
275540.356,refuse,3,182,
275542.248,refuse,2,181,
275555.356,refuse,3,182,
275557.248,refuse,2,181,
275570.356,refuse,3,182,
275572.248,refuse,2,181,
275585.356,refuse,3,182,
275587.248,refuse,2,181,
275600.356,refuse,3,182,
275602.248,refuse,2,181,
275615.356,refuse,3,182,
275617.248,refuse,2,181,
275630.356,refuse,3,182,
275632.248,refuse,2,181,
275645.356,refuse,3,182,
275647.248,refuse,2,181,
275660.356,refuse,3,182,
275662.248,refuse,2,181,
275675.356,refuse,3,182,
275677.248,refuse,2,181,
275690.356,refuse,3,182,
275692.248,refuse,2,181,
275705.356,refuse,3,182,
275707.248,refuse,2,181,
275720.356,refuse,3,182,
275722.248,refuse,2,181,
275735.356,refuse,3,182,
275737.248,refuse,2,181,
275750.356,refuse,3,182,
275752.248,refuse,2,181,
275765.356,refuse,3,182,
275767.248,refuse,2,181,
275780.356,refuse,3,182,
275782.248,refuse,2,181,
275795.356,refuse,3,182,
275797.248,refuse,2,181,
275810.356,refuse,3,182,
275812.248,refuse,2,181,
275825.356,refuse,3,182,
275827.248,refuse,2,181,
275840.356,refuse,3,182,
275842.248,refuse,2,181,
275855.356,refuse,3,182,
275857.248,refuse,2,181,
275870.356,refuse,3,182,
275872.248,refuse,2,181,
275885.356,refuse,3,182,
275887.248,refuse,2,181,
275900.356,refuse,3,182,
275902.248,refuse,2,181,
275915.356,refuse,3,182,
275917.248,refuse,2,181,
275930.356,refuse,3,182,
275932.248,refuse,2,181,
275945.356,refuse,3,182,
275947.248,refuse,2,181,
275960.356,refuse,3,182,
275962.248,refuse,2,181,
275975.356,refuse,3,182,
275977.248,refuse,2,181,
275990.356,refuse,3,182,
275992.248,refuse,2,181,
276005.356,refuse,3,182,
276007.248,refuse,2,181,
276020.356,refuse,3,182,
276022.248,refuse,2,181,
276035.356,refuse,3,182,
276037.248,refuse,2,181,
276050.356,refuse,3,182,
276052.248,refuse,2,181,
276065.356,refuse,3,182,
276067.248,refuse,2,181,
276080.356,refuse,3,182,
276082.248,refuse,2,181,
276095.356,refuse,3,182,
276097.248,refuse,2,181,
276103.41,conflict-at-land,0,155,
276110.356,start,3,182,
276112.248,refuse,2,181,
276118.41,refuse,0,155,
276122.556,conflict-at-land,3,182,
276127.248,start,2,181,
276133.41,refuse,0,155,
276137.556,refuse,3,182,
276140.967,conflict-at-land,2,181,
276148.41,start,0,155,
276152.556,refuse,3,182,
276155.967,refuse,2,181,
276167.556,refuse,3,182,
276170.967,refuse,2,181,
276182.556,refuse,3,182,
276185.967,refuse,2,181,
276197.556,refuse,3,182,
276200.967,refuse,2,181,
276212.556,refuse,3,182,
276215.967,refuse,2,181,
276227.556,refuse,3,182,
276230.967,refuse,2,181,
276242.556,refuse,3,182,
276245.967,refuse,2,181,
276257.556,refuse,3,182,
276260.967,refuse,2,181,
276272.556,refuse,3,182,
276275.967,refuse,2,181,
276287.556,refuse,3,182,
276290.967,refuse,2,181,
276302.556,refuse,3,182,
276305.967,refuse,2,181,
276317.556,refuse,3,182,
276320.967,refuse,2,181,
276332.556,refuse,3,182,
276335.967,refuse,2,181,
276347.556,refuse,3,182,
276350.967,refuse,2,181,
276362.556,refuse,3,182,
276365.967,refuse,2,181,
276377.556,refuse,3,182,
276380.967,refuse,2,181,
276392.556,refuse,3,182,
276395.967,refuse,2,181,
276407.556,refuse,3,182,
276410.967,refuse,2,181,
276422.556,refuse,3,182,
276425.967,refuse,2,181,
276437.556,refuse,3,182,
276440.967,refuse,2,181,
276452.556,refuse,3,182,
276455.967,refuse,2,181,
276467.556,refuse,3,182,
276470.967,refuse,2,181,
276482.556,refuse,3,182,
276485.967,refuse,2,181,
276497.556,refuse,3,182,
276500.967,refuse,2,181,
276512.556,refuse,3,182,
276515.967,refuse,2,181,
276515.967,abandon,2,181,
276515.967,start,2,183,
276527.556,refuse,3,182,
276528.096,conflict-at-land,2,183,
276542.556,refuse,3,182,
276543.096,start,2,183,
276557.556,refuse,3,182,
276558.315,conflict-at-land,2,183,
276572.556,refuse,3,182,
276573.315,start,2,183,
276584.037,conflict-at-land,2,183,
276587.556,refuse,3,182,
276599.037,start,2,183,
276602.556,refuse,3,182,
276607.64,conflict-at-land,2,183,
276617.556,refuse,3,182,
276622.64,start,2,183,
276631.94,conflict-at-land,2,183,
276632.556,refuse,3,182,
276646.94,start,2,183,
276647.556,refuse,3,182,
276657.862,conflict-at-land,2,183,
276662.556,refuse,3,182,
276672.862,start,2,183,
276677.556,refuse,3,182,
276687.919,conflict-at-land,2,183,
276692.556,refuse,3,182,
276702.919,start,2,183,
276707.556,refuse,3,182,
276716.349,conflict-at-land,2,183,
276722.556,refuse,3,182,
276731.349,start,2,183,
276737.556,refuse,3,182,
276745.428,conflict-at-land,2,183,
276752.556,refuse,3,182,
276760.428,start,2,183,
276767.556,refuse,3,182,
276769.252,conflict-at-land,2,183,
276782.556,refuse,3,182,
276784.252,start,2,183,
276797.556,refuse,3,182,
276797.827,conflict-at-land,2,183,
276812.556,refuse,3,182,
276812.827,start,2,183,
276825.199,conflict-at-land,2,183,
276827.556,refuse,3,182,
276840.199,start,2,183,
276842.556,refuse,3,182,
276855.23,conflict-at-land,2,183,
276857.556,refuse,3,182,
276870.23,start,2,183,
276872.556,refuse,3,182,
276879.828,conflict-at-land,2,183,
276887.556,refuse,3,182,
276894.828,start,2,183,
276902.556,refuse,3,182,
276904.057,conflict-at-land,2,183,
276917.556,refuse,3,182,
276919.057,start,2,183,
276927.75,conflict-at-land,2,183,
276932.556,refuse,3,182,
276942.75,start,2,183,
276947.556,refuse,3,182,
276953.298,conflict-at-land,2,183,
276962.556,refuse,3,182,
276968.298,start,2,183,
276977.556,refuse,3,182,
276980.521,conflict-at-land,2,183,
276992.556,refuse,3,182,
276995.521,start,2,183,
277006.576,conflict-at-land,2,183,
277007.556,refuse,3,182,
277021.576,start,2,183,
277022.556,refuse,3,182,
277036.946,conflict-at-land,2,183,
277037.556,refuse,3,182,
277051.946,start,2,183,
277052.556,refuse,3,182,
277061.507,conflict-at-land,2,183,
277067.556,refuse,3,182,
277076.507,start,2,183,
277082.556,refuse,3,182,
277085.887,conflict-at-land,2,183,
277097.556,refuse,3,182,
277100.887,start,2,183,
277109.358,conflict-at-land,2,183,
277112.556,refuse,3,182,
277124.358,start,2,183,
277127.556,refuse,3,182,
277138.221,conflict-at-land,2,183,
277142.556,refuse,3,182,
277153.221,start,2,183,
277157.556,refuse,3,182,
277164.931,conflict-at-land,2,183,
277172.556,refuse,3,182,
277179.931,start,2,183,
277187.556,refuse,3,182,
277190.843,conflict-at-land,2,183,
277202.556,refuse,3,182,
277205.843,start,2,183,
277217.556,refuse,3,182,
277217.958,conflict-at-land,2,183,
277232.556,refuse,3,182,
277232.958,start,2,183,
277241.918,conflict-at-land,2,183,
277247.556,refuse,3,182,
277256.918,start,2,183,
277262.556,refuse,3,182,
277269.943,conflict-at-land,2,183,
277277.556,refuse,3,182,
277284.943,start,2,183,
277292.556,refuse,3,182,
277298.222,conflict-at-land,2,183,
277307.556,refuse,3,182,
277313.222,start,2,183,
277322.556,refuse,3,182,
277328.703,conflict-at-land,2,183,
277337.556,refuse,3,182,
277343.703,start,2,183,
277352.556,refuse,3,182,
277358.718,conflict-at-land,2,183,
277367.556,refuse,3,182,
277373.718,start,2,183,
277382.556,refuse,3,182,
277382.901,conflict-at-land,2,183,
277397.556,refuse,3,182,
277397.901,start,2,183,
277412.556,refuse,3,182,
277412.755,conflict-at-land,2,183,
277427.556,refuse,3,182,
277427.755,start,2,183,
277438.796,conflict-at-land,2,183,
277442.556,refuse,3,182,
277453.796,start,2,183,
277457.556,refuse,3,182,
277464.859,conflict-at-land,2,183,
277472.556,refuse,3,182,
277479.859,start,2,183,
277487.556,refuse,3,182,
277488.877,conflict-at-land,2,183,
277502.556,refuse,3,182,
277503.877,start,2,183,
277516.361,conflict-at-land,2,183,
277517.556,refuse,3,182,
277531.361,start,2,183,
277532.556,refuse,3,182,
277543.643,conflict-at-land,0,155,
277546.45,conflict-at-land,2,183,
277547.556,start,3,182,
277556.87,conflict-at-land,3,182,
277558.643,start,0,155,
277561.45,start,2,183,
277571.87,refuse,3,182,
277574.628,conflict-at-land,2,183,
277586.87,refuse,3,182,
277589.628,start,2,183,
277601.87,refuse,3,182,
277602.941,conflict-at-land,2,183,
277616.87,refuse,3,182,
277617.941,start,2,183,
277626.746,conflict-at-land,2,183,
277631.87,refuse,3,182,
277641.746,start,2,183,
277646.87,refuse,3,182,
277651.97,conflict-at-land,2,183,
277661.87,refuse,3,182,
277666.97,start,2,183,
277676.87,refuse,3,182,
277680.009,conflict-at-land,2,183,
277691.87,refuse,3,182,
277695.009,start,2,183,
277706.411,conflict-at-land,2,183,
277706.87,refuse,3,182,
277721.411,start,2,183,
277721.87,refuse,3,182,
277732.309,conflict-at-land,2,183,
277736.87,refuse,3,182,
277747.309,start,2,183,
277751.87,refuse,3,182,
277758.775,conflict-at-land,2,183,
277766.87,refuse,3,182,
277773.775,start,2,183,
277781.87,refuse,3,182,
277784.983,conflict-at-land,2,183,
277796.87,refuse,3,182,
277799.983,start,2,183,
277811.87,refuse,3,182,
277813.729,conflict-at-land,2,183,
277826.87,refuse,3,182,
277828.729,start,2,183,
277839.845,conflict-at-land,2,183,
277841.87,refuse,3,182,
277854.845,start,2,183,
277856.87,refuse,3,182,
277867.528,conflict-at-land,2,183,
277871.87,refuse,3,182,
277882.528,start,2,183,
277886.87,refuse,3,182,
277892.505,conflict-at-land,2,183,
277901.87,refuse,3,182,
277907.505,start,2,183,
277916.87,refuse,3,182,
277919.636,conflict-at-land,2,183,
277931.87,refuse,3,182,
277931.87,abandon,3,182,
277931.87,start,3,184,
277934.636,refuse,2,183,
277941.877,conflict-at-land,3,184,
277949.636,start,2,183,
277956.877,refuse,3,184,
277962.039,conflict-at-land,2,183,
277971.877,start,3,184,
277977.039,refuse,2,183,
277985.939,conflict-at-land,3,184,
277992.039,start,2,183,
278000.939,refuse,3,184,
278006.044,conflict-at-land,2,183,
278015.939,start,3,184,
278021.044,refuse,2,183,
278025.588,conflict-at-land,3,184,
278036.044,start,2,183,
278040.588,refuse,3,184,
278044.89,conflict-at-land,2,183,
278055.588,start,3,184,
278059.89,refuse,2,183,
278066.379,conflict-at-land,3,184,
278074.89,start,2,183,
278081.379,refuse,3,184,
278088.187,conflict-at-land,2,183,
278096.379,start,3,184,
278103.187,refuse,2,183,
278106.261,conflict-at-land,3,184,
278118.187,start,2,183,
278121.261,refuse,3,184,
278133.683,conflict-at-land,2,183,
278136.261,start,3,184,
278147.813,conflict-at-land,3,184,
278148.683,start,2,183,
278162.813,refuse,3,184,
278164.062,conflict-at-land,2,183,
278177.813,start,3,184,
278179.062,refuse,2,183,
278191.397,conflict-at-land,3,184,
278194.062,start,2,183,
278204.989,conflict-at-land,2,183,
278206.397,start,3,184,
278217.42,conflict-at-land,3,184,
278219.989,start,2,183,
278228.642,conflict-at-land,2,183,
278232.42,start,3,184,
278242.585,conflict-at-land,3,184,
278243.642,start,2,183,
278254.444,conflict-at-land,2,183,
278257.585,start,3,184,
278269.444,refuse,2,183,
278271.067,conflict-at-land,3,184,
278284.444,start,2,183,
278286.067,refuse,3,184,
278295.355,conflict-at-land,2,183,
278301.067,start,3,184,
278310.355,refuse,2,183,
278314.091,conflict-at-land,3,184,
278325.355,start,2,183,
278329.091,refuse,3,184,
278333.811,conflict-at-land,2,183,
278344.091,start,3,184,
278348.811,refuse,2,183,
278356.192,conflict-at-land,3,184,
278363.811,start,2,183,
278371.192,refuse,3,184,
278378.534,conflict-at-land,2,183,
278386.192,start,3,184,
278393.534,refuse,2,183,
278398.98,conflict-at-land,3,184,
278408.534,start,2,183,
278413.98,refuse,3,184,
278420.999,conflict-at-land,2,183,
278428.98,start,3,184,
278435.999,refuse,2,183,
278441.031,conflict-at-land,3,184,
278450.999,start,2,183,
278456.031,refuse,3,184,
278459.615,conflict-at-land,2,183,
278471.031,start,3,184,
278474.615,refuse,2,183,
278480.81,conflict-at-land,3,184,
278489.615,start,2,183,
278495.81,refuse,3,184,
278501.633,conflict-at-land,2,183,
278510.81,start,3,184,
278516.633,refuse,2,183,
278524.194,conflict-at-land,3,184,
278531.633,start,2,183,
278539.194,refuse,3,184,
278545.278,conflict-at-land,2,183,
278554.194,start,3,184,
278560.278,refuse,2,183,
278563.452,conflict-at-land,3,184,
278575.278,start,2,183,
278578.452,refuse,3,184,
278587.67,conflict-at-land,2,183,
278593.452,start,3,184,
278602.67,refuse,2,183,
278607.2,conflict-at-land,3,184,
278617.67,start,2,183,
278622.2,refuse,3,184,
278632.503,conflict-at-land,2,183,
278637.2,start,3,184,
278647.503,refuse,2,183,
278649.25,conflict-at-land,3,184,
278662.503,start,2,183,
278664.25,refuse,3,184,
278671.222,conflict-at-land,2,183,
278679.25,start,3,184,
278686.222,refuse,2,183,
278690.3,conflict-at-land,3,184,
278701.222,start,2,183,
278705.3,refuse,3,184,
278713.487,conflict-at-land,2,183,
278720.3,start,3,184,
278728.487,refuse,2,183,
278734.733,conflict-at-land,3,184,
278743.487,start,2,183,
278749.733,refuse,3,184,
278753.01,conflict-at-land,2,183,
278764.733,start,3,184,
278768.01,refuse,2,183,
278775.234,conflict-at-land,3,184,
278783.01,start,2,183,
278790.234,refuse,3,184,
278797.926,conflict-at-land,2,183,
278805.234,start,3,184,
278812.926,refuse,2,183,
278818.952,conflict-at-land,3,184,
278827.926,start,2,183,
278833.952,refuse,3,184,
278836.417,conflict-at-land,2,183,
278848.952,start,3,184,
278851.417,refuse,2,183,
278863.526,conflict-at-land,3,184,
278866.417,start,2,183,
278878.526,refuse,3,184,
278878.529,conflict-at-land,2,183,
278893.526,start,3,184,
278893.529,refuse,2,183,
278908.529,refuse,2,183,
278908.867,conflict-at-land,3,184,
278923.529,start,2,183,
278923.867,refuse,3,184,
278934.308,conflict-at-land,2,183,
278938.867,start,3,184,
278949.308,refuse,2,183,
278950.328,conflict-at-land,3,184,
278964.308,start,2,183,
278965.328,refuse,3,184,
278974.708,conflict-at-land,2,183,
278980.328,start,3,184,
278989.708,refuse,2,183,
278994.923,conflict-at-land,3,184,
279004.708,start,2,183,
279009.923,refuse,3,184,
279014.376,conflict-at-land,2,183,
279024.923,start,3,184,
279029.376,refuse,2,183,
279037.635,conflict-at-land,3,184,
279044.376,start,2,183,
279052.635,refuse,3,184,
279057.568,conflict-at-land,2,183,
279067.635,start,3,184,
279072.568,refuse,2,183,
279076.48,conflict-at-land,3,184,
279087.568,start,2,183,
279091.48,refuse,3,184,
279102.612,conflict-at-land,2,183,
279106.48,start,3,184,
279117.612,refuse,2,183,
279120.175,conflict-at-land,3,184,
279132.612,start,2,183,
279135.175,refuse,3,184,
279142.969,conflict-at-land,2,183,
279150.175,start,3,184,
279157.969,refuse,2,183,
279164.75,conflict-at-land,3,184,
279172.969,start,2,183,
279179.75,refuse,3,184,
279182.397,conflict-at-land,2,183,
279194.75,start,3,184,
279197.397,refuse,2,183,
279208.435,conflict-at-land,3,184,
279212.397,start,2,183,
279223.435,refuse,3,184,
279226.959,conflict-at-land,2,183,
279238.435,start,3,184,
279241.959,refuse,2,183,
279249.583,conflict-at-land,3,184,
279256.959,start,2,183,
279264.583,refuse,3,184,
279271.144,conflict-at-land,2,183,
279279.583,start,3,184,
279286.144,refuse,2,183,
279289.565,conflict-at-land,3,184,
279301.144,start,2,183,
279304.565,refuse,3,184,
279316.135,conflict-at-land,2,183,
279319.565,start,3,184,
279331.135,refuse,2,183,
279335.061,conflict-at-land,3,184,
279346.135,start,2,183,
279350.061,refuse,3,184,
279357.559,conflict-at-land,2,183,
279365.061,start,3,184,
279372.559,refuse,2,183,
279380.431,conflict-at-land,3,184,
279387.559,start,2,183,
279395.431,refuse,3,184,
279397.697,conflict-at-land,2,183,
279403.232,conflict-at-land,0,155,
279410.431,start,3,184,
279412.697,refuse,2,183,
279418.232,start,0,155,
279424.946,conflict-at-land,3,184,
279427.697,start,2,183,
279439.946,refuse,3,184,
279441.809,conflict-at-land,2,183,
279454.946,start,3,184,
279456.809,refuse,2,183,
279467.905,conflict-at-land,3,184,
279471.809,start,2,183,
279481.059,conflict-at-land,2,183,
279482.905,start,3,184,
279496.059,refuse,2,183,
279496.865,conflict-at-land,3,184,
279511.059,start,2,183,
279511.865,refuse,3,184,
279521.405,conflict-at-land,2,183,
279526.865,start,3,184,
279536.405,refuse,2,183,
279537.473,conflict-at-land,3,184,
279551.405,start,2,183,
279552.473,refuse,3,184,
279563.364,conflict-at-land,2,183,
279567.473,start,3,184,
279577.035,conflict-at-land,3,184,
279578.364,start,2,183,
279588.685,conflict-at-land,2,183,
279592.035,start,3,184,
279603.685,refuse,2,183,
279605.902,conflict-at-land,3,184,
279618.685,start,2,183,
279620.902,refuse,3,184,
279630.335,conflict-at-land,2,183,
279635.902,start,3,184,
279645.335,refuse,2,183,
279651.443,conflict-at-land,3,184,
279660.335,start,2,183,
279666.443,refuse,3,184,
279673.035,conflict-at-land,2,183,
279681.443,start,3,184,
279688.035,refuse,2,183,
279696.873,conflict-at-land,3,184,
279703.035,start,2,183,
279711.873,refuse,3,184,
279714.481,conflict-at-land,2,183,
279726.873,start,3,184,
279729.481,refuse,2,183,
279736.551,conflict-at-land,3,184,
279744.481,start,2,183,
279751.551,refuse,3,184,
279754.089,conflict-at-land,2,183,
279766.551,start,3,184,
279769.089,refuse,2,183,
279775.423,conflict-at-land,3,184,
279784.089,start,2,183,
279790.423,refuse,3,184,
279798.095,conflict-at-land,2,183,
279805.423,start,3,184,
279813.095,refuse,2,183,
279820.239,conflict-at-land,3,184,
279828.095,start,2,183,
279835.239,refuse,3,184,
279838.815,conflict-at-land,2,183,
279850.239,start,3,184,
279853.815,refuse,2,183,
279864.588,conflict-at-land,3,184,
279868.815,start,2,183,
279878.352,conflict-at-land,2,183,
279879.588,start,3,184,
279890.032,conflict-at-land,3,184,
279893.352,start,2,183,
279904.686,conflict-at-land,2,183,
279905.032,start,3,184,
279914.428,conflict-at-land,3,184,
279919.686,start,2,183,
279929.428,refuse,3,184,
279930.067,conflict-at-land,2,183,
279944.428,start,3,184,
279945.067,refuse,2,183,
279954.953,conflict-at-land,3,184,
279960.067,start,2,183,
279969.008,conflict-at-land,2,183,
279969.953,start,3,184,
279980.441,conflict-at-land,3,184,
279984.008,start,2,183,
279995.322,conflict-at-land,2,183,
279995.441,start,3,184,
280004.628,conflict-at-land,3,184,
280010.322,start,2,183,
280019.628,refuse,3,184,
280022.014,conflict-at-land,2,183,
280034.628,start,3,184,
280037.014,refuse,2,183,
280044.257,conflict-at-land,3,184,
280052.014,start,2,183,
280059.257,refuse,3,184,
280064.439,conflict-at-land,2,183,
280074.257,start,3,184,
280079.439,refuse,2,183,
280082.661,conflict-at-land,3,184,
280094.439,start,2,183,
280097.661,refuse,3,184,
280103.203,conflict-at-land,2,183,
280112.661,start,3,184,
280118.203,refuse,2,183,
280122.03,conflict-at-land,3,184,
280133.203,start,2,183,
280137.03,refuse,3,184,
280146.739,conflict-at-land,2,183,
280152.03,start,3,184,
280161.739,refuse,2,183,
280166.327,conflict-at-land,3,184,
280176.739,start,2,183,
280181.327,refuse,3,184,
280185.584,conflict-at-land,2,183,
280196.327,start,3,184,
280200.584,refuse,2,183,
280211.561,conflict-at-land,3,184,
280215.584,start,2,183,
280224.485,conflict-at-land,2,183,
280226.561,start,3,184,
280235.481,conflict-at-land,3,184,
280239.485,start,2,183,
280250.481,refuse,3,184,
280254.802,conflict-at-land,2,183,
280265.481,start,3,184,
280269.802,refuse,2,183,
280277.743,conflict-at-land,3,184,
280284.802,start,2,183,
280292.743,refuse,3,184,
280297.607,conflict-at-land,2,183,
280307.743,start,3,184,
280312.607,refuse,2,183,
280320.078,conflict-at-land,3,184,
280327.607,start,2,183,
280335.078,refuse,3,184,
280340.736,conflict-at-land,2,183,
280350.078,start,3,184,
280355.736,refuse,2,183,
280362.697,conflict-at-land,3,184,
280370.736,start,2,183,
280377.697,refuse,3,184,
280385.589,conflict-at-land,2,183,
280392.697,start,3,184,
280400.589,refuse,2,183,
280403.562,conflict-at-land,3,184,
280415.589,start,2,183,
280418.562,refuse,3,184,
280426.444,conflict-at-land,2,183,
280433.562,start,3,184,
280441.444,refuse,2,183,
280448.807,conflict-at-land,3,184,
280456.444,start,2,183,
280463.807,refuse,3,184,
280471.868,conflict-at-land,2,183,
280478.807,start,3,184,
280486.868,refuse,2,183,
280489.974,conflict-at-land,3,184,
280501.868,start,2,183,
280504.974,refuse,3,184,
280512.697,conflict-at-land,2,183,
280519.974,start,3,184,
280527.697,refuse,2,183,
280528.823,conflict-at-land,3,184,
280542.697,start,2,183,
280543.823,refuse,3,184,
280551.571,conflict-at-land,2,183,
280558.823,start,3,184,
280566.571,refuse,2,183,
280571.591,conflict-at-land,3,184,
280581.571,start,2,183,
280586.591,refuse,3,184,
280590.824,conflict-at-land,2,183,
280601.591,start,3,184,
280605.824,refuse,2,183,
280610.856,conflict-at-land,3,184,
280620.824,start,2,183,
280625.856,refuse,3,184,
280631.579,conflict-at-land,2,183,
280640.856,start,3,184,
280646.579,refuse,2,183,
280649.635,conflict-at-land,3,184,
280661.579,start,2,183,
280664.635,refuse,3,184,
280672.367,conflict-at-land,2,183,
280679.635,start,3,184,
280687.367,refuse,2,183,
280691.922,conflict-at-land,3,184,
280702.367,start,2,183,
280706.922,refuse,3,184,
280713.892,conflict-at-land,2,183,
280721.922,start,3,184,
280728.892,refuse,2,183,
280732.34,conflict-at-land,3,184,
280743.892,start,2,183,
280747.34,refuse,3,184,
280759.451,conflict-at-land,2,183,
280762.34,start,3,184,
280773.184,conflict-at-land,3,184,
280774.451,start,2,183,
280788.184,refuse,3,184,
280788.743,conflict-at-land,2,183,
280803.184,start,3,184,
280803.743,refuse,2,183,
280816.371,conflict-at-land,3,184,
280818.743,start,2,183,
280829.08,conflict-at-land,2,183,
280831.371,start,3,184,
280840.867,conflict-at-land,3,184,
280844.08,start,2,183,
280855.696,conflict-at-land,2,183,
280855.867,start,3,184,
280866.692,conflict-at-land,3,184,
280870.696,start,2,183,
280881.692,refuse,3,184,
280882.552,conflict-at-land,2,183,
280896.692,start,3,184,
280897.552,refuse,2,183,
280909.79,conflict-at-land,3,184,
280912.552,start,2,183,
280923.29,conflict-at-land,2,183,
280924.79,start,3,184,
280937.945,conflict-at-land,3,184,
280938.29,start,2,183,
280950.02,conflict-at-land,2,183,
280952.945,start,3,184,
280965.02,refuse,2,183,
280965.805,conflict-at-land,3,184,
280980.02,start,2,183,
280980.805,refuse,3,184,
280992.412,conflict-at-land,2,183,
280995.805,start,3,184,
281007.412,refuse,2,183,
281010.401,conflict-at-land,3,184,
281022.412,start,2,183,
281025.401,refuse,3,184,
281035.271,conflict-at-land,2,183,
281040.401,start,3,184,
281050.271,refuse,2,183,
281050.928,conflict-at-land,3,184,
281065.271,start,2,183,
281065.928,refuse,3,184,
281078.969,conflict-at-land,2,183,
281078.969,abandon,2,183,
281078.969,start,2,185,
281080.928,start,3,184,
281084.505,conflict-at-land,2,185,
281091.664,conflict-at-land,3,184,
281099.505,start,2,185,
281105.174,conflict-at-land,2,185,
281106.664,start,3,184,
281115.143,conflict-at-land,3,184,
281120.174,start,2,185,
281125.546,conflict-at-land,2,185,
281130.143,start,3,184,
281140.546,start,2,185,
281140.582,conflict-at-land,3,184,
281147.969,conflict-at-land,2,185,
281155.582,start,3,184,
281162.969,start,2,185,
281166.043,conflict-at-land,3,184,
281169.45,conflict-at-land,2,185,
281181.043,start,3,184,
281184.45,start,2,185,
281189.444,conflict-at-land,2,185,
281190.143,conflict-at-land,3,184,
281199.804,conflict-at-land,0,155,
281204.444,start,2,185,
281205.143,start,3,184,
281211.692,conflict-at-land,2,185,
281214.804,start,0,155,
281215.13,conflict-at-land,3,184,
281226.692,start,2,185,
281230.13,start,3,184,
281234.319,conflict-at-land,2,185,
281242.981,conflict-at-land,3,184,
281249.319,start,2,185,
281256.495,conflict-at-land,2,185,
281257.981,start,3,184,
281271.495,start,2,185,
281273.182,conflict-at-land,3,184,
281278.16,conflict-at-land,2,185,
281288.182,start,3,184,
281293.16,start,2,185,
281299.898,conflict-at-land,2,185,
281301.433,conflict-at-land,3,184,
281314.898,start,2,185,
281316.433,start,3,184,
281319.611,conflict-at-land,2,185,
281328.243,conflict-at-land,3,184,
281334.611,start,2,185,
281341.852,conflict-at-land,2,185,
281343.243,start,3,184,
281352.593,conflict-at-land,3,184,
281356.852,start,2,185,
281362.058,conflict-at-land,2,185,
281367.593,start,3,184,
281377.058,start,2,185,
281379.437,conflict-at-land,3,184,
281383.401,conflict-at-land,2,185,
281394.437,start,3,184,
281398.401,start,2,185,
281403.491,conflict-at-land,2,185,
281409.669,conflict-at-land,3,184,
281418.491,start,2,185,
281424.183,conflict-at-land,2,185,
281424.669,start,3,184,
281433.348,conflict-at-land,3,184,
281439.183,start,2,185,
281445.734,conflict-at-land,2,185,
281448.348,start,3,184,
281457.534,conflict-at-land,3,184,
281460.734,start,2,185,
281466.839,conflict-at-land,2,185,
281472.534,start,3,184,
281481.839,start,2,185,
281486.499,conflict-at-land,2,185,
281487.097,conflict-at-land,3,184,
281501.499,start,2,185,
281502.097,start,3,184,
281507.896,conflict-at-land,2,185,
281514.661,conflict-at-land,3,184,
281522.896,start,2,185,
281528.665,conflict-at-land,2,185,
281529.661,start,3,184,
281543.665,start,2,185,
281543.694,conflict-at-land,3,184,
281550.004,conflict-at-land,2,185,
281558.694,start,3,184,
281565.004,start,2,185,
281570.346,conflict-at-land,3,184,
281572.606,conflict-at-land,2,185,
281585.346,start,3,184,
281587.606,start,2,185,
281593.253,conflict-at-land,2,185,
281599.084,conflict-at-land,3,184,
281608.253,start,2,185,
281612.826,conflict-at-land,2,185,
281614.084,start,3,184,
281622.856,conflict-at-land,3,184,
281627.826,start,2,185,
281634.146,conflict-at-land,2,185,
281637.856,start,3,184,
281649.146,start,2,185,
281652.445,conflict-at-land,3,184,
281655.651,conflict-at-land,2,185,
281667.445,start,3,184,
281670.651,start,2,185,
281677.832,conflict-at-land,2,185,
281681.138,conflict-at-land,3,184,
281692.832,start,2,185,
281696.138,start,3,184,
281698.3,conflict-at-land,2,185,
281710.302,conflict-at-land,3,184,
281713.3,start,2,185,
281718.639,conflict-at-land,2,185,
281725.302,start,3,184,
281733.639,start,2,185,
281737.419,conflict-at-land,3,184,
281740.176,conflict-at-land,2,185,
281752.419,start,3,184,
281755.176,start,2,185,
281762.627,conflict-at-land,2,185,
281765.741,conflict-at-land,3,184,
281777.627,start,2,185,
281780.741,start,3,184,
281784.314,conflict-at-land,2,185,
281795.317,conflict-at-land,3,184,
281799.314,start,2,185,
281805.591,conflict-at-land,2,185,
281810.317,start,3,184,
281820.591,start,2,185,
281824.944,conflict-at-land,2,185,
281825.895,conflict-at-land,3,184,
281839.944,start,2,185,
281840.895,start,3,184,
281845.163,conflict-at-land,2,185,
281855.692,conflict-at-land,3,184,
281860.163,start,2,185,
281867.466,conflict-at-land,2,185,
281870.692,start,3,184,
281882.012,conflict-at-land,3,184,
281882.466,start,2,185,
281887.434,conflict-at-land,2,185,
281897.012,start,3,184,
281902.434,start,2,185,
281906.252,conflict-at-land,3,184,
281910.226,conflict-at-land,2,185,
281921.252,start,3,184,
281925.226,start,2,185,
281930.322,conflict-at-land,2,185,
281931.862,conflict-at-land,3,184,
281945.322,start,2,185,
281946.862,start,3,184,
281950.777,conflict-at-land,2,185,
281959.06,conflict-at-land,3,184,
281965.777,start,2,185,
281973.535,conflict-at-land,2,185,
281974.06,start,3,184,
281988.535,start,2,185,
281989.623,conflict-at-land,3,184,
281994.869,conflict-at-land,2,185,
282004.623,start,3,184,
282009.869,start,2,185,
282016.555,conflict-at-land,2,185,
282017.241,conflict-at-land,3,184,
282031.555,start,2,185,
282032.241,start,3,184,
282036.953,conflict-at-land,2,185,
282044.097,conflict-at-land,3,184,
282051.953,start,2,185,
282057.63,conflict-at-land,2,185,
282059.097,start,3,184,
282072.63,start,2,185,
282074.289,conflict-at-land,3,184,
282078.431,conflict-at-land,2,185,
282089.289,start,3,184,
282093.431,start,2,185,
282098.013,conflict-at-land,3,184,
282099.198,conflict-at-land,2,185,
282113.013,start,3,184,
282114.198,start,2,185,
282121.995,conflict-at-land,2,185,
282122.863,conflict-at-land,3,184,
282136.995,start,2,185,
282137.863,start,3,184,
282144.296,conflict-at-land,2,185,
282150.181,conflict-at-land,3,184,
282159.296,start,2,185,
282165.181,start,3,184,
282166.646,conflict-at-land,2,185,
282176.251,conflict-at-land,3,184,
282181.646,start,2,185,
282186.508,conflict-at-land,2,185,
282191.251,start,3,184,
282201.508,start,2,185,
282202.24,conflict-at-land,3,184,
282208.829,conflict-at-land,2,185,
282217.24,start,3,184,
282223.829,start,2,185,
282229.731,conflict-at-land,3,184,
282231.605,conflict-at-land,2,185,
282244.731,start,3,184,
282246.605,start,2,185,
282251.442,conflict-at-land,2,185,
282259.54,conflict-at-land,3,184,
282266.442,start,2,185,
282273.476,conflict-at-land,2,185,
282274.54,start,3,184,
282288.476,start,2,185,
282288.546,conflict-at-land,3,184,
282295.02,conflict-at-land,2,185,
282303.546,start,3,184,
282310.02,start,2,185,
282314.875,conflict-at-land,2,185,
282315.216,conflict-at-land,3,184,
282329.875,start,2,185,
282330.216,start,3,184,
282336.928,conflict-at-land,2,185,
282341.507,conflict-at-land,3,184,
282351.928,start,2,185,
282356.507,start,3,184,
282358.65,conflict-at-land,2,185,
282366.362,conflict-at-land,3,184,
282373.65,start,2,185,
282379.072,conflict-at-land,2,185,
282381.362,start,3,184,
282393.1,conflict-at-land,3,184,
282394.072,start,2,185,
282401.774,conflict-at-land,2,185,
282408.1,start,3,184,
282416.585,conflict-at-land,3,184,
282416.774,start,2,185,
282422.801,conflict-at-land,2,185,
282431.585,start,3,184,
282437.801,start,2,185,
282442.729,conflict-at-land,2,185,
282443.117,conflict-at-land,3,184,
282457.729,start,2,185,
282458.117,start,3,184,
282463.13,conflict-at-land,2,185,
282472.568,conflict-at-land,3,184,
282478.13,start,2,185,
282483.877,conflict-at-land,2,185,
282487.568,start,3,184,
282498.877,start,2,185,
282500.748,conflict-at-land,3,184,
282502.797,conflict-at-land,0,155,
282504.181,conflict-at-land,2,185,
282515.748,start,3,184,
282517.797,start,0,155,
282519.181,start,2,185,
282525.695,conflict-at-land,2,185,
282531.064,conflict-at-land,3,184,
282540.695,start,2,185,
282546.064,start,3,184,
282547.575,conflict-at-land,2,185,
282561.131,conflict-at-land,3,184,
282561.131,abandon,3,184,
282561.131,refuse,3,186,
282562.575,start,2,185,
282568.06,conflict-at-land,2,185,
282576.131,refuse,3,186,
282583.06,start,2,185,
282588.559,conflict-at-land,2,185,
282591.131,refuse,3,186,
282603.559,start,2,185,
282606.131,refuse,3,186,
282608.142,conflict-at-land,2,185,
282621.131,refuse,3,186,
282623.142,start,2,185,
282627.466,conflict-at-land,2,185,
282636.131,refuse,3,186,
282642.466,start,2,185,
282648.844,conflict-at-land,2,185,
282651.131,refuse,3,186,
282663.844,start,2,185,
282666.131,refuse,3,186,
282671.063,conflict-at-land,2,185,
282681.131,refuse,3,186,
282686.063,start,2,185,
282692.982,conflict-at-land,2,185,
282696.131,refuse,3,186,
282707.982,start,2,185,
282711.131,refuse,3,186,
282715.443,conflict-at-land,2,185,
282726.131,refuse,3,186,
282730.443,start,2,185,
282737.92,conflict-at-land,2,185,
282741.131,refuse,3,186,
282752.92,start,2,185,
282756.131,refuse,3,186,
282758.308,conflict-at-land,2,185,
282771.131,refuse,3,186,
282773.308,start,2,185,
282778.809,conflict-at-land,2,185,
282786.131,refuse,3,186,
282793.809,start,2,185,
282799.683,conflict-at-land,2,185,
282801.131,refuse,3,186,
282814.683,start,2,185,
282816.131,refuse,3,186,
282821.839,conflict-at-land,2,185,
282831.131,refuse,3,186,
282836.839,start,2,185,
282842.984,conflict-at-land,2,185,
282846.131,refuse,3,186,
282857.984,start,2,185,
282861.131,refuse,3,186,
282862.239,conflict-at-land,2,185,
282876.131,refuse,3,186,
282877.239,start,2,185,
282884.286,conflict-at-land,2,185,
282891.131,refuse,3,186,
282899.286,start,2,185,
282905.964,conflict-at-land,2,185,
282906.131,refuse,3,186,
282920.964,start,2,185,
282921.131,refuse,3,186,
282927.419,conflict-at-land,2,185,
282936.131,refuse,3,186,
282942.419,start,2,185,
282949.639,conflict-at-land,2,185,
282951.131,refuse,3,186,
282964.639,start,2,185,
282966.131,refuse,3,186,
282968.95,conflict-at-land,2,185,
282981.131,refuse,3,186,
282983.95,start,2,185,
282989.737,conflict-at-land,2,185,
282996.131,refuse,3,186,
283004.737,start,2,185,
283010.267,conflict-at-land,2,185,
283011.131,refuse,3,186,
283025.267,start,2,185,
283026.131,refuse,3,186,
283032.021,conflict-at-land,2,185,
283041.131,refuse,3,186,
283047.021,start,2,185,
283053.778,conflict-at-land,2,185,
283056.131,refuse,3,186,
283068.778,start,2,185,
283071.131,refuse,3,186,
283076.246,conflict-at-land,2,185,
283086.131,refuse,3,186,
283091.246,start,2,185,
283097.868,conflict-at-land,2,185,
283101.131,refuse,3,186,
283112.868,start,2,185,
283116.131,refuse,3,186,
283117.83,conflict-at-land,2,185,
283131.131,refuse,3,186,
283132.83,start,2,185,
283137.448,conflict-at-land,2,185,
283146.131,refuse,3,186,
283152.448,start,2,185,
283158.979,conflict-at-land,2,185,
283161.131,refuse,3,186,
283173.979,start,2,185,
283176.131,refuse,3,186,
283179.904,conflict-at-land,2,185,
283191.131,refuse,3,186,
283194.904,start,2,185,
283201.767,conflict-at-land,2,185,
283206.131,refuse,3,186,
283216.767,start,2,185,
283221.125,conflict-at-land,2,185,
283221.131,refuse,3,186,
283236.125,start,2,185,
283236.131,refuse,3,186,
283242.42,conflict-at-land,2,185,
283251.131,refuse,3,186,
283257.42,start,2,185,
283264.76,conflict-at-land,2,185,
283266.131,refuse,3,186,
283279.76,start,2,185,
283281.131,refuse,3,186,
283286.927,conflict-at-land,2,185,
283296.131,refuse,3,186,
283301.927,start,2,185,
283309.288,conflict-at-land,2,185,
283311.131,refuse,3,186,
283324.288,start,2,185,
283326.131,refuse,3,186,
283330.774,conflict-at-land,2,185,
283341.131,refuse,3,186,
283345.774,start,2,185,
283352.341,conflict-at-land,2,185,
283356.131,refuse,3,186,
283367.341,start,2,185,
283371.131,refuse,3,186,
283371.791,conflict-at-land,2,185,
283386.131,refuse,3,186,
283386.791,start,2,185,
283391.184,conflict-at-land,2,185,
283401.131,refuse,3,186,
283406.184,start,2,185,
283412.217,conflict-at-land,2,185,
283416.131,refuse,3,186,
283427.217,start,2,185,
283431.131,refuse,3,186,
283433.523,conflict-at-land,2,185,
283446.131,refuse,3,186,
283448.523,start,2,185,
283456.045,conflict-at-land,2,185,
283461.131,refuse,3,186,
283471.045,start,2,185,
283476.131,refuse,3,186,
283476.182,conflict-at-land,2,185,
283491.131,refuse,3,186,
283491.182,start,2,185,
283497.204,conflict-at-land,2,185,
283506.131,refuse,3,186,
283512.204,start,2,185,
283519.058,conflict-at-land,2,185,
283521.131,refuse,3,186,
283534.058,start,2,185,
283536.131,refuse,3,186,
283540.111,conflict-at-land,2,185,
283551.131,refuse,3,186,
283555.111,start,2,185,
283561.223,conflict-at-land,2,185,
283566.131,refuse,3,186,
283576.223,start,2,185,
283581.131,refuse,3,186,
283583.999,conflict-at-land,2,185,
283596.131,refuse,3,186,
283598.999,start,2,185,
283606.687,conflict-at-land,2,185,
283611.131,refuse,3,186,
283621.687,start,2,185,
283626.131,refuse,3,186,
283626.15,conflict-at-land,2,185,
283641.131,refuse,3,186,
283641.15,start,2,185,
283648.946,conflict-at-land,2,185,
283656.131,refuse,3,186,
283663.946,start,2,185,
283670.081,conflict-at-land,2,185,
283671.131,refuse,3,186,
283685.081,start,2,185,
283686.131,refuse,3,186,
283691.035,conflict-at-land,2,185,
283701.131,refuse,3,186,
283706.035,start,2,185,
283711.254,conflict-at-land,2,185,
283716.131,refuse,3,186,
283726.254,start,2,185,
283731.131,refuse,3,186,
283733.066,conflict-at-land,2,185,
283746.131,refuse,3,186,
283748.066,start,2,185,
283755.528,conflict-at-land,2,185,
283761.131,refuse,3,186,
283770.528,start,2,185,
283776.131,refuse,3,186,
283776.151,conflict-at-land,2,185,
283791.131,refuse,3,186,
283791.151,start,2,185,
283795.704,conflict-at-land,2,185,
283806.131,refuse,3,186,
283810.704,start,2,185,
283816.066,conflict-at-land,2,185,
283821.131,refuse,3,186,
283831.066,start,2,185,
283836.131,refuse,3,186,
283836.934,conflict-at-land,2,185,
283851.131,refuse,3,186,
283851.934,start,2,185,
283857.231,conflict-at-land,0,155,
283858.937,conflict-at-land,2,185,
283866.131,start,3,186,
283872.231,refuse,0,155,
283873.937,start,2,185,
283879.001,conflict-at-land,3,186,
283880.59,conflict-at-land,2,185,
283887.231,start,0,155,
283894.001,refuse,3,186,
283895.59,start,2,185,
283900.674,conflict-at-land,2,185,
283909.001,refuse,3,186,
283915.674,start,2,185,
283922.407,conflict-at-land,2,185,
283924.001,refuse,3,186,
283937.407,start,2,185,
283939.001,refuse,3,186,
283944.57,conflict-at-land,2,185,
283954.001,refuse,3,186,
283959.57,start,2,185,
283964.276,conflict-at-land,2,185,
283969.001,refuse,3,186,
283979.276,start,2,185,
283984.001,refuse,3,186,
283984.365,conflict-at-land,2,185,
283999.001,refuse,3,186,
283999.365,start,2,185,
284003.714,conflict-at-land,2,185,
284014.001,refuse,3,186,
284018.714,start,2,185,
284025.626,conflict-at-land,2,185,
284029.001,refuse,3,186,
284040.626,start,2,185,
284044.001,refuse,3,186,
284047.283,conflict-at-land,2,185,
284059.001,refuse,3,186,
284062.283,start,2,185,
284066.595,conflict-at-land,2,185,
284074.001,refuse,3,186,
284081.595,start,2,185,
284089.001,refuse,3,186,
284089.293,conflict-at-land,2,185,
284104.001,refuse,3,186,
284104.293,start,2,185,
284109.532,conflict-at-land,2,185,
284119.001,refuse,3,186,
284124.532,start,2,185,
284129.959,conflict-at-land,2,185,
284134.001,refuse,3,186,
284144.959,start,2,185,
284149.001,refuse,3,186,
284152.342,conflict-at-land,2,185,
284164.001,refuse,3,186,
284167.342,start,2,185,
284174.591,conflict-at-land,2,185,
284179.001,refuse,3,186,
284189.591,start,2,185,
284194.001,refuse,3,186,
284194.632,conflict-at-land,2,185,
284209.001,refuse,3,186,
284209.632,start,2,185,
284214.132,conflict-at-land,2,185,
284224.001,refuse,3,186,
284229.132,start,2,185,
284234.317,conflict-at-land,2,185,
284239.001,refuse,3,186,
284249.317,start,2,185,
284254.001,refuse,3,186,
284254.456,conflict-at-land,2,185,
284269.001,refuse,3,186,
284269.456,start,2,185,
284275.221,conflict-at-land,2,185,
284284.001,refuse,3,186,
284290.221,start,2,185,
284294.856,conflict-at-land,2,185,
284299.001,refuse,3,186,
284309.856,start,2,185,
284314.001,refuse,3,186,
284315.284,conflict-at-land,2,185,
284329.001,refuse,3,186,
284330.284,start,2,185,
284335.605,conflict-at-land,2,185,
284344.001,refuse,3,186,
284350.605,start,2,185,
284355.385,conflict-at-land,2,185,
284359.001,refuse,3,186,
284370.385,start,2,185,
284374.001,refuse,3,186,
284378.016,conflict-at-land,2,185,
284389.001,refuse,3,186,
284393.016,start,2,185,
284399.686,conflict-at-land,2,185,
284404.001,refuse,3,186,
284414.686,start,2,185,
284419.001,refuse,3,186,
284422.113,conflict-at-land,2,185,
284434.001,refuse,3,186,
284437.113,start,2,185,
284443.16,conflict-at-land,2,185,
284449.001,refuse,3,186,
284458.16,start,2,185,
284463.396,conflict-at-land,2,185,
284464.001,refuse,3,186,
284478.396,start,2,185,
284479.001,refuse,3,186,
284483.781,conflict-at-land,2,185,
284494.001,refuse,3,186,
284498.781,start,2,185,
284503.728,conflict-at-land,2,185,
284509.001,refuse,3,186,
284518.728,start,2,185,
284524.001,refuse,3,186,
284525.635,conflict-at-land,2,185,
284539.001,refuse,3,186,
284540.635,start,2,185,
284547.868,conflict-at-land,2,185,
284554.001,refuse,3,186,
284562.868,start,2,185,
284567.917,conflict-at-land,2,185,
284569.001,refuse,3,186,
284582.917,start,2,185,
284584.001,refuse,3,186,
284587.617,conflict-at-land,2,185,
284599.001,refuse,3,186,
284602.617,start,2,185,
284608.652,conflict-at-land,2,185,
284614.001,refuse,3,186,
284623.652,start,2,185,
284629.001,refuse,3,186,
284630.817,conflict-at-land,2,185,
284644.001,refuse,3,186,
284645.817,start,2,185,
284650.219,conflict-at-land,2,185,
284659.001,refuse,3,186,
284665.219,start,2,185,
284672.549,conflict-at-land,2,185,
284674.001,refuse,3,186,
284687.549,start,2,185,
284689.001,refuse,3,186,
284694.571,conflict-at-land,2,185,
284704.001,refuse,3,186,
284709.571,start,2,185,
284715.601,conflict-at-land,2,185,
284719.001,refuse,3,186,
284730.601,start,2,185,
284734.001,refuse,3,186,
284738.174,conflict-at-land,2,185,
284749.001,refuse,3,186,
284753.174,start,2,185,
284760.367,conflict-at-land,2,185,
284764.001,refuse,3,186,
284775.367,start,2,185,
284779.001,refuse,3,186,
284781.732,conflict-at-land,2,185,
284794.001,refuse,3,186,
284796.732,start,2,185,
284802.275,conflict-at-land,2,185,
284809.001,refuse,3,186,
284817.275,start,2,185,
284824.001,refuse,3,186,
284824.171,conflict-at-land,2,185,
284839.001,refuse,3,186,
284839.171,start,2,185,
284845.908,conflict-at-land,2,185,
284854.001,refuse,3,186,
284860.908,start,2,185,
284865.196,conflict-at-land,2,185,
284869.001,refuse,3,186,
284880.196,start,2,185,
284884.001,refuse,3,186,
284885.493,conflict-at-land,2,185,
284899.001,refuse,3,186,
284900.493,start,2,185,
284905.945,conflict-at-land,2,185,
284914.001,refuse,3,186,
284920.945,start,2,185,
284926.281,conflict-at-land,2,185,
284929.001,refuse,3,186,
284941.281,start,2,185,
284944.001,refuse,3,186,
284947.812,conflict-at-land,2,185,
284959.001,refuse,3,186,
284962.812,start,2,185,
284970.267,conflict-at-land,2,185,
284974.001,refuse,3,186,
284985.267,start,2,185,
284989.001,refuse,3,186,
284992.965,conflict-at-land,2,185,
285004.001,refuse,3,186,
285007.965,start,2,185,
285013.616,conflict-at-land,2,185,
285019.001,refuse,3,186,
285028.616,start,2,185,
285033.706,conflict-at-land,2,185,
285034.001,refuse,3,186,
285048.706,start,2,185,
285049.001,refuse,3,186,
285053.105,conflict-at-land,2,185,
285064.001,refuse,3,186,
285068.105,start,2,185,
285073.36,conflict-at-land,2,185,
285079.001,refuse,3,186,
285088.36,start,2,185,
285094.001,refuse,3,186,
285094.654,conflict-at-land,2,185,
285109.001,refuse,3,186,
285109.654,start,2,185,
285115.784,conflict-at-land,2,185,
285124.001,refuse,3,186,
285130.784,start,2,185,
285138.15,conflict-at-land,2,185,
285139.001,refuse,3,186,
285153.15,start,2,185,
285154.001,refuse,3,186,
285159.62,conflict-at-land,2,185,
285169.001,refuse,3,186,
285174.62,start,2,185,
285180.35,conflict-at-land,2,185,
285184.001,refuse,3,186,
285195.35,start,2,185,
285199.001,refuse,3,186,
285199.59,conflict-at-land,2,185,
285214.001,refuse,3,186,
285214.59,start,2,185,
285220.346,conflict-at-land,2,185,
285229.001,refuse,3,186,
285235.346,start,2,185,
285240.516,conflict-at-land,2,185,
285244.001,refuse,3,186,
285255.516,start,2,185,
285259.001,refuse,3,186,
285262.719,conflict-at-land,2,185,
285274.001,refuse,3,186,
285277.719,start,2,185,
285284.589,conflict-at-land,2,185,
285289.001,refuse,3,186,
285299.589,start,2,185,
285304.001,refuse,3,186,
285305.079,conflict-at-land,2,185,
285305.079,abandon,2,185,
285305.079,refuse,2,187,
285319.001,refuse,3,186,
285320.079,refuse,2,187,
285334.001,refuse,3,186,
285335.079,refuse,2,187,
285349.001,refuse,3,186,
285350.079,refuse,2,187,
285364.001,refuse,3,186,
285365.079,refuse,2,187,
285379.001,refuse,3,186,
285380.079,refuse,2,187,
285394.001,refuse,3,186,
285395.079,refuse,2,187,
285409.001,refuse,3,186,
285410.079,refuse,2,187,
285424.001,refuse,3,186,
285425.079,refuse,2,187,
285439.001,refuse,3,186,
285440.079,refuse,2,187,
285454.001,refuse,3,186,
285455.079,refuse,2,187,
285469.001,refuse,3,186,
285470.079,refuse,2,187,
285484.001,refuse,3,186,
285485.079,refuse,2,187,
285499.001,refuse,3,186,
285500.079,refuse,2,187,
285514.001,refuse,3,186,
285515.079,refuse,2,187,
285529.001,refuse,3,186,
285530.079,refuse,2,187,
285544.001,refuse,3,186,
285545.079,refuse,2,187,
285559.001,refuse,3,186,
285560.079,refuse,2,187,
285574.001,refuse,3,186,
285574.001,abandon,3,186,
285574.001,refuse,3,188,
285575.079,refuse,2,187,
285589.001,refuse,3,188,
285590.079,refuse,2,187,
285604.001,refuse,3,188,
285605.079,refuse,2,187,
285619.001,refuse,3,188,
285620.079,refuse,2,187,
285634.001,refuse,3,188,
285635.079,refuse,2,187,
285649.001,refuse,3,188,
285650.079,refuse,2,187,
285664.001,refuse,3,188,
285665.079,refuse,2,187,
285679.001,refuse,3,188,
285680.079,refuse,2,187,
285694.001,refuse,3,188,
285695.079,refuse,2,187,
285709.001,refuse,3,188,
285710.079,refuse,2,187,
285724.001,refuse,3,188,
285725.079,refuse,2,187,
285739.001,refuse,3,188,
285740.079,refuse,2,187,
285754.001,refuse,3,188,
285755.079,refuse,2,187,
285769.001,refuse,3,188,
285770.079,refuse,2,187,
285784.001,refuse,3,188,
285785.079,refuse,2,187,
285799.001,refuse,3,188,
285800.079,refuse,2,187,
285814.001,refuse,3,188,
285815.079,refuse,2,187,
285829.001,refuse,3,188,
285830.079,refuse,2,187,
285844.001,refuse,3,188,
285845.079,refuse,2,187,
285859.001,refuse,3,188,
285860.079,refuse,2,187,
285874.001,refuse,3,188,
285875.079,refuse,2,187,
285889.001,refuse,3,188,
285890.079,refuse,2,187,
285904.001,refuse,3,188,
285905.079,refuse,2,187,
285919.001,refuse,3,188,
285920.079,refuse,2,187,
285934.001,refuse,3,188,
285935.079,refuse,2,187,
285949.001,refuse,3,188,
285950.079,refuse,2,187,
285964.001,refuse,3,188,
285965.079,refuse,2,187,
285979.001,refuse,3,188,
285980.079,refuse,2,187,
285994.001,refuse,3,188,
285995.079,refuse,2,187,
286009.001,refuse,3,188,
286010.079,refuse,2,187,
286024.001,refuse,3,188,
286025.079,refuse,2,187,
286039.001,refuse,3,188,
286040.079,refuse,2,187,
286054.001,refuse,3,188,
286055.079,refuse,2,187,
286069.001,refuse,3,188,
286070.079,refuse,2,187,
286084.001,refuse,3,188,
286085.079,refuse,2,187,
286085.25,conflict-at-land,0,155,
286099.001,start,3,188,
286100.079,refuse,2,187,
286100.25,refuse,0,155,
286111.684,conflict-at-land,3,188,
286115.079,start,2,187,
286115.25,refuse,0,155,
286123.656,conflict-at-land,2,187,
286126.684,start,3,188,
286130.25,refuse,0,155,
286138.656,refuse,2,187,
286140.448,conflict-at-land,3,188,
286145.25,start,0,155,
286153.656,refuse,2,187,
286155.448,refuse,3,188,
286168.656,refuse,2,187,
286170.448,refuse,3,188,
286183.656,refuse,2,187,
286185.448,refuse,3,188,
286198.656,refuse,2,187,
286200.448,refuse,3,188,
286213.656,refuse,2,187,
286215.448,refuse,3,188,
286228.656,refuse,2,187,
286230.448,refuse,3,188,
286243.656,refuse,2,187,
286245.448,refuse,3,188,
286258.656,refuse,2,187,
286260.448,refuse,3,188,
286273.656,refuse,2,187,
286275.448,refuse,3,188,
286288.656,refuse,2,187,
286290.448,refuse,3,188,
286303.656,refuse,2,187,
286305.448,refuse,3,188,
286318.656,refuse,2,187,
286320.448,refuse,3,188,
286333.656,refuse,2,187,
286335.448,refuse,3,188,
286348.656,refuse,2,187,
286350.448,refuse,3,188,
286363.656,refuse,2,187,
286365.448,refuse,3,188,
286378.656,refuse,2,187,
286380.448,refuse,3,188,
286393.656,refuse,2,187,
286395.448,refuse,3,188,
286408.656,refuse,2,187,
286410.448,refuse,3,188,
286423.656,refuse,2,187,
286425.448,refuse,3,188,
286438.656,refuse,2,187,
286440.448,refuse,3,188,
286453.656,refuse,2,187,
286455.448,refuse,3,188,
286468.656,refuse,2,187,
286470.448,refuse,3,188,
286483.656,refuse,2,187,
286485.448,refuse,3,188,
286498.656,refuse,2,187,
286500.448,refuse,3,188,
286513.656,refuse,2,187,
286515.448,refuse,3,188,
286528.656,refuse,2,187,
286530.448,refuse,3,188,
286543.656,refuse,2,187,
286545.448,refuse,3,188,
286558.656,refuse,2,187,
286560.448,refuse,3,188,
286573.656,refuse,2,187,
286575.448,refuse,3,188,
286588.656,refuse,2,187,
286590.448,refuse,3,188,
286603.656,refuse,2,187,
286605.448,refuse,3,188,
286618.656,refuse,2,187,
286620.448,refuse,3,188,
286633.656,refuse,2,187,
286635.448,refuse,3,188,
286648.656,refuse,2,187,
286650.448,refuse,3,188,
286663.656,refuse,2,187,
286665.448,refuse,3,188,
286678.656,refuse,2,187,
286680.448,refuse,3,188,
286693.656,refuse,2,187,
286695.448,refuse,3,188,
286708.656,refuse,2,187,
286710.448,refuse,3,188,
286723.656,refuse,2,187,
286725.448,refuse,3,188,
286738.656,refuse,2,187,
286740.448,refuse,3,188,
286753.656,refuse,2,187,
286755.448,refuse,3,188,
286768.656,refuse,2,187,
286770.448,refuse,3,188,
286783.656,refuse,2,187,
286785.448,refuse,3,188,
286798.656,refuse,2,187,
286800.448,refuse,3,188,
286813.656,refuse,2,187,
286815.448,refuse,3,188,
286828.656,refuse,2,187,
286830.448,refuse,3,188,
286843.656,refuse,2,187,
286845.448,refuse,3,188,
286858.656,refuse,2,187,
286860.448,refuse,3,188,
286873.656,refuse,2,187,
286875.448,refuse,3,188,
286888.656,refuse,2,187,
286890.448,refuse,3,188,
286903.656,refuse,2,187,
286905.448,refuse,3,188,
286918.656,refuse,2,187,
286920.448,refuse,3,188,
286933.656,refuse,2,187,
286935.448,refuse,3,188,
286948.656,refuse,2,187,
286950.448,refuse,3,188,
286963.656,refuse,2,187,
286965.448,refuse,3,188,
286978.656,refuse,2,187,
286980.448,refuse,3,188,
286993.656,refuse,2,187,
286995.448,refuse,3,188,
287008.656,refuse,2,187,
287010.448,refuse,3,188,
287023.656,refuse,2,187,
287025.448,refuse,3,188,
287038.656,refuse,2,187,
287040.448,refuse,3,188,
287053.656,refuse,2,187,
287055.448,refuse,3,188,
287068.656,refuse,2,187,
287070.448,refuse,3,188,
287083.656,refuse,2,187,
287085.448,refuse,3,188,
287098.656,refuse,2,187,
287100.448,refuse,3,188,
287113.656,refuse,2,187,
287115.448,refuse,3,188,
287128.656,refuse,2,187,
287130.448,refuse,3,188,
287143.656,refuse,2,187,
287145.448,refuse,3,188,
287158.656,refuse,2,187,
287160.448,refuse,3,188,
287173.656,refuse,2,187,
287175.448,refuse,3,188,
287188.656,refuse,2,187,
287190.448,refuse,3,188,
287203.656,refuse,2,187,
287205.448,refuse,3,188,
287218.656,refuse,2,187,
287220.448,refuse,3,188,
287233.656,refuse,2,187,
287235.448,refuse,3,188,
287248.656,refuse,2,187,
287250.448,refuse,3,188,
287263.656,refuse,2,187,
287265.448,refuse,3,188,
287278.656,refuse,2,187,
287280.448,refuse,3,188,
287293.656,refuse,2,187,
287295.448,refuse,3,188,
287308.656,refuse,2,187,
287310.448,refuse,3,188,
287323.656,refuse,2,187,
287325.448,refuse,3,188,
287338.656,refuse,2,187,
287340.448,refuse,3,188,
287353.656,refuse,2,187,
287355.448,refuse,3,188,
287368.656,refuse,2,187,
287370.448,refuse,3,188,
287383.656,refuse,2,187,
287385.448,refuse,3,188,
287398.656,refuse,2,187,
287400.448,refuse,3,188,
287413.656,refuse,2,187,
287415.448,refuse,3,188,
287428.656,refuse,2,187,
287430.448,refuse,3,188,
287443.656,refuse,2,187,
287445.448,refuse,3,188,
287458.656,refuse,2,187,
287460.448,refuse,3,188,
287473.656,refuse,2,187,
287475.448,refuse,3,188,
287488.656,refuse,2,187,
287490.448,refuse,3,188,
287503.656,refuse,2,187,
287505.448,refuse,3,188,
287518.656,refuse,2,187,
287520.448,refuse,3,188,
287533.656,refuse,2,187,
287535.448,refuse,3,188,
287548.656,refuse,2,187,
287550.448,refuse,3,188,
287563.656,refuse,2,187,
287565.448,refuse,3,188,
287578.656,refuse,2,187,
287580.448,refuse,3,188,
287593.656,refuse,2,187,
287595.448,refuse,3,188,
287608.656,refuse,2,187,
287610.448,refuse,3,188,
287623.656,refuse,2,187,
287625.448,refuse,3,188,
287638.656,refuse,2,187,
287640.448,refuse,3,188,
287653.656,refuse,2,187,
287655.448,refuse,3,188,
287668.656,refuse,2,187,
287670.448,refuse,3,188,
287683.656,refuse,2,187,
287685.448,refuse,3,188,
287698.656,refuse,2,187,
287700.448,refuse,3,188,
287713.656,refuse,2,187,
287715.448,refuse,3,188,
287728.656,refuse,2,187,
287730.448,refuse,3,188,
287743.656,refuse,2,187,
287745.448,refuse,3,188,
287758.656,refuse,2,187,
287760.448,refuse,3,188,
287773.656,refuse,2,187,
287775.448,refuse,3,188,
287788.656,refuse,2,187,
287790.448,refuse,3,188,
287803.656,refuse,2,187,
287805.448,refuse,3,188,
287818.656,refuse,2,187,
287820.448,refuse,3,188,
287833.656,refuse,2,187,
287835.448,refuse,3,188,
287848.656,refuse,2,187,
287850.448,refuse,3,188,
287863.656,refuse,2,187,
287865.448,refuse,3,188,
287878.656,refuse,2,187,
287880.448,refuse,3,188,
287893.656,refuse,2,187,
287895.448,refuse,3,188,
287908.656,refuse,2,187,
287910.448,refuse,3,188,
287923.656,refuse,2,187,
287925.448,refuse,3,188,
287938.656,refuse,2,187,
287940.448,refuse,3,188,
287953.656,refuse,2,187,
287955.448,refuse,3,188,
287968.656,refuse,2,187,
287970.448,refuse,3,188,
287983.656,refuse,2,187,
287985.448,refuse,3,188,
287998.656,refuse,2,187,
288000.448,refuse,3,188,
288013.656,refuse,2,187,
288015.448,refuse,3,188,
288028.656,refuse,2,187,
288030.448,refuse,3,188,
288043.656,refuse,2,187,
288045.448,refuse,3,188,
288058.656,refuse,2,187,
288060.448,refuse,3,188,
288073.656,refuse,2,187,
288075.448,refuse,3,188,
288088.656,refuse,2,187,
288090.448,refuse,3,188,
288103.656,refuse,2,187,
288105.448,refuse,3,188,
288118.656,refuse,2,187,
288120.448,refuse,3,188,
288133.656,refuse,2,187,
288135.448,refuse,3,188,
288148.656,refuse,2,187,
288150.448,refuse,3,188,
288163.656,refuse,2,187,
288165.448,refuse,3,188,
288178.656,refuse,2,187,
288180.448,refuse,3,188,
288193.656,refuse,2,187,
288195.448,refuse,3,188,
288208.656,refuse,2,187,
288210.448,refuse,3,188,
288223.656,refuse,2,187,
288225.448,refuse,3,188,
288238.656,refuse,2,187,
288240.448,refuse,3,188,
288253.656,refuse,2,187,
288255.448,refuse,3,188,
288268.656,refuse,2,187,
288270.448,refuse,3,188,
288283.656,refuse,2,187,
288285.448,refuse,3,188,
288298.656,refuse,2,187,
288300.448,refuse,3,188,
288313.656,refuse,2,187,
288313.656,abandon,2,187,
288313.656,refuse,2,189,
288315.448,refuse,3,188,
288320.204,conflict-at-land,0,155,
288328.656,start,2,189,
288330.448,refuse,3,188,
288335.204,refuse,0,155,
288343.588,conflict-at-land,2,189,
288345.448,start,3,188,
288350.204,refuse,0,155,
288358.588,refuse,2,189,
288360.396,conflict-at-land,3,188,
288365.204,start,0,155,
288373.588,refuse,2,189,
288375.396,refuse,3,188,
288388.588,refuse,2,189,
288390.396,refuse,3,188,
288403.588,refuse,2,189,
288405.396,refuse,3,188,
288418.588,refuse,2,189,
288420.396,refuse,3,188,
288433.588,refuse,2,189,
288435.396,refuse,3,188,
288448.588,refuse,2,189,
288450.396,refuse,3,188,
288463.588,refuse,2,189,
288465.396,refuse,3,188,
288478.588,refuse,2,189,
288480.396,refuse,3,188,
288493.588,refuse,2,189,
288495.396,refuse,3,188,
288508.588,refuse,2,189,
288510.396,refuse,3,188,
288523.588,refuse,2,189,
288525.396,refuse,3,188,
288538.588,refuse,2,189,
288540.396,refuse,3,188,
288553.588,refuse,2,189,
288555.396,refuse,3,188,
288568.588,refuse,2,189,
288570.396,refuse,3,188,
288583.588,refuse,2,189,
288585.396,refuse,3,188,
288598.588,refuse,2,189,
288600.396,refuse,3,188,
288613.588,refuse,2,189,
288615.396,refuse,3,188,
288615.396,abandon,3,188,
288615.396,refuse,3,190,
288628.588,refuse,2,189,
288630.396,refuse,3,190,
288643.588,refuse,2,189,
288645.396,refuse,3,190,
288658.588,refuse,2,189,
288660.396,refuse,3,190,
288673.588,refuse,2,189,
288675.396,refuse,3,190,
288688.588,refuse,2,189,
288690.396,refuse,3,190,
288703.588,refuse,2,189,
288705.396,refuse,3,190,
288718.588,refuse,2,189,
288720.396,refuse,3,190,
288733.588,refuse,2,189,
288735.396,refuse,3,190,
288748.588,refuse,2,189,
288750.396,refuse,3,190,
288763.588,refuse,2,189,
288765.396,refuse,3,190,
288778.588,refuse,2,189,
288780.396,refuse,3,190,
288793.588,refuse,2,189,
288795.396,refuse,3,190,
288808.588,refuse,2,189,
288810.396,refuse,3,190,
288823.588,refuse,2,189,
288825.396,refuse,3,190,
288838.588,refuse,2,189,
288840.396,refuse,3,190,
288853.588,refuse,2,189,
288855.396,refuse,3,190,
288868.588,refuse,2,189,
288870.396,refuse,3,190,
288883.588,refuse,2,189,
288885.396,refuse,3,190,
288898.588,refuse,2,189,
288900.396,refuse,3,190,
288913.588,refuse,2,189,
288915.396,refuse,3,190,
288928.588,refuse,2,189,
288930.396,refuse,3,190,
288943.588,refuse,2,189,
288945.396,refuse,3,190,
288958.588,refuse,2,189,
288960.396,refuse,3,190,
288973.588,refuse,2,189,
288975.396,refuse,3,190,
288988.588,refuse,2,189,
288990.396,refuse,3,190,
289003.588,refuse,2,189,
289005.396,refuse,3,190,
289018.588,refuse,2,189,
289020.396,refuse,3,190,
289033.588,refuse,2,189,
289035.396,refuse,3,190,
289048.588,refuse,2,189,
289050.396,refuse,3,190,
289063.588,refuse,2,189,
289065.396,refuse,3,190,
289078.588,refuse,2,189,
289080.396,refuse,3,190,
289093.588,refuse,2,189,
289095.396,refuse,3,190,
289108.588,refuse,2,189,
289110.396,refuse,3,190,
289123.588,refuse,2,189,
289125.396,refuse,3,190,
289138.588,refuse,2,189,
289140.396,refuse,3,190,
289153.588,refuse,2,189,
289155.396,refuse,3,190,
289168.588,refuse,2,189,
289170.396,refuse,3,190,
289183.588,refuse,2,189,
289185.396,refuse,3,190,
289198.588,refuse,2,189,
289200.396,refuse,3,190,
289213.588,refuse,2,189,
289215.396,refuse,3,190,
289228.588,refuse,2,189,
289230.396,refuse,3,190,
289243.588,refuse,2,189,
289245.396,refuse,3,190,
289258.588,refuse,2,189,
289260.396,refuse,3,190,
289273.588,refuse,2,189,
289275.396,refuse,3,190,
289288.588,refuse,2,189,
289290.396,refuse,3,190,
289303.588,refuse,2,189,
289305.396,refuse,3,190,
289318.588,refuse,2,189,
289320.396,refuse,3,190,
289333.588,refuse,2,189,
289335.396,refuse,3,190,
289348.588,refuse,2,189,
289350.396,refuse,3,190,
289363.588,refuse,2,189,
289365.396,refuse,3,190,
289378.588,refuse,2,189,
289380.396,refuse,3,190,
289393.588,refuse,2,189,
289395.396,refuse,3,190,
289408.588,refuse,2,189,
289410.396,refuse,3,190,
289423.588,refuse,2,189,
289425.396,refuse,3,190,
289438.588,refuse,2,189,
289440.396,refuse,3,190,
289453.588,refuse,2,189,
289455.396,refuse,3,190,
289468.588,refuse,2,189,
289470.396,refuse,3,190,
289483.588,refuse,2,189,
289485.396,refuse,3,190,
289498.588,refuse,2,189,
289500.396,refuse,3,190,
289513.588,refuse,2,189,
289515.396,refuse,3,190,
289528.588,refuse,2,189,
289530.396,refuse,3,190,
289543.588,refuse,2,189,
289545.396,refuse,3,190,
289558.588,refuse,2,189,
289560.396,refuse,3,190,
289573.588,refuse,2,189,
289575.396,refuse,3,190,
289588.588,refuse,2,189,
289590.396,refuse,3,190,
289603.588,refuse,2,189,
289605.396,refuse,3,190,
289618.588,refuse,2,189,
289620.396,refuse,3,190,
289633.588,refuse,2,189,
289635.396,refuse,3,190,
289648.588,refuse,2,189,
289650.396,refuse,3,190,
289663.588,refuse,2,189,
289665.396,refuse,3,190,
289678.588,refuse,2,189,
289680.396,refuse,3,190,
289693.588,refuse,2,189,
289695.396,refuse,3,190,
289708.588,refuse,2,189,
289710.396,refuse,3,190,
289723.588,refuse,2,189,
289725.396,refuse,3,190,
289738.588,refuse,2,189,
289740.396,refuse,3,190,
289753.588,refuse,2,189,
289755.396,refuse,3,190,
289768.588,refuse,2,189,
289770.396,refuse,3,190,
289783.588,refuse,2,189,
289784.998,conflict-at-land,0,155,
289785.396,start,3,190,
289792.635,conflict-at-land,3,190,
289798.588,start,2,189,
289799.998,refuse,0,155,
289807.635,refuse,3,190,
289811.201,conflict-at-land,2,189,
289814.998,start,0,155,
289822.635,refuse,3,190,
289826.201,refuse,2,189,
289837.635,refuse,3,190,
289841.201,refuse,2,189,
289852.635,refuse,3,190,
289856.201,refuse,2,189,
289867.635,refuse,3,190,
289871.201,refuse,2,189,
289882.635,refuse,3,190,
289886.201,refuse,2,189,
289897.635,refuse,3,190,
289901.201,refuse,2,189,
289912.635,refuse,3,190,
289916.201,refuse,2,189,
289927.635,refuse,3,190,
289931.201,refuse,2,189,
289942.635,refuse,3,190,
289946.201,refuse,2,189,
289957.635,refuse,3,190,
289961.201,refuse,2,189,
289972.635,refuse,3,190,
289976.201,refuse,2,189,
289987.635,refuse,3,190,
289991.201,refuse,2,189,
290002.635,refuse,3,190,
290006.201,refuse,2,189,
290017.635,refuse,3,190,
290021.201,refuse,2,189,
290032.635,refuse,3,190,
290036.201,refuse,2,189,
290047.635,refuse,3,190,
290051.201,refuse,2,189,
290062.635,refuse,3,190,
290066.201,refuse,2,189,
290077.635,refuse,3,190,
290081.201,refuse,2,189,
290092.635,refuse,3,190,
290096.201,refuse,2,189,
290107.635,refuse,3,190,
290111.201,refuse,2,189,
290122.635,refuse,3,190,
290126.201,refuse,2,189,
290137.635,refuse,3,190,
290141.201,refuse,2,189,
290152.635,refuse,3,190,
290156.201,refuse,2,189,
290167.635,refuse,3,190,
290171.201,refuse,2,189,
290182.635,refuse,3,190,
290186.201,refuse,2,189,
290197.635,refuse,3,190,
290201.201,refuse,2,189,
290212.635,refuse,3,190,
290216.201,refuse,2,189,
290227.635,refuse,3,190,
290231.201,refuse,2,189,
290242.635,refuse,3,190,
290246.201,refuse,2,189,
290257.635,refuse,3,190,
290261.201,refuse,2,189,
290272.635,refuse,3,190,
290276.201,refuse,2,189,
290287.635,refuse,3,190,
290291.201,refuse,2,189,
290302.635,refuse,3,190,
290306.201,refuse,2,189,
290317.635,refuse,3,190,
290321.201,refuse,2,189,
290332.635,refuse,3,190,
290336.201,refuse,2,189,
290347.635,refuse,3,190,
290351.201,refuse,2,189,
290362.635,refuse,3,190,
290366.201,refuse,2,189,
290377.635,refuse,3,190,
290381.201,refuse,2,189,
290392.635,refuse,3,190,
290396.201,refuse,2,189,
290407.635,refuse,3,190,
290411.201,refuse,2,189,
290422.635,refuse,3,190,
290426.201,refuse,2,189,
290437.635,refuse,3,190,
290441.201,refuse,2,189,
290452.635,refuse,3,190,
290456.201,refuse,2,189,
290467.635,refuse,3,190,
290471.201,refuse,2,189,
290482.635,refuse,3,190,
290486.201,refuse,2,189,
290497.635,refuse,3,190,
290501.201,refuse,2,189,
290512.635,refuse,3,190,
290516.201,refuse,2,189,
290527.635,refuse,3,190,
290531.201,refuse,2,189,
290542.635,refuse,3,190,
290546.201,refuse,2,189,
290557.635,refuse,3,190,
290561.201,refuse,2,189,
290572.635,refuse,3,190,
290576.201,refuse,2,189,
290587.635,refuse,3,190,
290591.201,refuse,2,189,
290602.635,refuse,3,190,
290606.201,refuse,2,189,
290617.635,refuse,3,190,
290621.201,refuse,2,189,
290632.635,refuse,3,190,
290636.201,refuse,2,189,
290647.635,refuse,3,190,
290651.201,refuse,2,189,
290662.635,refuse,3,190,
290666.201,refuse,2,189,
290677.635,refuse,3,190,
290681.201,refuse,2,189,
290692.635,refuse,3,190,
290696.201,refuse,2,189,
290707.635,refuse,3,190,
290711.201,refuse,2,189,
290722.635,refuse,3,190,
290726.201,refuse,2,189,
290737.635,refuse,3,190,
290741.201,refuse,2,189,
290752.635,refuse,3,190,
290756.201,refuse,2,189,
290767.635,refuse,3,190,
290771.201,refuse,2,189,
290782.635,refuse,3,190,
290786.201,refuse,2,189,
290797.635,refuse,3,190,
290801.201,refuse,2,189,
290812.635,refuse,3,190,
290816.201,refuse,2,189,
290827.635,refuse,3,190,
290831.201,refuse,2,189,
290842.635,refuse,3,190,
290846.201,refuse,2,189,
290857.635,refuse,3,190,
290861.201,refuse,2,189,
290872.635,refuse,3,190,
290876.201,refuse,2,189,
290887.635,refuse,3,190,
290891.201,refuse,2,189,
290902.635,refuse,3,190,
290906.201,refuse,2,189,
290917.635,refuse,3,190,
290921.201,refuse,2,189,
290932.635,refuse,3,190,
290936.201,refuse,2,189,
290947.635,refuse,3,190,
290951.201,refuse,2,189,
290962.635,refuse,3,190,
290966.201,refuse,2,189,
290977.635,refuse,3,190,
290981.201,refuse,2,189,
290992.635,refuse,3,190,
290996.201,refuse,2,189,
291007.635,refuse,3,190,
291011.201,refuse,2,189,
291022.635,refuse,3,190,
291026.201,refuse,2,189,
291037.635,refuse,3,190,
291041.201,refuse,2,189,
291052.635,refuse,3,190,
291056.201,refuse,2,189,
291067.635,refuse,3,190,
291071.128,conflict-at-land,0,155,
291071.201,start,2,189,
291081.376,conflict-at-land,2,189,
291082.635,start,3,190,
291086.128,refuse,0,155,
291089.521,conflict-at-land,3,190,
291096.376,start,2,189,
291101.128,refuse,0,155,
291104.521,refuse,3,190,
291107.563,conflict-at-land,2,189,
291116.128,start,0,155,
291119.521,refuse,3,190,
291122.563,refuse,2,189,
291134.521,refuse,3,190,
291137.563,refuse,2,189,
291149.521,refuse,3,190,
291152.563,refuse,2,189,
291164.521,refuse,3,190,
291167.563,refuse,2,189,
291179.521,refuse,3,190,
291182.563,refuse,2,189,
291194.521,refuse,3,190,
291197.563,refuse,2,189,
291209.521,refuse,3,190,
291212.563,refuse,2,189,
291224.521,refuse,3,190,
291227.563,refuse,2,189,
291239.521,refuse,3,190,
291242.563,refuse,2,189,
291254.521,refuse,3,190,
291257.563,refuse,2,189,
291269.521,refuse,3,190,
291272.563,refuse,2,189,
291284.521,refuse,3,190,
291287.563,refuse,2,189,
291299.521,refuse,3,190,
291302.563,refuse,2,189,
291314.521,refuse,3,190,
291317.563,refuse,2,189,
291329.521,refuse,3,190,
291332.563,refuse,2,189,
291344.521,refuse,3,190,
291347.563,refuse,2,189,
291359.521,refuse,3,190,
291362.563,refuse,2,189,
291362.563,abandon,2,189,
291362.563,start,2,191,
291374.521,refuse,3,190,
291389.521,refuse,3,190,
291404.521,refuse,3,190,
291419.521,refuse,3,190,
291434.521,refuse,3,190,
291449.521,refuse,3,190,
291464.521,refuse,3,190,
291479.521,refuse,3,190,
291484.329,land,2,191,
291484.329,start,2,192,
291490.027,land,2,192,
291490.027,start,2,193,
291494.521,refuse,3,190,
291509.521,refuse,3,190,
291511.088,conflict-at-land,2,193,
291524.521,refuse,3,190,
291526.088,start,2,193,
291539.521,refuse,3,190,
291543.478,conflict-at-land,2,193,
291554.521,refuse,3,190,
291558.478,start,2,193,
291569.521,refuse,3,190,
291580.717,conflict-at-land,2,193,
291584.521,refuse,3,190,
291595.717,start,2,193,
291599.521,refuse,3,190,
291614.521,refuse,3,190,
291616.201,conflict-at-land,2,193,
291629.521,refuse,3,190,
291629.521,abandon,3,190,
291629.521,start,3,194,
291631.201,start,2,193,
291635.427,land,3,194,
291635.427,refuse,3,195,
291650.427,refuse,3,195,
291654.553,conflict-at-land,2,193,
291665.427,start,3,195,
291669.553,refuse,2,193,
291684.553,refuse,2,193,
291686.181,land,3,195,
291686.181,start,3,196,
291693.125,land,3,196,
291693.125,start,3,197,
291698.976,land,3,197,
291698.976,start,3,198,
291699.553,refuse,2,193,
291714.553,refuse,2,193,
291720.671,land,3,198,
291720.671,start,3,199,
291729.553,refuse,2,193,
291744.553,refuse,2,193,
291749.704,land,3,199,
291759.553,start,2,193,
291776.043,conflict-at-land,2,193,
291791.043,start,2,193,
291814.231,conflict-at-land,2,193,
291829.231,start,2,193,
291843.37,conflict-at-land,2,193,
291858.37,start,2,193,
291875.346,conflict-at-land,2,193,
291890.346,start,2,193,
291908.938,conflict-at-land,2,193,
291923.938,start,2,193,
291940.784,conflict-at-land,2,193,
291955.784,start,2,193,
291969.349,conflict-at-land,2,193,
291984.349,start,2,193,
292000.375,conflict-at-land,2,193,
292015.375,start,2,193,
292033.763,conflict-at-land,2,193,
292048.763,start,2,193,
292068.707,conflict-at-land,2,193,
292083.707,start,2,193,
292103.103,conflict-at-land,2,193,
292118.103,start,2,193,
292131.286,conflict-at-land,2,193,
292146.286,start,2,193,
292165.516,conflict-at-land,2,193,
292180.516,start,2,193,
292195.441,conflict-at-land,2,193,
292210.441,start,2,193,
292233.331,conflict-at-land,2,193,
292248.331,start,2,193,
292266.831,conflict-at-land,2,193,
292281.831,start,2,193,
292295.126,conflict-at-land,2,193,
292310.126,start,2,193,
292327.934,conflict-at-land,2,193,
292342.934,start,2,193,
292360.21,conflict-at-land,2,193,
292375.21,start,2,193,
292391.527,conflict-at-land,2,193,
292406.527,start,2,193,
292424.783,conflict-at-land,2,193,
292439.783,start,2,193,
292461.771,conflict-at-land,2,193,
292476.771,start,2,193,
292496.191,conflict-at-land,2,193,
292511.191,start,2,193,
292530.862,conflict-at-land,2,193,
292545.862,start,2,193,
292561.352,conflict-at-land,2,193,
292576.352,start,2,193,
292595.043,conflict-at-land,2,193,
292610.043,start,2,193,
292630.587,conflict-at-land,2,193,
292632.079,conflict-at-land,0,155,
292645.587,start,2,193,
292647.079,start,0,155,
292660.752,conflict-at-land,2,193,
292675.752,start,2,193,
292697.053,conflict-at-land,2,193,
292712.053,start,2,193,
292728.426,conflict-at-land,2,193,
292743.426,start,2,193,
292758.684,conflict-at-land,2,193,
292773.684,start,2,193,
292787.322,conflict-at-land,2,193,
292802.322,start,2,193,
292821.413,conflict-at-land,2,193,
292836.413,start,2,193,
292858.397,conflict-at-land,2,193,
292873.397,start,2,193,
292892.658,conflict-at-land,2,193,
292907.658,start,2,193,
292922.201,conflict-at-land,2,193,
292937.201,start,2,193,
292951.314,conflict-at-land,2,193,
292966.314,start,2,193,
292983.876,conflict-at-land,2,193,
292998.876,start,2,193,
293017.241,conflict-at-land,2,193,
293032.241,start,2,193,
293054.18,conflict-at-land,2,193,
293069.18,start,2,193,
293083.785,conflict-at-land,2,193,
293098.785,start,2,193,
293116.489,conflict-at-land,2,193,
293131.489,start,2,193,
293152.567,conflict-at-land,2,193,
293167.567,start,2,193,
293181.884,conflict-at-land,2,193,
293196.884,start,2,193,
293211.023,conflict-at-land,2,193,
293226.023,start,2,193,
293246.602,conflict-at-land,2,193,
293261.602,start,2,193,
293275.184,conflict-at-land,2,193,
293290.184,start,2,193,
293307.349,conflict-at-land,2,193,
293322.349,start,2,193,
293342.254,conflict-at-land,2,193,
293357.254,start,2,193,
293372.486,conflict-at-land,2,193,
293387.486,start,2,193,
293408.174,conflict-at-land,2,193,
293423.174,start,2,193,
293446.179,conflict-at-land,2,193,
293461.179,start,2,193,
293479.528,conflict-at-land,2,193,
293494.528,start,2,193,
293508.7,conflict-at-land,2,193,
293523.7,start,2,193,
293543.315,conflict-at-land,2,193,
293558.315,start,2,193,
293577.209,conflict-at-land,2,193,
293592.209,start,2,193,
293613.1,conflict-at-land,2,193,
293628.1,start,2,193,
293647.87,conflict-at-land,2,193,
293662.87,start,2,193,
293683.301,conflict-at-land,2,193,
293698.301,start,2,193,
293718.291,conflict-at-land,2,193,
293733.291,start,2,193,
293751.647,conflict-at-land,2,193,
293766.647,start,2,193,
293787.432,conflict-at-land,2,193,
293802.432,start,2,193,
293815.429,conflict-at-land,2,193,
293830.429,start,2,193,
293851.464,conflict-at-land,2,193,
293866.464,start,2,193,
293889.861,conflict-at-land,2,193,
293904.861,start,2,193,
293923.215,conflict-at-land,2,193,
293938.215,start,2,193,
293958.912,conflict-at-land,2,193,
293973.912,start,2,193,
293991.546,conflict-at-land,2,193,
294006.546,start,2,193,
294024.54,conflict-at-land,2,193,
294039.54,start,2,193,
294054.965,conflict-at-land,2,193,
294069.965,start,2,193,
294085.151,conflict-at-land,2,193,
294100.151,start,2,193,
294120.322,conflict-at-land,2,193,
294135.322,start,2,193,
294157.665,conflict-at-land,2,193,
294172.665,start,2,193,
294190.831,conflict-at-land,2,193,
294205.831,start,2,193,
294226.276,conflict-at-land,2,193,
294241.276,start,2,193,
294256.135,conflict-at-land,2,193,
294271.135,start,2,193,
294285.173,conflict-at-land,2,193,
294300.173,start,2,193,
294321.731,conflict-at-land,2,193,
294336.731,start,2,193,
294352.494,conflict-at-land,2,193,
294367.494,start,2,193,
294381.65,conflict-at-land,2,193,
294396.65,start,2,193,
294409.694,conflict-at-land,2,193,
294424.694,start,2,193,
294445.275,conflict-at-land,2,193,
294460.275,start,2,193,
294482.35,conflict-at-land,2,193,
294497.35,start,2,193,
294510.713,conflict-at-land,2,193,
294525.713,start,2,193,
294543.217,conflict-at-land,2,193,
294558.217,start,2,193,
294575.88,conflict-at-land,2,193,
294590.88,start,2,193,
294613.234,conflict-at-land,2,193,
294628.234,start,2,193,
294642.238,conflict-at-land,2,193,
294657.238,start,2,193,
294679.195,conflict-at-land,2,193,
294694.195,start,2,193,
294716.203,conflict-at-land,2,193,
294731.203,start,2,193,
294745.575,conflict-at-land,2,193,
294760.575,start,2,193,
294783.639,conflict-at-land,2,193,
294798.639,start,2,193,
294809.811,conflict-at-land,0,155,
294814.005,conflict-at-land,2,193,
294824.811,start,0,155,
294829.005,start,2,193,
294850.153,conflict-at-land,2,193,
294865.153,start,2,193,
294886.206,conflict-at-land,2,193,
294901.206,start,2,193,
294920.472,conflict-at-land,2,193,
294935.472,start,2,193,
294956.619,conflict-at-land,2,193,
294971.619,start,2,193,
294985.282,conflict-at-land,2,193,
295000.282,start,2,193,
295022.756,conflict-at-land,2,193,
295037.756,start,2,193,
295055.475,conflict-at-land,2,193,
295070.475,start,2,193,
295089.813,conflict-at-land,2,193,
295104.813,start,2,193,
295123.834,conflict-at-land,2,193,
295138.834,start,2,193,
295158.288,conflict-at-land,2,193,
295173.288,start,2,193,
295192.819,conflict-at-land,2,193,
295207.819,start,2,193,
295230.425,conflict-at-land,2,193,
295245.425,start,2,193,
295268.717,conflict-at-land,2,193,
295283.717,start,2,193,
295299.69,conflict-at-land,2,193,
295314.69,start,2,193,
295328.858,conflict-at-land,2,193,
295343.858,start,2,193,
295366.332,conflict-at-land,2,193,
295381.332,start,2,193,
295399.694,conflict-at-land,2,193,
295414.694,start,2,193,
295434.516,conflict-at-land,2,193,
295449.516,start,2,193,
295465.063,conflict-at-land,2,193,
295480.063,start,2,193,
295493.821,conflict-at-land,2,193,
295508.821,start,2,193,
295524.174,conflict-at-land,2,193,
295539.174,start,2,193,
295552.844,conflict-at-land,2,193,
295567.844,start,2,193,
295590.487,conflict-at-land,2,193,
295605.487,start,2,193,
295626.312,conflict-at-land,2,193,
295641.312,start,2,193,
295663.391,conflict-at-land,2,193,
295678.391,start,2,193,
295696.355,conflict-at-land,2,193,
295711.355,start,2,193,
295731.835,conflict-at-land,2,193,
295746.835,start,2,193,
295766.324,conflict-at-land,2,193,
295781.324,start,2,193,
295800.785,conflict-at-land,2,193,
295815.785,start,2,193,
295829.691,conflict-at-land,2,193,
295844.691,start,2,193,
295858.53,conflict-at-land,2,193,
295873.53,start,2,193,
295890.415,conflict-at-land,2,193,
295905.415,start,2,193,
295918.865,conflict-at-land,2,193,
295933.865,start,2,193,
295949.295,conflict-at-land,2,193,
295964.295,start,2,193,
295984.453,conflict-at-land,2,193,
295999.453,start,2,193,
296013.246,conflict-at-land,2,193,
296028.246,start,2,193,
296048.265,conflict-at-land,2,193,
296063.265,start,2,193,
296083.538,conflict-at-land,2,193,
296098.538,start,2,193,
296117.331,conflict-at-land,2,193,
296132.331,start,2,193,
296145.231,conflict-at-land,2,193,
296160.231,start,2,193,
296181.201,conflict-at-land,2,193,
296196.201,start,2,193,
296210.111,conflict-at-land,2,193,
296225.111,start,2,193,
296242.651,conflict-at-land,2,193,
296257.651,start,2,193,
296278.205,conflict-at-land,2,193,
296293.205,start,2,193,
296306.24,conflict-at-land,2,193,
296321.24,start,2,193,
296342.13,conflict-at-land,2,193,
296357.13,start,2,193,
296372.844,conflict-at-land,2,193,
296387.844,start,2,193,
296401.015,conflict-at-land,2,193,
296416.015,start,2,193,
296429.508,conflict-at-land,2,193,
296444.508,start,2,193,
296467.451,conflict-at-land,2,193,
296482.451,start,2,193,
296500.828,conflict-at-land,2,193,
296515.828,start,2,193,
296532.381,conflict-at-land,2,193,
296547.381,start,2,193,
296568.0,conflict-at-land,2,193,
296583.0,start,2,193,
296604.063,conflict-at-land,2,193,
296619.063,start,2,193,
296637.124,conflict-at-land,2,193,
296652.124,start,2,193,
296658.765,conflict-at-land,0,155,
296673.765,start,0,155,
296674.064,conflict-at-land,2,193,
296689.064,start,2,193,
296711.437,conflict-at-land,2,193,
296726.437,start,2,193,
296745.448,conflict-at-land,2,193,
296760.448,start,2,193,
296774.9,conflict-at-land,2,193,
296789.9,start,2,193,
296803.562,conflict-at-land,2,193,
296818.562,start,2,193,
296838.61,conflict-at-land,2,193,
296853.61,start,2,193,
296873.92,conflict-at-land,2,193,
296888.92,start,2,193,
296910.711,conflict-at-land,2,193,
296925.711,start,2,193,
296948.082,conflict-at-land,2,193,
296963.082,start,2,193,
296978.926,conflict-at-land,2,193,
296993.926,start,2,193,
297008.102,conflict-at-land,2,193,
297023.102,start,2,193,
297038.917,conflict-at-land,2,193,
297053.917,start,2,193,
297068.535,conflict-at-land,2,193,
297083.535,start,2,193,
297103.507,conflict-at-land,2,193,
297118.507,start,2,193,
297140.575,conflict-at-land,2,193,
297155.575,start,2,193,
297178.705,conflict-at-land,2,193,
297193.705,start,2,193,
297206.444,conflict-at-land,2,193,
297221.444,start,2,193,
297237.857,conflict-at-land,2,193,
297252.857,start,2,193,
297273.439,conflict-at-land,2,193,
297288.439,start,2,193,
297303.492,conflict-at-land,2,193,
297318.492,start,2,193,
297332.84,conflict-at-land,2,193,
297347.84,start,2,193,
297361.153,conflict-at-land,2,193,
297376.153,start,2,193,
297392.093,conflict-at-land,2,193,
297407.093,start,2,193,
297424.386,conflict-at-land,2,193,
297439.386,start,2,193,
297452.089,conflict-at-land,2,193,
297467.089,start,2,193,
297483.759,conflict-at-land,2,193,
297498.759,start,2,193,
297520.264,conflict-at-land,2,193,
297535.264,start,2,193,
297547.892,conflict-at-land,2,193,
297562.892,start,2,193,
297579.387,conflict-at-land,2,193,
297594.387,start,2,193,
297607.662,conflict-at-land,2,193,
297622.662,start,2,193,
297640.726,conflict-at-land,2,193,
297655.726,start,2,193,
297674.17,conflict-at-land,2,193,
297689.17,start,2,193,
297710.087,conflict-at-land,2,193,
297725.087,start,2,193,
297747.226,conflict-at-land,2,193,
297762.226,start,2,193,
297775.018,conflict-at-land,2,193,
297790.018,start,2,193,
297803.707,conflict-at-land,2,193,
297818.707,start,2,193,
297839.419,conflict-at-land,2,193,
297854.419,start,2,193,
297873.473,conflict-at-land,2,193,
297888.473,start,2,193,
297905.813,conflict-at-land,2,193,
297920.813,start,2,193,
297940.62,conflict-at-land,2,193,
297955.62,start,2,193,
297971.565,conflict-at-land,2,193,
297986.565,start,2,193,
298007.281,conflict-at-land,2,193,
298007.281,abandon,2,193,
298792.655,conflict-at-land,0,155,
298807.655,start,0,155,
299210.937,conflict-at-land,1,8,
299225.937,start,1,8,
300539.503,conflict-at-land,0,155,
300554.503,start,0,155,
302032.53,conflict-at-land,0,155,
302047.53,start,0,155,
304072.921,conflict-at-land,0,155,
304087.921,start,0,155,
305867.014,conflict-at-land,0,155,
305882.014,start,0,155,
307376.224,conflict-at-land,0,155,
307391.224,start,0,155,
309458.572,conflict-at-land,0,155,
309473.572,start,0,155,
311574.831,conflict-at-land,0,155,
311589.831,start,0,155,
312921.887,conflict-at-land,0,155,
312936.887,start,0,155,
315201.112,conflict-at-land,0,155,
315216.112,start,0,155,
316784.681,conflict-at-land,0,155,
316799.681,start,0,155,
318182.125,conflict-at-land,0,155,
318197.125,start,0,155,
319901.477,conflict-at-land,0,155,
319916.477,start,0,155,
321530.785,conflict-at-land,0,155,
321545.785,start,0,155,
323681.874,conflict-at-land,0,155,
323696.874,start,0,155,
324996.759,conflict-at-land,0,155,
325011.759,start,0,155,
327135.273,conflict-at-land,0,155,
327150.273,start,0,155,
329071.886,conflict-at-land,0,155,
329086.886,start,0,155,
330714.515,conflict-at-land,0,155,
330729.515,start,0,155,
332462.172,conflict-at-land,0,155,
332477.172,start,0,155,
334214.141,conflict-at-land,0,155,
334229.141,start,0,155,
334687.166,conflict-at-land,1,8,
334702.166,start,1,8,
335555.568,conflict-at-land,0,155,
335570.568,start,0,155,
337816.768,conflict-at-land,0,155,
337831.768,start,0,155,
339634.527,conflict-at-land,0,155,
339649.527,start,0,155,
341419.847,conflict-at-land,0,155,
341434.847,start,0,155,
342876.912,conflict-at-land,0,155,
342891.912,start,0,155,
344587.26,conflict-at-land,0,155,
344602.26,start,0,155,
346019.758,conflict-at-land,0,155,
346034.758,start,0,155,
348313.428,conflict-at-land,0,155,
348328.428,start,0,155,
350592.883,conflict-at-land,0,155,
350607.883,start,0,155,
352131.777,conflict-at-land,0,155,
352146.777,start,0,155,
353610.339,conflict-at-land,0,155,
353625.339,start,0,155,
355265.693,conflict-at-land,0,155,
355280.693,start,0,155,
357533.157,conflict-at-land,0,155,
357548.157,start,0,155,
359137.871,conflict-at-land,0,155,
359152.871,start,0,155,
360288.188,conflict-at-land,1,8,
360303.188,start,1,8,
360786.432,conflict-at-land,0,155,
360801.432,start,0,155,
362723.43,conflict-at-land,0,155,
362738.43,start,0,155,
364007.474,conflict-at-land,0,155,
364022.474,start,0,155,
365555.418,conflict-at-land,0,155,
365570.418,start,0,155,
367349.802,conflict-at-land,0,155,
367364.802,start,0,155,
368904.916,conflict-at-land,0,155,
368919.916,start,0,155,
370603.349,conflict-at-land,0,155,
370618.349,start,0,155,
371903.197,conflict-at-land,0,155,
371918.197,start,0,155,
373153.623,conflict-at-land,0,155,
373168.623,start,0,155,
374497.657,conflict-at-land,0,155,
374512.657,start,0,155,
375889.882,conflict-at-land,0,155,
375904.882,start,0,155,
377729.938,conflict-at-land,0,155,
377744.938,start,0,155,
379206.576,conflict-at-land,0,155,
379221.576,start,0,155,
380508.028,conflict-at-land,0,155,
380523.028,start,0,155,
382713.74,conflict-at-land,0,155,
382728.74,start,0,155,
384595.202,conflict-at-land,0,155,
384610.202,start,0,155,
385876.976,conflict-at-land,0,155,
385891.976,start,0,155,
387977.514,conflict-at-land,0,155,
387992.514,start,0,155,
389630.79,conflict-at-land,0,155,
389645.79,start,0,155,
391065.902,conflict-at-land,0,155,
391080.902,start,0,155,
392702.145,conflict-at-land,0,155,
392717.145,start,0,155,
394871.888,conflict-at-land,0,155,
394886.888,start,0,155,
396580.179,conflict-at-land,1,8,
396595.179,start,1,8,
397150.12,conflict-at-land,0,155,
397165.12,start,0,155,
398928.129,conflict-at-land,0,155,
398943.129,start,0,155,
400425.966,conflict-at-land,0,155,
400440.966,start,0,155,
402730.753,conflict-at-land,0,155,
402745.753,start,0,155,
404477.607,conflict-at-land,0,155,
404492.607,start,0,155,
405979.004,conflict-at-land,0,155,
405994.004,start,0,155,
407422.828,conflict-at-land,0,155,
407437.828,start,0,155,
408891.001,conflict-at-land,0,155,
408906.001,start,0,155,
410641.782,conflict-at-land,0,155,
410656.782,start,0,155,
412777.457,conflict-at-land,0,155,
412792.457,start,0,155,
414532.039,conflict-at-land,0,155,
414547.039,start,0,155,
415848.857,conflict-at-land,0,155,
415863.857,start,0,155,
417521.033,conflict-at-land,0,155,
417536.033,start,0,155,
419708.07,conflict-at-land,0,155,
419723.07,start,0,155,
421202.876,conflict-at-land,0,155,
421217.876,start,0,155,
422458.926,conflict-at-land,0,155,
422473.926,start,0,155,
424354.199,conflict-at-land,0,155,
424369.199,start,0,155,
426420.662,conflict-at-land,0,155,
426435.662,start,0,155,
428125.129,conflict-at-land,0,155,
428140.129,start,0,155,
429700.075,conflict-at-land,0,155,
429715.075,start,0,155,
431263.04,conflict-at-land,0,155,
431278.04,start,0,155,
432581.424,conflict-at-land,0,155,
432596.424,start,0,155,
433851.167,conflict-at-land,1,8,
433866.167,start,1,8,
434569.74,conflict-at-land,0,155,
434584.74,start,0,155,
436224.736,conflict-at-land,0,155,
436239.736,start,0,155,
438200.409,conflict-at-land,0,155,
438215.409,start,0,155,
440313.181,conflict-at-land,0,155,
440328.181,start,0,155,
441944.606,conflict-at-land,0,155,
441959.606,start,0,155,
443579.58,conflict-at-land,0,155,
443594.58,start,0,155,
445247.936,conflict-at-land,0,155,
445262.936,start,0,155,
446792.614,conflict-at-land,0,155,
446807.614,start,0,155,
448965.358,conflict-at-land,0,155,
448980.358,start,0,155,
450707.872,conflict-at-land,0,155,
450722.872,start,0,155,
452074.52,conflict-at-land,0,155,
452089.52,start,0,155,
454062.898,conflict-at-land,0,155,
454077.898,start,0,155,
455988.435,conflict-at-land,0,155,
456003.435,start,0,155,
457940.449,conflict-at-land,0,155,
457955.449,start,0,155,
459957.125,conflict-at-land,0,155,
459972.125,start,0,155,
462061.864,conflict-at-land,0,155,
462076.864,start,0,155,
463516.258,conflict-at-land,0,155,
463531.258,start,0,155,
464838.525,conflict-at-land,0,155,
464853.525,start,0,155,
466844.783,conflict-at-land,0,155,
466859.783,start,0,155,
468685.886,conflict-at-land,1,8,
468700.886,start,1,8,
468898.463,conflict-at-land,0,155,
468913.463,start,0,155,
470620.825,conflict-at-land,0,155,
470635.825,start,0,155,
472266.183,conflict-at-land,0,155,
472281.183,start,0,155,
473958.148,conflict-at-land,0,155,
473973.148,start,0,155,
475648.467,conflict-at-land,0,155,
475663.467,start,0,155,
477449.335,conflict-at-land,0,155,
477464.335,start,0,155,
479346.382,conflict-at-land,0,155,
479361.382,start,0,155,
481248.028,conflict-at-land,0,155,
481263.028,start,0,155,
483070.921,conflict-at-land,0,155,
483085.921,start,0,155,
484942.939,conflict-at-land,0,155,
484957.939,start,0,155,
486371.5,conflict-at-land,0,155,
486386.5,start,0,155,
488519.815,conflict-at-land,0,155,
488534.815,start,0,155,
490797.121,conflict-at-land,0,155,
490812.121,start,0,155,
492417.045,conflict-at-land,0,155,
492432.045,start,0,155,
493597.632,conflict-at-land,1,8,
493612.632,start,1,8,
493849.309,conflict-at-land,0,155,
493864.309,start,0,155,
495181.651,conflict-at-land,0,155,
495196.651,start,0,155,
497149.326,conflict-at-land,0,155,
497164.326,start,0,155,
498509.23,conflict-at-land,0,155,
498524.23,start,0,155,
500679.609,conflict-at-land,0,155,
500679.609,abandon,0,155,
518934.587,conflict-at-land,1,8,
518949.587,start,1,8,
542409.967,conflict-at-land,1,8,
542424.967,start,1,8,
582521.601,conflict-at-land,1,8,
582536.601,start,1,8,
617073.486,conflict-at-land,1,8,
617088.486,start,1,8,
655946.848,conflict-at-land,1,8,
655961.848,start,1,8,
684700.815,conflict-at-land,1,8,
684715.815,start,1,8,
723934.442,conflict-at-land,1,8,
723949.442,start,1,8,
756711.691,conflict-at-land,1,8,
756726.691,start,1,8,
797487.304,conflict-at-land,1,8,
797502.304,start,1,8,
839097.647,conflict-at-land,1,8,
839112.647,start,1,8,
869646.859,conflict-at-land,1,8,
869661.859,start,1,8,
902101.852,conflict-at-land,1,8,
902116.852,start,1,8,
943794.26,conflict-at-land,1,8,
943809.26,start,1,8,
984227.893,conflict-at-land,1,8,
984242.893,start,1,8,
1023829.159,conflict-at-land,1,8,
1023844.159,start,1,8,
1050832.105,conflict-at-land,1,8,
1050847.105,start,1,8,
1076977.689,conflict-at-land,1,8,
1076992.689,start,1,8,
1111236.413,conflict-at-land,1,8,
1111251.413,start,1,8,
1143560.616,conflict-at-land,1,8,
1143575.616,start,1,8,
1168010.444,conflict-at-land,1,8,
1168025.444,start,1,8,
1207755.452,conflict-at-land,1,8,
1207770.452,start,1,8,
1231435.139,conflict-at-land,1,8,
1231450.139,start,1,8,
1261019.142,conflict-at-land,1,8,
1261034.142,start,1,8,
1296364.967,conflict-at-land,1,8,
1296379.967,start,1,8,
1325554.594,conflict-at-land,1,8,
1325569.594,start,1,8,
1349114.903,conflict-at-land,1,8,
1349129.903,start,1,8,
1377834.941,conflict-at-land,1,8,
1377849.941,start,1,8,
1412898.727,conflict-at-land,1,8,
1412913.727,start,1,8,
1438929.39,conflict-at-land,1,8,
1438944.39,start,1,8,
1471466.02,conflict-at-land,1,8,
1471481.02,start,1,8,
1501805.945,conflict-at-land,1,8,
1501820.945,start,1,8,
1542515.765,conflict-at-land,1,8,
1542530.765,start,1,8,
1578935.407,conflict-at-land,1,8,
1578950.407,start,1,8,
1606582.489,conflict-at-land,1,8,
1606597.489,start,1,8,
1630453.929,conflict-at-land,1,8,
1630468.929,start,1,8,
1664262.719,conflict-at-land,1,8,
1664277.719,start,1,8,
1700150.093,conflict-at-land,1,8,
1700165.093,start,1,8,
1727535.877,conflict-at-land,1,8,
1727550.877,start,1,8,
1755587.523,conflict-at-land,1,8,
1755602.523,start,1,8,
1786728.932,conflict-at-land,1,8,
1786743.932,start,1,8,
1818043.075,conflict-at-land,1,8,
1818058.075,start,1,8,
1847763.345,conflict-at-land,1,8,
1847778.345,start,1,8,
1888408.685,conflict-at-land,1,8,
1888423.685,start,1,8,
1917845.918,conflict-at-land,1,8,
1917860.918,start,1,8,
1945656.109,conflict-at-land,1,8,
1945671.109,start,1,8,
1969639.35,conflict-at-land,1,8,
1969654.35,start,1,8,
2011062.956,conflict-at-land,1,8,
2011077.956,start,1,8,
2052441.185,conflict-at-land,1,8,
2052456.185,start,1,8,
2088823.766,conflict-at-land,1,8,
2088838.766,start,1,8,
2125172.375,conflict-at-land,1,8,
2125187.375,start,1,8,
2162590.379,conflict-at-land,1,8,
2162605.379,start,1,8,
2204310.486,conflict-at-land,1,8,
2204325.486,start,1,8,
2241071.465,conflict-at-land,1,8,
2241086.465,start,1,8,
2267532.991,conflict-at-land,1,8,
2267547.991,start,1,8,
2290602.131,conflict-at-land,1,8,
2290617.131,start,1,8,
2329950.387,conflict-at-land,1,8,
2329965.387,start,1,8,
2368206.785,conflict-at-land,1,8,
2368221.785,start,1,8,
2401348.499,conflict-at-land,1,8,
2401363.499,start,1,8,
2435270.192,conflict-at-land,1,8,
2435285.192,start,1,8,
2459237.431,conflict-at-land,1,8,
2459252.431,start,1,8,
2492420.648,conflict-at-land,1,8,
2492435.648,start,1,8,
2528476.664,conflict-at-land,1,8,
2528491.664,start,1,8,
2561435.299,conflict-at-land,1,8,
2561450.299,start,1,8,
2603246.003,conflict-at-land,1,8,
2603261.003,start,1,8,
2637887.517,conflict-at-land,1,8,
2637902.517,start,1,8,
2666601.029,conflict-at-land,1,8,
2666616.029,start,1,8,
2697822.173,conflict-at-land,1,8,
2697837.173,start,1,8,
2734682.83,conflict-at-land,1,8,
2734697.83,start,1,8,
2759314.684,conflict-at-land,1,8,
2759329.684,start,1,8,
2789553.498,conflict-at-land,1,8,
2789568.498,start,1,8,
2829644.417,conflict-at-land,1,8,
2829659.417,start,1,8,
2863468.048,conflict-at-land,1,8,
2863483.048,start,1,8,
2888904.786,conflict-at-land,1,8,
2888919.786,start,1,8,
2922009.854,conflict-at-land,1,8,
2922024.854,start,1,8,
2955251.026,conflict-at-land,1,8,
2955266.026,start,1,8,
2980215.512,conflict-at-land,1,8,
2980230.512,start,1,8,
3009125.132,conflict-at-land,1,8,
3009140.132,start,1,8,
3049745.505,conflict-at-land,1,8,
3049760.505,start,1,8,
3090445.261,conflict-at-land,1,8,
3090460.261,start,1,8,
3117125.803,conflict-at-land,1,8,
3117140.803,start,1,8,
3139969.973,conflict-at-land,1,8,
3139984.973,start,1,8,
3171573.695,conflict-at-land,1,8,
3171588.695,start,1,8,
3197213.606,conflict-at-land,1,8,
3197228.606,start,1,8,
3230478.556,conflict-at-land,1,8,
3230493.556,start,1,8,
3259313.843,conflict-at-land,1,8,
3259328.843,start,1,8,
3298340.014,conflict-at-land,1,8,
3298355.014,start,1,8,
3335328.456,conflict-at-land,1,8,
3335343.456,start,1,8,
3362301.735,conflict-at-land,1,8,
3362316.735,start,1,8,
3391967.81,conflict-at-land,1,8,
3391967.81,abandon,1,8,
